Timestamp,Metric,Average
2026-07-31T12:02:00+00:00,CPUUtilization,11.637333333333334
2026-07-31T12:07:00+00:00,CPUUtilization,10.440333333333333
2026-07-31T12:12:00+00:00,CPUUtilization,10.068999999999999
2026-07-31T12:17:00+00:00,CPUUtilization,10.144666666666666
2026-07-31T12:22:00+00:00,CPUUtilization,9.978666666666665
2026-07-31T12:27:00+00:00,CPUUtilization,9.976
2026-07-31T12:32:00+00:00,CPUUtilization,10.054666666666666
2026-07-31T12:37:00+00:00,CPUUtilization,9.960999999999999
2026-07-31T12:42:00+00:00,CPUUtilization,9.979333333333333
2026-07-31T12:47:00+00:00,CPUUtilization,10.055666666666667
2026-07-31T12:52:00+00:00,CPUUtilization,9.949666666666667
2026-07-31T12:57:00+00:00,CPUUtilization,9.938
2026-07-31T13:02:00+00:00,CPUUtilization,10.013666666666666
2026-07-31T13:07:00+00:00,CPUUtilization,9.985333333333333
2026-07-31T13:12:00+00:00,CPUUtilization,9.975999999999999
2026-07-31T13:17:00+00:00,CPUUtilization,10.020333333333332
2026-07-31T13:22:00+00:00,CPUUtilization,9.973
2026-07-31T13:27:00+00:00,CPUUtilization,9.956
2026-07-31T13:32:00+00:00,CPUUtilization,10.028666666666668
2026-07-31T13:37:00+00:00,CPUUtilization,9.978666666666665
2026-07-31T13:42:00+00:00,CPUUtilization,9.951
2026-07-31T13:47:00+00:00,CPUUtilization,10.039666666666667
2026-07-31T13:52:00+00:00,CPUUtilization,9.959666666666667
2026-07-31T13:57:00+00:00,CPUUtilization,9.966
2026-07-31T14:02:00+00:00,CPUUtilization,10.045666666666666
2026-07-31T14:07:00+00:00,CPUUtilization,9.975666666666665
2026-07-31T14:12:00+00:00,CPUUtilization,9.944666666666667
2026-07-31T14:17:00+00:00,CPUUtilization,10.011333333333333
2026-07-31T14:22:00+00:00,CPUUtilization,9.939666666666666
2026-07-31T14:27:00+00:00,CPUUtilization,9.984
2026-07-31T14:32:00+00:00,CPUUtilization,10.000333333333334
2026-07-31T14:37:00+00:00,CPUUtilization,10.003
2026-07-31T14:42:00+00:00,CPUUtilization,9.947999999999999
2026-07-31T14:47:00+00:00,CPUUtilization,10.018666666666666
2026-07-31T14:52:00+00:00,CPUUtilization,9.970333333333333
2026-07-31T14:57:00+00:00,CPUUtilization,9.962
2026-07-31T15:02:00+00:00,CPUUtilization,10.012
2026-07-31T15:07:00+00:00,CPUUtilization,10.000333333333334
2026-07-31T15:12:00+00:00,CPUUtilization,9.938999999999998
2026-07-31T15:17:00+00:00,CPUUtilization,10.021333333333333
2026-07-31T15:22:00+00:00,CPUUtilization,9.931333333333333
2026-07-31T15:27:00+00:00,CPUUtilization,9.969666666666667
2026-07-31T15:32:00+00:00,CPUUtilization,10.021666666666667
2026-07-31T15:37:00+00:00,CPUUtilization,9.975333333333332
2026-07-31T15:42:00+00:00,CPUUtilization,9.969
2026-07-31T15:47:00+00:00,CPUUtilization,10.016
2026-07-31T15:52:00+00:00,CPUUtilization,9.957333333333334
2026-07-31T15:57:00+00:00,CPUUtilization,9.921333333333333
2026-07-31T16:02:00+00:00,CPUUtilization,10.043000000000001
2026-07-31T16:07:00+00:00,CPUUtilization,9.965333333333334
2026-07-31T16:12:00+00:00,CPUUtilization,9.946000000000002
2026-07-31T16:17:00+00:00,CPUUtilization,9.998999999999999
2026-07-31T16:22:00+00:00,CPUUtilization,9.973666666666668
2026-07-31T16:27:00+00:00,CPUUtilization,9.967333333333332
2026-07-31T16:32:00+00:00,CPUUtilization,10.056000000000001
2026-07-31T16:37:00+00:00,CPUUtilization,9.955666666666668
2026-07-31T16:42:00+00:00,CPUUtilization,9.985
2026-07-31T16:47:00+00:00,CPUUtilization,10.103666666666665
2026-07-31T16:52:00+00:00,CPUUtilization,10.046333333333333
2026-07-31T16:57:00+00:00,CPUUtilization,10.036999999999997
2026-07-31T17:02:00+00:00,CPUUtilization,10.074666666666667
2026-07-31T17:07:00+00:00,CPUUtilization,10.016333333333332
2026-07-31T17:12:00+00:00,CPUUtilization,9.975333333333333
2026-07-31T17:17:00+00:00,CPUUtilization,10.047333333333333
2026-07-31T17:22:00+00:00,CPUUtilization,9.981333333333334
2026-07-31T17:27:00+00:00,CPUUtilization,9.943
2026-07-31T17:32:00+00:00,CPUUtilization,10.038666666666666
2026-07-31T17:37:00+00:00,CPUUtilization,9.952333333333332
2026-07-31T17:42:00+00:00,CPUUtilization,10.015333333333334
2026-07-31T17:47:00+00:00,CPUUtilization,10.254333333333333
2026-07-31T17:52:00+00:00,CPUUtilization,10.070333333333334
2026-07-31T17:57:00+00:00,CPUUtilization,10.223
2026-07-31T18:02:00+00:00,CPUUtilization,10.256
2026-07-31T18:07:00+00:00,CPUUtilization,10.088
2026-07-31T18:12:00+00:00,CPUUtilization,10.10533333333333
2026-07-31T18:17:00+00:00,CPUUtilization,10.101666666666667
2026-07-31T18:22:00+00:00,CPUUtilization,10.035666666666668
2026-07-31T18:27:00+00:00,CPUUtilization,9.998666666666667
2026-07-31T18:32:00+00:00,CPUUtilization,10.100666666666665
2026-07-31T18:37:00+00:00,CPUUtilization,9.979
2026-07-31T18:42:00+00:00,CPUUtilization,9.926333333333332
2026-07-31T18:47:00+00:00,CPUUtilization,10.004666666666665
2026-07-31T18:52:00+00:00,CPUUtilization,10.104
2026-07-31T18:57:00+00:00,CPUUtilization,10.574333333333332
2026-07-31T19:02:00+00:00,CPUUtilization,10.182666666666666
2026-07-31T19:07:00+00:00,CPUUtilization,10.101333333333333
2026-07-31T19:12:00+00:00,CPUUtilization,10.118333333333334
2026-07-31T19:17:00+00:00,CPUUtilization,10.167666666666666
2026-07-31T19:22:00+00:00,CPUUtilization,10.100666666666665
2026-07-31T19:27:00+00:00,CPUUtilization,10.078
2026-07-31T19:32:00+00:00,CPUUtilization,10.139333333333331
2026-07-31T19:37:00+00:00,CPUUtilization,10.035666666666668
2026-07-31T19:42:00+00:00,CPUUtilization,10.070333333333334
2026-07-31T19:47:00+00:00,CPUUtilization,10.147
2026-07-31T19:52:00+00:00,CPUUtilization,10.040333333333333
2026-07-31T19:57:00+00:00,CPUUtilization,10.024
2026-07-31T20:02:00+00:00,CPUUtilization,10.056000000000001
2026-07-31T20:07:00+00:00,CPUUtilization,10.015999999999998
2026-07-31T20:12:00+00:00,CPUUtilization,10.023666666666667
2026-07-31T20:17:00+00:00,CPUUtilization,9.942666666666668
2026-07-31T20:22:00+00:00,CPUUtilization,10.033666666666665
2026-07-31T20:27:00+00:00,CPUUtilization,9.936666666666667
2026-07-31T20:32:00+00:00,CPUUtilization,9.947666666666667
2026-07-31T20:37:00+00:00,CPUUtilization,10.369666666666665
2026-07-31T20:42:00+00:00,CPUUtilization,10.069666666666667
2026-07-31T20:47:00+00:00,CPUUtilization,10.699666666666667
2026-07-31T20:52:00+00:00,CPUUtilization,10.205333333333332
2026-07-31T20:57:00+00:00,CPUUtilization,10.084666666666667
2026-07-31T21:02:00+00:00,CPUUtilization,10.082
2026-07-31T21:07:00+00:00,CPUUtilization,10.090333333333334
2026-07-31T21:12:00+00:00,CPUUtilization,10.082999999999998
2026-07-31T21:17:00+00:00,CPUUtilization,10.059666666666669
2026-07-31T21:22:00+00:00,CPUUtilization,10.118666666666666
2026-07-31T21:27:00+00:00,CPUUtilization,10.066333333333334
2026-07-31T21:32:00+00:00,CPUUtilization,10.019666666666666
2026-07-31T21:37:00+00:00,CPUUtilization,10.064666666666668
2026-07-31T21:42:00+00:00,CPUUtilization,9.980333333333332
2026-07-31T21:47:00+00:00,CPUUtilization,10.015333333333334
2026-07-31T21:52:00+00:00,CPUUtilization,10.045333333333335
2026-07-31T21:57:00+00:00,CPUUtilization,10.003
2026-07-31T22:02:00+00:00,CPUUtilization,9.996666666666666
2026-07-31T22:07:00+00:00,CPUUtilization,10.047666666666666
2026-07-31T22:12:00+00:00,CPUUtilization,9.990333333333334
2026-07-31T22:17:00+00:00,CPUUtilization,10.000333333333334
2026-07-31T22:22:00+00:00,CPUUtilization,10.042666666666666
2026-07-31T22:27:00+00:00,CPUUtilization,9.983666666666666
2026-07-31T22:32:00+00:00,CPUUtilization,9.943999999999999
2026-07-31T22:37:00+00:00,CPUUtilization,10.073666666666666
2026-07-31T22:42:00+00:00,CPUUtilization,9.944666666666667
2026-07-31T22:47:00+00:00,CPUUtilization,9.964666666666666
2026-07-31T22:52:00+00:00,CPUUtilization,10.011333333333333
2026-07-31T22:57:00+00:00,CPUUtilization,9.944666666666667
2026-07-31T23:02:00+00:00,CPUUtilization,9.940666666666667
2026-07-31T23:07:00+00:00,CPUUtilization,10.043
2026-07-31T23:12:00+00:00,CPUUtilization,9.916
2026-07-31T23:17:00+00:00,CPUUtilization,9.997333333333334
2026-07-31T23:22:00+00:00,CPUUtilization,10.016333333333334
2026-07-31T23:27:00+00:00,CPUUtilization,9.973666666666666
2026-07-31T23:32:00+00:00,CPUUtilization,9.944666666666667
2026-07-31T23:37:00+00:00,CPUUtilization,10.024666666666667
2026-07-31T23:42:00+00:00,CPUUtilization,10.085666666666667
2026-07-31T23:47:00+00:00,CPUUtilization,9.941333333333333
2026-07-31T23:52:00+00:00,CPUUtilization,9.971
2026-07-31T23:57:00+00:00,CPUUtilization,9.995333333333335
2026-08-01T00:02:00+00:00,CPUUtilization,9.958
2026-08-01T00:07:00+00:00,CPUUtilization,10.007666666666665
2026-08-01T00:12:00+00:00,CPUUtilization,9.939333333333332
2026-08-01T00:17:00+00:00,CPUUtilization,10.042666666666666
2026-08-01T00:22:00+00:00,CPUUtilization,10.032333333333334
2026-08-01T00:27:00+00:00,CPUUtilization,9.990333333333332
2026-08-01T00:32:00+00:00,CPUUtilization,9.964
2026-08-01T00:37:00+00:00,CPUUtilization,10.077666666666666
2026-08-01T00:42:00+00:00,CPUUtilization,9.986333333333333
2026-08-01T00:47:00+00:00,CPUUtilization,9.996999999999998
2026-08-01T00:52:00+00:00,CPUUtilization,10.033
2026-08-01T00:57:00+00:00,CPUUtilization,9.992666666666667
2026-08-01T01:02:00+00:00,CPUUtilization,9.939333333333332
2026-08-01T01:07:00+00:00,CPUUtilization,10.068
2026-08-01T01:12:00+00:00,CPUUtilization,9.98633333333333
2026-08-01T01:17:00+00:00,CPUUtilization,9.994666666666665
2026-08-01T01:22:00+00:00,CPUUtilization,10.015333333333334
2026-08-01T01:27:00+00:00,CPUUtilization,9.961
2026-08-01T01:32:00+00:00,CPUUtilization,9.956999999999999
2026-08-01T01:37:00+00:00,CPUUtilization,10.029666666666667
2026-08-01T01:42:00+00:00,CPUUtilization,9.951333333333332
2026-08-01T01:47:00+00:00,CPUUtilization,9.958
2026-08-01T01:52:00+00:00,CPUUtilization,10.023
2026-08-01T01:57:00+00:00,CPUUtilization,9.932
2026-08-01T02:02:00+00:00,CPUUtilization,9.948666666666666
2026-08-01T02:07:00+00:00,CPUUtilization,10.044333333333332
2026-08-01T02:12:00+00:00,CPUUtilization,9.943666666666667
2026-08-01T02:17:00+00:00,CPUUtilization,9.942333333333334
2026-08-01T02:22:00+00:00,CPUUtilization,10.029666666666667
2026-08-01T02:27:00+00:00,CPUUtilization,9.919666666666666
2026-08-01T02:32:00+00:00,CPUUtilization,9.954333333333333
2026-08-01T02:37:00+00:00,CPUUtilization,9.951333333333332
2026-08-01T02:42:00+00:00,CPUUtilization,9.985333333333333
2026-08-01T02:47:00+00:00,CPUUtilization,9.990666666666666
2026-08-01T02:52:00+00:00,CPUUtilization,10.021333333333335
2026-08-01T02:57:00+00:00,CPUUtilization,9.933
2026-08-01T03:02:00+00:00,CPUUtilization,9.916999999999998
2026-08-01T03:07:00+00:00,CPUUtilization,9.992
2026-08-01T03:12:00+00:00,CPUUtilization,9.899333333333333
2026-08-01T03:17:00+00:00,CPUUtilization,9.876666666666669
2026-08-01T03:22:00+00:00,CPUUtilization,10.058666666666667
2026-08-01T03:27:00+00:00,CPUUtilization,9.947999999999999
2026-08-01T03:32:00+00:00,CPUUtilization,9.975
2026-08-01T03:37:00+00:00,CPUUtilization,10.010666666666667
2026-08-01T03:42:00+00:00,CPUUtilization,9.978666666666665
2026-08-01T03:47:00+00:00,CPUUtilization,9.979333333333333
2026-08-01T03:52:00+00:00,CPUUtilization,10.022
2026-08-01T03:57:00+00:00,CPUUtilization,9.959666666666665
2026-08-01T04:02:00+00:00,CPUUtilization,9.952000000000002
2026-08-01T04:07:00+00:00,CPUUtilization,10.017666666666667
2026-08-01T04:12:00+00:00,CPUUtilization,9.988999999999999
2026-08-01T04:17:00+00:00,CPUUtilization,9.952
2026-08-01T04:22:00+00:00,CPUUtilization,10.04
2026-08-01T04:27:00+00:00,CPUUtilization,9.917
2026-08-01T04:32:00+00:00,CPUUtilization,9.972999999999999
2026-08-01T04:37:00+00:00,CPUUtilization,9.988666666666665
2026-08-01T04:42:00+00:00,CPUUtilization,9.965333333333334
2026-08-01T04:47:00+00:00,CPUUtilization,9.921000000000001
2026-08-01T04:52:00+00:00,CPUUtilization,10.004666666666667
2026-08-01T04:57:00+00:00,CPUUtilization,9.851333333333333
2026-08-01T05:02:00+00:00,CPUUtilization,9.919666666666666
2026-08-01T05:07:00+00:00,CPUUtilization,10.052
2026-08-01T05:12:00+00:00,CPUUtilization,9.912
2026-08-01T05:17:00+00:00,CPUUtilization,9.964666666666668
2026-08-01T05:22:00+00:00,CPUUtilization,9.998666666666665
2026-08-01T05:27:00+00:00,CPUUtilization,9.887666666666666
2026-08-01T05:32:00+00:00,CPUUtilization,9.790666666666667
2026-08-01T05:37:00+00:00,CPUUtilization,10.031333333333333
2026-08-01T05:42:00+00:00,CPUUtilization,9.928666666666667
2026-08-01T05:47:00+00:00,CPUUtilization,9.993666666666666
2026-08-01T05:52:00+00:00,CPUUtilization,10.004666666666667
2026-08-01T05:57:00+00:00,CPUUtilization,9.886333333333335
2026-08-01T06:02:00+00:00,CPUUtilization,9.896333333333335
2026-08-01T06:07:00+00:00,CPUUtilization,9.931333333333331
2026-08-01T06:12:00+00:00,CPUUtilization,9.950666666666667
2026-08-01T06:17:00+00:00,CPUUtilization,9.834999999999999
2026-08-01T06:22:00+00:00,CPUUtilization,9.968333333333332
2026-08-01T06:27:00+00:00,CPUUtilization,9.995000000000001
2026-08-01T06:32:00+00:00,CPUUtilization,9.984666666666666
2026-08-01T06:37:00+00:00,CPUUtilization,9.990333333333334
2026-08-01T06:42:00+00:00,CPUUtilization,11.112666666666666
2026-08-01T06:47:00+00:00,CPUUtilization,9.986
2026-08-01T06:52:00+00:00,CPUUtilization,10.053
2026-08-01T06:57:00+00:00,CPUUtilization,10.020666666666667
2026-08-01T07:02:00+00:00,CPUUtilization,9.891333333333332
2026-08-01T07:07:00+00:00,CPUUtilization,9.976999999999999
2026-08-01T07:12:00+00:00,CPUUtilization,9.960333333333333
2026-08-01T07:17:00+00:00,CPUUtilization,9.941333333333333
2026-08-01T07:22:00+00:00,CPUUtilization,10.032999999999998
2026-08-01T07:27:00+00:00,CPUUtilization,9.919333333333332
2026-08-01T07:32:00+00:00,CPUUtilization,9.968
2026-08-01T07:37:00+00:00,CPUUtilization,9.99033333333333
2026-08-01T07:42:00+00:00,CPUUtilization,9.963
2026-08-01T07:47:00+00:00,CPUUtilization,9.939666666666666
2026-08-01T07:52:00+00:00,CPUUtilization,10.029333333333332
2026-08-01T07:57:00+00:00,CPUUtilization,9.902999999999999
2026-08-01T08:02:00+00:00,CPUUtilization,9.959666666666667
2026-08-01T08:07:00+00:00,CPUUtilization,9.988999999999999
2026-08-01T08:12:00+00:00,CPUUtilization,9.964666666666666
2026-08-01T08:17:00+00:00,CPUUtilization,9.935333333333332
2026-08-01T08:22:00+00:00,CPUUtilization,10.032333333333332
2026-08-01T08:27:00+00:00,CPUUtilization,9.911666666666665
2026-08-01T08:32:00+00:00,CPUUtilization,9.994666666666669
2026-08-01T08:37:00+00:00,CPUUtilization,9.878
2026-08-01T08:42:00+00:00,CPUUtilization,9.978666666666665
2026-08-01T08:47:00+00:00,CPUUtilization,9.883
2026-08-01T08:52:00+00:00,CPUUtilization,9.944666666666667
2026-08-01T08:57:00+00:00,CPUUtilization,9.912999999999998
2026-08-01T09:02:00+00:00,CPUUtilization,9.838666666666667
2026-08-01T09:07:00+00:00,CPUUtilization,9.924
2026-08-01T09:12:00+00:00,CPUUtilization,9.946333333333332
2026-08-01T09:17:00+00:00,CPUUtilization,9.921333333333333
2026-08-01T09:22:00+00:00,CPUUtilization,9.959
2026-08-01T09:27:00+00:00,CPUUtilization,9.895666666666667
2026-08-01T09:32:00+00:00,CPUUtilization,9.957
2026-08-01T09:37:00+00:00,CPUUtilization,9.86
2026-08-01T09:42:00+00:00,CPUUtilization,9.802666666666667
2026-08-01T09:47:00+00:00,CPUUtilization,9.813999999999998
2026-08-01T09:52:00+00:00,CPUUtilization,10.008
2026-08-01T09:57:00+00:00,CPUUtilization,9.853666666666665
2026-08-01T10:02:00+00:00,CPUUtilization,9.959666666666667
2026-08-01T10:07:00+00:00,CPUUtilization,10.019666666666666
2026-08-01T10:12:00+00:00,CPUUtilization,9.965666666666667
2026-08-01T10:17:00+00:00,CPUUtilization,9.924666666666667
2026-08-01T10:22:00+00:00,CPUUtilization,10.026333333333332
2026-08-01T10:27:00+00:00,CPUUtilization,11.12733333333333
2026-08-01T10:32:00+00:00,CPUUtilization,10.000333333333334
2026-08-01T10:37:00+00:00,CPUUtilization,10.133
2026-08-01T10:42:00+00:00,CPUUtilization,9.980999999999998
2026-08-01T10:47:00+00:00,CPUUtilization,9.907666666666668
2026-08-01T10:52:00+00:00,CPUUtilization,10.089333333333332
2026-08-01T10:57:00+00:00,CPUUtilization,9.879666666666665
2026-08-01T11:02:00+00:00,CPUUtilization,9.936666666666667
2026-08-01T11:07:00+00:00,CPUUtilization,10.027666666666665
2026-08-01T11:12:00+00:00,CPUUtilization,9.992
2026-08-01T11:17:00+00:00,CPUUtilization,9.981333333333334
2026-08-01T11:22:00+00:00,CPUUtilization,9.992333333333333
2026-08-01T11:27:00+00:00,CPUUtilization,9.982000000000001
2026-08-01T11:32:00+00:00,CPUUtilization,9.923666666666666
2026-08-01T11:37:00+00:00,CPUUtilization,10.006333333333334
2026-08-01T11:42:00+00:00,CPUUtilization,10.013666666666666
2026-08-01T11:47:00+00:00,CPUUtilization,10.019666666666666
2026-08-01T11:52:00+00:00,CPUUtilization,10.050333333333333
2026-08-01T11:57:00+00:00,CPUUtilization,10.031333333333334
2026-08-01T12:02:00+00:00,CPUUtilization,9.921333333333333
2026-08-01T12:07:00+00:00,CPUUtilization,9.786999999999999
2026-08-01T12:12:00+00:00,CPUUtilization,9.633666666666667
2026-08-01T12:17:00+00:00,CPUUtilization,10.024666666666665
2026-08-01T12:22:00+00:00,CPUUtilization,10.020666666666667
2026-08-01T12:27:00+00:00,CPUUtilization,9.964666666666668
2026-08-01T12:32:00+00:00,CPUUtilization,10.029666666666667
2026-08-01T12:37:00+00:00,CPUUtilization,10.077000000000002
2026-08-01T12:42:00+00:00,CPUUtilization,10.062999999999999
2026-08-01T12:47:00+00:00,CPUUtilization,10.033666666666667
2026-08-01T12:52:00+00:00,CPUUtilization,10.091
2026-08-01T12:57:00+00:00,CPUUtilization,10.046333333333333
2026-08-01T13:02:00+00:00,CPUUtilization,10.050666666666666
2026-08-01T13:07:00+00:00,CPUUtilization,10.141333333333332
2026-08-01T13:12:00+00:00,CPUUtilization,10.055333333333333
2026-08-01T13:17:00+00:00,CPUUtilization,10.154
2026-08-01T13:22:00+00:00,CPUUtilization,10.106333333333334
2026-08-01T13:27:00+00:00,CPUUtilization,11.593666666666667
2026-08-01T13:32:00+00:00,CPUUtilization,11.533666666666665
2026-08-01T13:37:00+00:00,CPUUtilization,10.198666666666666
2026-08-01T13:42:00+00:00,CPUUtilization,10.028666666666666
2026-08-01T13:47:00+00:00,CPUUtilization,10.059666666666669
2026-08-01T13:52:00+00:00,CPUUtilization,10.069333333333331
2026-08-01T13:57:00+00:00,CPUUtilization,10.062666666666669
2026-08-01T14:02:00+00:00,CPUUtilization,10.048
2026-08-01T14:07:00+00:00,CPUUtilization,10.117
2026-08-01T14:12:00+00:00,CPUUtilization,10.062999999999999
2026-08-01T14:17:00+00:00,CPUUtilization,10.053
2026-08-01T14:22:00+00:00,CPUUtilization,10.113
2026-08-01T14:27:00+00:00,CPUUtilization,10.072333333333331
2026-08-01T14:32:00+00:00,CPUUtilization,10.032333333333332
2026-08-01T14:37:00+00:00,CPUUtilization,10.148000000000001
2026-08-01T14:42:00+00:00,CPUUtilization,10.093666666666667
2026-08-01T14:47:00+00:00,CPUUtilization,10.061666666666666
2026-08-01T14:52:00+00:00,CPUUtilization,10.095333333333333
2026-08-01T14:57:00+00:00,CPUUtilization,10.082999999999998
2026-08-01T15:02:00+00:00,CPUUtilization,10.103333333333333
2026-08-01T15:07:00+00:00,CPUUtilization,10.133666666666667
2026-08-01T15:12:00+00:00,CPUUtilization,10.068000000000001
2026-08-01T15:17:00+00:00,CPUUtilization,10.116999999999999
2026-08-01T15:22:00+00:00,CPUUtilization,10.123666666666667
2026-08-01T15:27:00+00:00,CPUUtilization,10.084999999999999
2026-08-01T15:32:00+00:00,CPUUtilization,10.042
2026-08-01T15:37:00+00:00,CPUUtilization,10.140333333333334
2026-08-01T15:42:00+00:00,CPUUtilization,10.072
2026-08-01T15:47:00+00:00,CPUUtilization,10.056333333333333
2026-08-01T15:52:00+00:00,CPUUtilization,10.152666666666667
2026-08-01T15:57:00+00:00,CPUUtilization,10.033665083337953
2026-08-01T16:02:00+00:00,CPUUtilization,10.049333333333333
2026-08-01T16:07:00+00:00,CPUUtilization,10.116999999999999
2026-08-01T16:12:00+00:00,CPUUtilization,10.057
2026-08-01T16:17:00+00:00,CPUUtilization,10.071333333333333
2026-08-01T16:22:00+00:00,CPUUtilization,10.095666666666666
2026-08-01T16:27:00+00:00,CPUUtilization,10.028
2026-08-01T16:32:00+00:00,CPUUtilization,10.063666666666666
2026-08-01T16:37:00+00:00,CPUUtilization,10.064666666666664
2026-08-01T16:42:00+00:00,CPUUtilization,10.036999999999999
2026-08-01T16:47:00+00:00,CPUUtilization,10.026333333333335
2026-08-01T16:52:00+00:00,CPUUtilization,10.126333333333333
2026-08-01T16:57:00+00:00,CPUUtilization,10.05
2026-08-01T17:02:00+00:00,CPUUtilization,10.012999999999998
2026-08-01T17:07:00+00:00,CPUUtilization,10.101333333333333
2026-08-01T17:12:00+00:00,CPUUtilization,10.030333333333333
2026-08-01T17:17:00+00:00,CPUUtilization,9.996333333333332
2026-08-01T17:22:00+00:00,CPUUtilization,10.113
2026-08-01T17:27:00+00:00,CPUUtilization,10.034666666666666
2026-08-01T17:32:00+00:00,CPUUtilization,10.030666666666665
2026-08-01T17:37:00+00:00,CPUUtilization,10.090333333333332
2026-08-01T17:42:00+00:00,CPUUtilization,10.035333333333332
2026-08-01T17:47:00+00:00,CPUUtilization,10.045333333333334
2026-08-01T17:52:00+00:00,CPUUtilization,10.099666666666668
2026-08-01T17:57:00+00:00,CPUUtilization,10.057
2026-08-01T18:02:00+00:00,CPUUtilization,10.001333333333333
2026-08-01T18:07:00+00:00,CPUUtilization,10.111999999999998
2026-08-01T18:12:00+00:00,CPUUtilization,10.053999999999998
2026-08-01T18:17:00+00:00,CPUUtilization,10.026
2026-08-01T18:22:00+00:00,CPUUtilization,10.156666666666666
2026-08-01T18:27:00+00:00,CPUUtilization,10.027333333333333
2026-08-01T18:32:00+00:00,CPUUtilization,10.020666666666667
2026-08-01T18:37:00+00:00,CPUUtilization,10.093666666666667
2026-08-01T18:42:00+00:00,CPUUtilization,10.081666666666665
2026-08-01T18:47:00+00:00,CPUUtilization,10.022
2026-08-01T18:52:00+00:00,CPUUtilization,10.128666666666666
2026-08-01T18:57:00+00:00,CPUUtilization,10.026333333333332
2026-08-01T19:02:00+00:00,CPUUtilization,10.053
2026-08-01T19:07:00+00:00,CPUUtilization,10.104666666666667
2026-08-01T19:12:00+00:00,CPUUtilization,10.032333333333332
2026-08-01T19:17:00+00:00,CPUUtilization,10.025333333333332
2026-08-01T19:22:00+00:00,CPUUtilization,10.11
2026-08-01T19:27:00+00:00,CPUUtilization,10.047
2026-08-01T19:32:00+00:00,CPUUtilization,10.039666666666667
2026-08-01T19:37:00+00:00,CPUUtilization,10.071666666666667
2026-08-01T19:42:00+00:00,CPUUtilization,10.023333333333332
2026-08-01T19:47:00+00:00,CPUUtilization,10.022666666666666
2026-08-01T19:52:00+00:00,CPUUtilization,10.119666666666665
2026-08-01T19:57:00+00:00,CPUUtilization,10.068666666666667
2026-08-01T20:02:00+00:00,CPUUtilization,10.032
2026-08-01T20:07:00+00:00,CPUUtilization,10.128666666666666
2026-08-01T20:12:00+00:00,CPUUtilization,10.043
2026-08-01T20:17:00+00:00,CPUUtilization,10.031333333333333
2026-08-01T20:22:00+00:00,CPUUtilization,10.155333333333333
2026-08-01T20:27:00+00:00,CPUUtilization,10.030333333333333
2026-08-01T20:32:00+00:00,CPUUtilization,10.068666666666667
2026-08-01T20:37:00+00:00,CPUUtilization,10.120333333333333
2026-08-01T20:42:00+00:00,CPUUtilization,10.068
2026-08-01T20:47:00+00:00,CPUUtilization,10.036333333333333
2026-08-01T20:52:00+00:00,CPUUtilization,10.081999999999999
2026-08-01T20:57:00+00:00,CPUUtilization,10.034666666666666
2026-08-01T21:02:00+00:00,CPUUtilization,10.053
2026-08-01T21:07:00+00:00,CPUUtilization,10.111333333333333
2026-08-01T21:12:00+00:00,CPUUtilization,10.036666666666667
2026-08-01T21:17:00+00:00,CPUUtilization,10.030666666666665
2026-08-01T21:22:00+00:00,CPUUtilization,10.086666666666666
2026-08-01T21:27:00+00:00,CPUUtilization,10.047666666666668
2026-08-01T21:32:00+00:00,CPUUtilization,10.062
2026-08-01T21:37:00+00:00,CPUUtilization,10.102
2026-08-01T21:42:00+00:00,CPUUtilization,10.05
2026-08-01T21:47:00+00:00,CPUUtilization,10.029333333333334
2026-08-01T21:52:00+00:00,CPUUtilization,10.111999999999998
2026-08-01T21:57:00+00:00,CPUUtilization,10.062000000000001
2026-08-01T22:02:00+00:00,CPUUtilization,10.051999999999998
2026-08-01T22:07:00+00:00,CPUUtilization,10.079666666666666
2026-08-01T22:12:00+00:00,CPUUtilization,10.019333333333332
2026-08-01T22:17:00+00:00,CPUUtilization,9.999333333333334
2026-08-01T22:22:00+00:00,CPUUtilization,10.109666666666666
2026-08-01T22:27:00+00:00,CPUUtilization,10.011999999999999
2026-08-01T22:32:00+00:00,CPUUtilization,10.038666666666666
2026-08-01T22:37:00+00:00,CPUUtilization,10.113666666666667
2026-08-01T22:42:00+00:00,CPUUtilization,10.062
2026-08-01T22:47:00+00:00,CPUUtilization,10.038999999999998
2026-08-01T22:52:00+00:00,CPUUtilization,10.100999999999999
2026-08-01T22:57:00+00:00,CPUUtilization,10.048666666666666
2026-08-01T23:02:00+00:00,CPUUtilization,10.054333333333334
2026-08-01T23:07:00+00:00,CPUUtilization,10.118
2026-08-01T23:12:00+00:00,CPUUtilization,10.058000000000002
2026-08-01T23:17:00+00:00,CPUUtilization,10.046666666666667
2026-08-01T23:22:00+00:00,CPUUtilization,10.118666666666666
2026-08-01T23:27:00+00:00,CPUUtilization,10.038
2026-08-01T23:32:00+00:00,CPUUtilization,10.038333333333332
2026-08-01T23:37:00+00:00,CPUUtilization,10.147
2026-08-01T23:42:00+00:00,CPUUtilization,10.065333333333333
2026-08-01T23:47:00+00:00,CPUUtilization,10.046000000000001
2026-08-01T23:52:00+00:00,CPUUtilization,10.096
2026-08-01T23:57:00+00:00,CPUUtilization,10.068
2026-08-02T00:02:00+00:00,CPUUtilization,10.027
2026-08-02T00:07:00+00:00,CPUUtilization,10.107333333333333
2026-08-02T00:12:00+00:00,CPUUtilization,10.005333333333333
2026-08-02T00:17:00+00:00,CPUUtilization,10.014333333333333
2026-08-02T00:22:00+00:00,CPUUtilization,10.085999999999999
2026-08-02T00:27:00+00:00,CPUUtilization,10.059333333333333
2026-08-02T00:32:00+00:00,CPUUtilization,10.038999999999998
2026-08-02T00:37:00+00:00,CPUUtilization,10.135666666666665
2026-08-02T00:42:00+00:00,CPUUtilization,10.031333333333333
2026-08-02T00:47:00+00:00,CPUUtilization,10.199333333333332
2026-08-02T00:52:00+00:00,CPUUtilization,10.097999999999999
2026-08-02T00:57:00+00:00,CPUUtilization,10.001333333333333
2026-08-02T01:02:00+00:00,CPUUtilization,10.009666666666666
2026-08-02T01:07:00+00:00,CPUUtilization,10.077333333333332
2026-08-02T01:12:00+00:00,CPUUtilization,9.934999999999999
2026-08-02T01:17:00+00:00,CPUUtilization,10.029
2026-08-02T01:22:00+00:00,CPUUtilization,10.102333333333332
2026-08-02T01:27:00+00:00,CPUUtilization,10.038
2026-08-02T01:32:00+00:00,CPUUtilization,10.068666666666667
2026-08-02T01:37:00+00:00,CPUUtilization,10.103666666666665
2026-08-02T01:42:00+00:00,CPUUtilization,10.023
2026-08-02T01:47:00+00:00,CPUUtilization,10.071333333333332
2026-08-02T01:52:00+00:00,CPUUtilization,10.085333333333333
2026-08-02T01:57:00+00:00,CPUUtilization,10.043333333333333
2026-08-02T02:02:00+00:00,CPUUtilization,10.032
2026-08-02T02:07:00+00:00,CPUUtilization,10.107
2026-08-02T02:12:00+00:00,CPUUtilization,10.017333333333333
2026-08-02T02:17:00+00:00,CPUUtilization,10.039666666666665
2026-08-02T02:22:00+00:00,CPUUtilization,10.118
2026-08-02T02:27:00+00:00,CPUUtilization,10.037
2026-08-02T02:32:00+00:00,CPUUtilization,10.038666666666666
2026-08-02T02:37:00+00:00,CPUUtilization,10.079333333333334
2026-08-02T02:42:00+00:00,CPUUtilization,10.041999999999998
2026-08-02T02:47:00+00:00,CPUUtilization,10.030333333333335
2026-08-02T02:52:00+00:00,CPUUtilization,10.125333333333334
2026-08-02T02:57:00+00:00,CPUUtilization,10.018666666666666
2026-08-02T03:02:00+00:00,CPUUtilization,10.034333333333333
2026-08-02T03:07:00+00:00,CPUUtilization,10.093
2026-08-02T03:12:00+00:00,CPUUtilization,10.041333333333332
2026-08-02T03:17:00+00:00,CPUUtilization,10.062000000000001
2026-08-02T03:22:00+00:00,CPUUtilization,10.136333333333333
2026-08-02T03:27:00+00:00,CPUUtilization,10.053999999999998
2026-08-02T03:32:00+00:00,CPUUtilization,10.015333333333334
2026-08-02T03:37:00+00:00,CPUUtilization,10.091
2026-08-02T03:42:00+00:00,CPUUtilization,10.017333333333333
2026-08-02T03:47:00+00:00,CPUUtilization,10.056999999999999
2026-08-02T03:52:00+00:00,CPUUtilization,10.102333333333334
2026-08-02T03:57:00+00:00,CPUUtilization,10.060666666666666
2026-08-02T04:02:00+00:00,CPUUtilization,9.996333333333332
2026-08-02T04:07:00+00:00,CPUUtilization,10.080333333333332
2026-08-02T04:12:00+00:00,CPUUtilization,10.042666666666667
2026-08-02T04:17:00+00:00,CPUUtilization,10.054666666666666
2026-08-02T04:22:00+00:00,CPUUtilization,10.091333333333333
2026-08-02T04:27:00+00:00,CPUUtilization,10.029666666666667
2026-08-02T04:32:00+00:00,CPUUtilization,10.032
2026-08-02T04:37:00+00:00,CPUUtilization,10.096333333333332
2026-08-02T04:42:00+00:00,CPUUtilization,10.008666666666665
2026-08-02T04:47:00+00:00,CPUUtilization,10.079666666666666
2026-08-02T04:52:00+00:00,CPUUtilization,10.163666666666668
2026-08-02T04:57:00+00:00,CPUUtilization,10.065999999999999
2026-08-02T05:02:00+00:00,CPUUtilization,10.069666666666667
2026-08-02T05:07:00+00:00,CPUUtilization,10.144333333333332
2026-08-02T05:12:00+00:00,CPUUtilization,10.017333333333331
2026-08-02T05:17:00+00:00,CPUUtilization,10.020333333333333
2026-08-02T05:22:00+00:00,CPUUtilization,10.104333333333333
2026-08-02T05:27:00+00:00,CPUUtilization,10.055666666666667
2026-08-02T05:32:00+00:00,CPUUtilization,10.041
2026-08-02T05:37:00+00:00,CPUUtilization,10.084333333333333
2026-08-02T05:42:00+00:00,CPUUtilization,10.041
2026-08-02T05:47:00+00:00,CPUUtilization,10.036333333333333
2026-08-02T05:52:00+00:00,CPUUtilization,10.029333333333332
2026-08-02T05:57:00+00:00,CPUUtilization,10.145333333333332
2026-08-02T06:02:00+00:00,CPUUtilization,10.072
2026-08-02T06:07:00+00:00,CPUUtilization,10.070666666666664
2026-08-02T06:12:00+00:00,CPUUtilization,10.181333333333333
2026-08-02T06:17:00+00:00,CPUUtilization,10.078666666666667
2026-08-02T06:22:00+00:00,CPUUtilization,10.086999999999998
2026-08-02T06:27:00+00:00,CPUUtilization,10.126333333333331
2026-08-02T06:32:00+00:00,CPUUtilization,10.217
2026-08-02T06:37:00+00:00,CPUUtilization,10.073
2026-08-02T06:42:00+00:00,CPUUtilization,10.142
2026-08-02T06:47:00+00:00,CPUUtilization,10.035333333333332
2026-08-02T06:52:00+00:00,CPUUtilization,10.088
2026-08-02T06:57:00+00:00,CPUUtilization,10.125666666666666
2026-08-02T07:02:00+00:00,CPUUtilization,10.052
2026-08-02T07:07:00+00:00,CPUUtilization,10.065999999999999
2026-08-02T07:12:00+00:00,CPUUtilization,10.132000000000001
2026-08-02T07:17:00+00:00,CPUUtilization,10.069333333333335
2026-08-02T07:22:00+00:00,CPUUtilization,10.033999999999997
2026-08-02T07:27:00+00:00,CPUUtilization,10.086
2026-08-02T07:32:00+00:00,CPUUtilization,10.046666666666667
2026-08-02T07:37:00+00:00,CPUUtilization,10.004666666666665
2026-08-02T07:42:00+00:00,CPUUtilization,10.097
2026-08-02T07:47:00+00:00,CPUUtilization,10.039666666666665
2026-08-02T07:52:00+00:00,CPUUtilization,10.018
2026-08-02T07:57:00+00:00,CPUUtilization,10.024666666666665
2026-08-02T08:02:00+00:00,CPUUtilization,9.958666666666666
2026-08-02T08:07:00+00:00,CPUUtilization,10.068000000000001
2026-08-02T08:12:00+00:00,CPUUtilization,10.039000000000001
2026-08-02T08:17:00+00:00,CPUUtilization,9.980333333333332
2026-08-02T08:22:00+00:00,CPUUtilization,10.043333333333333
2026-08-02T08:27:00+00:00,CPUUtilization,10.281999999999998
2026-08-02T08:32:00+00:00,CPUUtilization,9.987
2026-08-02T08:37:00+00:00,CPUUtilization,9.977
2026-08-02T08:42:00+00:00,CPUUtilization,10.102666666666668
2026-08-02T08:47:00+00:00,CPUUtilization,10.008666666666667
2026-08-02T08:52:00+00:00,CPUUtilization,10.023333333333332
2026-08-02T08:57:00+00:00,CPUUtilization,9.953
2026-08-02T09:02:00+00:00,CPUUtilization,10.051999999999998
2026-08-02T09:07:00+00:00,CPUUtilization,10.065666666666667
2026-08-02T09:12:00+00:00,CPUUtilization,10.168000000000001
2026-08-02T09:17:00+00:00,CPUUtilization,10.062333333333333
2026-08-02T09:22:00+00:00,CPUUtilization,10.072999999999999
2026-08-02T09:27:00+00:00,CPUUtilization,10.062999999999999
2026-08-02T09:32:00+00:00,CPUUtilization,10.055333333333333
2026-08-02T09:37:00+00:00,CPUUtilization,9.991999999999999
2026-08-02T09:42:00+00:00,CPUUtilization,10.145333333333335
2026-08-02T09:47:00+00:00,CPUUtilization,10.008
2026-08-02T09:52:00+00:00,CPUUtilization,10.010666666666667
2026-08-02T09:57:00+00:00,CPUUtilization,10.088666666666665
2026-08-02T10:02:00+00:00,CPUUtilization,9.977333333333332
2026-08-02T10:07:00+00:00,CPUUtilization,9.957999999999998
2026-08-02T10:12:00+00:00,CPUUtilization,9.997333333333334
2026-08-02T10:17:00+00:00,CPUUtilization,10.042333333333332
2026-08-02T10:22:00+00:00,CPUUtilization,10.022666666666668
2026-08-02T10:27:00+00:00,CPUUtilization,10.026333333333332
2026-08-02T10:32:00+00:00,CPUUtilization,9.930333333333333
2026-08-02T10:37:00+00:00,CPUUtilization,9.875666666666666
2026-08-02T10:42:00+00:00,CPUUtilization,10.143
2026-08-02T10:47:00+00:00,CPUUtilization,9.862
2026-08-02T10:52:00+00:00,CPUUtilization,10.032666666666668
2026-08-02T10:57:00+00:00,CPUUtilization,10.072
2026-08-02T11:02:00+00:00,CPUUtilization,10.027999999999999
2026-08-02T11:07:00+00:00,CPUUtilization,9.994666666666665
2026-08-02T11:12:00+00:00,CPUUtilization,10.102666666666666
2026-08-02T11:17:00+00:00,CPUUtilization,10.009
2026-08-02T11:22:00+00:00,CPUUtilization,10.008
2026-08-02T11:27:00+00:00,CPUUtilization,10.048666666666666
2026-08-02T11:32:00+00:00,CPUUtilization,10.013
2026-08-02T11:37:00+00:00,CPUUtilization,10.013
2026-08-02T11:42:00+00:00,CPUUtilization,10.136
2026-08-02T11:47:00+00:00,CPUUtilization,9.910333333333334
2026-08-02T11:52:00+00:00,CPUUtilization,9.925666666666665
2026-08-02T11:57:00+00:00,CPUUtilization,10.012666666666666
2026-08-02T12:02:00+00:00,CPUUtilization,9.929666666666666
2026-08-02T12:07:00+00:00,CPUUtilization,9.938666666666666
2026-08-02T12:12:00+00:00,CPUUtilization,10.082
2026-08-02T12:17:00+00:00,CPUUtilization,9.911999999999999
2026-08-02T12:22:00+00:00,CPUUtilization,9.964666666666666
2026-08-02T12:27:00+00:00,CPUUtilization,9.653666666666666
2026-08-02T12:32:00+00:00,CPUUtilization,9.966666666666665
2026-08-02T12:37:00+00:00,CPUUtilization,9.889333333333333
2026-08-02T12:42:00+00:00,CPUUtilization,10.095999999999998
2026-08-02T12:47:00+00:00,CPUUtilization,9.987333333333334
2026-08-02T12:52:00+00:00,CPUUtilization,9.916999999999998
2026-08-02T12:57:00+00:00,CPUUtilization,9.794666666666666
2026-08-02T13:02:00+00:00,CPUUtilization,10.087
2026-08-02T13:07:00+00:00,CPUUtilization,9.279333333333332
2026-08-02T13:12:00+00:00,CPUUtilization,9.374333333333333
2026-08-02T13:17:00+00:00,CPUUtilization,9.681333333333333
2026-08-02T13:22:00+00:00,CPUUtilization,9.761333333333335
2026-08-02T13:27:00+00:00,CPUUtilization,10.141333333333332
2026-08-02T13:32:00+00:00,CPUUtilization,10.087333333333332
2026-08-02T13:37:00+00:00,CPUUtilization,10.078333333333331
2026-08-02T13:42:00+00:00,CPUUtilization,10.164666666666667
2026-08-02T13:47:00+00:00,CPUUtilization,10.073
2026-08-02T13:52:00+00:00,CPUUtilization,10.093
2026-08-02T13:57:00+00:00,CPUUtilization,10.129666666666667
2026-08-02T14:02:00+00:00,CPUUtilization,9.922666666666666
2026-08-02T14:07:00+00:00,CPUUtilization,10.095
2026-08-02T14:12:00+00:00,CPUUtilization,10.158000000000001
2026-08-02T14:17:00+00:00,CPUUtilization,10.081333333333331
2026-08-02T14:22:00+00:00,CPUUtilization,10.106666666666666
2026-08-02T14:27:00+00:00,CPUUtilization,10.140666666666664
2026-08-02T14:32:00+00:00,CPUUtilization,10.064666666666668
2026-08-02T14:37:00+00:00,CPUUtilization,10.054666666666666
2026-08-02T14:42:00+00:00,CPUUtilization,10.174333333333333
2026-08-02T14:47:00+00:00,CPUUtilization,10.084
2026-08-02T14:52:00+00:00,CPUUtilization,10.122
2026-08-02T14:57:00+00:00,CPUUtilization,10.121999999999998
2026-08-02T15:02:00+00:00,CPUUtilization,10.082999999999998
2026-08-02T15:07:00+00:00,CPUUtilization,10.098666666666666
2026-08-02T15:12:00+00:00,CPUUtilization,10.172666666666668
2026-08-02T15:17:00+00:00,CPUUtilization,10.054333333333334
2026-08-02T15:22:00+00:00,CPUUtilization,10.134666666666666
2026-08-02T15:27:00+00:00,CPUUtilization,10.153666666666666
2026-08-02T15:32:00+00:00,CPUUtilization,10.129999999999999
2026-08-02T15:37:00+00:00,CPUUtilization,10.091999999999999
2026-08-02T15:42:00+00:00,CPUUtilization,10.319666666666667
2026-08-02T15:47:00+00:00,CPUUtilization,10.310333333333332
2026-08-02T15:52:00+00:00,CPUUtilization,10.155999999999999
2026-08-02T15:57:00+00:00,CPUUtilization,10.156666666666666
2026-08-02T16:02:00+00:00,CPUUtilization,12.837333333333333
2026-08-02T16:07:00+00:00,CPUUtilization,13.177333333333332
2026-08-02T16:12:00+00:00,CPUUtilization,10.132
2026-08-02T16:17:00+00:00,CPUUtilization,10.083666666666668
2026-08-02T16:22:00+00:00,CPUUtilization,10.097999999999999
2026-08-02T16:27:00+00:00,CPUUtilization,10.136333333333333
2026-08-02T16:32:00+00:00,CPUUtilization,10.080333333333334
2026-08-02T16:37:00+00:00,CPUUtilization,10.093666666666666
2026-08-02T16:42:00+00:00,CPUUtilization,10.163
2026-08-02T16:47:00+00:00,CPUUtilization,10.078999999999999
2026-08-02T16:52:00+00:00,CPUUtilization,10.069333333333335
2026-08-02T16:57:00+00:00,CPUUtilization,10.176333333333332
2026-08-02T17:02:00+00:00,CPUUtilization,10.084333333333333
2026-08-02T17:07:00+00:00,CPUUtilization,10.072333333333333
2026-08-02T17:12:00+00:00,CPUUtilization,10.149666666666667
2026-08-02T17:17:00+00:00,CPUUtilization,10.068333333333335
2026-08-02T17:22:00+00:00,CPUUtilization,10.058666666666664
2026-08-02T17:27:00+00:00,CPUUtilization,10.168000000000001
2026-08-02T17:32:00+00:00,CPUUtilization,10.094666666666665
2026-08-02T17:37:00+00:00,CPUUtilization,10.128666666666666
2026-08-02T17:42:00+00:00,CPUUtilization,9.905
2026-08-02T17:47:00+00:00,CPUUtilization,9.875333333333334
2026-08-02T17:52:00+00:00,CPUUtilization,9.896666666666667
2026-08-02T17:57:00+00:00,CPUUtilization,10.183666666666667
2026-08-02T18:02:00+00:00,CPUUtilization,9.857666666666667
2026-08-02T18:07:00+00:00,CPUUtilization,9.903666666666666
2026-08-02T18:12:00+00:00,CPUUtilization,10.126333333333331
2026-08-02T18:17:00+00:00,CPUUtilization,10.082333333333333
2026-08-02T18:22:00+00:00,CPUUtilization,10.088666666666667
2026-08-02T18:27:00+00:00,CPUUtilization,10.144666666666666
2026-08-02T18:32:00+00:00,CPUUtilization,10.093333333333332
2026-08-02T18:37:00+00:00,CPUUtilization,10.076666666666664
2026-08-02T18:42:00+00:00,CPUUtilization,10.111
2026-08-02T18:47:00+00:00,CPUUtilization,10.122666666666666
2026-08-02T18:52:00+00:00,CPUUtilization,10.060333333333332
2026-08-02T18:57:00+00:00,CPUUtilization,10.224666666666668
2026-08-02T19:02:00+00:00,CPUUtilization,10.087
2026-08-02T19:07:00+00:00,CPUUtilization,10.109666666666666
2026-08-02T19:12:00+00:00,CPUUtilization,10.160333333333332
2026-08-02T19:17:00+00:00,CPUUtilization,10.101666666666667
2026-08-02T19:22:00+00:00,CPUUtilization,10.123000000000001
2026-08-02T19:27:00+00:00,CPUUtilization,10.188666666666666
2026-08-02T19:32:00+00:00,CPUUtilization,10.174666666666667
2026-08-02T19:37:00+00:00,CPUUtilization,10.101333333333333
2026-08-02T19:42:00+00:00,CPUUtilization,10.126333333333331
2026-08-02T19:47:00+00:00,CPUUtilization,10.163666666666666
2026-08-02T19:52:00+00:00,CPUUtilization,10.070666666666666
2026-08-02T19:57:00+00:00,CPUUtilization,10.067999999999998
2026-08-02T20:02:00+00:00,CPUUtilization,9.965333333333334
2026-08-02T20:07:00+00:00,CPUUtilization,10.044666666666666
2026-08-02T20:12:00+00:00,CPUUtilization,10.168666666666667
2026-08-02T20:17:00+00:00,CPUUtilization,9.953
2026-08-02T20:22:00+00:00,CPUUtilization,10.049666666666665
2026-08-02T20:27:00+00:00,CPUUtilization,10.156333333333333
2026-08-02T20:32:00+00:00,CPUUtilization,10.022
2026-08-02T20:37:00+00:00,CPUUtilization,10.008
2026-08-02T20:42:00+00:00,CPUUtilization,10.086333333333334
2026-08-02T20:47:00+00:00,CPUUtilization,10.017333333333331
2026-08-02T20:52:00+00:00,CPUUtilization,10.079666666666666
2026-08-02T20:57:00+00:00,CPUUtilization,10.094999999999999
2026-08-02T21:02:00+00:00,CPUUtilization,10.032999999999998
2026-08-02T21:07:00+00:00,CPUUtilization,10.056666666666667
2026-08-02T21:12:00+00:00,CPUUtilization,10.079666666666666
2026-08-02T21:17:00+00:00,CPUUtilization,10.069666666666667
2026-08-02T21:22:00+00:00,CPUUtilization,10.070333333333334
2026-08-02T21:27:00+00:00,CPUUtilization,10.157333333333332
2026-08-02T21:32:00+00:00,CPUUtilization,10.058000000000002
2026-08-02T21:37:00+00:00,CPUUtilization,10.091333333333333
2026-08-02T21:42:00+00:00,CPUUtilization,10.138
2026-08-02T21:47:00+00:00,CPUUtilization,10.086333333333334
2026-08-02T21:52:00+00:00,CPUUtilization,10.091666666666665
2026-08-02T21:57:00+00:00,CPUUtilization,10.175
2026-08-02T22:02:00+00:00,CPUUtilization,10.073666666666664
2026-08-02T22:07:00+00:00,CPUUtilization,10.097999999999999
2026-08-02T22:12:00+00:00,CPUUtilization,10.198666666666666
2026-08-02T22:17:00+00:00,CPUUtilization,10.133
2026-08-02T22:22:00+00:00,CPUUtilization,10.071333333333332
2026-08-02T22:27:00+00:00,CPUUtilization,10.127333333333334
2026-08-02T22:32:00+00:00,CPUUtilization,10.072333333333335
2026-08-02T22:37:00+00:00,CPUUtilization,10.073
2026-08-02T22:42:00+00:00,CPUUtilization,10.150333333333332
2026-08-02T22:47:00+00:00,CPUUtilization,10.102666666666668
2026-08-02T22:52:00+00:00,CPUUtilization,10.088000000000001
2026-08-02T22:57:00+00:00,CPUUtilization,10.121333333333332
2026-08-02T23:02:00+00:00,CPUUtilization,10.049333333333333
2026-08-02T23:07:00+00:00,CPUUtilization,10.027666666666667
2026-08-02T23:12:00+00:00,CPUUtilization,10.174666666666665
2026-08-02T23:17:00+00:00,CPUUtilization,10.051666666666666
2026-08-02T23:22:00+00:00,CPUUtilization,10.026333333333332
2026-08-02T23:27:00+00:00,CPUUtilization,10.131333333333334
2026-08-02T23:32:00+00:00,CPUUtilization,10.060666666666666
2026-08-02T23:37:00+00:00,CPUUtilization,10.058666666666666
2026-08-02T23:42:00+00:00,CPUUtilization,10.133333333333335
2026-08-02T23:47:00+00:00,CPUUtilization,10.091333333333335
2026-08-02T23:52:00+00:00,CPUUtilization,10.052
2026-08-02T23:57:00+00:00,CPUUtilization,10.169
2026-08-03T00:02:00+00:00,CPUUtilization,10.005333333333335
2026-08-03T00:07:00+00:00,CPUUtilization,10.088666666666667
2026-08-03T00:12:00+00:00,CPUUtilization,10.114666666666666
2026-08-03T00:17:00+00:00,CPUUtilization,10.044
2026-08-03T00:22:00+00:00,CPUUtilization,10.048666666666666
2026-08-03T00:27:00+00:00,CPUUtilization,10.081999999999999
2026-08-03T00:32:00+00:00,CPUUtilization,10.066999999999998
2026-08-03T00:37:00+00:00,CPUUtilization,10.030666666666667
2026-08-03T00:42:00+00:00,CPUUtilization,10.074
2026-08-03T00:47:00+00:00,CPUUtilization,10.101999999999999
2026-08-03T00:52:00+00:00,CPUUtilization,10.025666666666666
2026-08-03T00:57:00+00:00,CPUUtilization,10.109666666666666
2026-08-03T01:02:00+00:00,CPUUtilization,10.030333333333333
2026-08-03T01:07:00+00:00,CPUUtilization,10.086333333333332
2026-08-03T01:12:00+00:00,CPUUtilization,10.112333333333332
2026-08-03T01:17:00+00:00,CPUUtilization,10.063666666666668
2026-08-03T01:22:00+00:00,CPUUtilization,10.042666666666666
2026-08-03T01:27:00+00:00,CPUUtilization,10.107
2026-08-03T01:32:00+00:00,CPUUtilization,10.052333333333332
2026-08-03T01:37:00+00:00,CPUUtilization,10.080666666666666
2026-08-03T01:42:00+00:00,CPUUtilization,10.147
2026-08-03T01:47:00+00:00,CPUUtilization,10.081333333333331
2026-08-03T01:52:00+00:00,CPUUtilization,10.088000000000001
2026-08-03T01:57:00+00:00,CPUUtilization,10.153666666666666
2026-08-03T02:02:00+00:00,CPUUtilization,10.097333333333331
2026-08-03T02:07:00+00:00,CPUUtilization,10.086000000000002
2026-08-03T02:12:00+00:00,CPUUtilization,10.169
2026-08-03T02:17:00+00:00,CPUUtilization,10.037333333333333
2026-08-03T02:22:00+00:00,CPUUtilization,9.992333333333333
2026-08-03T02:27:00+00:00,CPUUtilization,10.083666666666668
2026-08-03T02:32:00+00:00,CPUUtilization,10.095333333333333
2026-08-03T02:37:00+00:00,CPUUtilization,10.026333333333332
2026-08-03T02:42:00+00:00,CPUUtilization,10.089
2026-08-03T02:47:00+00:00,CPUUtilization,10.028
2026-08-03T02:52:00+00:00,CPUUtilization,10.062333333333333
2026-08-03T02:57:00+00:00,CPUUtilization,10.014666666666667
2026-08-03T03:02:00+00:00,CPUUtilization,10.008
2026-08-03T03:07:00+00:00,CPUUtilization,10.020999999999999
2026-08-03T03:12:00+00:00,CPUUtilization,10.164
2026-08-03T03:17:00+00:00,CPUUtilization,10.047666666666666
2026-08-03T03:22:00+00:00,CPUUtilization,10.053666666666667
2026-08-03T03:27:00+00:00,CPUUtilization,10.09933333333333
2026-08-03T03:32:00+00:00,CPUUtilization,10.151333333333332
2026-08-03T03:37:00+00:00,CPUUtilization,10.113
2026-08-03T03:42:00+00:00,CPUUtilization,10.208333333333332
2026-08-03T03:47:00+00:00,CPUUtilization,10.129666666666667
2026-08-03T03:52:00+00:00,CPUUtilization,10.102333333333332
2026-08-03T03:57:00+00:00,CPUUtilization,10.159666666666666
2026-08-03T04:02:00+00:00,CPUUtilization,10.103
2026-08-03T04:07:00+00:00,CPUUtilization,10.085333333333333
2026-08-03T04:12:00+00:00,CPUUtilization,10.180666666666665
2026-08-03T04:17:00+00:00,CPUUtilization,10.139666666666667
2026-08-03T04:22:00+00:00,CPUUtilization,10.111333333333333
2026-08-03T04:27:00+00:00,CPUUtilization,10.180333333333333
2026-08-03T04:32:00+00:00,CPUUtilization,10.142
2026-08-03T04:37:00+00:00,CPUUtilization,10.075333333333333
2026-08-03T04:42:00+00:00,CPUUtilization,10.172666666666666
2026-08-03T04:47:00+00:00,CPUUtilization,10.145999999999999
2026-08-03T04:52:00+00:00,CPUUtilization,10.149333333333333
2026-08-03T04:57:00+00:00,CPUUtilization,10.168000000000001
2026-08-03T05:02:00+00:00,CPUUtilization,10.132333333333332
2026-08-03T05:07:00+00:00,CPUUtilization,10.114497791850678
2026-08-03T05:12:00+00:00,CPUUtilization,10.17783604189238
2026-08-03T05:17:00+00:00,CPUUtilization,10.088666666666665
2026-08-03T05:22:00+00:00,CPUUtilization,10.117999999999999
2026-08-03T05:27:00+00:00,CPUUtilization,10.162
2026-08-03T05:32:00+00:00,CPUUtilization,10.151999999999997
2026-08-03T05:37:00+00:00,CPUUtilization,10.102666666666666
2026-08-03T05:42:00+00:00,CPUUtilization,10.216
2026-08-03T05:47:00+00:00,CPUUtilization,10.093
2026-08-03T05:52:00+00:00,CPUUtilization,10.102
2026-08-03T05:57:00+00:00,CPUUtilization,10.193
2026-08-03T06:02:00+00:00,CPUUtilization,10.048666666666666
2026-08-03T06:07:00+00:00,CPUUtilization,10.078666666666667
2026-08-03T06:12:00+00:00,CPUUtilization,10.016000000000002
2026-08-03T06:17:00+00:00,CPUUtilization,10.035999999999998
2026-08-03T06:22:00+00:00,CPUUtilization,10.084
2026-08-03T06:27:00+00:00,CPUUtilization,10.237333333333334
2026-08-03T06:32:00+00:00,CPUUtilization,9.974333333333334
2026-08-03T06:37:00+00:00,CPUUtilization,10.009333333333334
2026-08-03T06:42:00+00:00,CPUUtilization,10.053999999999998
2026-08-03T06:47:00+00:00,CPUUtilization,9.970666666666665
2026-08-03T06:52:00+00:00,CPUUtilization,10.090333333333332
2026-08-03T06:57:00+00:00,CPUUtilization,10.070333333333334
2026-08-03T07:02:00+00:00,CPUUtilization,10.080666666666666
2026-08-03T07:07:00+00:00,CPUUtilization,10.091333333333333
2026-08-03T07:12:00+00:00,CPUUtilization,10.083333333333334
2026-08-03T07:17:00+00:00,CPUUtilization,10.010333333333332
2026-08-03T07:22:00+00:00,CPUUtilization,10.056999999999999
2026-08-03T07:27:00+00:00,CPUUtilization,10.108999999999998
2026-08-03T07:32:00+00:00,CPUUtilization,10.511999999999999
2026-08-03T07:37:00+00:00,CPUUtilization,9.944333333333333
2026-08-03T07:42:00+00:00,CPUUtilization,10.030333333333331
2026-08-03T07:47:00+00:00,CPUUtilization,10.052
2026-08-03T07:52:00+00:00,CPUUtilization,9.941333333333333
2026-08-03T07:57:00+00:00,CPUUtilization,10.142
2026-08-03T08:02:00+00:00,CPUUtilization,9.817333333333332
2026-08-03T08:07:00+00:00,CPUUtilization,10.118666666666666
2026-08-03T08:12:00+00:00,CPUUtilization,10.089666666666666
2026-08-03T08:17:00+00:00,CPUUtilization,10.094
2026-08-03T08:22:00+00:00,CPUUtilization,10.092666666666666
2026-08-03T08:27:00+00:00,CPUUtilization,10.178999999999998
2026-08-03T08:32:00+00:00,CPUUtilization,10.147
2026-08-03T08:37:00+00:00,CPUUtilization,10.144666666666668
2026-08-03T08:42:00+00:00,CPUUtilization,10.172
2026-08-03T08:47:00+00:00,CPUUtilization,10.098333333333333
2026-08-03T08:52:00+00:00,CPUUtilization,10.104666666666665
2026-08-03T08:57:00+00:00,CPUUtilization,10.193000000000001
2026-08-03T09:02:00+00:00,CPUUtilization,10.134999999999998
2026-08-03T09:07:00+00:00,CPUUtilization,10.094666666666665
2026-08-03T09:12:00+00:00,CPUUtilization,10.150666666666668
2026-08-03T09:17:00+00:00,CPUUtilization,10.097333333333333
2026-08-03T09:22:00+00:00,CPUUtilization,10.060333333333332
2026-08-03T09:27:00+00:00,CPUUtilization,10.139666666666667
2026-08-03T09:32:00+00:00,CPUUtilization,10.074333333333332
2026-08-03T09:37:00+00:00,CPUUtilization,10.088666666666665
2026-08-03T09:42:00+00:00,CPUUtilization,10.152666666666665
2026-08-03T09:47:00+00:00,CPUUtilization,10.047
2026-08-03T09:52:00+00:00,CPUUtilization,10.049333333333333
2026-08-03T09:57:00+00:00,CPUUtilization,10.177
2026-08-03T10:02:00+00:00,CPUUtilization,10.053666666666667
2026-08-03T10:07:00+00:00,CPUUtilization,10.041333333333334
2026-08-03T10:12:00+00:00,CPUUtilization,10.119666666666667
2026-08-03T10:17:00+00:00,CPUUtilization,9.956
2026-08-03T10:22:00+00:00,CPUUtilization,10.126333333333331
2026-08-03T10:27:00+00:00,CPUUtilization,10.172333333333333
2026-08-03T10:32:00+00:00,CPUUtilization,10.077333333333334
2026-08-03T10:37:00+00:00,CPUUtilization,9.989
2026-08-03T10:42:00+00:00,CPUUtilization,10.004666666666667
2026-08-03T10:47:00+00:00,CPUUtilization,10.031333333333333
2026-08-03T10:52:00+00:00,CPUUtilization,10.099666055849534
2026-08-03T10:57:00+00:00,CPUUtilization,10.140666666666664
2026-08-03T11:02:00+00:00,CPUUtilization,9.978
2026-08-03T11:07:00+00:00,CPUUtilization,9.953666666666667
2026-08-03T11:12:00+00:00,CPUUtilization,10.042
2026-08-03T11:17:00+00:00,CPUUtilization,10.092666666666664
2026-08-03T11:22:00+00:00,CPUUtilization,10.073666666666666
2026-08-03T11:27:00+00:00,CPUUtilization,10.054333333333334
2026-08-03T11:32:00+00:00,CPUUtilization,9.975666666666665
2026-08-03T11:37:00+00:00,CPUUtilization,9.984666666666667
2026-08-03T11:42:00+00:00,CPUUtilization,10.142999999999999
2026-08-03T11:47:00+00:00,CPUUtilization,10.047666666666668
2026-08-03T11:52:00+00:00,CPUUtilization,10.014666666666665
2026-08-03T11:57:00+00:00,CPUUtilization,10.032333333333334
2026-08-03T12:02:00+00:00,CPUUtilization,9.947999999999999
2026-08-03T12:07:00+00:00,CPUUtilization,9.791999999999998
2026-08-03T12:12:00+00:00,CPUUtilization,9.715333333333334
2026-08-03T12:17:00+00:00,CPUUtilization,9.655333333333335
2026-08-03T12:22:00+00:00,CPUUtilization,9.987666666666666
2026-08-03T12:27:00+00:00,CPUUtilization,9.853666666666665
2026-08-03T12:32:00+00:00,CPUUtilization,9.707999999999998
2026-08-03T12:37:00+00:00,CPUUtilization,9.738
2026-08-03T12:42:00+00:00,CPUUtilization,10.029666666666667
2026-08-03T12:47:00+00:00,CPUUtilization,9.453999999999999
2026-08-03T12:52:00+00:00,CPUUtilization,9.994666666666665
2026-08-03T12:57:00+00:00,CPUUtilization,9.993666666666666
2026-08-03T13:02:00+00:00,CPUUtilization,9.952666666666667
2026-08-03T13:07:00+00:00,CPUUtilization,10.158666666666667
2026-08-03T13:12:00+00:00,CPUUtilization,10.007333333333332
2026-08-03T13:17:00+00:00,CPUUtilization,10.136333333333331
2026-08-03T13:22:00+00:00,CPUUtilization,10.139666666666667
2026-08-03T13:27:00+00:00,CPUUtilization,10.205666666666668
2026-08-03T13:32:00+00:00,CPUUtilization,10.141000000000002
2026-08-03T13:37:00+00:00,CPUUtilization,10.005333333333333
2026-08-03T13:42:00+00:00,CPUUtilization,10.082999999999998
2026-08-03T13:47:00+00:00,CPUUtilization,9.790333333333333
2026-08-03T13:52:00+00:00,CPUUtilization,10.252
2026-08-03T13:57:00+00:00,CPUUtilization,10.123000000000001
2026-08-03T14:02:00+00:00,CPUUtilization,10.200999999999999
2026-08-03T14:07:00+00:00,CPUUtilization,10.157666666666668
2026-08-03T14:12:00+00:00,CPUUtilization,10.274999999999999
2026-08-03T14:17:00+00:00,CPUUtilization,10.268
2026-08-03T14:22:00+00:00,CPUUtilization,10.269666666666664
2026-08-03T14:27:00+00:00,CPUUtilization,10.520666666666667
2026-08-03T14:32:00+00:00,CPUUtilization,10.183666666666666
2026-08-03T14:37:00+00:00,CPUUtilization,10.105666666666666
2026-08-03T14:42:00+00:00,CPUUtilization,10.115666666666666
2026-08-03T14:47:00+00:00,CPUUtilization,10.129666666666665
2026-08-03T14:52:00+00:00,CPUUtilization,10.091333333333333
2026-08-03T14:57:00+00:00,CPUUtilization,10.182666666666666
2026-08-03T15:02:00+00:00,CPUUtilization,10.254666666666667
2026-08-03T15:07:00+00:00,CPUUtilization,10.107333333333333
2026-08-03T15:12:00+00:00,CPUUtilization,10.145
2026-08-03T15:17:00+00:00,CPUUtilization,10.150666666666666
2026-08-03T15:22:00+00:00,CPUUtilization,10.117333333333331
2026-08-03T15:27:00+00:00,CPUUtilization,10.100333333333333
2026-08-03T15:32:00+00:00,CPUUtilization,10.187
2026-08-03T15:37:00+00:00,CPUUtilization,10.086333333333332
2026-08-03T15:42:00+00:00,CPUUtilization,10.088666666666665
2026-08-03T15:47:00+00:00,CPUUtilization,10.131333333333334
2026-08-03T15:52:00+00:00,CPUUtilization,10.100333333333332
2026-08-03T15:57:00+00:00,CPUUtilization,10.077666666666666
2026-08-03T16:02:00+00:00,CPUUtilization,10.216333333333333
2026-08-03T16:07:00+00:00,CPUUtilization,10.119666666666665
2026-08-03T16:12:00+00:00,CPUUtilization,10.129
2026-08-03T16:17:00+00:00,CPUUtilization,10.173
2026-08-03T16:22:00+00:00,CPUUtilization,10.136666666666667
2026-08-03T16:27:00+00:00,CPUUtilization,10.141333333333332
2026-08-03T16:32:00+00:00,CPUUtilization,10.242
2026-08-03T16:37:00+00:00,CPUUtilization,10.121333333333334
2026-08-03T16:42:00+00:00,CPUUtilization,10.127666666666666
2026-08-03T16:47:00+00:00,CPUUtilization,10.180333333333333
2026-08-03T16:52:00+00:00,CPUUtilization,10.100999999999999
2026-08-03T16:57:00+00:00,CPUUtilization,10.149666666666667
2026-08-03T17:02:00+00:00,CPUUtilization,10.178666666666667
2026-08-03T17:07:00+00:00,CPUUtilization,10.153666666666666
2026-08-03T17:12:00+00:00,CPUUtilization,10.122333333333334
2026-08-03T17:17:00+00:00,CPUUtilization,10.237
2026-08-03T17:22:00+00:00,CPUUtilization,10.100333333333333
2026-08-03T17:27:00+00:00,CPUUtilization,10.103
2026-08-03T17:32:00+00:00,CPUUtilization,10.156333333333333
2026-08-03T17:37:00+00:00,CPUUtilization,10.169666666666668
2026-08-03T17:42:00+00:00,CPUUtilization,10.186333333333334
2026-08-03T17:47:00+00:00,CPUUtilization,10.209
2026-08-03T17:52:00+00:00,CPUUtilization,10.097333333333333
2026-08-03T17:57:00+00:00,CPUUtilization,10.183666666666666
2026-08-03T18:02:00+00:00,CPUUtilization,10.163666666666668
2026-08-03T18:07:00+00:00,CPUUtilization,10.106333333333334
2026-08-03T18:12:00+00:00,CPUUtilization,10.154666666666666
2026-08-03T18:17:00+00:00,CPUUtilization,10.274
2026-08-03T18:22:00+00:00,CPUUtilization,10.218
2026-08-03T18:27:00+00:00,CPUUtilization,10.177666666666667
2026-08-03T18:32:00+00:00,CPUUtilization,10.190999999999999
2026-08-03T18:37:00+00:00,CPUUtilization,10.077666666666666
2026-08-03T18:42:00+00:00,CPUUtilization,9.979
2026-08-03T18:47:00+00:00,CPUUtilization,10.088666666666665
2026-08-03T18:52:00+00:00,CPUUtilization,9.981333333333334
2026-08-03T18:57:00+00:00,CPUUtilization,10.079666666666665
2026-08-03T19:02:00+00:00,CPUUtilization,10.115333333333334
2026-08-03T19:07:00+00:00,CPUUtilization,10.086
2026-08-03T19:12:00+00:00,CPUUtilization,10.066999999999998
2026-08-03T19:17:00+00:00,CPUUtilization,10.150333333333332
2026-08-03T19:22:00+00:00,CPUUtilization,10.075333333333331
2026-08-03T19:27:00+00:00,CPUUtilization,10.102666666666668
2026-08-03T19:32:00+00:00,CPUUtilization,10.129
2026-08-03T19:37:00+00:00,CPUUtilization,10.088
2026-08-03T19:42:00+00:00,CPUUtilization,10.093
2026-08-03T19:47:00+00:00,CPUUtilization,10.190666666666667
2026-08-03T19:52:00+00:00,CPUUtilization,10.078
2026-08-03T19:57:00+00:00,CPUUtilization,10.097666666666665
2026-08-03T20:02:00+00:00,CPUUtilization,10.116666666666665
2026-08-03T20:07:00+00:00,CPUUtilization,10.085333333333333
2026-08-03T20:12:00+00:00,CPUUtilization,10.072666666666667
2026-08-03T20:17:00+00:00,CPUUtilization,10.167333333333332
2026-08-03T20:22:00+00:00,CPUUtilization,10.075999999999999
2026-08-03T20:27:00+00:00,CPUUtilization,10.076999999999998
2026-08-03T20:32:00+00:00,CPUUtilization,10.119
2026-08-03T20:37:00+00:00,CPUUtilization,10.093666666666667
2026-08-03T20:42:00+00:00,CPUUtilization,10.056333333333333
2026-08-03T20:47:00+00:00,CPUUtilization,10.166
2026-08-03T20:52:00+00:00,CPUUtilization,10.052999999999999
2026-08-03T20:57:00+00:00,CPUUtilization,10.092000000000002
2026-08-03T21:02:00+00:00,CPUUtilization,10.125
2026-08-03T21:07:00+00:00,CPUUtilization,10.084666666666667
2026-08-03T21:12:00+00:00,CPUUtilization,10.076999999999998
2026-08-03T21:17:00+00:00,CPUUtilization,10.211333333333332
2026-08-03T21:22:00+00:00,CPUUtilization,10.085666666666667
2026-08-03T21:27:00+00:00,CPUUtilization,10.084666666666667
2026-08-03T21:32:00+00:00,CPUUtilization,10.134
2026-08-03T21:37:00+00:00,CPUUtilization,10.093
2026-08-03T21:42:00+00:00,CPUUtilization,10.059333333333333
2026-08-03T21:47:00+00:00,CPUUtilization,10.140666666666666
2026-08-03T21:52:00+00:00,CPUUtilization,10.027666666666667
2026-08-03T21:57:00+00:00,CPUUtilization,10.055
2026-08-03T22:02:00+00:00,CPUUtilization,10.138333333333332
2026-08-03T22:07:00+00:00,CPUUtilization,10.072333333333333
2026-08-03T22:12:00+00:00,CPUUtilization,10.083666666666668
2026-08-03T22:17:00+00:00,CPUUtilization,10.145
2026-08-03T22:22:00+00:00,CPUUtilization,10.010666666666667
2026-08-03T22:27:00+00:00,CPUUtilization,10.109333333333334
2026-08-03T22:32:00+00:00,CPUUtilization,10.181999999999999
2026-08-03T22:37:00+00:00,CPUUtilization,10.091666666666665
2026-08-03T22:42:00+00:00,CPUUtilization,10.072
2026-08-03T22:47:00+00:00,CPUUtilization,10.153666666666666
2026-08-03T22:52:00+00:00,CPUUtilization,10.102
2026-08-03T22:57:00+00:00,CPUUtilization,10.082
2026-08-03T23:02:00+00:00,CPUUtilization,10.163666666666668
2026-08-03T23:07:00+00:00,CPUUtilization,10.073666666666664
2026-08-03T23:12:00+00:00,CPUUtilization,10.094
2026-08-03T23:17:00+00:00,CPUUtilization,10.123000000000001
2026-08-03T23:22:00+00:00,CPUUtilization,10.090333333333332
2026-08-03T23:27:00+00:00,CPUUtilization,10.106668500368068
2026-08-03T23:32:00+00:00,CPUUtilization,10.145333333333333
2026-08-03T23:37:00+00:00,CPUUtilization,10.468666666666667
2026-08-03T23:42:00+00:00,CPUUtilization,10.191666666666666
2026-08-03T23:47:00+00:00,CPUUtilization,10.094
2026-08-03T23:52:00+00:00,CPUUtilization,10.023
2026-08-03T23:57:00+00:00,CPUUtilization,10.036
2026-08-04T00:02:00+00:00,CPUUtilization,10.147666666666666
2026-08-04T00:07:00+00:00,CPUUtilization,10.055333333333333
2026-08-04T00:12:00+00:00,CPUUtilization,10.056333333333331
2026-08-04T00:17:00+00:00,CPUUtilization,10.100333333333335
2026-08-04T00:22:00+00:00,CPUUtilization,10.062999999999999
2026-08-04T00:27:00+00:00,CPUUtilization,10.038666666666666
2026-08-04T00:32:00+00:00,CPUUtilization,10.165666666666667
2026-08-04T00:37:00+00:00,CPUUtilization,10.043
2026-08-04T00:42:00+00:00,CPUUtilization,10.059666666666667
2026-08-04T00:47:00+00:00,CPUUtilization,10.146333333333333
2026-08-04T00:52:00+00:00,CPUUtilization,10.113000000000001
2026-08-04T00:57:00+00:00,CPUUtilization,10.094333333333333
2026-08-04T01:02:00+00:00,CPUUtilization,10.165333333333333
2026-08-04T01:07:00+00:00,CPUUtilization,10.118999999999998
2026-08-04T01:12:00+00:00,CPUUtilization,10.074666666666666
2026-08-04T01:17:00+00:00,CPUUtilization,10.116333333333333
2026-08-04T01:22:00+00:00,CPUUtilization,10.068999999999999
2026-08-04T01:27:00+00:00,CPUUtilization,10.087
2026-08-04T01:32:00+00:00,CPUUtilization,10.168
2026-08-04T01:37:00+00:00,CPUUtilization,10.070333333333334
2026-08-04T01:42:00+00:00,CPUUtilization,10.076333333333334
2026-08-04T01:47:00+00:00,CPUUtilization,10.138
2026-08-04T01:52:00+00:00,CPUUtilization,10.074666666666664
2026-08-04T01:57:00+00:00,CPUUtilization,10.054666666666666
2026-08-04T02:02:00+00:00,CPUUtilization,10.163
2026-08-04T02:07:00+00:00,CPUUtilization,10.038666666666666
2026-08-04T02:12:00+00:00,CPUUtilization,10.058333333333332
2026-08-04T02:17:00+00:00,CPUUtilization,10.108999999999998
2026-08-04T02:22:00+00:00,CPUUtilization,10.026333333333332
2026-08-04T02:27:00+00:00,CPUUtilization,10.053999999999998
2026-08-04T02:32:00+00:00,CPUUtilization,10.132333333333333
2026-08-04T02:37:00+00:00,CPUUtilization,10.040666666666667
2026-08-04T02:42:00+00:00,CPUUtilization,10.078666666666667
2026-08-04T02:47:00+00:00,CPUUtilization,10.140333333333334
2026-08-04T02:52:00+00:00,CPUUtilization,10.058
2026-08-04T02:57:00+00:00,CPUUtilization,10.078
2026-08-04T03:02:00+00:00,CPUUtilization,10.135666666666667
2026-08-04T03:07:00+00:00,CPUUtilization,10.041999999999998
2026-08-04T03:12:00+00:00,CPUUtilization,10.052333333333333
2026-08-04T03:17:00+00:00,CPUUtilization,10.103666666666665
2026-08-04T03:22:00+00:00,CPUUtilization,10.092666666666668
2026-08-04T03:27:00+00:00,CPUUtilization,10.003666666666666
2026-08-04T03:32:00+00:00,CPUUtilization,10.059333333333333
2026-08-04T03:37:00+00:00,CPUUtilization,9.949666666666667
2026-08-04T03:42:00+00:00,CPUUtilization,10.016
2026-08-04T03:47:00+00:00,CPUUtilization,11.025666666666666
2026-08-04T03:52:00+00:00,CPUUtilization,19.125666666666667
2026-08-04T03:57:00+00:00,CPUUtilization,10.159666666666666
2026-08-04T04:02:00+00:00,CPUUtilization,10.113
2026-08-04T04:07:00+00:00,CPUUtilization,9.927333333333333
2026-08-04T04:12:00+00:00,CPUUtilization,10.012999999999998
2026-08-04T04:17:00+00:00,CPUUtilization,10.017333333333331
2026-08-04T04:22:00+00:00,CPUUtilization,9.969333333333333
2026-08-04T04:27:00+00:00,CPUUtilization,10.116333333333333
2026-08-04T04:32:00+00:00,CPUUtilization,10.145666666666667
2026-08-04T04:37:00+00:00,CPUUtilization,10.037
2026-08-04T04:42:00+00:00,CPUUtilization,10.086666666666666
2026-08-04T04:47:00+00:00,CPUUtilization,10.177
2026-08-04T04:52:00+00:00,CPUUtilization,10.104666666666665
2026-08-04T04:57:00+00:00,CPUUtilization,10.076333333333334
2026-08-04T05:02:00+00:00,CPUUtilization,10.169
2026-08-04T05:07:00+00:00,CPUUtilization,10.091333333333333
2026-08-04T05:12:00+00:00,CPUUtilization,10.097
2026-08-04T05:17:00+00:00,CPUUtilization,10.170666666666666
2026-08-04T05:22:00+00:00,CPUUtilization,10.119666666666665
2026-08-04T05:27:00+00:00,CPUUtilization,15.110666666666669
2026-08-04T05:32:00+00:00,CPUUtilization,18.18633333333333
2026-08-04T05:37:00+00:00,CPUUtilization,10.123
2026-08-04T05:42:00+00:00,CPUUtilization,10.105333333333334
2026-08-04T05:47:00+00:00,CPUUtilization,10.174000000000001
2026-08-04T05:52:00+00:00,CPUUtilization,10.095
2026-08-04T05:57:00+00:00,CPUUtilization,10.142666666666667
2026-08-04T06:02:00+00:00,CPUUtilization,10.175333333333333
2026-08-04T06:07:00+00:00,CPUUtilization,10.12433333333333
2026-08-04T06:12:00+00:00,CPUUtilization,10.093
2026-08-04T06:17:00+00:00,CPUUtilization,10.215333333333334
2026-08-04T06:22:00+00:00,CPUUtilization,10.09633333333333
2026-08-04T06:27:00+00:00,CPUUtilization,10.187999999999999
2026-08-04T06:32:00+00:00,CPUUtilization,10.144333333333332
2026-08-04T06:37:00+00:00,CPUUtilization,10.207666666666666
2026-08-04T06:42:00+00:00,CPUUtilization,10.098666666666668
2026-08-04T06:47:00+00:00,CPUUtilization,10.169333333333332
2026-08-04T06:52:00+00:00,CPUUtilization,10.226333333333333
2026-08-04T06:57:00+00:00,CPUUtilization,9.782333333333332
2026-08-04T07:02:00+00:00,CPUUtilization,9.863
2026-08-04T07:07:00+00:00,CPUUtilization,10.081999999999999
2026-08-04T07:12:00+00:00,CPUUtilization,9.878
2026-08-04T07:17:00+00:00,CPUUtilization,9.917666666666666
2026-08-04T07:22:00+00:00,CPUUtilization,9.808
2026-08-04T07:27:00+00:00,CPUUtilization,9.926333333333332
2026-08-04T07:32:00+00:00,CPUUtilization,10.126
2026-08-04T07:37:00+00:00,CPUUtilization,9.907
2026-08-04T07:42:00+00:00,CPUUtilization,9.892666666666665
2026-08-04T07:47:00+00:00,CPUUtilization,10.152666666666665
2026-08-04T07:52:00+00:00,CPUUtilization,9.891666666666667
2026-08-04T07:57:00+00:00,CPUUtilization,10.144666666666666
2026-08-04T08:02:00+00:00,CPUUtilization,10.101666666666665
2026-08-04T08:07:00+00:00,CPUUtilization,9.997
2026-08-04T08:12:00+00:00,CPUUtilization,9.965333333333334
2026-08-04T08:17:00+00:00,CPUUtilization,10.046333333333333
2026-08-04T08:22:00+00:00,CPUUtilization,9.917666666666667
2026-08-04T08:27:00+00:00,CPUUtilization,10.065666666666665
2026-08-04T08:32:00+00:00,CPUUtilization,9.941666666666666
2026-08-04T08:37:00+00:00,CPUUtilization,10.085666666666668
2026-08-04T08:42:00+00:00,CPUUtilization,10.075333333333333
2026-08-04T08:47:00+00:00,CPUUtilization,10.133666666666667
2026-08-04T08:52:00+00:00,CPUUtilization,10.097999999999999
2026-08-04T08:57:00+00:00,CPUUtilization,10.014333333333333
2026-08-04T09:02:00+00:00,CPUUtilization,9.964333333333334
2026-08-04T09:07:00+00:00,CPUUtilization,9.989
2026-08-04T09:12:00+00:00,CPUUtilization,9.908666666666665
2026-08-04T09:17:00+00:00,CPUUtilization,10.183
2026-08-04T09:22:00+00:00,CPUUtilization,10.045333333333334
2026-08-04T09:27:00+00:00,CPUUtilization,10.075333333333333
2026-08-04T09:32:00+00:00,CPUUtilization,10.135666666666667
2026-08-04T09:37:00+00:00,CPUUtilization,9.988
2026-08-04T09:42:00+00:00,CPUUtilization,10.033
2026-08-04T09:47:00+00:00,CPUUtilization,10.173666666666666
2026-08-04T09:52:00+00:00,CPUUtilization,10.064
2026-08-04T09:57:00+00:00,CPUUtilization,10.076333333333332
2026-08-04T10:02:00+00:00,CPUUtilization,10.077666666666666
2026-08-04T10:07:00+00:00,CPUUtilization,10.052333333333333
2026-08-04T10:12:00+00:00,CPUUtilization,10.064333333333334
2026-08-04T10:17:00+00:00,CPUUtilization,10.162333333333333
2026-08-04T10:22:00+00:00,CPUUtilization,9.968666666666667
2026-08-04T10:27:00+00:00,CPUUtilization,9.942333333333334
2026-08-04T10:32:00+00:00,CPUUtilization,10.504999999999999
2026-08-04T10:37:00+00:00,CPUUtilization,9.984333333333334
2026-08-04T10:42:00+00:00,CPUUtilization,10.088666666666665
2026-08-04T10:47:00+00:00,CPUUtilization,10.088666666666665
2026-08-04T10:52:00+00:00,CPUUtilization,10.024666666666667
2026-08-04T10:57:00+00:00,CPUUtilization,10.072999999999999
2026-08-04T11:02:00+00:00,CPUUtilization,10.155333333333335
2026-08-04T11:07:00+00:00,CPUUtilization,10.029666666666666
2026-08-04T11:12:00+00:00,CPUUtilization,9.949333333333334
2026-08-04T11:17:00+00:00,CPUUtilization,10.093
2026-08-04T11:22:00+00:00,CPUUtilization,9.995666666666665
2026-08-04T11:27:00+00:00,CPUUtilization,10.108
2026-08-04T11:32:00+00:00,CPUUtilization,10.016
2026-08-04T11:37:00+00:00,CPUUtilization,9.949666666666666
2026-08-04T11:42:00+00:00,CPUUtilization,9.989666666666666
2026-08-04T11:47:00+00:00,CPUUtilization,10.072666666666667
2026-08-04T11:52:00+00:00,CPUUtilization,10.060333333333332
2026-08-04T11:57:00+00:00,CPUUtilization,9.940333333333333
2026-08-04T12:02:00+00:00,CPUUtilization,10.057
2026-08-04T12:07:00+00:00,CPUUtilization,10.057333333333334
2026-08-04T12:12:00+00:00,CPUUtilization,10.018
2026-08-04T12:17:00+00:00,CPUUtilization,10.164
2026-08-04T12:22:00+00:00,CPUUtilization,10.006333333333334
2026-08-04T12:27:00+00:00,CPUUtilization,10.000333333333334
2026-08-04T12:32:00+00:00,CPUUtilization,10.020999999999999
2026-08-04T12:37:00+00:00,CPUUtilization,10.111333333333333
2026-08-04T12:42:00+00:00,CPUUtilization,9.946333333333333
2026-08-04T12:47:00+00:00,CPUUtilization,10.063666666666666
2026-08-04T12:52:00+00:00,CPUUtilization,10.034666666666666
2026-08-04T12:57:00+00:00,CPUUtilization,10.125666666666667
2026-08-04T13:02:00+00:00,CPUUtilization,10.033
2026-08-04T13:07:00+00:00,CPUUtilization,9.932333333333332
2026-08-04T13:12:00+00:00,CPUUtilization,9.905666666666665
2026-08-04T13:17:00+00:00,CPUUtilization,10.155
2026-08-04T13:22:00+00:00,CPUUtilization,9.875333333333334
2026-08-04T13:27:00+00:00,CPUUtilization,9.802999999999999
2026-08-04T13:32:00+00:00,CPUUtilization,9.868666666666666
2026-08-04T13:37:00+00:00,CPUUtilization,10.056999999999999
2026-08-04T13:42:00+00:00,CPUUtilization,9.902
2026-08-04T13:47:00+00:00,CPUUtilization,9.851999999999999
2026-08-04T13:52:00+00:00,CPUUtilization,9.996333333333332
2026-08-04T13:57:00+00:00,CPUUtilization,10.045999999999998
2026-08-04T14:02:00+00:00,CPUUtilization,9.587333333333333
2026-08-04T14:07:00+00:00,CPUUtilization,9.450999999999999
2026-08-04T14:12:00+00:00,CPUUtilization,9.247
2026-08-04T14:17:00+00:00,CPUUtilization,10.165333333333333
2026-08-04T14:22:00+00:00,CPUUtilization,9.316333333333333
2026-08-04T14:27:00+00:00,CPUUtilization,9.536
2026-08-04T14:32:00+00:00,CPUUtilization,10.043666666666667
2026-08-04T14:37:00+00:00,CPUUtilization,10.094
2026-08-04T14:42:00+00:00,CPUUtilization,10.104666666666667
2026-08-04T14:47:00+00:00,CPUUtilization,10.175333333333333
2026-08-04T14:52:00+00:00,CPUUtilization,10.132
2026-08-04T14:57:00+00:00,CPUUtilization,10.127666666666666
2026-08-04T15:02:00+00:00,CPUUtilization,10.172666666666666
2026-08-04T15:07:00+00:00,CPUUtilization,10.089333333333332
2026-08-04T15:12:00+00:00,CPUUtilization,10.129333333333333
2026-08-04T15:17:00+00:00,CPUUtilization,10.196333333333333
2026-08-04T15:22:00+00:00,CPUUtilization,10.134666666666666
2026-08-04T15:27:00+00:00,CPUUtilization,10.123666666666667
2026-08-04T15:32:00+00:00,CPUUtilization,10.179333333333334
2026-08-04T15:37:00+00:00,CPUUtilization,10.115999999999998
2026-08-04T15:42:00+00:00,CPUUtilization,10.155333333333335
2026-08-04T15:47:00+00:00,CPUUtilization,10.153666666666666
2026-08-04T15:52:00+00:00,CPUUtilization,10.130666666666666
2026-08-04T15:57:00+00:00,CPUUtilization,10.181999999999999
2026-08-04T16:02:00+00:00,CPUUtilization,10.243666666666666
2026-08-04T16:07:00+00:00,CPUUtilization,10.169666666666666
2026-08-04T16:12:00+00:00,CPUUtilization,10.17
2026-08-04T16:17:00+00:00,CPUUtilization,10.270999999999999
2026-08-04T16:22:00+00:00,CPUUtilization,10.221666666666668
2026-08-04T16:27:00+00:00,CPUUtilization,10.226666666666667
2026-08-04T16:32:00+00:00,CPUUtilization,10.208666666666668
2026-08-04T16:37:00+00:00,CPUUtilization,10.204666666666666
2026-08-04T16:42:00+00:00,CPUUtilization,10.182
2026-08-04T16:47:00+00:00,CPUUtilization,10.311333333333334
2026-08-04T16:52:00+00:00,CPUUtilization,10.186333333333332
2026-08-04T16:57:00+00:00,CPUUtilization,10.224333333333334
2026-08-04T17:02:00+00:00,CPUUtilization,10.243666666666666
2026-08-04T17:07:00+00:00,CPUUtilization,10.143
2026-08-04T17:12:00+00:00,CPUUtilization,10.170333333333334
2026-08-04T17:17:00+00:00,CPUUtilization,10.218666666666666
2026-08-04T17:22:00+00:00,CPUUtilization,10.309666666666667
2026-08-04T17:27:00+00:00,CPUUtilization,10.067
2026-08-04T17:32:00+00:00,CPUUtilization,10.126999999999999
2026-08-04T17:37:00+00:00,CPUUtilization,10.041999999999998
2026-08-04T17:42:00+00:00,CPUUtilization,10.073333333333332
2026-08-04T17:47:00+00:00,CPUUtilization,10.128666666666666
2026-08-04T17:52:00+00:00,CPUUtilization,10.056333333333333
2026-08-04T17:57:00+00:00,CPUUtilization,10.044333333333334
2026-08-04T18:02:00+00:00,CPUUtilization,10.127
2026-08-04T18:07:00+00:00,CPUUtilization,10.046333333333333
2026-08-04T18:12:00+00:00,CPUUtilization,10.024333333333335
2026-08-04T18:17:00+00:00,CPUUtilization,10.107666666666667
2026-08-04T18:22:00+00:00,CPUUtilization,10.046333333333333
2026-08-04T18:27:00+00:00,CPUUtilization,10.044
2026-08-04T18:32:00+00:00,CPUUtilization,10.072
2026-08-04T18:37:00+00:00,CPUUtilization,10.021333333333335
2026-08-04T18:42:00+00:00,CPUUtilization,10.048
2026-08-04T18:47:00+00:00,CPUUtilization,10.110333333333333
2026-08-04T18:52:00+00:00,CPUUtilization,10.039666666666665
2026-08-04T18:57:00+00:00,CPUUtilization,10.050333333333333
2026-08-04T19:02:00+00:00,CPUUtilization,10.110999999999999
2026-08-04T19:07:00+00:00,CPUUtilization,10.040666666666665
2026-08-04T19:12:00+00:00,CPUUtilization,10.034333333333333
2026-08-04T19:17:00+00:00,CPUUtilization,10.111999999999998
2026-08-04T19:22:00+00:00,CPUUtilization,10.041999999999998
2026-08-04T19:27:00+00:00,CPUUtilization,10.022
2026-08-04T19:32:00+00:00,CPUUtilization,10.115333333333334
2026-08-04T19:37:00+00:00,CPUUtilization,10.047666666666666
2026-08-04T19:42:00+00:00,CPUUtilization,10.045333333333334
2026-08-04T19:47:00+00:00,CPUUtilization,10.102
2026-08-04T19:52:00+00:00,CPUUtilization,10.007
2026-08-04T19:57:00+00:00,CPUUtilization,10.074666666666667
2026-08-04T20:02:00+00:00,CPUUtilization,10.122333333333334
2026-08-04T20:07:00+00:00,CPUUtilization,10.037999416856476
2026-08-04T20:12:00+00:00,CPUUtilization,10.062333333333333
2026-08-04T20:17:00+00:00,CPUUtilization,10.145333333333332
2026-08-04T20:22:00+00:00,CPUUtilization,10.041666666666668
2026-08-04T20:27:00+00:00,CPUUtilization,10.080666666666666
2026-08-04T20:32:00+00:00,CPUUtilization,10.106
2026-08-04T20:37:00+00:00,CPUUtilization,10.093666666666667
2026-08-04T20:42:00+00:00,CPUUtilization,10.054666666666666
2026-08-04T20:47:00+00:00,CPUUtilization,10.155000000000001
2026-08-04T20:52:00+00:00,CPUUtilization,10.034666666666666
2026-08-04T20:57:00+00:00,CPUUtilization,10.064333333333334
2026-08-04T21:02:00+00:00,CPUUtilization,10.096333333333334
2026-08-04T21:07:00+00:00,CPUUtilization,10.040333333333333
2026-08-04T21:12:00+00:00,CPUUtilization,10.055333333333332
2026-08-04T21:17:00+00:00,CPUUtilization,10.136333333333333
2026-08-04T21:22:00+00:00,CPUUtilization,10.053666666666667
2026-08-04T21:27:00+00:00,CPUUtilization,10.044666666666666
2026-08-04T21:32:00+00:00,CPUUtilization,10.140333333333334
2026-08-04T21:37:00+00:00,CPUUtilization,10.061666666666667
2026-08-04T21:42:00+00:00,CPUUtilization,10.054333333333334
2026-08-04T21:47:00+00:00,CPUUtilization,10.071000000000002
2026-08-04T21:52:00+00:00,CPUUtilization,10.058666666666666
2026-08-04T21:57:00+00:00,CPUUtilization,10.097666666666665
2026-08-04T22:02:00+00:00,CPUUtilization,10.004666666666665
2026-08-04T22:07:00+00:00,CPUUtilization,10.129666666666665
2026-08-04T22:12:00+00:00,CPUUtilization,10.056333333333331
2026-08-04T22:17:00+00:00,CPUUtilization,10.087333333333332
2026-08-04T22:22:00+00:00,CPUUtilization,10.188999999999998
2026-08-04T22:27:00+00:00,CPUUtilization,10.132
2026-08-04T22:32:00+00:00,CPUUtilization,10.099666666666668
2026-08-04T22:37:00+00:00,CPUUtilization,10.186000000000002
2026-08-04T22:42:00+00:00,CPUUtilization,10.150333333333332
2026-08-04T22:47:00+00:00,CPUUtilization,10.168000000000001
2026-08-04T22:52:00+00:00,CPUUtilization,10.172333333333333
2026-08-04T22:57:00+00:00,CPUUtilization,10.070999999999998
2026-08-04T23:02:00+00:00,CPUUtilization,10.051
2026-08-04T23:07:00+00:00,CPUUtilization,10.073333333333334
2026-08-04T23:12:00+00:00,CPUUtilization,10.079666666666666
2026-08-04T23:17:00+00:00,CPUUtilization,10.022
2026-08-04T23:22:00+00:00,CPUUtilization,10.153333333333332
2026-08-04T23:27:00+00:00,CPUUtilization,10.051333333333334
2026-08-04T23:32:00+00:00,CPUUtilization,10.045666666666666
2026-08-04T23:37:00+00:00,CPUUtilization,10.079666666666666
2026-08-04T23:42:00+00:00,CPUUtilization,10.031333333333333
2026-08-04T23:47:00+00:00,CPUUtilization,9.970333333333333
2026-08-04T23:52:00+00:00,CPUUtilization,10.129
2026-08-04T23:57:00+00:00,CPUUtilization,10.068000000000001
2026-08-05T00:02:00+00:00,CPUUtilization,10.023
2026-08-05T00:07:00+00:00,CPUUtilization,10.021333333333335
2026-08-05T00:12:00+00:00,CPUUtilization,10.039666666666665
2026-08-05T00:17:00+00:00,CPUUtilization,10.069666666666667
2026-08-05T00:22:00+00:00,CPUUtilization,10.127999999999998
2026-08-05T00:27:00+00:00,CPUUtilization,10.059666666666667
2026-08-05T00:32:00+00:00,CPUUtilization,10.087
2026-08-05T00:37:00+00:00,CPUUtilization,10.133999999999999
2026-08-05T00:42:00+00:00,CPUUtilization,10.056999999999999
2026-08-05T00:47:00+00:00,CPUUtilization,10.070666666666664
2026-08-05T00:52:00+00:00,CPUUtilization,10.158666666666667
2026-08-05T00:57:00+00:00,CPUUtilization,10.058333333333334
2026-08-05T01:02:00+00:00,CPUUtilization,10.050333333333333
2026-08-05T01:07:00+00:00,CPUUtilization,10.120333333333333
2026-08-05T01:12:00+00:00,CPUUtilization,10.045666666666666
2026-08-05T01:17:00+00:00,CPUUtilization,10.036
2026-08-05T01:22:00+00:00,CPUUtilization,10.137333333333332
2026-08-05T01:27:00+00:00,CPUUtilization,10.080333333333332
2026-08-05T01:32:00+00:00,CPUUtilization,10.061333333333334
2026-08-05T01:37:00+00:00,CPUUtilization,10.100333333333333
2026-08-05T01:42:00+00:00,CPUUtilization,10.051333333333334
2026-08-05T01:47:00+00:00,CPUUtilization,10.019333333333332
2026-08-05T01:52:00+00:00,CPUUtilization,10.129
2026-08-05T01:57:00+00:00,CPUUtilization,10.046333333333333
2026-08-05T02:02:00+00:00,CPUUtilization,9.948666666666666
2026-08-05T02:07:00+00:00,CPUUtilization,10.026333333333334
2026-08-05T02:12:00+00:00,CPUUtilization,10.013333333333332
2026-08-05T02:17:00+00:00,CPUUtilization,10.008
2026-08-05T02:22:00+00:00,CPUUtilization,10.132666666666667
2026-08-05T02:27:00+00:00,CPUUtilization,10.020333333333332
2026-08-05T02:32:00+00:00,CPUUtilization,10.047666666666666
2026-08-05T02:37:00+00:00,CPUUtilization,10.094333333333333
2026-08-05T02:42:00+00:00,CPUUtilization,10.030000000000001
2026-08-05T02:47:00+00:00,CPUUtilization,10.007666666666665
2026-08-05T02:52:00+00:00,CPUUtilization,10.070333333333332
2026-08-05T02:57:00+00:00,CPUUtilization,10.047
2026-08-05T03:02:00+00:00,CPUUtilization,10.062999999999999
2026-08-05T03:07:00+00:00,CPUUtilization,10.091666666666665
2026-08-05T03:12:00+00:00,CPUUtilization,10.043666666666665
2026-08-05T03:17:00+00:00,CPUUtilization,9.999666666666666
2026-08-05T03:22:00+00:00,CPUUtilization,10.090333333333334
2026-08-05T03:27:00+00:00,CPUUtilization,9.934666666666667
2026-08-05T03:32:00+00:00,CPUUtilization,9.95
2026-08-05T03:37:00+00:00,CPUUtilization,10.082333333333334
2026-08-05T03:42:00+00:00,CPUUtilization,9.957666666666665
2026-08-05T03:47:00+00:00,CPUUtilization,9.937999999999999
2026-08-05T03:52:00+00:00,CPUUtilization,9.991
2026-08-05T03:57:00+00:00,CPUUtilization,10.005666666666665
2026-08-05T04:02:00+00:00,CPUUtilization,10.041
2026-08-05T04:07:00+00:00,CPUUtilization,10.067666666666664
2026-08-05T04:12:00+00:00,CPUUtilization,9.99933333333333
2026-08-05T04:17:00+00:00,CPUUtilization,10.119666666666665
2026-08-05T04:22:00+00:00,CPUUtilization,10.089666666666666
2026-08-05T04:27:00+00:00,CPUUtilization,18.307333333333332
2026-08-05T04:32:00+00:00,CPUUtilization,14.855333333333334
2026-08-05T04:37:00+00:00,CPUUtilization,10.074666666666667
2026-08-05T04:42:00+00:00,CPUUtilization,9.982999999999999
2026-08-05T04:47:00+00:00,CPUUtilization,9.980666666666668
2026-08-05T04:52:00+00:00,CPUUtilization,10.068
2026-08-05T04:57:00+00:00,CPUUtilization,10.016333333333334
2026-08-05T05:02:00+00:00,CPUUtilization,12.065333333333333
2026-08-05T05:07:00+00:00,CPUUtilization,19.145666666666667
2026-08-05T05:12:00+00:00,CPUUtilization,12.619666666666669
2026-08-05T05:17:00+00:00,CPUUtilization,10.430333333333333
2026-08-05T05:22:00+00:00,CPUUtilization,10.078333333333333
2026-08-05T05:27:00+00:00,CPUUtilization,10.056333333333331
2026-08-05T05:32:00+00:00,CPUUtilization,9.995333333333333
2026-08-05T05:37:00+00:00,CPUUtilization,10.132333333333332
2026-08-05T05:42:00+00:00,CPUUtilization,9.985666666666665
2026-08-05T05:47:00+00:00,CPUUtilization,10.013
2026-08-05T05:52:00+00:00,CPUUtilization,10.041999999999998
2026-08-05T05:57:00+00:00,CPUUtilization,10.024666666666667
2026-08-05T06:02:00+00:00,CPUUtilization,9.949333333333334
2026-08-05T06:07:00+00:00,CPUUtilization,10.051333333333334
2026-08-05T06:12:00+00:00,CPUUtilization,10.032
2026-08-05T06:17:00+00:00,CPUUtilization,10.067999999999998
2026-08-05T06:22:00+00:00,CPUUtilization,10.131
2026-08-05T06:27:00+00:00,CPUUtilization,10.068999999999999
2026-08-05T06:32:00+00:00,CPUUtilization,10.081333333333333
2026-08-05T06:37:00+00:00,CPUUtilization,10.334666666666667
2026-08-05T06:42:00+00:00,CPUUtilization,10.059666666666665
2026-08-05T06:47:00+00:00,CPUUtilization,10.073666666666666
2026-08-05T06:52:00+00:00,CPUUtilization,10.107
2026-08-05T06:57:00+00:00,CPUUtilization,10.083666666666664
2026-08-05T07:02:00+00:00,CPUUtilization,9.971
2026-08-05T07:07:00+00:00,CPUUtilization,10.184333333333333
2026-08-05T07:12:00+00:00,CPUUtilization,10.051666666666666
2026-08-05T07:17:00+00:00,CPUUtilization,10.066999999999998
2026-08-05T07:22:00+00:00,CPUUtilization,9.991333333333333
2026-08-05T07:27:00+00:00,CPUUtilization,9.953666666666667
2026-08-05T07:32:00+00:00,CPUUtilization,10.017999999999999
2026-08-05T07:37:00+00:00,CPUUtilization,10.156333333333333
2026-08-05T07:42:00+00:00,CPUUtilization,9.979666666666667
2026-08-05T07:47:00+00:00,CPUUtilization,10.037666666666667
2026-08-05T07:52:00+00:00,CPUUtilization,10.124
2026-08-05T07:57:00+00:00,CPUUtilization,10.082333333333333
2026-08-05T08:02:00+00:00,CPUUtilization,10.046666666666665
2026-08-05T08:07:00+00:00,CPUUtilization,10.152
2026-08-05T08:12:00+00:00,CPUUtilization,10.063666666666666
2026-08-05T08:17:00+00:00,CPUUtilization,10.103666666666665
2026-08-05T08:22:00+00:00,CPUUtilization,10.126333333333333
2026-08-05T08:27:00+00:00,CPUUtilization,10.047
2026-08-05T08:32:00+00:00,CPUUtilization,10.027999999999999
2026-08-05T08:37:00+00:00,CPUUtilization,10.122333333333334
2026-08-05T08:42:00+00:00,CPUUtilization,10.032999999999998
2026-08-05T08:47:00+00:00,CPUUtilization,10.047
2026-08-05T08:52:00+00:00,CPUUtilization,10.110333333333333
2026-08-05T08:57:00+00:00,CPUUtilization,10.023
2026-08-05T09:02:00+00:00,CPUUtilization,9.989333333333333
2026-08-05T09:07:00+00:00,CPUUtilization,10.056999999999999
2026-08-05T09:12:00+00:00,CPUUtilization,10.006333333333334
2026-08-05T09:17:00+00:00,CPUUtilization,10.068666666666667
2026-08-05T09:22:00+00:00,CPUUtilization,10.135333333333332
2026-08-05T09:27:00+00:00,CPUUtilization,9.990333333333334
2026-08-05T09:32:00+00:00,CPUUtilization,9.925333333333334
2026-08-05T09:37:00+00:00,CPUUtilization,10.032
2026-08-05T09:42:00+00:00,CPUUtilization,9.980333333333332
2026-08-05T09:47:00+00:00,CPUUtilization,10.008
2026-08-05T09:52:00+00:00,CPUUtilization,10.103666666666665
2026-08-05T09:57:00+00:00,CPUUtilization,9.892666666666667
2026-08-05T10:02:00+00:00,CPUUtilization,10.142999999999997
2026-08-05T10:07:00+00:00,CPUUtilization,10.233
2026-08-05T10:12:00+00:00,CPUUtilization,9.975666666666665
2026-08-05T10:17:00+00:00,CPUUtilization,10.125333333333334
2026-08-05T10:22:00+00:00,CPUUtilization,10.144666666666666
2026-08-05T10:27:00+00:00,CPUUtilization,10.120333333333335
2026-08-05T10:32:00+00:00,CPUUtilization,10.067333333333332
2026-08-05T10:37:00+00:00,CPUUtilization,10.152666666666665
2026-08-05T10:42:00+00:00,CPUUtilization,10.077666666666664
2026-08-05T10:47:00+00:00,CPUUtilization,10.085333333333333
2026-08-05T10:52:00+00:00,CPUUtilization,10.101333333333333
2026-08-05T10:57:00+00:00,CPUUtilization,10.054333333333332
2026-08-05T11:02:00+00:00,CPUUtilization,10.188666666666666
2026-08-05T11:07:00+00:00,CPUUtilization,10.225666666666667
2026-08-05T11:12:00+00:00,CPUUtilization,9.946
2026-08-05T11:17:00+00:00,CPUUtilization,9.954333333333334
2026-08-05T11:22:00+00:00,CPUUtilization,10.114666666666666
2026-08-05T11:27:00+00:00,CPUUtilization,9.989666666666665
2026-08-05T11:32:00+00:00,CPUUtilization,9.857
2026-08-05T11:37:00+00:00,CPUUtilization,10.112666666666666
2026-08-05T11:42:00+00:00,CPUUtilization,9.883666666666667
2026-08-05T11:47:00+00:00,CPUUtilization,9.969666666666665
2026-08-05T11:52:00+00:00,CPUUtilization,10.039333333333333
2026-08-05T11:57:00+00:00,CPUUtilization,10.113666666666665
2026-08-05T12:02:00+00:00,CPUUtilization,9.923
2026-08-05T12:07:00+00:00,CPUUtilization,10.044
2026-08-05T12:12:00+00:00,CPUUtilization,9.987999999999998
2026-08-05T12:17:00+00:00,CPUUtilization,10.124666666666666
2026-08-05T12:22:00+00:00,CPUUtilization,9.960333333333333
2026-08-05T12:27:00+00:00,CPUUtilization,9.969333333333333
2026-08-05T12:32:00+00:00,CPUUtilization,9.977
2026-08-05T12:37:00+00:00,CPUUtilization,10.128666666666666
2026-08-05T12:42:00+00:00,CPUUtilization,9.889333333333335
2026-08-05T12:47:00+00:00,CPUUtilization,9.986
2026-08-05T12:52:00+00:00,CPUUtilization,10.073
2026-08-05T12:57:00+00:00,CPUUtilization,10.063333333333333
2026-08-05T13:02:00+00:00,CPUUtilization,9.812000000000001
2026-08-05T13:07:00+00:00,CPUUtilization,10.039333333333335
2026-08-05T13:12:00+00:00,CPUUtilization,9.990333333333334
2026-08-05T13:17:00+00:00,CPUUtilization,10.025333333333332
2026-08-05T13:22:00+00:00,CPUUtilization,9.934666666666667
2026-08-05T13:27:00+00:00,CPUUtilization,9.964666666666668
2026-08-05T13:32:00+00:00,CPUUtilization,9.932333333333334
2026-08-05T13:37:00+00:00,CPUUtilization,9.999
2026-08-05T13:42:00+00:00,CPUUtilization,10.071333333333332
2026-08-05T13:47:00+00:00,CPUUtilization,9.899666666666665
2026-08-05T13:52:00+00:00,CPUUtilization,10.022
2026-08-05T13:57:00+00:00,CPUUtilization,9.910333333333332
2026-08-05T14:02:00+00:00,CPUUtilization,9.726999999999999
2026-08-05T14:07:00+00:00,CPUUtilization,9.819666666666667
2026-08-05T14:12:00+00:00,CPUUtilization,9.797666666666666
2026-08-05T14:17:00+00:00,CPUUtilization,9.983666666666668
2026-08-05T14:22:00+00:00,CPUUtilization,9.905333333333335
2026-08-05T14:27:00+00:00,CPUUtilization,10.012999999999998
2026-08-05T14:32:00+00:00,CPUUtilization,10.045666666666666
2026-08-05T14:37:00+00:00,CPUUtilization,10.110666666666665
2026-08-05T14:42:00+00:00,CPUUtilization,10.079666666666666
2026-08-05T14:47:00+00:00,CPUUtilization,10.044
2026-08-05T14:52:00+00:00,CPUUtilization,10.119666666666667
2026-08-05T14:57:00+00:00,CPUUtilization,10.050333333333331
2026-08-05T15:02:00+00:00,CPUUtilization,9.857999999999999
2026-08-05T15:07:00+00:00,CPUUtilization,10.115333333333332
2026-08-05T15:12:00+00:00,CPUUtilization,9.812999999999999
2026-08-05T15:17:00+00:00,CPUUtilization,10.081
2026-08-05T15:22:00+00:00,CPUUtilization,10.164333333333332
2026-08-05T15:27:00+00:00,CPUUtilization,10.096333333333334
2026-08-05T15:32:00+00:00,CPUUtilization,10.068666666666667
2026-08-05T15:37:00+00:00,CPUUtilization,10.169666666666668
2026-08-05T15:42:00+00:00,CPUUtilization,10.077666666666667
2026-08-05T15:47:00+00:00,CPUUtilization,10.103
2026-08-05T15:52:00+00:00,CPUUtilization,10.150333333333332
2026-08-05T15:57:00+00:00,CPUUtilization,10.099333333333334
2026-08-05T16:02:00+00:00,CPUUtilization,10.105333333333334
2026-08-05T16:07:00+00:00,CPUUtilization,10.161999999999999
2026-08-05T16:12:00+00:00,CPUUtilization,10.092
2026-08-05T16:17:00+00:00,CPUUtilization,10.138666666666667
2026-08-05T16:22:00+00:00,CPUUtilization,10.158666666666667
2026-08-05T16:27:00+00:00,CPUUtilization,10.114666666666668
2026-08-05T16:32:00+00:00,CPUUtilization,10.071333333333332
2026-08-05T16:37:00+00:00,CPUUtilization,10.157
2026-08-05T16:42:00+00:00,CPUUtilization,10.059999999999999
2026-08-05T16:47:00+00:00,CPUUtilization,10.104666666666665
2026-08-05T16:52:00+00:00,CPUUtilization,10.144
2026-08-05T16:57:00+00:00,CPUUtilization,10.110333333333333
2026-08-05T17:02:00+00:00,CPUUtilization,10.069666666666667
2026-08-05T17:07:00+00:00,CPUUtilization,10.175333333333333
2026-08-05T17:12:00+00:00,CPUUtilization,10.071000000000002
2026-08-05T17:17:00+00:00,CPUUtilization,9.407
2026-08-05T17:22:00+00:00,CPUUtilization,9.526333333333334
2026-08-05T17:27:00+00:00,CPUUtilization,10.094333333333335
2026-08-05T17:32:00+00:00,CPUUtilization,10.080666666666668
2026-08-05T17:37:00+00:00,CPUUtilization,10.185333333333332
2026-08-05T17:42:00+00:00,CPUUtilization,10.093666666666667
2026-08-05T17:47:00+00:00,CPUUtilization,10.123333333333331
2026-08-05T17:52:00+00:00,CPUUtilization,10.192
2026-08-05T17:57:00+00:00,CPUUtilization,10.106333333333332
2026-08-05T18:02:00+00:00,CPUUtilization,10.135333333333332
2026-08-05T18:07:00+00:00,CPUUtilization,10.190333333333333
2026-08-05T18:12:00+00:00,CPUUtilization,10.077333333333332
2026-08-05T18:17:00+00:00,CPUUtilization,10.079666666666666
2026-08-05T18:22:00+00:00,CPUUtilization,10.165666666666667
2026-08-05T18:27:00+00:00,CPUUtilization,10.117
2026-08-05T18:32:00+00:00,CPUUtilization,10.075666666666667
2026-08-05T18:37:00+00:00,CPUUtilization,10.133999999999999
2026-08-05T18:42:00+00:00,CPUUtilization,10.089666666666666
2026-08-05T18:47:00+00:00,CPUUtilization,10.088666666666667
2026-08-05T18:52:00+00:00,CPUUtilization,10.147666666666666
2026-08-05T18:57:00+00:00,CPUUtilization,10.117666666666665
2026-08-05T19:02:00+00:00,CPUUtilization,10.108666666666668
2026-08-05T19:07:00+00:00,CPUUtilization,10.142333333333335
2026-08-05T19:12:00+00:00,CPUUtilization,10.125333333333334
2026-08-05T19:17:00+00:00,CPUUtilization,10.096666666666668
2026-08-05T19:22:00+00:00,CPUUtilization,10.173666666666666
2026-08-05T19:27:00+00:00,CPUUtilization,10.083666666666668
2026-08-05T19:32:00+00:00,CPUUtilization,10.107666666666667
2026-08-05T19:37:00+00:00,CPUUtilization,10.150333333333332
2026-08-05T19:42:00+00:00,CPUUtilization,10.068999999999999
2026-08-05T19:47:00+00:00,CPUUtilization,9.453666666666667
2026-08-05T19:52:00+00:00,CPUUtilization,9.567
2026-08-05T19:57:00+00:00,CPUUtilization,9.512666666666666
2026-08-05T20:02:00+00:00,CPUUtilization,9.742333333333331
2026-08-05T20:07:00+00:00,CPUUtilization,9.905999999999999
2026-08-05T20:12:00+00:00,CPUUtilization,10.094333333333335
2026-08-05T20:17:00+00:00,CPUUtilization,10.041
2026-08-05T20:22:00+00:00,CPUUtilization,10.210333333333335
2026-08-05T20:27:00+00:00,CPUUtilization,10.116333333333333
2026-08-05T20:32:00+00:00,CPUUtilization,10.126333333333333
2026-08-05T20:37:00+00:00,CPUUtilization,10.133666666666667
2026-08-05T20:42:00+00:00,CPUUtilization,10.101333333333333
2026-08-05T20:47:00+00:00,CPUUtilization,10.104666666666667
2026-08-05T20:52:00+00:00,CPUUtilization,10.203
2026-08-05T20:57:00+00:00,CPUUtilization,10.123
2026-08-05T21:02:00+00:00,CPUUtilization,10.142666666666667
2026-08-05T21:07:00+00:00,CPUUtilization,10.188999999999998
2026-08-05T21:12:00+00:00,CPUUtilization,10.120999999999999
2026-08-05T21:17:00+00:00,CPUUtilization,10.136333333333335
2026-08-05T21:22:00+00:00,CPUUtilization,10.162666666666667
2026-08-05T21:27:00+00:00,CPUUtilization,10.079333333333333
2026-08-05T21:32:00+00:00,CPUUtilization,10.116999999999999
2026-08-05T21:37:00+00:00,CPUUtilization,10.178666666666668
2026-08-05T21:42:00+00:00,CPUUtilization,10.134333333333334
2026-08-05T21:47:00+00:00,CPUUtilization,10.108164875149292
2026-08-05T21:52:00+00:00,CPUUtilization,10.217168902964136
2026-08-05T21:57:00+00:00,CPUUtilization,9.540999999999999
2026-08-05T22:02:00+00:00,CPUUtilization,9.583666666666668
2026-08-05T22:07:00+00:00,CPUUtilization,9.868666666666666
2026-08-05T22:12:00+00:00,CPUUtilization,9.860666666666665
2026-08-05T22:17:00+00:00,CPUUtilization,9.493666666666666
2026-08-05T22:22:00+00:00,CPUUtilization,9.605333333333334
2026-08-05T22:27:00+00:00,CPUUtilization,9.578
2026-08-05T22:32:00+00:00,CPUUtilization,9.548666666666666
2026-08-05T22:37:00+00:00,CPUUtilization,10.164666666666665
2026-08-05T22:42:00+00:00,CPUUtilization,9.532333333333332
2026-08-05T22:47:00+00:00,CPUUtilization,9.553
2026-08-05T22:52:00+00:00,CPUUtilization,9.613666666666665
2026-08-05T22:57:00+00:00,CPUUtilization,9.571
2026-08-05T23:02:00+00:00,CPUUtilization,10.067999999999998
2026-08-05T23:07:00+00:00,CPUUtilization,9.369
2026-08-05T23:12:00+00:00,CPUUtilization,9.197999999999999
2026-08-05T23:17:00+00:00,CPUUtilization,9.275333333333332
2026-08-05T23:22:00+00:00,CPUUtilization,9.640666666666666
2026-08-05T23:27:00+00:00,CPUUtilization,9.823666666666668
2026-08-05T23:32:00+00:00,CPUUtilization,10.104666666666667
2026-08-05T23:37:00+00:00,CPUUtilization,10.189333333333334
2026-08-05T23:42:00+00:00,CPUUtilization,10.099
2026-08-05T23:47:00+00:00,CPUUtilization,10.093666666666666
2026-08-05T23:52:00+00:00,CPUUtilization,10.172999999999998
2026-08-05T23:57:00+00:00,CPUUtilization,10.116999999999999
2026-08-06T00:02:00+00:00,CPUUtilization,10.113666666666667
2026-08-06T00:07:00+00:00,CPUUtilization,10.234666666666666
2026-08-06T00:12:00+00:00,CPUUtilization,10.107000000000001
2026-08-06T00:17:00+00:00,CPUUtilization,10.115333333333334
2026-08-06T00:22:00+00:00,CPUUtilization,10.181333333333333
2026-08-06T00:27:00+00:00,CPUUtilization,10.12133333333333
2026-08-06T00:32:00+00:00,CPUUtilization,10.145666666666667
2026-08-06T00:37:00+00:00,CPUUtilization,10.177999999999997
2026-08-06T00:42:00+00:00,CPUUtilization,10.126333333333331
2026-08-06T00:47:00+00:00,CPUUtilization,10.120999999999999
2026-08-06T00:52:00+00:00,CPUUtilization,10.215666666666667
2026-08-06T00:57:00+00:00,CPUUtilization,10.130666666666666
2026-08-06T01:02:00+00:00,CPUUtilization,10.113
2026-08-06T01:07:00+00:00,CPUUtilization,10.152333333333333
2026-08-06T01:12:00+00:00,CPUUtilization,10.096
2026-08-06T01:17:00+00:00,CPUUtilization,10.096666666666668
2026-08-06T01:22:00+00:00,CPUUtilization,10.063666666666666
2026-08-06T01:27:00+00:00,CPUUtilization,9.788
2026-08-06T01:32:00+00:00,CPUUtilization,9.965333333333334
2026-08-06T01:37:00+00:00,CPUUtilization,9.995333333333331
2026-08-06T01:42:00+00:00,CPUUtilization,10.100999999999999
2026-08-06T01:47:00+00:00,CPUUtilization,9.906666666666668
2026-08-06T01:52:00+00:00,CPUUtilization,9.995333333333331
2026-08-06T01:57:00+00:00,CPUUtilization,9.966666666666667
2026-08-06T02:02:00+00:00,CPUUtilization,9.935333333333332
2026-08-06T02:07:00+00:00,CPUUtilization,10.025333333333332
2026-08-06T02:12:00+00:00,CPUUtilization,9.996333333333334
2026-08-06T02:17:00+00:00,CPUUtilization,10.146333333333333
2026-08-06T02:22:00+00:00,CPUUtilization,10.031333333333333
2026-08-06T02:27:00+00:00,CPUUtilization,9.981999999999998
2026-08-06T02:32:00+00:00,CPUUtilization,9.977333333333334
2026-08-06T02:37:00+00:00,CPUUtilization,10.071333333333333
2026-08-06T02:42:00+00:00,CPUUtilization,9.983
2026-08-06T02:47:00+00:00,CPUUtilization,9.98633333333333
2026-08-06T02:52:00+00:00,CPUUtilization,10.188666666666666
2026-08-06T02:57:00+00:00,CPUUtilization,9.958333333333334
2026-08-06T03:02:00+00:00,CPUUtilization,9.941999999999998
2026-08-06T03:07:00+00:00,CPUUtilization,9.979666666666665
2026-08-06T03:12:00+00:00,CPUUtilization,9.903
2026-08-06T03:17:00+00:00,CPUUtilization,10.019
2026-08-06T03:22:00+00:00,CPUUtilization,10.273666666666667
2026-08-06T03:27:00+00:00,CPUUtilization,10.072011832882026
2026-08-06T03:32:00+00:00,CPUUtilization,10.005666666666666
2026-08-06T03:37:00+00:00,CPUUtilization,10.154333333333334
2026-08-06T03:42:00+00:00,CPUUtilization,9.866333333333333
2026-08-06T03:47:00+00:00,CPUUtilization,9.981333333333334
2026-08-06T03:52:00+00:00,CPUUtilization,10.099666666666668
2026-08-06T03:57:00+00:00,CPUUtilization,10.082666666666665
2026-08-06T04:02:00+00:00,CPUUtilization,32.074666666666666
2026-08-06T04:07:00+00:00,CPUUtilization,30.993666666666673
2026-08-06T04:12:00+00:00,CPUUtilization,10.022
2026-08-06T04:17:00+00:00,CPUUtilization,10.094666666666665
2026-08-06T04:22:00+00:00,CPUUtilization,10.078666666666667
2026-08-06T04:27:00+00:00,CPUUtilization,9.998999999999999
2026-08-06T04:32:00+00:00,CPUUtilization,9.956
2026-08-06T04:37:00+00:00,CPUUtilization,10.019000000000002
2026-08-06T04:42:00+00:00,CPUUtilization,9.993666666666666
2026-08-06T04:47:00+00:00,CPUUtilization,10.046333333333333
2026-08-06T04:52:00+00:00,CPUUtilization,10.163
2026-08-06T04:57:00+00:00,CPUUtilization,10.026333333333332
2026-08-06T05:02:00+00:00,CPUUtilization,9.942333333333334
2026-08-06T05:07:00+00:00,CPUUtilization,10.059000000000001
2026-08-06T05:12:00+00:00,CPUUtilization,9.781
2026-08-06T05:17:00+00:00,CPUUtilization,9.414333333333333
2026-08-06T05:22:00+00:00,CPUUtilization,10.1
2026-08-06T05:27:00+00:00,CPUUtilization,10.034333333333333
2026-08-06T05:32:00+00:00,CPUUtilization,9.903666666666668
2026-08-06T05:37:00+00:00,CPUUtilization,10.077
2026-08-06T05:42:00+00:00,CPUUtilization,10.133666666666667
2026-08-06T05:47:00+00:00,CPUUtilization,10.064000000000002
2026-08-06T05:52:00+00:00,CPUUtilization,10.027
2026-08-06T05:57:00+00:00,CPUUtilization,10.160333333333332
2026-08-06T06:02:00+00:00,CPUUtilization,10.016333333333332
2026-08-06T06:07:00+00:00,CPUUtilization,10.10233333333333
2026-08-06T06:12:00+00:00,CPUUtilization,10.129666666666667
2026-08-06T06:17:00+00:00,CPUUtilization,10.194666666666667
2026-08-06T06:22:00+00:00,CPUUtilization,10.001999999999999
2026-08-06T06:27:00+00:00,CPUUtilization,10.151333333333332
2026-08-06T06:32:00+00:00,CPUUtilization,10.042000000000002
2026-08-06T06:37:00+00:00,CPUUtilization,10.037333333333333
2026-08-06T06:42:00+00:00,CPUUtilization,10.089666666666664
2026-08-06T06:47:00+00:00,CPUUtilization,10.062
2026-08-06T06:52:00+00:00,CPUUtilization,10.082666666666666
2026-08-06T06:57:00+00:00,CPUUtilization,10.175333333333333
2026-08-06T07:02:00+00:00,CPUUtilization,10.001999999999999
2026-08-06T07:07:00+00:00,CPUUtilization,10.071666666666665
2026-08-06T07:12:00+00:00,CPUUtilization,10.094666666666667
2026-08-06T07:17:00+00:00,CPUUtilization,10.041
2026-08-06T07:22:00+00:00,CPUUtilization,10.045333972203709
2026-08-06T07:27:00+00:00,CPUUtilization,10.078666666666667
2026-08-06T07:32:00+00:00,CPUUtilization,9.996333333333334
2026-08-06T07:37:00+00:00,CPUUtilization,9.969666666666667
2026-08-06T07:42:00+00:00,CPUUtilization,10.114666666666665
2026-08-06T07:47:00+00:00,CPUUtilization,10.041666666666666
2026-08-06T07:52:00+00:00,CPUUtilization,10.10233333333333
2026-08-06T07:57:00+00:00,CPUUtilization,10.107
2026-08-06T08:02:00+00:00,CPUUtilization,10.035333333333332
2026-08-06T08:07:00+00:00,CPUUtilization,10.041333333333332
2026-08-06T08:12:00+00:00,CPUUtilization,10.104000000000001
2026-08-06T08:17:00+00:00,CPUUtilization,10.706999999999999
2026-08-06T08:22:00+00:00,CPUUtilization,10.005999999999998
2026-08-06T08:27:00+00:00,CPUUtilization,10.765666666666666
2026-08-06T08:32:00+00:00,CPUUtilization,10.202000000000002
2026-08-06T08:37:00+00:00,CPUUtilization,10.055333333333332
2026-08-06T08:42:00+00:00,CPUUtilization,10.098
2026-08-06T08:47:00+00:00,CPUUtilization,10.030333333333333
2026-08-06T08:52:00+00:00,CPUUtilization,10.071
2026-08-06T08:57:00+00:00,CPUUtilization,10.111
2026-08-06T09:02:00+00:00,CPUUtilization,10.039666666666665
2026-08-06T09:07:00+00:00,CPUUtilization,10.032666666666668
2026-08-06T09:12:00+00:00,CPUUtilization,10.111
2026-08-06T09:17:00+00:00,CPUUtilization,10.056999999999999
2026-08-06T09:22:00+00:00,CPUUtilization,10.071333333333332
2026-08-06T09:27:00+00:00,CPUUtilization,10.098666666666666
2026-08-06T09:32:00+00:00,CPUUtilization,10.057666666666668
2026-08-06T09:37:00+00:00,CPUUtilization,10.001
2026-08-06T09:42:00+00:00,CPUUtilization,10.118
2026-08-06T09:47:00+00:00,CPUUtilization,10.029666666666667
2026-08-06T09:52:00+00:00,CPUUtilization,10.052333333333333
2026-08-06T09:57:00+00:00,CPUUtilization,10.09
2026-08-06T10:02:00+00:00,CPUUtilization,10.066333333333333
2026-08-06T10:07:00+00:00,CPUUtilization,10.063999999999998
2026-08-06T10:12:00+00:00,CPUUtilization,10.114666666666666
2026-08-06T10:17:00+00:00,CPUUtilization,10.034333333333333
2026-08-06T10:22:00+00:00,CPUUtilization,10.077
2026-08-06T10:27:00+00:00,CPUUtilization,10.119333333333334
2026-08-06T10:32:00+00:00,CPUUtilization,10.069666666666667
2026-08-06T10:37:00+00:00,CPUUtilization,10.105333333333334
2026-08-06T10:42:00+00:00,CPUUtilization,10.138333333333332
2026-08-06T10:47:00+00:00,CPUUtilization,10.011
2026-08-06T10:52:00+00:00,CPUUtilization,10.084
2026-08-06T10:57:00+00:00,CPUUtilization,10.092333333333332
2026-08-06T11:02:00+00:00,CPUUtilization,10.051333333333334
2026-08-06T11:07:00+00:00,CPUUtilization,10.027
2026-08-06T11:12:00+00:00,CPUUtilization,10.093333333333334
2026-08-06T11:17:00+00:00,CPUUtilization,10.037
2026-08-06T11:22:00+00:00,CPUUtilization,10.040333333333333
2026-08-06T11:27:00+00:00,CPUUtilization,10.102999999999998
2026-08-06T11:32:00+00:00,CPUUtilization,10.011333333333333
2026-08-06T11:37:00+00:00,CPUUtilization,10.032
2026-08-06T11:42:00+00:00,CPUUtilization,10.126999999999999
2026-08-06T11:47:00+00:00,CPUUtilization,10.036333333333335
2026-08-06T11:52:00+00:00,CPUUtilization,10.054333333333332
2026-08-06T11:57:00+00:00,CPUUtilization,10.133666666666667
2026-08-06T12:02:00+00:00,CPUUtilization,10.030333333333333
2026-08-06T12:07:00+00:00,CPUUtilization,10.043
2026-08-06T12:12:00+00:00,CPUUtilization,10.109666666666666
2026-08-06T12:17:00+00:00,CPUUtilization,10.037333333333333
2026-08-06T12:22:00+00:00,CPUUtilization,10.108666666666668
2026-08-06T12:27:00+00:00,CPUUtilization,10.130666666666666
2026-08-06T12:32:00+00:00,CPUUtilization,10.047666666666668
2026-08-06T12:37:00+00:00,CPUUtilization,10.056333333333333
2026-08-06T12:42:00+00:00,CPUUtilization,10.102333333333332
2026-08-06T12:47:00+00:00,CPUUtilization,10.043000000000001
2026-08-06T12:52:00+00:00,CPUUtilization,10.032
2026-08-06T12:57:00+00:00,CPUUtilization,10.136999999999999
2026-08-06T13:02:00+00:00,CPUUtilization,10.038333333333334
2026-08-06T13:07:00+00:00,CPUUtilization,10.039666666666667
2026-08-06T13:12:00+00:00,CPUUtilization,10.129666666666669
2026-08-06T13:17:00+00:00,CPUUtilization,10.054333333333336
2026-08-06T13:22:00+00:00,CPUUtilization,10.043
2026-08-06T13:27:00+00:00,CPUUtilization,10.130333333333331
2026-08-06T13:32:00+00:00,CPUUtilization,10.027666666666665
2026-08-06T13:37:00+00:00,CPUUtilization,10.047333333333333
2026-08-06T13:42:00+00:00,CPUUtilization,10.069333333333333
2026-08-06T13:47:00+00:00,CPUUtilization,10.066999999999998
2026-08-06T13:52:00+00:00,CPUUtilization,10.044333333333332
2026-08-06T13:57:00+00:00,CPUUtilization,10.110333333333333
2026-08-06T14:02:00+00:00,CPUUtilization,10.028666666666666
2026-08-06T14:07:00+00:00,CPUUtilization,10.017
2026-08-06T14:12:00+00:00,CPUUtilization,10.104
2026-08-06T14:17:00+00:00,CPUUtilization,10.076999999999998
2026-08-06T14:22:00+00:00,CPUUtilization,10.043666666666667
2026-08-06T14:27:00+00:00,CPUUtilization,10.137
2026-08-06T14:32:00+00:00,CPUUtilization,10.017999999999999
2026-08-06T14:37:00+00:00,CPUUtilization,10.082333333333333
2026-08-06T14:42:00+00:00,CPUUtilization,10.109666666666666
2026-08-06T14:47:00+00:00,CPUUtilization,10.034666666666666
2026-08-06T14:52:00+00:00,CPUUtilization,10.035
2026-08-06T14:57:00+00:00,CPUUtilization,10.118666666666666
2026-08-06T15:02:00+00:00,CPUUtilization,10.022666666666666
2026-08-06T15:07:00+00:00,CPUUtilization,10.063999999999998
2026-08-06T15:12:00+00:00,CPUUtilization,10.077333333333332
2026-08-06T15:17:00+00:00,CPUUtilization,10.061
2026-08-06T15:22:00+00:00,CPUUtilization,10.016
2026-08-06T15:27:00+00:00,CPUUtilization,10.147
2026-08-06T15:32:00+00:00,CPUUtilization,10.050666666666666
2026-08-06T15:37:00+00:00,CPUUtilization,10.035333333333332
2026-08-06T15:42:00+00:00,CPUUtilization,10.105
2026-08-06T15:47:00+00:00,CPUUtilization,10.041
2026-08-06T15:52:00+00:00,CPUUtilization,10.005999999999998
2026-08-06T15:57:00+00:00,CPUUtilization,10.151333333333334
2026-08-06T16:02:00+00:00,CPUUtilization,10.028666666666668
2026-08-06T16:07:00+00:00,CPUUtilization,10.059666666666667
2026-08-06T16:12:00+00:00,CPUUtilization,10.124666666666666
2026-08-06T16:17:00+00:00,CPUUtilization,10.057999999999998
2026-08-06T16:22:00+00:00,CPUUtilization,10.034666666666665
2026-08-06T16:27:00+00:00,CPUUtilization,10.130333333333335
2026-08-06T16:32:00+00:00,CPUUtilization,10.050663361180534
2026-08-06T16:37:00+00:00,CPUUtilization,10.052666666666667
2026-08-06T16:42:00+00:00,CPUUtilization,10.106333333333334
2026-08-06T16:47:00+00:00,CPUUtilization,10.049666666666667
2026-08-06T16:52:00+00:00,CPUUtilization,10.035333333333332
2026-08-06T16:57:00+00:00,CPUUtilization,10.123666666666667
2026-08-06T17:02:00+00:00,CPUUtilization,10.033666666666665
2026-08-06T17:07:00+00:00,CPUUtilization,10.049666666666667
2026-08-06T17:12:00+00:00,CPUUtilization,10.107333333333333
2026-08-06T17:17:00+00:00,CPUUtilization,10.064666666666666
2026-08-06T17:22:00+00:00,CPUUtilization,10.058666666666667
2026-08-06T17:27:00+00:00,CPUUtilization,10.087666666666667
2026-08-06T17:32:00+00:00,CPUUtilization,10.057666666666666
2026-08-06T17:37:00+00:00,CPUUtilization,10.087
2026-08-06T17:42:00+00:00,CPUUtilization,10.172666666666666
2026-08-06T17:47:00+00:00,CPUUtilization,10.074666666666667
2026-08-06T17:52:00+00:00,CPUUtilization,10.023666666666667
2026-08-06T17:57:00+00:00,CPUUtilization,10.109666666666666
2026-08-06T18:02:00+00:00,CPUUtilization,10.067333333333332
2026-08-06T18:07:00+00:00,CPUUtilization,10.044
2026-08-06T18:12:00+00:00,CPUUtilization,10.147
2026-08-06T18:17:00+00:00,CPUUtilization,10.051666666666668
2026-08-06T18:22:00+00:00,CPUUtilization,10.082
2026-08-06T18:27:00+00:00,CPUUtilization,10.102
2026-08-06T18:32:00+00:00,CPUUtilization,10.042333333333334
2026-08-06T18:37:00+00:00,CPUUtilization,10.038
2026-08-06T18:42:00+00:00,CPUUtilization,10.101333333333333
2026-08-06T18:47:00+00:00,CPUUtilization,10.044666666666666
2026-08-06T18:52:00+00:00,CPUUtilization,10.035666666666666
2026-08-06T18:57:00+00:00,CPUUtilization,10.095333333333333
2026-08-06T19:02:00+00:00,CPUUtilization,10.079666666666665
2026-08-06T19:07:00+00:00,CPUUtilization,10.028666666666666
2026-08-06T19:12:00+00:00,CPUUtilization,10.138666666666667
2026-08-06T19:17:00+00:00,CPUUtilization,10.006666666666664
2026-08-06T19:22:00+00:00,CPUUtilization,10.059666666666667
2026-08-06T19:27:00+00:00,CPUUtilization,10.110333333333333
2026-08-06T19:32:00+00:00,CPUUtilization,10.011333333333333
2026-08-06T19:37:00+00:00,CPUUtilization,10.028666666666666
2026-08-06T19:42:00+00:00,CPUUtilization,10.105999999999998
2026-08-06T19:47:00+00:00,CPUUtilization,10.031333333333333
2026-08-06T19:52:00+00:00,CPUUtilization,10.044666666666666
2026-08-06T19:57:00+00:00,CPUUtilization,10.093666666666667
2026-08-06T20:02:00+00:00,CPUUtilization,10.051
2026-08-06T20:07:00+00:00,CPUUtilization,10.021333333333331
2026-08-06T20:12:00+00:00,CPUUtilization,10.175333333333333
2026-08-06T20:17:00+00:00,CPUUtilization,10.039333333333333
2026-08-06T20:22:00+00:00,CPUUtilization,10.074333333333332
2026-08-06T20:27:00+00:00,CPUUtilization,10.114666666666668
2026-08-06T20:32:00+00:00,CPUUtilization,10.025666666666664
2026-08-06T20:37:00+00:00,CPUUtilization,10.059000000000001
2026-08-06T20:42:00+00:00,CPUUtilization,10.106
2026-08-06T20:47:00+00:00,CPUUtilization,9.995999999999999
2026-08-06T20:52:00+00:00,CPUUtilization,10.062333333333333
2026-08-06T20:57:00+00:00,CPUUtilization,10.103666666666665
2026-08-06T21:02:00+00:00,CPUUtilization,9.926333333333332
2026-08-06T21:07:00+00:00,CPUUtilization,10.046666666666667
2026-08-06T21:12:00+00:00,CPUUtilization,10.113000000000001
2026-08-06T21:17:00+00:00,CPUUtilization,10.034666666666666
2026-08-06T21:22:00+00:00,CPUUtilization,10.041333333333332
2026-08-06T21:27:00+00:00,CPUUtilization,10.106333333333332
2026-08-06T21:32:00+00:00,CPUUtilization,10.047
2026-08-06T21:37:00+00:00,CPUUtilization,10.062999999999999
2026-08-06T21:42:00+00:00,CPUUtilization,10.091333333333333
2026-08-06T21:47:00+00:00,CPUUtilization,10.050666666666668
2026-08-06T21:52:00+00:00,CPUUtilization,10.047999999999998
2026-08-06T21:57:00+00:00,CPUUtilization,10.170666666666667
2026-08-06T22:02:00+00:00,CPUUtilization,10.060333333333334
2026-08-06T22:07:00+00:00,CPUUtilization,10.024666666666665
2026-08-06T22:12:00+00:00,CPUUtilization,10.118666666666666
2026-08-06T22:17:00+00:00,CPUUtilization,10.017999999999999
2026-08-06T22:22:00+00:00,CPUUtilization,10.057333333333332
2026-08-06T22:27:00+00:00,CPUUtilization,10.130333333333333
2026-08-06T22:32:00+00:00,CPUUtilization,10.024
2026-08-06T22:37:00+00:00,CPUUtilization,10.039000000000001
2026-08-06T22:42:00+00:00,CPUUtilization,10.109666666666666
2026-08-06T22:47:00+00:00,CPUUtilization,10.028333333333332
2026-08-06T22:52:00+00:00,CPUUtilization,10.056333333333333
2026-08-06T22:57:00+00:00,CPUUtilization,10.099
2026-08-06T23:02:00+00:00,CPUUtilization,10.052666666666667
2026-08-06T23:07:00+00:00,CPUUtilization,10.033
2026-08-06T23:12:00+00:00,CPUUtilization,10.102666666666666
2026-08-06T23:17:00+00:00,CPUUtilization,10.047
2026-08-06T23:22:00+00:00,CPUUtilization,10.055333333333332
2026-08-06T23:27:00+00:00,CPUUtilization,10.133666666666667
2026-08-06T23:32:00+00:00,CPUUtilization,10.072333333333333
2026-08-06T23:37:00+00:00,CPUUtilization,9.754666666666669
2026-08-06T23:42:00+00:00,CPUUtilization,9.896666666666667
2026-08-06T23:47:00+00:00,CPUUtilization,9.913
2026-08-06T23:52:00+00:00,CPUUtilization,9.759666666666666
2026-08-06T23:57:00+00:00,CPUUtilization,10.182
2026-08-07T00:02:00+00:00,CPUUtilization,9.772000000000002
2026-08-07T00:07:00+00:00,CPUUtilization,10.037333333333333
2026-08-07T00:12:00+00:00,CPUUtilization,9.783
2026-08-07T00:17:00+00:00,CPUUtilization,10.053
2026-08-07T00:22:00+00:00,CPUUtilization,10.070666666666666
2026-08-07T00:27:00+00:00,CPUUtilization,9.821666666666667
2026-08-07T00:32:00+00:00,CPUUtilization,10.071333333333332
2026-08-07T00:37:00+00:00,CPUUtilization,10.054333333333334
2026-08-07T00:42:00+00:00,CPUUtilization,10.114999999999998
2026-08-07T00:47:00+00:00,CPUUtilization,9.754666666666667
2026-08-07T00:52:00+00:00,CPUUtilization,10.035333333333332
2026-08-07T00:57:00+00:00,CPUUtilization,10.150333333333332
2026-08-07T01:02:00+00:00,CPUUtilization,10.037999999999998
2026-08-07T01:07:00+00:00,CPUUtilization,10.043333333333333
2026-08-07T01:12:00+00:00,CPUUtilization,10.118
2026-08-07T01:17:00+00:00,CPUUtilization,9.856333333333334
2026-08-07T01:22:00+00:00,CPUUtilization,10.017666666666667
2026-08-07T01:27:00+00:00,CPUUtilization,10.124999999999998
2026-08-07T01:32:00+00:00,CPUUtilization,9.828666666666667
2026-08-07T01:37:00+00:00,CPUUtilization,10.049666666666667
2026-08-07T01:42:00+00:00,CPUUtilization,10.098666666666666
2026-08-07T01:47:00+00:00,CPUUtilization,9.781333333333334
2026-08-07T01:52:00+00:00,CPUUtilization,10.013
2026-08-07T01:57:00+00:00,CPUUtilization,9.907999999999998
2026-08-07T02:02:00+00:00,CPUUtilization,10.003333333333334
2026-08-07T02:07:00+00:00,CPUUtilization,10.037333333333333
2026-08-07T02:12:00+00:00,CPUUtilization,9.771333333333335
2026-08-07T02:17:00+00:00,CPUUtilization,10.026999999999997
2026-08-07T02:22:00+00:00,CPUUtilization,9.718999999999998
2026-08-07T02:27:00+00:00,CPUUtilization,10.154666666666666
2026-08-07T02:32:00+00:00,CPUUtilization,10.016
2026-08-07T02:37:00+00:00,CPUUtilization,10.072000000000001
2026-08-07T02:42:00+00:00,CPUUtilization,10.068000000000001
2026-08-07T02:47:00+00:00,CPUUtilization,10.063333333333333
2026-08-07T02:52:00+00:00,CPUUtilization,9.769666666666666
2026-08-07T02:57:00+00:00,CPUUtilization,9.772
2026-08-07T03:02:00+00:00,CPUUtilization,9.746333333333334
2026-08-07T03:07:00+00:00,CPUUtilization,10.033
2026-08-07T03:12:00+00:00,CPUUtilization,9.796
2026-08-07T03:17:00+00:00,CPUUtilization,10.050666666666666
2026-08-07T03:22:00+00:00,CPUUtilization,10.039666666666667
2026-08-07T03:27:00+00:00,CPUUtilization,10.124333333333333
2026-08-07T03:32:00+00:00,CPUUtilization,9.989666666666666
2026-08-07T03:37:00+00:00,CPUUtilization,10.052666666666667
2026-08-07T03:42:00+00:00,CPUUtilization,9.784333333333333
2026-08-07T03:47:00+00:00,CPUUtilization,10.038666666666668
2026-08-07T03:52:00+00:00,CPUUtilization,10.046000000000001
2026-08-07T03:57:00+00:00,CPUUtilization,9.859333333333334
2026-08-07T04:02:00+00:00,CPUUtilization,9.913
2026-08-07T04:07:00+00:00,CPUUtilization,10.255666666666665
2026-08-07T04:12:00+00:00,CPUUtilization,10.300666666666666
2026-08-07T04:17:00+00:00,CPUUtilization,10.253
2026-08-07T04:22:00+00:00,CPUUtilization,9.972
2026-08-07T04:27:00+00:00,CPUUtilization,9.989666666666666
2026-08-07T04:32:00+00:00,CPUUtilization,10.207999999999998
2026-08-07T04:37:00+00:00,CPUUtilization,10.139333333333333
2026-08-07T04:42:00+00:00,CPUUtilization,10.168000000000001
2026-08-07T04:47:00+00:00,CPUUtilization,10.256666666666666
2026-08-07T04:52:00+00:00,CPUUtilization,10.377666666666666
2026-08-07T04:57:00+00:00,CPUUtilization,10.288666666666666
2026-08-07T05:02:00+00:00,CPUUtilization,10.192666666666666
2026-08-07T05:07:00+00:00,CPUUtilization,10.329333333333334
2026-08-07T05:12:00+00:00,CPUUtilization,10.362
2026-08-07T05:17:00+00:00,CPUUtilization,10.236333333333334
2026-08-07T05:22:00+00:00,CPUUtilization,10.212666666666667
2026-08-07T05:27:00+00:00,CPUUtilization,10.398
2026-08-07T05:32:00+00:00,CPUUtilization,10.125999999999998
2026-08-07T05:37:00+00:00,CPUUtilization,10.325333333333333
2026-08-07T05:42:00+00:00,CPUUtilization,10.305333333333333
2026-08-07T05:47:00+00:00,CPUUtilization,14.372666666666666
2026-08-07T05:52:00+00:00,CPUUtilization,19.799666666666667
2026-08-07T05:57:00+00:00,CPUUtilization,18.023
2026-08-07T06:02:00+00:00,CPUUtilization,10.421666666666665
2026-08-07T06:07:00+00:00,CPUUtilization,10.378666666666666
2026-08-07T06:12:00+00:00,CPUUtilization,10.231333333333334
2026-08-07T06:17:00+00:00,CPUUtilization,10.216333333333333
2026-08-07T06:22:00+00:00,CPUUtilization,10.129666666666665
2026-08-07T06:27:00+00:00,CPUUtilization,10.382666666666665
2026-08-07T06:32:00+00:00,CPUUtilization,10.173
2026-08-07T06:37:00+00:00,CPUUtilization,17.248333333333335
2026-08-07T06:42:00+00:00,CPUUtilization,33.346666666666664
2026-08-07T06:47:00+00:00,CPUUtilization,28.960999999999995
2026-08-07T06:52:00+00:00,CPUUtilization,10.193666666666667
2026-08-07T06:57:00+00:00,CPUUtilization,10.244
2026-08-07T07:02:00+00:00,CPUUtilization,10.188666666666666
2026-08-07T07:07:00+00:00,CPUUtilization,10.347666666666665
2026-08-07T07:12:00+00:00,CPUUtilization,10.225333333333333
2026-08-07T07:17:00+00:00,CPUUtilization,9.964666666666668
2026-08-07T07:22:00+00:00,CPUUtilization,10.072
2026-08-07T07:27:00+00:00,CPUUtilization,10.017
2026-08-07T07:32:00+00:00,CPUUtilization,9.967
2026-08-07T07:37:00+00:00,CPUUtilization,9.948
2026-08-07T07:42:00+00:00,CPUUtilization,10.102
2026-08-07T07:47:00+00:00,CPUUtilization,9.972000000000001
2026-08-07T07:52:00+00:00,CPUUtilization,9.910666666666668
2026-08-07T07:57:00+00:00,CPUUtilization,10.002333333333334
2026-08-07T08:02:00+00:00,CPUUtilization,9.919666666666668
2026-08-07T08:07:00+00:00,CPUUtilization,9.966999999999999
2026-08-07T08:12:00+00:00,CPUUtilization,9.997000000000002
2026-08-07T08:17:00+00:00,CPUUtilization,9.898666666666665
2026-08-07T08:22:00+00:00,CPUUtilization,9.743333333333334
2026-08-07T08:27:00+00:00,CPUUtilization,10.122
2026-08-07T08:32:00+00:00,CPUUtilization,10.050333333333333
2026-08-07T08:37:00+00:00,CPUUtilization,10.034666666666668
2026-08-07T08:42:00+00:00,CPUUtilization,10.144000000000002
2026-08-07T08:47:00+00:00,CPUUtilization,10.053666666666667
2026-08-07T08:52:00+00:00,CPUUtilization,10.085666666666667
2026-08-07T08:57:00+00:00,CPUUtilization,10.112666666666666
2026-08-07T09:02:00+00:00,CPUUtilization,10.084666666666667
2026-08-07T09:07:00+00:00,CPUUtilization,10.067333333333334
2026-08-07T09:12:00+00:00,CPUUtilization,10.098333333333333
2026-08-07T09:17:00+00:00,CPUUtilization,10.081999999999999
2026-08-07T09:22:00+00:00,CPUUtilization,10.032666666666668
2026-08-07T09:27:00+00:00,CPUUtilization,10.102
2026-08-07T09:32:00+00:00,CPUUtilization,10.049
2026-08-07T09:37:00+00:00,CPUUtilization,10.026333333333332
2026-08-07T09:42:00+00:00,CPUUtilization,10.133
2026-08-07T09:47:00+00:00,CPUUtilization,10.026333333333332
2026-08-07T09:52:00+00:00,CPUUtilization,10.100999999999999
2026-08-07T09:57:00+00:00,CPUUtilization,10.177666666666665
2026-08-07T10:02:00+00:00,CPUUtilization,10.050333333333333
2026-08-07T10:07:00+00:00,CPUUtilization,10.089666666666666
2026-08-07T10:12:00+00:00,CPUUtilization,10.119666666666667
2026-08-07T10:17:00+00:00,CPUUtilization,10.082333333333333
2026-08-07T10:22:00+00:00,CPUUtilization,10.071333333333333
2026-08-07T10:27:00+00:00,CPUUtilization,10.130666666666666
2026-08-07T10:32:00+00:00,CPUUtilization,10.063666666666666
2026-08-07T10:37:00+00:00,CPUUtilization,10.052333333333333
2026-08-07T10:42:00+00:00,CPUUtilization,10.132666666666667
2026-08-07T10:47:00+00:00,CPUUtilization,10.067666666666666
2026-08-07T10:52:00+00:00,CPUUtilization,10.050333333333333
2026-08-07T10:57:00+00:00,CPUUtilization,10.104666666666667
2026-08-07T11:02:00+00:00,CPUUtilization,10.035333333333332
2026-08-07T11:07:00+00:00,CPUUtilization,10.068
2026-08-07T11:12:00+00:00,CPUUtilization,10.168000000000001
2026-08-07T11:17:00+00:00,CPUUtilization,10.050999999999998
2026-08-07T11:22:00+00:00,CPUUtilization,10.040666666666665
2026-08-07T11:27:00+00:00,CPUUtilization,10.104666666666668
2026-08-07T11:32:00+00:00,CPUUtilization,10.105999999999998
2026-08-07T11:37:00+00:00,CPUUtilization,10.052333333333333
2026-08-07T11:42:00+00:00,CPUUtilization,10.040333333333333
2026-08-07T11:47:00+00:00,CPUUtilization,10.128
2026-08-07T11:52:00+00:00,CPUUtilization,10.033666666666667
2026-08-07T11:57:00+00:00,CPUUtilization,10.069666666666667
2026-08-07T12:02:00+00:00,CPUUtilization,14.503
2026-08-07T12:07:00+00:00,CPUUtilization,24.805666666666667
2026-08-07T12:12:00+00:00,CPUUtilization,0.31233333333333335
2026-08-07T12:17:00+00:00,CPUUtilization,0.28966666666666663
2026-08-07T12:22:00+00:00,CPUUtilization,0.2859999999999999
2026-08-07T12:27:00+00:00,CPUUtilization,0.287
2026-08-07T12:32:00+00:00,CPUUtilization,0.2886666666666666
2026-08-07T12:37:00+00:00,CPUUtilization,0.29300000000000004
2026-08-07T12:42:00+00:00,CPUUtilization,0.28966666666666663
2026-08-07T12:47:00+00:00,CPUUtilization,0.28966666666666663
2026-08-07T12:52:00+00:00,CPUUtilization,0.292
2026-08-07T12:57:00+00:00,CPUUtilization,0.808
2026-08-07T13:02:00+00:00,CPUUtilization,0.28766666666666657
2026-08-07T13:07:00+00:00,CPUUtilization,0.2879999999999999
2026-08-07T13:12:00+00:00,CPUUtilization,0.28966666666666663
2026-08-07T13:17:00+00:00,CPUUtilization,0.2859999999999999
2026-08-07T13:22:00+00:00,CPUUtilization,0.2876666666666666
2026-08-07T13:27:00+00:00,CPUUtilization,0.2876666666666666
2026-08-07T13:32:00+00:00,CPUUtilization,0.2876666666666666
2026-08-07T13:37:00+00:00,CPUUtilization,0.28733333333333333
2026-08-07T13:42:00+00:00,CPUUtilization,0.28900000000000003
2026-08-07T13:47:00+00:00,CPUUtilization,0.287
2026-08-07T13:52:00+00:00,CPUUtilization,0.2859999999999999
2026-08-07T13:57:00+00:00,CPUUtilization,0.2869999999999999
2026-08-07T14:02:00+00:00,CPUUtilization,0.2879999999999999
2026-08-07T14:07:00+00:00,CPUUtilization,0.2883333333333333
2026-08-07T14:12:00+00:00,CPUUtilization,0.28833333333333333
2026-08-07T14:17:00+00:00,CPUUtilization,0.288
2026-08-07T14:22:00+00:00,CPUUtilization,0.2886666666666666
2026-08-07T14:27:00+00:00,CPUUtilization,0.288
2026-08-07T14:32:00+00:00,CPUUtilization,0.29266666666666663
2026-08-07T14:37:00+00:00,CPUUtilization,0.2876666666666666
2026-08-07T14:42:00+00:00,CPUUtilization,0.287
2026-08-07T14:47:00+00:00,CPUUtilization,0.2859999999999999
2026-08-07T14:52:00+00:00,CPUUtilization,0.2919999999999999
2026-08-07T14:57:00+00:00,CPUUtilization,0.28666666666666657
2026-08-07T15:02:00+00:00,CPUUtilization,0.2886666666666666
2026-08-07T15:07:00+00:00,CPUUtilization,0.2886666666666666
2026-08-07T15:12:00+00:00,CPUUtilization,0.2886666666666666
2026-08-07T15:17:00+00:00,CPUUtilization,0.2863333333333332
2026-08-07T15:22:00+00:00,CPUUtilization,0.3063333333333333
2026-08-07T15:27:00+00:00,CPUUtilization,0.2886666666666666
2026-08-07T15:32:00+00:00,CPUUtilization,0.2876666666666666
2026-08-07T15:37:00+00:00,CPUUtilization,0.28733333333333333
2026-08-07T15:42:00+00:00,CPUUtilization,0.28666666666666657
2026-08-07T15:47:00+00:00,CPUUtilization,0.2869999999999999
2026-08-07T15:52:00+00:00,CPUUtilization,0.28966666666666663
2026-08-07T15:57:00+00:00,CPUUtilization,0.2883333333333333
2026-08-07T16:02:00+00:00,CPUUtilization,0.3386666666666666
2026-08-07T16:07:00+00:00,CPUUtilization,8.264333333333333
2026-08-07T16:12:00+00:00,CPUUtilization,24.183
2026-08-07T16:17:00+00:00,CPUUtilization,1.427
2026-08-07T16:22:00+00:00,CPUUtilization,4.455328555953671
2026-07-31T12:02:00+00:00,NetworkIn,31426503.0
2026-07-31T12:07:00+00:00,NetworkIn,70384173.8
2026-07-31T12:12:00+00:00,NetworkIn,70439743.6
2026-07-31T12:17:00+00:00,NetworkIn,70640306.8
2026-07-31T12:22:00+00:00,NetworkIn,70441965.6
2026-07-31T12:27:00+00:00,NetworkIn,70656686.4
2026-07-31T12:32:00+00:00,NetworkIn,77375169.6
2026-07-31T12:37:00+00:00,NetworkIn,70610667.0
2026-07-31T12:42:00+00:00,NetworkIn,70697135.0
2026-07-31T12:47:00+00:00,NetworkIn,74280255.8
2026-07-31T12:52:00+00:00,NetworkIn,70444752.0
2026-07-31T12:57:00+00:00,NetworkIn,70310805.2
2026-07-31T13:02:00+00:00,NetworkIn,77068488.6
2026-07-31T13:07:00+00:00,NetworkIn,70540025.4
2026-07-31T13:12:00+00:00,NetworkIn,70587216.4
2026-07-31T13:17:00+00:00,NetworkIn,74165079.2
2026-07-31T13:22:00+00:00,NetworkIn,70531474.6
2026-07-31T13:27:00+00:00,NetworkIn,70633793.0
2026-07-31T13:32:00+00:00,NetworkIn,76874804.0
2026-07-31T13:37:00+00:00,NetworkIn,70554301.6
2026-07-31T13:42:00+00:00,NetworkIn,70570270.6
2026-07-31T13:47:00+00:00,NetworkIn,74251186.4
2026-07-31T13:52:00+00:00,NetworkIn,70598865.2
2026-07-31T13:57:00+00:00,NetworkIn,70495918.2
2026-07-31T14:02:00+00:00,NetworkIn,77227766.0
2026-07-31T14:07:00+00:00,NetworkIn,70668692.4
2026-07-31T14:12:00+00:00,NetworkIn,70478598.6
2026-07-31T14:17:00+00:00,NetworkIn,73932509.6
2026-07-31T14:22:00+00:00,NetworkIn,70363481.6
2026-07-31T14:27:00+00:00,NetworkIn,70513964.4
2026-07-31T14:32:00+00:00,NetworkIn,76933103.0
2026-07-31T14:37:00+00:00,NetworkIn,70882135.6
2026-07-31T14:42:00+00:00,NetworkIn,70480159.4
2026-07-31T14:47:00+00:00,NetworkIn,74150421.6
2026-07-31T14:52:00+00:00,NetworkIn,70487358.6
2026-07-31T14:57:00+00:00,NetworkIn,70522378.6
2026-07-31T15:02:00+00:00,NetworkIn,77049352.2
2026-07-31T15:07:00+00:00,NetworkIn,70703953.4
2026-07-31T15:12:00+00:00,NetworkIn,70493041.6
2026-07-31T15:17:00+00:00,NetworkIn,73887531.2
2026-07-31T15:22:00+00:00,NetworkIn,70646594.8
2026-07-31T15:27:00+00:00,NetworkIn,70533780.8
2026-07-31T15:32:00+00:00,NetworkIn,77090786.8
2026-07-31T15:37:00+00:00,NetworkIn,70352074.4
2026-07-31T15:42:00+00:00,NetworkIn,70554850.4
2026-07-31T15:47:00+00:00,NetworkIn,74116048.0
2026-07-31T15:52:00+00:00,NetworkIn,70500082.2
2026-07-31T15:57:00+00:00,NetworkIn,70422345.6
2026-07-31T16:02:00+00:00,NetworkIn,77004241.4
2026-07-31T16:07:00+00:00,NetworkIn,70562321.0
2026-07-31T16:12:00+00:00,NetworkIn,70372281.2
2026-07-31T16:17:00+00:00,NetworkIn,73987478.6
2026-07-31T16:22:00+00:00,NetworkIn,70675004.0
2026-07-31T16:27:00+00:00,NetworkIn,70572848.4
2026-07-31T16:32:00+00:00,NetworkIn,77112857.8
2026-07-31T16:37:00+00:00,NetworkIn,70632908.4
2026-07-31T16:42:00+00:00,NetworkIn,70317608.8
2026-07-31T16:47:00+00:00,NetworkIn,77038407.0
2026-07-31T16:52:00+00:00,NetworkIn,70514102.8
2026-07-31T16:57:00+00:00,NetworkIn,70613042.0
2026-07-31T17:02:00+00:00,NetworkIn,74082604.0
2026-07-31T17:07:00+00:00,NetworkIn,70355785.8
2026-07-31T17:12:00+00:00,NetworkIn,70518291.8
2026-07-31T17:17:00+00:00,NetworkIn,77282716.0
2026-07-31T17:22:00+00:00,NetworkIn,70566574.2
2026-07-31T17:27:00+00:00,NetworkIn,70461569.2
2026-07-31T17:32:00+00:00,NetworkIn,74292670.0
2026-07-31T17:37:00+00:00,NetworkIn,70543516.8
2026-07-31T17:42:00+00:00,NetworkIn,70614510.0
2026-07-31T17:47:00+00:00,NetworkIn,76855085.8
2026-07-31T17:52:00+00:00,NetworkIn,70635929.4
2026-07-31T17:57:00+00:00,NetworkIn,70393960.4
2026-07-31T18:02:00+00:00,NetworkIn,74153307.8
2026-07-31T18:07:00+00:00,NetworkIn,70223449.6
2026-07-31T18:12:00+00:00,NetworkIn,70709133.8
2026-07-31T18:17:00+00:00,NetworkIn,77007123.6
2026-07-31T18:22:00+00:00,NetworkIn,70571304.0
2026-07-31T18:27:00+00:00,NetworkIn,70422806.8
2026-07-31T18:32:00+00:00,NetworkIn,74248344.6
2026-07-31T18:37:00+00:00,NetworkIn,70500283.4
2026-07-31T18:42:00+00:00,NetworkIn,70384287.6
2026-07-31T18:47:00+00:00,NetworkIn,76982031.2
2026-07-31T18:52:00+00:00,NetworkIn,70367902.0
2026-07-31T18:57:00+00:00,NetworkIn,70304486.8
2026-07-31T19:02:00+00:00,NetworkIn,74155128.6
2026-07-31T19:07:00+00:00,NetworkIn,70464794.6
2026-07-31T19:12:00+00:00,NetworkIn,70574442.8
2026-07-31T19:17:00+00:00,NetworkIn,70508053.2
2026-07-31T19:22:00+00:00,NetworkIn,76885235.0
2026-07-31T19:27:00+00:00,NetworkIn,70470975.0
2026-07-31T19:32:00+00:00,NetworkIn,70578384.8
2026-07-31T19:37:00+00:00,NetworkIn,74073567.2
2026-07-31T19:42:00+00:00,NetworkIn,70447691.8
2026-07-31T19:47:00+00:00,NetworkIn,70548458.6
2026-07-31T19:52:00+00:00,NetworkIn,77054109.6
2026-07-31T19:57:00+00:00,NetworkIn,70622179.0
2026-07-31T20:02:00+00:00,NetworkIn,70387850.0
2026-07-31T20:07:00+00:00,NetworkIn,74079776.2
2026-07-31T20:12:00+00:00,NetworkIn,70514757.4
2026-07-31T20:17:00+00:00,NetworkIn,70352548.6
2026-07-31T20:22:00+00:00,NetworkIn,77112292.4
2026-07-31T20:27:00+00:00,NetworkIn,70411828.0
2026-07-31T20:32:00+00:00,NetworkIn,70422658.4
2026-07-31T20:37:00+00:00,NetworkIn,87171463.8
2026-07-31T20:42:00+00:00,NetworkIn,70790522.8
2026-07-31T20:47:00+00:00,NetworkIn,70490636.4
2026-07-31T20:52:00+00:00,NetworkIn,77191378.2
2026-07-31T20:57:00+00:00,NetworkIn,70446838.8
2026-07-31T21:02:00+00:00,NetworkIn,70538809.4
2026-07-31T21:07:00+00:00,NetworkIn,74020119.0
2026-07-31T21:12:00+00:00,NetworkIn,70560532.6
2026-07-31T21:17:00+00:00,NetworkIn,70154662.2
2026-07-31T21:22:00+00:00,NetworkIn,77099873.0
2026-07-31T21:27:00+00:00,NetworkIn,70511366.4
2026-07-31T21:32:00+00:00,NetworkIn,70489023.4
2026-07-31T21:37:00+00:00,NetworkIn,76922971.0
2026-07-31T21:42:00+00:00,NetworkIn,70319517.6
2026-07-31T21:47:00+00:00,NetworkIn,70650503.2
2026-07-31T21:52:00+00:00,NetworkIn,74097317.6
2026-07-31T21:57:00+00:00,NetworkIn,70574389.2
2026-07-31T22:02:00+00:00,NetworkIn,70586519.4
2026-07-31T22:07:00+00:00,NetworkIn,77068806.0
2026-07-31T22:12:00+00:00,NetworkIn,70624119.4
2026-07-31T22:17:00+00:00,NetworkIn,70675905.4
2026-07-31T22:22:00+00:00,NetworkIn,74122300.6
2026-07-31T22:27:00+00:00,NetworkIn,70531810.8
2026-07-31T22:32:00+00:00,NetworkIn,70330614.6
2026-07-31T22:37:00+00:00,NetworkIn,76996506.6
2026-07-31T22:42:00+00:00,NetworkIn,70257586.0
2026-07-31T22:47:00+00:00,NetworkIn,70389258.0
2026-07-31T22:52:00+00:00,NetworkIn,74101996.0
2026-07-31T22:57:00+00:00,NetworkIn,70177145.0
2026-07-31T23:02:00+00:00,NetworkIn,70330257.2
2026-07-31T23:07:00+00:00,NetworkIn,77013296.6
2026-07-31T23:12:00+00:00,NetworkIn,70069128.2
2026-07-31T23:17:00+00:00,NetworkIn,70550299.6
2026-07-31T23:22:00+00:00,NetworkIn,73983114.8
2026-07-31T23:27:00+00:00,NetworkIn,70390898.4
2026-07-31T23:32:00+00:00,NetworkIn,70345528.6
2026-07-31T23:37:00+00:00,NetworkIn,76904301.2
2026-07-31T23:42:00+00:00,NetworkIn,76499303.6
2026-07-31T23:47:00+00:00,NetworkIn,70209626.2
2026-07-31T23:52:00+00:00,NetworkIn,73676370.8
2026-07-31T23:57:00+00:00,NetworkIn,70425916.0
2026-08-01T00:02:00+00:00,NetworkIn,70161827.2
2026-08-01T00:07:00+00:00,NetworkIn,76746852.8
2026-08-01T00:12:00+00:00,NetworkIn,69995992.6
2026-08-01T00:17:00+00:00,NetworkIn,70864780.8
2026-08-01T00:22:00+00:00,NetworkIn,74062424.2
2026-08-01T00:27:00+00:00,NetworkIn,70232597.4
2026-08-01T00:32:00+00:00,NetworkIn,70422132.4
2026-08-01T00:37:00+00:00,NetworkIn,77252890.6
2026-08-01T00:42:00+00:00,NetworkIn,70359302.2
2026-08-01T00:47:00+00:00,NetworkIn,70522139.2
2026-08-01T00:52:00+00:00,NetworkIn,74352800.4
2026-08-01T00:57:00+00:00,NetworkIn,70485811.6
2026-08-01T01:02:00+00:00,NetworkIn,70335358.6
2026-08-01T01:07:00+00:00,NetworkIn,77040043.8
2026-08-01T01:12:00+00:00,NetworkIn,70601188.6
2026-08-01T01:17:00+00:00,NetworkIn,70584203.8
2026-08-01T01:22:00+00:00,NetworkIn,74126905.4
2026-08-01T01:27:00+00:00,NetworkIn,70418028.0
2026-08-01T01:32:00+00:00,NetworkIn,70197630.8
2026-08-01T01:37:00+00:00,NetworkIn,76962366.0
2026-08-01T01:42:00+00:00,NetworkIn,70212864.0
2026-08-01T01:47:00+00:00,NetworkIn,70347229.8
2026-08-01T01:52:00+00:00,NetworkIn,74062070.2
2026-08-01T01:57:00+00:00,NetworkIn,70177684.4
2026-08-01T02:02:00+00:00,NetworkIn,70209124.2
2026-08-01T02:07:00+00:00,NetworkIn,77138089.8
2026-08-01T02:12:00+00:00,NetworkIn,70237675.4
2026-08-01T02:17:00+00:00,NetworkIn,70291545.4
2026-08-01T02:22:00+00:00,NetworkIn,76973860.8
2026-08-01T02:27:00+00:00,NetworkIn,70184950.6
2026-08-01T02:32:00+00:00,NetworkIn,70285547.0
2026-08-01T02:37:00+00:00,NetworkIn,73980764.2
2026-08-01T02:42:00+00:00,NetworkIn,70490946.2
2026-08-01T02:47:00+00:00,NetworkIn,70338600.6
2026-08-01T02:52:00+00:00,NetworkIn,76859095.8
2026-08-01T02:57:00+00:00,NetworkIn,70159529.6
2026-08-01T03:02:00+00:00,NetworkIn,70129026.8
2026-08-01T03:07:00+00:00,NetworkIn,73974370.6
2026-08-01T03:12:00+00:00,NetworkIn,70028508.6
2026-08-01T03:17:00+00:00,NetworkIn,69780302.6
2026-08-01T03:22:00+00:00,NetworkIn,76996113.0
2026-08-01T03:27:00+00:00,NetworkIn,70496285.6
2026-08-01T03:32:00+00:00,NetworkIn,70297258.0
2026-08-01T03:37:00+00:00,NetworkIn,74065715.4
2026-08-01T03:42:00+00:00,NetworkIn,70458048.6
2026-08-01T03:47:00+00:00,NetworkIn,70377135.0
2026-08-01T03:52:00+00:00,NetworkIn,76948343.8
2026-08-01T03:57:00+00:00,NetworkIn,70256171.4
2026-08-01T04:02:00+00:00,NetworkIn,70349236.8
2026-08-01T04:07:00+00:00,NetworkIn,74046269.6
2026-08-01T04:12:00+00:00,NetworkIn,70434914.6
2026-08-01T04:17:00+00:00,NetworkIn,70338655.2
2026-08-01T04:22:00+00:00,NetworkIn,76985214.0
2026-08-01T04:27:00+00:00,NetworkIn,70224323.2
2026-08-01T04:32:00+00:00,NetworkIn,70448911.6
2026-08-01T04:37:00+00:00,NetworkIn,73877406.8
2026-08-01T04:42:00+00:00,NetworkIn,70435448.4
2026-08-01T04:47:00+00:00,NetworkIn,70255952.8
2026-08-01T04:52:00+00:00,NetworkIn,76691964.4
2026-08-01T04:57:00+00:00,NetworkIn,69553482.2
2026-08-01T05:02:00+00:00,NetworkIn,70082774.0
2026-08-01T05:07:00+00:00,NetworkIn,74020117.4
2026-08-01T05:12:00+00:00,NetworkIn,69780786.6
2026-08-01T05:17:00+00:00,NetworkIn,70312296.4
2026-08-01T05:22:00+00:00,NetworkIn,76657443.4
2026-08-01T05:27:00+00:00,NetworkIn,69861209.2
2026-08-01T05:32:00+00:00,NetworkIn,68944751.0
2026-08-01T05:37:00+00:00,NetworkIn,73759097.8
2026-08-01T05:42:00+00:00,NetworkIn,70110143.2
2026-08-01T05:47:00+00:00,NetworkIn,70444851.2
2026-08-01T05:52:00+00:00,NetworkIn,76646842.8
2026-08-01T05:57:00+00:00,NetworkIn,69635335.2
2026-08-01T06:02:00+00:00,NetworkIn,69844802.2
2026-08-01T06:07:00+00:00,NetworkIn,73106567.6
2026-08-01T06:12:00+00:00,NetworkIn,70188087.2
2026-08-01T06:17:00+00:00,NetworkIn,69134391.2
2026-08-01T06:22:00+00:00,NetworkIn,75971846.8
2026-08-01T06:27:00+00:00,NetworkIn,70440700.8
2026-08-01T06:32:00+00:00,NetworkIn,70541259.4
2026-08-01T06:37:00+00:00,NetworkIn,73695043.6
2026-08-01T06:42:00+00:00,NetworkIn,70672567.2
2026-08-01T06:47:00+00:00,NetworkIn,70311706.0
2026-08-01T06:52:00+00:00,NetworkIn,77001661.6
2026-08-01T06:57:00+00:00,NetworkIn,70285202.0
2026-08-01T07:02:00+00:00,NetworkIn,69763208.8
2026-08-01T07:07:00+00:00,NetworkIn,73756812.2
2026-08-01T07:12:00+00:00,NetworkIn,70222524.6
2026-08-01T07:17:00+00:00,NetworkIn,70197617.8
2026-08-01T07:22:00+00:00,NetworkIn,76849236.6
2026-08-01T07:27:00+00:00,NetworkIn,69926485.2
2026-08-01T07:32:00+00:00,NetworkIn,70329878.0
2026-08-01T07:37:00+00:00,NetworkIn,73769291.4
2026-08-01T07:42:00+00:00,NetworkIn,70126513.4
2026-08-01T07:47:00+00:00,NetworkIn,70185182.2
2026-08-01T07:52:00+00:00,NetworkIn,76854268.2
2026-08-01T07:57:00+00:00,NetworkIn,69882876.0
2026-08-01T08:02:00+00:00,NetworkIn,70347702.8
2026-08-01T08:07:00+00:00,NetworkIn,73661352.8
2026-08-01T08:12:00+00:00,NetworkIn,70295004.6
2026-08-01T08:17:00+00:00,NetworkIn,70303902.6
2026-08-01T08:22:00+00:00,NetworkIn,76894754.8
2026-08-01T08:27:00+00:00,NetworkIn,70395311.8
2026-08-01T08:32:00+00:00,NetworkIn,70146122.4
2026-08-01T08:37:00+00:00,NetworkIn,68156632.8
2026-08-01T08:42:00+00:00,NetworkIn,70231276.4
2026-08-01T08:47:00+00:00,NetworkIn,70076320.4
2026-08-01T08:52:00+00:00,NetworkIn,76159551.8
2026-08-01T08:57:00+00:00,NetworkIn,70031861.4
2026-08-01T09:02:00+00:00,NetworkIn,69540570.0
2026-08-01T09:07:00+00:00,NetworkIn,76153152.2
2026-08-01T09:12:00+00:00,NetworkIn,70108744.6
2026-08-01T09:17:00+00:00,NetworkIn,70051386.2
2026-08-01T09:22:00+00:00,NetworkIn,73444772.2
2026-08-01T09:27:00+00:00,NetworkIn,69425163.2
2026-08-01T09:32:00+00:00,NetworkIn,70646730.8
2026-08-01T09:37:00+00:00,NetworkIn,75540047.6
2026-08-01T09:42:00+00:00,NetworkIn,69110976.2
2026-08-01T09:47:00+00:00,NetworkIn,69188768.8
2026-08-01T09:52:00+00:00,NetworkIn,73817844.6
2026-08-01T09:57:00+00:00,NetworkIn,69714058.2
2026-08-01T10:02:00+00:00,NetworkIn,70351070.0
2026-08-01T10:07:00+00:00,NetworkIn,76916444.8
2026-08-01T10:12:00+00:00,NetworkIn,70534342.0
2026-08-01T10:17:00+00:00,NetworkIn,70157853.8
2026-08-01T10:22:00+00:00,NetworkIn,74137483.0
2026-08-01T10:27:00+00:00,NetworkIn,106236656.8
2026-08-01T10:32:00+00:00,NetworkIn,69898680.8
2026-08-01T10:37:00+00:00,NetworkIn,76566732.4
2026-08-01T10:42:00+00:00,NetworkIn,70287033.2
2026-08-01T10:47:00+00:00,NetworkIn,69718548.0
2026-08-01T10:52:00+00:00,NetworkIn,74255021.6
2026-08-01T10:57:00+00:00,NetworkIn,68993890.2
2026-08-01T11:02:00+00:00,NetworkIn,69387862.6
2026-08-01T11:07:00+00:00,NetworkIn,76329559.2
2026-08-01T11:12:00+00:00,NetworkIn,70091115.4
2026-08-01T11:17:00+00:00,NetworkIn,69625504.6
2026-08-01T11:22:00+00:00,NetworkIn,73652381.4
2026-08-01T11:27:00+00:00,NetworkIn,69762614.8
2026-08-01T11:32:00+00:00,NetworkIn,69424510.4
2026-08-01T11:37:00+00:00,NetworkIn,75852204.2
2026-08-01T11:42:00+00:00,NetworkIn,70243765.0
2026-08-01T11:47:00+00:00,NetworkIn,70386874.6
2026-08-01T11:52:00+00:00,NetworkIn,73791742.8
2026-08-01T11:57:00+00:00,NetworkIn,70105142.8
2026-08-01T12:02:00+00:00,NetworkIn,69790841.0
2026-08-01T12:07:00+00:00,NetworkIn,73689001.2
2026-08-01T12:12:00+00:00,NetworkIn,66892387.8
2026-08-01T12:17:00+00:00,NetworkIn,69726276.6
2026-08-01T12:22:00+00:00,NetworkIn,73279237.4
2026-08-01T12:27:00+00:00,NetworkIn,69827066.2
2026-08-01T12:32:00+00:00,NetworkIn,70100229.2
2026-08-01T12:37:00+00:00,NetworkIn,77012626.4
2026-08-01T12:42:00+00:00,NetworkIn,70658348.0
2026-08-01T12:47:00+00:00,NetworkIn,70493823.4
2026-08-01T12:52:00+00:00,NetworkIn,73910972.0
2026-08-01T12:57:00+00:00,NetworkIn,70480569.0
2026-08-01T13:02:00+00:00,NetworkIn,70673890.6
2026-08-01T13:07:00+00:00,NetworkIn,77138291.8
2026-08-01T13:12:00+00:00,NetworkIn,70639586.2
2026-08-01T13:17:00+00:00,NetworkIn,70403043.8
2026-08-01T13:22:00+00:00,NetworkIn,74200046.2
2026-08-01T13:27:00+00:00,NetworkIn,70671076.8
2026-08-01T13:32:00+00:00,NetworkIn,70385238.0
2026-08-01T13:37:00+00:00,NetworkIn,77063839.4
2026-08-01T13:42:00+00:00,NetworkIn,70547439.4
2026-08-01T13:47:00+00:00,NetworkIn,70423184.6
2026-08-01T13:52:00+00:00,NetworkIn,74075196.4
2026-08-01T13:57:00+00:00,NetworkIn,70291574.6
2026-08-01T14:02:00+00:00,NetworkIn,70504466.8
2026-08-01T14:07:00+00:00,NetworkIn,77180476.6
2026-08-01T14:12:00+00:00,NetworkIn,70661237.2
2026-08-01T14:17:00+00:00,NetworkIn,70409775.4
2026-08-01T14:22:00+00:00,NetworkIn,74179857.4
2026-08-01T14:27:00+00:00,NetworkIn,70628939.2
2026-08-01T14:32:00+00:00,NetworkIn,70551047.6
2026-08-01T14:37:00+00:00,NetworkIn,77163872.4
2026-08-01T14:42:00+00:00,NetworkIn,70592526.6
2026-08-01T14:47:00+00:00,NetworkIn,70661179.2
2026-08-01T14:52:00+00:00,NetworkIn,73935658.4
2026-08-01T14:57:00+00:00,NetworkIn,70825085.8
2026-08-01T15:02:00+00:00,NetworkIn,70385602.6
2026-08-01T15:07:00+00:00,NetworkIn,77056282.8
2026-08-01T15:12:00+00:00,NetworkIn,70380229.4
2026-08-01T15:17:00+00:00,NetworkIn,70550483.6
2026-08-01T15:22:00+00:00,NetworkIn,76938715.4
2026-08-01T15:27:00+00:00,NetworkIn,70647347.4
2026-08-01T15:32:00+00:00,NetworkIn,70326380.4
2026-08-01T15:37:00+00:00,NetworkIn,73929913.2
2026-08-01T15:42:00+00:00,NetworkIn,70447436.6
2026-08-01T15:47:00+00:00,NetworkIn,70716970.6
2026-08-01T15:52:00+00:00,NetworkIn,76969279.2
2026-08-01T15:57:00+00:00,NetworkIn,70348076.8
2026-08-01T16:02:00+00:00,NetworkIn,70538019.6
2026-08-01T16:07:00+00:00,NetworkIn,74167883.2
2026-08-01T16:12:00+00:00,NetworkIn,70638735.0
2026-08-01T16:17:00+00:00,NetworkIn,70418988.6
2026-08-01T16:22:00+00:00,NetworkIn,76968535.6
2026-08-01T16:27:00+00:00,NetworkIn,70582990.4
2026-08-01T16:32:00+00:00,NetworkIn,70414602.6
2026-08-01T16:37:00+00:00,NetworkIn,73864202.2
2026-08-01T16:42:00+00:00,NetworkIn,70525043.0
2026-08-01T16:47:00+00:00,NetworkIn,70619830.4
2026-08-01T16:52:00+00:00,NetworkIn,77014271.8
2026-08-01T16:57:00+00:00,NetworkIn,70518441.2
2026-08-01T17:02:00+00:00,NetworkIn,70479127.2
2026-08-01T17:07:00+00:00,NetworkIn,74197414.0
2026-08-01T17:12:00+00:00,NetworkIn,70605037.0
2026-08-01T17:17:00+00:00,NetworkIn,70122889.4
2026-08-01T17:22:00+00:00,NetworkIn,77235811.4
2026-08-01T17:27:00+00:00,NetworkIn,70531101.8
2026-08-01T17:32:00+00:00,NetworkIn,70546531.4
2026-08-01T17:37:00+00:00,NetworkIn,73967669.4
2026-08-01T17:42:00+00:00,NetworkIn,70606928.0
2026-08-01T17:47:00+00:00,NetworkIn,70762829.4
2026-08-01T17:52:00+00:00,NetworkIn,76846792.6
2026-08-01T17:57:00+00:00,NetworkIn,70674127.8
2026-08-01T18:02:00+00:00,NetworkIn,70446665.6
2026-08-01T18:07:00+00:00,NetworkIn,74074797.4
2026-08-01T18:12:00+00:00,NetworkIn,70624895.4
2026-08-01T18:17:00+00:00,NetworkIn,70529167.0
2026-08-01T18:22:00+00:00,NetworkIn,77128606.2
2026-08-01T18:27:00+00:00,NetworkIn,70470893.2
2026-08-01T18:32:00+00:00,NetworkIn,70429266.8
2026-08-01T18:37:00+00:00,NetworkIn,74231940.4
2026-08-01T18:42:00+00:00,NetworkIn,70842722.6
2026-08-01T18:47:00+00:00,NetworkIn,70431016.4
2026-08-01T18:52:00+00:00,NetworkIn,76969925.6
2026-08-01T18:57:00+00:00,NetworkIn,70563509.4
2026-08-01T19:02:00+00:00,NetworkIn,70559883.6
2026-08-01T19:07:00+00:00,NetworkIn,73902532.6
2026-08-01T19:12:00+00:00,NetworkIn,70526772.0
2026-08-01T19:17:00+00:00,NetworkIn,70558635.8
2026-08-01T19:22:00+00:00,NetworkIn,77205631.4
2026-08-01T19:27:00+00:00,NetworkIn,70442963.6
2026-08-01T19:32:00+00:00,NetworkIn,70458789.2
2026-08-01T19:37:00+00:00,NetworkIn,74231824.8
2026-08-01T19:42:00+00:00,NetworkIn,70371170.8
2026-08-01T19:47:00+00:00,NetworkIn,70244689.8
2026-08-01T19:52:00+00:00,NetworkIn,77169999.4
2026-08-01T19:57:00+00:00,NetworkIn,70698642.0
2026-08-01T20:02:00+00:00,NetworkIn,70499958.2
2026-08-01T20:07:00+00:00,NetworkIn,77135624.8
2026-08-01T20:12:00+00:00,NetworkIn,70334594.2
2026-08-01T20:17:00+00:00,NetworkIn,70455697.6
2026-08-01T20:22:00+00:00,NetworkIn,74334685.4
2026-08-01T20:27:00+00:00,NetworkIn,70511911.0
2026-08-01T20:32:00+00:00,NetworkIn,70388928.6
2026-08-01T20:37:00+00:00,NetworkIn,77297473.6
2026-08-01T20:42:00+00:00,NetworkIn,70654174.0
2026-08-01T20:47:00+00:00,NetworkIn,70492518.6
2026-08-01T20:52:00+00:00,NetworkIn,73891371.8
2026-08-01T20:57:00+00:00,NetworkIn,70393153.0
2026-08-01T21:02:00+00:00,NetworkIn,70601573.6
2026-08-01T21:07:00+00:00,NetworkIn,77224198.4
2026-08-01T21:12:00+00:00,NetworkIn,70560348.0
2026-08-01T21:17:00+00:00,NetworkIn,70223025.6
2026-08-01T21:22:00+00:00,NetworkIn,74110531.0
2026-08-01T21:27:00+00:00,NetworkIn,70448816.8
2026-08-01T21:32:00+00:00,NetworkIn,70379158.6
2026-08-01T21:37:00+00:00,NetworkIn,77094001.6
2026-08-01T21:42:00+00:00,NetworkIn,70612437.6
2026-08-01T21:47:00+00:00,NetworkIn,70284145.2
2026-08-01T21:52:00+00:00,NetworkIn,74181309.2
2026-08-01T21:57:00+00:00,NetworkIn,70438999.4
2026-08-01T22:02:00+00:00,NetworkIn,70687017.4
2026-08-01T22:07:00+00:00,NetworkIn,76809336.4
2026-08-01T22:12:00+00:00,NetworkIn,70062888.0
2026-08-01T22:17:00+00:00,NetworkIn,70273037.6
2026-08-01T22:22:00+00:00,NetworkIn,74180701.8
2026-08-01T22:27:00+00:00,NetworkIn,70363740.2
2026-08-01T22:32:00+00:00,NetworkIn,70367036.0
2026-08-01T22:37:00+00:00,NetworkIn,77096374.4
2026-08-01T22:42:00+00:00,NetworkIn,70617874.8
2026-08-01T22:47:00+00:00,NetworkIn,70414241.4
2026-08-01T22:52:00+00:00,NetworkIn,73898340.0
2026-08-01T22:57:00+00:00,NetworkIn,70444525.2
2026-08-01T23:02:00+00:00,NetworkIn,70583488.0
2026-08-01T23:07:00+00:00,NetworkIn,76995278.2
2026-08-01T23:12:00+00:00,NetworkIn,70332664.8
2026-08-01T23:17:00+00:00,NetworkIn,70440091.2
2026-08-01T23:22:00+00:00,NetworkIn,74342567.8
2026-08-01T23:27:00+00:00,NetworkIn,70436468.2
2026-08-01T23:32:00+00:00,NetworkIn,70318471.6
2026-08-01T23:37:00+00:00,NetworkIn,77212150.4
2026-08-01T23:42:00+00:00,NetworkIn,70731818.4
2026-08-01T23:47:00+00:00,NetworkIn,70192133.0
2026-08-01T23:52:00+00:00,NetworkIn,74219991.0
2026-08-01T23:57:00+00:00,NetworkIn,70608472.2
2026-08-02T00:02:00+00:00,NetworkIn,70220535.0
2026-08-02T00:07:00+00:00,NetworkIn,76961866.8
2026-08-02T00:12:00+00:00,NetworkIn,70302241.8
2026-08-02T00:17:00+00:00,NetworkIn,69884478.2
2026-08-02T00:22:00+00:00,NetworkIn,74015708.4
2026-08-02T00:27:00+00:00,NetworkIn,70627374.0
2026-08-02T00:32:00+00:00,NetworkIn,70464644.0
2026-08-02T00:37:00+00:00,NetworkIn,77272177.4
2026-08-02T00:42:00+00:00,NetworkIn,70556694.4
2026-08-02T00:47:00+00:00,NetworkIn,75527597.8
2026-08-02T00:52:00+00:00,NetworkIn,76588934.8
2026-08-02T00:57:00+00:00,NetworkIn,70350653.4
2026-08-02T01:02:00+00:00,NetworkIn,70179887.2
2026-08-02T01:07:00+00:00,NetworkIn,73868184.8
2026-08-02T01:12:00+00:00,NetworkIn,69803226.0
2026-08-02T01:17:00+00:00,NetworkIn,70349010.6
2026-08-02T01:22:00+00:00,NetworkIn,76697888.2
2026-08-02T01:27:00+00:00,NetworkIn,70477619.6
2026-08-02T01:32:00+00:00,NetworkIn,70733543.0
2026-08-02T01:37:00+00:00,NetworkIn,74074793.4
2026-08-02T01:42:00+00:00,NetworkIn,70521700.0
2026-08-02T01:47:00+00:00,NetworkIn,70733189.0
2026-08-02T01:52:00+00:00,NetworkIn,77090900.6
2026-08-02T01:57:00+00:00,NetworkIn,70287160.6
2026-08-02T02:02:00+00:00,NetworkIn,70527688.0
2026-08-02T02:07:00+00:00,NetworkIn,74073947.8
2026-08-02T02:12:00+00:00,NetworkIn,70342754.2
2026-08-02T02:17:00+00:00,NetworkIn,70493353.2
2026-08-02T02:22:00+00:00,NetworkIn,77046528.8
2026-08-02T02:27:00+00:00,NetworkIn,70206312.8
2026-08-02T02:32:00+00:00,NetworkIn,70487348.6
2026-08-02T02:37:00+00:00,NetworkIn,74073348.0
2026-08-02T02:42:00+00:00,NetworkIn,70304922.6
2026-08-02T02:47:00+00:00,NetworkIn,70511735.8
2026-08-02T02:52:00+00:00,NetworkIn,77159956.0
2026-08-02T02:57:00+00:00,NetworkIn,70430494.0
2026-08-02T03:02:00+00:00,NetworkIn,70349320.0
2026-08-02T03:07:00+00:00,NetworkIn,74143801.2
2026-08-02T03:12:00+00:00,NetworkIn,70225771.6
2026-08-02T03:17:00+00:00,NetworkIn,70533741.6
2026-08-02T03:22:00+00:00,NetworkIn,77256902.8
2026-08-02T03:27:00+00:00,NetworkIn,70315238.6
2026-08-02T03:32:00+00:00,NetworkIn,70212138.6
2026-08-02T03:37:00+00:00,NetworkIn,73875735.6
2026-08-02T03:42:00+00:00,NetworkIn,70354475.2
2026-08-02T03:47:00+00:00,NetworkIn,70492937.8
2026-08-02T03:52:00+00:00,NetworkIn,76855311.0
2026-08-02T03:57:00+00:00,NetworkIn,70404624.2
2026-08-02T04:02:00+00:00,NetworkIn,70100168.8
2026-08-02T04:07:00+00:00,NetworkIn,74078544.8
2026-08-02T04:12:00+00:00,NetworkIn,70437037.2
2026-08-02T04:17:00+00:00,NetworkIn,70021455.8
2026-08-02T04:22:00+00:00,NetworkIn,76783764.0
2026-08-02T04:27:00+00:00,NetworkIn,70358649.6
2026-08-02T04:32:00+00:00,NetworkIn,70262662.6
2026-08-02T04:37:00+00:00,NetworkIn,73774377.0
2026-08-02T04:42:00+00:00,NetworkIn,70165130.2
2026-08-02T04:47:00+00:00,NetworkIn,70726927.8
2026-08-02T04:52:00+00:00,NetworkIn,76769382.8
2026-08-02T04:57:00+00:00,NetworkIn,70580660.2
2026-08-02T05:02:00+00:00,NetworkIn,70379992.0
2026-08-02T05:07:00+00:00,NetworkIn,70422775.2
2026-08-02T05:12:00+00:00,NetworkIn,74212411.4
2026-08-02T05:17:00+00:00,NetworkIn,69999561.0
2026-08-02T05:22:00+00:00,NetworkIn,70232997.0
2026-08-02T05:27:00+00:00,NetworkIn,77054696.6
2026-08-02T05:32:00+00:00,NetworkIn,70299841.4
2026-08-02T05:37:00+00:00,NetworkIn,70125869.6
2026-08-02T05:42:00+00:00,NetworkIn,74029544.4
2026-08-02T05:47:00+00:00,NetworkIn,69994849.2
2026-08-02T05:52:00+00:00,NetworkIn,70160761.6
2026-08-02T05:57:00+00:00,NetworkIn,77245849.2
2026-08-02T06:02:00+00:00,NetworkIn,70591478.2
2026-08-02T06:07:00+00:00,NetworkIn,70552135.2
2026-08-02T06:12:00+00:00,NetworkIn,77174125.8
2026-08-02T06:17:00+00:00,NetworkIn,70599437.4
2026-08-02T06:22:00+00:00,NetworkIn,70601150.4
2026-08-02T06:27:00+00:00,NetworkIn,74142297.8
2026-08-02T06:32:00+00:00,NetworkIn,70512752.6
2026-08-02T06:37:00+00:00,NetworkIn,70528576.4
2026-08-02T06:42:00+00:00,NetworkIn,77050337.2
2026-08-02T06:47:00+00:00,NetworkIn,70470258.0
2026-08-02T06:52:00+00:00,NetworkIn,70734759.0
2026-08-02T06:57:00+00:00,NetworkIn,73993197.4
2026-08-02T07:02:00+00:00,NetworkIn,70526090.4
2026-08-02T07:07:00+00:00,NetworkIn,70510575.4
2026-08-02T07:12:00+00:00,NetworkIn,76867025.0
2026-08-02T07:17:00+00:00,NetworkIn,70619640.8
2026-08-02T07:22:00+00:00,NetworkIn,70401598.8
2026-08-02T07:27:00+00:00,NetworkIn,73571710.8
2026-08-02T07:32:00+00:00,NetworkIn,70448581.6
2026-08-02T07:37:00+00:00,NetworkIn,69765822.0
2026-08-02T07:42:00+00:00,NetworkIn,76728691.2
2026-08-02T07:47:00+00:00,NetworkIn,70453824.6
2026-08-02T07:52:00+00:00,NetworkIn,70164349.8
2026-08-02T07:57:00+00:00,NetworkIn,72994806.6
2026-08-02T08:02:00+00:00,NetworkIn,69768800.4
2026-08-02T08:07:00+00:00,NetworkIn,70701324.2
2026-08-02T08:12:00+00:00,NetworkIn,76119602.8
2026-08-02T08:17:00+00:00,NetworkIn,69657476.0
2026-08-02T08:22:00+00:00,NetworkIn,70174688.0
2026-08-02T08:27:00+00:00,NetworkIn,73122135.8
2026-08-02T08:32:00+00:00,NetworkIn,69649473.8
2026-08-02T08:37:00+00:00,NetworkIn,69958979.2
2026-08-02T08:42:00+00:00,NetworkIn,76373292.6
2026-08-02T08:47:00+00:00,NetworkIn,69899181.2
2026-08-02T08:52:00+00:00,NetworkIn,70204673.8
2026-08-02T08:57:00+00:00,NetworkIn,72438824.8
2026-08-02T09:02:00+00:00,NetworkIn,70421295.2
2026-08-02T09:07:00+00:00,NetworkIn,70414809.6
2026-08-02T09:12:00+00:00,NetworkIn,77295619.6
2026-08-02T09:17:00+00:00,NetworkIn,70165181.0
2026-08-02T09:22:00+00:00,NetworkIn,70610901.8
2026-08-02T09:27:00+00:00,NetworkIn,73775292.0
2026-08-02T09:32:00+00:00,NetworkIn,70206606.2
2026-08-02T09:37:00+00:00,NetworkIn,69925773.0
2026-08-02T09:42:00+00:00,NetworkIn,77064956.8
2026-08-02T09:47:00+00:00,NetworkIn,70133939.6
2026-08-02T09:52:00+00:00,NetworkIn,69918369.6
2026-08-02T09:57:00+00:00,NetworkIn,73935216.4
2026-08-02T10:02:00+00:00,NetworkIn,69842487.4
2026-08-02T10:07:00+00:00,NetworkIn,69779343.4
2026-08-02T10:12:00+00:00,NetworkIn,75856224.8
2026-08-02T10:17:00+00:00,NetworkIn,70380291.4
2026-08-02T10:22:00+00:00,NetworkIn,69974210.4
2026-08-02T10:27:00+00:00,NetworkIn,73519179.2
2026-08-02T10:32:00+00:00,NetworkIn,69476681.2
2026-08-02T10:37:00+00:00,NetworkIn,68751139.0
2026-08-02T10:42:00+00:00,NetworkIn,77271916.0
2026-08-02T10:47:00+00:00,NetworkIn,68803262.6
2026-08-02T10:52:00+00:00,NetworkIn,69813561.8
2026-08-02T10:57:00+00:00,NetworkIn,73625074.2
2026-08-02T11:02:00+00:00,NetworkIn,69980275.6
2026-08-02T11:07:00+00:00,NetworkIn,70154529.4
2026-08-02T11:12:00+00:00,NetworkIn,76706410.0
2026-08-02T11:17:00+00:00,NetworkIn,70004120.6
2026-08-02T11:22:00+00:00,NetworkIn,70170864.6
2026-08-02T11:27:00+00:00,NetworkIn,73405223.2
2026-08-02T11:32:00+00:00,NetworkIn,69981443.6
2026-08-02T11:37:00+00:00,NetworkIn,70107602.4
2026-08-02T11:42:00+00:00,NetworkIn,77377157.0
2026-08-02T11:47:00+00:00,NetworkIn,69053353.6
2026-08-02T11:52:00+00:00,NetworkIn,69374981.4
2026-08-02T11:57:00+00:00,NetworkIn,73238671.2
2026-08-02T12:02:00+00:00,NetworkIn,69288657.8
2026-08-02T12:07:00+00:00,NetworkIn,69301424.0
2026-08-02T12:12:00+00:00,NetworkIn,76607153.0
2026-08-02T12:17:00+00:00,NetworkIn,69127572.2
2026-08-02T12:22:00+00:00,NetworkIn,69637825.0
2026-08-02T12:27:00+00:00,NetworkIn,70041831.4
2026-08-02T12:32:00+00:00,NetworkIn,68555679.2
2026-08-02T12:37:00+00:00,NetworkIn,69281949.6
2026-08-02T12:42:00+00:00,NetworkIn,76091737.0
2026-08-02T12:47:00+00:00,NetworkIn,69521131.8
2026-08-02T12:52:00+00:00,NetworkIn,68825599.2
2026-08-02T12:57:00+00:00,NetworkIn,70946719.0
2026-08-02T13:02:00+00:00,NetworkIn,70410581.4
2026-08-02T13:07:00+00:00,NetworkIn,64098449.2
2026-08-02T13:12:00+00:00,NetworkIn,70575972.0
2026-08-02T13:17:00+00:00,NetworkIn,66931476.4
2026-08-02T13:22:00+00:00,NetworkIn,68060383.2
2026-08-02T13:27:00+00:00,NetworkIn,74233379.4
2026-08-02T13:32:00+00:00,NetworkIn,70352591.8
2026-08-02T13:37:00+00:00,NetworkIn,70628772.8
2026-08-02T13:42:00+00:00,NetworkIn,77068475.8
2026-08-02T13:47:00+00:00,NetworkIn,70218881.6
2026-08-02T13:52:00+00:00,NetworkIn,70694077.8
2026-08-02T13:57:00+00:00,NetworkIn,74197204.6
2026-08-02T14:02:00+00:00,NetworkIn,68952106.0
2026-08-02T14:07:00+00:00,NetworkIn,70629549.4
2026-08-02T14:12:00+00:00,NetworkIn,77090137.4
2026-08-02T14:17:00+00:00,NetworkIn,70566290.0
2026-08-02T14:22:00+00:00,NetworkIn,70459282.4
2026-08-02T14:27:00+00:00,NetworkIn,74307103.8
2026-08-02T14:32:00+00:00,NetworkIn,70466873.0
2026-08-02T14:37:00+00:00,NetworkIn,70411593.8
2026-08-02T14:42:00+00:00,NetworkIn,77033963.2
2026-08-02T14:47:00+00:00,NetworkIn,70503664.0
2026-08-02T14:52:00+00:00,NetworkIn,70523730.2
2026-08-02T14:57:00+00:00,NetworkIn,74132440.8
2026-08-02T15:02:00+00:00,NetworkIn,70397058.2
2026-08-02T15:07:00+00:00,NetworkIn,70637129.4
2026-08-02T15:12:00+00:00,NetworkIn,77074924.8
2026-08-02T15:17:00+00:00,NetworkIn,70190757.2
2026-08-02T15:22:00+00:00,NetworkIn,70694417.8
2026-08-02T15:27:00+00:00,NetworkIn,74167712.0
2026-08-02T15:32:00+00:00,NetworkIn,70857969.6
2026-08-02T15:37:00+00:00,NetworkIn,70547246.2
2026-08-02T15:42:00+00:00,NetworkIn,77148957.6
2026-08-02T15:47:00+00:00,NetworkIn,70415707.2
2026-08-02T15:52:00+00:00,NetworkIn,70259406.0
2026-08-02T15:57:00+00:00,NetworkIn,77290942.8
2026-08-02T16:02:00+00:00,NetworkIn,70480590.2
2026-08-02T16:07:00+00:00,NetworkIn,70374534.8
2026-08-02T16:12:00+00:00,NetworkIn,74205655.4
2026-08-02T16:17:00+00:00,NetworkIn,70565349.4
2026-08-02T16:22:00+00:00,NetworkIn,70503704.4
2026-08-02T16:27:00+00:00,NetworkIn,76891647.2
2026-08-02T16:32:00+00:00,NetworkIn,70602069.0
2026-08-02T16:37:00+00:00,NetworkIn,70233151.0
2026-08-02T16:42:00+00:00,NetworkIn,74313193.8
2026-08-02T16:47:00+00:00,NetworkIn,70624646.6
2026-08-02T16:52:00+00:00,NetworkIn,70445868.4
2026-08-02T16:57:00+00:00,NetworkIn,77273245.8
2026-08-02T17:02:00+00:00,NetworkIn,70434125.4
2026-08-02T17:07:00+00:00,NetworkIn,70578249.4
2026-08-02T17:12:00+00:00,NetworkIn,74238542.0
2026-08-02T17:17:00+00:00,NetworkIn,70191021.0
2026-08-02T17:22:00+00:00,NetworkIn,70768263.8
2026-08-02T17:27:00+00:00,NetworkIn,77002711.0
2026-08-02T17:32:00+00:00,NetworkIn,70127224.0
2026-08-02T17:37:00+00:00,NetworkIn,70709376.2
2026-08-02T17:42:00+00:00,NetworkIn,72415903.0
2026-08-02T17:47:00+00:00,NetworkIn,68782740.2
2026-08-02T17:52:00+00:00,NetworkIn,68778283.4
2026-08-02T17:57:00+00:00,NetworkIn,77342044.8
2026-08-02T18:02:00+00:00,NetworkIn,68913280.8
2026-08-02T18:07:00+00:00,NetworkIn,68924127.4
2026-08-02T18:12:00+00:00,NetworkIn,73802228.0
2026-08-02T18:17:00+00:00,NetworkIn,70697694.4
2026-08-02T18:22:00+00:00,NetworkIn,70590242.8
2026-08-02T18:27:00+00:00,NetworkIn,76901322.0
2026-08-02T18:32:00+00:00,NetworkIn,70588499.0
2026-08-02T18:37:00+00:00,NetworkIn,70506703.6
2026-08-02T18:42:00+00:00,NetworkIn,73735822.4
2026-08-02T18:47:00+00:00,NetworkIn,70612304.4
2026-08-02T18:52:00+00:00,NetworkIn,70396815.2
2026-08-02T18:57:00+00:00,NetworkIn,77069563.0
2026-08-02T19:02:00+00:00,NetworkIn,70224602.2
2026-08-02T19:07:00+00:00,NetworkIn,70494516.2
2026-08-02T19:12:00+00:00,NetworkIn,74234366.6
2026-08-02T19:17:00+00:00,NetworkIn,70248465.2
2026-08-02T19:22:00+00:00,NetworkIn,70582192.2
2026-08-02T19:27:00+00:00,NetworkIn,77180976.4
2026-08-02T19:32:00+00:00,NetworkIn,70436704.0
2026-08-02T19:37:00+00:00,NetworkIn,70657842.6
2026-08-02T19:42:00+00:00,NetworkIn,74242117.6
2026-08-02T19:47:00+00:00,NetworkIn,70521990.4
2026-08-02T19:52:00+00:00,NetworkIn,70690655.0
2026-08-02T19:57:00+00:00,NetworkIn,76171517.6
2026-08-02T20:02:00+00:00,NetworkIn,69096041.0
2026-08-02T20:07:00+00:00,NetworkIn,69620727.6
2026-08-02T20:12:00+00:00,NetworkIn,74259840.0
2026-08-02T20:17:00+00:00,NetworkIn,69277037.2
2026-08-02T20:22:00+00:00,NetworkIn,69740111.4
2026-08-02T20:27:00+00:00,NetworkIn,76333480.4
2026-08-02T20:32:00+00:00,NetworkIn,69867007.6
2026-08-02T20:37:00+00:00,NetworkIn,69526674.0
2026-08-02T20:42:00+00:00,NetworkIn,73312630.2
2026-08-02T20:47:00+00:00,NetworkIn,69528580.6
2026-08-02T20:52:00+00:00,NetworkIn,70561758.4
2026-08-02T20:57:00+00:00,NetworkIn,76439422.6
2026-08-02T21:02:00+00:00,NetworkIn,69692737.8
2026-08-02T21:07:00+00:00,NetworkIn,70085728.8
2026-08-02T21:12:00+00:00,NetworkIn,73666296.6
2026-08-02T21:17:00+00:00,NetworkIn,69830810.2
2026-08-02T21:22:00+00:00,NetworkIn,70482027.2
2026-08-02T21:27:00+00:00,NetworkIn,77025342.6
2026-08-02T21:32:00+00:00,NetworkIn,70267392.6
2026-08-02T21:37:00+00:00,NetworkIn,70538658.2
2026-08-02T21:42:00+00:00,NetworkIn,74197290.4
2026-08-02T21:47:00+00:00,NetworkIn,70414834.2
2026-08-02T21:52:00+00:00,NetworkIn,70496979.2
2026-08-02T21:57:00+00:00,NetworkIn,77273391.6
2026-08-02T22:02:00+00:00,NetworkIn,70268532.8
2026-08-02T22:07:00+00:00,NetworkIn,70760875.0
2026-08-02T22:12:00+00:00,NetworkIn,77184498.8
2026-08-02T22:17:00+00:00,NetworkIn,70827266.0
2026-08-02T22:22:00+00:00,NetworkIn,70380196.2
2026-08-02T22:27:00+00:00,NetworkIn,74053482.2
2026-08-02T22:32:00+00:00,NetworkIn,70234728.4
2026-08-02T22:37:00+00:00,NetworkIn,70505096.6
2026-08-02T22:42:00+00:00,NetworkIn,76875002.4
2026-08-02T22:47:00+00:00,NetworkIn,70691929.8
2026-08-02T22:52:00+00:00,NetworkIn,70653082.2
2026-08-02T22:57:00+00:00,NetworkIn,73730186.2
2026-08-02T23:02:00+00:00,NetworkIn,70472909.0
2026-08-02T23:07:00+00:00,NetworkIn,69775882.8
2026-08-02T23:12:00+00:00,NetworkIn,77212225.0
2026-08-02T23:17:00+00:00,NetworkIn,70137354.4
2026-08-02T23:22:00+00:00,NetworkIn,69939640.6
2026-08-02T23:27:00+00:00,NetworkIn,73885278.4
2026-08-02T23:32:00+00:00,NetworkIn,69885879.0
2026-08-02T23:37:00+00:00,NetworkIn,70157061.0
2026-08-02T23:42:00+00:00,NetworkIn,76799478.4
2026-08-02T23:47:00+00:00,NetworkIn,70210442.8
2026-08-02T23:52:00+00:00,NetworkIn,70379176.2
2026-08-02T23:57:00+00:00,NetworkIn,73934097.8
2026-08-03T00:02:00+00:00,NetworkIn,69776239.8
2026-08-03T00:07:00+00:00,NetworkIn,70256343.0
2026-08-03T00:12:00+00:00,NetworkIn,76338099.6
2026-08-03T00:17:00+00:00,NetworkIn,69915168.4
2026-08-03T00:22:00+00:00,NetworkIn,69943637.6
2026-08-03T00:27:00+00:00,NetworkIn,73564928.6
2026-08-03T00:32:00+00:00,NetworkIn,70260552.6
2026-08-03T00:37:00+00:00,NetworkIn,69993224.2
2026-08-03T00:42:00+00:00,NetworkIn,76243026.6
2026-08-03T00:47:00+00:00,NetworkIn,70257779.0
2026-08-03T00:52:00+00:00,NetworkIn,69685792.0
2026-08-03T00:57:00+00:00,NetworkIn,73717068.2
2026-08-03T01:02:00+00:00,NetworkIn,69862198.0
2026-08-03T01:07:00+00:00,NetworkIn,70336989.8
2026-08-03T01:12:00+00:00,NetworkIn,76639291.6
2026-08-03T01:17:00+00:00,NetworkIn,70120782.0
2026-08-03T01:22:00+00:00,NetworkIn,70131961.6
2026-08-03T01:27:00+00:00,NetworkIn,73491761.0
2026-08-03T01:32:00+00:00,NetworkIn,70309082.4
2026-08-03T01:37:00+00:00,NetworkIn,70658387.4
2026-08-03T01:42:00+00:00,NetworkIn,75983455.0
2026-08-03T01:47:00+00:00,NetworkIn,70711510.0
2026-08-03T01:52:00+00:00,NetworkIn,70271253.2
2026-08-03T01:57:00+00:00,NetworkIn,74322099.4
2026-08-03T02:02:00+00:00,NetworkIn,70549657.2
2026-08-03T02:07:00+00:00,NetworkIn,70560535.0
2026-08-03T02:12:00+00:00,NetworkIn,76932627.6
2026-08-03T02:17:00+00:00,NetworkIn,70312134.6
2026-08-03T02:22:00+00:00,NetworkIn,69772345.0
2026-08-03T02:27:00+00:00,NetworkIn,73377952.0
2026-08-03T02:32:00+00:00,NetworkIn,70444121.2
2026-08-03T02:37:00+00:00,NetworkIn,70086255.4
2026-08-03T02:42:00+00:00,NetworkIn,76116279.0
2026-08-03T02:47:00+00:00,NetworkIn,70051191.4
2026-08-03T02:52:00+00:00,NetworkIn,70170080.0
2026-08-03T02:57:00+00:00,NetworkIn,73125500.0
2026-08-03T03:02:00+00:00,NetworkIn,69596814.4
2026-08-03T03:07:00+00:00,NetworkIn,70060503.8
2026-08-03T03:12:00+00:00,NetworkIn,76875742.2
2026-08-03T03:17:00+00:00,NetworkIn,70266610.0
2026-08-03T03:22:00+00:00,NetworkIn,70307386.4
2026-08-03T03:27:00+00:00,NetworkIn,72901535.6
2026-08-03T03:32:00+00:00,NetworkIn,70724984.0
2026-08-03T03:37:00+00:00,NetworkIn,70397663.8
2026-08-03T03:42:00+00:00,NetworkIn,77191391.0
2026-08-03T03:47:00+00:00,NetworkIn,70121392.0
2026-08-03T03:52:00+00:00,NetworkIn,70290814.0
2026-08-03T03:57:00+00:00,NetworkIn,74293216.2
2026-08-03T04:02:00+00:00,NetworkIn,70312890.0
2026-08-03T04:07:00+00:00,NetworkIn,70212474.2
2026-08-03T04:12:00+00:00,NetworkIn,77050881.0
2026-08-03T04:17:00+00:00,NetworkIn,70523212.4
2026-08-03T04:22:00+00:00,NetworkIn,70244430.0
2026-08-03T04:27:00+00:00,NetworkIn,76981814.0
2026-08-03T04:32:00+00:00,NetworkIn,70509624.8
2026-08-03T04:37:00+00:00,NetworkIn,70158929.6
2026-08-03T04:42:00+00:00,NetworkIn,74138603.2
2026-08-03T04:47:00+00:00,NetworkIn,70514762.8
2026-08-03T04:52:00+00:00,NetworkIn,70632236.4
2026-08-03T04:57:00+00:00,NetworkIn,76909192.8
2026-08-03T05:02:00+00:00,NetworkIn,70450460.0
2026-08-03T05:07:00+00:00,NetworkIn,70222149.6
2026-08-03T05:12:00+00:00,NetworkIn,74182679.4
2026-08-03T05:17:00+00:00,NetworkIn,70318208.6
2026-08-03T05:22:00+00:00,NetworkIn,70362402.6
2026-08-03T05:27:00+00:00,NetworkIn,76602878.2
2026-08-03T05:32:00+00:00,NetworkIn,70562987.4
2026-08-03T05:37:00+00:00,NetworkIn,70308102.0
2026-08-03T05:42:00+00:00,NetworkIn,73933349.8
2026-08-03T05:47:00+00:00,NetworkIn,70079785.2
2026-08-03T05:52:00+00:00,NetworkIn,70663219.0
2026-08-03T05:57:00+00:00,NetworkIn,76711372.4
2026-08-03T06:02:00+00:00,NetworkIn,69880335.8
2026-08-03T06:07:00+00:00,NetworkIn,70011322.8
2026-08-03T06:12:00+00:00,NetworkIn,72565394.2
2026-08-03T06:17:00+00:00,NetworkIn,70238054.0
2026-08-03T06:22:00+00:00,NetworkIn,69772389.0
2026-08-03T06:27:00+00:00,NetworkIn,76296964.8
2026-08-03T06:32:00+00:00,NetworkIn,69185701.2
2026-08-03T06:37:00+00:00,NetworkIn,69736885.4
2026-08-03T06:42:00+00:00,NetworkIn,73001784.4
2026-08-03T06:47:00+00:00,NetworkIn,69617563.4
2026-08-03T06:52:00+00:00,NetworkIn,70352860.2
2026-08-03T06:57:00+00:00,NetworkIn,76109510.6
2026-08-03T07:02:00+00:00,NetworkIn,70264103.4
2026-08-03T07:07:00+00:00,NetworkIn,70193314.8
2026-08-03T07:12:00+00:00,NetworkIn,73625350.2
2026-08-03T07:17:00+00:00,NetworkIn,69504475.4
2026-08-03T07:22:00+00:00,NetworkIn,70089698.4
2026-08-03T07:27:00+00:00,NetworkIn,76392893.8
2026-08-03T07:32:00+00:00,NetworkIn,70045161.0
2026-08-03T07:37:00+00:00,NetworkIn,69387519.4
2026-08-03T07:42:00+00:00,NetworkIn,73702613.2
2026-08-03T07:47:00+00:00,NetworkIn,68849580.6
2026-08-03T07:52:00+00:00,NetworkIn,69252514.6
2026-08-03T07:57:00+00:00,NetworkIn,76878253.2
2026-08-03T08:02:00+00:00,NetworkIn,67818640.6
2026-08-03T08:07:00+00:00,NetworkIn,70320098.0
2026-08-03T08:12:00+00:00,NetworkIn,73553787.6
2026-08-03T08:17:00+00:00,NetworkIn,70355879.2
2026-08-03T08:22:00+00:00,NetworkIn,69901948.2
2026-08-03T08:27:00+00:00,NetworkIn,76895722.6
2026-08-03T08:32:00+00:00,NetworkIn,70572464.2
2026-08-03T08:37:00+00:00,NetworkIn,70385631.0
2026-08-03T08:42:00+00:00,NetworkIn,74165406.2
2026-08-03T08:47:00+00:00,NetworkIn,70308623.2
2026-08-03T08:52:00+00:00,NetworkIn,70315258.4
2026-08-03T08:57:00+00:00,NetworkIn,77098865.4
2026-08-03T09:02:00+00:00,NetworkIn,70497002.0
2026-08-03T09:07:00+00:00,NetworkIn,70150322.4
2026-08-03T09:12:00+00:00,NetworkIn,73925241.8
2026-08-03T09:17:00+00:00,NetworkIn,70409507.2
2026-08-03T09:22:00+00:00,NetworkIn,69688959.6
2026-08-03T09:27:00+00:00,NetworkIn,77080988.6
2026-08-03T09:32:00+00:00,NetworkIn,70136081.4
2026-08-03T09:37:00+00:00,NetworkIn,69964254.8
2026-08-03T09:42:00+00:00,NetworkIn,73921538.8
2026-08-03T09:47:00+00:00,NetworkIn,69780061.4
2026-08-03T09:52:00+00:00,NetworkIn,70314663.0
2026-08-03T09:57:00+00:00,NetworkIn,76773777.8
2026-08-03T10:02:00+00:00,NetworkIn,69740802.2
2026-08-03T10:07:00+00:00,NetworkIn,69739208.4
2026-08-03T10:12:00+00:00,NetworkIn,73688334.8
2026-08-03T10:17:00+00:00,NetworkIn,69118303.2
2026-08-03T10:22:00+00:00,NetworkIn,70437928.6
2026-08-03T10:27:00+00:00,NetworkIn,76189907.6
2026-08-03T10:32:00+00:00,NetworkIn,70048454.0
2026-08-03T10:37:00+00:00,NetworkIn,69406507.0
2026-08-03T10:42:00+00:00,NetworkIn,72496902.8
2026-08-03T10:47:00+00:00,NetworkIn,69685671.2
2026-08-03T10:52:00+00:00,NetworkIn,70662929.2
2026-08-03T10:57:00+00:00,NetworkIn,76650723.4
2026-08-03T11:02:00+00:00,NetworkIn,69017577.0
2026-08-03T11:07:00+00:00,NetworkIn,69218278.6
2026-08-03T11:12:00+00:00,NetworkIn,72932065.0
2026-08-03T11:17:00+00:00,NetworkIn,70517433.2
2026-08-03T11:22:00+00:00,NetworkIn,69691118.4
2026-08-03T11:27:00+00:00,NetworkIn,75803031.4
2026-08-03T11:32:00+00:00,NetworkIn,69121285.4
2026-08-03T11:37:00+00:00,NetworkIn,68974519.6
2026-08-03T11:42:00+00:00,NetworkIn,74053776.4
2026-08-03T11:47:00+00:00,NetworkIn,69928406.8
2026-08-03T11:52:00+00:00,NetworkIn,69547887.6
2026-08-03T11:57:00+00:00,NetworkIn,75288631.6
2026-08-03T12:02:00+00:00,NetworkIn,69381566.6
2026-08-03T12:07:00+00:00,NetworkIn,66925964.4
2026-08-03T12:12:00+00:00,NetworkIn,69928586.4
2026-08-03T12:17:00+00:00,NetworkIn,66162621.8
2026-08-03T12:22:00+00:00,NetworkIn,69132126.0
2026-08-03T12:27:00+00:00,NetworkIn,74062229.2
2026-08-03T12:32:00+00:00,NetworkIn,66617344.8
2026-08-03T12:37:00+00:00,NetworkIn,67975183.0
2026-08-03T12:42:00+00:00,NetworkIn,71895391.0
2026-08-03T12:47:00+00:00,NetworkIn,64436454.2
2026-08-03T12:52:00+00:00,NetworkIn,69185052.6
2026-08-03T12:57:00+00:00,NetworkIn,75138487.2
2026-08-03T13:02:00+00:00,NetworkIn,68167612.8
2026-08-03T13:07:00+00:00,NetworkIn,70440981.4
2026-08-03T13:12:00+00:00,NetworkIn,72092700.8
2026-08-03T13:17:00+00:00,NetworkIn,70336234.8
2026-08-03T13:22:00+00:00,NetworkIn,69998520.2
2026-08-03T13:27:00+00:00,NetworkIn,76900573.8
2026-08-03T13:32:00+00:00,NetworkIn,70398860.2
2026-08-03T13:37:00+00:00,NetworkIn,69025507.8
2026-08-03T13:42:00+00:00,NetworkIn,72498559.0
2026-08-03T13:47:00+00:00,NetworkIn,68253294.8
2026-08-03T13:52:00+00:00,NetworkIn,70317487.8
2026-08-03T13:57:00+00:00,NetworkIn,69288883.4
2026-08-03T14:02:00+00:00,NetworkIn,76824119.0
2026-08-03T14:07:00+00:00,NetworkIn,69909243.4
2026-08-03T14:12:00+00:00,NetworkIn,70537180.2
2026-08-03T14:17:00+00:00,NetworkIn,74163785.6
2026-08-03T14:22:00+00:00,NetworkIn,70432765.0
2026-08-03T14:27:00+00:00,NetworkIn,70621196.8
2026-08-03T14:32:00+00:00,NetworkIn,77246082.6
2026-08-03T14:37:00+00:00,NetworkIn,70385247.6
2026-08-03T14:42:00+00:00,NetworkIn,70688600.0
2026-08-03T14:47:00+00:00,NetworkIn,74119508.8
2026-08-03T14:52:00+00:00,NetworkIn,70338602.8
2026-08-03T14:57:00+00:00,NetworkIn,70506334.2
2026-08-03T15:02:00+00:00,NetworkIn,77337155.4
2026-08-03T15:07:00+00:00,NetworkIn,70590532.6
2026-08-03T15:12:00+00:00,NetworkIn,70423969.0
2026-08-03T15:17:00+00:00,NetworkIn,73954222.8
2026-08-03T15:22:00+00:00,NetworkIn,70699387.4
2026-08-03T15:27:00+00:00,NetworkIn,70636546.8
2026-08-03T15:32:00+00:00,NetworkIn,77024007.6
2026-08-03T15:37:00+00:00,NetworkIn,70499793.2
2026-08-03T15:42:00+00:00,NetworkIn,70429789.0
2026-08-03T15:47:00+00:00,NetworkIn,74054368.6
2026-08-03T15:52:00+00:00,NetworkIn,70630344.2
2026-08-03T15:57:00+00:00,NetworkIn,70307620.2
2026-08-03T16:02:00+00:00,NetworkIn,77285834.0
2026-08-03T16:07:00+00:00,NetworkIn,70238782.0
2026-08-03T16:12:00+00:00,NetworkIn,70134890.8
2026-08-03T16:17:00+00:00,NetworkIn,74249783.6
2026-08-03T16:22:00+00:00,NetworkIn,70377461.0
2026-08-03T16:27:00+00:00,NetworkIn,70558695.0
2026-08-03T16:32:00+00:00,NetworkIn,77097528.0
2026-08-03T16:37:00+00:00,NetworkIn,69978873.6
2026-08-03T16:42:00+00:00,NetworkIn,70423091.6
2026-08-03T16:47:00+00:00,NetworkIn,77019132.0
2026-08-03T16:52:00+00:00,NetworkIn,70415269.4
2026-08-03T16:57:00+00:00,NetworkIn,70264009.4
2026-08-03T17:02:00+00:00,NetworkIn,74168487.4
2026-08-03T17:07:00+00:00,NetworkIn,70614474.0
2026-08-03T17:12:00+00:00,NetworkIn,70057381.6
2026-08-03T17:17:00+00:00,NetworkIn,77271359.8
2026-08-03T17:22:00+00:00,NetworkIn,70445581.2
2026-08-03T17:27:00+00:00,NetworkIn,70469262.4
2026-08-03T17:32:00+00:00,NetworkIn,74103075.8
2026-08-03T17:37:00+00:00,NetworkIn,70419090.2
2026-08-03T17:42:00+00:00,NetworkIn,70771481.0
2026-08-03T17:47:00+00:00,NetworkIn,77236307.4
2026-08-03T17:52:00+00:00,NetworkIn,70433882.0
2026-08-03T17:57:00+00:00,NetworkIn,70290207.6
2026-08-03T18:02:00+00:00,NetworkIn,74053896.2
2026-08-03T18:07:00+00:00,NetworkIn,70559474.0
2026-08-03T18:12:00+00:00,NetworkIn,70283549.2
2026-08-03T18:17:00+00:00,NetworkIn,77138125.2
2026-08-03T18:22:00+00:00,NetworkIn,70438009.6
2026-08-03T18:27:00+00:00,NetworkIn,70588232.8
2026-08-03T18:32:00+00:00,NetworkIn,73830013.0
2026-08-03T18:37:00+00:00,NetworkIn,70404842.4
2026-08-03T18:42:00+00:00,NetworkIn,69804424.4
2026-08-03T18:47:00+00:00,NetworkIn,76185339.2
2026-08-03T18:52:00+00:00,NetworkIn,69827624.6
2026-08-03T18:57:00+00:00,NetworkIn,70654440.8
2026-08-03T19:02:00+00:00,NetworkIn,74296073.8
2026-08-03T19:07:00+00:00,NetworkIn,70394949.0
2026-08-03T19:12:00+00:00,NetworkIn,70513204.8
2026-08-03T19:17:00+00:00,NetworkIn,77259409.8
2026-08-03T19:22:00+00:00,NetworkIn,70219012.0
2026-08-03T19:27:00+00:00,NetworkIn,70683206.0
2026-08-03T19:32:00+00:00,NetworkIn,74295988.4
2026-08-03T19:37:00+00:00,NetworkIn,70567364.6
2026-08-03T19:42:00+00:00,NetworkIn,70450798.0
2026-08-03T19:47:00+00:00,NetworkIn,77426479.2
2026-08-03T19:52:00+00:00,NetworkIn,70408254.4
2026-08-03T19:57:00+00:00,NetworkIn,70751033.2
2026-08-03T20:02:00+00:00,NetworkIn,73915368.0
2026-08-03T20:07:00+00:00,NetworkIn,70671135.8
2026-08-03T20:12:00+00:00,NetworkIn,70288642.0
2026-08-03T20:17:00+00:00,NetworkIn,77175401.8
2026-08-03T20:22:00+00:00,NetworkIn,70387213.6
2026-08-03T20:27:00+00:00,NetworkIn,70488814.6
2026-08-03T20:32:00+00:00,NetworkIn,74050809.8
2026-08-03T20:37:00+00:00,NetworkIn,70391968.8
2026-08-03T20:42:00+00:00,NetworkIn,70250118.0
2026-08-03T20:47:00+00:00,NetworkIn,77394679.4
2026-08-03T20:52:00+00:00,NetworkIn,70064355.2
2026-08-03T20:57:00+00:00,NetworkIn,70635356.0
2026-08-03T21:02:00+00:00,NetworkIn,74054115.8
2026-08-03T21:07:00+00:00,NetworkIn,70274534.4
2026-08-03T21:12:00+00:00,NetworkIn,70343547.0
2026-08-03T21:17:00+00:00,NetworkIn,77298939.6
2026-08-03T21:22:00+00:00,NetworkIn,70361012.4
2026-08-03T21:27:00+00:00,NetworkIn,70296162.0
2026-08-03T21:32:00+00:00,NetworkIn,76948238.6
2026-08-03T21:37:00+00:00,NetworkIn,70651533.0
2026-08-03T21:42:00+00:00,NetworkIn,70122891.6
2026-08-03T21:47:00+00:00,NetworkIn,74114444.0
2026-08-03T21:52:00+00:00,NetworkIn,70035097.8
2026-08-03T21:57:00+00:00,NetworkIn,69856186.8
2026-08-03T22:02:00+00:00,NetworkIn,76859465.4
2026-08-03T22:07:00+00:00,NetworkIn,70306461.0
2026-08-03T22:12:00+00:00,NetworkIn,70175539.6
2026-08-03T22:17:00+00:00,NetworkIn,74017382.6
2026-08-03T22:22:00+00:00,NetworkIn,70177623.6
2026-08-03T22:27:00+00:00,NetworkIn,70697387.8
2026-08-03T22:32:00+00:00,NetworkIn,77055657.8
2026-08-03T22:37:00+00:00,NetworkIn,70633014.8
2026-08-03T22:42:00+00:00,NetworkIn,70488448.6
2026-08-03T22:47:00+00:00,NetworkIn,74032515.6
2026-08-03T22:52:00+00:00,NetworkIn,70574633.8
2026-08-03T22:57:00+00:00,NetworkIn,70630854.4
2026-08-03T23:02:00+00:00,NetworkIn,77124207.4
2026-08-03T23:07:00+00:00,NetworkIn,70371650.0
2026-08-03T23:12:00+00:00,NetworkIn,70484618.6
2026-08-03T23:17:00+00:00,NetworkIn,74150930.0
2026-08-03T23:22:00+00:00,NetworkIn,70722928.4
2026-08-03T23:27:00+00:00,NetworkIn,70302934.6
2026-08-03T23:32:00+00:00,NetworkIn,77197617.0
2026-08-03T23:37:00+00:00,NetworkIn,70697606.4
2026-08-03T23:42:00+00:00,NetworkIn,70596147.2
2026-08-03T23:47:00+00:00,NetworkIn,73931512.8
2026-08-03T23:52:00+00:00,NetworkIn,70171149.4
2026-08-03T23:57:00+00:00,NetworkIn,70174932.6
2026-08-04T00:02:00+00:00,NetworkIn,77134431.6
2026-08-04T00:07:00+00:00,NetworkIn,69929488.6
2026-08-04T00:12:00+00:00,NetworkIn,70323100.0
2026-08-04T00:17:00+00:00,NetworkIn,73907065.4
2026-08-04T00:22:00+00:00,NetworkIn,70315341.4
2026-08-04T00:27:00+00:00,NetworkIn,70239321.2
2026-08-04T00:32:00+00:00,NetworkIn,76972637.0
2026-08-04T00:37:00+00:00,NetworkIn,70392090.8
2026-08-04T00:42:00+00:00,NetworkIn,70129522.0
2026-08-04T00:47:00+00:00,NetworkIn,74236621.2
2026-08-04T00:52:00+00:00,NetworkIn,70652942.6
2026-08-04T00:57:00+00:00,NetworkIn,70530752.2
2026-08-04T01:02:00+00:00,NetworkIn,76973669.0
2026-08-04T01:07:00+00:00,NetworkIn,70588883.8
2026-08-04T01:12:00+00:00,NetworkIn,70431313.2
2026-08-04T01:17:00+00:00,NetworkIn,74189883.0
2026-08-04T01:22:00+00:00,NetworkIn,70542949.0
2026-08-04T01:27:00+00:00,NetworkIn,70640613.4
2026-08-04T01:32:00+00:00,NetworkIn,76927723.2
2026-08-04T01:37:00+00:00,NetworkIn,70536344.2
2026-08-04T01:42:00+00:00,NetworkIn,70472851.6
2026-08-04T01:47:00+00:00,NetworkIn,74277090.4
2026-08-04T01:52:00+00:00,NetworkIn,70383882.8
2026-08-04T01:57:00+00:00,NetworkIn,70005754.2
2026-08-04T02:02:00+00:00,NetworkIn,77116994.6
2026-08-04T02:07:00+00:00,NetworkIn,70480567.2
2026-08-04T02:12:00+00:00,NetworkIn,70470622.8
2026-08-04T02:17:00+00:00,NetworkIn,73994459.4
2026-08-04T02:22:00+00:00,NetworkIn,70215793.4
2026-08-04T02:27:00+00:00,NetworkIn,69982005.4
2026-08-04T02:32:00+00:00,NetworkIn,77096480.2
2026-08-04T02:37:00+00:00,NetworkIn,70281807.8
2026-08-04T02:42:00+00:00,NetworkIn,70613013.8
2026-08-04T02:47:00+00:00,NetworkIn,77150198.2
2026-08-04T02:52:00+00:00,NetworkIn,70284453.0
2026-08-04T02:57:00+00:00,NetworkIn,70767855.0
2026-08-04T03:02:00+00:00,NetworkIn,74351411.0
2026-08-04T03:07:00+00:00,NetworkIn,70321592.6
2026-08-04T03:12:00+00:00,NetworkIn,70079714.2
2026-08-04T03:17:00+00:00,NetworkIn,76999016.0
2026-08-04T03:22:00+00:00,NetworkIn,70206752.8
2026-08-04T03:27:00+00:00,NetworkIn,69992395.6
2026-08-04T03:32:00+00:00,NetworkIn,73652231.6
2026-08-04T03:37:00+00:00,NetworkIn,69482392.4
2026-08-04T03:42:00+00:00,NetworkIn,69986192.2
2026-08-04T03:47:00+00:00,NetworkIn,76342695.6
2026-08-04T03:52:00+00:00,NetworkIn,69819909.8
2026-08-04T03:57:00+00:00,NetworkIn,69579591.6
2026-08-04T04:02:00+00:00,NetworkIn,74101578.2
2026-08-04T04:07:00+00:00,NetworkIn,69323148.2
2026-08-04T04:12:00+00:00,NetworkIn,70098265.0
2026-08-04T04:17:00+00:00,NetworkIn,75717943.8
2026-08-04T04:22:00+00:00,NetworkIn,69593439.8
2026-08-04T04:27:00+00:00,NetworkIn,70841872.0
2026-08-04T04:32:00+00:00,NetworkIn,73984392.0
2026-08-04T04:37:00+00:00,NetworkIn,70340215.6
2026-08-04T04:42:00+00:00,NetworkIn,70560956.6
2026-08-04T04:47:00+00:00,NetworkIn,77096189.4
2026-08-04T04:52:00+00:00,NetworkIn,70675798.0
2026-08-04T04:57:00+00:00,NetworkIn,70514589.4
2026-08-04T05:02:00+00:00,NetworkIn,74138440.2
2026-08-04T05:07:00+00:00,NetworkIn,70536712.6
2026-08-04T05:12:00+00:00,NetworkIn,70500614.4
2026-08-04T05:17:00+00:00,NetworkIn,77236620.8
2026-08-04T05:22:00+00:00,NetworkIn,70289649.2
2026-08-04T05:27:00+00:00,NetworkIn,70477535.6
2026-08-04T05:32:00+00:00,NetworkIn,74376037.6
2026-08-04T05:37:00+00:00,NetworkIn,70360230.8
2026-08-04T05:42:00+00:00,NetworkIn,70389211.4
2026-08-04T05:47:00+00:00,NetworkIn,77301611.0
2026-08-04T05:52:00+00:00,NetworkIn,70429870.4
2026-08-04T05:57:00+00:00,NetworkIn,70396709.4
2026-08-04T06:02:00+00:00,NetworkIn,74211491.4
2026-08-04T06:07:00+00:00,NetworkIn,70581429.6
2026-08-04T06:12:00+00:00,NetworkIn,70350403.4
2026-08-04T06:17:00+00:00,NetworkIn,77413039.2
2026-08-04T06:22:00+00:00,NetworkIn,70425240.4
2026-08-04T06:27:00+00:00,NetworkIn,70533526.4
2026-08-04T06:32:00+00:00,NetworkIn,73674010.8
2026-08-04T06:37:00+00:00,NetworkIn,70409022.2
2026-08-04T06:42:00+00:00,NetworkIn,70664094.4
2026-08-04T06:47:00+00:00,NetworkIn,76768926.4
2026-08-04T06:52:00+00:00,NetworkIn,70234637.6
2026-08-04T06:57:00+00:00,NetworkIn,67501625.2
2026-08-04T07:02:00+00:00,NetworkIn,71663851.4
2026-08-04T07:07:00+00:00,NetworkIn,70314544.6
2026-08-04T07:12:00+00:00,NetworkIn,68709379.2
2026-08-04T07:17:00+00:00,NetworkIn,75012213.2
2026-08-04T07:22:00+00:00,NetworkIn,68027184.0
2026-08-04T07:27:00+00:00,NetworkIn,69435884.4
2026-08-04T07:32:00+00:00,NetworkIn,73831584.6
2026-08-04T07:37:00+00:00,NetworkIn,72428536.2
2026-08-04T07:42:00+00:00,NetworkIn,68744049.8
2026-08-04T07:47:00+00:00,NetworkIn,76938614.2
2026-08-04T07:52:00+00:00,NetworkIn,68776596.6
2026-08-04T07:57:00+00:00,NetworkIn,70544576.6
2026-08-04T08:02:00+00:00,NetworkIn,73628124.2
2026-08-04T08:07:00+00:00,NetworkIn,69800594.0
2026-08-04T08:12:00+00:00,NetworkIn,69582467.6
2026-08-04T08:17:00+00:00,NetworkIn,75954234.4
2026-08-04T08:22:00+00:00,NetworkIn,69052326.8
2026-08-04T08:27:00+00:00,NetworkIn,70425323.6
2026-08-04T08:32:00+00:00,NetworkIn,72352296.2
2026-08-04T08:37:00+00:00,NetworkIn,70226578.0
2026-08-04T08:42:00+00:00,NetworkIn,70484018.8
2026-08-04T08:47:00+00:00,NetworkIn,76674765.4
2026-08-04T08:52:00+00:00,NetworkIn,70527629.2
2026-08-04T08:57:00+00:00,NetworkIn,69572515.8
2026-08-04T09:02:00+00:00,NetworkIn,72710621.0
2026-08-04T09:07:00+00:00,NetworkIn,69681979.2
2026-08-04T09:12:00+00:00,NetworkIn,68627972.4
2026-08-04T09:17:00+00:00,NetworkIn,76724155.8
2026-08-04T09:22:00+00:00,NetworkIn,70107261.0
2026-08-04T09:27:00+00:00,NetworkIn,70281453.6
2026-08-04T09:32:00+00:00,NetworkIn,73848926.8
2026-08-04T09:37:00+00:00,NetworkIn,69430568.2
2026-08-04T09:42:00+00:00,NetworkIn,69870252.0
2026-08-04T09:47:00+00:00,NetworkIn,76899443.2
2026-08-04T09:52:00+00:00,NetworkIn,69756361.6
2026-08-04T09:57:00+00:00,NetworkIn,70070728.6
2026-08-04T10:02:00+00:00,NetworkIn,73343256.6
2026-08-04T10:07:00+00:00,NetworkIn,69880978.2
2026-08-04T10:12:00+00:00,NetworkIn,69812464.8
2026-08-04T10:17:00+00:00,NetworkIn,76784774.0
2026-08-04T10:22:00+00:00,NetworkIn,69210269.2
2026-08-04T10:27:00+00:00,NetworkIn,68939101.0
2026-08-04T10:32:00+00:00,NetworkIn,73441821.0
2026-08-04T10:37:00+00:00,NetworkIn,69403015.6
2026-08-04T10:42:00+00:00,NetworkIn,70393116.8
2026-08-04T10:47:00+00:00,NetworkIn,76180550.2
2026-08-04T10:52:00+00:00,NetworkIn,69754569.2
2026-08-04T10:57:00+00:00,NetworkIn,70088544.0
2026-08-04T11:02:00+00:00,NetworkIn,73727746.4
2026-08-04T11:07:00+00:00,NetworkIn,70068582.0
2026-08-04T11:12:00+00:00,NetworkIn,69201241.6
2026-08-04T11:17:00+00:00,NetworkIn,76344735.0
2026-08-04T11:22:00+00:00,NetworkIn,69691294.8
2026-08-04T11:27:00+00:00,NetworkIn,70514315.8
2026-08-04T11:32:00+00:00,NetworkIn,73185549.2
2026-08-04T11:37:00+00:00,NetworkIn,68955899.6
2026-08-04T11:42:00+00:00,NetworkIn,69470946.6
2026-08-04T11:47:00+00:00,NetworkIn,76121233.6
2026-08-04T11:52:00+00:00,NetworkIn,70456685.6
2026-08-04T11:57:00+00:00,NetworkIn,69057639.4
2026-08-04T12:02:00+00:00,NetworkIn,73181395.8
2026-08-04T12:07:00+00:00,NetworkIn,70224582.0
2026-08-04T12:12:00+00:00,NetworkIn,69668274.2
2026-08-04T12:17:00+00:00,NetworkIn,77020677.0
2026-08-04T12:22:00+00:00,NetworkIn,69694258.0
2026-08-04T12:27:00+00:00,NetworkIn,69537890.6
2026-08-04T12:32:00+00:00,NetworkIn,72968693.2
2026-08-04T12:37:00+00:00,NetworkIn,70472226.8
2026-08-04T12:42:00+00:00,NetworkIn,69048429.4
2026-08-04T12:47:00+00:00,NetworkIn,75962648.2
2026-08-04T12:52:00+00:00,NetworkIn,69455445.6
2026-08-04T12:57:00+00:00,NetworkIn,70614031.2
2026-08-04T13:02:00+00:00,NetworkIn,73161838.6
2026-08-04T13:07:00+00:00,NetworkIn,68977717.8
2026-08-04T13:12:00+00:00,NetworkIn,68585195.0
2026-08-04T13:17:00+00:00,NetworkIn,76667276.6
2026-08-04T13:22:00+00:00,NetworkIn,68615449.4
2026-08-04T13:27:00+00:00,NetworkIn,67727370.0
2026-08-04T13:32:00+00:00,NetworkIn,71714835.4
2026-08-04T13:37:00+00:00,NetworkIn,70421999.4
2026-08-04T13:42:00+00:00,NetworkIn,68343241.6
2026-08-04T13:47:00+00:00,NetworkIn,74319984.2
2026-08-04T13:52:00+00:00,NetworkIn,69020859.6
2026-08-04T13:57:00+00:00,NetworkIn,69456489.8
2026-08-04T14:02:00+00:00,NetworkIn,69196908.2
2026-08-04T14:07:00+00:00,NetworkIn,65095341.8
2026-08-04T14:12:00+00:00,NetworkIn,63552642.8
2026-08-04T14:17:00+00:00,NetworkIn,76474441.4
2026-08-04T14:22:00+00:00,NetworkIn,64140205.0
2026-08-04T14:27:00+00:00,NetworkIn,65884980.2
2026-08-04T14:32:00+00:00,NetworkIn,72967974.8
2026-08-04T14:37:00+00:00,NetworkIn,70383067.8
2026-08-04T14:42:00+00:00,NetworkIn,70516450.2
2026-08-04T14:47:00+00:00,NetworkIn,76803099.0
2026-08-04T14:52:00+00:00,NetworkIn,70656059.8
2026-08-04T14:57:00+00:00,NetworkIn,70610372.8
2026-08-04T15:02:00+00:00,NetworkIn,74003798.0
2026-08-04T15:07:00+00:00,NetworkIn,70392443.0
2026-08-04T15:12:00+00:00,NetworkIn,70638392.0
2026-08-04T15:17:00+00:00,NetworkIn,77186552.4
2026-08-04T15:22:00+00:00,NetworkIn,70404935.6
2026-08-04T15:27:00+00:00,NetworkIn,70447798.0
2026-08-04T15:32:00+00:00,NetworkIn,74220741.0
2026-08-04T15:37:00+00:00,NetworkIn,70579305.8
2026-08-04T15:42:00+00:00,NetworkIn,70539387.0
2026-08-04T15:47:00+00:00,NetworkIn,76985425.6
2026-08-04T15:52:00+00:00,NetworkIn,70653315.8
2026-08-04T15:57:00+00:00,NetworkIn,70555438.4
2026-08-04T16:02:00+00:00,NetworkIn,73830891.2
2026-08-04T16:07:00+00:00,NetworkIn,70686824.8
2026-08-04T16:12:00+00:00,NetworkIn,70486693.0
2026-08-04T16:17:00+00:00,NetworkIn,77153242.0
2026-08-04T16:22:00+00:00,NetworkIn,70503616.2
2026-08-04T16:27:00+00:00,NetworkIn,70580981.6
2026-08-04T16:32:00+00:00,NetworkIn,73926883.8
2026-08-04T16:37:00+00:00,NetworkIn,70529158.4
2026-08-04T16:42:00+00:00,NetworkIn,70154149.4
2026-08-04T16:47:00+00:00,NetworkIn,77300327.4
2026-08-04T16:52:00+00:00,NetworkIn,70489877.8
2026-08-04T16:57:00+00:00,NetworkIn,70864623.8
2026-08-04T17:02:00+00:00,NetworkIn,77118222.6
2026-08-04T17:07:00+00:00,NetworkIn,70215971.6
2026-08-04T17:12:00+00:00,NetworkIn,70547224.8
2026-08-04T17:17:00+00:00,NetworkIn,74017864.4
2026-08-04T17:22:00+00:00,NetworkIn,70552244.2
2026-08-04T17:27:00+00:00,NetworkIn,70262816.4
2026-08-04T17:32:00+00:00,NetworkIn,77127190.2
2026-08-04T17:37:00+00:00,NetworkIn,70568114.6
2026-08-04T17:42:00+00:00,NetworkIn,70683389.2
2026-08-04T17:47:00+00:00,NetworkIn,74326094.0
2026-08-04T17:52:00+00:00,NetworkIn,70593091.8
2026-08-04T17:57:00+00:00,NetworkIn,70409859.8
2026-08-04T18:02:00+00:00,NetworkIn,77216963.4
2026-08-04T18:07:00+00:00,NetworkIn,70594792.8
2026-08-04T18:12:00+00:00,NetworkIn,70376728.8
2026-08-04T18:17:00+00:00,NetworkIn,73989272.8
2026-08-04T18:22:00+00:00,NetworkIn,70503944.2
2026-08-04T18:27:00+00:00,NetworkIn,70600941.8
2026-08-04T18:32:00+00:00,NetworkIn,76833203.4
2026-08-04T18:37:00+00:00,NetworkIn,70181388.2
2026-08-04T18:42:00+00:00,NetworkIn,70441814.6
2026-08-04T18:47:00+00:00,NetworkIn,74127612.0
2026-08-04T18:52:00+00:00,NetworkIn,70385620.0
2026-08-04T18:57:00+00:00,NetworkIn,70596865.4
2026-08-04T19:02:00+00:00,NetworkIn,76862078.8
2026-08-04T19:07:00+00:00,NetworkIn,70538696.0
2026-08-04T19:12:00+00:00,NetworkIn,70612089.2
2026-08-04T19:17:00+00:00,NetworkIn,74267730.8
2026-08-04T19:22:00+00:00,NetworkIn,70269586.2
2026-08-04T19:27:00+00:00,NetworkIn,70307434.2
2026-08-04T19:32:00+00:00,NetworkIn,77080998.6
2026-08-04T19:37:00+00:00,NetworkIn,70506517.8
2026-08-04T19:42:00+00:00,NetworkIn,70588334.8
2026-08-04T19:47:00+00:00,NetworkIn,74242074.0
2026-08-04T19:52:00+00:00,NetworkIn,70094966.0
2026-08-04T19:57:00+00:00,NetworkIn,70568858.2
2026-08-04T20:02:00+00:00,NetworkIn,77064300.0
2026-08-04T20:07:00+00:00,NetworkIn,70472982.8
2026-08-04T20:12:00+00:00,NetworkIn,70374568.2
2026-08-04T20:17:00+00:00,NetworkIn,74182465.0
2026-08-04T20:22:00+00:00,NetworkIn,70578562.6
2026-08-04T20:27:00+00:00,NetworkIn,70832362.6
2026-08-04T20:32:00+00:00,NetworkIn,77066360.2
2026-08-04T20:37:00+00:00,NetworkIn,70669340.8
2026-08-04T20:42:00+00:00,NetworkIn,70256592.4
2026-08-04T20:47:00+00:00,NetworkIn,74338641.4
2026-08-04T20:52:00+00:00,NetworkIn,70102528.4
2026-08-04T20:57:00+00:00,NetworkIn,70530368.0
2026-08-04T21:02:00+00:00,NetworkIn,76944594.6
2026-08-04T21:07:00+00:00,NetworkIn,70446372.8
2026-08-04T21:12:00+00:00,NetworkIn,70366267.8
2026-08-04T21:17:00+00:00,NetworkIn,70318514.6
2026-08-04T21:22:00+00:00,NetworkIn,74073278.2
2026-08-04T21:27:00+00:00,NetworkIn,70429325.0
2026-08-04T21:32:00+00:00,NetworkIn,70505934.2
2026-08-04T21:37:00+00:00,NetworkIn,77008800.0
2026-08-04T21:42:00+00:00,NetworkIn,70390248.4
2026-08-04T21:47:00+00:00,NetworkIn,70648083.8
2026-08-04T21:52:00+00:00,NetworkIn,77015418.2
2026-08-04T21:57:00+00:00,NetworkIn,70352076.4
2026-08-04T22:02:00+00:00,NetworkIn,69800207.8
2026-08-04T22:07:00+00:00,NetworkIn,73856985.4
2026-08-04T22:12:00+00:00,NetworkIn,70270780.4
2026-08-04T22:17:00+00:00,NetworkIn,69960099.4
2026-08-04T22:22:00+00:00,NetworkIn,77153920.2
2026-08-04T22:27:00+00:00,NetworkIn,70548361.6
2026-08-04T22:32:00+00:00,NetworkIn,70456449.8
2026-08-04T22:37:00+00:00,NetworkIn,73942474.2
2026-08-04T22:42:00+00:00,NetworkIn,70573443.2
2026-08-04T22:47:00+00:00,NetworkIn,70525370.4
2026-08-04T22:52:00+00:00,NetworkIn,76743214.4
2026-08-04T22:57:00+00:00,NetworkIn,70586455.0
2026-08-04T23:02:00+00:00,NetworkIn,70550582.4
2026-08-04T23:07:00+00:00,NetworkIn,74053165.0
2026-08-04T23:12:00+00:00,NetworkIn,70676912.2
2026-08-04T23:17:00+00:00,NetworkIn,70430331.4
2026-08-04T23:22:00+00:00,NetworkIn,77169102.4
2026-08-04T23:27:00+00:00,NetworkIn,70496256.2
2026-08-04T23:32:00+00:00,NetworkIn,70559819.8
2026-08-04T23:37:00+00:00,NetworkIn,74023711.2
2026-08-04T23:42:00+00:00,NetworkIn,70197580.0
2026-08-04T23:47:00+00:00,NetworkIn,70054078.2
2026-08-04T23:52:00+00:00,NetworkIn,76816641.6
2026-08-04T23:57:00+00:00,NetworkIn,70478801.6
2026-08-05T00:02:00+00:00,NetworkIn,70236132.0
2026-08-05T00:07:00+00:00,NetworkIn,73050524.2
2026-08-05T00:12:00+00:00,NetworkIn,70479060.2
2026-08-05T00:17:00+00:00,NetworkIn,70547110.8
2026-08-05T00:22:00+00:00,NetworkIn,77168010.0
2026-08-05T00:27:00+00:00,NetworkIn,70585187.2
2026-08-05T00:32:00+00:00,NetworkIn,70514761.6
2026-08-05T00:37:00+00:00,NetworkIn,74293772.2
2026-08-05T00:42:00+00:00,NetworkIn,70402318.8
2026-08-05T00:47:00+00:00,NetworkIn,70584670.4
2026-08-05T00:52:00+00:00,NetworkIn,77308886.8
2026-08-05T00:57:00+00:00,NetworkIn,70413011.2
2026-08-05T01:02:00+00:00,NetworkIn,70507300.0
2026-08-05T01:07:00+00:00,NetworkIn,74241112.2
2026-08-05T01:12:00+00:00,NetworkIn,70358512.4
2026-08-05T01:17:00+00:00,NetworkIn,70121888.4
2026-08-05T01:22:00+00:00,NetworkIn,77272829.4
2026-08-05T01:27:00+00:00,NetworkIn,70639816.6
2026-08-05T01:32:00+00:00,NetworkIn,70469379.0
2026-08-05T01:37:00+00:00,NetworkIn,74183938.6
2026-08-05T01:42:00+00:00,NetworkIn,70302019.0
2026-08-05T01:47:00+00:00,NetworkIn,70271154.2
2026-08-05T01:52:00+00:00,NetworkIn,77159202.4
2026-08-05T01:57:00+00:00,NetworkIn,70390787.8
2026-08-05T02:02:00+00:00,NetworkIn,69644520.6
2026-08-05T02:07:00+00:00,NetworkIn,73366239.0
2026-08-05T02:12:00+00:00,NetworkIn,69932466.8
2026-08-05T02:17:00+00:00,NetworkIn,70136797.6
2026-08-05T02:22:00+00:00,NetworkIn,77066439.0
2026-08-05T02:27:00+00:00,NetworkIn,70456152.4
2026-08-05T02:32:00+00:00,NetworkIn,70584612.0
2026-08-05T02:37:00+00:00,NetworkIn,74222594.8
2026-08-05T02:42:00+00:00,NetworkIn,70422485.8
2026-08-05T02:47:00+00:00,NetworkIn,70203247.2
2026-08-05T02:52:00+00:00,NetworkIn,76633329.6
2026-08-05T02:57:00+00:00,NetworkIn,70342300.4
2026-08-05T03:02:00+00:00,NetworkIn,70699102.2
2026-08-05T03:07:00+00:00,NetworkIn,76876225.0
2026-08-05T03:12:00+00:00,NetworkIn,70507231.0
2026-08-05T03:17:00+00:00,NetworkIn,70094560.6
2026-08-05T03:22:00+00:00,NetworkIn,74048556.6
2026-08-05T03:27:00+00:00,NetworkIn,69363593.8
2026-08-05T03:32:00+00:00,NetworkIn,69689805.8
2026-08-05T03:37:00+00:00,NetworkIn,76956366.6
2026-08-05T03:42:00+00:00,NetworkIn,69627647.4
2026-08-05T03:47:00+00:00,NetworkIn,69550199.2
2026-08-05T03:52:00+00:00,NetworkIn,73034972.4
2026-08-05T03:57:00+00:00,NetworkIn,70199618.6
2026-08-05T04:02:00+00:00,NetworkIn,70462274.6
2026-08-05T04:07:00+00:00,NetworkIn,76543281.2
2026-08-05T04:12:00+00:00,NetworkIn,70018387.0
2026-08-05T04:17:00+00:00,NetworkIn,69936644.6
2026-08-05T04:22:00+00:00,NetworkIn,73905465.6
2026-08-05T04:27:00+00:00,NetworkIn,70343608.4
2026-08-05T04:32:00+00:00,NetworkIn,70001751.8
2026-08-05T04:37:00+00:00,NetworkIn,76500707.8
2026-08-05T04:42:00+00:00,NetworkIn,69630999.8
2026-08-05T04:47:00+00:00,NetworkIn,69902833.4
2026-08-05T04:52:00+00:00,NetworkIn,73807730.8
2026-08-05T04:57:00+00:00,NetworkIn,70050266.8
2026-08-05T05:02:00+00:00,NetworkIn,70312369.2
2026-08-05T05:07:00+00:00,NetworkIn,76644479.0
2026-08-05T05:12:00+00:00,NetworkIn,69779699.0
2026-08-05T05:17:00+00:00,NetworkIn,70107463.0
2026-08-05T05:22:00+00:00,NetworkIn,73687669.2
2026-08-05T05:27:00+00:00,NetworkIn,70075542.0
2026-08-05T05:32:00+00:00,NetworkIn,70038269.4
2026-08-05T05:37:00+00:00,NetworkIn,76933231.8
2026-08-05T05:42:00+00:00,NetworkIn,69739339.8
2026-08-05T05:47:00+00:00,NetworkIn,69715238.2
2026-08-05T05:52:00+00:00,NetworkIn,72969702.6
2026-08-05T05:57:00+00:00,NetworkIn,69830080.6
2026-08-05T06:02:00+00:00,NetworkIn,69543978.6
2026-08-05T06:07:00+00:00,NetworkIn,76197504.4
2026-08-05T06:12:00+00:00,NetworkIn,70046017.0
2026-08-05T06:17:00+00:00,NetworkIn,70227719.4
2026-08-05T06:22:00+00:00,NetworkIn,73883568.2
2026-08-05T06:27:00+00:00,NetworkIn,69861903.4
2026-08-05T06:32:00+00:00,NetworkIn,70340756.6
2026-08-05T06:37:00+00:00,NetworkIn,77298135.4
2026-08-05T06:42:00+00:00,NetworkIn,70249957.2
2026-08-05T06:47:00+00:00,NetworkIn,70350321.6
2026-08-05T06:52:00+00:00,NetworkIn,73955657.2
2026-08-05T06:57:00+00:00,NetworkIn,70143594.0
2026-08-05T07:02:00+00:00,NetworkIn,69403915.8
2026-08-05T07:07:00+00:00,NetworkIn,77383686.8
2026-08-05T07:12:00+00:00,NetworkIn,70477878.2
2026-08-05T07:17:00+00:00,NetworkIn,70429878.0
2026-08-05T07:22:00+00:00,NetworkIn,73148013.2
2026-08-05T07:27:00+00:00,NetworkIn,69371114.0
2026-08-05T07:32:00+00:00,NetworkIn,70161256.8
2026-08-05T07:37:00+00:00,NetworkIn,76969723.0
2026-08-05T07:42:00+00:00,NetworkIn,69809542.8
2026-08-05T07:47:00+00:00,NetworkIn,70071959.0
2026-08-05T07:52:00+00:00,NetworkIn,74079404.8
2026-08-05T07:57:00+00:00,NetworkIn,70258523.2
2026-08-05T08:02:00+00:00,NetworkIn,70422008.4
2026-08-05T08:07:00+00:00,NetworkIn,77175598.2
2026-08-05T08:12:00+00:00,NetworkIn,70478283.4
2026-08-05T08:17:00+00:00,NetworkIn,70683273.0
2026-08-05T08:22:00+00:00,NetworkIn,74109151.0
2026-08-05T08:27:00+00:00,NetworkIn,70470057.2
2026-08-05T08:32:00+00:00,NetworkIn,70200094.0
2026-08-05T08:37:00+00:00,NetworkIn,76672504.6
2026-08-05T08:42:00+00:00,NetworkIn,70052426.0
2026-08-05T08:47:00+00:00,NetworkIn,70262824.0
2026-08-05T08:52:00+00:00,NetworkIn,74173850.8
2026-08-05T08:57:00+00:00,NetworkIn,70177849.8
2026-08-05T09:02:00+00:00,NetworkIn,69847684.6
2026-08-05T09:07:00+00:00,NetworkIn,76044308.6
2026-08-05T09:12:00+00:00,NetworkIn,69871313.8
2026-08-05T09:17:00+00:00,NetworkIn,70390373.6
2026-08-05T09:22:00+00:00,NetworkIn,74367999.4
2026-08-05T09:27:00+00:00,NetworkIn,69849034.2
2026-08-05T09:32:00+00:00,NetworkIn,69135291.6
2026-08-05T09:37:00+00:00,NetworkIn,76153110.8
2026-08-05T09:42:00+00:00,NetworkIn,69763031.4
2026-08-05T09:47:00+00:00,NetworkIn,69450295.4
2026-08-05T09:52:00+00:00,NetworkIn,74184474.8
2026-08-05T09:57:00+00:00,NetworkIn,69022205.4
2026-08-05T10:02:00+00:00,NetworkIn,70615906.4
2026-08-05T10:07:00+00:00,NetworkIn,77215809.2
2026-08-05T10:12:00+00:00,NetworkIn,69609145.4
2026-08-05T10:17:00+00:00,NetworkIn,70531614.6
2026-08-05T10:22:00+00:00,NetworkIn,74157135.2
2026-08-05T10:27:00+00:00,NetworkIn,70638368.0
2026-08-05T10:32:00+00:00,NetworkIn,70333942.2
2026-08-05T10:37:00+00:00,NetworkIn,77073206.4
2026-08-05T10:42:00+00:00,NetworkIn,70226644.4
2026-08-05T10:47:00+00:00,NetworkIn,70524581.8
2026-08-05T10:52:00+00:00,NetworkIn,76565904.6
2026-08-05T10:57:00+00:00,NetworkIn,69905870.2
2026-08-05T11:02:00+00:00,NetworkIn,69993266.6
2026-08-05T11:07:00+00:00,NetworkIn,74063301.0
2026-08-05T11:12:00+00:00,NetworkIn,68924441.8
2026-08-05T11:17:00+00:00,NetworkIn,68948661.8
2026-08-05T11:22:00+00:00,NetworkIn,76160268.4
2026-08-05T11:27:00+00:00,NetworkIn,69606181.0
2026-08-05T11:32:00+00:00,NetworkIn,69147258.0
2026-08-05T11:37:00+00:00,NetworkIn,73741762.8
2026-08-05T11:42:00+00:00,NetworkIn,68800228.8
2026-08-05T11:47:00+00:00,NetworkIn,69185426.4
2026-08-05T11:52:00+00:00,NetworkIn,76199420.2
2026-08-05T11:57:00+00:00,NetworkIn,70699338.8
2026-08-05T12:02:00+00:00,NetworkIn,69085468.6
2026-08-05T12:07:00+00:00,NetworkIn,73192559.8
2026-08-05T12:12:00+00:00,NetworkIn,69612405.0
2026-08-05T12:17:00+00:00,NetworkIn,70609095.6
2026-08-05T12:22:00+00:00,NetworkIn,75714240.6
2026-08-05T12:27:00+00:00,NetworkIn,69229557.2
2026-08-05T12:32:00+00:00,NetworkIn,69388181.2
2026-08-05T12:37:00+00:00,NetworkIn,74131299.0
2026-08-05T12:42:00+00:00,NetworkIn,68770699.2
2026-08-05T12:47:00+00:00,NetworkIn,69290969.0
2026-08-05T12:52:00+00:00,NetworkIn,76251138.4
2026-08-05T12:57:00+00:00,NetworkIn,70527169.8
2026-08-05T13:02:00+00:00,NetworkIn,68003266.6
2026-08-05T13:07:00+00:00,NetworkIn,73104004.4
2026-08-05T13:12:00+00:00,NetworkIn,69478777.0
2026-08-05T13:17:00+00:00,NetworkIn,70171780.0
2026-08-05T13:22:00+00:00,NetworkIn,75279662.2
2026-08-05T13:27:00+00:00,NetworkIn,69289368.6
2026-08-05T13:32:00+00:00,NetworkIn,68841045.0
2026-08-05T13:37:00+00:00,NetworkIn,72874106.8
2026-08-05T13:42:00+00:00,NetworkIn,70541864.6
2026-08-05T13:47:00+00:00,NetworkIn,68913574.8
2026-08-05T13:52:00+00:00,NetworkIn,76054181.2
2026-08-05T13:57:00+00:00,NetworkIn,68633392.4
2026-08-05T14:02:00+00:00,NetworkIn,67558517.6
2026-08-05T14:07:00+00:00,NetworkIn,71451367.8
2026-08-05T14:12:00+00:00,NetworkIn,67006765.8
2026-08-05T14:17:00+00:00,NetworkIn,69674003.4
2026-08-05T14:22:00+00:00,NetworkIn,74968291.0
2026-08-05T14:27:00+00:00,NetworkIn,69644710.4
2026-08-05T14:32:00+00:00,NetworkIn,70297380.0
2026-08-05T14:37:00+00:00,NetworkIn,73909749.2
2026-08-05T14:42:00+00:00,NetworkIn,70375423.0
2026-08-05T14:47:00+00:00,NetworkIn,70284102.8
2026-08-05T14:52:00+00:00,NetworkIn,76684543.8
2026-08-05T14:57:00+00:00,NetworkIn,69977951.8
2026-08-05T15:02:00+00:00,NetworkIn,68673658.8
2026-08-05T15:07:00+00:00,NetworkIn,74356128.0
2026-08-05T15:12:00+00:00,NetworkIn,67913667.0
2026-08-05T15:17:00+00:00,NetworkIn,70406862.6
2026-08-05T15:22:00+00:00,NetworkIn,77278834.6
2026-08-05T15:27:00+00:00,NetworkIn,70618584.0
2026-08-05T15:32:00+00:00,NetworkIn,70308200.4
2026-08-05T15:37:00+00:00,NetworkIn,74225629.2
2026-08-05T15:42:00+00:00,NetworkIn,70329730.0
2026-08-05T15:47:00+00:00,NetworkIn,70633061.0
2026-08-05T15:52:00+00:00,NetworkIn,77128680.2
2026-08-05T15:57:00+00:00,NetworkIn,70614249.0
2026-08-05T16:02:00+00:00,NetworkIn,70603087.2
2026-08-05T16:07:00+00:00,NetworkIn,74247895.2
2026-08-05T16:12:00+00:00,NetworkIn,70292150.6
2026-08-05T16:17:00+00:00,NetworkIn,70869004.4
2026-08-05T16:22:00+00:00,NetworkIn,77122065.4
2026-08-05T16:27:00+00:00,NetworkIn,70629012.6
2026-08-05T16:32:00+00:00,NetworkIn,70275546.6
2026-08-05T16:37:00+00:00,NetworkIn,74286688.4
2026-08-05T16:42:00+00:00,NetworkIn,70234781.8
2026-08-05T16:47:00+00:00,NetworkIn,70508171.8
2026-08-05T16:52:00+00:00,NetworkIn,77036230.2
2026-08-05T16:57:00+00:00,NetworkIn,70609402.6
2026-08-05T17:02:00+00:00,NetworkIn,70303606.0
2026-08-05T17:07:00+00:00,NetworkIn,74212812.2
2026-08-05T17:12:00+00:00,NetworkIn,70483845.8
2026-08-05T17:17:00+00:00,NetworkIn,64865936.2
2026-08-05T17:22:00+00:00,NetworkIn,71970731.6
2026-08-05T17:27:00+00:00,NetworkIn,70305782.0
2026-08-05T17:32:00+00:00,NetworkIn,70508512.2
2026-08-05T17:37:00+00:00,NetworkIn,74164687.0
2026-08-05T17:42:00+00:00,NetworkIn,70621921.2
2026-08-05T17:47:00+00:00,NetworkIn,70717191.2
2026-08-05T17:52:00+00:00,NetworkIn,77006036.8
2026-08-05T17:57:00+00:00,NetworkIn,70701844.6
2026-08-05T18:02:00+00:00,NetworkIn,70500948.0
2026-08-05T18:07:00+00:00,NetworkIn,74347683.8
2026-08-05T18:12:00+00:00,NetworkIn,70500672.2
2026-08-05T18:17:00+00:00,NetworkIn,70435977.0
2026-08-05T18:22:00+00:00,NetworkIn,76931719.4
2026-08-05T18:27:00+00:00,NetworkIn,70591107.6
2026-08-05T18:32:00+00:00,NetworkIn,70577779.0
2026-08-05T18:37:00+00:00,NetworkIn,74224029.0
2026-08-05T18:42:00+00:00,NetworkIn,70127656.2
2026-08-05T18:47:00+00:00,NetworkIn,70662649.4
2026-08-05T18:52:00+00:00,NetworkIn,76932988.0
2026-08-05T18:57:00+00:00,NetworkIn,70618387.0
2026-08-05T19:02:00+00:00,NetworkIn,70629445.2
2026-08-05T19:07:00+00:00,NetworkIn,74164471.8
2026-08-05T19:12:00+00:00,NetworkIn,70570574.6
2026-08-05T19:17:00+00:00,NetworkIn,70599438.8
2026-08-05T19:22:00+00:00,NetworkIn,77304148.6
2026-08-05T19:27:00+00:00,NetworkIn,70362173.0
2026-08-05T19:32:00+00:00,NetworkIn,70471534.6
2026-08-05T19:37:00+00:00,NetworkIn,74128255.4
2026-08-05T19:42:00+00:00,NetworkIn,70315653.8
2026-08-05T19:47:00+00:00,NetworkIn,65238735.0
2026-08-05T19:52:00+00:00,NetworkIn,71916742.8
2026-08-05T19:57:00+00:00,NetworkIn,65585255.8
2026-08-05T20:02:00+00:00,NetworkIn,68390138.6
2026-08-05T20:07:00+00:00,NetworkIn,71243531.6
2026-08-05T20:12:00+00:00,NetworkIn,70554004.2
2026-08-05T20:17:00+00:00,NetworkIn,70504045.4
2026-08-05T20:22:00+00:00,NetworkIn,77070040.6
2026-08-05T20:27:00+00:00,NetworkIn,70679574.4
2026-08-05T20:32:00+00:00,NetworkIn,70490590.0
2026-08-05T20:37:00+00:00,NetworkIn,74070399.8
2026-08-05T20:42:00+00:00,NetworkIn,70590368.2
2026-08-05T20:47:00+00:00,NetworkIn,70587838.8
2026-08-05T20:52:00+00:00,NetworkIn,77292908.4
2026-08-05T20:57:00+00:00,NetworkIn,70555954.8
2026-08-05T21:02:00+00:00,NetworkIn,70354121.6
2026-08-05T21:07:00+00:00,NetworkIn,74253311.6
2026-08-05T21:12:00+00:00,NetworkIn,70542244.4
2026-08-05T21:17:00+00:00,NetworkIn,70710490.6
2026-08-05T21:22:00+00:00,NetworkIn,77080485.8
2026-08-05T21:27:00+00:00,NetworkIn,70356805.4
2026-08-05T21:32:00+00:00,NetworkIn,70287733.4
2026-08-05T21:37:00+00:00,NetworkIn,77280385.4
2026-08-05T21:42:00+00:00,NetworkIn,70263990.0
2026-08-05T21:47:00+00:00,NetworkIn,70687443.6
2026-08-05T21:52:00+00:00,NetworkIn,74314413.4
2026-08-05T21:57:00+00:00,NetworkIn,65739812.8
2026-08-05T22:02:00+00:00,NetworkIn,65731453.8
2026-08-05T22:07:00+00:00,NetworkIn,72725135.6
2026-08-05T22:12:00+00:00,NetworkIn,67829820.2
2026-08-05T22:17:00+00:00,NetworkIn,65565921.6
2026-08-05T22:22:00+00:00,NetworkIn,72299831.0
2026-08-05T22:27:00+00:00,NetworkIn,66225010.6
2026-08-05T22:32:00+00:00,NetworkIn,65874424.4
2026-08-05T22:37:00+00:00,NetworkIn,74364219.0
2026-08-05T22:42:00+00:00,NetworkIn,65775749.8
2026-08-05T22:47:00+00:00,NetworkIn,65670825.4
2026-08-05T22:52:00+00:00,NetworkIn,72602890.8
2026-08-05T22:57:00+00:00,NetworkIn,65940029.6
2026-08-05T23:02:00+00:00,NetworkIn,70593446.2
2026-08-05T23:07:00+00:00,NetworkIn,67318324.4
2026-08-05T23:12:00+00:00,NetworkIn,63000366.2
2026-08-05T23:17:00+00:00,NetworkIn,63618517.2
2026-08-05T23:22:00+00:00,NetworkIn,73108161.8
2026-08-05T23:27:00+00:00,NetworkIn,67923186.0
2026-08-05T23:32:00+00:00,NetworkIn,70450964.8
2026-08-05T23:37:00+00:00,NetworkIn,73504569.2
2026-08-05T23:42:00+00:00,NetworkIn,70578715.8
2026-08-05T23:47:00+00:00,NetworkIn,70379954.4
2026-08-05T23:52:00+00:00,NetworkIn,77680184.8
2026-08-05T23:57:00+00:00,NetworkIn,70612786.8
2026-08-06T00:02:00+00:00,NetworkIn,70430877.0
2026-08-06T00:07:00+00:00,NetworkIn,74109908.6
2026-08-06T00:12:00+00:00,NetworkIn,70438940.8
2026-08-06T00:17:00+00:00,NetworkIn,70579088.2
2026-08-06T00:22:00+00:00,NetworkIn,77019302.0
2026-08-06T00:27:00+00:00,NetworkIn,70615746.6
2026-08-06T00:32:00+00:00,NetworkIn,70560637.6
2026-08-06T00:37:00+00:00,NetworkIn,74019401.8
2026-08-06T00:42:00+00:00,NetworkIn,70503931.0
2026-08-06T00:47:00+00:00,NetworkIn,70517158.6
2026-08-06T00:52:00+00:00,NetworkIn,77366356.6
2026-08-06T00:57:00+00:00,NetworkIn,70395345.2
2026-08-06T01:02:00+00:00,NetworkIn,70560118.2
2026-08-06T01:07:00+00:00,NetworkIn,74169207.8
2026-08-06T01:12:00+00:00,NetworkIn,70263825.0
2026-08-06T01:17:00+00:00,NetworkIn,70013717.4
2026-08-06T01:22:00+00:00,NetworkIn,75998902.0
2026-08-06T01:27:00+00:00,NetworkIn,67566750.2
2026-08-06T01:32:00+00:00,NetworkIn,69205195.2
2026-08-06T01:37:00+00:00,NetworkIn,72654331.6
2026-08-06T01:42:00+00:00,NetworkIn,70216902.2
2026-08-06T01:47:00+00:00,NetworkIn,68683309.0
2026-08-06T01:52:00+00:00,NetworkIn,75575728.8
2026-08-06T01:57:00+00:00,NetworkIn,69129919.2
2026-08-06T02:02:00+00:00,NetworkIn,68876354.0
2026-08-06T02:07:00+00:00,NetworkIn,72846031.6
2026-08-06T02:12:00+00:00,NetworkIn,69334738.8
2026-08-06T02:17:00+00:00,NetworkIn,70529475.4
2026-08-06T02:22:00+00:00,NetworkIn,75797210.8
2026-08-06T02:27:00+00:00,NetworkIn,69306458.2
2026-08-06T02:32:00+00:00,NetworkIn,69308432.0
2026-08-06T02:37:00+00:00,NetworkIn,72894756.0
2026-08-06T02:42:00+00:00,NetworkIn,69238284.8
2026-08-06T02:47:00+00:00,NetworkIn,69254644.4
2026-08-06T02:52:00+00:00,NetworkIn,77096453.2
2026-08-06T02:57:00+00:00,NetworkIn,68873704.4
2026-08-06T03:02:00+00:00,NetworkIn,68917784.4
2026-08-06T03:07:00+00:00,NetworkIn,72327660.2
2026-08-06T03:12:00+00:00,NetworkIn,68413530.8
2026-08-06T03:17:00+00:00,NetworkIn,69297141.4
2026-08-06T03:22:00+00:00,NetworkIn,76939639.6
2026-08-06T03:27:00+00:00,NetworkIn,69333526.2
2026-08-06T03:32:00+00:00,NetworkIn,68816713.2
2026-08-06T03:37:00+00:00,NetworkIn,72687583.4
2026-08-06T03:42:00+00:00,NetworkIn,68869229.0
2026-08-06T03:47:00+00:00,NetworkIn,70058970.6
2026-08-06T03:52:00+00:00,NetworkIn,76441161.8
2026-08-06T03:57:00+00:00,NetworkIn,70738273.8
2026-08-06T04:02:00+00:00,NetworkIn,70543942.4
2026-08-06T04:07:00+00:00,NetworkIn,73930184.2
2026-08-06T04:12:00+00:00,NetworkIn,70620190.6
2026-08-06T04:17:00+00:00,NetworkIn,70500192.2
2026-08-06T04:22:00+00:00,NetworkIn,76799247.0
2026-08-06T04:27:00+00:00,NetworkIn,70179613.8
2026-08-06T04:32:00+00:00,NetworkIn,69999175.0
2026-08-06T04:37:00+00:00,NetworkIn,70033848.8
2026-08-06T04:42:00+00:00,NetworkIn,73719444.0
2026-08-06T04:47:00+00:00,NetworkIn,70428530.0
2026-08-06T04:52:00+00:00,NetworkIn,70389284.0
2026-08-06T04:57:00+00:00,NetworkIn,76784434.0
2026-08-06T05:02:00+00:00,NetworkIn,69544317.2
2026-08-06T05:07:00+00:00,NetworkIn,69986915.4
2026-08-06T05:12:00+00:00,NetworkIn,71103835.2
2026-08-06T05:17:00+00:00,NetworkIn,64992430.8
2026-08-06T05:22:00+00:00,NetworkIn,70740430.8
2026-08-06T05:27:00+00:00,NetworkIn,77170781.6
2026-08-06T05:32:00+00:00,NetworkIn,68790675.0
2026-08-06T05:37:00+00:00,NetworkIn,70621582.4
2026-08-06T05:42:00+00:00,NetworkIn,74202829.8
2026-08-06T05:47:00+00:00,NetworkIn,70636739.2
2026-08-06T05:52:00+00:00,NetworkIn,70189796.4
2026-08-06T05:57:00+00:00,NetworkIn,77267953.8
2026-08-06T06:02:00+00:00,NetworkIn,70110493.0
2026-08-06T06:07:00+00:00,NetworkIn,70443535.6
2026-08-06T06:12:00+00:00,NetworkIn,74119625.2
2026-08-06T06:17:00+00:00,NetworkIn,70632280.8
2026-08-06T06:22:00+00:00,NetworkIn,70132009.2
2026-08-06T06:27:00+00:00,NetworkIn,77245059.2
2026-08-06T06:32:00+00:00,NetworkIn,70499135.6
2026-08-06T06:37:00+00:00,NetworkIn,70541279.4
2026-08-06T06:42:00+00:00,NetworkIn,73969081.0
2026-08-06T06:47:00+00:00,NetworkIn,70591348.2
2026-08-06T06:52:00+00:00,NetworkIn,70699796.0
2026-08-06T06:57:00+00:00,NetworkIn,77299926.6
2026-08-06T07:02:00+00:00,NetworkIn,70071442.6
2026-08-06T07:07:00+00:00,NetworkIn,70703722.6
2026-08-06T07:12:00+00:00,NetworkIn,77165896.4
2026-08-06T07:17:00+00:00,NetworkIn,70618390.4
2026-08-06T07:22:00+00:00,NetworkIn,70288309.4
2026-08-06T07:27:00+00:00,NetworkIn,74248999.8
2026-08-06T07:32:00+00:00,NetworkIn,69986546.8
2026-08-06T07:37:00+00:00,NetworkIn,70121139.8
2026-08-06T07:42:00+00:00,NetworkIn,76939021.4
2026-08-06T07:47:00+00:00,NetworkIn,70561692.2
2026-08-06T07:52:00+00:00,NetworkIn,70863748.6
2026-08-06T07:57:00+00:00,NetworkIn,74175254.6
2026-08-06T08:02:00+00:00,NetworkIn,70514386.6
2026-08-06T08:07:00+00:00,NetworkIn,70391487.8
2026-08-06T08:12:00+00:00,NetworkIn,77161781.2
2026-08-06T08:17:00+00:00,NetworkIn,76174007.4
2026-08-06T08:22:00+00:00,NetworkIn,70348449.2
2026-08-06T08:27:00+00:00,NetworkIn,74236977.4
2026-08-06T08:32:00+00:00,NetworkIn,70401420.6
2026-08-06T08:37:00+00:00,NetworkIn,70535593.2
2026-08-06T08:42:00+00:00,NetworkIn,77118283.0
2026-08-06T08:47:00+00:00,NetworkIn,70471918.2
2026-08-06T08:52:00+00:00,NetworkIn,70204789.8
2026-08-06T08:57:00+00:00,NetworkIn,74321725.8
2026-08-06T09:02:00+00:00,NetworkIn,70612133.0
2026-08-06T09:07:00+00:00,NetworkIn,70400362.8
2026-08-06T09:12:00+00:00,NetworkIn,76974273.0
2026-08-06T09:17:00+00:00,NetworkIn,70393828.2
2026-08-06T09:22:00+00:00,NetworkIn,70630338.2
2026-08-06T09:27:00+00:00,NetworkIn,74065394.6
2026-08-06T09:32:00+00:00,NetworkIn,70261094.0
2026-08-06T09:37:00+00:00,NetworkIn,70176589.8
2026-08-06T09:42:00+00:00,NetworkIn,77261203.6
2026-08-06T09:47:00+00:00,NetworkIn,70443517.2
2026-08-06T09:52:00+00:00,NetworkIn,70470253.0
2026-08-06T09:57:00+00:00,NetworkIn,74151820.2
2026-08-06T10:02:00+00:00,NetworkIn,70595260.0
2026-08-06T10:07:00+00:00,NetworkIn,70492523.0
2026-08-06T10:12:00+00:00,NetworkIn,77152753.8
2026-08-06T10:17:00+00:00,NetworkIn,70416012.2
2026-08-06T10:22:00+00:00,NetworkIn,70759789.4
2026-08-06T10:27:00+00:00,NetworkIn,74655171.6
2026-08-06T10:32:00+00:00,NetworkIn,70304236.8
2026-08-06T10:37:00+00:00,NetworkIn,70494174.8
2026-08-06T10:42:00+00:00,NetworkIn,77575670.6
2026-08-06T10:47:00+00:00,NetworkIn,70393844.8
2026-08-06T10:52:00+00:00,NetworkIn,70570235.2
2026-08-06T10:57:00+00:00,NetworkIn,74279527.6
2026-08-06T11:02:00+00:00,NetworkIn,70613965.6
2026-08-06T11:07:00+00:00,NetworkIn,70548387.6
2026-08-06T11:12:00+00:00,NetworkIn,76914221.8
2026-08-06T11:17:00+00:00,NetworkIn,70508742.6
2026-08-06T11:22:00+00:00,NetworkIn,70501041.2
2026-08-06T11:27:00+00:00,NetworkIn,73958014.8
2026-08-06T11:32:00+00:00,NetworkIn,70399026.0
2026-08-06T11:37:00+00:00,NetworkIn,70626219.8
2026-08-06T11:42:00+00:00,NetworkIn,77339242.8
2026-08-06T11:47:00+00:00,NetworkIn,70322596.4
2026-08-06T11:52:00+00:00,NetworkIn,70889412.2
2026-08-06T11:57:00+00:00,NetworkIn,77187599.0
2026-08-06T12:02:00+00:00,NetworkIn,70613150.2
2026-08-06T12:07:00+00:00,NetworkIn,70391755.8
2026-08-06T12:12:00+00:00,NetworkIn,74406446.6
2026-08-06T12:17:00+00:00,NetworkIn,70519766.0
2026-08-06T12:22:00+00:00,NetworkIn,70844264.2
2026-08-06T12:27:00+00:00,NetworkIn,77006533.2
2026-08-06T12:32:00+00:00,NetworkIn,70623674.8
2026-08-06T12:37:00+00:00,NetworkIn,70490241.0
2026-08-06T12:42:00+00:00,NetworkIn,74042179.0
2026-08-06T12:47:00+00:00,NetworkIn,70605593.6
2026-08-06T12:52:00+00:00,NetworkIn,70530324.2
2026-08-06T12:57:00+00:00,NetworkIn,77007021.4
2026-08-06T13:02:00+00:00,NetworkIn,70627022.0
2026-08-06T13:07:00+00:00,NetworkIn,70574220.0
2026-08-06T13:12:00+00:00,NetworkIn,74112551.0
2026-08-06T13:17:00+00:00,NetworkIn,70706488.0
2026-08-06T13:22:00+00:00,NetworkIn,70546773.4
2026-08-06T13:27:00+00:00,NetworkIn,77369097.0
2026-08-06T13:32:00+00:00,NetworkIn,70329678.4
2026-08-06T13:37:00+00:00,NetworkIn,70545567.2
2026-08-06T13:42:00+00:00,NetworkIn,74092590.4
2026-08-06T13:47:00+00:00,NetworkIn,70466714.4
2026-08-06T13:52:00+00:00,NetworkIn,70458580.4
2026-08-06T13:57:00+00:00,NetworkIn,77240349.6
2026-08-06T14:02:00+00:00,NetworkIn,70190487.8
2026-08-06T14:07:00+00:00,NetworkIn,70545786.2
2026-08-06T14:12:00+00:00,NetworkIn,74231294.8
2026-08-06T14:17:00+00:00,NetworkIn,70465866.8
2026-08-06T14:22:00+00:00,NetworkIn,70686395.8
2026-08-06T14:27:00+00:00,NetworkIn,77224802.0
2026-08-06T14:32:00+00:00,NetworkIn,70292751.0
2026-08-06T14:37:00+00:00,NetworkIn,70528702.8
2026-08-06T14:42:00+00:00,NetworkIn,74412279.8
2026-08-06T14:47:00+00:00,NetworkIn,70705392.8
2026-08-06T14:52:00+00:00,NetworkIn,70462807.6
2026-08-06T14:57:00+00:00,NetworkIn,77276958.8
2026-08-06T15:02:00+00:00,NetworkIn,70203494.2
2026-08-06T15:07:00+00:00,NetworkIn,70637230.4
2026-08-06T15:12:00+00:00,NetworkIn,74294304.6
2026-08-06T15:17:00+00:00,NetworkIn,70442535.4
2026-08-06T15:22:00+00:00,NetworkIn,70508248.8
2026-08-06T15:27:00+00:00,NetworkIn,77235439.4
2026-08-06T15:32:00+00:00,NetworkIn,70407179.2
2026-08-06T15:37:00+00:00,NetworkIn,70668169.0
2026-08-06T15:42:00+00:00,NetworkIn,74276083.4
2026-08-06T15:47:00+00:00,NetworkIn,70477239.4
2026-08-06T15:52:00+00:00,NetworkIn,70401789.0
2026-08-06T15:57:00+00:00,NetworkIn,77498269.0
2026-08-06T16:02:00+00:00,NetworkIn,70448734.8
2026-08-06T16:07:00+00:00,NetworkIn,70426647.4
2026-08-06T16:12:00+00:00,NetworkIn,74266504.8
2026-08-06T16:17:00+00:00,NetworkIn,70575591.2
2026-08-06T16:22:00+00:00,NetworkIn,70230716.4
2026-08-06T16:27:00+00:00,NetworkIn,77317441.4
2026-08-06T16:32:00+00:00,NetworkIn,70585979.4
2026-08-06T16:37:00+00:00,NetworkIn,70287082.4
2026-08-06T16:42:00+00:00,NetworkIn,77173964.4
2026-08-06T16:47:00+00:00,NetworkIn,70576905.2
2026-08-06T16:52:00+00:00,NetworkIn,70552633.6
2026-08-06T16:57:00+00:00,NetworkIn,74244126.2
2026-08-06T17:02:00+00:00,NetworkIn,70447858.8
2026-08-06T17:07:00+00:00,NetworkIn,70537765.8
2026-08-06T17:12:00+00:00,NetworkIn,76919106.8
2026-08-06T17:17:00+00:00,NetworkIn,70397560.2
2026-08-06T17:22:00+00:00,NetworkIn,70617093.8
2026-08-06T17:27:00+00:00,NetworkIn,74108727.6
2026-08-06T17:32:00+00:00,NetworkIn,70448925.4
2026-08-06T17:37:00+00:00,NetworkIn,70412116.6
2026-08-06T17:42:00+00:00,NetworkIn,77311599.6
2026-08-06T17:47:00+00:00,NetworkIn,70759192.0
2026-08-06T17:52:00+00:00,NetworkIn,70194915.4
2026-08-06T17:57:00+00:00,NetworkIn,74178648.6
2026-08-06T18:02:00+00:00,NetworkIn,70471778.2
2026-08-06T18:07:00+00:00,NetworkIn,70523504.8
2026-08-06T18:12:00+00:00,NetworkIn,76962415.4
2026-08-06T18:17:00+00:00,NetworkIn,70315539.4
2026-08-06T18:22:00+00:00,NetworkIn,70911311.0
2026-08-06T18:27:00+00:00,NetworkIn,73942564.4
2026-08-06T18:32:00+00:00,NetworkIn,70610379.2
2026-08-06T18:37:00+00:00,NetworkIn,70558741.8
2026-08-06T18:42:00+00:00,NetworkIn,76906193.8
2026-08-06T18:47:00+00:00,NetworkIn,70611281.2
2026-08-06T18:52:00+00:00,NetworkIn,70720145.0
2026-08-06T18:57:00+00:00,NetworkIn,74239057.4
2026-08-06T19:02:00+00:00,NetworkIn,70482617.0
2026-08-06T19:07:00+00:00,NetworkIn,70537377.4
2026-08-06T19:12:00+00:00,NetworkIn,77456572.0
2026-08-06T19:17:00+00:00,NetworkIn,70400777.8
2026-08-06T19:22:00+00:00,NetworkIn,70497368.4
2026-08-06T19:27:00+00:00,NetworkIn,74267576.2
2026-08-06T19:32:00+00:00,NetworkIn,70478936.2
2026-08-06T19:37:00+00:00,NetworkIn,70532443.2
2026-08-06T19:42:00+00:00,NetworkIn,76928114.2
2026-08-06T19:47:00+00:00,NetworkIn,70467912.0
2026-08-06T19:52:00+00:00,NetworkIn,70634885.0
2026-08-06T19:57:00+00:00,NetworkIn,74070573.0
2026-08-06T20:02:00+00:00,NetworkIn,70642104.8
2026-08-06T20:07:00+00:00,NetworkIn,70511728.4
2026-08-06T20:12:00+00:00,NetworkIn,77352874.6
2026-08-06T20:17:00+00:00,NetworkIn,70164351.8
2026-08-06T20:22:00+00:00,NetworkIn,70659746.6
2026-08-06T20:27:00+00:00,NetworkIn,74304702.6
2026-08-06T20:32:00+00:00,NetworkIn,70580009.2
2026-08-06T20:37:00+00:00,NetworkIn,70431555.6
2026-08-06T20:42:00+00:00,NetworkIn,77012244.2
2026-08-06T20:47:00+00:00,NetworkIn,70230004.4
2026-08-06T20:52:00+00:00,NetworkIn,70531067.6
2026-08-06T20:57:00+00:00,NetworkIn,77098278.8
2026-08-06T21:02:00+00:00,NetworkIn,69626370.2
2026-08-06T21:07:00+00:00,NetworkIn,70357354.2
2026-08-06T21:12:00+00:00,NetworkIn,74414808.2
2026-08-06T21:17:00+00:00,NetworkIn,70578159.6
2026-08-06T21:22:00+00:00,NetworkIn,70246702.6
2026-08-06T21:27:00+00:00,NetworkIn,77035165.8
2026-08-06T21:32:00+00:00,NetworkIn,70640746.4
2026-08-06T21:37:00+00:00,NetworkIn,70592806.4
2026-08-06T21:42:00+00:00,NetworkIn,74014457.2
2026-08-06T21:47:00+00:00,NetworkIn,70518982.2
2026-08-06T21:52:00+00:00,NetworkIn,70609112.6
2026-08-06T21:57:00+00:00,NetworkIn,77302988.2
2026-08-06T22:02:00+00:00,NetworkIn,70369389.8
2026-08-06T22:07:00+00:00,NetworkIn,70442372.0
2026-08-06T22:12:00+00:00,NetworkIn,74388420.6
2026-08-06T22:17:00+00:00,NetworkIn,70466573.0
2026-08-06T22:22:00+00:00,NetworkIn,70303078.6
2026-08-06T22:27:00+00:00,NetworkIn,77280681.4
2026-08-06T22:32:00+00:00,NetworkIn,70503868.0
2026-08-06T22:37:00+00:00,NetworkIn,70509762.6
2026-08-06T22:42:00+00:00,NetworkIn,74149245.2
2026-08-06T22:47:00+00:00,NetworkIn,70530813.0
2026-08-06T22:52:00+00:00,NetworkIn,70591697.8
2026-08-06T22:57:00+00:00,NetworkIn,76855525.4
2026-08-06T23:02:00+00:00,NetworkIn,70541808.8
2026-08-06T23:07:00+00:00,NetworkIn,70592834.0
2026-08-06T23:12:00+00:00,NetworkIn,74270729.2
2026-08-06T23:17:00+00:00,NetworkIn,70490927.0
2026-08-06T23:22:00+00:00,NetworkIn,70477388.0
2026-08-06T23:27:00+00:00,NetworkIn,77351357.0
2026-08-06T23:32:00+00:00,NetworkIn,70776654.4
2026-08-06T23:37:00+00:00,NetworkIn,68382329.2
2026-08-06T23:42:00+00:00,NetworkIn,72947901.4
2026-08-06T23:47:00+00:00,NetworkIn,68950838.2
2026-08-06T23:52:00+00:00,NetworkIn,68106455.0
2026-08-06T23:57:00+00:00,NetworkIn,77253181.2
2026-08-07T00:02:00+00:00,NetworkIn,68012345.2
2026-08-07T00:07:00+00:00,NetworkIn,70491302.0
2026-08-07T00:12:00+00:00,NetworkIn,71673905.6
2026-08-07T00:17:00+00:00,NetworkIn,70590112.8
2026-08-07T00:22:00+00:00,NetworkIn,70550270.2
2026-08-07T00:27:00+00:00,NetworkIn,74578537.2
2026-08-07T00:32:00+00:00,NetworkIn,70689992.4
2026-08-07T00:37:00+00:00,NetworkIn,70545437.6
2026-08-07T00:42:00+00:00,NetworkIn,74362923.6
2026-08-07T00:47:00+00:00,NetworkIn,67960570.2
2026-08-07T00:52:00+00:00,NetworkIn,70530861.0
2026-08-07T00:57:00+00:00,NetworkIn,77222379.4
2026-08-07T01:02:00+00:00,NetworkIn,70410695.2
2026-08-07T01:07:00+00:00,NetworkIn,70399423.6
2026-08-07T01:12:00+00:00,NetworkIn,74356587.0
2026-08-07T01:17:00+00:00,NetworkIn,68963942.2
2026-08-07T01:22:00+00:00,NetworkIn,70317505.2
2026-08-07T01:27:00+00:00,NetworkIn,76856231.8
2026-08-07T01:32:00+00:00,NetworkIn,68830621.0
2026-08-07T01:37:00+00:00,NetworkIn,70507541.2
2026-08-07T01:42:00+00:00,NetworkIn,74278393.0
2026-08-07T01:47:00+00:00,NetworkIn,68657452.0
2026-08-07T01:52:00+00:00,NetworkIn,69952689.0
2026-08-07T01:57:00+00:00,NetworkIn,75480392.4
2026-08-07T02:02:00+00:00,NetworkIn,70431060.8
2026-08-07T02:07:00+00:00,NetworkIn,70245685.8
2026-08-07T02:12:00+00:00,NetworkIn,71627031.6
2026-08-07T02:17:00+00:00,NetworkIn,70632038.6
2026-08-07T02:22:00+00:00,NetworkIn,67875529.8
2026-08-07T02:27:00+00:00,NetworkIn,77157886.2
2026-08-07T02:32:00+00:00,NetworkIn,70469110.6
2026-08-07T02:37:00+00:00,NetworkIn,70706909.0
2026-08-07T02:42:00+00:00,NetworkIn,74197210.0
2026-08-07T02:47:00+00:00,NetworkIn,70456417.8
2026-08-07T02:52:00+00:00,NetworkIn,68338802.0
2026-08-07T02:57:00+00:00,NetworkIn,74545994.0
2026-08-07T03:02:00+00:00,NetworkIn,68176759.2
2026-08-07T03:07:00+00:00,NetworkIn,70278797.8
2026-08-07T03:12:00+00:00,NetworkIn,71879373.6
2026-08-07T03:17:00+00:00,NetworkIn,70810370.2
2026-08-07T03:22:00+00:00,NetworkIn,70586539.0
2026-08-07T03:27:00+00:00,NetworkIn,77015017.2
2026-08-07T03:32:00+00:00,NetworkIn,70273811.8
2026-08-07T03:37:00+00:00,NetworkIn,70487235.0
2026-08-07T03:42:00+00:00,NetworkIn,72413338.4
2026-08-07T03:47:00+00:00,NetworkIn,69885417.4
2026-08-07T03:52:00+00:00,NetworkIn,70442253.4
2026-08-07T03:57:00+00:00,NetworkIn,74763591.6
2026-08-07T04:02:00+00:00,NetworkIn,67835240.0
2026-08-07T04:07:00+00:00,NetworkIn,70499432.6
2026-08-07T04:12:00+00:00,NetworkIn,74065541.2
2026-08-07T04:17:00+00:00,NetworkIn,70544186.0
2026-08-07T04:22:00+00:00,NetworkIn,69777424.0
2026-08-07T04:27:00+00:00,NetworkIn,78324317.0
2026-08-07T04:32:00+00:00,NetworkIn,69965762.0
2026-08-07T04:37:00+00:00,NetworkIn,69601030.8
2026-08-07T04:42:00+00:00,NetworkIn,73522971.0
2026-08-07T04:47:00+00:00,NetworkIn,70592824.8
2026-08-07T04:52:00+00:00,NetworkIn,70248060.4
2026-08-07T04:57:00+00:00,NetworkIn,77262074.8
2026-08-07T05:02:00+00:00,NetworkIn,70012404.2
2026-08-07T05:07:00+00:00,NetworkIn,69773429.2
2026-08-07T05:12:00+00:00,NetworkIn,77310812.0
2026-08-07T05:17:00+00:00,NetworkIn,70152293.2
2026-08-07T05:22:00+00:00,NetworkIn,69926985.0
2026-08-07T05:27:00+00:00,NetworkIn,74468755.6
2026-08-07T05:32:00+00:00,NetworkIn,69467667.4
2026-08-07T05:37:00+00:00,NetworkIn,70661604.0
2026-08-07T05:42:00+00:00,NetworkIn,76605411.2
2026-08-07T05:47:00+00:00,NetworkIn,69053347.8
2026-08-07T05:52:00+00:00,NetworkIn,69327366.2
2026-08-07T05:57:00+00:00,NetworkIn,73930928.0
2026-08-07T06:02:00+00:00,NetworkIn,68871804.6
2026-08-07T06:07:00+00:00,NetworkIn,70589830.4
2026-08-07T06:12:00+00:00,NetworkIn,76212100.2
2026-08-07T06:17:00+00:00,NetworkIn,69764331.2
2026-08-07T06:22:00+00:00,NetworkIn,68892297.4
2026-08-07T06:27:00+00:00,NetworkIn,74520644.6
2026-08-07T06:32:00+00:00,NetworkIn,69266900.0
2026-08-07T06:37:00+00:00,NetworkIn,69605751.4
2026-08-07T06:42:00+00:00,NetworkIn,77588425.0
2026-08-07T06:47:00+00:00,NetworkIn,70545121.6
2026-08-07T06:52:00+00:00,NetworkIn,69497120.6
2026-08-07T06:57:00+00:00,NetworkIn,73068112.4
2026-08-07T07:02:00+00:00,NetworkIn,69094770.0
2026-08-07T07:07:00+00:00,NetworkIn,69421039.6
2026-08-07T07:12:00+00:00,NetworkIn,106805170.6
2026-08-07T07:17:00+00:00,NetworkIn,69498101.4
2026-08-07T07:22:00+00:00,NetworkIn,70714671.8
2026-08-07T07:27:00+00:00,NetworkIn,73401782.2
2026-08-07T07:32:00+00:00,NetworkIn,69659526.8
2026-08-07T07:37:00+00:00,NetworkIn,69235396.8
2026-08-07T07:42:00+00:00,NetworkIn,76925059.8
2026-08-07T07:47:00+00:00,NetworkIn,69677030.6
2026-08-07T07:52:00+00:00,NetworkIn,69169768.4
2026-08-07T07:57:00+00:00,NetworkIn,72967841.0
2026-08-07T08:02:00+00:00,NetworkIn,69327582.4
2026-08-07T08:07:00+00:00,NetworkIn,69677967.0
2026-08-07T08:12:00+00:00,NetworkIn,75890921.2
2026-08-07T08:17:00+00:00,NetworkIn,68794675.4
2026-08-07T08:22:00+00:00,NetworkIn,67727195.0
2026-08-07T08:27:00+00:00,NetworkIn,74412039.4
2026-08-07T08:32:00+00:00,NetworkIn,70293308.0
2026-08-07T08:37:00+00:00,NetworkIn,70293258.8
2026-08-07T08:42:00+00:00,NetworkIn,77107420.6
2026-08-07T08:47:00+00:00,NetworkIn,70357229.2
2026-08-07T08:52:00+00:00,NetworkIn,70422886.8
2026-08-07T08:57:00+00:00,NetworkIn,74242919.0
2026-08-07T09:02:00+00:00,NetworkIn,70621785.8
2026-08-07T09:07:00+00:00,NetworkIn,70284635.2
2026-08-07T09:12:00+00:00,NetworkIn,77035797.2
2026-08-07T09:17:00+00:00,NetworkIn,70642814.2
2026-08-07T09:22:00+00:00,NetworkIn,70520840.2
2026-08-07T09:27:00+00:00,NetworkIn,73954456.6
2026-08-07T09:32:00+00:00,NetworkIn,70495882.4
2026-08-07T09:37:00+00:00,NetworkIn,70496358.0
2026-08-07T09:42:00+00:00,NetworkIn,77273026.6
2026-08-07T09:47:00+00:00,NetworkIn,70198123.8
2026-08-07T09:52:00+00:00,NetworkIn,70816270.2
2026-08-07T09:57:00+00:00,NetworkIn,74385839.4
2026-08-07T10:02:00+00:00,NetworkIn,70182677.6
2026-08-07T10:07:00+00:00,NetworkIn,70629477.0
2026-08-07T10:12:00+00:00,NetworkIn,77195398.0
2026-08-07T10:17:00+00:00,NetworkIn,70388972.0
2026-08-07T10:22:00+00:00,NetworkIn,70790168.6
2026-08-07T10:27:00+00:00,NetworkIn,74316370.8
2026-08-07T10:32:00+00:00,NetworkIn,70356311.6
2026-08-07T10:37:00+00:00,NetworkIn,70595413.8
2026-08-07T10:42:00+00:00,NetworkIn,77236322.0
2026-08-07T10:47:00+00:00,NetworkIn,70583990.0
2026-08-07T10:52:00+00:00,NetworkIn,70337221.4
2026-08-07T10:57:00+00:00,NetworkIn,74253593.0
2026-08-07T11:02:00+00:00,NetworkIn,70615343.8
2026-08-07T11:07:00+00:00,NetworkIn,70670896.2
2026-08-07T11:12:00+00:00,NetworkIn,70275092.6
2026-08-07T11:17:00+00:00,NetworkIn,77174943.0
2026-08-07T11:22:00+00:00,NetworkIn,70318601.2
2026-08-07T11:27:00+00:00,NetworkIn,70393263.8
2026-08-07T11:32:00+00:00,NetworkIn,74069338.0
2026-08-07T11:37:00+00:00,NetworkIn,70690676.8
2026-08-07T11:42:00+00:00,NetworkIn,70454229.0
2026-08-07T11:47:00+00:00,NetworkIn,76929413.6
2026-08-07T11:52:00+00:00,NetworkIn,70492027.8
2026-08-07T11:57:00+00:00,NetworkIn,70634800.8
2026-08-07T12:02:00+00:00,NetworkIn,54997917.4
2026-08-07T12:07:00+00:00,NetworkIn,7058449.0
2026-08-07T12:12:00+00:00,NetworkIn,11361.8
2026-08-07T12:17:00+00:00,NetworkIn,433.6
2026-08-07T12:22:00+00:00,NetworkIn,30.0
2026-08-07T12:27:00+00:00,NetworkIn,36.0
2026-08-07T12:32:00+00:00,NetworkIn,102.0
2026-08-07T12:37:00+00:00,NetworkIn,3036.8
2026-08-07T12:42:00+00:00,NetworkIn,189.8
2026-08-07T12:47:00+00:00,NetworkIn,96.8
2026-08-07T12:52:00+00:00,NetworkIn,261.6
2026-08-07T12:57:00+00:00,NetworkIn,1794122.2
2026-08-07T13:02:00+00:00,NetworkIn,36.0
2026-08-07T13:07:00+00:00,NetworkIn,3106.8
2026-08-07T13:12:00+00:00,NetworkIn,148.4
2026-08-07T13:17:00+00:00,NetworkIn,67.2
2026-08-07T13:22:00+00:00,NetworkIn,36.0
2026-08-07T13:27:00+00:00,NetworkIn,137.2
2026-08-07T13:32:00+00:00,NetworkIn,3114.8
2026-08-07T13:37:00+00:00,NetworkIn,54.0
2026-08-07T13:42:00+00:00,NetworkIn,84.0
2026-08-07T13:47:00+00:00,NetworkIn,31.2
2026-08-07T13:52:00+00:00,NetworkIn,54.0
2026-08-07T13:57:00+00:00,NetworkIn,54.0
2026-08-07T14:02:00+00:00,NetworkIn,3108.0
2026-08-07T14:07:00+00:00,NetworkIn,36.0
2026-08-07T14:12:00+00:00,NetworkIn,48.0
2026-08-07T14:17:00+00:00,NetworkIn,102.0
2026-08-07T14:22:00+00:00,NetworkIn,24.0
2026-08-07T14:27:00+00:00,NetworkIn,640.8
2026-08-07T14:32:00+00:00,NetworkIn,3130.0
2026-08-07T14:37:00+00:00,NetworkIn,707.2
2026-08-07T14:42:00+00:00,NetworkIn,61.2
2026-08-07T14:47:00+00:00,NetworkIn,48.0
2026-08-07T14:52:00+00:00,NetworkIn,6165.6
2026-08-07T14:57:00+00:00,NetworkIn,18.0
2026-08-07T15:02:00+00:00,NetworkIn,3013.2
2026-08-07T15:07:00+00:00,NetworkIn,101.6
2026-08-07T15:12:00+00:00,NetworkIn,36.0
2026-08-07T15:17:00+00:00,NetworkIn,48.0
2026-08-07T15:22:00+00:00,NetworkIn,1264.6
2026-08-07T15:27:00+00:00,NetworkIn,3067.2
2026-08-07T15:32:00+00:00,NetworkIn,18.0
2026-08-07T15:37:00+00:00,NetworkIn,36.0
2026-08-07T15:42:00+00:00,NetworkIn,115.2
2026-08-07T15:47:00+00:00,NetworkIn,42.0
2026-08-07T15:52:00+00:00,NetworkIn,3284.0
2026-08-07T15:57:00+00:00,NetworkIn,120.4
2026-08-07T16:02:00+00:00,NetworkIn,3079.2
2026-08-07T16:07:00+00:00,NetworkIn,1591.2
2026-08-07T16:12:00+00:00,NetworkIn,79.2
2026-08-07T16:17:00+00:00,NetworkIn,1164.4
2026-08-07T16:22:00+00:00,NetworkIn,3640.0
2026-07-31T12:02:00+00:00,NetworkOut,23398384.0
2026-07-31T12:07:00+00:00,NetworkOut,36036509.8
2026-07-31T12:12:00+00:00,NetworkOut,36145088.4
2026-07-31T12:17:00+00:00,NetworkOut,36216836.0
2026-07-31T12:22:00+00:00,NetworkOut,36108377.4
2026-07-31T12:27:00+00:00,NetworkOut,36237142.8
2026-07-31T12:32:00+00:00,NetworkOut,43044832.2
2026-07-31T12:37:00+00:00,NetworkOut,36220064.8
2026-07-31T12:42:00+00:00,NetworkOut,36240161.0
2026-07-31T12:47:00+00:00,NetworkOut,39847590.4
2026-07-31T12:52:00+00:00,NetworkOut,36124155.4
2026-07-31T12:57:00+00:00,NetworkOut,36045419.4
2026-07-31T13:02:00+00:00,NetworkOut,42791265.4
2026-07-31T13:07:00+00:00,NetworkOut,36163461.6
2026-07-31T13:12:00+00:00,NetworkOut,36194508.6
2026-07-31T13:17:00+00:00,NetworkOut,39787254.0
2026-07-31T13:22:00+00:00,NetworkOut,36166775.6
2026-07-31T13:27:00+00:00,NetworkOut,36220988.4
2026-07-31T13:32:00+00:00,NetworkOut,42691811.4
2026-07-31T13:37:00+00:00,NetworkOut,36183915.0
2026-07-31T13:42:00+00:00,NetworkOut,36181201.6
2026-07-31T13:47:00+00:00,NetworkOut,39868929.8
2026-07-31T13:52:00+00:00,NetworkOut,36196379.4
2026-07-31T13:57:00+00:00,NetworkOut,36151459.6
2026-07-31T14:02:00+00:00,NetworkOut,42929598.4
2026-07-31T14:07:00+00:00,NetworkOut,36239262.8
2026-07-31T14:12:00+00:00,NetworkOut,36130560.6
2026-07-31T14:17:00+00:00,NetworkOut,39719524.0
2026-07-31T14:22:00+00:00,NetworkOut,36073415.4
2026-07-31T14:27:00+00:00,NetworkOut,36162230.6
2026-07-31T14:32:00+00:00,NetworkOut,42683078.8
2026-07-31T14:37:00+00:00,NetworkOut,36353675.2
2026-07-31T14:42:00+00:00,NetworkOut,36131874.4
2026-07-31T14:47:00+00:00,NetworkOut,39826118.6
2026-07-31T14:52:00+00:00,NetworkOut,36140260.2
2026-07-31T14:57:00+00:00,NetworkOut,36166482.0
2026-07-31T15:02:00+00:00,NetworkOut,42689363.0
2026-07-31T15:07:00+00:00,NetworkOut,36265705.2
2026-07-31T15:12:00+00:00,NetworkOut,36132662.2
2026-07-31T15:17:00+00:00,NetworkOut,39650981.0
2026-07-31T15:22:00+00:00,NetworkOut,36211970.8
2026-07-31T15:27:00+00:00,NetworkOut,36177707.2
2026-07-31T15:32:00+00:00,NetworkOut,42743159.4
2026-07-31T15:37:00+00:00,NetworkOut,36080279.6
2026-07-31T15:42:00+00:00,NetworkOut,36171076.2
2026-07-31T15:47:00+00:00,NetworkOut,39796812.8
2026-07-31T15:52:00+00:00,NetworkOut,36141134.8
2026-07-31T15:57:00+00:00,NetworkOut,36115986.4
2026-07-31T16:02:00+00:00,NetworkOut,42715283.6
2026-07-31T16:07:00+00:00,NetworkOut,36169316.0
2026-07-31T16:12:00+00:00,NetworkOut,36090328.2
2026-07-31T16:17:00+00:00,NetworkOut,39703452.8
2026-07-31T16:22:00+00:00,NetworkOut,36241880.8
2026-07-31T16:27:00+00:00,NetworkOut,36186857.6
2026-07-31T16:32:00+00:00,NetworkOut,42836158.4
2026-07-31T16:37:00+00:00,NetworkOut,36206794.0
2026-07-31T16:42:00+00:00,NetworkOut,36061450.6
2026-07-31T16:47:00+00:00,NetworkOut,42804511.0
2026-07-31T16:52:00+00:00,NetworkOut,36167674.8
2026-07-31T16:57:00+00:00,NetworkOut,36200268.4
2026-07-31T17:02:00+00:00,NetworkOut,39748276.2
2026-07-31T17:07:00+00:00,NetworkOut,36069628.4
2026-07-31T17:12:00+00:00,NetworkOut,36167509.4
2026-07-31T17:17:00+00:00,NetworkOut,42811089.6
2026-07-31T17:22:00+00:00,NetworkOut,36193443.6
2026-07-31T17:27:00+00:00,NetworkOut,36118345.8
2026-07-31T17:32:00+00:00,NetworkOut,39896091.4
2026-07-31T17:37:00+00:00,NetworkOut,36158816.4
2026-07-31T17:42:00+00:00,NetworkOut,36220248.6
2026-07-31T17:47:00+00:00,NetworkOut,42707900.8
2026-07-31T17:52:00+00:00,NetworkOut,36230628.2
2026-07-31T17:57:00+00:00,NetworkOut,36086129.2
2026-07-31T18:02:00+00:00,NetworkOut,39804338.6
2026-07-31T18:07:00+00:00,NetworkOut,36006769.2
2026-07-31T18:12:00+00:00,NetworkOut,36263942.4
2026-07-31T18:17:00+00:00,NetworkOut,42723209.8
2026-07-31T18:22:00+00:00,NetworkOut,36193850.8
2026-07-31T18:27:00+00:00,NetworkOut,36104992.8
2026-07-31T18:32:00+00:00,NetworkOut,39829460.2
2026-07-31T18:37:00+00:00,NetworkOut,36144299.2
2026-07-31T18:42:00+00:00,NetworkOut,36099724.2
2026-07-31T18:47:00+00:00,NetworkOut,42726828.2
2026-07-31T18:52:00+00:00,NetworkOut,36088610.8
2026-07-31T18:57:00+00:00,NetworkOut,36048949.4
2026-07-31T19:02:00+00:00,NetworkOut,39853331.6
2026-07-31T19:07:00+00:00,NetworkOut,36129743.2
2026-07-31T19:12:00+00:00,NetworkOut,36195680.0
2026-07-31T19:17:00+00:00,NetworkOut,36154215.0
2026-07-31T19:22:00+00:00,NetworkOut,42721711.8
2026-07-31T19:27:00+00:00,NetworkOut,36139374.4
2026-07-31T19:32:00+00:00,NetworkOut,36199537.8
2026-07-31T19:37:00+00:00,NetworkOut,39722595.2
2026-07-31T19:42:00+00:00,NetworkOut,36135670.0
2026-07-31T19:47:00+00:00,NetworkOut,36162948.6
2026-07-31T19:52:00+00:00,NetworkOut,42749897.4
2026-07-31T19:57:00+00:00,NetworkOut,36200222.8
2026-07-31T20:02:00+00:00,NetworkOut,36103141.6
2026-07-31T20:07:00+00:00,NetworkOut,39729514.6
2026-07-31T20:12:00+00:00,NetworkOut,36160316.6
2026-07-31T20:17:00+00:00,NetworkOut,36067489.4
2026-07-31T20:22:00+00:00,NetworkOut,42731523.8
2026-07-31T20:27:00+00:00,NetworkOut,36103599.2
2026-07-31T20:32:00+00:00,NetworkOut,36111103.6
2026-07-31T20:37:00+00:00,NetworkOut,39877363.2
2026-07-31T20:42:00+00:00,NetworkOut,36300422.2
2026-07-31T20:47:00+00:00,NetworkOut,36145531.6
2026-07-31T20:52:00+00:00,NetworkOut,42817022.2
2026-07-31T20:57:00+00:00,NetworkOut,36121052.6
2026-07-31T21:02:00+00:00,NetworkOut,36180461.6
2026-07-31T21:07:00+00:00,NetworkOut,39693556.0
2026-07-31T21:12:00+00:00,NetworkOut,36194533.0
2026-07-31T21:17:00+00:00,NetworkOut,35971309.0
2026-07-31T21:22:00+00:00,NetworkOut,42781239.6
2026-07-31T21:27:00+00:00,NetworkOut,36147273.8
2026-07-31T21:32:00+00:00,NetworkOut,36131297.4
2026-07-31T21:37:00+00:00,NetworkOut,42711922.4
2026-07-31T21:42:00+00:00,NetworkOut,36038398.0
2026-07-31T21:47:00+00:00,NetworkOut,36211470.4
2026-07-31T21:52:00+00:00,NetworkOut,39742859.8
2026-07-31T21:57:00+00:00,NetworkOut,36187094.0
2026-07-31T22:02:00+00:00,NetworkOut,36193616.2
2026-07-31T22:07:00+00:00,NetworkOut,42701469.4
2026-07-31T22:12:00+00:00,NetworkOut,36207515.0
2026-07-31T22:17:00+00:00,NetworkOut,36247409.2
2026-07-31T22:22:00+00:00,NetworkOut,39773922.4
2026-07-31T22:27:00+00:00,NetworkOut,36171110.2
2026-07-31T22:32:00+00:00,NetworkOut,36041482.0
2026-07-31T22:37:00+00:00,NetworkOut,42708677.4
2026-07-31T22:42:00+00:00,NetworkOut,35997132.6
2026-07-31T22:47:00+00:00,NetworkOut,36079865.4
2026-07-31T22:52:00+00:00,NetworkOut,39722528.4
2026-07-31T22:57:00+00:00,NetworkOut,35958447.2
2026-07-31T23:02:00+00:00,NetworkOut,36033866.2
2026-07-31T23:07:00+00:00,NetworkOut,42694131.2
2026-07-31T23:12:00+00:00,NetworkOut,35869209.4
2026-07-31T23:17:00+00:00,NetworkOut,36179488.4
2026-07-31T23:22:00+00:00,NetworkOut,39711714.4
2026-07-31T23:27:00+00:00,NetworkOut,36074939.8
2026-07-31T23:32:00+00:00,NetworkOut,36031498.6
2026-07-31T23:37:00+00:00,NetworkOut,42619217.2
2026-07-31T23:42:00+00:00,NetworkOut,35999122.8
2026-07-31T23:47:00+00:00,NetworkOut,35979436.4
2026-07-31T23:52:00+00:00,NetworkOut,39578018.2
2026-07-31T23:57:00+00:00,NetworkOut,36090002.0
2026-08-01T00:02:00+00:00,NetworkOut,35947798.4
2026-08-01T00:07:00+00:00,NetworkOut,42508159.4
2026-08-01T00:12:00+00:00,NetworkOut,35850190.8
2026-08-01T00:17:00+00:00,NetworkOut,36345174.2
2026-08-01T00:22:00+00:00,NetworkOut,39769010.4
2026-08-01T00:27:00+00:00,NetworkOut,36009281.4
2026-08-01T00:32:00+00:00,NetworkOut,36107647.2
2026-08-01T00:37:00+00:00,NetworkOut,42811557.8
2026-08-01T00:42:00+00:00,NetworkOut,36072348.6
2026-08-01T00:47:00+00:00,NetworkOut,36166495.2
2026-08-01T00:52:00+00:00,NetworkOut,39869368.0
2026-08-01T00:57:00+00:00,NetworkOut,36146314.4
2026-08-01T01:02:00+00:00,NetworkOut,36061364.2
2026-08-01T01:07:00+00:00,NetworkOut,42695708.6
2026-08-01T01:12:00+00:00,NetworkOut,36193154.0
2026-08-01T01:17:00+00:00,NetworkOut,36199530.6
2026-08-01T01:22:00+00:00,NetworkOut,39748128.2
2026-08-01T01:27:00+00:00,NetworkOut,36091694.2
2026-08-01T01:32:00+00:00,NetworkOut,35967762.8
2026-08-01T01:37:00+00:00,NetworkOut,42620964.2
2026-08-01T01:42:00+00:00,NetworkOut,35964117.0
2026-08-01T01:47:00+00:00,NetworkOut,36047949.8
2026-08-01T01:52:00+00:00,NetworkOut,39762131.6
2026-08-01T01:57:00+00:00,NetworkOut,35955220.6
2026-08-01T02:02:00+00:00,NetworkOut,35974683.2
2026-08-01T02:07:00+00:00,NetworkOut,42820656.2
2026-08-01T02:12:00+00:00,NetworkOut,35983585.4
2026-08-01T02:17:00+00:00,NetworkOut,36049985.6
2026-08-01T02:22:00+00:00,NetworkOut,42720749.4
2026-08-01T02:27:00+00:00,NetworkOut,35897048.2
2026-08-01T02:32:00+00:00,NetworkOut,36028915.8
2026-08-01T02:37:00+00:00,NetworkOut,39726137.2
2026-08-01T02:42:00+00:00,NetworkOut,36107924.0
2026-08-01T02:47:00+00:00,NetworkOut,36039975.6
2026-08-01T02:52:00+00:00,NetworkOut,42633791.0
2026-08-01T02:57:00+00:00,NetworkOut,35945163.6
2026-08-01T03:02:00+00:00,NetworkOut,35923261.6
2026-08-01T03:07:00+00:00,NetworkOut,39700103.8
2026-08-01T03:12:00+00:00,NetworkOut,35865717.2
2026-08-01T03:17:00+00:00,NetworkOut,35749660.8
2026-08-01T03:22:00+00:00,NetworkOut,42719092.2
2026-08-01T03:27:00+00:00,NetworkOut,36155537.8
2026-08-01T03:32:00+00:00,NetworkOut,36034029.8
2026-08-01T03:37:00+00:00,NetworkOut,39788950.8
2026-08-01T03:42:00+00:00,NetworkOut,36113489.4
2026-08-01T03:47:00+00:00,NetworkOut,36084938.8
2026-08-01T03:52:00+00:00,NetworkOut,42643431.2
2026-08-01T03:57:00+00:00,NetworkOut,36005731.8
2026-08-01T04:02:00+00:00,NetworkOut,36055884.4
2026-08-01T04:07:00+00:00,NetworkOut,39687449.8
2026-08-01T04:12:00+00:00,NetworkOut,36100194.0
2026-08-01T04:17:00+00:00,NetworkOut,36042068.0
2026-08-01T04:22:00+00:00,NetworkOut,42692163.6
2026-08-01T04:27:00+00:00,NetworkOut,35968841.2
2026-08-01T04:32:00+00:00,NetworkOut,36104262.4
2026-08-01T04:37:00+00:00,NetworkOut,39588091.2
2026-08-01T04:42:00+00:00,NetworkOut,36099571.6
2026-08-01T04:47:00+00:00,NetworkOut,35972365.6
2026-08-01T04:52:00+00:00,NetworkOut,42481554.6
2026-08-01T04:57:00+00:00,NetworkOut,35615221.6
2026-08-01T05:02:00+00:00,NetworkOut,35884305.4
2026-08-01T05:07:00+00:00,NetworkOut,39672844.4
2026-08-01T05:12:00+00:00,NetworkOut,35737836.4
2026-08-01T05:17:00+00:00,NetworkOut,35999023.6
2026-08-01T05:22:00+00:00,NetworkOut,42470566.2
2026-08-01T05:27:00+00:00,NetworkOut,35771419.0
2026-08-01T05:32:00+00:00,NetworkOut,35264123.8
2026-08-01T05:37:00+00:00,NetworkOut,39581465.4
2026-08-01T05:42:00+00:00,NetworkOut,35918669.8
2026-08-01T05:47:00+00:00,NetworkOut,36087302.4
2026-08-01T05:52:00+00:00,NetworkOut,42487269.6
2026-08-01T05:57:00+00:00,NetworkOut,35670368.2
2026-08-01T06:02:00+00:00,NetworkOut,35741269.8
2026-08-01T06:07:00+00:00,NetworkOut,39203880.4
2026-08-01T06:12:00+00:00,NetworkOut,35931503.2
2026-08-01T06:17:00+00:00,NetworkOut,35222264.0
2026-08-01T06:22:00+00:00,NetworkOut,42026206.4
2026-08-01T06:27:00+00:00,NetworkOut,36079536.6
2026-08-01T06:32:00+00:00,NetworkOut,36146716.0
2026-08-01T06:37:00+00:00,NetworkOut,39568034.4
2026-08-01T06:42:00+00:00,NetworkOut,36233248.8
2026-08-01T06:47:00+00:00,NetworkOut,36047948.0
2026-08-01T06:52:00+00:00,NetworkOut,42609252.0
2026-08-01T06:57:00+00:00,NetworkOut,35994710.2
2026-08-01T07:02:00+00:00,NetworkOut,35733244.8
2026-08-01T07:07:00+00:00,NetworkOut,39561890.0
2026-08-01T07:12:00+00:00,NetworkOut,35978359.6
2026-08-01T07:17:00+00:00,NetworkOut,35948648.8
2026-08-01T07:22:00+00:00,NetworkOut,42721902.2
2026-08-01T07:27:00+00:00,NetworkOut,35805074.2
2026-08-01T07:32:00+00:00,NetworkOut,36033643.6
2026-08-01T07:37:00+00:00,NetworkOut,39571599.0
2026-08-01T07:42:00+00:00,NetworkOut,35929899.4
2026-08-01T07:47:00+00:00,NetworkOut,35933931.8
2026-08-01T07:52:00+00:00,NetworkOut,42564128.4
2026-08-01T07:57:00+00:00,NetworkOut,35761950.8
2026-08-01T08:02:00+00:00,NetworkOut,36037209.4
2026-08-01T08:07:00+00:00,NetworkOut,39541842.8
2026-08-01T08:12:00+00:00,NetworkOut,35996948.8
2026-08-01T08:17:00+00:00,NetworkOut,36039983.6
2026-08-01T08:22:00+00:00,NetworkOut,42657346.8
2026-08-01T08:27:00+00:00,NetworkOut,36072856.0
2026-08-01T08:32:00+00:00,NetworkOut,35931763.4
2026-08-01T08:37:00+00:00,NetworkOut,37299892.8
2026-08-01T08:42:00+00:00,NetworkOut,35951730.0
2026-08-01T08:47:00+00:00,NetworkOut,35873714.4
2026-08-01T08:52:00+00:00,NetworkOut,42135427.4
2026-08-01T08:57:00+00:00,NetworkOut,35827935.6
2026-08-01T09:02:00+00:00,NetworkOut,35596262.6
2026-08-01T09:07:00+00:00,NetworkOut,42205825.4
2026-08-01T09:12:00+00:00,NetworkOut,35820469.8
2026-08-01T09:17:00+00:00,NetworkOut,35736762.8
2026-08-01T09:22:00+00:00,NetworkOut,39327766.0
2026-08-01T09:27:00+00:00,NetworkOut,35482517.6
2026-08-01T09:32:00+00:00,NetworkOut,36221067.6
2026-08-01T09:37:00+00:00,NetworkOut,41879371.8
2026-08-01T09:42:00+00:00,NetworkOut,35351097.6
2026-08-01T09:47:00+00:00,NetworkOut,35382256.4
2026-08-01T09:52:00+00:00,NetworkOut,39540926.0
2026-08-01T09:57:00+00:00,NetworkOut,35634026.0
2026-08-01T10:02:00+00:00,NetworkOut,36066095.2
2026-08-01T10:07:00+00:00,NetworkOut,42793505.8
2026-08-01T10:12:00+00:00,NetworkOut,36170454.4
2026-08-01T10:17:00+00:00,NetworkOut,35935235.2
2026-08-01T10:22:00+00:00,NetworkOut,39834408.0
2026-08-01T10:27:00+00:00,NetworkOut,35672678.2
2026-08-01T10:32:00+00:00,NetworkOut,35793775.6
2026-08-01T10:37:00+00:00,NetworkOut,42370848.2
2026-08-01T10:42:00+00:00,NetworkOut,35990866.6
2026-08-01T10:47:00+00:00,NetworkOut,35650351.2
2026-08-01T10:52:00+00:00,NetworkOut,39886491.2
2026-08-01T10:57:00+00:00,NetworkOut,35314543.0
2026-08-01T11:02:00+00:00,NetworkOut,35516092.4
2026-08-01T11:07:00+00:00,NetworkOut,42372123.4
2026-08-01T11:12:00+00:00,NetworkOut,35876335.4
2026-08-01T11:17:00+00:00,NetworkOut,35628975.4
2026-08-01T11:22:00+00:00,NetworkOut,39481718.2
2026-08-01T11:27:00+00:00,NetworkOut,35698545.2
2026-08-01T11:32:00+00:00,NetworkOut,35539146.4
2026-08-01T11:37:00+00:00,NetworkOut,41982618.8
2026-08-01T11:42:00+00:00,NetworkOut,35984717.0
2026-08-01T11:47:00+00:00,NetworkOut,36062880.6
2026-08-01T11:52:00+00:00,NetworkOut,39557008.4
2026-08-01T11:57:00+00:00,NetworkOut,35922622.6
2026-08-01T12:02:00+00:00,NetworkOut,35557972.4
2026-08-01T12:07:00+00:00,NetworkOut,40709808.6
2026-08-01T12:12:00+00:00,NetworkOut,34035662.2
2026-08-01T12:17:00+00:00,NetworkOut,35660071.0
2026-08-01T12:22:00+00:00,NetworkOut,39291851.4
2026-08-01T12:27:00+00:00,NetworkOut,35757528.4
2026-08-01T12:32:00+00:00,NetworkOut,35916716.4
2026-08-01T12:37:00+00:00,NetworkOut,42762208.4
2026-08-01T12:42:00+00:00,NetworkOut,36235999.0
2026-08-01T12:47:00+00:00,NetworkOut,36139533.6
2026-08-01T12:52:00+00:00,NetworkOut,39651712.4
2026-08-01T12:57:00+00:00,NetworkOut,36136579.0
2026-08-01T13:02:00+00:00,NetworkOut,36224731.6
2026-08-01T13:07:00+00:00,NetworkOut,42766593.8
2026-08-01T13:12:00+00:00,NetworkOut,36212774.8
2026-08-01T13:17:00+00:00,NetworkOut,36111899.2
2026-08-01T13:22:00+00:00,NetworkOut,39785297.4
2026-08-01T13:27:00+00:00,NetworkOut,36249110.6
2026-08-01T13:32:00+00:00,NetworkOut,36084072.6
2026-08-01T13:37:00+00:00,NetworkOut,42843323.0
2026-08-01T13:42:00+00:00,NetworkOut,36162598.0
2026-08-01T13:47:00+00:00,NetworkOut,36125764.6
2026-08-01T13:52:00+00:00,NetworkOut,39722547.4
2026-08-01T13:57:00+00:00,NetworkOut,36050537.0
2026-08-01T14:02:00+00:00,NetworkOut,36144737.4
2026-08-01T14:07:00+00:00,NetworkOut,42835427.0
2026-08-01T14:12:00+00:00,NetworkOut,36234867.2
2026-08-01T14:17:00+00:00,NetworkOut,36105533.0
2026-08-01T14:22:00+00:00,NetworkOut,39783724.8
2026-08-01T14:27:00+00:00,NetworkOut,36219303.0
2026-08-01T14:32:00+00:00,NetworkOut,36176339.6
2026-08-01T14:37:00+00:00,NetworkOut,42847156.8
2026-08-01T14:42:00+00:00,NetworkOut,36188736.6
2026-08-01T14:47:00+00:00,NetworkOut,36240732.8
2026-08-01T14:52:00+00:00,NetworkOut,39669893.8
2026-08-01T14:57:00+00:00,NetworkOut,36322496.8
2026-08-01T15:02:00+00:00,NetworkOut,36088079.4
2026-08-01T15:07:00+00:00,NetworkOut,42748708.6
2026-08-01T15:12:00+00:00,NetworkOut,36087373.0
2026-08-01T15:17:00+00:00,NetworkOut,36184896.6
2026-08-01T15:22:00+00:00,NetworkOut,42631834.2
2026-08-01T15:27:00+00:00,NetworkOut,36234417.8
2026-08-01T15:32:00+00:00,NetworkOut,36051202.0
2026-08-01T15:37:00+00:00,NetworkOut,39665032.4
2026-08-01T15:42:00+00:00,NetworkOut,36117318.8
2026-08-01T15:47:00+00:00,NetworkOut,36273736.6
2026-08-01T15:52:00+00:00,NetworkOut,42824544.8
2026-08-01T15:57:00+00:00,NetworkOut,36081027.6
2026-08-01T16:02:00+00:00,NetworkOut,36161890.2
2026-08-01T16:07:00+00:00,NetworkOut,39864574.6
2026-08-01T16:12:00+00:00,NetworkOut,36219029.0
2026-08-01T16:17:00+00:00,NetworkOut,36118113.0
2026-08-01T16:22:00+00:00,NetworkOut,42692762.0
2026-08-01T16:27:00+00:00,NetworkOut,36199622.0
2026-08-01T16:32:00+00:00,NetworkOut,36102197.4
2026-08-01T16:37:00+00:00,NetworkOut,39662511.6
2026-08-01T16:42:00+00:00,NetworkOut,36161610.8
2026-08-01T16:47:00+00:00,NetworkOut,36216551.2
2026-08-01T16:52:00+00:00,NetworkOut,42714724.0
2026-08-01T16:57:00+00:00,NetworkOut,36152588.2
2026-08-01T17:02:00+00:00,NetworkOut,36132177.0
2026-08-01T17:07:00+00:00,NetworkOut,39896721.6
2026-08-01T17:12:00+00:00,NetworkOut,36203507.8
2026-08-01T17:17:00+00:00,NetworkOut,35957384.0
2026-08-01T17:22:00+00:00,NetworkOut,42878101.4
2026-08-01T17:27:00+00:00,NetworkOut,36169090.2
2026-08-01T17:32:00+00:00,NetworkOut,36173815.0
2026-08-01T17:37:00+00:00,NetworkOut,39774155.0
2026-08-01T17:42:00+00:00,NetworkOut,36201489.4
2026-08-01T17:47:00+00:00,NetworkOut,36292624.0
2026-08-01T17:52:00+00:00,NetworkOut,42707876.4
2026-08-01T17:57:00+00:00,NetworkOut,36247591.6
2026-08-01T18:02:00+00:00,NetworkOut,36112468.0
2026-08-01T18:07:00+00:00,NetworkOut,39792738.4
2026-08-01T18:12:00+00:00,NetworkOut,36203387.8
2026-08-01T18:17:00+00:00,NetworkOut,36175998.0
2026-08-01T18:22:00+00:00,NetworkOut,42824529.4
2026-08-01T18:27:00+00:00,NetworkOut,36131062.4
2026-08-01T18:32:00+00:00,NetworkOut,36122159.8
2026-08-01T18:37:00+00:00,NetworkOut,39836331.8
2026-08-01T18:42:00+00:00,NetworkOut,36331831.2
2026-08-01T18:47:00+00:00,NetworkOut,36106080.6
2026-08-01T18:52:00+00:00,NetworkOut,42740941.4
2026-08-01T18:57:00+00:00,NetworkOut,36178551.8
2026-08-01T19:02:00+00:00,NetworkOut,36184652.0
2026-08-01T19:07:00+00:00,NetworkOut,39631563.2
2026-08-01T19:12:00+00:00,NetworkOut,36172812.6
2026-08-01T19:17:00+00:00,NetworkOut,36175389.0
2026-08-01T19:22:00+00:00,NetworkOut,42825572.8
2026-08-01T19:27:00+00:00,NetworkOut,36114575.2
2026-08-01T19:32:00+00:00,NetworkOut,36138553.2
2026-08-01T19:37:00+00:00,NetworkOut,39847118.6
2026-08-01T19:42:00+00:00,NetworkOut,36096366.8
2026-08-01T19:47:00+00:00,NetworkOut,36009888.6
2026-08-01T19:52:00+00:00,NetworkOut,42809058.4
2026-08-01T19:57:00+00:00,NetworkOut,36237543.2
2026-08-01T20:02:00+00:00,NetworkOut,36163674.0
2026-08-01T20:07:00+00:00,NetworkOut,42772622.2
2026-08-01T20:12:00+00:00,NetworkOut,36069506.2
2026-08-01T20:17:00+00:00,NetworkOut,36120840.0
2026-08-01T20:22:00+00:00,NetworkOut,39905120.8
2026-08-01T20:27:00+00:00,NetworkOut,36148659.2
2026-08-01T20:32:00+00:00,NetworkOut,36100483.2
2026-08-01T20:37:00+00:00,NetworkOut,42860923.0
2026-08-01T20:42:00+00:00,NetworkOut,36231407.6
2026-08-01T20:47:00+00:00,NetworkOut,36144562.4
2026-08-01T20:52:00+00:00,NetworkOut,39688363.2
2026-08-01T20:57:00+00:00,NetworkOut,36089697.6
2026-08-01T21:02:00+00:00,NetworkOut,36209272.2
2026-08-01T21:07:00+00:00,NetworkOut,42880853.2
2026-08-01T21:12:00+00:00,NetworkOut,36191258.8
2026-08-01T21:17:00+00:00,NetworkOut,35999191.0
2026-08-01T21:22:00+00:00,NetworkOut,39805810.6
2026-08-01T21:27:00+00:00,NetworkOut,36117231.0
2026-08-01T21:32:00+00:00,NetworkOut,36095384.8
2026-08-01T21:37:00+00:00,NetworkOut,42695795.0
2026-08-01T21:42:00+00:00,NetworkOut,36219097.6
2026-08-01T21:47:00+00:00,NetworkOut,36034783.4
2026-08-01T21:52:00+00:00,NetworkOut,39829691.2
2026-08-01T21:57:00+00:00,NetworkOut,36097178.8
2026-08-01T22:02:00+00:00,NetworkOut,36231433.6
2026-08-01T22:07:00+00:00,NetworkOut,42591212.0
2026-08-01T22:12:00+00:00,NetworkOut,35893472.6
2026-08-01T22:17:00+00:00,NetworkOut,35994205.4
2026-08-01T22:22:00+00:00,NetworkOut,39816693.2
2026-08-01T22:27:00+00:00,NetworkOut,36074561.4
2026-08-01T22:32:00+00:00,NetworkOut,36088344.6
2026-08-01T22:37:00+00:00,NetworkOut,42782601.6
2026-08-01T22:42:00+00:00,NetworkOut,36215501.2
2026-08-01T22:47:00+00:00,NetworkOut,36101351.4
2026-08-01T22:52:00+00:00,NetworkOut,39639275.8
2026-08-01T22:57:00+00:00,NetworkOut,36120616.2
2026-08-01T23:02:00+00:00,NetworkOut,36196500.0
2026-08-01T23:07:00+00:00,NetworkOut,42798014.8
2026-08-01T23:12:00+00:00,NetworkOut,36067160.2
2026-08-01T23:17:00+00:00,NetworkOut,36120351.4
2026-08-01T23:22:00+00:00,NetworkOut,39882474.8
2026-08-01T23:27:00+00:00,NetworkOut,36111210.0
2026-08-01T23:32:00+00:00,NetworkOut,36060842.4
2026-08-01T23:37:00+00:00,NetworkOut,42858608.4
2026-08-01T23:42:00+00:00,NetworkOut,36281867.0
2026-08-01T23:47:00+00:00,NetworkOut,35984541.4
2026-08-01T23:52:00+00:00,NetworkOut,39828229.2
2026-08-01T23:57:00+00:00,NetworkOut,36214581.8
2026-08-02T00:02:00+00:00,NetworkOut,35985668.0
2026-08-02T00:07:00+00:00,NetworkOut,42782725.4
2026-08-02T00:12:00+00:00,NetworkOut,36019493.4
2026-08-02T00:17:00+00:00,NetworkOut,35811805.2
2026-08-02T00:22:00+00:00,NetworkOut,39682997.8
2026-08-02T00:27:00+00:00,NetworkOut,36223191.8
2026-08-02T00:32:00+00:00,NetworkOut,36125659.6
2026-08-02T00:37:00+00:00,NetworkOut,42944721.6
2026-08-02T00:42:00+00:00,NetworkOut,36151441.2
2026-08-02T00:47:00+00:00,NetworkOut,36268076.4
2026-08-02T00:52:00+00:00,NetworkOut,42477487.8
2026-08-02T00:57:00+00:00,NetworkOut,36044166.4
2026-08-02T01:02:00+00:00,NetworkOut,35949862.2
2026-08-02T01:07:00+00:00,NetworkOut,39647333.2
2026-08-02T01:12:00+00:00,NetworkOut,35749807.4
2026-08-02T01:17:00+00:00,NetworkOut,36038083.4
2026-08-02T01:22:00+00:00,NetworkOut,42514222.0
2026-08-02T01:27:00+00:00,NetworkOut,36123083.0
2026-08-02T01:32:00+00:00,NetworkOut,36266099.4
2026-08-02T01:37:00+00:00,NetworkOut,39745092.0
2026-08-02T01:42:00+00:00,NetworkOut,36110819.2
2026-08-02T01:47:00+00:00,NetworkOut,36246661.4
2026-08-02T01:52:00+00:00,NetworkOut,42849728.2
2026-08-02T01:57:00+00:00,NetworkOut,36031902.8
2026-08-02T02:02:00+00:00,NetworkOut,36143000.0
2026-08-02T02:07:00+00:00,NetworkOut,39719867.2
2026-08-02T02:12:00+00:00,NetworkOut,36042644.4
2026-08-02T02:17:00+00:00,NetworkOut,36143262.2
2026-08-02T02:22:00+00:00,NetworkOut,42766175.8
2026-08-02T02:27:00+00:00,NetworkOut,35994360.6
2026-08-02T02:32:00+00:00,NetworkOut,36119939.4
2026-08-02T02:37:00+00:00,NetworkOut,39715776.4
2026-08-02T02:42:00+00:00,NetworkOut,36048724.8
2026-08-02T02:47:00+00:00,NetworkOut,36142903.2
2026-08-02T02:52:00+00:00,NetworkOut,42717416.2
2026-08-02T02:57:00+00:00,NetworkOut,36108285.6
2026-08-02T03:02:00+00:00,NetworkOut,36045188.4
2026-08-02T03:07:00+00:00,NetworkOut,39784088.0
2026-08-02T03:12:00+00:00,NetworkOut,35984520.4
2026-08-02T03:17:00+00:00,NetworkOut,36157946.6
2026-08-02T03:22:00+00:00,NetworkOut,42764763.8
2026-08-02T03:27:00+00:00,NetworkOut,36042587.4
2026-08-02T03:32:00+00:00,NetworkOut,35974688.8
2026-08-02T03:37:00+00:00,NetworkOut,39676037.6
2026-08-02T03:42:00+00:00,NetworkOut,36067053.6
2026-08-02T03:47:00+00:00,NetworkOut,36132077.0
2026-08-02T03:52:00+00:00,NetworkOut,42559178.6
2026-08-02T03:57:00+00:00,NetworkOut,36087570.2
2026-08-02T04:02:00+00:00,NetworkOut,35912431.0
2026-08-02T04:07:00+00:00,NetworkOut,39761468.2
2026-08-02T04:12:00+00:00,NetworkOut,36085293.0
2026-08-02T04:17:00+00:00,NetworkOut,35882264.6
2026-08-02T04:22:00+00:00,NetworkOut,42567963.2
2026-08-02T04:27:00+00:00,NetworkOut,36118949.4
2026-08-02T04:32:00+00:00,NetworkOut,35946117.6
2026-08-02T04:37:00+00:00,NetworkOut,39588761.0
2026-08-02T04:42:00+00:00,NetworkOut,35937965.4
2026-08-02T04:47:00+00:00,NetworkOut,36229441.0
2026-08-02T04:52:00+00:00,NetworkOut,36016375.0
2026-08-02T04:57:00+00:00,NetworkOut,42769027.0
2026-08-02T05:02:00+00:00,NetworkOut,36062938.6
2026-08-02T05:07:00+00:00,NetworkOut,36107326.6
2026-08-02T05:12:00+00:00,NetworkOut,39802283.2
2026-08-02T05:17:00+00:00,NetworkOut,35864641.2
2026-08-02T05:22:00+00:00,NetworkOut,35979311.2
2026-08-02T05:27:00+00:00,NetworkOut,42690594.4
2026-08-02T05:32:00+00:00,NetworkOut,35996600.0
2026-08-02T05:37:00+00:00,NetworkOut,35930866.4
2026-08-02T05:42:00+00:00,NetworkOut,39709684.6
2026-08-02T05:47:00+00:00,NetworkOut,35865097.8
2026-08-02T05:52:00+00:00,NetworkOut,35929560.4
2026-08-02T05:57:00+00:00,NetworkOut,42941539.0
2026-08-02T06:02:00+00:00,NetworkOut,36191284.8
2026-08-02T06:07:00+00:00,NetworkOut,36186267.4
2026-08-02T06:12:00+00:00,NetworkOut,42750415.4
2026-08-02T06:17:00+00:00,NetworkOut,36190694.2
2026-08-02T06:22:00+00:00,NetworkOut,36211117.8
2026-08-02T06:27:00+00:00,NetworkOut,39814388.2
2026-08-02T06:32:00+00:00,NetworkOut,36167069.8
2026-08-02T06:37:00+00:00,NetworkOut,36154367.4
2026-08-02T06:42:00+00:00,NetworkOut,42696151.2
2026-08-02T06:47:00+00:00,NetworkOut,36130929.0
2026-08-02T06:52:00+00:00,NetworkOut,36273018.8
2026-08-02T06:57:00+00:00,NetworkOut,39742720.2
2026-08-02T07:02:00+00:00,NetworkOut,36165520.0
2026-08-02T07:07:00+00:00,NetworkOut,36144597.2
2026-08-02T07:12:00+00:00,NetworkOut,42646296.8
2026-08-02T07:17:00+00:00,NetworkOut,36189858.6
2026-08-02T07:22:00+00:00,NetworkOut,36081643.6
2026-08-02T07:27:00+00:00,NetworkOut,39444483.8
2026-08-02T07:32:00+00:00,NetworkOut,36136166.6
2026-08-02T07:37:00+00:00,NetworkOut,35708748.0
2026-08-02T07:42:00+00:00,NetworkOut,42507854.0
2026-08-02T07:47:00+00:00,NetworkOut,36081695.0
2026-08-02T07:52:00+00:00,NetworkOut,35946260.8
2026-08-02T07:57:00+00:00,NetworkOut,39119987.4
2026-08-02T08:02:00+00:00,NetworkOut,35743193.6
2026-08-02T08:07:00+00:00,NetworkOut,36250272.0
2026-08-02T08:12:00+00:00,NetworkOut,42164948.0
2026-08-02T08:17:00+00:00,NetworkOut,35673323.8
2026-08-02T08:22:00+00:00,NetworkOut,35942551.6
2026-08-02T08:27:00+00:00,NetworkOut,39265280.4
2026-08-02T08:32:00+00:00,NetworkOut,35674920.0
2026-08-02T08:37:00+00:00,NetworkOut,35919536.0
2026-08-02T08:42:00+00:00,NetworkOut,42246195.2
2026-08-02T08:47:00+00:00,NetworkOut,35796920.2
2026-08-02T08:52:00+00:00,NetworkOut,35964886.8
2026-08-02T08:57:00+00:00,NetworkOut,38777065.4
2026-08-02T09:02:00+00:00,NetworkOut,36107566.6
2026-08-02T09:07:00+00:00,NetworkOut,36083258.8
2026-08-02T09:12:00+00:00,NetworkOut,42830992.8
2026-08-02T09:17:00+00:00,NetworkOut,35947491.6
2026-08-02T09:22:00+00:00,NetworkOut,36193541.8
2026-08-02T09:27:00+00:00,NetworkOut,39533314.6
2026-08-02T09:32:00+00:00,NetworkOut,35969185.8
2026-08-02T09:37:00+00:00,NetworkOut,35813252.4
2026-08-02T09:42:00+00:00,NetworkOut,42765004.8
2026-08-02T09:47:00+00:00,NetworkOut,35930721.4
2026-08-02T09:52:00+00:00,NetworkOut,35820030.0
2026-08-02T09:57:00+00:00,NetworkOut,39610992.2
2026-08-02T10:02:00+00:00,NetworkOut,35780774.0
2026-08-02T10:07:00+00:00,NetworkOut,35726691.2
2026-08-02T10:12:00+00:00,NetworkOut,42193590.4
2026-08-02T10:17:00+00:00,NetworkOut,36072508.2
2026-08-02T10:22:00+00:00,NetworkOut,35853072.8
2026-08-02T10:27:00+00:00,NetworkOut,39408827.4
2026-08-02T10:32:00+00:00,NetworkOut,35574530.8
2026-08-02T10:37:00+00:00,NetworkOut,35190459.2
2026-08-02T10:42:00+00:00,NetworkOut,42808323.4
2026-08-02T10:47:00+00:00,NetworkOut,35185481.4
2026-08-02T10:52:00+00:00,NetworkOut,35748409.8
2026-08-02T10:57:00+00:00,NetworkOut,39438033.4
2026-08-02T11:02:00+00:00,NetworkOut,35827780.2
2026-08-02T11:07:00+00:00,NetworkOut,35922987.4
2026-08-02T11:12:00+00:00,NetworkOut,42575688.2
2026-08-02T11:17:00+00:00,NetworkOut,35829526.4
2026-08-02T11:22:00+00:00,NetworkOut,35933895.2
2026-08-02T11:27:00+00:00,NetworkOut,39321855.0
2026-08-02T11:32:00+00:00,NetworkOut,35847066.0
2026-08-02T11:37:00+00:00,NetworkOut,35886205.8
2026-08-02T11:42:00+00:00,NetworkOut,43018822.6
2026-08-02T11:47:00+00:00,NetworkOut,35355945.6
2026-08-02T11:52:00+00:00,NetworkOut,35509863.2
2026-08-02T11:57:00+00:00,NetworkOut,39820125.8
2026-08-02T12:02:00+00:00,NetworkOut,35429378.4
2026-08-02T12:07:00+00:00,NetworkOut,35302367.6
2026-08-02T12:12:00+00:00,NetworkOut,42497307.4
2026-08-02T12:17:00+00:00,NetworkOut,35360240.6
2026-08-02T12:22:00+00:00,NetworkOut,35654962.0
2026-08-02T12:27:00+00:00,NetworkOut,37310552.6
2026-08-02T12:32:00+00:00,NetworkOut,34899798.6
2026-08-02T12:37:00+00:00,NetworkOut,35418640.2
2026-08-02T12:42:00+00:00,NetworkOut,42075638.4
2026-08-02T12:47:00+00:00,NetworkOut,35526092.0
2026-08-02T12:52:00+00:00,NetworkOut,35131144.4
2026-08-02T12:57:00+00:00,NetworkOut,38053833.2
2026-08-02T13:02:00+00:00,NetworkOut,35958222.8
2026-08-02T13:07:00+00:00,NetworkOut,32649293.8
2026-08-02T13:12:00+00:00,NetworkOut,39320632.4
2026-08-02T13:17:00+00:00,NetworkOut,34215803.4
2026-08-02T13:22:00+00:00,NetworkOut,34821927.8
2026-08-02T13:27:00+00:00,NetworkOut,39835472.6
2026-08-02T13:32:00+00:00,NetworkOut,36075209.6
2026-08-02T13:37:00+00:00,NetworkOut,36218158.4
2026-08-02T13:42:00+00:00,NetworkOut,42738793.2
2026-08-02T13:47:00+00:00,NetworkOut,35999979.6
2026-08-02T13:52:00+00:00,NetworkOut,36258002.6
2026-08-02T13:57:00+00:00,NetworkOut,39813769.0
2026-08-02T14:02:00+00:00,NetworkOut,35320011.0
2026-08-02T14:07:00+00:00,NetworkOut,36208473.6
2026-08-02T14:12:00+00:00,NetworkOut,42857982.0
2026-08-02T14:17:00+00:00,NetworkOut,36176428.0
2026-08-02T14:22:00+00:00,NetworkOut,36141476.0
2026-08-02T14:27:00+00:00,NetworkOut,39835422.8
2026-08-02T14:32:00+00:00,NetworkOut,36144308.0
2026-08-02T14:37:00+00:00,NetworkOut,36095209.4
2026-08-02T14:42:00+00:00,NetworkOut,42746265.0
2026-08-02T14:47:00+00:00,NetworkOut,36145617.2
2026-08-02T14:52:00+00:00,NetworkOut,36178617.8
2026-08-02T14:57:00+00:00,NetworkOut,39745072.2
2026-08-02T15:02:00+00:00,NetworkOut,36106807.2
2026-08-02T15:07:00+00:00,NetworkOut,36215015.2
2026-08-02T15:12:00+00:00,NetworkOut,42833512.4
2026-08-02T15:17:00+00:00,NetworkOut,35984225.4
2026-08-02T15:22:00+00:00,NetworkOut,36255802.6
2026-08-02T15:27:00+00:00,NetworkOut,39760348.8
2026-08-02T15:32:00+00:00,NetworkOut,36337774.4
2026-08-02T15:37:00+00:00,NetworkOut,36179306.0
2026-08-02T15:42:00+00:00,NetworkOut,42852131.8
2026-08-02T15:47:00+00:00,NetworkOut,36153577.2
2026-08-02T15:52:00+00:00,NetworkOut,36056243.6
2026-08-02T15:57:00+00:00,NetworkOut,42800519.4
2026-08-02T16:02:00+00:00,NetworkOut,36148083.2
2026-08-02T16:07:00+00:00,NetworkOut,36086150.6
2026-08-02T16:12:00+00:00,NetworkOut,39807958.6
2026-08-02T16:17:00+00:00,NetworkOut,36178430.8
2026-08-02T16:22:00+00:00,NetworkOut,36160154.4
2026-08-02T16:27:00+00:00,NetworkOut,42661141.4
2026-08-02T16:32:00+00:00,NetworkOut,36212284.0
2026-08-02T16:37:00+00:00,NetworkOut,36002790.6
2026-08-02T16:42:00+00:00,NetworkOut,39852795.2
2026-08-02T16:47:00+00:00,NetworkOut,36206325.8
2026-08-02T16:52:00+00:00,NetworkOut,36134636.2
2026-08-02T16:57:00+00:00,NetworkOut,42878640.0
2026-08-02T17:02:00+00:00,NetworkOut,36123904.4
2026-08-02T17:07:00+00:00,NetworkOut,36184412.8
2026-08-02T17:12:00+00:00,NetworkOut,39872678.8
2026-08-02T17:17:00+00:00,NetworkOut,35991037.8
2026-08-02T17:22:00+00:00,NetworkOut,36291643.0
2026-08-02T17:27:00+00:00,NetworkOut,42706841.0
2026-08-02T17:32:00+00:00,NetworkOut,36027367.4
2026-08-02T17:37:00+00:00,NetworkOut,36186054.4
2026-08-02T17:42:00+00:00,NetworkOut,38829808.0
2026-08-02T17:47:00+00:00,NetworkOut,35230140.2
2026-08-02T17:52:00+00:00,NetworkOut,35215861.8
2026-08-02T17:57:00+00:00,NetworkOut,42821221.6
2026-08-02T18:02:00+00:00,NetworkOut,35295682.8
2026-08-02T18:07:00+00:00,NetworkOut,35269371.8
2026-08-02T18:12:00+00:00,NetworkOut,39657275.8
2026-08-02T18:17:00+00:00,NetworkOut,36176324.4
2026-08-02T18:22:00+00:00,NetworkOut,36192510.2
2026-08-02T18:27:00+00:00,NetworkOut,42673686.0
2026-08-02T18:32:00+00:00,NetworkOut,36190936.6
2026-08-02T18:37:00+00:00,NetworkOut,36158112.0
2026-08-02T18:42:00+00:00,NetworkOut,39609682.6
2026-08-02T18:47:00+00:00,NetworkOut,36212649.8
2026-08-02T18:52:00+00:00,NetworkOut,36086453.6
2026-08-02T18:57:00+00:00,NetworkOut,42759408.8
2026-08-02T19:02:00+00:00,NetworkOut,36004476.4
2026-08-02T19:07:00+00:00,NetworkOut,36152350.6
2026-08-02T19:12:00+00:00,NetworkOut,39844851.6
2026-08-02T19:17:00+00:00,NetworkOut,36023309.0
2026-08-02T19:22:00+00:00,NetworkOut,36192085.4
2026-08-02T19:27:00+00:00,NetworkOut,42852561.2
2026-08-02T19:32:00+00:00,NetworkOut,36112046.0
2026-08-02T19:37:00+00:00,NetworkOut,36238891.6
2026-08-02T19:42:00+00:00,NetworkOut,39810530.6
2026-08-02T19:47:00+00:00,NetworkOut,36176109.4
2026-08-02T19:52:00+00:00,NetworkOut,36231974.8
2026-08-02T19:57:00+00:00,NetworkOut,42237853.4
2026-08-02T20:02:00+00:00,NetworkOut,35356468.0
2026-08-02T20:07:00+00:00,NetworkOut,35646380.2
2026-08-02T20:12:00+00:00,NetworkOut,39841996.0
2026-08-02T20:17:00+00:00,NetworkOut,35470448.4
2026-08-02T20:22:00+00:00,NetworkOut,35693079.4
2026-08-02T20:27:00+00:00,NetworkOut,42259026.6
2026-08-02T20:32:00+00:00,NetworkOut,35758750.8
2026-08-02T20:37:00+00:00,NetworkOut,35596292.6
2026-08-02T20:42:00+00:00,NetworkOut,39334569.4
2026-08-02T20:47:00+00:00,NetworkOut,35594737.4
2026-08-02T20:52:00+00:00,NetworkOut,36168304.2
2026-08-02T20:57:00+00:00,NetworkOut,42361046.2
2026-08-02T21:02:00+00:00,NetworkOut,35659308.2
2026-08-02T21:07:00+00:00,NetworkOut,35869978.0
2026-08-02T21:12:00+00:00,NetworkOut,39485520.6
2026-08-02T21:17:00+00:00,NetworkOut,35737317.4
2026-08-02T21:22:00+00:00,NetworkOut,36131090.2
2026-08-02T21:27:00+00:00,NetworkOut,42672226.6
2026-08-02T21:32:00+00:00,NetworkOut,36025532.6
2026-08-02T21:37:00+00:00,NetworkOut,36181505.8
2026-08-02T21:42:00+00:00,NetworkOut,39851575.4
2026-08-02T21:47:00+00:00,NetworkOut,36119679.6
2026-08-02T21:52:00+00:00,NetworkOut,36141660.0
2026-08-02T21:57:00+00:00,NetworkOut,42864720.0
2026-08-02T22:02:00+00:00,NetworkOut,36028273.4
2026-08-02T22:07:00+00:00,NetworkOut,36290294.0
2026-08-02T22:12:00+00:00,NetworkOut,42880455.2
2026-08-02T22:17:00+00:00,NetworkOut,36324797.2
2026-08-02T22:22:00+00:00,NetworkOut,36079178.8
2026-08-02T22:27:00+00:00,NetworkOut,39709288.4
2026-08-02T22:32:00+00:00,NetworkOut,35999707.6
2026-08-02T22:37:00+00:00,NetworkOut,36165570.0
2026-08-02T22:42:00+00:00,NetworkOut,42625726.2
2026-08-02T22:47:00+00:00,NetworkOut,36256094.6
2026-08-02T22:52:00+00:00,NetworkOut,36223820.2
2026-08-02T22:57:00+00:00,NetworkOut,39762834.8
2026-08-02T23:02:00+00:00,NetworkOut,35951456.0
2026-08-02T23:07:00+00:00,NetworkOut,35755675.8
2026-08-02T23:12:00+00:00,NetworkOut,42742796.2
2026-08-02T23:17:00+00:00,NetworkOut,35898013.4
2026-08-02T23:22:00+00:00,NetworkOut,35777760.0
2026-08-02T23:27:00+00:00,NetworkOut,39576747.8
2026-08-02T23:32:00+00:00,NetworkOut,35758333.0
2026-08-02T23:37:00+00:00,NetworkOut,35914903.6
2026-08-02T23:42:00+00:00,NetworkOut,42673826.2
2026-08-02T23:47:00+00:00,NetworkOut,35942282.8
2026-08-02T23:52:00+00:00,NetworkOut,36081926.6
2026-08-02T23:57:00+00:00,NetworkOut,39642000.8
2026-08-03T00:02:00+00:00,NetworkOut,35721524.6
2026-08-03T00:07:00+00:00,NetworkOut,35965125.2
2026-08-03T00:12:00+00:00,NetworkOut,42289120.0
2026-08-03T00:17:00+00:00,NetworkOut,35794858.2
2026-08-03T00:22:00+00:00,NetworkOut,35795994.2
2026-08-03T00:27:00+00:00,NetworkOut,39392136.0
2026-08-03T00:32:00+00:00,NetworkOut,36022192.4
2026-08-03T00:37:00+00:00,NetworkOut,35824082.0
2026-08-03T00:42:00+00:00,NetworkOut,42308403.2
2026-08-03T00:47:00+00:00,NetworkOut,35972388.2
2026-08-03T00:52:00+00:00,NetworkOut,35656212.8
2026-08-03T00:57:00+00:00,NetworkOut,39526868.2
2026-08-03T01:02:00+00:00,NetworkOut,35723162.0
2026-08-03T01:07:00+00:00,NetworkOut,36069259.2
2026-08-03T01:12:00+00:00,NetworkOut,42389073.2
2026-08-03T01:17:00+00:00,NetworkOut,35876583.4
2026-08-03T01:22:00+00:00,NetworkOut,35877594.2
2026-08-03T01:27:00+00:00,NetworkOut,39324477.2
2026-08-03T01:32:00+00:00,NetworkOut,36024786.4
2026-08-03T01:37:00+00:00,NetworkOut,36237821.6
2026-08-03T01:42:00+00:00,NetworkOut,42167766.6
2026-08-03T01:47:00+00:00,NetworkOut,36260992.2
2026-08-03T01:52:00+00:00,NetworkOut,36013529.0
2026-08-03T01:57:00+00:00,NetworkOut,39852769.4
2026-08-03T02:02:00+00:00,NetworkOut,36160514.4
2026-08-03T02:07:00+00:00,NetworkOut,36155653.4
2026-08-03T02:12:00+00:00,NetworkOut,42590279.2
2026-08-03T02:17:00+00:00,NetworkOut,36011858.0
2026-08-03T02:22:00+00:00,NetworkOut,35742537.8
2026-08-03T02:27:00+00:00,NetworkOut,39350376.4
2026-08-03T02:32:00+00:00,NetworkOut,36082266.2
2026-08-03T02:37:00+00:00,NetworkOut,35895184.8
2026-08-03T02:42:00+00:00,NetworkOut,42251959.6
2026-08-03T02:47:00+00:00,NetworkOut,35877631.0
2026-08-03T02:52:00+00:00,NetworkOut,35953461.8
2026-08-03T02:57:00+00:00,NetworkOut,39223482.6
2026-08-03T03:02:00+00:00,NetworkOut,35654516.4
2026-08-03T03:07:00+00:00,NetworkOut,35924162.2
2026-08-03T03:12:00+00:00,NetworkOut,42610966.8
2026-08-03T03:17:00+00:00,NetworkOut,35976656.2
2026-08-03T03:22:00+00:00,NetworkOut,36033260.8
2026-08-03T03:27:00+00:00,NetworkOut,39036526.4
2026-08-03T03:32:00+00:00,NetworkOut,36224948.4
2026-08-03T03:37:00+00:00,NetworkOut,36060138.0
2026-08-03T03:42:00+00:00,NetworkOut,42711591.0
2026-08-03T03:47:00+00:00,NetworkOut,35905419.0
2026-08-03T03:52:00+00:00,NetworkOut,35995510.4
2026-08-03T03:57:00+00:00,NetworkOut,39807581.4
2026-08-03T04:02:00+00:00,NetworkOut,36024573.8
2026-08-03T04:07:00+00:00,NetworkOut,35917584.2
2026-08-03T04:12:00+00:00,NetworkOut,42760428.8
2026-08-03T04:17:00+00:00,NetworkOut,36116398.0
2026-08-03T04:22:00+00:00,NetworkOut,35986029.8
2026-08-03T04:27:00+00:00,NetworkOut,42612526.4
2026-08-03T04:32:00+00:00,NetworkOut,36177887.8
2026-08-03T04:37:00+00:00,NetworkOut,35909150.4
2026-08-03T04:42:00+00:00,NetworkOut,39749984.8
2026-08-03T04:47:00+00:00,NetworkOut,36114352.8
2026-08-03T04:52:00+00:00,NetworkOut,36183452.4
2026-08-03T04:57:00+00:00,NetworkOut,42636689.0
2026-08-03T05:02:00+00:00,NetworkOut,36086089.0
2026-08-03T05:07:00+00:00,NetworkOut,35953492.0
2026-08-03T05:12:00+00:00,NetworkOut,39799936.8
2026-08-03T05:17:00+00:00,NetworkOut,35980688.8
2026-08-03T05:22:00+00:00,NetworkOut,36057006.6
2026-08-03T05:27:00+00:00,NetworkOut,42494543.8
2026-08-03T05:32:00+00:00,NetworkOut,36138771.4
2026-08-03T05:37:00+00:00,NetworkOut,35977269.0
2026-08-03T05:42:00+00:00,NetworkOut,39610672.6
2026-08-03T05:47:00+00:00,NetworkOut,35995821.8
2026-08-03T05:52:00+00:00,NetworkOut,36101278.0
2026-08-03T05:57:00+00:00,NetworkOut,42473821.6
2026-08-03T06:02:00+00:00,NetworkOut,35756657.6
2026-08-03T06:07:00+00:00,NetworkOut,35793917.6
2026-08-03T06:12:00+00:00,NetworkOut,38860544.2
2026-08-03T06:17:00+00:00,NetworkOut,35984865.4
2026-08-03T06:22:00+00:00,NetworkOut,35689567.6
2026-08-03T06:27:00+00:00,NetworkOut,42227062.0
2026-08-03T06:32:00+00:00,NetworkOut,35365181.8
2026-08-03T06:37:00+00:00,NetworkOut,35694752.2
2026-08-03T06:42:00+00:00,NetworkOut,39186509.4
2026-08-03T06:47:00+00:00,NetworkOut,35646308.2
2026-08-03T06:52:00+00:00,NetworkOut,36041770.0
2026-08-03T06:57:00+00:00,NetworkOut,42229271.2
2026-08-03T07:02:00+00:00,NetworkOut,35979878.0
2026-08-03T07:07:00+00:00,NetworkOut,35935276.0
2026-08-03T07:12:00+00:00,NetworkOut,39436677.2
2026-08-03T07:17:00+00:00,NetworkOut,35591926.2
2026-08-03T07:22:00+00:00,NetworkOut,35894816.2
2026-08-03T07:27:00+00:00,NetworkOut,42287499.4
2026-08-03T07:32:00+00:00,NetworkOut,35638649.6
2026-08-03T07:37:00+00:00,NetworkOut,35635503.8
2026-08-03T07:42:00+00:00,NetworkOut,39373528.4
2026-08-03T07:47:00+00:00,NetworkOut,35251919.6
2026-08-03T07:52:00+00:00,NetworkOut,35468525.0
2026-08-03T07:57:00+00:00,NetworkOut,42610681.0
2026-08-03T08:02:00+00:00,NetworkOut,34558983.0
2026-08-03T08:07:00+00:00,NetworkOut,36050045.6
2026-08-03T08:12:00+00:00,NetworkOut,39417662.2
2026-08-03T08:17:00+00:00,NetworkOut,36057069.2
2026-08-03T08:22:00+00:00,NetworkOut,35795008.0
2026-08-03T08:27:00+00:00,NetworkOut,42566842.2
2026-08-03T08:32:00+00:00,NetworkOut,36162961.2
2026-08-03T08:37:00+00:00,NetworkOut,36044229.4
2026-08-03T08:42:00+00:00,NetworkOut,39733735.2
2026-08-03T08:47:00+00:00,NetworkOut,36048130.8
2026-08-03T08:52:00+00:00,NetworkOut,36029952.0
2026-08-03T08:57:00+00:00,NetworkOut,42806371.2
2026-08-03T09:02:00+00:00,NetworkOut,36116441.4
2026-08-03T09:07:00+00:00,NetworkOut,35914517.2
2026-08-03T09:12:00+00:00,NetworkOut,39632254.6
2026-08-03T09:17:00+00:00,NetworkOut,36040717.8
2026-08-03T09:22:00+00:00,NetworkOut,35838324.8
2026-08-03T09:27:00+00:00,NetworkOut,42664190.6
2026-08-03T09:32:00+00:00,NetworkOut,35917853.6
2026-08-03T09:37:00+00:00,NetworkOut,35810697.8
2026-08-03T09:42:00+00:00,NetworkOut,39554189.0
2026-08-03T09:47:00+00:00,NetworkOut,35660180.6
2026-08-03T09:52:00+00:00,NetworkOut,36109102.6
2026-08-03T09:57:00+00:00,NetworkOut,42431487.0
2026-08-03T10:02:00+00:00,NetworkOut,35676964.4
2026-08-03T10:07:00+00:00,NetworkOut,35684737.6
2026-08-03T10:12:00+00:00,NetworkOut,39511671.4
2026-08-03T10:17:00+00:00,NetworkOut,35348700.0
2026-08-03T10:22:00+00:00,NetworkOut,36127922.6
2026-08-03T10:27:00+00:00,NetworkOut,42195216.4
2026-08-03T10:32:00+00:00,NetworkOut,35838668.4
2026-08-03T10:37:00+00:00,NetworkOut,35501467.8
2026-08-03T10:42:00+00:00,NetworkOut,38922231.6
2026-08-03T10:47:00+00:00,NetworkOut,35866010.2
2026-08-03T10:52:00+00:00,NetworkOut,36015203.6
2026-08-03T10:57:00+00:00,NetworkOut,42445219.0
2026-08-03T11:02:00+00:00,NetworkOut,35309504.6
2026-08-03T11:07:00+00:00,NetworkOut,35382169.8
2026-08-03T11:12:00+00:00,NetworkOut,39087946.6
2026-08-03T11:17:00+00:00,NetworkOut,36124668.0
2026-08-03T11:22:00+00:00,NetworkOut,35632748.0
2026-08-03T11:27:00+00:00,NetworkOut,42068089.2
2026-08-03T11:32:00+00:00,NetworkOut,35380420.6
2026-08-03T11:37:00+00:00,NetworkOut,35276410.2
2026-08-03T11:42:00+00:00,NetworkOut,39750247.0
2026-08-03T11:47:00+00:00,NetworkOut,35744295.4
2026-08-03T11:52:00+00:00,NetworkOut,35583480.4
2026-08-03T11:57:00+00:00,NetworkOut,41757148.8
2026-08-03T12:02:00+00:00,NetworkOut,35496311.2
2026-08-03T12:07:00+00:00,NetworkOut,33957482.0
2026-08-03T12:12:00+00:00,NetworkOut,37356586.6
2026-08-03T12:17:00+00:00,NetworkOut,33695094.0
2026-08-03T12:22:00+00:00,NetworkOut,35379766.8
2026-08-03T12:27:00+00:00,NetworkOut,41030206.4
2026-08-03T12:32:00+00:00,NetworkOut,33950823.0
2026-08-03T12:37:00+00:00,NetworkOut,34766496.2
2026-08-03T12:42:00+00:00,NetworkOut,38515901.4
2026-08-03T12:47:00+00:00,NetworkOut,32743287.8
2026-08-03T12:52:00+00:00,NetworkOut,35401742.8
2026-08-03T12:57:00+00:00,NetworkOut,41568059.0
2026-08-03T13:02:00+00:00,NetworkOut,34689252.4
2026-08-03T13:07:00+00:00,NetworkOut,36062873.2
2026-08-03T13:12:00+00:00,NetworkOut,38535663.6
2026-08-03T13:17:00+00:00,NetworkOut,36015668.0
2026-08-03T13:22:00+00:00,NetworkOut,35847119.4
2026-08-03T13:27:00+00:00,NetworkOut,42642269.0
2026-08-03T13:32:00+00:00,NetworkOut,36049423.4
2026-08-03T13:37:00+00:00,NetworkOut,35344774.2
2026-08-03T13:42:00+00:00,NetworkOut,35776542.4
2026-08-03T13:47:00+00:00,NetworkOut,37970170.4
2026-08-03T13:52:00+00:00,NetworkOut,36053555.4
2026-08-03T13:57:00+00:00,NetworkOut,35436954.6
2026-08-03T14:02:00+00:00,NetworkOut,42583527.0
2026-08-03T14:07:00+00:00,NetworkOut,35800445.4
2026-08-03T14:12:00+00:00,NetworkOut,36187596.4
2026-08-03T14:17:00+00:00,NetworkOut,39847256.2
2026-08-03T14:22:00+00:00,NetworkOut,36130301.4
2026-08-03T14:27:00+00:00,NetworkOut,36200649.6
2026-08-03T14:32:00+00:00,NetworkOut,42838270.2
2026-08-03T14:37:00+00:00,NetworkOut,36081471.2
2026-08-03T14:42:00+00:00,NetworkOut,36258444.2
2026-08-03T14:47:00+00:00,NetworkOut,39729837.2
2026-08-03T14:52:00+00:00,NetworkOut,36079994.2
2026-08-03T14:57:00+00:00,NetworkOut,36146539.6
2026-08-03T15:02:00+00:00,NetworkOut,42840078.6
2026-08-03T15:07:00+00:00,NetworkOut,36187591.4
2026-08-03T15:12:00+00:00,NetworkOut,36127869.2
2026-08-03T15:17:00+00:00,NetworkOut,39732708.4
2026-08-03T15:22:00+00:00,NetworkOut,36264663.8
2026-08-03T15:27:00+00:00,NetworkOut,36214131.8
2026-08-03T15:32:00+00:00,NetworkOut,42832335.4
2026-08-03T15:37:00+00:00,NetworkOut,36147578.0
2026-08-03T15:42:00+00:00,NetworkOut,36123446.0
2026-08-03T15:47:00+00:00,NetworkOut,39689651.6
2026-08-03T15:52:00+00:00,NetworkOut,36229053.8
2026-08-03T15:57:00+00:00,NetworkOut,36041472.2
2026-08-03T16:02:00+00:00,NetworkOut,42773710.2
2026-08-03T16:07:00+00:00,NetworkOut,35964991.8
2026-08-03T16:12:00+00:00,NetworkOut,35930193.4
2026-08-03T16:17:00+00:00,NetworkOut,39878649.6
2026-08-03T16:22:00+00:00,NetworkOut,36100066.0
2026-08-03T16:27:00+00:00,NetworkOut,36173674.6
2026-08-03T16:32:00+00:00,NetworkOut,42805695.2
2026-08-03T16:37:00+00:00,NetworkOut,35873860.4
2026-08-03T16:42:00+00:00,NetworkOut,36126062.2
2026-08-03T16:47:00+00:00,NetworkOut,42638415.6
2026-08-03T16:52:00+00:00,NetworkOut,36116610.6
2026-08-03T16:57:00+00:00,NetworkOut,36029775.0
2026-08-03T17:02:00+00:00,NetworkOut,39767757.8
2026-08-03T17:07:00+00:00,NetworkOut,36210534.2
2026-08-03T17:12:00+00:00,NetworkOut,35918653.2
2026-08-03T17:17:00+00:00,NetworkOut,42788728.2
2026-08-03T17:22:00+00:00,NetworkOut,36117227.8
2026-08-03T17:27:00+00:00,NetworkOut,36145178.8
2026-08-03T17:32:00+00:00,NetworkOut,39709063.8
2026-08-03T17:37:00+00:00,NetworkOut,36120930.2
2026-08-03T17:42:00+00:00,NetworkOut,36282607.6
2026-08-03T17:47:00+00:00,NetworkOut,42778632.6
2026-08-03T17:52:00+00:00,NetworkOut,36109081.4
2026-08-03T17:57:00+00:00,NetworkOut,36060628.6
2026-08-03T18:02:00+00:00,NetworkOut,39737907.8
2026-08-03T18:07:00+00:00,NetworkOut,36192430.8
2026-08-03T18:12:00+00:00,NetworkOut,36038954.2
2026-08-03T18:17:00+00:00,NetworkOut,42777351.4
2026-08-03T18:22:00+00:00,NetworkOut,36112918.6
2026-08-03T18:27:00+00:00,NetworkOut,36207517.4
2026-08-03T18:32:00+00:00,NetworkOut,39607158.0
2026-08-03T18:37:00+00:00,NetworkOut,36076976.4
2026-08-03T18:42:00+00:00,NetworkOut,35739625.2
2026-08-03T18:47:00+00:00,NetworkOut,42227578.8
2026-08-03T18:52:00+00:00,NetworkOut,35757704.2
2026-08-03T18:57:00+00:00,NetworkOut,36237420.4
2026-08-03T19:02:00+00:00,NetworkOut,39879230.0
2026-08-03T19:07:00+00:00,NetworkOut,36105435.8
2026-08-03T19:12:00+00:00,NetworkOut,36149465.0
2026-08-03T19:17:00+00:00,NetworkOut,42824708.0
2026-08-03T19:22:00+00:00,NetworkOut,35998520.2
2026-08-03T19:27:00+00:00,NetworkOut,36253226.0
2026-08-03T19:32:00+00:00,NetworkOut,39816387.8
2026-08-03T19:37:00+00:00,NetworkOut,36189703.8
2026-08-03T19:42:00+00:00,NetworkOut,36120362.8
2026-08-03T19:47:00+00:00,NetworkOut,43050079.0
2026-08-03T19:52:00+00:00,NetworkOut,36094397.4
2026-08-03T19:57:00+00:00,NetworkOut,36286897.0
2026-08-03T20:02:00+00:00,NetworkOut,39655716.2
2026-08-03T20:07:00+00:00,NetworkOut,36242147.2
2026-08-03T20:12:00+00:00,NetworkOut,36038306.4
2026-08-03T20:17:00+00:00,NetworkOut,42735576.4
2026-08-03T20:22:00+00:00,NetworkOut,36086864.4
2026-08-03T20:27:00+00:00,NetworkOut,36154761.8
2026-08-03T20:32:00+00:00,NetworkOut,39703337.2
2026-08-03T20:37:00+00:00,NetworkOut,36094293.8
2026-08-03T20:42:00+00:00,NetworkOut,35967599.4
2026-08-03T20:47:00+00:00,NetworkOut,42935550.2
2026-08-03T20:52:00+00:00,NetworkOut,35882384.4
2026-08-03T20:57:00+00:00,NetworkOut,36185009.8
2026-08-03T21:02:00+00:00,NetworkOut,39641786.2
2026-08-03T21:07:00+00:00,NetworkOut,35995786.8
2026-08-03T21:12:00+00:00,NetworkOut,36009672.2
2026-08-03T21:17:00+00:00,NetworkOut,42860086.2
2026-08-03T21:22:00+00:00,NetworkOut,36022968.2
2026-08-03T21:27:00+00:00,NetworkOut,36007540.8
2026-08-03T21:32:00+00:00,NetworkOut,42729854.2
2026-08-03T21:37:00+00:00,NetworkOut,36201407.2
2026-08-03T21:42:00+00:00,NetworkOut,35912394.6
2026-08-03T21:47:00+00:00,NetworkOut,39732196.0
2026-08-03T21:52:00+00:00,NetworkOut,35855359.6
2026-08-03T21:57:00+00:00,NetworkOut,35780748.2
2026-08-03T22:02:00+00:00,NetworkOut,42603753.8
2026-08-03T22:07:00+00:00,NetworkOut,36011685.0
2026-08-03T22:12:00+00:00,NetworkOut,35937572.4
2026-08-03T22:17:00+00:00,NetworkOut,39681108.2
2026-08-03T22:22:00+00:00,NetworkOut,35933383.8
2026-08-03T22:27:00+00:00,NetworkOut,36257230.4
2026-08-03T22:32:00+00:00,NetworkOut,42671315.8
2026-08-03T22:37:00+00:00,NetworkOut,36226210.4
2026-08-03T22:42:00+00:00,NetworkOut,36138512.6
2026-08-03T22:47:00+00:00,NetworkOut,39733713.6
2026-08-03T22:52:00+00:00,NetworkOut,36180792.8
2026-08-03T22:57:00+00:00,NetworkOut,36224636.0
2026-08-03T23:02:00+00:00,NetworkOut,42731487.0
2026-08-03T23:07:00+00:00,NetworkOut,36082346.2
2026-08-03T23:12:00+00:00,NetworkOut,36146410.8
2026-08-03T23:17:00+00:00,NetworkOut,39744809.6
2026-08-03T23:22:00+00:00,NetworkOut,36268491.4
2026-08-03T23:27:00+00:00,NetworkOut,36051711.0
2026-08-03T23:32:00+00:00,NetworkOut,42799791.6
2026-08-03T23:37:00+00:00,NetworkOut,36329806.8
2026-08-03T23:42:00+00:00,NetworkOut,36233767.4
2026-08-03T23:47:00+00:00,NetworkOut,39641252.6
2026-08-03T23:52:00+00:00,NetworkOut,35954455.0
2026-08-03T23:57:00+00:00,NetworkOut,35938616.6
2026-08-04T00:02:00+00:00,NetworkOut,42701554.4
2026-08-04T00:07:00+00:00,NetworkOut,35800727.8
2026-08-04T00:12:00+00:00,NetworkOut,36036443.4
2026-08-04T00:17:00+00:00,NetworkOut,39623506.0
2026-08-04T00:22:00+00:00,NetworkOut,36026375.2
2026-08-04T00:27:00+00:00,NetworkOut,36011501.4
2026-08-04T00:32:00+00:00,NetworkOut,42684340.4
2026-08-04T00:37:00+00:00,NetworkOut,36053734.2
2026-08-04T00:42:00+00:00,NetworkOut,35930421.0
2026-08-04T00:47:00+00:00,NetworkOut,39764846.6
2026-08-04T00:52:00+00:00,NetworkOut,36221267.0
2026-08-04T00:57:00+00:00,NetworkOut,36155363.4
2026-08-04T01:02:00+00:00,NetworkOut,42611856.6
2026-08-04T01:07:00+00:00,NetworkOut,36183535.2
2026-08-04T01:12:00+00:00,NetworkOut,36109334.2
2026-08-04T01:17:00+00:00,NetworkOut,39799456.0
2026-08-04T01:22:00+00:00,NetworkOut,36158537.8
2026-08-04T01:27:00+00:00,NetworkOut,36190568.4
2026-08-04T01:32:00+00:00,NetworkOut,42596853.4
2026-08-04T01:37:00+00:00,NetworkOut,36146685.4
2026-08-04T01:42:00+00:00,NetworkOut,36131045.4
2026-08-04T01:47:00+00:00,NetworkOut,39849609.2
2026-08-04T01:52:00+00:00,NetworkOut,36083180.4
2026-08-04T01:57:00+00:00,NetworkOut,35846747.4
2026-08-04T02:02:00+00:00,NetworkOut,42779643.2
2026-08-04T02:07:00+00:00,NetworkOut,36097420.4
2026-08-04T02:12:00+00:00,NetworkOut,36101968.4
2026-08-04T02:17:00+00:00,NetworkOut,39616661.2
2026-08-04T02:22:00+00:00,NetworkOut,35960651.8
2026-08-04T02:27:00+00:00,NetworkOut,35840913.2
2026-08-04T02:32:00+00:00,NetworkOut,42660533.6
2026-08-04T02:37:00+00:00,NetworkOut,36021470.4
2026-08-04T02:42:00+00:00,NetworkOut,36219124.4
2026-08-04T02:47:00+00:00,NetworkOut,42767065.6
2026-08-04T02:52:00+00:00,NetworkOut,36048547.0
2026-08-04T02:57:00+00:00,NetworkOut,36260148.6
2026-08-04T03:02:00+00:00,NetworkOut,39844653.8
2026-08-04T03:07:00+00:00,NetworkOut,36046569.2
2026-08-04T03:12:00+00:00,NetworkOut,35899795.4
2026-08-04T03:17:00+00:00,NetworkOut,42691480.6
2026-08-04T03:22:00+00:00,NetworkOut,35957830.6
2026-08-04T03:27:00+00:00,NetworkOut,35850892.6
2026-08-04T03:32:00+00:00,NetworkOut,39495268.4
2026-08-04T03:37:00+00:00,NetworkOut,35590360.8
2026-08-04T03:42:00+00:00,NetworkOut,35851595.4
2026-08-04T03:47:00+00:00,NetworkOut,42302002.6
2026-08-04T03:52:00+00:00,NetworkOut,35769374.4
2026-08-04T03:57:00+00:00,NetworkOut,35627731.4
2026-08-04T04:02:00+00:00,NetworkOut,39759530.4
2026-08-04T04:07:00+00:00,NetworkOut,35494329.2
2026-08-04T04:12:00+00:00,NetworkOut,35886899.4
2026-08-04T04:17:00+00:00,NetworkOut,41962088.6
2026-08-04T04:22:00+00:00,NetworkOut,35631737.4
2026-08-04T04:27:00+00:00,NetworkOut,36269839.4
2026-08-04T04:32:00+00:00,NetworkOut,39749622.0
2026-08-04T04:37:00+00:00,NetworkOut,36016563.4
2026-08-04T04:42:00+00:00,NetworkOut,36175298.6
2026-08-04T04:47:00+00:00,NetworkOut,42778892.0
2026-08-04T04:52:00+00:00,NetworkOut,36239528.4
2026-08-04T04:57:00+00:00,NetworkOut,36141509.4
2026-08-04T05:02:00+00:00,NetworkOut,39774485.8
2026-08-04T05:07:00+00:00,NetworkOut,36153925.4
2026-08-04T05:12:00+00:00,NetworkOut,36137134.2
2026-08-04T05:17:00+00:00,NetworkOut,42817852.8
2026-08-04T05:22:00+00:00,NetworkOut,36035661.6
2026-08-04T05:27:00+00:00,NetworkOut,36132246.0
2026-08-04T05:32:00+00:00,NetworkOut,39932273.4
2026-08-04T05:37:00+00:00,NetworkOut,36062014.6
2026-08-04T05:42:00+00:00,NetworkOut,36153244.0
2026-08-04T05:47:00+00:00,NetworkOut,42712141.4
2026-08-04T05:52:00+00:00,NetworkOut,36091974.0
2026-08-04T05:57:00+00:00,NetworkOut,36097105.2
2026-08-04T06:02:00+00:00,NetworkOut,39800714.2
2026-08-04T06:07:00+00:00,NetworkOut,36198053.6
2026-08-04T06:12:00+00:00,NetworkOut,36049995.2
2026-08-04T06:17:00+00:00,NetworkOut,42945002.4
2026-08-04T06:22:00+00:00,NetworkOut,36068432.8
2026-08-04T06:27:00+00:00,NetworkOut,36136067.6
2026-08-04T06:32:00+00:00,NetworkOut,39537893.0
2026-08-04T06:37:00+00:00,NetworkOut,36047842.2
2026-08-04T06:42:00+00:00,NetworkOut,36231586.0
2026-08-04T06:47:00+00:00,NetworkOut,42477645.4
2026-08-04T06:52:00+00:00,NetworkOut,35938343.6
2026-08-04T06:57:00+00:00,NetworkOut,34468294.0
2026-08-04T07:02:00+00:00,NetworkOut,38403350.2
2026-08-04T07:07:00+00:00,NetworkOut,36130784.2
2026-08-04T07:12:00+00:00,NetworkOut,35007819.4
2026-08-04T07:17:00+00:00,NetworkOut,41458292.8
2026-08-04T07:22:00+00:00,NetworkOut,34727288.8
2026-08-04T07:27:00+00:00,NetworkOut,35657280.0
2026-08-04T07:32:00+00:00,NetworkOut,39358540.8
2026-08-04T07:37:00+00:00,NetworkOut,34536379.2
2026-08-04T07:42:00+00:00,NetworkOut,35127653.6
2026-08-04T07:47:00+00:00,NetworkOut,42749168.4
2026-08-04T07:52:00+00:00,NetworkOut,35131883.8
2026-08-04T07:57:00+00:00,NetworkOut,36186799.0
2026-08-04T08:02:00+00:00,NetworkOut,39526344.4
2026-08-04T08:07:00+00:00,NetworkOut,35700956.6
2026-08-04T08:12:00+00:00,NetworkOut,35592442.2
2026-08-04T08:17:00+00:00,NetworkOut,42124172.4
2026-08-04T08:22:00+00:00,NetworkOut,35355791.4
2026-08-04T08:27:00+00:00,NetworkOut,36049705.0
2026-08-04T08:32:00+00:00,NetworkOut,38693801.8
2026-08-04T08:37:00+00:00,NetworkOut,36015090.6
2026-08-04T08:42:00+00:00,NetworkOut,36118796.4
2026-08-04T08:47:00+00:00,NetworkOut,42457953.0
2026-08-04T08:52:00+00:00,NetworkOut,36145516.4
2026-08-04T08:57:00+00:00,NetworkOut,35620843.2
2026-08-04T09:02:00+00:00,NetworkOut,38958663.8
2026-08-04T09:07:00+00:00,NetworkOut,35674873.4
2026-08-04T09:12:00+00:00,NetworkOut,35034407.2
2026-08-04T09:17:00+00:00,NetworkOut,42532404.0
2026-08-04T09:22:00+00:00,NetworkOut,35889778.6
2026-08-04T09:27:00+00:00,NetworkOut,35996994.4
2026-08-04T09:32:00+00:00,NetworkOut,39531691.6
2026-08-04T09:37:00+00:00,NetworkOut,35554304.8
2026-08-04T09:42:00+00:00,NetworkOut,35834399.6
2026-08-04T09:47:00+00:00,NetworkOut,42493055.0
2026-08-04T09:52:00+00:00,NetworkOut,35623482.2
2026-08-04T09:57:00+00:00,NetworkOut,35863133.6
2026-08-04T10:02:00+00:00,NetworkOut,39300782.8
2026-08-04T10:07:00+00:00,NetworkOut,35713063.4
2026-08-04T10:12:00+00:00,NetworkOut,35731460.4
2026-08-04T10:17:00+00:00,NetworkOut,42572452.6
2026-08-04T10:22:00+00:00,NetworkOut,35378257.8
2026-08-04T10:27:00+00:00,NetworkOut,35183838.6
2026-08-04T10:32:00+00:00,NetworkOut,39137681.8
2026-08-04T10:37:00+00:00,NetworkOut,35660125.6
2026-08-04T10:42:00+00:00,NetworkOut,35906136.4
2026-08-04T10:47:00+00:00,NetworkOut,42095356.4
2026-08-04T10:52:00+00:00,NetworkOut,35602459.4
2026-08-04T10:57:00+00:00,NetworkOut,35783241.0
2026-08-04T11:02:00+00:00,NetworkOut,39536099.2
2026-08-04T11:07:00+00:00,NetworkOut,35887817.8
2026-08-04T11:12:00+00:00,NetworkOut,35300709.0
2026-08-04T11:17:00+00:00,NetworkOut,42174821.6
2026-08-04T11:22:00+00:00,NetworkOut,35582464.2
2026-08-04T11:27:00+00:00,NetworkOut,36144342.4
2026-08-04T11:32:00+00:00,NetworkOut,39191433.8
2026-08-04T11:37:00+00:00,NetworkOut,35195799.4
2026-08-04T11:42:00+00:00,NetworkOut,35449111.4
2026-08-04T11:47:00+00:00,NetworkOut,42063488.8
2026-08-04T11:52:00+00:00,NetworkOut,36109084.0
2026-08-04T11:57:00+00:00,NetworkOut,35273860.0
2026-08-04T12:02:00+00:00,NetworkOut,39062142.2
2026-08-04T12:07:00+00:00,NetworkOut,35649907.0
2026-08-04T12:12:00+00:00,NetworkOut,35794182.0
2026-08-04T12:17:00+00:00,NetworkOut,42581424.2
2026-08-04T12:22:00+00:00,NetworkOut,35545408.0
2026-08-04T12:27:00+00:00,NetworkOut,35482822.8
2026-08-04T12:32:00+00:00,NetworkOut,39015541.4
2026-08-04T12:37:00+00:00,NetworkOut,36113757.0
2026-08-04T12:42:00+00:00,NetworkOut,35270415.4
2026-08-04T12:47:00+00:00,NetworkOut,42037096.8
2026-08-04T12:52:00+00:00,NetworkOut,35463501.4
2026-08-04T12:57:00+00:00,NetworkOut,36215810.2
2026-08-04T13:02:00+00:00,NetworkOut,39156173.4
2026-08-04T13:07:00+00:00,NetworkOut,35226527.8
2026-08-04T13:12:00+00:00,NetworkOut,34966564.6
2026-08-04T13:17:00+00:00,NetworkOut,42491677.4
2026-08-04T13:22:00+00:00,NetworkOut,35001653.2
2026-08-04T13:27:00+00:00,NetworkOut,34489641.8
2026-08-04T13:32:00+00:00,NetworkOut,38381973.0
2026-08-04T13:37:00+00:00,NetworkOut,36118493.2
2026-08-04T13:42:00+00:00,NetworkOut,34852300.6
2026-08-04T13:47:00+00:00,NetworkOut,40935437.8
2026-08-04T13:52:00+00:00,NetworkOut,35183645.2
2026-08-04T13:57:00+00:00,NetworkOut,35420314.4
2026-08-04T14:02:00+00:00,NetworkOut,36990182.0
2026-08-04T14:07:00+00:00,NetworkOut,33113323.4
2026-08-04T14:12:00+00:00,NetworkOut,32504207.2
2026-08-04T14:17:00+00:00,NetworkOut,42270933.4
2026-08-04T14:22:00+00:00,NetworkOut,32661690.4
2026-08-04T14:27:00+00:00,NetworkOut,33571942.2
2026-08-04T14:32:00+00:00,NetworkOut,39061223.6
2026-08-04T14:37:00+00:00,NetworkOut,36079382.8
2026-08-04T14:42:00+00:00,NetworkOut,36169567.0
2026-08-04T14:47:00+00:00,NetworkOut,42640899.2
2026-08-04T14:52:00+00:00,NetworkOut,36235421.0
2026-08-04T14:57:00+00:00,NetworkOut,36199851.8
2026-08-04T15:02:00+00:00,NetworkOut,39744467.2
2026-08-04T15:07:00+00:00,NetworkOut,36083845.4
2026-08-04T15:12:00+00:00,NetworkOut,36232495.8
2026-08-04T15:17:00+00:00,NetworkOut,42769319.4
2026-08-04T15:22:00+00:00,NetworkOut,36114985.8
2026-08-04T15:27:00+00:00,NetworkOut,36111673.8
2026-08-04T15:32:00+00:00,NetworkOut,39787446.2
2026-08-04T15:37:00+00:00,NetworkOut,36185190.8
2026-08-04T15:42:00+00:00,NetworkOut,36177838.6
2026-08-04T15:47:00+00:00,NetworkOut,42692286.0
2026-08-04T15:52:00+00:00,NetworkOut,36232483.6
2026-08-04T15:57:00+00:00,NetworkOut,36175538.4
2026-08-04T16:02:00+00:00,NetworkOut,39658636.0
2026-08-04T16:07:00+00:00,NetworkOut,36217462.2
2026-08-04T16:12:00+00:00,NetworkOut,36144179.0
2026-08-04T16:17:00+00:00,NetworkOut,42720128.6
2026-08-04T16:22:00+00:00,NetworkOut,36150833.2
2026-08-04T16:27:00+00:00,NetworkOut,36191467.8
2026-08-04T16:32:00+00:00,NetworkOut,39720886.2
2026-08-04T16:37:00+00:00,NetworkOut,36175609.2
2026-08-04T16:42:00+00:00,NetworkOut,35965593.8
2026-08-04T16:47:00+00:00,NetworkOut,42950079.2
2026-08-04T16:52:00+00:00,NetworkOut,36134213.8
2026-08-04T16:57:00+00:00,NetworkOut,36347062.8
2026-08-04T17:02:00+00:00,NetworkOut,42774502.6
2026-08-04T17:07:00+00:00,NetworkOut,36014419.2
2026-08-04T17:12:00+00:00,NetworkOut,36165504.6
2026-08-04T17:17:00+00:00,NetworkOut,39699977.8
2026-08-04T17:22:00+00:00,NetworkOut,36169989.2
2026-08-04T17:27:00+00:00,NetworkOut,36035297.6
2026-08-04T17:32:00+00:00,NetworkOut,42830906.4
2026-08-04T17:37:00+00:00,NetworkOut,36186480.0
2026-08-04T17:42:00+00:00,NetworkOut,36240696.4
2026-08-04T17:47:00+00:00,NetworkOut,39887502.2
2026-08-04T17:52:00+00:00,NetworkOut,36190025.0
2026-08-04T17:57:00+00:00,NetworkOut,36109578.8
2026-08-04T18:02:00+00:00,NetworkOut,42874301.8
2026-08-04T18:07:00+00:00,NetworkOut,36207453.0
2026-08-04T18:12:00+00:00,NetworkOut,36085643.2
2026-08-04T18:17:00+00:00,NetworkOut,39657521.4
2026-08-04T18:22:00+00:00,NetworkOut,36148998.2
2026-08-04T18:27:00+00:00,NetworkOut,36204301.8
2026-08-04T18:32:00+00:00,NetworkOut,42627548.4
2026-08-04T18:37:00+00:00,NetworkOut,35989129.6
2026-08-04T18:42:00+00:00,NetworkOut,36092368.6
2026-08-04T18:47:00+00:00,NetworkOut,39735421.2
2026-08-04T18:52:00+00:00,NetworkOut,36074438.4
2026-08-04T18:57:00+00:00,NetworkOut,36200306.6
2026-08-04T19:02:00+00:00,NetworkOut,42582341.0
2026-08-04T19:07:00+00:00,NetworkOut,36176995.0
2026-08-04T19:12:00+00:00,NetworkOut,36200842.0
2026-08-04T19:17:00+00:00,NetworkOut,39823372.2
2026-08-04T19:22:00+00:00,NetworkOut,36024755.6
2026-08-04T19:27:00+00:00,NetworkOut,36057134.0
2026-08-04T19:32:00+00:00,NetworkOut,42704726.6
2026-08-04T19:37:00+00:00,NetworkOut,36157192.0
2026-08-04T19:42:00+00:00,NetworkOut,36192636.0
2026-08-04T19:47:00+00:00,NetworkOut,39791426.2
2026-08-04T19:52:00+00:00,NetworkOut,35934666.0
2026-08-04T19:57:00+00:00,NetworkOut,36195099.0
2026-08-04T20:02:00+00:00,NetworkOut,42661777.8
2026-08-04T20:07:00+00:00,NetworkOut,36141047.0
2026-08-04T20:12:00+00:00,NetworkOut,36086428.6
2026-08-04T20:17:00+00:00,NetworkOut,39764906.4
2026-08-04T20:22:00+00:00,NetworkOut,36180035.8
2026-08-04T20:27:00+00:00,NetworkOut,36328770.8
2026-08-04T20:32:00+00:00,NetworkOut,42840916.4
2026-08-04T20:37:00+00:00,NetworkOut,36246439.8
2026-08-04T20:42:00+00:00,NetworkOut,36015196.0
2026-08-04T20:47:00+00:00,NetworkOut,39922379.0
2026-08-04T20:52:00+00:00,NetworkOut,35969429.6
2026-08-04T20:57:00+00:00,NetworkOut,36131129.2
2026-08-04T21:02:00+00:00,NetworkOut,36100758.2
2026-08-04T21:07:00+00:00,NetworkOut,42721726.6
2026-08-04T21:12:00+00:00,NetworkOut,36047770.8
2026-08-04T21:17:00+00:00,NetworkOut,36047423.2
2026-08-04T21:22:00+00:00,NetworkOut,39708535.8
2026-08-04T21:27:00+00:00,NetworkOut,36108774.6
2026-08-04T21:32:00+00:00,NetworkOut,36117881.2
2026-08-04T21:37:00+00:00,NetworkOut,42675527.6
2026-08-04T21:42:00+00:00,NetworkOut,36064072.8
2026-08-04T21:47:00+00:00,NetworkOut,36220443.4
2026-08-04T21:52:00+00:00,NetworkOut,42676964.6
2026-08-04T21:57:00+00:00,NetworkOut,36040112.2
2026-08-04T22:02:00+00:00,NetworkOut,35760768.4
2026-08-04T22:07:00+00:00,NetworkOut,39575573.2
2026-08-04T22:12:00+00:00,NetworkOut,36003601.8
2026-08-04T22:17:00+00:00,NetworkOut,35815165.6
2026-08-04T22:22:00+00:00,NetworkOut,42718809.4
2026-08-04T22:27:00+00:00,NetworkOut,36174814.2
2026-08-04T22:32:00+00:00,NetworkOut,36138431.4
2026-08-04T22:37:00+00:00,NetworkOut,39624706.0
2026-08-04T22:42:00+00:00,NetworkOut,36195950.0
2026-08-04T22:47:00+00:00,NetworkOut,36164158.6
2026-08-04T22:52:00+00:00,NetworkOut,42557827.6
2026-08-04T22:57:00+00:00,NetworkOut,36187653.2
2026-08-04T23:02:00+00:00,NetworkOut,36181087.8
2026-08-04T23:07:00+00:00,NetworkOut,39787817.4
2026-08-04T23:12:00+00:00,NetworkOut,36242232.2
2026-08-04T23:17:00+00:00,NetworkOut,36110546.0
2026-08-04T23:22:00+00:00,NetworkOut,42797639.4
2026-08-04T23:27:00+00:00,NetworkOut,36143073.0
2026-08-04T23:32:00+00:00,NetworkOut,36187806.4
2026-08-04T23:37:00+00:00,NetworkOut,39729352.4
2026-08-04T23:42:00+00:00,NetworkOut,35973715.2
2026-08-04T23:47:00+00:00,NetworkOut,35880198.0
2026-08-04T23:52:00+00:00,NetworkOut,42639044.8
2026-08-04T23:57:00+00:00,NetworkOut,36110457.0
2026-08-05T00:02:00+00:00,NetworkOut,35984000.6
2026-08-05T00:07:00+00:00,NetworkOut,39171003.8
2026-08-05T00:12:00+00:00,NetworkOut,36116107.2
2026-08-05T00:17:00+00:00,NetworkOut,36124991.8
2026-08-05T00:22:00+00:00,NetworkOut,42789343.0
2026-08-05T00:27:00+00:00,NetworkOut,36159755.0
2026-08-05T00:32:00+00:00,NetworkOut,36133214.2
2026-08-05T00:37:00+00:00,NetworkOut,39781516.4
2026-08-05T00:42:00+00:00,NetworkOut,36093111.8
2026-08-05T00:47:00+00:00,NetworkOut,36171444.4
2026-08-05T00:52:00+00:00,NetworkOut,42803474.0
2026-08-05T00:57:00+00:00,NetworkOut,36068705.6
2026-08-05T01:02:00+00:00,NetworkOut,36132911.4
2026-08-05T01:07:00+00:00,NetworkOut,39764626.6
2026-08-05T01:12:00+00:00,NetworkOut,36057620.6
2026-08-05T01:17:00+00:00,NetworkOut,35925469.8
2026-08-05T01:22:00+00:00,NetworkOut,42945028.6
2026-08-05T01:27:00+00:00,NetworkOut,36199809.6
2026-08-05T01:32:00+00:00,NetworkOut,36115734.0
2026-08-05T01:37:00+00:00,NetworkOut,39800686.0
2026-08-05T01:42:00+00:00,NetworkOut,36038987.0
2026-08-05T01:47:00+00:00,NetworkOut,35987604.6
2026-08-05T01:52:00+00:00,NetworkOut,42745772.6
2026-08-05T01:57:00+00:00,NetworkOut,36056676.2
2026-08-05T02:02:00+00:00,NetworkOut,35616910.8
2026-08-05T02:07:00+00:00,NetworkOut,39233393.2
2026-08-05T02:12:00+00:00,NetworkOut,35779355.6
2026-08-05T02:17:00+00:00,NetworkOut,35935757.6
2026-08-05T02:22:00+00:00,NetworkOut,42856464.6
2026-08-05T02:27:00+00:00,NetworkOut,36106764.2
2026-08-05T02:32:00+00:00,NetworkOut,36194769.0
2026-08-05T02:37:00+00:00,NetworkOut,39780379.8
2026-08-05T02:42:00+00:00,NetworkOut,36072149.4
2026-08-05T02:47:00+00:00,NetworkOut,35930004.4
2026-08-05T02:52:00+00:00,NetworkOut,42461163.0
2026-08-05T02:57:00+00:00,NetworkOut,36064664.2
2026-08-05T03:02:00+00:00,NetworkOut,36254575.2
2026-08-05T03:07:00+00:00,NetworkOut,42581712.6
2026-08-05T03:12:00+00:00,NetworkOut,36156761.2
2026-08-05T03:17:00+00:00,NetworkOut,35891797.2
2026-08-05T03:22:00+00:00,NetworkOut,39658586.2
2026-08-05T03:27:00+00:00,NetworkOut,35510763.6
2026-08-05T03:32:00+00:00,NetworkOut,35706751.6
2026-08-05T03:37:00+00:00,NetworkOut,42660908.6
2026-08-05T03:42:00+00:00,NetworkOut,35672232.4
2026-08-05T03:47:00+00:00,NetworkOut,35613928.6
2026-08-05T03:52:00+00:00,NetworkOut,39145462.0
2026-08-05T03:57:00+00:00,NetworkOut,35948371.8
2026-08-05T04:02:00+00:00,NetworkOut,36075141.0
2026-08-05T04:07:00+00:00,NetworkOut,42303358.8
2026-08-05T04:12:00+00:00,NetworkOut,35832317.0
2026-08-05T04:17:00+00:00,NetworkOut,35784760.4
2026-08-05T04:22:00+00:00,NetworkOut,39640187.0
2026-08-05T04:27:00+00:00,NetworkOut,36019484.4
2026-08-05T04:32:00+00:00,NetworkOut,35826264.2
2026-08-05T04:37:00+00:00,NetworkOut,42349127.6
2026-08-05T04:42:00+00:00,NetworkOut,35623172.0
2026-08-05T04:47:00+00:00,NetworkOut,35758836.2
2026-08-05T04:52:00+00:00,NetworkOut,39538677.8
2026-08-05T04:57:00+00:00,NetworkOut,35836480.8
2026-08-05T05:02:00+00:00,NetworkOut,36044782.0
2026-08-05T05:07:00+00:00,NetworkOut,42516016.6
2026-08-05T05:12:00+00:00,NetworkOut,35670596.6
2026-08-05T05:17:00+00:00,NetworkOut,35716423.2
2026-08-05T05:22:00+00:00,NetworkOut,39476410.2
2026-08-05T05:27:00+00:00,NetworkOut,35843335.4
2026-08-05T05:32:00+00:00,NetworkOut,35884775.2
2026-08-05T05:37:00+00:00,NetworkOut,42604752.4
2026-08-05T05:42:00+00:00,NetworkOut,35633497.4
2026-08-05T05:47:00+00:00,NetworkOut,35628989.6
2026-08-05T05:52:00+00:00,NetworkOut,39036946.2
2026-08-05T05:57:00+00:00,NetworkOut,35690730.6
2026-08-05T06:02:00+00:00,NetworkOut,35609252.4
2026-08-05T06:07:00+00:00,NetworkOut,42152599.0
2026-08-05T06:12:00+00:00,NetworkOut,35829590.2
2026-08-05T06:17:00+00:00,NetworkOut,35943218.0
2026-08-05T06:22:00+00:00,NetworkOut,39523509.4
2026-08-05T06:27:00+00:00,NetworkOut,35750910.0
2026-08-05T06:32:00+00:00,NetworkOut,35997760.8
2026-08-05T06:37:00+00:00,NetworkOut,42832558.0
2026-08-05T06:42:00+00:00,NetworkOut,35949295.2
2026-08-05T06:47:00+00:00,NetworkOut,35994333.0
2026-08-05T06:52:00+00:00,NetworkOut,39527374.4
2026-08-05T06:57:00+00:00,NetworkOut,35880525.8
2026-08-05T07:02:00+00:00,NetworkOut,35466421.8
2026-08-05T07:07:00+00:00,NetworkOut,42908788.0
2026-08-05T07:12:00+00:00,NetworkOut,36089684.0
2026-08-05T07:17:00+00:00,NetworkOut,36044009.2
2026-08-05T07:22:00+00:00,NetworkOut,39150643.4
2026-08-05T07:27:00+00:00,NetworkOut,35497780.4
2026-08-05T07:32:00+00:00,NetworkOut,35926339.8
2026-08-05T07:37:00+00:00,NetworkOut,42663800.4
2026-08-05T07:42:00+00:00,NetworkOut,35744626.0
2026-08-05T07:47:00+00:00,NetworkOut,35895642.0
2026-08-05T07:52:00+00:00,NetworkOut,39706462.0
2026-08-05T07:57:00+00:00,NetworkOut,35979214.4
2026-08-05T08:02:00+00:00,NetworkOut,36100442.0
2026-08-05T08:07:00+00:00,NetworkOut,42806446.0
2026-08-05T08:12:00+00:00,NetworkOut,36125590.6
2026-08-05T08:17:00+00:00,NetworkOut,36232666.0
2026-08-05T08:22:00+00:00,NetworkOut,39688367.0
2026-08-05T08:27:00+00:00,NetworkOut,36112818.2
2026-08-05T08:32:00+00:00,NetworkOut,35952840.4
2026-08-05T08:37:00+00:00,NetworkOut,42567398.8
2026-08-05T08:42:00+00:00,NetworkOut,35872924.8
2026-08-05T08:47:00+00:00,NetworkOut,35989322.4
2026-08-05T08:52:00+00:00,NetworkOut,39787630.0
2026-08-05T08:57:00+00:00,NetworkOut,35929916.6
2026-08-05T09:02:00+00:00,NetworkOut,35747233.4
2026-08-05T09:07:00+00:00,NetworkOut,42284279.0
2026-08-05T09:12:00+00:00,NetworkOut,35751644.0
2026-08-05T09:17:00+00:00,NetworkOut,36050095.8
2026-08-05T09:22:00+00:00,NetworkOut,39938975.2
2026-08-05T09:27:00+00:00,NetworkOut,35772445.2
2026-08-05T09:32:00+00:00,NetworkOut,35388340.0
2026-08-05T09:37:00+00:00,NetworkOut,42163130.0
2026-08-05T09:42:00+00:00,NetworkOut,35695384.8
2026-08-05T09:47:00+00:00,NetworkOut,35554406.6
2026-08-05T09:52:00+00:00,NetworkOut,39827821.8
2026-08-05T09:57:00+00:00,NetworkOut,35339162.6
2026-08-05T10:02:00+00:00,NetworkOut,36214365.2
2026-08-05T10:07:00+00:00,NetworkOut,42741016.2
2026-08-05T10:12:00+00:00,NetworkOut,35568110.4
2026-08-05T10:17:00+00:00,NetworkOut,36163625.6
2026-08-05T10:22:00+00:00,NetworkOut,39785055.4
2026-08-05T10:27:00+00:00,NetworkOut,36229702.2
2026-08-05T10:32:00+00:00,NetworkOut,36058126.2
2026-08-05T10:37:00+00:00,NetworkOut,42677629.0
2026-08-05T10:42:00+00:00,NetworkOut,36003603.4
2026-08-05T10:47:00+00:00,NetworkOut,36143554.8
2026-08-05T10:52:00+00:00,NetworkOut,42450232.8
2026-08-05T10:57:00+00:00,NetworkOut,35781889.0
2026-08-05T11:02:00+00:00,NetworkOut,35795861.4
2026-08-05T11:07:00+00:00,NetworkOut,39771324.4
2026-08-05T11:12:00+00:00,NetworkOut,35279933.2
2026-08-05T11:17:00+00:00,NetworkOut,35297045.0
2026-08-05T11:22:00+00:00,NetworkOut,42200095.8
2026-08-05T11:27:00+00:00,NetworkOut,35626717.4
2026-08-05T11:32:00+00:00,NetworkOut,35636578.8
2026-08-05T11:37:00+00:00,NetworkOut,39366909.2
2026-08-05T11:42:00+00:00,NetworkOut,35189693.6
2026-08-05T11:47:00+00:00,NetworkOut,35416339.0
2026-08-05T11:52:00+00:00,NetworkOut,42133497.0
2026-08-05T11:57:00+00:00,NetworkOut,36256533.2
2026-08-05T12:02:00+00:00,NetworkOut,35357781.8
2026-08-05T12:07:00+00:00,NetworkOut,39014566.2
2026-08-05T12:12:00+00:00,NetworkOut,35560882.8
2026-08-05T12:17:00+00:00,NetworkOut,36207099.8
2026-08-05T12:22:00+00:00,NetworkOut,41902799.4
2026-08-05T12:27:00+00:00,NetworkOut,35441712.6
2026-08-05T12:32:00+00:00,NetworkOut,35472132.2
2026-08-05T12:37:00+00:00,NetworkOut,39774050.8
2026-08-05T12:42:00+00:00,NetworkOut,35179538.2
2026-08-05T12:47:00+00:00,NetworkOut,35482970.8
2026-08-05T12:52:00+00:00,NetworkOut,42258248.6
2026-08-05T12:57:00+00:00,NetworkOut,36174133.6
2026-08-05T13:02:00+00:00,NetworkOut,34764418.2
2026-08-05T13:07:00+00:00,NetworkOut,39081454.6
2026-08-05T13:12:00+00:00,NetworkOut,35500026.0
2026-08-05T13:17:00+00:00,NetworkOut,35952145.6
2026-08-05T13:22:00+00:00,NetworkOut,41697483.4
2026-08-05T13:27:00+00:00,NetworkOut,35425022.8
2026-08-05T13:32:00+00:00,NetworkOut,35219266.2
2026-08-05T13:37:00+00:00,NetworkOut,39270106.0
2026-08-05T13:42:00+00:00,NetworkOut,35947897.4
2026-08-05T13:47:00+00:00,NetworkOut,35291786.8
2026-08-05T13:52:00+00:00,NetworkOut,42107303.4
2026-08-05T13:57:00+00:00,NetworkOut,35133956.4
2026-08-05T14:02:00+00:00,NetworkOut,34529727.8
2026-08-05T14:07:00+00:00,NetworkOut,38150685.6
2026-08-05T14:12:00+00:00,NetworkOut,34021968.8
2026-08-05T14:17:00+00:00,NetworkOut,35654459.8
2026-08-05T14:22:00+00:00,NetworkOut,41438541.4
2026-08-05T14:27:00+00:00,NetworkOut,35625219.4
2026-08-05T14:32:00+00:00,NetworkOut,36000348.8
2026-08-05T14:37:00+00:00,NetworkOut,39546370.4
2026-08-05T14:42:00+00:00,NetworkOut,36032237.8
2026-08-05T14:47:00+00:00,NetworkOut,36001871.2
2026-08-05T14:52:00+00:00,NetworkOut,42514016.2
2026-08-05T14:57:00+00:00,NetworkOut,35815421.4
2026-08-05T15:02:00+00:00,NetworkOut,35090001.0
2026-08-05T15:07:00+00:00,NetworkOut,39849508.4
2026-08-05T15:12:00+00:00,NetworkOut,34686237.8
2026-08-05T15:17:00+00:00,NetworkOut,36073377.2
2026-08-05T15:22:00+00:00,NetworkOut,42797603.8
2026-08-05T15:27:00+00:00,NetworkOut,36219379.2
2026-08-05T15:32:00+00:00,NetworkOut,36044624.6
2026-08-05T15:37:00+00:00,NetworkOut,39768859.6
2026-08-05T15:42:00+00:00,NetworkOut,36061867.2
2026-08-05T15:47:00+00:00,NetworkOut,36227996.8
2026-08-05T15:52:00+00:00,NetworkOut,42763361.2
2026-08-05T15:57:00+00:00,NetworkOut,36215150.4
2026-08-05T16:02:00+00:00,NetworkOut,36204190.6
2026-08-05T16:07:00+00:00,NetworkOut,39788114.8
2026-08-05T16:12:00+00:00,NetworkOut,36040285.0
2026-08-05T16:17:00+00:00,NetworkOut,36342881.6
2026-08-05T16:22:00+00:00,NetworkOut,42686934.4
2026-08-05T16:27:00+00:00,NetworkOut,36223436.2
2026-08-05T16:32:00+00:00,NetworkOut,36031136.4
2026-08-05T16:37:00+00:00,NetworkOut,39815454.6
2026-08-05T16:42:00+00:00,NetworkOut,35970714.2
2026-08-05T16:47:00+00:00,NetworkOut,36162461.2
2026-08-05T16:52:00+00:00,NetworkOut,42636780.2
2026-08-05T16:57:00+00:00,NetworkOut,36217404.0
2026-08-05T17:02:00+00:00,NetworkOut,36035541.4
2026-08-05T17:07:00+00:00,NetworkOut,39827418.2
2026-08-05T17:12:00+00:00,NetworkOut,36134824.8
2026-08-05T17:17:00+00:00,NetworkOut,33166440.0
2026-08-05T17:22:00+00:00,NetworkOut,40059097.0
2026-08-05T17:27:00+00:00,NetworkOut,36060290.6
2026-08-05T17:32:00+00:00,NetworkOut,36153601.0
2026-08-05T17:37:00+00:00,NetworkOut,39827722.4
2026-08-05T17:42:00+00:00,NetworkOut,36203732.8
2026-08-05T17:47:00+00:00,NetworkOut,36269502.6
2026-08-05T17:52:00+00:00,NetworkOut,42743301.2
2026-08-05T17:57:00+00:00,NetworkOut,36259877.0
2026-08-05T18:02:00+00:00,NetworkOut,36145609.8
2026-08-05T18:07:00+00:00,NetworkOut,39924195.0
2026-08-05T18:12:00+00:00,NetworkOut,36141872.4
2026-08-05T18:17:00+00:00,NetworkOut,36127641.4
2026-08-05T18:22:00+00:00,NetworkOut,42590386.4
2026-08-05T18:27:00+00:00,NetworkOut,36199417.8
2026-08-05T18:32:00+00:00,NetworkOut,36184505.4
2026-08-05T18:37:00+00:00,NetworkOut,39815204.4
2026-08-05T18:42:00+00:00,NetworkOut,35953251.8
2026-08-05T18:47:00+00:00,NetworkOut,36231015.4
2026-08-05T18:52:00+00:00,NetworkOut,42680265.0
2026-08-05T18:57:00+00:00,NetworkOut,36199025.8
2026-08-05T19:02:00+00:00,NetworkOut,36226978.6
2026-08-05T19:07:00+00:00,NetworkOut,39727949.0
2026-08-05T19:12:00+00:00,NetworkOut,36198139.6
2026-08-05T19:17:00+00:00,NetworkOut,36194079.0
2026-08-05T19:22:00+00:00,NetworkOut,42868606.4
2026-08-05T19:27:00+00:00,NetworkOut,36068914.4
2026-08-05T19:32:00+00:00,NetworkOut,36146547.0
2026-08-05T19:37:00+00:00,NetworkOut,39704745.0
2026-08-05T19:42:00+00:00,NetworkOut,36035189.2
2026-08-05T19:47:00+00:00,NetworkOut,33306054.6
2026-08-05T19:52:00+00:00,NetworkOut,39893187.8
2026-08-05T19:57:00+00:00,NetworkOut,33511282.6
2026-08-05T20:02:00+00:00,NetworkOut,35195270.0
2026-08-05T20:07:00+00:00,NetworkOut,38026658.4
2026-08-05T20:12:00+00:00,NetworkOut,36172673.0
2026-08-05T20:17:00+00:00,NetworkOut,36161324.8
2026-08-05T20:22:00+00:00,NetworkOut,42641768.6
2026-08-05T20:27:00+00:00,NetworkOut,36232401.2
2026-08-05T20:32:00+00:00,NetworkOut,36158213.6
2026-08-05T20:37:00+00:00,NetworkOut,39682730.6
2026-08-05T20:42:00+00:00,NetworkOut,36205365.6
2026-08-05T20:47:00+00:00,NetworkOut,36184743.2
2026-08-05T20:52:00+00:00,NetworkOut,42923076.8
2026-08-05T20:57:00+00:00,NetworkOut,36167638.4
2026-08-05T21:02:00+00:00,NetworkOut,36090066.0
2026-08-05T21:07:00+00:00,NetworkOut,39823192.6
2026-08-05T21:12:00+00:00,NetworkOut,36187002.8
2026-08-05T21:17:00+00:00,NetworkOut,36243520.2
2026-08-05T21:22:00+00:00,NetworkOut,42726077.0
2026-08-05T21:27:00+00:00,NetworkOut,36069717.2
2026-08-05T21:32:00+00:00,NetworkOut,36047573.0
2026-08-05T21:37:00+00:00,NetworkOut,42794529.2
2026-08-05T21:42:00+00:00,NetworkOut,36041771.4
2026-08-05T21:47:00+00:00,NetworkOut,36234877.8
2026-08-05T21:52:00+00:00,NetworkOut,39922673.0
2026-08-05T21:57:00+00:00,NetworkOut,33564488.4
2026-08-05T22:02:00+00:00,NetworkOut,33584675.4
2026-08-05T22:07:00+00:00,NetworkOut,39212506.4
2026-08-05T22:12:00+00:00,NetworkOut,34497608.8
2026-08-05T22:17:00+00:00,NetworkOut,33472361.2
2026-08-05T22:22:00+00:00,NetworkOut,40156052.2
2026-08-05T22:27:00+00:00,NetworkOut,33834525.0
2026-08-05T22:32:00+00:00,NetworkOut,33678773.8
2026-08-05T22:37:00+00:00,NetworkOut,39816354.6
2026-08-05T22:42:00+00:00,NetworkOut,33583989.8
2026-08-05T22:47:00+00:00,NetworkOut,33550652.0
2026-08-05T22:52:00+00:00,NetworkOut,40216933.8
2026-08-05T22:57:00+00:00,NetworkOut,33739266.0
2026-08-05T23:02:00+00:00,NetworkOut,36148049.6
2026-08-05T23:07:00+00:00,NetworkOut,36067368.2
2026-08-05T23:12:00+00:00,NetworkOut,32103347.8
2026-08-05T23:17:00+00:00,NetworkOut,32426002.0
2026-08-05T23:22:00+00:00,NetworkOut,40715864.0
2026-08-05T23:27:00+00:00,NetworkOut,34543430.0
2026-08-05T23:32:00+00:00,NetworkOut,36117563.8
2026-08-05T23:37:00+00:00,NetworkOut,39142184.0
2026-08-05T23:42:00+00:00,NetworkOut,36180336.2
2026-08-05T23:47:00+00:00,NetworkOut,36099109.4
2026-08-05T23:52:00+00:00,NetworkOut,43379793.4
2026-08-05T23:57:00+00:00,NetworkOut,36209905.2
2026-08-06T00:02:00+00:00,NetworkOut,36112677.0
2026-08-06T00:07:00+00:00,NetworkOut,39728409.0
2026-08-06T00:12:00+00:00,NetworkOut,36117982.2
2026-08-06T00:17:00+00:00,NetworkOut,36197509.6
2026-08-06T00:22:00+00:00,NetworkOut,42763907.8
2026-08-06T00:27:00+00:00,NetworkOut,36209945.2
2026-08-06T00:32:00+00:00,NetworkOut,36184574.2
2026-08-06T00:37:00+00:00,NetworkOut,39696778.6
2026-08-06T00:42:00+00:00,NetworkOut,36142580.8
2026-08-06T00:47:00+00:00,NetworkOut,36163648.8
2026-08-06T00:52:00+00:00,NetworkOut,42873882.6
2026-08-06T00:57:00+00:00,NetworkOut,36106417.4
2026-08-06T01:02:00+00:00,NetworkOut,36167048.8
2026-08-06T01:07:00+00:00,NetworkOut,39767049.2
2026-08-06T01:12:00+00:00,NetworkOut,35991332.2
2026-08-06T01:17:00+00:00,NetworkOut,35862320.6
2026-08-06T01:22:00+00:00,NetworkOut,42189117.2
2026-08-06T01:27:00+00:00,NetworkOut,34547215.4
2026-08-06T01:32:00+00:00,NetworkOut,35410755.8
2026-08-06T01:37:00+00:00,NetworkOut,38989794.6
2026-08-06T01:42:00+00:00,NetworkOut,35948329.0
2026-08-06T01:47:00+00:00,NetworkOut,35132444.4
2026-08-06T01:52:00+00:00,NetworkOut,41884682.6
2026-08-06T01:57:00+00:00,NetworkOut,35370007.2
2026-08-06T02:02:00+00:00,NetworkOut,35226831.6
2026-08-06T02:07:00+00:00,NetworkOut,39009052.4
2026-08-06T02:12:00+00:00,NetworkOut,35476439.8
2026-08-06T02:17:00+00:00,NetworkOut,36176877.8
2026-08-06T02:22:00+00:00,NetworkOut,41963211.2
2026-08-06T02:27:00+00:00,NetworkOut,35468315.2
2026-08-06T02:32:00+00:00,NetworkOut,35456220.0
2026-08-06T02:37:00+00:00,NetworkOut,39011698.8
2026-08-06T02:42:00+00:00,NetworkOut,35416356.0
2026-08-06T02:47:00+00:00,NetworkOut,35438390.4
2026-08-06T02:52:00+00:00,NetworkOut,42677588.0
2026-08-06T02:57:00+00:00,NetworkOut,35227582.6
2026-08-06T03:02:00+00:00,NetworkOut,35222473.2
2026-08-06T03:07:00+00:00,NetworkOut,38746030.6
2026-08-06T03:12:00+00:00,NetworkOut,34971172.0
2026-08-06T03:17:00+00:00,NetworkOut,35438787.6
2026-08-06T03:22:00+00:00,NetworkOut,42702244.6
2026-08-06T03:27:00+00:00,NetworkOut,35486948.8
2026-08-06T03:32:00+00:00,NetworkOut,35157309.0
2026-08-06T03:37:00+00:00,NetworkOut,38936741.0
2026-08-06T03:42:00+00:00,NetworkOut,35193274.4
2026-08-06T03:47:00+00:00,NetworkOut,35867366.0
2026-08-06T03:52:00+00:00,NetworkOut,42362134.4
2026-08-06T03:57:00+00:00,NetworkOut,36278904.0
2026-08-06T04:02:00+00:00,NetworkOut,36177168.4
2026-08-06T04:07:00+00:00,NetworkOut,39629026.6
2026-08-06T04:12:00+00:00,NetworkOut,36196074.0
2026-08-06T04:17:00+00:00,NetworkOut,36156139.0
2026-08-06T04:22:00+00:00,NetworkOut,36016403.6
2026-08-06T04:27:00+00:00,NetworkOut,42539550.4
2026-08-06T04:32:00+00:00,NetworkOut,35849670.6
2026-08-06T04:37:00+00:00,NetworkOut,35881220.0
2026-08-06T04:42:00+00:00,NetworkOut,39517155.0
2026-08-06T04:47:00+00:00,NetworkOut,36117487.2
2026-08-06T04:52:00+00:00,NetworkOut,36089468.8
2026-08-06T04:57:00+00:00,NetworkOut,42426427.2
2026-08-06T05:02:00+00:00,NetworkOut,35501298.2
2026-08-06T05:07:00+00:00,NetworkOut,35794744.0
2026-08-06T05:12:00+00:00,NetworkOut,38067062.6
2026-08-06T05:17:00+00:00,NetworkOut,33183991.8
2026-08-06T05:22:00+00:00,NetworkOut,36211086.0
2026-08-06T05:27:00+00:00,NetworkOut,42539584.8
2026-08-06T05:32:00+00:00,NetworkOut,35217410.0
2026-08-06T05:37:00+00:00,NetworkOut,36225475.0
2026-08-06T05:42:00+00:00,NetworkOut,39777770.6
2026-08-06T05:47:00+00:00,NetworkOut,36231782.0
2026-08-06T05:52:00+00:00,NetworkOut,35982463.8
2026-08-06T05:57:00+00:00,NetworkOut,42896300.0
2026-08-06T06:02:00+00:00,NetworkOut,35919905.2
2026-08-06T06:07:00+00:00,NetworkOut,36133762.6
2026-08-06T06:12:00+00:00,NetworkOut,39792345.4
2026-08-06T06:17:00+00:00,NetworkOut,36227925.8
2026-08-06T06:22:00+00:00,NetworkOut,35956060.0
2026-08-06T06:27:00+00:00,NetworkOut,42826214.2
2026-08-06T06:32:00+00:00,NetworkOut,36133854.8
2026-08-06T06:37:00+00:00,NetworkOut,36187642.2
2026-08-06T06:42:00+00:00,NetworkOut,39673312.4
2026-08-06T06:47:00+00:00,NetworkOut,36209428.0
2026-08-06T06:52:00+00:00,NetworkOut,36244402.2
2026-08-06T06:57:00+00:00,NetworkOut,42783478.4
2026-08-06T07:02:00+00:00,NetworkOut,35921816.0
2026-08-06T07:07:00+00:00,NetworkOut,36264036.8
2026-08-06T07:12:00+00:00,NetworkOut,42732345.0
2026-08-06T07:17:00+00:00,NetworkOut,36219054.4
2026-08-06T07:22:00+00:00,NetworkOut,36036333.2
2026-08-06T07:27:00+00:00,NetworkOut,39769331.2
2026-08-06T07:32:00+00:00,NetworkOut,35860624.4
2026-08-06T07:37:00+00:00,NetworkOut,35913199.4
2026-08-06T07:42:00+00:00,NetworkOut,42641460.6
2026-08-06T07:47:00+00:00,NetworkOut,36174391.6
2026-08-06T07:52:00+00:00,NetworkOut,36341693.6
2026-08-06T07:57:00+00:00,NetworkOut,39831947.2
2026-08-06T08:02:00+00:00,NetworkOut,36161897.2
2026-08-06T08:07:00+00:00,NetworkOut,36086821.2
2026-08-06T08:12:00+00:00,NetworkOut,42754075.6
2026-08-06T08:17:00+00:00,NetworkOut,36087463.2
2026-08-06T08:22:00+00:00,NetworkOut,36076748.2
2026-08-06T08:27:00+00:00,NetworkOut,39763953.2
2026-08-06T08:32:00+00:00,NetworkOut,36173028.4
2026-08-06T08:37:00+00:00,NetworkOut,36163084.4
2026-08-06T08:42:00+00:00,NetworkOut,42834280.4
2026-08-06T08:47:00+00:00,NetworkOut,36135046.6
2026-08-06T08:52:00+00:00,NetworkOut,36004830.4
2026-08-06T08:57:00+00:00,NetworkOut,39815307.4
2026-08-06T09:02:00+00:00,NetworkOut,36215396.0
2026-08-06T09:07:00+00:00,NetworkOut,36095375.8
2026-08-06T09:12:00+00:00,NetworkOut,42618827.2
2026-08-06T09:17:00+00:00,NetworkOut,36097679.4
2026-08-06T09:22:00+00:00,NetworkOut,36226497.0
2026-08-06T09:27:00+00:00,NetworkOut,39695046.4
2026-08-06T09:32:00+00:00,NetworkOut,36037944.4
2026-08-06T09:37:00+00:00,NetworkOut,36001926.6
2026-08-06T09:42:00+00:00,NetworkOut,42951357.4
2026-08-06T09:47:00+00:00,NetworkOut,36110548.8
2026-08-06T09:52:00+00:00,NetworkOut,36139404.2
2026-08-06T09:57:00+00:00,NetworkOut,39726409.0
2026-08-06T10:02:00+00:00,NetworkOut,36206693.6
2026-08-06T10:07:00+00:00,NetworkOut,36137311.6
2026-08-06T10:12:00+00:00,NetworkOut,42798548.6
2026-08-06T10:17:00+00:00,NetworkOut,36096345.4
2026-08-06T10:22:00+00:00,NetworkOut,36295210.8
2026-08-06T10:27:00+00:00,NetworkOut,40103023.8
2026-08-06T10:32:00+00:00,NetworkOut,36063288.6
2026-08-06T10:37:00+00:00,NetworkOut,36140462.6
2026-08-06T10:42:00+00:00,NetworkOut,43412101.8
2026-08-06T10:47:00+00:00,NetworkOut,36089575.6
2026-08-06T10:52:00+00:00,NetworkOut,36191823.2
2026-08-06T10:57:00+00:00,NetworkOut,39894227.4
2026-08-06T11:02:00+00:00,NetworkOut,36213417.6
2026-08-06T11:07:00+00:00,NetworkOut,36166579.0
2026-08-06T11:12:00+00:00,NetworkOut,42730200.6
2026-08-06T11:17:00+00:00,NetworkOut,36153515.8
2026-08-06T11:22:00+00:00,NetworkOut,36152302.0
2026-08-06T11:27:00+00:00,NetworkOut,39621854.8
2026-08-06T11:32:00+00:00,NetworkOut,36107156.2
2026-08-06T11:37:00+00:00,NetworkOut,36203663.0
2026-08-06T11:42:00+00:00,NetworkOut,42806315.4
2026-08-06T11:47:00+00:00,NetworkOut,36052378.6
2026-08-06T11:52:00+00:00,NetworkOut,36358111.8
2026-08-06T11:57:00+00:00,NetworkOut,42788231.2
2026-08-06T12:02:00+00:00,NetworkOut,36218847.8
2026-08-06T12:07:00+00:00,NetworkOut,35979789.2
2026-08-06T12:12:00+00:00,NetworkOut,39752640.4
2026-08-06T12:17:00+00:00,NetworkOut,36149432.8
2026-08-06T12:22:00+00:00,NetworkOut,36325233.0
2026-08-06T12:27:00+00:00,NetworkOut,42655206.2
2026-08-06T12:32:00+00:00,NetworkOut,36219317.4
2026-08-06T12:37:00+00:00,NetworkOut,36139911.0
2026-08-06T12:42:00+00:00,NetworkOut,39677276.8
2026-08-06T12:47:00+00:00,NetworkOut,36197820.0
2026-08-06T12:52:00+00:00,NetworkOut,36165857.4
2026-08-06T12:57:00+00:00,NetworkOut,42694461.4
2026-08-06T13:02:00+00:00,NetworkOut,36213207.0
2026-08-06T13:07:00+00:00,NetworkOut,36189407.2
2026-08-06T13:12:00+00:00,NetworkOut,39738968.2
2026-08-06T13:17:00+00:00,NetworkOut,36250710.6
2026-08-06T13:22:00+00:00,NetworkOut,36173317.0
2026-08-06T13:27:00+00:00,NetworkOut,42810390.2
2026-08-06T13:32:00+00:00,NetworkOut,36060426.8
2026-08-06T13:37:00+00:00,NetworkOut,36181517.6
2026-08-06T13:42:00+00:00,NetworkOut,39705731.0
2026-08-06T13:47:00+00:00,NetworkOut,36144741.2
2026-08-06T13:52:00+00:00,NetworkOut,36120580.8
2026-08-06T13:57:00+00:00,NetworkOut,42884013.6
2026-08-06T14:02:00+00:00,NetworkOut,35986149.2
2026-08-06T14:07:00+00:00,NetworkOut,36183089.4
2026-08-06T14:12:00+00:00,NetworkOut,39863763.2
2026-08-06T14:17:00+00:00,NetworkOut,36136919.6
2026-08-06T14:22:00+00:00,NetworkOut,36238490.8
2026-08-06T14:27:00+00:00,NetworkOut,42736406.8
2026-08-06T14:32:00+00:00,NetworkOut,36037203.2
2026-08-06T14:37:00+00:00,NetworkOut,36175130.4
2026-08-06T14:42:00+00:00,NetworkOut,39855024.4
2026-08-06T14:47:00+00:00,NetworkOut,36264168.0
2026-08-06T14:52:00+00:00,NetworkOut,36123600.4
2026-08-06T14:57:00+00:00,NetworkOut,42818575.0
2026-08-06T15:02:00+00:00,NetworkOut,35989357.2
2026-08-06T15:07:00+00:00,NetworkOut,36227308.2
2026-08-06T15:12:00+00:00,NetworkOut,39860737.0
2026-08-06T15:17:00+00:00,NetworkOut,36131382.2
2026-08-06T15:22:00+00:00,NetworkOut,36139714.4
2026-08-06T15:27:00+00:00,NetworkOut,42788307.0
2026-08-06T15:32:00+00:00,NetworkOut,36091748.8
2026-08-06T15:37:00+00:00,NetworkOut,36249874.2
2026-08-06T15:42:00+00:00,NetworkOut,39874031.6
2026-08-06T15:47:00+00:00,NetworkOut,36147072.6
2026-08-06T15:52:00+00:00,NetworkOut,36093870.4
2026-08-06T15:57:00+00:00,NetworkOut,42935369.2
2026-08-06T16:02:00+00:00,NetworkOut,36113716.0
2026-08-06T16:07:00+00:00,NetworkOut,36117539.2
2026-08-06T16:12:00+00:00,NetworkOut,39847110.8
2026-08-06T16:17:00+00:00,NetworkOut,36195625.0
2026-08-06T16:22:00+00:00,NetworkOut,36008020.4
2026-08-06T16:27:00+00:00,NetworkOut,42791443.0
2026-08-06T16:32:00+00:00,NetworkOut,36189739.4
2026-08-06T16:37:00+00:00,NetworkOut,36048519.2
2026-08-06T16:42:00+00:00,NetworkOut,42805860.2
2026-08-06T16:47:00+00:00,NetworkOut,36200158.2
2026-08-06T16:52:00+00:00,NetworkOut,36165150.0
2026-08-06T16:57:00+00:00,NetworkOut,39813827.6
2026-08-06T17:02:00+00:00,NetworkOut,36115985.6
2026-08-06T17:07:00+00:00,NetworkOut,36174861.6
2026-08-06T17:12:00+00:00,NetworkOut,42561665.4
2026-08-06T17:17:00+00:00,NetworkOut,36099787.6
2026-08-06T17:22:00+00:00,NetworkOut,36199367.2
2026-08-06T17:27:00+00:00,NetworkOut,39714854.4
2026-08-06T17:32:00+00:00,NetworkOut,36109961.8
2026-08-06T17:37:00+00:00,NetworkOut,36118567.8
2026-08-06T17:42:00+00:00,NetworkOut,42952861.6
2026-08-06T17:47:00+00:00,NetworkOut,36297171.4
2026-08-06T17:52:00+00:00,NetworkOut,35975853.0
2026-08-06T17:57:00+00:00,NetworkOut,39819482.8
2026-08-06T18:02:00+00:00,NetworkOut,36130491.8
2026-08-06T18:07:00+00:00,NetworkOut,36166495.2
2026-08-06T18:12:00+00:00,NetworkOut,42698217.6
2026-08-06T18:17:00+00:00,NetworkOut,36070309.8
2026-08-06T18:22:00+00:00,NetworkOut,36327746.4
2026-08-06T18:27:00+00:00,NetworkOut,39701981.4
2026-08-06T18:32:00+00:00,NetworkOut,36213896.6
2026-08-06T18:37:00+00:00,NetworkOut,36174796.4
2026-08-06T18:42:00+00:00,NetworkOut,42734721.6
2026-08-06T18:47:00+00:00,NetworkOut,36201580.8
2026-08-06T18:52:00+00:00,NetworkOut,36270191.6
2026-08-06T18:57:00+00:00,NetworkOut,39854497.0
2026-08-06T19:02:00+00:00,NetworkOut,36151039.4
2026-08-06T19:07:00+00:00,NetworkOut,36163708.2
2026-08-06T19:12:00+00:00,NetworkOut,42930521.8
2026-08-06T19:17:00+00:00,NetworkOut,36093136.6
2026-08-06T19:22:00+00:00,NetworkOut,36157080.0
2026-08-06T19:27:00+00:00,NetworkOut,39778846.8
2026-08-06T19:32:00+00:00,NetworkOut,36149443.4
2026-08-06T19:37:00+00:00,NetworkOut,36153830.0
2026-08-06T19:42:00+00:00,NetworkOut,42747493.6
2026-08-06T19:47:00+00:00,NetworkOut,36123292.2
2026-08-06T19:52:00+00:00,NetworkOut,36229484.4
2026-08-06T19:57:00+00:00,NetworkOut,39758359.2
2026-08-06T20:02:00+00:00,NetworkOut,36234169.8
2026-08-06T20:07:00+00:00,NetworkOut,36150007.6
2026-08-06T20:12:00+00:00,NetworkOut,42810981.8
2026-08-06T20:17:00+00:00,NetworkOut,35967118.4
2026-08-06T20:22:00+00:00,NetworkOut,36241469.8
2026-08-06T20:27:00+00:00,NetworkOut,39896346.0
2026-08-06T20:32:00+00:00,NetworkOut,36201748.0
2026-08-06T20:37:00+00:00,NetworkOut,36106622.8
2026-08-06T20:42:00+00:00,NetworkOut,42714906.0
2026-08-06T20:47:00+00:00,NetworkOut,36006199.2
2026-08-06T20:52:00+00:00,NetworkOut,36177101.4
2026-08-06T20:57:00+00:00,NetworkOut,42655335.2
2026-08-06T21:02:00+00:00,NetworkOut,35668309.2
2026-08-06T21:07:00+00:00,NetworkOut,36066846.4
2026-08-06T21:12:00+00:00,NetworkOut,39866376.2
2026-08-06T21:17:00+00:00,NetworkOut,36189020.8
2026-08-06T21:22:00+00:00,NetworkOut,36028010.8
2026-08-06T21:27:00+00:00,NetworkOut,42696691.4
2026-08-06T21:32:00+00:00,NetworkOut,36230712.6
2026-08-06T21:37:00+00:00,NetworkOut,36193558.0
2026-08-06T21:42:00+00:00,NetworkOut,39664026.4
2026-08-06T21:47:00+00:00,NetworkOut,36155171.2
2026-08-06T21:52:00+00:00,NetworkOut,36214168.8
2026-08-06T21:57:00+00:00,NetworkOut,42886054.0
2026-08-06T22:02:00+00:00,NetworkOut,36093879.6
2026-08-06T22:07:00+00:00,NetworkOut,36116135.4
2026-08-06T22:12:00+00:00,NetworkOut,39911283.4
2026-08-06T22:17:00+00:00,NetworkOut,36132851.0
2026-08-06T22:22:00+00:00,NetworkOut,36057746.2
2026-08-06T22:27:00+00:00,NetworkOut,42840921.0
2026-08-06T22:32:00+00:00,NetworkOut,36162763.0
2026-08-06T22:37:00+00:00,NetworkOut,36144290.2
2026-08-06T22:42:00+00:00,NetworkOut,39762172.8
2026-08-06T22:47:00+00:00,NetworkOut,36165529.4
2026-08-06T22:52:00+00:00,NetworkOut,36203114.2
2026-08-06T22:57:00+00:00,NetworkOut,42532209.8
2026-08-06T23:02:00+00:00,NetworkOut,36182007.2
2026-08-06T23:07:00+00:00,NetworkOut,36189152.4
2026-08-06T23:12:00+00:00,NetworkOut,39835895.2
2026-08-06T23:17:00+00:00,NetworkOut,36140967.8
2026-08-06T23:22:00+00:00,NetworkOut,36149790.8
2026-08-06T23:27:00+00:00,NetworkOut,42927362.8
2026-08-06T23:32:00+00:00,NetworkOut,36297635.0
2026-08-06T23:37:00+00:00,NetworkOut,35005049.8
2026-08-06T23:42:00+00:00,NetworkOut,39354692.8
2026-08-06T23:47:00+00:00,NetworkOut,35134041.6
2026-08-06T23:52:00+00:00,NetworkOut,34876411.6
2026-08-06T23:57:00+00:00,NetworkOut,42789945.2
2026-08-07T00:02:00+00:00,NetworkOut,34827422.2
2026-08-07T00:07:00+00:00,NetworkOut,36139921.4
2026-08-07T00:12:00+00:00,NetworkOut,38380654.8
2026-08-07T00:17:00+00:00,NetworkOut,36193841.6
2026-08-07T00:22:00+00:00,NetworkOut,36179886.8
2026-08-07T00:27:00+00:00,NetworkOut,41404961.4
2026-08-07T00:32:00+00:00,NetworkOut,36258279.8
2026-08-07T00:37:00+00:00,NetworkOut,36161469.0
2026-08-07T00:42:00+00:00,NetworkOut,39868690.8
2026-08-07T00:47:00+00:00,NetworkOut,34788369.4
2026-08-07T00:52:00+00:00,NetworkOut,36177810.8
2026-08-07T00:57:00+00:00,NetworkOut,42718396.2
2026-08-07T01:02:00+00:00,NetworkOut,36114506.4
2026-08-07T01:07:00+00:00,NetworkOut,36092995.8
2026-08-07T01:12:00+00:00,NetworkOut,39883416.0
2026-08-07T01:17:00+00:00,NetworkOut,35322821.8
2026-08-07T01:22:00+00:00,NetworkOut,36051618.2
2026-08-07T01:27:00+00:00,NetworkOut,42556022.2
2026-08-07T01:32:00+00:00,NetworkOut,35236687.4
2026-08-07T01:37:00+00:00,NetworkOut,36165313.4
2026-08-07T01:42:00+00:00,NetworkOut,39773059.8
2026-08-07T01:47:00+00:00,NetworkOut,35368123.0
2026-08-07T01:52:00+00:00,NetworkOut,35649664.4
2026-08-07T01:57:00+00:00,NetworkOut,41836473.2
2026-08-07T02:02:00+00:00,NetworkOut,36113156.4
2026-08-07T02:07:00+00:00,NetworkOut,36027178.6
2026-08-07T02:12:00+00:00,NetworkOut,38432644.2
2026-08-07T02:17:00+00:00,NetworkOut,36225443.2
2026-08-07T02:22:00+00:00,NetworkOut,34736765.0
2026-08-07T02:27:00+00:00,NetworkOut,42704972.8
2026-08-07T02:32:00+00:00,NetworkOut,36119778.0
2026-08-07T02:37:00+00:00,NetworkOut,36264111.6
2026-08-07T02:42:00+00:00,NetworkOut,39793941.8
2026-08-07T02:47:00+00:00,NetworkOut,36134901.0
2026-08-07T02:52:00+00:00,NetworkOut,34975675.2
2026-08-07T02:57:00+00:00,NetworkOut,41421792.2
2026-08-07T03:02:00+00:00,NetworkOut,34896379.2
2026-08-07T03:07:00+00:00,NetworkOut,36046676.4
2026-08-07T03:12:00+00:00,NetworkOut,38495408.0
2026-08-07T03:17:00+00:00,NetworkOut,36315642.8
2026-08-07T03:22:00+00:00,NetworkOut,36191055.4
2026-08-07T03:27:00+00:00,NetworkOut,42676763.2
2026-08-07T03:32:00+00:00,NetworkOut,36027289.2
2026-08-07T03:37:00+00:00,NetworkOut,36153668.0
2026-08-07T03:42:00+00:00,NetworkOut,39056197.2
2026-08-07T03:47:00+00:00,NetworkOut,35616914.4
2026-08-07T03:52:00+00:00,NetworkOut,36117496.2
2026-08-07T03:57:00+00:00,NetworkOut,41444948.2
2026-08-07T04:02:00+00:00,NetworkOut,34719709.4
2026-08-07T04:07:00+00:00,NetworkOut,36159966.0
2026-08-07T04:12:00+00:00,NetworkOut,36729921.0
2026-08-07T04:17:00+00:00,NetworkOut,36177350.0
2026-08-07T04:22:00+00:00,NetworkOut,35738283.0
2026-08-07T04:27:00+00:00,NetworkOut,42158396.6
2026-08-07T04:32:00+00:00,NetworkOut,35843257.0
2026-08-07T04:37:00+00:00,NetworkOut,35648427.4
2026-08-07T04:42:00+00:00,NetworkOut,36306632.2
2026-08-07T04:47:00+00:00,NetworkOut,36203059.0
2026-08-07T04:52:00+00:00,NetworkOut,36982372.8
2026-08-07T04:57:00+00:00,NetworkOut,39625944.0
2026-08-07T05:02:00+00:00,NetworkOut,35853440.6
2026-08-07T05:07:00+00:00,NetworkOut,35737247.0
2026-08-07T05:12:00+00:00,NetworkOut,39678724.6
2026-08-07T05:17:00+00:00,NetworkOut,35933683.8
2026-08-07T05:22:00+00:00,NetworkOut,35813424.6
2026-08-07T05:27:00+00:00,NetworkOut,36784636.0
2026-08-07T05:32:00+00:00,NetworkOut,35565452.0
2026-08-07T05:37:00+00:00,NetworkOut,36241918.2
2026-08-07T05:42:00+00:00,NetworkOut,39200244.0
2026-08-07T05:47:00+00:00,NetworkOut,35933024.2
2026-08-07T05:52:00+00:00,NetworkOut,38302262.4
2026-08-07T05:57:00+00:00,NetworkOut,50985235.2
2026-08-07T06:02:00+00:00,NetworkOut,36296151.2
2026-08-07T06:07:00+00:00,NetworkOut,36271356.0
2026-08-07T06:12:00+00:00,NetworkOut,39026704.2
2026-08-07T06:17:00+00:00,NetworkOut,35738520.0
2026-08-07T06:22:00+00:00,NetworkOut,35269867.4
2026-08-07T06:27:00+00:00,NetworkOut,36844774.0
2026-08-07T06:32:00+00:00,NetworkOut,35463227.8
2026-08-07T06:37:00+00:00,NetworkOut,35889723.0
2026-08-07T06:42:00+00:00,NetworkOut,39607877.8
2026-08-07T06:47:00+00:00,NetworkOut,36287688.8
2026-08-07T06:52:00+00:00,NetworkOut,35512282.6
2026-08-07T06:57:00+00:00,NetworkOut,35568916.2
2026-08-07T07:02:00+00:00,NetworkOut,35310130.2
2026-08-07T07:07:00+00:00,NetworkOut,35508634.4
2026-08-07T07:12:00+00:00,NetworkOut,72876586.8
2026-08-07T07:17:00+00:00,NetworkOut,35584389.8
2026-08-07T07:22:00+00:00,NetworkOut,36237774.4
2026-08-07T07:27:00+00:00,NetworkOut,39230883.6
2026-08-07T07:32:00+00:00,NetworkOut,35612396.2
2026-08-07T07:37:00+00:00,NetworkOut,35462546.0
2026-08-07T07:42:00+00:00,NetworkOut,42591821.8
2026-08-07T07:47:00+00:00,NetworkOut,35612992.6
2026-08-07T07:52:00+00:00,NetworkOut,35364710.2
2026-08-07T07:57:00+00:00,NetworkOut,39086636.0
2026-08-07T08:02:00+00:00,NetworkOut,35435435.2
2026-08-07T08:07:00+00:00,NetworkOut,35627183.4
2026-08-07T08:12:00+00:00,NetworkOut,42002448.6
2026-08-07T08:17:00+00:00,NetworkOut,35326066.4
2026-08-07T08:22:00+00:00,NetworkOut,34384692.6
2026-08-07T08:27:00+00:00,NetworkOut,39907162.0
2026-08-07T08:32:00+00:00,NetworkOut,36026381.8
2026-08-07T08:37:00+00:00,NetworkOut,35985175.0
2026-08-07T08:42:00+00:00,NetworkOut,42832537.6
2026-08-07T08:47:00+00:00,NetworkOut,36072887.2
2026-08-07T08:52:00+00:00,NetworkOut,36097589.8
2026-08-07T08:57:00+00:00,NetworkOut,39751137.4
2026-08-07T09:02:00+00:00,NetworkOut,36210389.6
2026-08-07T09:07:00+00:00,NetworkOut,36051142.4
2026-08-07T09:12:00+00:00,NetworkOut,42673272.4
2026-08-07T09:17:00+00:00,NetworkOut,36232924.6
2026-08-07T09:22:00+00:00,NetworkOut,36149771.8
2026-08-07T09:27:00+00:00,NetworkOut,39696376.4
2026-08-07T09:32:00+00:00,NetworkOut,36139937.4
2026-08-07T09:37:00+00:00,NetworkOut,36159669.4
2026-08-07T09:42:00+00:00,NetworkOut,42751747.6
2026-08-07T09:47:00+00:00,NetworkOut,35962438.4
2026-08-07T09:52:00+00:00,NetworkOut,36304384.8
2026-08-07T09:57:00+00:00,NetworkOut,39852649.0
2026-08-07T10:02:00+00:00,NetworkOut,35948250.4
2026-08-07T10:07:00+00:00,NetworkOut,36236598.0
2026-08-07T10:12:00+00:00,NetworkOut,42765817.6
2026-08-07T10:17:00+00:00,NetworkOut,36108290.6
2026-08-07T10:22:00+00:00,NetworkOut,36290672.8
2026-08-07T10:27:00+00:00,NetworkOut,39834484.4
2026-08-07T10:32:00+00:00,NetworkOut,36072336.0
2026-08-07T10:37:00+00:00,NetworkOut,36204049.6
2026-08-07T10:42:00+00:00,NetworkOut,42799168.8
2026-08-07T10:47:00+00:00,NetworkOut,36185355.0
2026-08-07T10:52:00+00:00,NetworkOut,36067326.2
2026-08-07T10:57:00+00:00,NetworkOut,39822105.4
2026-08-07T11:02:00+00:00,NetworkOut,36210633.0
2026-08-07T11:07:00+00:00,NetworkOut,36245734.6
2026-08-07T11:12:00+00:00,NetworkOut,36030481.6
2026-08-07T11:17:00+00:00,NetworkOut,42708473.0
2026-08-07T11:22:00+00:00,NetworkOut,36056379.6
2026-08-07T11:27:00+00:00,NetworkOut,36099020.8
2026-08-07T11:32:00+00:00,NetworkOut,39683283.2
2026-08-07T11:37:00+00:00,NetworkOut,36259423.2
2026-08-07T11:42:00+00:00,NetworkOut,36120288.4
2026-08-07T11:47:00+00:00,NetworkOut,42718156.4
2026-08-07T11:52:00+00:00,NetworkOut,36139765.2
2026-08-07T11:57:00+00:00,NetworkOut,36227228.6
2026-08-07T12:02:00+00:00,NetworkOut,30025406.8
2026-08-07T12:07:00+00:00,NetworkOut,17358.0
2026-08-07T12:12:00+00:00,NetworkOut,6605.8
2026-08-07T12:17:00+00:00,NetworkOut,722.0
2026-08-07T12:22:00+00:00,NetworkOut,87.6
2026-08-07T12:27:00+00:00,NetworkOut,36.0
2026-08-07T12:32:00+00:00,NetworkOut,100.8
2026-08-07T12:37:00+00:00,NetworkOut,2070.0
2026-08-07T12:42:00+00:00,NetworkOut,192.0
2026-08-07T12:47:00+00:00,NetworkOut,204.0
2026-08-07T12:52:00+00:00,NetworkOut,278.4
2026-08-07T12:57:00+00:00,NetworkOut,8980.2
2026-08-07T13:02:00+00:00,NetworkOut,36.0
2026-08-07T13:07:00+00:00,NetworkOut,2131.6
2026-08-07T13:12:00+00:00,NetworkOut,143.6
2026-08-07T13:17:00+00:00,NetworkOut,64.8
2026-08-07T13:22:00+00:00,NetworkOut,36.0
2026-08-07T13:27:00+00:00,NetworkOut,134.8
2026-08-07T13:32:00+00:00,NetworkOut,2133.2
2026-08-07T13:37:00+00:00,NetworkOut,54.0
2026-08-07T13:42:00+00:00,NetworkOut,141.6
2026-08-07T13:47:00+00:00,NetworkOut,28.8
2026-08-07T13:52:00+00:00,NetworkOut,67.2
2026-08-07T13:57:00+00:00,NetworkOut,106.8
2026-08-07T14:02:00+00:00,NetworkOut,2159.2
2026-08-07T14:07:00+00:00,NetworkOut,49.2
2026-08-07T14:12:00+00:00,NetworkOut,105.6
2026-08-07T14:17:00+00:00,NetworkOut,172.8
2026-08-07T14:22:00+00:00,NetworkOut,133.2
2026-08-07T14:27:00+00:00,NetworkOut,1091.2
2026-08-07T14:32:00+00:00,NetworkOut,2163.2
2026-08-07T14:37:00+00:00,NetworkOut,725.6
2026-08-07T14:42:00+00:00,NetworkOut,57.6
2026-08-07T14:47:00+00:00,NetworkOut,46.8
2026-08-07T14:52:00+00:00,NetworkOut,2003.0
2026-08-07T14:57:00+00:00,NetworkOut,18.0
2026-08-07T15:02:00+00:00,NetworkOut,2064.4
2026-08-07T15:07:00+00:00,NetworkOut,93.6
2026-08-07T15:12:00+00:00,NetworkOut,36.0
2026-08-07T15:17:00+00:00,NetworkOut,46.8
2026-08-07T15:22:00+00:00,NetworkOut,358.4
2026-08-07T15:27:00+00:00,NetworkOut,2113.6
2026-08-07T15:32:00+00:00,NetworkOut,18.0
2026-08-07T15:37:00+00:00,NetworkOut,36.0
2026-08-07T15:42:00+00:00,NetworkOut,111.6
2026-08-07T15:47:00+00:00,NetworkOut,39.6
2026-08-07T15:52:00+00:00,NetworkOut,2230.0
2026-08-07T15:57:00+00:00,NetworkOut,127.6
2026-08-07T16:02:00+00:00,NetworkOut,3988.4
2026-08-07T16:07:00+00:00,NetworkOut,1819.2
2026-08-07T16:12:00+00:00,NetworkOut,130.0
2026-08-07T16:17:00+00:00,NetworkOut,1820.0
2026-08-07T16:22:00+00:00,NetworkOut,2856.8
