Timestamp,Metric,Average
2026-07-31T12:02:00+00:00,CPUUtilization,4.892816130057663
2026-07-31T12:07:00+00:00,CPUUtilization,12.958333333333332
2026-07-31T12:12:00+00:00,CPUUtilization,12.829746301168461
2026-07-31T12:17:00+00:00,CPUUtilization,12.873328490838158
2026-07-31T12:22:00+00:00,CPUUtilization,12.912088946022006
2026-07-31T12:27:00+00:00,CPUUtilization,13.32236735256873
2026-07-31T12:32:00+00:00,CPUUtilization,12.99206084746721
2026-07-31T12:37:00+00:00,CPUUtilization,12.83848504795717
2026-07-31T12:42:00+00:00,CPUUtilization,13.184999999999999
2026-07-31T12:47:00+00:00,CPUUtilization,13.128394921396659
2026-07-31T12:52:00+00:00,CPUUtilization,12.693360093525301
2026-07-31T12:57:00+00:00,CPUUtilization,13.139973604264714
2026-07-31T13:02:00+00:00,CPUUtilization,12.91479018883139
2026-07-31T13:07:00+00:00,CPUUtilization,12.76827672418429
2026-07-31T13:12:00+00:00,CPUUtilization,13.14805600104873
2026-07-31T13:17:00+00:00,CPUUtilization,12.880111567282498
2026-07-31T13:22:00+00:00,CPUUtilization,12.843452817188751
2026-07-31T13:27:00+00:00,CPUUtilization,13.285334283230753
2026-07-31T13:32:00+00:00,CPUUtilization,13.039930446014077
2026-07-31T13:37:00+00:00,CPUUtilization,12.996654941432997
2026-07-31T13:42:00+00:00,CPUUtilization,13.328324757597676
2026-07-31T13:47:00+00:00,CPUUtilization,13.166895074118784
2026-07-31T13:52:00+00:00,CPUUtilization,12.971467185805158
2026-07-31T13:57:00+00:00,CPUUtilization,13.355676743472761
2026-07-31T14:02:00+00:00,CPUUtilization,13.164835820596426
2026-07-31T14:07:00+00:00,CPUUtilization,13.11620400167756
2026-07-31T14:12:00+00:00,CPUUtilization,14.903679306859923
2026-07-31T14:17:00+00:00,CPUUtilization,14.25253867353465
2026-07-31T14:22:00+00:00,CPUUtilization,15.269659549851799
2026-07-31T14:27:00+00:00,CPUUtilization,14.936667862769905
2026-07-31T14:32:00+00:00,CPUUtilization,15.086988746820726
2026-07-31T14:37:00+00:00,CPUUtilization,14.300175679299505
2026-07-31T14:42:00+00:00,CPUUtilization,15.451291212175622
2026-07-31T14:47:00+00:00,CPUUtilization,15.163041640596678
2026-07-31T14:52:00+00:00,CPUUtilization,14.776495255669635
2026-07-31T14:57:00+00:00,CPUUtilization,15.235973090015872
2026-07-31T15:02:00+00:00,CPUUtilization,15.65288346917907
2026-07-31T15:07:00+00:00,CPUUtilization,15.003336057242592
2026-07-31T15:12:00+00:00,CPUUtilization,14.829370571574355
2026-07-31T15:17:00+00:00,CPUUtilization,14.483379778551864
2026-07-31T15:22:00+00:00,CPUUtilization,14.39
2026-07-31T15:27:00+00:00,CPUUtilization,14.929243478357355
2026-07-31T15:32:00+00:00,CPUUtilization,14.855624866333903
2026-07-31T15:37:00+00:00,CPUUtilization,14.53663638319627
2026-07-31T15:42:00+00:00,CPUUtilization,14.80490071224958
2026-07-31T15:47:00+00:00,CPUUtilization,14.86868167929271
2026-07-31T15:52:00+00:00,CPUUtilization,14.80698460620539
2026-07-31T15:57:00+00:00,CPUUtilization,15.815778133756234
2026-07-31T16:02:00+00:00,CPUUtilization,14.901339179383148
2026-07-31T16:07:00+00:00,CPUUtilization,15.323423819135105
2026-07-31T16:12:00+00:00,CPUUtilization,15.719397528852804
2026-07-31T16:17:00+00:00,CPUUtilization,16.029514173957846
2026-07-31T16:22:00+00:00,CPUUtilization,14.89131706307451
2026-07-31T16:27:00+00:00,CPUUtilization,15.6591657263402
2026-07-31T16:32:00+00:00,CPUUtilization,15.331649818366666
2026-07-31T16:37:00+00:00,CPUUtilization,16.048413129283084
2026-07-31T16:42:00+00:00,CPUUtilization,16.40687984528181
2026-07-31T16:47:00+00:00,CPUUtilization,16.03325861144544
2026-07-31T16:52:00+00:00,CPUUtilization,14.773177795762956
2026-07-31T16:57:00+00:00,CPUUtilization,15.1659418114452
2026-07-31T17:02:00+00:00,CPUUtilization,15.02037604820372
2026-07-31T17:07:00+00:00,CPUUtilization,15.256021004443607
2026-07-31T17:12:00+00:00,CPUUtilization,15.45060545463738
2026-07-31T17:17:00+00:00,CPUUtilization,15.550331245907088
2026-07-31T17:22:00+00:00,CPUUtilization,14.746222446960536
2026-07-31T17:27:00+00:00,CPUUtilization,14.962564059110946
2026-07-31T17:32:00+00:00,CPUUtilization,14.565055115445588
2026-07-31T17:37:00+00:00,CPUUtilization,14.859571544688823
2026-07-31T17:42:00+00:00,CPUUtilization,15.509725178326624
2026-07-31T17:47:00+00:00,CPUUtilization,15.084674990880842
2026-07-31T17:52:00+00:00,CPUUtilization,15.077570184106568
2026-07-31T17:57:00+00:00,CPUUtilization,15.354453362771991
2026-07-31T18:02:00+00:00,CPUUtilization,15.549937072370337
2026-07-31T18:07:00+00:00,CPUUtilization,16.058257301881614
2026-07-31T18:12:00+00:00,CPUUtilization,15.821024684578358
2026-07-31T18:17:00+00:00,CPUUtilization,15.268333333333334
2026-07-31T18:22:00+00:00,CPUUtilization,14.989878041008774
2026-07-31T18:27:00+00:00,CPUUtilization,15.738366707375615
2026-07-31T18:32:00+00:00,CPUUtilization,15.981468008632262
2026-07-31T18:37:00+00:00,CPUUtilization,14.977968962432296
2026-07-31T18:42:00+00:00,CPUUtilization,15.271014058498821
2026-07-31T18:47:00+00:00,CPUUtilization,15.721839030475323
2026-07-31T18:52:00+00:00,CPUUtilization,15.234350805638641
2026-07-31T18:57:00+00:00,CPUUtilization,15.78851193816286
2026-07-31T19:02:00+00:00,CPUUtilization,14.639679827625912
2026-07-31T19:07:00+00:00,CPUUtilization,15.285419883570949
2026-07-31T19:12:00+00:00,CPUUtilization,15.564115570766106
2026-07-31T19:17:00+00:00,CPUUtilization,14.886669029493982
2026-07-31T19:22:00+00:00,CPUUtilization,15.090019907687196
2026-07-31T19:27:00+00:00,CPUUtilization,15.191207597468026
2026-07-31T19:32:00+00:00,CPUUtilization,15.168488373813869
2026-07-31T19:37:00+00:00,CPUUtilization,15.200540376353553
2026-07-31T19:42:00+00:00,CPUUtilization,15.418321533502382
2026-07-31T19:47:00+00:00,CPUUtilization,15.339569354031047
2026-07-31T19:52:00+00:00,CPUUtilization,14.96206855444269
2026-07-31T19:57:00+00:00,CPUUtilization,15.6147988951575
2026-07-31T20:02:00+00:00,CPUUtilization,16.365000772333467
2026-07-31T20:07:00+00:00,CPUUtilization,15.266715891810975
2026-07-31T20:12:00+00:00,CPUUtilization,15.734791401092803
2026-07-31T20:17:00+00:00,CPUUtilization,16.001850825928503
2026-07-31T20:22:00+00:00,CPUUtilization,15.665756995964866
2026-07-31T20:27:00+00:00,CPUUtilization,16.217604979719678
2026-07-31T20:32:00+00:00,CPUUtilization,15.36333341837361
2026-07-31T20:37:00+00:00,CPUUtilization,15.589942657826361
2026-07-31T20:42:00+00:00,CPUUtilization,15.609815738223224
2026-07-31T20:47:00+00:00,CPUUtilization,15.451889887980121
2026-07-31T20:52:00+00:00,CPUUtilization,15.66285359035047
2026-07-31T20:57:00+00:00,CPUUtilization,15.44096167623315
2026-07-31T21:02:00+00:00,CPUUtilization,15.157011349428899
2026-07-31T21:07:00+00:00,CPUUtilization,15.076492268665357
2026-07-31T21:12:00+00:00,CPUUtilization,16.32886164538219
2026-07-31T21:17:00+00:00,CPUUtilization,15.0912478438749
2026-07-31T21:22:00+00:00,CPUUtilization,15.10872057569838
2026-07-31T21:27:00+00:00,CPUUtilization,15.56020316391321
2026-07-31T21:32:00+00:00,CPUUtilization,15.058512334549055
2026-07-31T21:37:00+00:00,CPUUtilization,15.419868815376162
2026-07-31T21:42:00+00:00,CPUUtilization,15.147364680325392
2026-07-31T21:47:00+00:00,CPUUtilization,15.133128192986385
2026-07-31T21:52:00+00:00,CPUUtilization,15.298497484538228
2026-07-31T21:57:00+00:00,CPUUtilization,15.363156713429026
2026-07-31T22:02:00+00:00,CPUUtilization,14.735670276211433
2026-07-31T22:07:00+00:00,CPUUtilization,14.93403149214289
2026-07-31T22:12:00+00:00,CPUUtilization,15.436028245587233
2026-07-31T22:17:00+00:00,CPUUtilization,15.248294327875817
2026-07-31T22:22:00+00:00,CPUUtilization,15.522339791738215
2026-07-31T22:27:00+00:00,CPUUtilization,15.443582176891947
2026-07-31T22:32:00+00:00,CPUUtilization,14.728268789836173
2026-07-31T22:37:00+00:00,CPUUtilization,15.683408333402653
2026-07-31T22:42:00+00:00,CPUUtilization,15.82885557790566
2026-07-31T22:47:00+00:00,CPUUtilization,14.972477611982061
2026-07-31T22:52:00+00:00,CPUUtilization,15.45756223129008
2026-07-31T22:57:00+00:00,CPUUtilization,15.918217627347712
2026-07-31T23:02:00+00:00,CPUUtilization,15.837414984993165
2026-07-31T23:07:00+00:00,CPUUtilization,15.015959210305784
2026-07-31T23:12:00+00:00,CPUUtilization,15.364254307110311
2026-07-31T23:17:00+00:00,CPUUtilization,14.890169825518754
2026-07-31T23:22:00+00:00,CPUUtilization,15.956318383940356
2026-07-31T23:27:00+00:00,CPUUtilization,15.868379537199157
2026-07-31T23:32:00+00:00,CPUUtilization,15.14987447045504
2026-07-31T23:37:00+00:00,CPUUtilization,15.774665320466468
2026-07-31T23:42:00+00:00,CPUUtilization,15.557207936477795
2026-07-31T23:47:00+00:00,CPUUtilization,14.870007949315664
2026-07-31T23:52:00+00:00,CPUUtilization,14.90541426949533
2026-07-31T23:57:00+00:00,CPUUtilization,16.584693891713073
2026-08-01T00:02:00+00:00,CPUUtilization,16.519806831657796
2026-08-01T00:07:00+00:00,CPUUtilization,16.81439379569277
2026-08-01T00:12:00+00:00,CPUUtilization,17.424492097711454
2026-08-01T00:17:00+00:00,CPUUtilization,17.8068246370513
2026-08-01T00:22:00+00:00,CPUUtilization,16.56189029836839
2026-08-01T00:27:00+00:00,CPUUtilization,17.56309806595068
2026-08-01T00:32:00+00:00,CPUUtilization,16.389771063303648
2026-08-01T00:37:00+00:00,CPUUtilization,17.030090103492956
2026-08-01T00:42:00+00:00,CPUUtilization,17.40550802045152
2026-08-01T00:47:00+00:00,CPUUtilization,16.450009149061877
2026-08-01T00:52:00+00:00,CPUUtilization,16.401603312045843
2026-08-01T00:57:00+00:00,CPUUtilization,15.458451747394736
2026-08-01T01:02:00+00:00,CPUUtilization,14.831231416544236
2026-08-01T01:07:00+00:00,CPUUtilization,15.504457189787393
2026-08-01T01:12:00+00:00,CPUUtilization,15.986445285433074
2026-08-01T01:17:00+00:00,CPUUtilization,15.17166605722685
2026-08-01T01:22:00+00:00,CPUUtilization,14.971698511369103
2026-08-01T01:27:00+00:00,CPUUtilization,14.582700186147775
2026-08-01T01:32:00+00:00,CPUUtilization,15.32079227525655
2026-08-01T01:37:00+00:00,CPUUtilization,14.953330668389814
2026-08-01T01:42:00+00:00,CPUUtilization,15.225002057323147
2026-08-01T01:47:00+00:00,CPUUtilization,15.19401177717205
2026-08-01T01:52:00+00:00,CPUUtilization,15.281176185866409
2026-08-01T01:57:00+00:00,CPUUtilization,15.99957921083938
2026-08-01T02:02:00+00:00,CPUUtilization,15.761967960751036
2026-08-01T02:07:00+00:00,CPUUtilization,15.079696731608578
2026-08-01T02:12:00+00:00,CPUUtilization,14.720854268395081
2026-08-01T02:17:00+00:00,CPUUtilization,15.372779303439236
2026-08-01T02:22:00+00:00,CPUUtilization,15.36337886294793
2026-08-01T02:27:00+00:00,CPUUtilization,15.122193928656376
2026-08-01T02:32:00+00:00,CPUUtilization,14.857852881260817
2026-08-01T02:37:00+00:00,CPUUtilization,15.061666666666667
2026-08-01T02:42:00+00:00,CPUUtilization,15.204761594020166
2026-08-01T02:47:00+00:00,CPUUtilization,15.480212508726567
2026-08-01T02:52:00+00:00,CPUUtilization,15.131743850518891
2026-08-01T02:57:00+00:00,CPUUtilization,15.236068343347924
2026-08-01T03:02:00+00:00,CPUUtilization,15.176251335817478
2026-08-01T03:07:00+00:00,CPUUtilization,15.228359515654336
2026-08-01T03:12:00+00:00,CPUUtilization,15.398357645295206
2026-08-01T03:17:00+00:00,CPUUtilization,14.791184707530567
2026-08-01T03:22:00+00:00,CPUUtilization,15.097773427992616
2026-08-01T03:27:00+00:00,CPUUtilization,15.219138051779888
2026-08-01T03:32:00+00:00,CPUUtilization,15.237448050332365
2026-08-01T03:37:00+00:00,CPUUtilization,15.248368198682007
2026-08-01T03:42:00+00:00,CPUUtilization,15.33917955452473
2026-08-01T03:47:00+00:00,CPUUtilization,14.642191115447961
2026-08-01T03:52:00+00:00,CPUUtilization,14.75923645406663
2026-08-01T03:57:00+00:00,CPUUtilization,14.880331876811203
2026-08-01T04:02:00+00:00,CPUUtilization,14.446878517041885
2026-08-01T04:07:00+00:00,CPUUtilization,14.873684421305565
2026-08-01T04:12:00+00:00,CPUUtilization,14.776244354965934
2026-08-01T04:17:00+00:00,CPUUtilization,14.670542815636242
2026-08-01T04:22:00+00:00,CPUUtilization,14.883478464476406
2026-08-01T04:27:00+00:00,CPUUtilization,15.07632725817792
2026-08-01T04:32:00+00:00,CPUUtilization,14.558330779378702
2026-08-01T04:37:00+00:00,CPUUtilization,15.399911056558983
2026-08-01T04:42:00+00:00,CPUUtilization,15.061290450494544
2026-08-01T04:47:00+00:00,CPUUtilization,15.313203262817598
2026-08-01T04:52:00+00:00,CPUUtilization,15.060631584677612
2026-08-01T04:57:00+00:00,CPUUtilization,15.608444724442162
2026-08-01T05:02:00+00:00,CPUUtilization,14.600049223042603
2026-08-01T05:07:00+00:00,CPUUtilization,15.014926786214309
2026-08-01T05:12:00+00:00,CPUUtilization,15.249767457096368
2026-08-01T05:17:00+00:00,CPUUtilization,15.133524852495333
2026-08-01T05:22:00+00:00,CPUUtilization,15.00979220276152
2026-08-01T05:27:00+00:00,CPUUtilization,15.305734603293342
2026-08-01T05:32:00+00:00,CPUUtilization,14.949904783862888
2026-08-01T05:37:00+00:00,CPUUtilization,15.06325415751748
2026-08-01T05:42:00+00:00,CPUUtilization,14.7928729543146
2026-08-01T05:47:00+00:00,CPUUtilization,15.220116333702094
2026-08-01T05:52:00+00:00,CPUUtilization,15.131810141304038
2026-08-01T05:57:00+00:00,CPUUtilization,48.81388098372195
2026-08-01T06:02:00+00:00,CPUUtilization,63.491737259568325
2026-08-01T06:07:00+00:00,CPUUtilization,64.15638326076333
2026-08-01T06:12:00+00:00,CPUUtilization,64.40531309010753
2026-08-01T06:17:00+00:00,CPUUtilization,19.517071128700618
2026-08-01T06:22:00+00:00,CPUUtilization,15.211757973911427
2026-08-01T06:27:00+00:00,CPUUtilization,15.254694040320299
2026-08-01T06:32:00+00:00,CPUUtilization,14.855224111927129
2026-08-01T06:37:00+00:00,CPUUtilization,15.029879553589016
2026-08-01T06:42:00+00:00,CPUUtilization,14.809999999999999
2026-08-01T06:47:00+00:00,CPUUtilization,14.886486759198274
2026-08-01T06:52:00+00:00,CPUUtilization,15.32344592081877
2026-08-01T06:57:00+00:00,CPUUtilization,15.591354966919857
2026-08-01T07:02:00+00:00,CPUUtilization,14.91330631794826
2026-08-01T07:07:00+00:00,CPUUtilization,14.635041032696781
2026-08-01T07:12:00+00:00,CPUUtilization,14.678333333333333
2026-08-01T07:17:00+00:00,CPUUtilization,14.681421231698064
2026-08-01T07:22:00+00:00,CPUUtilization,14.915149427681843
2026-08-01T07:27:00+00:00,CPUUtilization,15.466523704120647
2026-08-01T07:32:00+00:00,CPUUtilization,15.003091393694922
2026-08-01T07:37:00+00:00,CPUUtilization,15.460241202128723
2026-08-01T07:42:00+00:00,CPUUtilization,14.870000000000001
2026-08-01T07:47:00+00:00,CPUUtilization,14.781328833386217
2026-08-01T07:52:00+00:00,CPUUtilization,15.064583224640472
2026-08-01T07:57:00+00:00,CPUUtilization,15.84162405513633
2026-08-01T08:02:00+00:00,CPUUtilization,15.31206615134209
2026-08-01T08:07:00+00:00,CPUUtilization,15.124799641837962
2026-08-01T08:12:00+00:00,CPUUtilization,15.188216247192013
2026-08-01T08:17:00+00:00,CPUUtilization,15.151960902144584
2026-08-01T08:22:00+00:00,CPUUtilization,15.02861909186988
2026-08-01T08:27:00+00:00,CPUUtilization,15.313333333333333
2026-08-01T08:32:00+00:00,CPUUtilization,14.590042214639164
2026-08-01T08:37:00+00:00,CPUUtilization,14.653368847455747
2026-08-01T08:42:00+00:00,CPUUtilization,14.888359698456025
2026-08-01T08:47:00+00:00,CPUUtilization,14.610169507704132
2026-08-01T08:52:00+00:00,CPUUtilization,14.514626277584918
2026-08-01T08:57:00+00:00,CPUUtilization,14.677852524309964
2026-08-01T09:02:00+00:00,CPUUtilization,14.226886861556903
2026-08-01T09:07:00+00:00,CPUUtilization,14.795012323041888
2026-08-01T09:12:00+00:00,CPUUtilization,15.350339999016388
2026-08-01T09:17:00+00:00,CPUUtilization,14.780081656351815
2026-08-01T09:22:00+00:00,CPUUtilization,14.674722943940433
2026-08-01T09:27:00+00:00,CPUUtilization,15.181206962107362
2026-08-01T09:32:00+00:00,CPUUtilization,14.604859703656391
2026-08-01T09:37:00+00:00,CPUUtilization,15.578292029361668
2026-08-01T09:42:00+00:00,CPUUtilization,15.108361119301739
2026-08-01T09:47:00+00:00,CPUUtilization,14.346621854614929
2026-08-01T09:52:00+00:00,CPUUtilization,15.201329282503746
2026-08-01T09:57:00+00:00,CPUUtilization,15.982171143404253
2026-08-01T10:02:00+00:00,CPUUtilization,14.86393354415992
2026-08-01T10:07:00+00:00,CPUUtilization,14.716666666666665
2026-08-01T10:12:00+00:00,CPUUtilization,14.914481164687874
2026-08-01T10:17:00+00:00,CPUUtilization,14.621666666666666
2026-08-01T10:22:00+00:00,CPUUtilization,14.408105606960621
2026-08-01T10:27:00+00:00,CPUUtilization,14.983340285309083
2026-08-01T10:32:00+00:00,CPUUtilization,14.151666666666666
2026-08-01T10:37:00+00:00,CPUUtilization,15.40656274841849
2026-08-01T10:42:00+00:00,CPUUtilization,15.180094968554993
2026-08-01T10:47:00+00:00,CPUUtilization,14.601784498445102
2026-08-01T10:52:00+00:00,CPUUtilization,14.783190261672365
2026-08-01T10:57:00+00:00,CPUUtilization,14.40998998935994
2026-08-01T11:02:00+00:00,CPUUtilization,14.604900620013083
2026-08-01T11:07:00+00:00,CPUUtilization,15.004995698403928
2026-08-01T11:12:00+00:00,CPUUtilization,15.322840381902486
2026-08-01T11:17:00+00:00,CPUUtilization,14.576465362806392
2026-08-01T11:22:00+00:00,CPUUtilization,14.584762725247751
2026-08-01T11:27:00+00:00,CPUUtilization,15.143311690473814
2026-08-01T11:32:00+00:00,CPUUtilization,14.879556467535696
2026-08-01T11:37:00+00:00,CPUUtilization,14.716666666666669
2026-08-01T11:42:00+00:00,CPUUtilization,14.768586278239397
2026-08-01T11:47:00+00:00,CPUUtilization,14.66024185032597
2026-08-01T11:52:00+00:00,CPUUtilization,15.14163386597456
2026-08-01T11:57:00+00:00,CPUUtilization,15.138349601769685
2026-08-01T12:02:00+00:00,CPUUtilization,14.711769693806014
2026-08-01T12:07:00+00:00,CPUUtilization,15.17499016724076
2026-08-01T12:12:00+00:00,CPUUtilization,15.21939516793482
2026-08-01T12:17:00+00:00,CPUUtilization,14.748493157111554
2026-08-01T12:22:00+00:00,CPUUtilization,14.663318761032517
2026-08-01T12:27:00+00:00,CPUUtilization,15.022869345207772
2026-08-01T12:32:00+00:00,CPUUtilization,14.805001741702068
2026-08-01T12:37:00+00:00,CPUUtilization,14.843158323518669
2026-08-01T12:42:00+00:00,CPUUtilization,14.794688099230694
2026-08-01T12:47:00+00:00,CPUUtilization,14.161474232112118
2026-08-01T12:52:00+00:00,CPUUtilization,14.871800397400708
2026-08-01T12:57:00+00:00,CPUUtilization,14.429653546068124
2026-08-01T13:02:00+00:00,CPUUtilization,14.241815028697099
2026-08-01T13:07:00+00:00,CPUUtilization,14.279975368358123
2026-08-01T13:12:00+00:00,CPUUtilization,13.988330662346765
2026-08-01T13:17:00+00:00,CPUUtilization,14.093160632494076
2026-08-01T13:22:00+00:00,CPUUtilization,14.260004776452366
2026-08-01T13:27:00+00:00,CPUUtilization,13.978156423856893
2026-08-01T13:32:00+00:00,CPUUtilization,13.866666666666669
2026-08-01T13:37:00+00:00,CPUUtilization,14.128364147017304
2026-08-01T13:42:00+00:00,CPUUtilization,13.870233837803639
2026-08-01T13:47:00+00:00,CPUUtilization,13.683197620366013
2026-08-01T13:52:00+00:00,CPUUtilization,13.456061600148368
2026-08-01T13:57:00+00:00,CPUUtilization,14.033867503579634
2026-08-01T14:02:00+00:00,CPUUtilization,13.772530800257215
2026-08-01T14:07:00+00:00,CPUUtilization,13.815412369559388
2026-08-01T14:12:00+00:00,CPUUtilization,13.936342071925466
2026-08-01T14:17:00+00:00,CPUUtilization,14.06005122871739
2026-08-01T14:22:00+00:00,CPUUtilization,13.787720482377082
2026-08-01T14:27:00+00:00,CPUUtilization,13.84304130473023
2026-08-01T14:32:00+00:00,CPUUtilization,13.29424932056445
2026-08-01T14:37:00+00:00,CPUUtilization,13.877452341538987
2026-08-01T14:42:00+00:00,CPUUtilization,14.12390652444038
2026-08-01T14:47:00+00:00,CPUUtilization,13.321108456506725
2026-08-01T14:52:00+00:00,CPUUtilization,13.831666666666669
2026-08-01T14:57:00+00:00,CPUUtilization,14.763403080427263
2026-08-01T15:02:00+00:00,CPUUtilization,14.584921393159155
2026-08-01T15:07:00+00:00,CPUUtilization,14.3251168830293
2026-08-01T15:12:00+00:00,CPUUtilization,15.128291407230886
2026-08-01T15:17:00+00:00,CPUUtilization,14.144754981740576
2026-08-01T15:22:00+00:00,CPUUtilization,14.730408726929122
2026-08-01T15:27:00+00:00,CPUUtilization,14.813009183730818
2026-08-01T15:32:00+00:00,CPUUtilization,14.573574169298855
2026-08-01T15:37:00+00:00,CPUUtilization,15.266687087634091
2026-08-01T15:42:00+00:00,CPUUtilization,15.1514762661069
2026-08-01T15:47:00+00:00,CPUUtilization,15.046883927078525
2026-08-01T15:52:00+00:00,CPUUtilization,14.822708753777118
2026-08-01T15:57:00+00:00,CPUUtilization,14.216190609011548
2026-08-01T16:02:00+00:00,CPUUtilization,13.466485976233605
2026-08-01T16:07:00+00:00,CPUUtilization,13.717420464799336
2026-08-01T16:12:00+00:00,CPUUtilization,13.580572646446644
2026-08-01T16:17:00+00:00,CPUUtilization,13.321653927375285
2026-08-01T16:22:00+00:00,CPUUtilization,13.716354086379198
2026-08-01T16:27:00+00:00,CPUUtilization,13.989755054099565
2026-08-01T16:32:00+00:00,CPUUtilization,13.343834496580737
2026-08-01T16:37:00+00:00,CPUUtilization,13.381404247931437
2026-08-01T16:42:00+00:00,CPUUtilization,13.554428476812433
2026-08-01T16:47:00+00:00,CPUUtilization,13.536664557073147
2026-08-01T16:52:00+00:00,CPUUtilization,13.72571815601683
2026-08-01T16:57:00+00:00,CPUUtilization,14.228068909933748
2026-08-01T17:02:00+00:00,CPUUtilization,14.310042849995076
2026-08-01T17:07:00+00:00,CPUUtilization,14.646316891154655
2026-08-01T17:12:00+00:00,CPUUtilization,14.256822921487677
2026-08-01T17:17:00+00:00,CPUUtilization,13.880055202396914
2026-08-01T17:22:00+00:00,CPUUtilization,14.46344878462711
2026-08-01T17:27:00+00:00,CPUUtilization,14.461718364146321
2026-08-01T17:32:00+00:00,CPUUtilization,14.298157705589706
2026-08-01T17:37:00+00:00,CPUUtilization,14.478221622149615
2026-08-01T17:42:00+00:00,CPUUtilization,14.502810124914006
2026-08-01T17:47:00+00:00,CPUUtilization,13.9551793446028
2026-08-01T17:52:00+00:00,CPUUtilization,14.694992941644426
2026-08-01T17:57:00+00:00,CPUUtilization,14.00485678894707
2026-08-01T18:02:00+00:00,CPUUtilization,13.656409072982353
2026-08-01T18:07:00+00:00,CPUUtilization,13.97726583815873
2026-08-01T18:12:00+00:00,CPUUtilization,13.89801724191528
2026-08-01T18:17:00+00:00,CPUUtilization,13.732223967530256
2026-08-01T18:22:00+00:00,CPUUtilization,13.490958517393214
2026-08-01T18:27:00+00:00,CPUUtilization,14.013333333333332
2026-08-01T18:32:00+00:00,CPUUtilization,13.939779363998246
2026-08-01T18:37:00+00:00,CPUUtilization,13.928333333333331
2026-08-01T18:42:00+00:00,CPUUtilization,13.648398634914255
2026-08-01T18:47:00+00:00,CPUUtilization,13.491625460938371
2026-08-01T18:52:00+00:00,CPUUtilization,13.523480665941218
2026-08-01T18:57:00+00:00,CPUUtilization,14.259541672923026
2026-08-01T19:02:00+00:00,CPUUtilization,13.743698823432121
2026-08-01T19:07:00+00:00,CPUUtilization,14.166707295697597
2026-08-01T19:12:00+00:00,CPUUtilization,14.179803608023715
2026-08-01T19:17:00+00:00,CPUUtilization,13.93458380808936
2026-08-01T19:22:00+00:00,CPUUtilization,14.038333333333332
2026-08-01T19:27:00+00:00,CPUUtilization,14.297945853506203
2026-08-01T19:32:00+00:00,CPUUtilization,13.890263556598905
2026-08-01T19:37:00+00:00,CPUUtilization,14.1703917397705
2026-08-01T19:42:00+00:00,CPUUtilization,14.046994190775559
2026-08-01T19:47:00+00:00,CPUUtilization,13.933403934470126
2026-08-01T19:52:00+00:00,CPUUtilization,13.760118222843655
2026-08-01T19:57:00+00:00,CPUUtilization,14.318572226058695
2026-08-01T20:02:00+00:00,CPUUtilization,13.96652961629864
2026-08-01T20:07:00+00:00,CPUUtilization,14.360048880146575
2026-08-01T20:12:00+00:00,CPUUtilization,14.021607148480125
2026-08-01T20:17:00+00:00,CPUUtilization,13.889971315382681
2026-08-01T20:22:00+00:00,CPUUtilization,14.013507590406041
2026-08-01T20:27:00+00:00,CPUUtilization,14.241091306724423
2026-08-01T20:32:00+00:00,CPUUtilization,14.106471656853438
2026-08-01T20:37:00+00:00,CPUUtilization,13.883126479240236
2026-08-01T20:42:00+00:00,CPUUtilization,13.721666666666668
2026-08-01T20:47:00+00:00,CPUUtilization,14.111931541027724
2026-08-01T20:52:00+00:00,CPUUtilization,14.062948046314522
2026-08-01T20:57:00+00:00,CPUUtilization,13.948333333333334
2026-08-01T21:02:00+00:00,CPUUtilization,13.738348986685171
2026-08-01T21:07:00+00:00,CPUUtilization,14.126940712252136
2026-08-01T21:12:00+00:00,CPUUtilization,13.790023966383028
2026-08-01T21:17:00+00:00,CPUUtilization,13.678489713505744
2026-08-01T21:22:00+00:00,CPUUtilization,13.895300908373155
2026-08-01T21:27:00+00:00,CPUUtilization,14.17517979112365
2026-08-01T21:32:00+00:00,CPUUtilization,13.279467933929059
2026-08-01T21:37:00+00:00,CPUUtilization,13.988509797060644
2026-08-01T21:42:00+00:00,CPUUtilization,14.223474642803467
2026-08-01T21:47:00+00:00,CPUUtilization,14.09049056657567
2026-08-01T21:52:00+00:00,CPUUtilization,13.929911219866312
2026-08-01T21:57:00+00:00,CPUUtilization,14.111383095865728
2026-08-01T22:02:00+00:00,CPUUtilization,13.868731484102273
2026-08-01T22:07:00+00:00,CPUUtilization,13.93753406886215
2026-08-01T22:12:00+00:00,CPUUtilization,14.437085130117712
2026-08-01T22:17:00+00:00,CPUUtilization,14.221193074069745
2026-08-01T22:22:00+00:00,CPUUtilization,14.725364706109087
2026-08-01T22:27:00+00:00,CPUUtilization,14.016557750379553
2026-08-01T22:32:00+00:00,CPUUtilization,13.545574194013861
2026-08-01T22:37:00+00:00,CPUUtilization,14.139416419946333
2026-08-01T22:42:00+00:00,CPUUtilization,14.12652557319224
2026-08-01T22:47:00+00:00,CPUUtilization,13.610667878963053
2026-08-01T22:52:00+00:00,CPUUtilization,13.73618351904204
2026-08-01T22:57:00+00:00,CPUUtilization,14.241423075620407
2026-08-01T23:02:00+00:00,CPUUtilization,13.451666666666664
2026-08-01T23:07:00+00:00,CPUUtilization,14.100014399996828
2026-08-01T23:12:00+00:00,CPUUtilization,13.83849821689913
2026-08-01T23:17:00+00:00,CPUUtilization,13.482473522094159
2026-08-01T23:22:00+00:00,CPUUtilization,13.977596349711717
2026-08-01T23:27:00+00:00,CPUUtilization,14.118333333333336
2026-08-01T23:32:00+00:00,CPUUtilization,13.395
2026-08-01T23:37:00+00:00,CPUUtilization,15.56673712173712
2026-08-01T23:42:00+00:00,CPUUtilization,13.8647292644359
2026-08-01T23:47:00+00:00,CPUUtilization,13.378957708957708
2026-08-01T23:52:00+00:00,CPUUtilization,13.590907822542288
2026-08-01T23:57:00+00:00,CPUUtilization,14.128142027724596
2026-08-02T00:02:00+00:00,CPUUtilization,16.41527181895585
2026-08-02T00:07:00+00:00,CPUUtilization,13.939799092526147
2026-08-02T00:12:00+00:00,CPUUtilization,14.072145953718367
2026-08-02T00:17:00+00:00,CPUUtilization,13.56928696277158
2026-08-02T00:22:00+00:00,CPUUtilization,14.295429323762656
2026-08-02T00:27:00+00:00,CPUUtilization,14.246184315613396
2026-08-02T00:32:00+00:00,CPUUtilization,13.996693311392894
2026-08-02T00:37:00+00:00,CPUUtilization,14.151666666666666
2026-08-02T00:42:00+00:00,CPUUtilization,14.238380451713786
2026-08-02T00:47:00+00:00,CPUUtilization,13.845094455615339
2026-08-02T00:52:00+00:00,CPUUtilization,13.893667998667999
2026-08-02T00:57:00+00:00,CPUUtilization,13.889690051194645
2026-08-02T01:02:00+00:00,CPUUtilization,13.921740528407195
2026-08-02T01:07:00+00:00,CPUUtilization,14.28403995796163
2026-08-02T01:12:00+00:00,CPUUtilization,13.989941236116058
2026-08-02T01:17:00+00:00,CPUUtilization,14.060211651180088
2026-08-02T01:22:00+00:00,CPUUtilization,14.05773845585349
2026-08-02T01:27:00+00:00,CPUUtilization,14.465000000000003
2026-08-02T01:32:00+00:00,CPUUtilization,13.776666666666666
2026-08-02T01:37:00+00:00,CPUUtilization,13.987157586413968
2026-08-02T01:42:00+00:00,CPUUtilization,14.596344188270882
2026-08-02T01:47:00+00:00,CPUUtilization,13.933333333333332
2026-08-02T01:52:00+00:00,CPUUtilization,14.318207782031376
2026-08-02T01:57:00+00:00,CPUUtilization,14.147001207951723
2026-08-02T02:02:00+00:00,CPUUtilization,13.725062487242216
2026-08-02T02:07:00+00:00,CPUUtilization,14.10762604969456
2026-08-02T02:12:00+00:00,CPUUtilization,14.0067522018628
2026-08-02T02:17:00+00:00,CPUUtilization,13.825035553368886
2026-08-02T02:22:00+00:00,CPUUtilization,13.830144525583728
2026-08-02T02:27:00+00:00,CPUUtilization,14.29670557337224
2026-08-02T02:32:00+00:00,CPUUtilization,14.102077914326728
2026-08-02T02:37:00+00:00,CPUUtilization,14.016593187841988
2026-08-02T02:42:00+00:00,CPUUtilization,14.411413184440084
2026-08-02T02:47:00+00:00,CPUUtilization,13.635047939021351
2026-08-02T02:52:00+00:00,CPUUtilization,13.830000000000002
2026-08-02T02:57:00+00:00,CPUUtilization,13.893115382310834
2026-08-02T03:02:00+00:00,CPUUtilization,13.806900638846267
2026-08-02T03:07:00+00:00,CPUUtilization,14.463230695877035
2026-08-02T03:12:00+00:00,CPUUtilization,14.890174640136127
2026-08-02T03:17:00+00:00,CPUUtilization,14.42679711004775
2026-08-02T03:22:00+00:00,CPUUtilization,14.796304280558553
2026-08-02T03:27:00+00:00,CPUUtilization,15.423465646831753
2026-08-02T03:32:00+00:00,CPUUtilization,15.605156427386598
2026-08-02T03:37:00+00:00,CPUUtilization,15.184103349518455
2026-08-02T03:42:00+00:00,CPUUtilization,15.097570341443879
2026-08-02T03:47:00+00:00,CPUUtilization,15.561812493432294
2026-08-02T03:52:00+00:00,CPUUtilization,15.224292428178265
2026-08-02T03:57:00+00:00,CPUUtilization,14.678339483213028
2026-08-02T04:02:00+00:00,CPUUtilization,14.06683176774338
2026-08-02T04:07:00+00:00,CPUUtilization,14.30515887139355
2026-08-02T04:12:00+00:00,CPUUtilization,14.500000084916204
2026-08-02T04:17:00+00:00,CPUUtilization,14.41608591397715
2026-08-02T04:22:00+00:00,CPUUtilization,15.106140192290706
2026-08-02T04:27:00+00:00,CPUUtilization,15.928288673760312
2026-08-02T04:32:00+00:00,CPUUtilization,15.360053096584943
2026-08-02T04:37:00+00:00,CPUUtilization,15.15462261478659
2026-08-02T04:42:00+00:00,CPUUtilization,14.909510802541522
2026-08-02T04:47:00+00:00,CPUUtilization,14.657012343095648
2026-08-02T04:52:00+00:00,CPUUtilization,14.305441460983428
2026-08-02T04:57:00+00:00,CPUUtilization,14.816782097219303
2026-08-02T05:02:00+00:00,CPUUtilization,14.126572104209462
2026-08-02T05:07:00+00:00,CPUUtilization,14.240373575207357
2026-08-02T05:12:00+00:00,CPUUtilization,14.728483151637235
2026-08-02T05:17:00+00:00,CPUUtilization,14.566051434404631
2026-08-02T05:22:00+00:00,CPUUtilization,14.757703795806425
2026-08-02T05:27:00+00:00,CPUUtilization,14.83947722932225
2026-08-02T05:32:00+00:00,CPUUtilization,14.3863011551834
2026-08-02T05:37:00+00:00,CPUUtilization,14.585523197432693
2026-08-02T05:42:00+00:00,CPUUtilization,14.564258471250318
2026-08-02T05:47:00+00:00,CPUUtilization,14.522954525056182
2026-08-02T05:52:00+00:00,CPUUtilization,14.629736290800324
2026-08-02T05:57:00+00:00,CPUUtilization,14.754416250030676
2026-08-02T06:02:00+00:00,CPUUtilization,14.206062137777394
2026-08-02T06:07:00+00:00,CPUUtilization,14.816104780122904
2026-08-02T06:12:00+00:00,CPUUtilization,15.224465493404315
2026-08-02T06:17:00+00:00,CPUUtilization,16.337080187580288
2026-08-02T06:22:00+00:00,CPUUtilization,15.376101475429873
2026-08-02T06:27:00+00:00,CPUUtilization,15.143391046615426
2026-08-02T06:32:00+00:00,CPUUtilization,14.966815620014637
2026-08-02T06:37:00+00:00,CPUUtilization,15.688322862827699
2026-08-02T06:42:00+00:00,CPUUtilization,15.274619378693226
2026-08-02T06:47:00+00:00,CPUUtilization,15.178828671549823
2026-08-02T06:52:00+00:00,CPUUtilization,15.182707645950677
2026-08-02T06:57:00+00:00,CPUUtilization,14.962903746748646
2026-08-02T07:02:00+00:00,CPUUtilization,14.135851863400557
2026-08-02T07:07:00+00:00,CPUUtilization,14.672257571673423
2026-08-02T07:12:00+00:00,CPUUtilization,14.94927283060629
2026-08-02T07:17:00+00:00,CPUUtilization,15.043771533257493
2026-08-02T07:22:00+00:00,CPUUtilization,14.635549054640919
2026-08-02T07:27:00+00:00,CPUUtilization,15.204567005503552
2026-08-02T07:32:00+00:00,CPUUtilization,14.585779124474053
2026-08-02T07:37:00+00:00,CPUUtilization,14.835426699637708
2026-08-02T07:42:00+00:00,CPUUtilization,15.043378859473359
2026-08-02T07:47:00+00:00,CPUUtilization,14.842899096593626
2026-08-02T07:52:00+00:00,CPUUtilization,15.125150725239191
2026-08-02T07:57:00+00:00,CPUUtilization,15.003654891056915
2026-08-02T08:02:00+00:00,CPUUtilization,14.403607356687672
2026-08-02T08:07:00+00:00,CPUUtilization,14.399154071659137
2026-08-02T08:12:00+00:00,CPUUtilization,15.06175132595612
2026-08-02T08:17:00+00:00,CPUUtilization,15.188908001280433
2026-08-02T08:22:00+00:00,CPUUtilization,15.058972029449398
2026-08-02T08:27:00+00:00,CPUUtilization,15.061441306605355
2026-08-02T08:32:00+00:00,CPUUtilization,14.189256267773024
2026-08-02T08:37:00+00:00,CPUUtilization,14.48665678267802
2026-08-02T08:42:00+00:00,CPUUtilization,15.226631018507746
2026-08-02T08:47:00+00:00,CPUUtilization,14.77569214414351
2026-08-02T08:52:00+00:00,CPUUtilization,14.771861183719476
2026-08-02T08:57:00+00:00,CPUUtilization,15.612574951164031
2026-08-02T09:02:00+00:00,CPUUtilization,14.393287021445229
2026-08-02T09:07:00+00:00,CPUUtilization,14.682301635686112
2026-08-02T09:12:00+00:00,CPUUtilization,14.777027720941556
2026-08-02T09:17:00+00:00,CPUUtilization,14.501602246226355
2026-08-02T09:22:00+00:00,CPUUtilization,14.662456249037504
2026-08-02T09:27:00+00:00,CPUUtilization,15.114184399462427
2026-08-02T09:32:00+00:00,CPUUtilization,14.681045563842275
2026-08-02T09:37:00+00:00,CPUUtilization,14.805529514832454
2026-08-02T09:42:00+00:00,CPUUtilization,14.816191521313076
2026-08-02T09:47:00+00:00,CPUUtilization,14.61258834094122
2026-08-02T09:52:00+00:00,CPUUtilization,14.755624598904507
2026-08-02T09:57:00+00:00,CPUUtilization,16.01290629812517
2026-08-02T10:02:00+00:00,CPUUtilization,14.658004384503233
2026-08-02T10:07:00+00:00,CPUUtilization,15.20332955120762
2026-08-02T10:12:00+00:00,CPUUtilization,15.104206492815532
2026-08-02T10:17:00+00:00,CPUUtilization,15.16841610817556
2026-08-02T10:22:00+00:00,CPUUtilization,15.171634860968089
2026-08-02T10:27:00+00:00,CPUUtilization,15.495056391500942
2026-08-02T10:32:00+00:00,CPUUtilization,14.669950946846281
2026-08-02T10:37:00+00:00,CPUUtilization,14.70087486357313
2026-08-02T10:42:00+00:00,CPUUtilization,15.376657017344971
2026-08-02T10:47:00+00:00,CPUUtilization,14.939518716556103
2026-08-02T10:52:00+00:00,CPUUtilization,15.08533837899524
2026-08-02T10:57:00+00:00,CPUUtilization,15.449472761297269
2026-08-02T11:02:00+00:00,CPUUtilization,14.831848523759854
2026-08-02T11:07:00+00:00,CPUUtilization,15.233392008794198
2026-08-02T11:12:00+00:00,CPUUtilization,15.764464122018486
2026-08-02T11:17:00+00:00,CPUUtilization,14.85836490056721
2026-08-02T11:22:00+00:00,CPUUtilization,14.863417763481175
2026-08-02T11:27:00+00:00,CPUUtilization,15.4729840464858
2026-08-02T11:32:00+00:00,CPUUtilization,15.006410360467907
2026-08-02T11:37:00+00:00,CPUUtilization,15.01893166993322
2026-08-02T11:42:00+00:00,CPUUtilization,15.32644202220954
2026-08-02T11:47:00+00:00,CPUUtilization,14.433524977370336
2026-08-02T11:52:00+00:00,CPUUtilization,14.611598102726024
2026-08-02T11:57:00+00:00,CPUUtilization,15.137937301802799
2026-08-02T12:02:00+00:00,CPUUtilization,14.73334740499352
2026-08-02T12:07:00+00:00,CPUUtilization,14.952315987032387
2026-08-02T12:12:00+00:00,CPUUtilization,15.3774333997623
2026-08-02T12:17:00+00:00,CPUUtilization,14.666177338126314
2026-08-02T12:22:00+00:00,CPUUtilization,14.496921677179989
2026-08-02T12:27:00+00:00,CPUUtilization,15.113624828727803
2026-08-02T12:32:00+00:00,CPUUtilization,15.251253971028444
2026-08-02T12:37:00+00:00,CPUUtilization,15.470517403368666
2026-08-02T12:42:00+00:00,CPUUtilization,15.450755490903191
2026-08-02T12:47:00+00:00,CPUUtilization,14.883031680084205
2026-08-02T12:52:00+00:00,CPUUtilization,14.756001227653991
2026-08-02T12:57:00+00:00,CPUUtilization,15.349531338450245
2026-08-02T13:02:00+00:00,CPUUtilization,14.671912186826422
2026-08-02T13:07:00+00:00,CPUUtilization,14.20816637923711
2026-08-02T13:12:00+00:00,CPUUtilization,14.682847744932229
2026-08-02T13:17:00+00:00,CPUUtilization,14.520127588924643
2026-08-02T13:22:00+00:00,CPUUtilization,14.368908197495184
2026-08-02T13:27:00+00:00,CPUUtilization,15.455524982007551
2026-08-02T13:32:00+00:00,CPUUtilization,15.081272039539176
2026-08-02T13:37:00+00:00,CPUUtilization,14.986029265683001
2026-08-02T13:42:00+00:00,CPUUtilization,14.862784698783468
2026-08-02T13:47:00+00:00,CPUUtilization,14.694945492419379
2026-08-02T13:52:00+00:00,CPUUtilization,14.274803944475693
2026-08-02T13:57:00+00:00,CPUUtilization,15.216678454537966
2026-08-02T14:02:00+00:00,CPUUtilization,14.091482003205778
2026-08-02T14:07:00+00:00,CPUUtilization,14.914999057269444
2026-08-02T14:12:00+00:00,CPUUtilization,14.561729683713036
2026-08-02T14:17:00+00:00,CPUUtilization,14.403969172512792
2026-08-02T14:22:00+00:00,CPUUtilization,14.382209793548503
2026-08-02T14:27:00+00:00,CPUUtilization,14.622331865915513
2026-08-02T14:32:00+00:00,CPUUtilization,14.181804137475883
2026-08-02T14:37:00+00:00,CPUUtilization,14.13915975055188
2026-08-02T14:42:00+00:00,CPUUtilization,14.243055718288588
2026-08-02T14:47:00+00:00,CPUUtilization,14.271709935837436
2026-08-02T14:52:00+00:00,CPUUtilization,13.906161611995604
2026-08-02T14:57:00+00:00,CPUUtilization,14.918305852153079
2026-08-02T15:02:00+00:00,CPUUtilization,14.207166380542423
2026-08-02T15:07:00+00:00,CPUUtilization,14.031629389321116
2026-08-02T15:12:00+00:00,CPUUtilization,14.592787205101507
2026-08-02T15:17:00+00:00,CPUUtilization,14.6027700391803
2026-08-02T15:22:00+00:00,CPUUtilization,14.615917583989766
2026-08-02T15:27:00+00:00,CPUUtilization,15.492429839596875
2026-08-02T15:32:00+00:00,CPUUtilization,13.900472718912813
2026-08-02T15:37:00+00:00,CPUUtilization,14.378473227674192
2026-08-02T15:42:00+00:00,CPUUtilization,14.69157429830992
2026-08-02T15:47:00+00:00,CPUUtilization,14.106665834902776
2026-08-02T15:52:00+00:00,CPUUtilization,14.216666529345833
2026-08-02T15:57:00+00:00,CPUUtilization,15.016446087677398
2026-08-02T16:02:00+00:00,CPUUtilization,14.208126488632237
2026-08-02T16:07:00+00:00,CPUUtilization,14.549414727175066
2026-08-02T16:12:00+00:00,CPUUtilization,14.714286299246037
2026-08-02T16:17:00+00:00,CPUUtilization,14.196487484661512
2026-08-02T16:22:00+00:00,CPUUtilization,14.38697104793324
2026-08-02T16:27:00+00:00,CPUUtilization,14.807508030374205
2026-08-02T16:32:00+00:00,CPUUtilization,14.344573867235033
2026-08-02T16:37:00+00:00,CPUUtilization,14.44431908420313
2026-08-02T16:42:00+00:00,CPUUtilization,14.724069290655422
2026-08-02T16:47:00+00:00,CPUUtilization,14.07562669131537
2026-08-02T16:52:00+00:00,CPUUtilization,14.40503301540586
2026-08-02T16:57:00+00:00,CPUUtilization,14.919330158760497
2026-08-02T17:02:00+00:00,CPUUtilization,14.122628063817672
2026-08-02T17:07:00+00:00,CPUUtilization,14.273444302950494
2026-08-02T17:12:00+00:00,CPUUtilization,14.27725136475578
2026-08-02T17:17:00+00:00,CPUUtilization,14.266388216044012
2026-08-02T17:22:00+00:00,CPUUtilization,14.955294832890601
2026-08-02T17:27:00+00:00,CPUUtilization,15.159802272718201
2026-08-02T17:32:00+00:00,CPUUtilization,16.67788152470372
2026-08-02T17:37:00+00:00,CPUUtilization,14.385186095873063
2026-08-02T17:42:00+00:00,CPUUtilization,14.681970952576597
2026-08-02T17:47:00+00:00,CPUUtilization,14.630787994207472
2026-08-02T17:52:00+00:00,CPUUtilization,14.266407422615003
2026-08-02T17:57:00+00:00,CPUUtilization,14.469247789129174
2026-08-02T18:02:00+00:00,CPUUtilization,14.320273071096413
2026-08-02T18:07:00+00:00,CPUUtilization,14.737400499052004
2026-08-02T18:12:00+00:00,CPUUtilization,15.19600195697215
2026-08-02T18:17:00+00:00,CPUUtilization,14.873982392197979
2026-08-02T18:22:00+00:00,CPUUtilization,14.585886561210007
2026-08-02T18:27:00+00:00,CPUUtilization,15.791774307349565
2026-08-02T18:32:00+00:00,CPUUtilization,14.680152593714038
2026-08-02T18:37:00+00:00,CPUUtilization,14.434842018585252
2026-08-02T18:42:00+00:00,CPUUtilization,14.777058616204053
2026-08-02T18:47:00+00:00,CPUUtilization,13.997417105358661
2026-08-02T18:52:00+00:00,CPUUtilization,14.315820901616439
2026-08-02T18:57:00+00:00,CPUUtilization,15.14353576194274
2026-08-02T19:02:00+00:00,CPUUtilization,14.725580817281832
2026-08-02T19:07:00+00:00,CPUUtilization,14.576044198571392
2026-08-02T19:12:00+00:00,CPUUtilization,14.839053012896496
2026-08-02T19:17:00+00:00,CPUUtilization,14.452642761332367
2026-08-02T19:22:00+00:00,CPUUtilization,14.31726282204493
2026-08-02T19:27:00+00:00,CPUUtilization,15.030829004819376
2026-08-02T19:32:00+00:00,CPUUtilization,14.340185100858994
2026-08-02T19:37:00+00:00,CPUUtilization,14.289953057998133
2026-08-02T19:42:00+00:00,CPUUtilization,14.879741455560282
2026-08-02T19:47:00+00:00,CPUUtilization,14.577559870009477
2026-08-02T19:52:00+00:00,CPUUtilization,14.243340384636502
2026-08-02T19:57:00+00:00,CPUUtilization,14.94144518868745
2026-08-02T20:02:00+00:00,CPUUtilization,14.640392707171458
2026-08-02T20:07:00+00:00,CPUUtilization,14.924368255696464
2026-08-02T20:12:00+00:00,CPUUtilization,15.708253716608539
2026-08-02T20:17:00+00:00,CPUUtilization,15.01165718104831
2026-08-02T20:22:00+00:00,CPUUtilization,15.315335127022768
2026-08-02T20:27:00+00:00,CPUUtilization,15.808373028509717
2026-08-02T20:32:00+00:00,CPUUtilization,14.837341563024552
2026-08-02T20:37:00+00:00,CPUUtilization,14.752685351820952
2026-08-02T20:42:00+00:00,CPUUtilization,15.205218807972063
2026-08-02T20:47:00+00:00,CPUUtilization,14.902531723708217
2026-08-02T20:52:00+00:00,CPUUtilization,14.891672818520814
2026-08-02T20:57:00+00:00,CPUUtilization,15.441802599933094
2026-08-02T21:02:00+00:00,CPUUtilization,15.061293843129075
2026-08-02T21:07:00+00:00,CPUUtilization,14.8332836119398
2026-08-02T21:12:00+00:00,CPUUtilization,15.870123652575254
2026-08-02T21:17:00+00:00,CPUUtilization,15.002028359510621
2026-08-02T21:22:00+00:00,CPUUtilization,15.106666666666664
2026-08-02T21:27:00+00:00,CPUUtilization,15.503804007367819
2026-08-02T21:32:00+00:00,CPUUtilization,15.118333333333334
2026-08-02T21:37:00+00:00,CPUUtilization,14.8957142269634
2026-08-02T21:42:00+00:00,CPUUtilization,15.02173865679833
2026-08-02T21:47:00+00:00,CPUUtilization,14.628836812554727
2026-08-02T21:52:00+00:00,CPUUtilization,15.12978717341036
2026-08-02T21:57:00+00:00,CPUUtilization,15.684676182479322
2026-08-02T22:02:00+00:00,CPUUtilization,14.486688211068568
2026-08-02T22:07:00+00:00,CPUUtilization,14.457315134977069
2026-08-02T22:12:00+00:00,CPUUtilization,15.12092109579316
2026-08-02T22:17:00+00:00,CPUUtilization,14.83356270872097
2026-08-02T22:22:00+00:00,CPUUtilization,14.870125351380755
2026-08-02T22:27:00+00:00,CPUUtilization,15.319150268970395
2026-08-02T22:32:00+00:00,CPUUtilization,14.642849730351765
2026-08-02T22:37:00+00:00,CPUUtilization,14.505017372541072
2026-08-02T22:42:00+00:00,CPUUtilization,14.34106829978155
2026-08-02T22:47:00+00:00,CPUUtilization,14.313253369303425
2026-08-02T22:52:00+00:00,CPUUtilization,14.248333333333331
2026-08-02T22:57:00+00:00,CPUUtilization,14.652814962649847
2026-08-02T23:02:00+00:00,CPUUtilization,14.496451619776744
2026-08-02T23:07:00+00:00,CPUUtilization,14.741942031751737
2026-08-02T23:12:00+00:00,CPUUtilization,14.968331862861572
2026-08-02T23:17:00+00:00,CPUUtilization,14.686653679364344
2026-08-02T23:22:00+00:00,CPUUtilization,14.644589915043131
2026-08-02T23:27:00+00:00,CPUUtilization,15.413916967376348
2026-08-02T23:32:00+00:00,CPUUtilization,14.560489351759127
2026-08-02T23:37:00+00:00,CPUUtilization,14.5530039546553
2026-08-02T23:42:00+00:00,CPUUtilization,15.143685120994656
2026-08-02T23:47:00+00:00,CPUUtilization,14.282446660197802
2026-08-02T23:52:00+00:00,CPUUtilization,14.613115870907105
2026-08-02T23:57:00+00:00,CPUUtilization,15.3798846743579
2026-08-03T00:02:00+00:00,CPUUtilization,14.699938105980692
2026-08-03T00:07:00+00:00,CPUUtilization,14.943919853306218
2026-08-03T00:12:00+00:00,CPUUtilization,15.385148010580153
2026-08-03T00:17:00+00:00,CPUUtilization,15.13914992633544
2026-08-03T00:22:00+00:00,CPUUtilization,14.723094975482192
2026-08-03T00:27:00+00:00,CPUUtilization,15.27772377125962
2026-08-03T00:32:00+00:00,CPUUtilization,14.711778527614124
2026-08-03T00:37:00+00:00,CPUUtilization,14.565003823544467
2026-08-03T00:42:00+00:00,CPUUtilization,15.304931612394217
2026-08-03T00:47:00+00:00,CPUUtilization,14.541666666666666
2026-08-03T00:52:00+00:00,CPUUtilization,14.364882995833955
2026-08-03T00:57:00+00:00,CPUUtilization,15.395
2026-08-03T01:02:00+00:00,CPUUtilization,14.663272974539115
2026-08-03T01:07:00+00:00,CPUUtilization,14.879070549050837
2026-08-03T01:12:00+00:00,CPUUtilization,15.075813299432273
2026-08-03T01:17:00+00:00,CPUUtilization,14.363333214906211
2026-08-03T01:22:00+00:00,CPUUtilization,14.86074944649232
2026-08-03T01:27:00+00:00,CPUUtilization,15.345245328174883
2026-08-03T01:32:00+00:00,CPUUtilization,15.080057047585262
2026-08-03T01:37:00+00:00,CPUUtilization,15.322612292355107
2026-08-03T01:42:00+00:00,CPUUtilization,15.154482495860004
2026-08-03T01:47:00+00:00,CPUUtilization,14.621688593306581
2026-08-03T01:52:00+00:00,CPUUtilization,14.634302492696374
2026-08-03T01:57:00+00:00,CPUUtilization,15.050639253579968
2026-08-03T02:02:00+00:00,CPUUtilization,14.537684980609736
2026-08-03T02:07:00+00:00,CPUUtilization,14.512724961238964
2026-08-03T02:12:00+00:00,CPUUtilization,15.296202484341212
2026-08-03T02:17:00+00:00,CPUUtilization,16.293939253448208
2026-08-03T02:22:00+00:00,CPUUtilization,14.651143847744601
2026-08-03T02:27:00+00:00,CPUUtilization,15.079731770157377
2026-08-03T02:32:00+00:00,CPUUtilization,14.966662886162604
2026-08-03T02:37:00+00:00,CPUUtilization,14.71032081659622
2026-08-03T02:42:00+00:00,CPUUtilization,15.249668588485127
2026-08-03T02:47:00+00:00,CPUUtilization,15.153391439939252
2026-08-03T02:52:00+00:00,CPUUtilization,14.506412702390264
2026-08-03T02:57:00+00:00,CPUUtilization,15.566464989194657
2026-08-03T03:02:00+00:00,CPUUtilization,14.694999999999999
2026-08-03T03:07:00+00:00,CPUUtilization,14.957872050408701
2026-08-03T03:12:00+00:00,CPUUtilization,15.561455117438488
2026-08-03T03:17:00+00:00,CPUUtilization,14.998336418402314
2026-08-03T03:22:00+00:00,CPUUtilization,14.858506426217065
2026-08-03T03:27:00+00:00,CPUUtilization,15.53771562634154
2026-08-03T03:32:00+00:00,CPUUtilization,15.184660696846162
2026-08-03T03:37:00+00:00,CPUUtilization,14.690883074320837
2026-08-03T03:42:00+00:00,CPUUtilization,15.053760191503084
2026-08-03T03:47:00+00:00,CPUUtilization,14.657150524796696
2026-08-03T03:52:00+00:00,CPUUtilization,14.894197314880937
2026-08-03T03:57:00+00:00,CPUUtilization,15.118092746446564
2026-08-03T04:02:00+00:00,CPUUtilization,14.50347474740757
2026-08-03T04:07:00+00:00,CPUUtilization,15.137080298193471
2026-08-03T04:12:00+00:00,CPUUtilization,15.043365967671852
2026-08-03T04:17:00+00:00,CPUUtilization,14.91173843139877
2026-08-03T04:22:00+00:00,CPUUtilization,15.099394753183622
2026-08-03T04:27:00+00:00,CPUUtilization,15.606255968624335
2026-08-03T04:32:00+00:00,CPUUtilization,14.617486843799423
2026-08-03T04:37:00+00:00,CPUUtilization,15.006749696471058
2026-08-03T04:42:00+00:00,CPUUtilization,15.044839759639459
2026-08-03T04:47:00+00:00,CPUUtilization,15.310092687460102
2026-08-03T04:52:00+00:00,CPUUtilization,14.568139232370049
2026-08-03T04:57:00+00:00,CPUUtilization,16.781554919996225
2026-08-03T05:02:00+00:00,CPUUtilization,15.967991894425335
2026-08-03T05:07:00+00:00,CPUUtilization,16.281911688942493
2026-08-03T05:12:00+00:00,CPUUtilization,16.61984177790599
2026-08-03T05:17:00+00:00,CPUUtilization,15.90667436177149
2026-08-03T05:22:00+00:00,CPUUtilization,16.16206836436686
2026-08-03T05:27:00+00:00,CPUUtilization,16.63659297337518
2026-08-03T05:32:00+00:00,CPUUtilization,16.333530705946703
2026-08-03T05:37:00+00:00,CPUUtilization,16.18460856125682
2026-08-03T05:42:00+00:00,CPUUtilization,16.66680781774366
2026-08-03T05:47:00+00:00,CPUUtilization,16.766587530397015
2026-08-03T05:52:00+00:00,CPUUtilization,18.183470428584073
2026-08-03T05:57:00+00:00,CPUUtilization,17.996400139264566
2026-08-03T06:02:00+00:00,CPUUtilization,17.057472472514757
2026-08-03T06:07:00+00:00,CPUUtilization,17.799645397175198
2026-08-03T06:12:00+00:00,CPUUtilization,17.67028624177103
2026-08-03T06:17:00+00:00,CPUUtilization,17.670116501235803
2026-08-03T06:22:00+00:00,CPUUtilization,18.554720516532708
2026-08-03T06:27:00+00:00,CPUUtilization,18.218024077039175
2026-08-03T06:32:00+00:00,CPUUtilization,17.417444617082644
2026-08-03T06:37:00+00:00,CPUUtilization,18.296569469003476
2026-08-03T06:42:00+00:00,CPUUtilization,17.478464798420198
2026-08-03T06:47:00+00:00,CPUUtilization,16.631987825777305
2026-08-03T06:52:00+00:00,CPUUtilization,16.078385265170418
2026-08-03T06:57:00+00:00,CPUUtilization,16.456760725528845
2026-08-03T07:02:00+00:00,CPUUtilization,16.30338780646344
2026-08-03T07:07:00+00:00,CPUUtilization,16.07709105037555
2026-08-03T07:12:00+00:00,CPUUtilization,16.87433099246353
2026-08-03T07:17:00+00:00,CPUUtilization,15.751537425933098
2026-08-03T07:22:00+00:00,CPUUtilization,15.423841243710124
2026-08-03T07:27:00+00:00,CPUUtilization,16.328350146894813
2026-08-03T07:32:00+00:00,CPUUtilization,16.288191052444237
2026-08-03T07:37:00+00:00,CPUUtilization,15.908565369153274
2026-08-03T07:42:00+00:00,CPUUtilization,15.944151895821864
2026-08-03T07:47:00+00:00,CPUUtilization,15.581195835428328
2026-08-03T07:52:00+00:00,CPUUtilization,15.337135993934302
2026-08-03T07:57:00+00:00,CPUUtilization,16.64538748839153
2026-08-03T08:02:00+00:00,CPUUtilization,15.743642024677712
2026-08-03T08:07:00+00:00,CPUUtilization,15.48967613746748
2026-08-03T08:12:00+00:00,CPUUtilization,15.734943212517
2026-08-03T08:17:00+00:00,CPUUtilization,15.73
2026-08-03T08:22:00+00:00,CPUUtilization,15.415008316794424
2026-08-03T08:27:00+00:00,CPUUtilization,15.711240135541484
2026-08-03T08:32:00+00:00,CPUUtilization,15.085046904414838
2026-08-03T08:37:00+00:00,CPUUtilization,14.854952167463873
2026-08-03T08:42:00+00:00,CPUUtilization,15.708227713827071
2026-08-03T08:47:00+00:00,CPUUtilization,15.580601492322803
2026-08-03T08:52:00+00:00,CPUUtilization,15.178334029484722
2026-08-03T08:57:00+00:00,CPUUtilization,15.61804381916571
2026-08-03T09:02:00+00:00,CPUUtilization,15.381781779066642
2026-08-03T09:07:00+00:00,CPUUtilization,15.181445763584335
2026-08-03T09:12:00+00:00,CPUUtilization,15.806666666666667
2026-08-03T09:17:00+00:00,CPUUtilization,15.391697575924269
2026-08-03T09:22:00+00:00,CPUUtilization,15.124764717806068
2026-08-03T09:27:00+00:00,CPUUtilization,16.09182465730762
2026-08-03T09:32:00+00:00,CPUUtilization,14.919825339128199
2026-08-03T09:37:00+00:00,CPUUtilization,15.350154561365088
2026-08-03T09:42:00+00:00,CPUUtilization,15.916620952038931
2026-08-03T09:47:00+00:00,CPUUtilization,15.378071370742912
2026-08-03T09:52:00+00:00,CPUUtilization,15.528268010950123
2026-08-03T09:57:00+00:00,CPUUtilization,16.733069196924234
2026-08-03T10:02:00+00:00,CPUUtilization,15.711264367371442
2026-08-03T10:07:00+00:00,CPUUtilization,15.999970306617659
2026-08-03T10:12:00+00:00,CPUUtilization,16.627047713219703
2026-08-03T10:17:00+00:00,CPUUtilization,15.981455566232512
2026-08-03T10:22:00+00:00,CPUUtilization,15.77457830968639
2026-08-03T10:27:00+00:00,CPUUtilization,16.47038304238804
2026-08-03T10:32:00+00:00,CPUUtilization,15.97832613064016
2026-08-03T10:37:00+00:00,CPUUtilization,15.63009240576336
2026-08-03T10:42:00+00:00,CPUUtilization,16.018755272900915
2026-08-03T10:47:00+00:00,CPUUtilization,16.112145764770336
2026-08-03T10:52:00+00:00,CPUUtilization,15.928817079356184
2026-08-03T10:57:00+00:00,CPUUtilization,16.48637221197294
2026-08-03T11:02:00+00:00,CPUUtilization,15.398780734695482
2026-08-03T11:07:00+00:00,CPUUtilization,15.531341693692488
2026-08-03T11:12:00+00:00,CPUUtilization,16.361609402006913
2026-08-03T11:17:00+00:00,CPUUtilization,16.08673260825264
2026-08-03T11:22:00+00:00,CPUUtilization,15.941722991778045
2026-08-03T11:27:00+00:00,CPUUtilization,16.26020865940348
2026-08-03T11:32:00+00:00,CPUUtilization,15.165021189489078
2026-08-03T11:37:00+00:00,CPUUtilization,15.81673915833162
2026-08-03T11:42:00+00:00,CPUUtilization,15.768468835477071
2026-08-03T11:47:00+00:00,CPUUtilization,15.59170645592979
2026-08-03T11:52:00+00:00,CPUUtilization,15.528294734585776
2026-08-03T11:57:00+00:00,CPUUtilization,15.94457384095468
2026-08-03T12:02:00+00:00,CPUUtilization,14.863132944910522
2026-08-03T12:07:00+00:00,CPUUtilization,15.212033617135765
2026-08-03T12:12:00+00:00,CPUUtilization,15.325895125211579
2026-08-03T12:17:00+00:00,CPUUtilization,15.443031784548243
2026-08-03T12:22:00+00:00,CPUUtilization,15.563276508846695
2026-08-03T12:27:00+00:00,CPUUtilization,16.084971685562603
2026-08-03T12:32:00+00:00,CPUUtilization,15.50231580921464
2026-08-03T12:37:00+00:00,CPUUtilization,15.758629990518992
2026-08-03T12:42:00+00:00,CPUUtilization,16.176866814958704
2026-08-03T12:47:00+00:00,CPUUtilization,15.221185454275822
2026-08-03T12:52:00+00:00,CPUUtilization,15.548435940099832
2026-08-03T12:57:00+00:00,CPUUtilization,16.35670229896622
2026-08-03T13:02:00+00:00,CPUUtilization,15.883371423522433
2026-08-03T13:07:00+00:00,CPUUtilization,16.274787312129973
2026-08-03T13:12:00+00:00,CPUUtilization,16.50029166000857
2026-08-03T13:17:00+00:00,CPUUtilization,15.978464003248458
2026-08-03T13:22:00+00:00,CPUUtilization,15.53140815964504
2026-08-03T13:27:00+00:00,CPUUtilization,16.507422658409894
2026-08-03T13:32:00+00:00,CPUUtilization,16.496492725230198
2026-08-03T13:37:00+00:00,CPUUtilization,16.197988988779876
2026-08-03T13:42:00+00:00,CPUUtilization,16.111661932534545
2026-08-03T13:47:00+00:00,CPUUtilization,16.896396879254773
2026-08-03T13:52:00+00:00,CPUUtilization,22.894851561885343
2026-08-03T13:57:00+00:00,CPUUtilization,21.589157285759473
2026-08-03T14:02:00+00:00,CPUUtilization,21.3286851867383
2026-08-03T14:07:00+00:00,CPUUtilization,20.611970343443765
2026-08-03T14:12:00+00:00,CPUUtilization,19.90887769434316
2026-08-03T14:17:00+00:00,CPUUtilization,21.556395777491755
2026-08-03T14:22:00+00:00,CPUUtilization,21.002515645024307
2026-08-03T14:27:00+00:00,CPUUtilization,20.875608525719667
2026-08-03T14:32:00+00:00,CPUUtilization,20.967523605399514
2026-08-03T14:37:00+00:00,CPUUtilization,18.377230744431095
2026-08-03T14:42:00+00:00,CPUUtilization,18.40004616784727
2026-08-03T14:47:00+00:00,CPUUtilization,18.381704290130493
2026-08-03T14:52:00+00:00,CPUUtilization,18.623137535844545
2026-08-03T14:57:00+00:00,CPUUtilization,22.387516688381655
2026-08-03T15:02:00+00:00,CPUUtilization,20.431217348180624
2026-08-03T15:07:00+00:00,CPUUtilization,19.322962184540376
2026-08-03T15:12:00+00:00,CPUUtilization,20.772864114979804
2026-08-03T15:17:00+00:00,CPUUtilization,18.976934171992582
2026-08-03T15:22:00+00:00,CPUUtilization,18.71989584088734
2026-08-03T15:27:00+00:00,CPUUtilization,18.826823329182087
2026-08-03T15:32:00+00:00,CPUUtilization,18.718618460032026
2026-08-03T15:37:00+00:00,CPUUtilization,17.63376035845249
2026-08-03T15:42:00+00:00,CPUUtilization,17.88320951534083
2026-08-03T15:47:00+00:00,CPUUtilization,18.14035374376416
2026-08-03T15:52:00+00:00,CPUUtilization,17.688784859258483
2026-08-03T15:57:00+00:00,CPUUtilization,18.336394395360337
2026-08-03T16:02:00+00:00,CPUUtilization,19.02011521681319
2026-08-03T16:07:00+00:00,CPUUtilization,20.56225667678743
2026-08-03T16:12:00+00:00,CPUUtilization,21.345110203821307
2026-08-03T16:17:00+00:00,CPUUtilization,20.91578329994412
2026-08-03T16:22:00+00:00,CPUUtilization,20.84658437070952
2026-08-03T16:27:00+00:00,CPUUtilization,21.245308909392715
2026-08-03T16:32:00+00:00,CPUUtilization,21.33277786319793
2026-08-03T16:37:00+00:00,CPUUtilization,21.258699125923766
2026-08-03T16:42:00+00:00,CPUUtilization,20.548033222563944
2026-08-03T16:47:00+00:00,CPUUtilization,22.486411190631248
2026-08-03T16:52:00+00:00,CPUUtilization,19.40923280947866
2026-08-03T16:57:00+00:00,CPUUtilization,21.052123999913327
2026-08-03T17:02:00+00:00,CPUUtilization,21.05333511345833
2026-08-03T17:07:00+00:00,CPUUtilization,20.882150683158958
2026-08-03T17:12:00+00:00,CPUUtilization,21.55278941826014
2026-08-03T17:17:00+00:00,CPUUtilization,21.08906582523016
2026-08-03T17:22:00+00:00,CPUUtilization,19.363976618375883
2026-08-03T17:27:00+00:00,CPUUtilization,19.465526713926486
2026-08-03T17:32:00+00:00,CPUUtilization,19.389318864974747
2026-08-03T17:37:00+00:00,CPUUtilization,20.39793999507348
2026-08-03T17:42:00+00:00,CPUUtilization,21.82922485324554
2026-08-03T17:47:00+00:00,CPUUtilization,20.04167916686024
2026-08-03T17:52:00+00:00,CPUUtilization,19.05086985112579
2026-08-03T17:57:00+00:00,CPUUtilization,22.144343270551605
2026-08-03T18:02:00+00:00,CPUUtilization,20.53596191008964
2026-08-03T18:07:00+00:00,CPUUtilization,19.723223233828893
2026-08-03T18:12:00+00:00,CPUUtilization,21.129531985431868
2026-08-03T18:17:00+00:00,CPUUtilization,22.38143628899401
2026-08-03T18:22:00+00:00,CPUUtilization,23.36649845341426
2026-08-03T18:27:00+00:00,CPUUtilization,22.038124769671576
2026-08-03T18:32:00+00:00,CPUUtilization,18.925745960155616
2026-08-03T18:37:00+00:00,CPUUtilization,15.653517548596758
2026-08-03T18:42:00+00:00,CPUUtilization,15.385741401001969
2026-08-03T18:47:00+00:00,CPUUtilization,15.762487628300596
2026-08-03T18:52:00+00:00,CPUUtilization,15.479480419718357
2026-08-03T18:57:00+00:00,CPUUtilization,16.266347287454458
2026-08-03T19:02:00+00:00,CPUUtilization,15.950897714705993
2026-08-03T19:07:00+00:00,CPUUtilization,15.401127048198552
2026-08-03T19:12:00+00:00,CPUUtilization,16.839666312375346
2026-08-03T19:17:00+00:00,CPUUtilization,16.102502610316414
2026-08-03T19:22:00+00:00,CPUUtilization,15.594106965513982
2026-08-03T19:27:00+00:00,CPUUtilization,15.731364693717174
2026-08-03T19:32:00+00:00,CPUUtilization,15.632570864071596
2026-08-03T19:37:00+00:00,CPUUtilization,15.26840146855037
2026-08-03T19:42:00+00:00,CPUUtilization,15.68361039300935
2026-08-03T19:47:00+00:00,CPUUtilization,15.35166850161574
2026-08-03T19:52:00+00:00,CPUUtilization,14.95351163930816
2026-08-03T19:57:00+00:00,CPUUtilization,15.870306279708725
2026-08-03T20:02:00+00:00,CPUUtilization,14.835166534287726
2026-08-03T20:07:00+00:00,CPUUtilization,15.127864241529522
2026-08-03T20:12:00+00:00,CPUUtilization,15.134477945841263
2026-08-03T20:17:00+00:00,CPUUtilization,15.786188924461905
2026-08-03T20:22:00+00:00,CPUUtilization,15.374523505004428
2026-08-03T20:27:00+00:00,CPUUtilization,15.247182389094784
2026-08-03T20:32:00+00:00,CPUUtilization,15.055788011255771
2026-08-03T20:37:00+00:00,CPUUtilization,15.238736105087515
2026-08-03T20:42:00+00:00,CPUUtilization,15.34828896559568
2026-08-03T20:47:00+00:00,CPUUtilization,15.132102037831302
2026-08-03T20:52:00+00:00,CPUUtilization,15.237988404306275
2026-08-03T20:57:00+00:00,CPUUtilization,15.808513411061327
2026-08-03T21:02:00+00:00,CPUUtilization,15.324891354297767
2026-08-03T21:07:00+00:00,CPUUtilization,15.521851416024177
2026-08-03T21:12:00+00:00,CPUUtilization,15.787803854165395
2026-08-03T21:17:00+00:00,CPUUtilization,15.652969837577535
2026-08-03T21:22:00+00:00,CPUUtilization,15.447065902859942
2026-08-03T21:27:00+00:00,CPUUtilization,16.106945212317683
2026-08-03T21:32:00+00:00,CPUUtilization,15.843465036276573
2026-08-03T21:37:00+00:00,CPUUtilization,15.0254337670569
2026-08-03T21:42:00+00:00,CPUUtilization,15.899819308835509
2026-08-03T21:47:00+00:00,CPUUtilization,15.413882453714844
2026-08-03T21:52:00+00:00,CPUUtilization,15.638675288983919
2026-08-03T21:57:00+00:00,CPUUtilization,15.922894827441146
2026-08-03T22:02:00+00:00,CPUUtilization,16.086979418992467
2026-08-03T22:07:00+00:00,CPUUtilization,15.716830452233822
2026-08-03T22:12:00+00:00,CPUUtilization,15.784534603006207
2026-08-03T22:17:00+00:00,CPUUtilization,16.12160809524703
2026-08-03T22:22:00+00:00,CPUUtilization,15.512463229224192
2026-08-03T22:27:00+00:00,CPUUtilization,15.90098754326527
2026-08-03T22:32:00+00:00,CPUUtilization,16.022746921825316
2026-08-03T22:37:00+00:00,CPUUtilization,16.08214277208598
2026-08-03T22:42:00+00:00,CPUUtilization,15.565911740519969
2026-08-03T22:47:00+00:00,CPUUtilization,15.569590741804877
2026-08-03T22:52:00+00:00,CPUUtilization,15.86210977034165
2026-08-03T22:57:00+00:00,CPUUtilization,15.844999999999999
2026-08-03T23:02:00+00:00,CPUUtilization,15.813204457390578
2026-08-03T23:07:00+00:00,CPUUtilization,15.718332969764589
2026-08-03T23:12:00+00:00,CPUUtilization,15.466361620270499
2026-08-03T23:17:00+00:00,CPUUtilization,15.841839059087757
2026-08-03T23:22:00+00:00,CPUUtilization,15.427127888393468
2026-08-03T23:27:00+00:00,CPUUtilization,16.29524458392728
2026-08-03T23:32:00+00:00,CPUUtilization,15.919824804230327
2026-08-03T23:37:00+00:00,CPUUtilization,16.289140172766942
2026-08-03T23:42:00+00:00,CPUUtilization,15.27009009908615
2026-08-03T23:47:00+00:00,CPUUtilization,15.835355900031981
2026-08-03T23:52:00+00:00,CPUUtilization,15.417911547274773
2026-08-03T23:57:00+00:00,CPUUtilization,16.283090933734975
2026-08-04T00:02:00+00:00,CPUUtilization,15.563122345226423
2026-08-04T00:07:00+00:00,CPUUtilization,15.928858422379728
2026-08-04T00:12:00+00:00,CPUUtilization,15.96957146345217
2026-08-04T00:17:00+00:00,CPUUtilization,15.63105151668717
2026-08-04T00:22:00+00:00,CPUUtilization,14.714943936265731
2026-08-04T00:27:00+00:00,CPUUtilization,15.774458021430405
2026-08-04T00:32:00+00:00,CPUUtilization,15.750556062711528
2026-08-04T00:37:00+00:00,CPUUtilization,15.550015088606841
2026-08-04T00:42:00+00:00,CPUUtilization,15.708363987077249
2026-08-04T00:47:00+00:00,CPUUtilization,15.74166555905648
2026-08-04T00:52:00+00:00,CPUUtilization,15.513162102026268
2026-08-04T00:57:00+00:00,CPUUtilization,15.991277003865928
2026-08-04T01:02:00+00:00,CPUUtilization,15.588680941642343
2026-08-04T01:07:00+00:00,CPUUtilization,15.541672807270837
2026-08-04T01:12:00+00:00,CPUUtilization,16.173913875672174
2026-08-04T01:17:00+00:00,CPUUtilization,15.566942064723458
2026-08-04T01:22:00+00:00,CPUUtilization,15.615922338815608
2026-08-04T01:27:00+00:00,CPUUtilization,15.83739942258706
2026-08-04T01:32:00+00:00,CPUUtilization,15.56676008633666
2026-08-04T01:37:00+00:00,CPUUtilization,15.433882206540606
2026-08-04T01:42:00+00:00,CPUUtilization,15.034839249335741
2026-08-04T01:47:00+00:00,CPUUtilization,15.675437624539432
2026-08-04T01:52:00+00:00,CPUUtilization,14.994982043252278
2026-08-04T01:57:00+00:00,CPUUtilization,15.796936031012399
2026-08-04T02:02:00+00:00,CPUUtilization,15.205082167618547
2026-08-04T02:07:00+00:00,CPUUtilization,15.056666666666667
2026-08-04T02:12:00+00:00,CPUUtilization,15.556680751513374
2026-08-04T02:17:00+00:00,CPUUtilization,15.639929725273282
2026-08-04T02:22:00+00:00,CPUUtilization,14.849862655117281
2026-08-04T02:27:00+00:00,CPUUtilization,15.722356983226017
2026-08-04T02:32:00+00:00,CPUUtilization,15.148465023683329
2026-08-04T02:37:00+00:00,CPUUtilization,15.588599540995848
2026-08-04T02:42:00+00:00,CPUUtilization,15.689608819838673
2026-08-04T02:47:00+00:00,CPUUtilization,15.558360986315076
2026-08-04T02:52:00+00:00,CPUUtilization,14.901618224688875
2026-08-04T02:57:00+00:00,CPUUtilization,15.474943546615995
2026-08-04T03:02:00+00:00,CPUUtilization,15.598480265330224
2026-08-04T03:07:00+00:00,CPUUtilization,15.366626050227097
2026-08-04T03:12:00+00:00,CPUUtilization,15.602001589180437
2026-08-04T03:17:00+00:00,CPUUtilization,15.728408795518325
2026-08-04T03:22:00+00:00,CPUUtilization,15.154996920000462
2026-08-04T03:27:00+00:00,CPUUtilization,15.77686209421122
2026-08-04T03:32:00+00:00,CPUUtilization,15.499655526829894
2026-08-04T03:37:00+00:00,CPUUtilization,15.73799809338072
2026-08-04T03:42:00+00:00,CPUUtilization,15.925932267318242
2026-08-04T03:47:00+00:00,CPUUtilization,15.810666078959628
2026-08-04T03:52:00+00:00,CPUUtilization,15.268080818743016
2026-08-04T03:57:00+00:00,CPUUtilization,15.88796864294271
2026-08-04T04:02:00+00:00,CPUUtilization,14.864867737596802
2026-08-04T04:07:00+00:00,CPUUtilization,16.584692868838268
2026-08-04T04:12:00+00:00,CPUUtilization,15.531195842065634
2026-08-04T04:17:00+00:00,CPUUtilization,15.777055760040989
2026-08-04T04:22:00+00:00,CPUUtilization,15.488643885021418
2026-08-04T04:27:00+00:00,CPUUtilization,16.18218336634916
2026-08-04T04:32:00+00:00,CPUUtilization,15.158275485121493
2026-08-04T04:37:00+00:00,CPUUtilization,15.526671140619907
2026-08-04T04:42:00+00:00,CPUUtilization,15.273720518579825
2026-08-04T04:47:00+00:00,CPUUtilization,15.39165064102564
2026-08-04T04:52:00+00:00,CPUUtilization,15.398335503433334
2026-08-04T04:57:00+00:00,CPUUtilization,15.991916741556954
2026-08-04T05:02:00+00:00,CPUUtilization,15.731190925777662
2026-08-04T05:07:00+00:00,CPUUtilization,16.026479192738
2026-08-04T05:12:00+00:00,CPUUtilization,15.410345727596455
2026-08-04T05:17:00+00:00,CPUUtilization,15.824739795126991
2026-08-04T05:22:00+00:00,CPUUtilization,15.822114005758063
2026-08-04T05:27:00+00:00,CPUUtilization,15.855505494553773
2026-08-04T05:32:00+00:00,CPUUtilization,15.476666666666665
2026-08-04T05:37:00+00:00,CPUUtilization,15.939122814388622
2026-08-04T05:42:00+00:00,CPUUtilization,15.833960974012982
2026-08-04T05:47:00+00:00,CPUUtilization,14.83848635870891
2026-08-04T05:52:00+00:00,CPUUtilization,15.503277071350464
2026-08-04T05:57:00+00:00,CPUUtilization,15.73452598344726
2026-08-04T06:02:00+00:00,CPUUtilization,15.621142406703655
2026-08-04T06:07:00+00:00,CPUUtilization,15.422073101775092
2026-08-04T06:12:00+00:00,CPUUtilization,16.56409316098082
2026-08-04T06:17:00+00:00,CPUUtilization,15.574992946239814
2026-08-04T06:22:00+00:00,CPUUtilization,15.336670281132408
2026-08-04T06:27:00+00:00,CPUUtilization,15.636174578561025
2026-08-04T06:32:00+00:00,CPUUtilization,15.486286070412595
2026-08-04T06:37:00+00:00,CPUUtilization,15.113814945799206
2026-08-04T06:42:00+00:00,CPUUtilization,16.514008108561143
2026-08-04T06:47:00+00:00,CPUUtilization,15.474918487657058
2026-08-04T06:52:00+00:00,CPUUtilization,15.510863694483515
2026-08-04T06:57:00+00:00,CPUUtilization,15.630821680491417
2026-08-04T07:02:00+00:00,CPUUtilization,15.771905913080047
2026-08-04T07:07:00+00:00,CPUUtilization,15.331862969183097
2026-08-04T07:12:00+00:00,CPUUtilization,15.401761344092924
2026-08-04T07:17:00+00:00,CPUUtilization,15.869744308227595
2026-08-04T07:22:00+00:00,CPUUtilization,15.713409790272049
2026-08-04T07:27:00+00:00,CPUUtilization,16.488087930738292
2026-08-04T07:32:00+00:00,CPUUtilization,16.160607709325117
2026-08-04T07:37:00+00:00,CPUUtilization,15.569797300459765
2026-08-04T07:42:00+00:00,CPUUtilization,16.962338140591473
2026-08-04T07:47:00+00:00,CPUUtilization,16.74
2026-08-04T07:52:00+00:00,CPUUtilization,15.822888690299418
2026-08-04T07:57:00+00:00,CPUUtilization,17.10502807697234
2026-08-04T08:02:00+00:00,CPUUtilization,16.249488754101442
2026-08-04T08:07:00+00:00,CPUUtilization,15.977673366413304
2026-08-04T08:12:00+00:00,CPUUtilization,16.493728031391573
2026-08-04T08:17:00+00:00,CPUUtilization,17.004604429892883
2026-08-04T08:22:00+00:00,CPUUtilization,16.245045079408815
2026-08-04T08:27:00+00:00,CPUUtilization,16.519868947552347
2026-08-04T08:32:00+00:00,CPUUtilization,16.18229014580852
2026-08-04T08:37:00+00:00,CPUUtilization,15.684214471194386
2026-08-04T08:42:00+00:00,CPUUtilization,16.332875843314262
2026-08-04T08:47:00+00:00,CPUUtilization,16.059546602868227
2026-08-04T08:52:00+00:00,CPUUtilization,15.617023054329962
2026-08-04T08:57:00+00:00,CPUUtilization,16.75493474801251
2026-08-04T09:02:00+00:00,CPUUtilization,16.15931527221923
2026-08-04T09:07:00+00:00,CPUUtilization,15.690140159773364
2026-08-04T09:12:00+00:00,CPUUtilization,16.16477851145408
2026-08-04T09:17:00+00:00,CPUUtilization,16.725657960338776
2026-08-04T09:22:00+00:00,CPUUtilization,16.038393377208568
2026-08-04T09:27:00+00:00,CPUUtilization,16.67706551106497
2026-08-04T09:32:00+00:00,CPUUtilization,15.995065094206074
2026-08-04T09:37:00+00:00,CPUUtilization,15.837646623296672
2026-08-04T09:42:00+00:00,CPUUtilization,16.672949278331213
2026-08-04T09:47:00+00:00,CPUUtilization,16.944782221095558
2026-08-04T09:52:00+00:00,CPUUtilization,16.15108751627288
2026-08-04T09:57:00+00:00,CPUUtilization,16.331039198198827
2026-08-04T10:02:00+00:00,CPUUtilization,16.229403540072962
2026-08-04T10:07:00+00:00,CPUUtilization,15.96336502257509
2026-08-04T10:12:00+00:00,CPUUtilization,16.025497059819788
2026-08-04T10:17:00+00:00,CPUUtilization,15.801049768636233
2026-08-04T10:22:00+00:00,CPUUtilization,16.04737668076337
2026-08-04T10:27:00+00:00,CPUUtilization,16.00957572337004
2026-08-04T10:32:00+00:00,CPUUtilization,15.786561627318585
2026-08-04T10:37:00+00:00,CPUUtilization,16.445240830604952
2026-08-04T10:42:00+00:00,CPUUtilization,16.370210254287716
2026-08-04T10:47:00+00:00,CPUUtilization,16.267738605844308
2026-08-04T10:52:00+00:00,CPUUtilization,16.326369655112696
2026-08-04T10:57:00+00:00,CPUUtilization,16.02251054641054
2026-08-04T11:02:00+00:00,CPUUtilization,16.485621820705905
2026-08-04T11:07:00+00:00,CPUUtilization,16.497346478919937
2026-08-04T11:12:00+00:00,CPUUtilization,16.63068993485287
2026-08-04T11:17:00+00:00,CPUUtilization,17.270205265943144
2026-08-04T11:22:00+00:00,CPUUtilization,16.205267605405474
2026-08-04T11:27:00+00:00,CPUUtilization,16.55328442756507
2026-08-04T11:32:00+00:00,CPUUtilization,16.59513735317066
2026-08-04T11:37:00+00:00,CPUUtilization,16.470129728478504
2026-08-04T11:42:00+00:00,CPUUtilization,16.302462712710163
2026-08-04T11:47:00+00:00,CPUUtilization,16.763272161470145
2026-08-04T11:52:00+00:00,CPUUtilization,16.01153749417779
2026-08-04T11:57:00+00:00,CPUUtilization,16.452189170472515
2026-08-04T12:02:00+00:00,CPUUtilization,16.566717635581234
2026-08-04T12:07:00+00:00,CPUUtilization,16.9550700612675
2026-08-04T12:12:00+00:00,CPUUtilization,16.57885503130547
2026-08-04T12:17:00+00:00,CPUUtilization,21.19134475804855
2026-08-04T12:22:00+00:00,CPUUtilization,17.923226516473193
2026-08-04T12:27:00+00:00,CPUUtilization,18.67816812571429
2026-08-04T12:32:00+00:00,CPUUtilization,17.523208835236442
2026-08-04T12:37:00+00:00,CPUUtilization,17.947109825871685
2026-08-04T12:42:00+00:00,CPUUtilization,17.588950669144804
2026-08-04T12:47:00+00:00,CPUUtilization,17.503340188641793
2026-08-04T12:52:00+00:00,CPUUtilization,17.82183723261084
2026-08-04T12:57:00+00:00,CPUUtilization,17.86414182944319
2026-08-04T13:02:00+00:00,CPUUtilization,16.49051943028537
2026-08-04T13:07:00+00:00,CPUUtilization,16.107485747534707
2026-08-04T13:12:00+00:00,CPUUtilization,16.507239753208847
2026-08-04T13:17:00+00:00,CPUUtilization,16.495943861186976
2026-08-04T13:22:00+00:00,CPUUtilization,16.703145521439936
2026-08-04T13:27:00+00:00,CPUUtilization,16.56841764275824
2026-08-04T13:32:00+00:00,CPUUtilization,16.29422981476089
2026-08-04T13:37:00+00:00,CPUUtilization,16.110169299605296
2026-08-04T13:42:00+00:00,CPUUtilization,16.31417665412697
2026-08-04T13:47:00+00:00,CPUUtilization,16.667081790506188
2026-08-04T13:52:00+00:00,CPUUtilization,16.675306410821822
2026-08-04T13:57:00+00:00,CPUUtilization,16.491815836816915
2026-08-04T14:02:00+00:00,CPUUtilization,16.077394874707085
2026-08-04T14:07:00+00:00,CPUUtilization,15.742955905921008
2026-08-04T14:12:00+00:00,CPUUtilization,15.718020003619646
2026-08-04T14:17:00+00:00,CPUUtilization,16.92159758787951
2026-08-04T14:22:00+00:00,CPUUtilization,15.538623931082475
2026-08-04T14:27:00+00:00,CPUUtilization,16.664437507649286
2026-08-04T14:32:00+00:00,CPUUtilization,16.665621302740448
2026-08-04T14:37:00+00:00,CPUUtilization,16.47709838255438
2026-08-04T14:42:00+00:00,CPUUtilization,16.836028391000145
2026-08-04T14:47:00+00:00,CPUUtilization,16.34345046367456
2026-08-04T14:52:00+00:00,CPUUtilization,16.039760253959308
2026-08-04T14:57:00+00:00,CPUUtilization,16.671130149879215
2026-08-04T15:02:00+00:00,CPUUtilization,15.986658147609234
2026-08-04T15:07:00+00:00,CPUUtilization,16.07580658254033
2026-08-04T15:12:00+00:00,CPUUtilization,16.546410872918056
2026-08-04T15:17:00+00:00,CPUUtilization,15.962009492138808
2026-08-04T15:22:00+00:00,CPUUtilization,17.347844598494795
2026-08-04T15:27:00+00:00,CPUUtilization,16.261896496611094
2026-08-04T15:32:00+00:00,CPUUtilization,15.753923882381454
2026-08-04T15:37:00+00:00,CPUUtilization,16.099344756192043
2026-08-04T15:42:00+00:00,CPUUtilization,15.680632052151832
2026-08-04T15:47:00+00:00,CPUUtilization,15.811666666666667
2026-08-04T15:52:00+00:00,CPUUtilization,15.736351587102437
2026-08-04T15:57:00+00:00,CPUUtilization,18.091306024771377
2026-08-04T16:02:00+00:00,CPUUtilization,18.84873056333806
2026-08-04T16:07:00+00:00,CPUUtilization,18.580211318547633
2026-08-04T16:12:00+00:00,CPUUtilization,19.62412844777013
2026-08-04T16:17:00+00:00,CPUUtilization,18.788247380184053
2026-08-04T16:22:00+00:00,CPUUtilization,19.250160798382744
2026-08-04T16:27:00+00:00,CPUUtilization,19.53721202679114
2026-08-04T16:32:00+00:00,CPUUtilization,18.79346226579059
2026-08-04T16:37:00+00:00,CPUUtilization,18.94687121318544
2026-08-04T16:42:00+00:00,CPUUtilization,19.391481219931954
2026-08-04T16:47:00+00:00,CPUUtilization,19.696298674200555
2026-08-04T16:52:00+00:00,CPUUtilization,18.741331570868017
2026-08-04T16:57:00+00:00,CPUUtilization,16.960024058667933
2026-08-04T17:02:00+00:00,CPUUtilization,15.815362488942213
2026-08-04T17:07:00+00:00,CPUUtilization,15.823354383887178
2026-08-04T17:12:00+00:00,CPUUtilization,15.792924014054659
2026-08-04T17:17:00+00:00,CPUUtilization,15.718206045556485
2026-08-04T17:22:00+00:00,CPUUtilization,15.394809578454618
2026-08-04T17:27:00+00:00,CPUUtilization,15.792696512028282
2026-08-04T17:32:00+00:00,CPUUtilization,15.256480194483348
2026-08-04T17:37:00+00:00,CPUUtilization,15.335909149384213
2026-08-04T17:42:00+00:00,CPUUtilization,15.587501027762553
2026-08-04T17:47:00+00:00,CPUUtilization,15.727933866013776
2026-08-04T17:52:00+00:00,CPUUtilization,15.533374556501126
2026-08-04T17:57:00+00:00,CPUUtilization,16.169946115543414
2026-08-04T18:02:00+00:00,CPUUtilization,15.683635819024232
2026-08-04T18:07:00+00:00,CPUUtilization,15.558211840036932
2026-08-04T18:12:00+00:00,CPUUtilization,15.441715247392363
2026-08-04T18:17:00+00:00,CPUUtilization,15.690495165360494
2026-08-04T18:22:00+00:00,CPUUtilization,15.690923383849778
2026-08-04T18:27:00+00:00,CPUUtilization,16.3262119912962
2026-08-04T18:32:00+00:00,CPUUtilization,15.318597968888392
2026-08-04T18:37:00+00:00,CPUUtilization,15.364254239027858
2026-08-04T18:42:00+00:00,CPUUtilization,15.88934437182038
2026-08-04T18:47:00+00:00,CPUUtilization,15.627495845948676
2026-08-04T18:52:00+00:00,CPUUtilization,15.382109240561087
2026-08-04T18:57:00+00:00,CPUUtilization,15.637649396179484
2026-08-04T19:02:00+00:00,CPUUtilization,15.031038550033594
2026-08-04T19:07:00+00:00,CPUUtilization,15.242427157872532
2026-08-04T19:12:00+00:00,CPUUtilization,15.74629340450502
2026-08-04T19:17:00+00:00,CPUUtilization,15.502668736518515
2026-08-04T19:22:00+00:00,CPUUtilization,15.565864378665642
2026-08-04T19:27:00+00:00,CPUUtilization,15.574949808044892
2026-08-04T19:32:00+00:00,CPUUtilization,15.554319578326348
2026-08-04T19:37:00+00:00,CPUUtilization,15.282183376185198
2026-08-04T19:42:00+00:00,CPUUtilization,15.769177363811915
2026-08-04T19:47:00+00:00,CPUUtilization,15.71837319926549
2026-08-04T19:52:00+00:00,CPUUtilization,15.35369489394428
2026-08-04T19:57:00+00:00,CPUUtilization,17.154545098485304
2026-08-04T20:02:00+00:00,CPUUtilization,16.793693904304376
2026-08-04T20:07:00+00:00,CPUUtilization,16.680089106551073
2026-08-04T20:12:00+00:00,CPUUtilization,17.539300196999157
2026-08-04T20:17:00+00:00,CPUUtilization,16.747234506614035
2026-08-04T20:22:00+00:00,CPUUtilization,16.716208145160724
2026-08-04T20:27:00+00:00,CPUUtilization,17.125775931077953
2026-08-04T20:32:00+00:00,CPUUtilization,16.854082225047787
2026-08-04T20:37:00+00:00,CPUUtilization,17.071662730029885
2026-08-04T20:42:00+00:00,CPUUtilization,17.372645858354662
2026-08-04T20:47:00+00:00,CPUUtilization,17.63522093076802
2026-08-04T20:52:00+00:00,CPUUtilization,17.276016014942662
2026-08-04T20:57:00+00:00,CPUUtilization,17.506249016932966
2026-08-04T21:02:00+00:00,CPUUtilization,15.728308425962677
2026-08-04T21:07:00+00:00,CPUUtilization,15.545715731080145
2026-08-04T21:12:00+00:00,CPUUtilization,16.75595727987983
2026-08-04T21:17:00+00:00,CPUUtilization,16.180907387700007
2026-08-04T21:22:00+00:00,CPUUtilization,16.191730350782564
2026-08-04T21:27:00+00:00,CPUUtilization,17.02077532059091
2026-08-04T21:32:00+00:00,CPUUtilization,16.353398117819793
2026-08-04T21:37:00+00:00,CPUUtilization,18.146734760485874
2026-08-04T21:42:00+00:00,CPUUtilization,16.294734309265497
2026-08-04T21:47:00+00:00,CPUUtilization,16.493856544734776
2026-08-04T21:52:00+00:00,CPUUtilization,15.970633186965305
2026-08-04T21:57:00+00:00,CPUUtilization,18.895427288617558
2026-08-04T22:02:00+00:00,CPUUtilization,18.744044271167272
2026-08-04T22:07:00+00:00,CPUUtilization,19.82954837712714
2026-08-04T22:12:00+00:00,CPUUtilization,19.146701821707495
2026-08-04T22:17:00+00:00,CPUUtilization,20.63977609732391
2026-08-04T22:22:00+00:00,CPUUtilization,19.982917285646433
2026-08-04T22:27:00+00:00,CPUUtilization,20.296034006279463
2026-08-04T22:32:00+00:00,CPUUtilization,19.479730572775384
2026-08-04T22:37:00+00:00,CPUUtilization,19.82444989451883
2026-08-04T22:42:00+00:00,CPUUtilization,19.933525274907698
2026-08-04T22:47:00+00:00,CPUUtilization,20.19611987793319
2026-08-04T22:52:00+00:00,CPUUtilization,19.620513642394513
2026-08-04T22:57:00+00:00,CPUUtilization,17.634907145588517
2026-08-04T23:02:00+00:00,CPUUtilization,15.245639599533266
2026-08-04T23:07:00+00:00,CPUUtilization,15.810444684344606
2026-08-04T23:12:00+00:00,CPUUtilization,15.717505755008244
2026-08-04T23:17:00+00:00,CPUUtilization,15.300562135233127
2026-08-04T23:22:00+00:00,CPUUtilization,15.555651766591854
2026-08-04T23:27:00+00:00,CPUUtilization,15.685693096184346
2026-08-04T23:32:00+00:00,CPUUtilization,15.025847865678148
2026-08-04T23:37:00+00:00,CPUUtilization,15.453993931139056
2026-08-04T23:42:00+00:00,CPUUtilization,15.942948842300684
2026-08-04T23:47:00+00:00,CPUUtilization,15.843371150383698
2026-08-04T23:52:00+00:00,CPUUtilization,15.187740985909404
2026-08-04T23:57:00+00:00,CPUUtilization,15.851098309202493
2026-08-05T00:02:00+00:00,CPUUtilization,15.299460214372939
2026-08-05T00:07:00+00:00,CPUUtilization,15.856338181579147
2026-08-05T00:12:00+00:00,CPUUtilization,15.825232807677168
2026-08-05T00:17:00+00:00,CPUUtilization,15.52637938443562
2026-08-05T00:22:00+00:00,CPUUtilization,15.69795780521631
2026-08-05T00:27:00+00:00,CPUUtilization,15.770199398123648
2026-08-05T00:32:00+00:00,CPUUtilization,15.266226739105145
2026-08-05T00:37:00+00:00,CPUUtilization,15.53052683089308
2026-08-05T00:42:00+00:00,CPUUtilization,15.35774437548252
2026-08-05T00:47:00+00:00,CPUUtilization,15.491821014997367
2026-08-05T00:52:00+00:00,CPUUtilization,15.392882612752137
2026-08-05T00:57:00+00:00,CPUUtilization,15.846413992171875
2026-08-05T01:02:00+00:00,CPUUtilization,14.88997766311643
2026-08-05T01:07:00+00:00,CPUUtilization,15.848842998673842
2026-08-05T01:12:00+00:00,CPUUtilization,15.912482653684972
2026-08-05T01:17:00+00:00,CPUUtilization,15.339132556444008
2026-08-05T01:22:00+00:00,CPUUtilization,15.530284378354134
2026-08-05T01:27:00+00:00,CPUUtilization,15.850875403658975
2026-08-05T01:32:00+00:00,CPUUtilization,15.413291095480286
2026-08-05T01:37:00+00:00,CPUUtilization,15.893187052766985
2026-08-05T01:42:00+00:00,CPUUtilization,15.557982157352246
2026-08-05T01:47:00+00:00,CPUUtilization,15.71182631274404
2026-08-05T01:52:00+00:00,CPUUtilization,15.408061629108653
2026-08-05T01:57:00+00:00,CPUUtilization,15.862003345383432
2026-08-05T02:02:00+00:00,CPUUtilization,15.2831888860152
2026-08-05T02:07:00+00:00,CPUUtilization,17.02186156851701
2026-08-05T02:12:00+00:00,CPUUtilization,18.210873980774252
2026-08-05T02:17:00+00:00,CPUUtilization,17.899942895117675
2026-08-05T02:22:00+00:00,CPUUtilization,15.83628076988225
2026-08-05T02:27:00+00:00,CPUUtilization,15.900769745827276
2026-08-05T02:32:00+00:00,CPUUtilization,15.334971372502944
2026-08-05T02:37:00+00:00,CPUUtilization,15.472773521401006
2026-08-05T02:42:00+00:00,CPUUtilization,15.948341347884636
2026-08-05T02:47:00+00:00,CPUUtilization,15.55491359524402
2026-08-05T02:52:00+00:00,CPUUtilization,15.414902224490238
2026-08-05T02:57:00+00:00,CPUUtilization,15.816145671158074
2026-08-05T03:02:00+00:00,CPUUtilization,15.294684050269996
2026-08-05T03:07:00+00:00,CPUUtilization,15.623283785992651
2026-08-05T03:12:00+00:00,CPUUtilization,15.76666666666667
2026-08-05T03:17:00+00:00,CPUUtilization,15.554642618969075
2026-08-05T03:22:00+00:00,CPUUtilization,15.66452311854583
2026-08-05T03:27:00+00:00,CPUUtilization,15.678302608112011
2026-08-05T03:32:00+00:00,CPUUtilization,15.407951016007079
2026-08-05T03:37:00+00:00,CPUUtilization,15.450553849969236
2026-08-05T03:42:00+00:00,CPUUtilization,15.01821650462821
2026-08-05T03:47:00+00:00,CPUUtilization,15.403903349572252
2026-08-05T03:52:00+00:00,CPUUtilization,15.22968946163249
2026-08-05T03:57:00+00:00,CPUUtilization,15.455718346594608
2026-08-05T04:02:00+00:00,CPUUtilization,15.546174234373632
2026-08-05T04:07:00+00:00,CPUUtilization,15.724730367509824
2026-08-05T04:12:00+00:00,CPUUtilization,15.322198658665133
2026-08-05T04:17:00+00:00,CPUUtilization,15.383178060127175
2026-08-05T04:22:00+00:00,CPUUtilization,15.517412478926655
2026-08-05T04:27:00+00:00,CPUUtilization,15.953959446728543
2026-08-05T04:32:00+00:00,CPUUtilization,15.467171637889809
2026-08-05T04:37:00+00:00,CPUUtilization,15.678813976314723
2026-08-05T04:42:00+00:00,CPUUtilization,15.605014030171892
2026-08-05T04:47:00+00:00,CPUUtilization,15.194565671482149
2026-08-05T04:52:00+00:00,CPUUtilization,15.521833429946417
2026-08-05T04:57:00+00:00,CPUUtilization,15.959989925659713
2026-08-05T05:02:00+00:00,CPUUtilization,15.603553623927127
2026-08-05T05:07:00+00:00,CPUUtilization,15.780732739662753
2026-08-05T05:12:00+00:00,CPUUtilization,15.552896959074328
2026-08-05T05:17:00+00:00,CPUUtilization,15.527658365843678
2026-08-05T05:22:00+00:00,CPUUtilization,15.715097968108221
2026-08-05T05:27:00+00:00,CPUUtilization,16.066815717117805
2026-08-05T05:32:00+00:00,CPUUtilization,15.534677116089
2026-08-05T05:37:00+00:00,CPUUtilization,15.659996612830554
2026-08-05T05:42:00+00:00,CPUUtilization,15.972653073351003
2026-08-05T05:47:00+00:00,CPUUtilization,15.697771679679061
2026-08-05T05:52:00+00:00,CPUUtilization,15.650620013452018
2026-08-05T05:57:00+00:00,CPUUtilization,16.012736062599032
2026-08-05T06:02:00+00:00,CPUUtilization,15.856921353706223
2026-08-05T06:07:00+00:00,CPUUtilization,16.168531844599123
2026-08-05T06:12:00+00:00,CPUUtilization,17.113950974694525
2026-08-05T06:17:00+00:00,CPUUtilization,15.628800278493287
2026-08-05T06:22:00+00:00,CPUUtilization,15.97848523565354
2026-08-05T06:27:00+00:00,CPUUtilization,16.049426680415056
2026-08-05T06:32:00+00:00,CPUUtilization,15.791665503980179
2026-08-05T06:37:00+00:00,CPUUtilization,15.728316832800852
2026-08-05T06:42:00+00:00,CPUUtilization,15.871064515392783
2026-08-05T06:47:00+00:00,CPUUtilization,15.658678201698885
2026-08-05T06:52:00+00:00,CPUUtilization,16.286943515085394
2026-08-05T06:57:00+00:00,CPUUtilization,16.15179417846182
2026-08-05T07:02:00+00:00,CPUUtilization,15.467975015230474
2026-08-05T07:07:00+00:00,CPUUtilization,16.142557225402197
2026-08-05T07:12:00+00:00,CPUUtilization,15.829632352728543
2026-08-05T07:17:00+00:00,CPUUtilization,15.383492098073202
2026-08-05T07:22:00+00:00,CPUUtilization,15.97414657482003
2026-08-05T07:27:00+00:00,CPUUtilization,16.256586178869874
2026-08-05T07:32:00+00:00,CPUUtilization,15.807754238777886
2026-08-05T07:37:00+00:00,CPUUtilization,16.061975102186036
2026-08-05T07:42:00+00:00,CPUUtilization,16.457057872206924
2026-08-05T07:47:00+00:00,CPUUtilization,15.819873590855579
2026-08-05T07:52:00+00:00,CPUUtilization,16.02306297162603
2026-08-05T07:57:00+00:00,CPUUtilization,16.564319598558395
2026-08-05T08:02:00+00:00,CPUUtilization,16.080653604178885
2026-08-05T08:07:00+00:00,CPUUtilization,16.239736492799988
2026-08-05T08:12:00+00:00,CPUUtilization,16.532229456238593
2026-08-05T08:17:00+00:00,CPUUtilization,16.08551587780589
2026-08-05T08:22:00+00:00,CPUUtilization,16.353180704156294
2026-08-05T08:27:00+00:00,CPUUtilization,16.32007970921492
2026-08-05T08:32:00+00:00,CPUUtilization,15.981634680237065
2026-08-05T08:37:00+00:00,CPUUtilization,16.227360428268497
2026-08-05T08:42:00+00:00,CPUUtilization,18.208700679232802
2026-08-05T08:47:00+00:00,CPUUtilization,15.897851612027731
2026-08-05T08:52:00+00:00,CPUUtilization,15.918561264003339
2026-08-05T08:57:00+00:00,CPUUtilization,16.49399399849182
2026-08-05T09:02:00+00:00,CPUUtilization,15.715553403677486
2026-08-05T09:07:00+00:00,CPUUtilization,16.125
2026-08-05T09:12:00+00:00,CPUUtilization,16.256625213297674
2026-08-05T09:17:00+00:00,CPUUtilization,15.848330390617594
2026-08-05T09:22:00+00:00,CPUUtilization,15.90965039008982
2026-08-05T09:27:00+00:00,CPUUtilization,16.14996424430739
2026-08-05T09:32:00+00:00,CPUUtilization,15.531810593630407
2026-08-05T09:37:00+00:00,CPUUtilization,15.819551292020957
2026-08-05T09:42:00+00:00,CPUUtilization,16.007380539227178
2026-08-05T09:47:00+00:00,CPUUtilization,15.636632135741033
2026-08-05T09:52:00+00:00,CPUUtilization,15.620482497091057
2026-08-05T09:57:00+00:00,CPUUtilization,16.154582258969285
2026-08-05T10:02:00+00:00,CPUUtilization,19.22426258105446
2026-08-05T10:07:00+00:00,CPUUtilization,21.83746048910331
2026-08-05T10:12:00+00:00,CPUUtilization,18.46330709493582
2026-08-05T10:17:00+00:00,CPUUtilization,19.034419647834007
2026-08-05T10:22:00+00:00,CPUUtilization,18.07467314476397
2026-08-05T10:27:00+00:00,CPUUtilization,19.453093878958775
2026-08-05T10:32:00+00:00,CPUUtilization,18.601742912478716
2026-08-05T10:37:00+00:00,CPUUtilization,18.044700751545644
2026-08-05T10:42:00+00:00,CPUUtilization,18.25534737114972
2026-08-05T10:47:00+00:00,CPUUtilization,18.026128698310988
2026-08-05T10:52:00+00:00,CPUUtilization,18.775406083932296
2026-08-05T10:57:00+00:00,CPUUtilization,20.861330511216842
2026-08-05T11:02:00+00:00,CPUUtilization,23.524135806193936
2026-08-05T11:07:00+00:00,CPUUtilization,24.33093312925126
2026-08-05T11:12:00+00:00,CPUUtilization,22.543459996402362
2026-08-05T11:17:00+00:00,CPUUtilization,18.970003798800743
2026-08-05T11:22:00+00:00,CPUUtilization,17.109292974380708
2026-08-05T11:27:00+00:00,CPUUtilization,17.529601146677315
2026-08-05T11:32:00+00:00,CPUUtilization,16.834658269309056
2026-08-05T11:37:00+00:00,CPUUtilization,18.0457308689271
2026-08-05T11:42:00+00:00,CPUUtilization,17.60669199126439
2026-08-05T11:47:00+00:00,CPUUtilization,17.28170621348616
2026-08-05T11:52:00+00:00,CPUUtilization,17.371505147574403
2026-08-05T11:57:00+00:00,CPUUtilization,16.731895361633672
2026-08-05T12:02:00+00:00,CPUUtilization,16.27466842297177
2026-08-05T12:07:00+00:00,CPUUtilization,16.653023685838026
2026-08-05T12:12:00+00:00,CPUUtilization,16.45758864529812
2026-08-05T12:17:00+00:00,CPUUtilization,16.167944948732394
2026-08-05T12:22:00+00:00,CPUUtilization,17.217576724980887
2026-08-05T12:27:00+00:00,CPUUtilization,17.0127817918796
2026-08-05T12:32:00+00:00,CPUUtilization,16.525660854466405
2026-08-05T12:37:00+00:00,CPUUtilization,16.30336983515041
2026-08-05T12:42:00+00:00,CPUUtilization,16.584427929481105
2026-08-05T12:47:00+00:00,CPUUtilization,16.62366036159954
2026-08-05T12:52:00+00:00,CPUUtilization,16.293262671560562
2026-08-05T12:57:00+00:00,CPUUtilization,17.087480021901147
2026-08-05T13:02:00+00:00,CPUUtilization,16.311178470103833
2026-08-05T13:07:00+00:00,CPUUtilization,16.61862583703159
2026-08-05T13:12:00+00:00,CPUUtilization,16.787170377284312
2026-08-05T13:17:00+00:00,CPUUtilization,16.71014743554595
2026-08-05T13:22:00+00:00,CPUUtilization,16.645660729915733
2026-08-05T13:27:00+00:00,CPUUtilization,17.975426679594097
2026-08-05T13:32:00+00:00,CPUUtilization,17.02949809416116
2026-08-05T13:37:00+00:00,CPUUtilization,17.184093237536267
2026-08-05T13:42:00+00:00,CPUUtilization,17.315364321866433
2026-08-05T13:47:00+00:00,CPUUtilization,17.564259258271637
2026-08-05T13:52:00+00:00,CPUUtilization,16.978962717515877
2026-08-05T13:57:00+00:00,CPUUtilization,17.553184346186956
2026-08-05T14:02:00+00:00,CPUUtilization,16.49997525285149
2026-08-05T14:07:00+00:00,CPUUtilization,16.79383715270705
2026-08-05T14:12:00+00:00,CPUUtilization,17.351936945879437
2026-08-05T14:17:00+00:00,CPUUtilization,18.748845857761324
2026-08-05T14:22:00+00:00,CPUUtilization,17.291483047144304
2026-08-05T14:27:00+00:00,CPUUtilization,17.44712376390735
2026-08-05T14:32:00+00:00,CPUUtilization,17.06507340638321
2026-08-05T14:37:00+00:00,CPUUtilization,17.22000594798661
2026-08-05T14:42:00+00:00,CPUUtilization,16.94657182014752
2026-08-05T14:47:00+00:00,CPUUtilization,16.87019108641222
2026-08-05T14:52:00+00:00,CPUUtilization,16.977647262350423
2026-08-05T14:57:00+00:00,CPUUtilization,17.868440371312282
2026-08-05T15:02:00+00:00,CPUUtilization,16.59127631032657
2026-08-05T15:07:00+00:00,CPUUtilization,16.756352739642978
2026-08-05T15:12:00+00:00,CPUUtilization,17.971574183027553
2026-08-05T15:17:00+00:00,CPUUtilization,17.920453062547388
2026-08-05T15:22:00+00:00,CPUUtilization,16.810426178658226
2026-08-05T15:27:00+00:00,CPUUtilization,17.139096578551083
2026-08-05T15:32:00+00:00,CPUUtilization,16.491549750045994
2026-08-05T15:37:00+00:00,CPUUtilization,16.408835762151845
2026-08-05T15:42:00+00:00,CPUUtilization,16.817763161612284
2026-08-05T15:47:00+00:00,CPUUtilization,16.589923126962255
2026-08-05T15:52:00+00:00,CPUUtilization,16.511262208288063
2026-08-05T15:57:00+00:00,CPUUtilization,17.26103513217715
2026-08-05T16:02:00+00:00,CPUUtilization,16.201076718355132
2026-08-05T16:07:00+00:00,CPUUtilization,16.51022258778549
2026-08-05T16:12:00+00:00,CPUUtilization,16.48315815785093
2026-08-05T16:17:00+00:00,CPUUtilization,16.59675634900989
2026-08-05T16:22:00+00:00,CPUUtilization,16.37440976801748
2026-08-05T16:27:00+00:00,CPUUtilization,16.831516065147262
2026-08-05T16:32:00+00:00,CPUUtilization,16.363979742299144
2026-08-05T16:37:00+00:00,CPUUtilization,16.48879808989891
2026-08-05T16:42:00+00:00,CPUUtilization,16.712853590082794
2026-08-05T16:47:00+00:00,CPUUtilization,16.473095128446836
2026-08-05T16:52:00+00:00,CPUUtilization,16.876075652761504
2026-08-05T16:57:00+00:00,CPUUtilization,16.82797355641366
2026-08-05T17:02:00+00:00,CPUUtilization,16.547885498009613
2026-08-05T17:07:00+00:00,CPUUtilization,16.692188429566183
2026-08-05T17:12:00+00:00,CPUUtilization,16.379106531293445
2026-08-05T17:17:00+00:00,CPUUtilization,15.557775763105553
2026-08-05T17:22:00+00:00,CPUUtilization,15.530828043572267
2026-08-05T17:27:00+00:00,CPUUtilization,17.32243629587241
2026-08-05T17:32:00+00:00,CPUUtilization,16.85294337794283
2026-08-05T17:37:00+00:00,CPUUtilization,16.917766343964445
2026-08-05T17:42:00+00:00,CPUUtilization,17.295597367211407
2026-08-05T17:47:00+00:00,CPUUtilization,17.241081694099158
2026-08-05T17:52:00+00:00,CPUUtilization,17.346842630325284
2026-08-05T17:57:00+00:00,CPUUtilization,17.60019050962605
2026-08-05T18:02:00+00:00,CPUUtilization,17.005680447000742
2026-08-05T18:07:00+00:00,CPUUtilization,16.70595556945067
2026-08-05T18:12:00+00:00,CPUUtilization,16.626967473660986
2026-08-05T18:17:00+00:00,CPUUtilization,16.321329013428105
2026-08-05T18:22:00+00:00,CPUUtilization,16.14438716066155
2026-08-05T18:27:00+00:00,CPUUtilization,16.469425057244635
2026-08-05T18:32:00+00:00,CPUUtilization,15.84237357444476
2026-08-05T18:37:00+00:00,CPUUtilization,16.182904874823087
2026-08-05T18:42:00+00:00,CPUUtilization,16.17487660280885
2026-08-05T18:47:00+00:00,CPUUtilization,16.213265730873925
2026-08-05T18:52:00+00:00,CPUUtilization,16.177837875757394
2026-08-05T18:57:00+00:00,CPUUtilization,16.82051477495126
2026-08-05T19:02:00+00:00,CPUUtilization,16.63109068022844
2026-08-05T19:07:00+00:00,CPUUtilization,16.952623283545684
2026-08-05T19:12:00+00:00,CPUUtilization,16.579992526423855
2026-08-05T19:17:00+00:00,CPUUtilization,16.502629776813134
2026-08-05T19:22:00+00:00,CPUUtilization,16.198796607385557
2026-08-05T19:27:00+00:00,CPUUtilization,16.8551682476414
2026-08-05T19:32:00+00:00,CPUUtilization,16.152452530898795
2026-08-05T19:37:00+00:00,CPUUtilization,16.533748920556636
2026-08-05T19:42:00+00:00,CPUUtilization,16.658649694720644
2026-08-05T19:47:00+00:00,CPUUtilization,15.647417036833918
2026-08-05T19:52:00+00:00,CPUUtilization,15.678341872354167
2026-08-05T19:57:00+00:00,CPUUtilization,16.191105214548717
2026-08-05T20:02:00+00:00,CPUUtilization,15.78590483132989
2026-08-05T20:07:00+00:00,CPUUtilization,17.16417714312924
2026-08-05T20:12:00+00:00,CPUUtilization,17.182930962898922
2026-08-05T20:17:00+00:00,CPUUtilization,16.633388975444763
2026-08-05T20:22:00+00:00,CPUUtilization,16.32010935952431
2026-08-05T20:27:00+00:00,CPUUtilization,16.980251050081836
2026-08-05T20:32:00+00:00,CPUUtilization,16.25647350877137
2026-08-05T20:37:00+00:00,CPUUtilization,16.362447128884817
2026-08-05T20:42:00+00:00,CPUUtilization,16.529240620330867
2026-08-05T20:47:00+00:00,CPUUtilization,16.437540340257286
2026-08-05T20:52:00+00:00,CPUUtilization,16.675862810861226
2026-08-05T20:57:00+00:00,CPUUtilization,17.14021132775218
2026-08-05T21:02:00+00:00,CPUUtilization,16.033986839336176
2026-08-05T21:07:00+00:00,CPUUtilization,16.20707298452002
2026-08-05T21:12:00+00:00,CPUUtilization,16.444034403785775
2026-08-05T21:17:00+00:00,CPUUtilization,16.607828048783503
2026-08-05T21:22:00+00:00,CPUUtilization,15.964878813794764
2026-08-05T21:27:00+00:00,CPUUtilization,16.578201338834543
2026-08-05T21:32:00+00:00,CPUUtilization,15.767624687855639
2026-08-05T21:37:00+00:00,CPUUtilization,16.483861143256778
2026-08-05T21:42:00+00:00,CPUUtilization,16.181163649579993
2026-08-05T21:47:00+00:00,CPUUtilization,16.560881990023915
2026-08-05T21:52:00+00:00,CPUUtilization,16.06158360935386
2026-08-05T21:57:00+00:00,CPUUtilization,16.455979131241342
2026-08-05T22:02:00+00:00,CPUUtilization,16.059124927440187
2026-08-05T22:07:00+00:00,CPUUtilization,16.348119004086858
2026-08-05T22:12:00+00:00,CPUUtilization,17.021451814060548
2026-08-05T22:17:00+00:00,CPUUtilization,16.281918631963897
2026-08-05T22:22:00+00:00,CPUUtilization,15.94925005182617
2026-08-05T22:27:00+00:00,CPUUtilization,16.723195015131722
2026-08-05T22:32:00+00:00,CPUUtilization,15.980638644127207
2026-08-05T22:37:00+00:00,CPUUtilization,17.244607261911945
2026-08-05T22:42:00+00:00,CPUUtilization,16.053095374133694
2026-08-05T22:47:00+00:00,CPUUtilization,15.82090728407816
2026-08-05T22:52:00+00:00,CPUUtilization,19.050218970456513
2026-08-05T22:57:00+00:00,CPUUtilization,16.47312140570271
2026-08-05T23:02:00+00:00,CPUUtilization,15.705805625829607
2026-08-05T23:07:00+00:00,CPUUtilization,16.884373827263165
2026-08-05T23:12:00+00:00,CPUUtilization,15.660656892210998
2026-08-05T23:17:00+00:00,CPUUtilization,15.732232852800104
2026-08-05T23:22:00+00:00,CPUUtilization,15.807021405034963
2026-08-05T23:27:00+00:00,CPUUtilization,16.811390982517985
2026-08-05T23:32:00+00:00,CPUUtilization,16.679758162819006
2026-08-05T23:37:00+00:00,CPUUtilization,16.983400090204043
2026-08-05T23:42:00+00:00,CPUUtilization,17.013895538560554
2026-08-05T23:47:00+00:00,CPUUtilization,16.28782675349556
2026-08-05T23:52:00+00:00,CPUUtilization,16.01399576618657
2026-08-05T23:57:00+00:00,CPUUtilization,16.71558540590972
2026-08-06T00:02:00+00:00,CPUUtilization,16.41133547003521
2026-08-06T00:07:00+00:00,CPUUtilization,16.12316347617543
2026-08-06T00:12:00+00:00,CPUUtilization,16.359408821491417
2026-08-06T00:17:00+00:00,CPUUtilization,15.899872501909547
2026-08-06T00:22:00+00:00,CPUUtilization,15.913413277735259
2026-08-06T00:27:00+00:00,CPUUtilization,15.993106679142176
2026-08-06T00:32:00+00:00,CPUUtilization,15.703421202795809
2026-08-06T00:37:00+00:00,CPUUtilization,16.181076899836444
2026-08-06T00:42:00+00:00,CPUUtilization,16.343999549216186
2026-08-06T00:47:00+00:00,CPUUtilization,16.10502789574235
2026-08-06T00:52:00+00:00,CPUUtilization,16.192088108074934
2026-08-06T00:57:00+00:00,CPUUtilization,16.367626406176456
2026-08-06T01:02:00+00:00,CPUUtilization,15.933698319130817
2026-08-06T01:07:00+00:00,CPUUtilization,15.988030207708738
2026-08-06T01:12:00+00:00,CPUUtilization,15.897431505344027
2026-08-06T01:17:00+00:00,CPUUtilization,16.252453083462665
2026-08-06T01:22:00+00:00,CPUUtilization,15.913033291676692
2026-08-06T01:27:00+00:00,CPUUtilization,16.331893619166596
2026-08-06T01:32:00+00:00,CPUUtilization,15.771543547657993
2026-08-06T01:37:00+00:00,CPUUtilization,16.463567130473912
2026-08-06T01:42:00+00:00,CPUUtilization,16.428475566544172
2026-08-06T01:47:00+00:00,CPUUtilization,15.866297897537606
2026-08-06T01:52:00+00:00,CPUUtilization,15.95911699073107
2026-08-06T01:57:00+00:00,CPUUtilization,16.42239377448414
2026-08-06T02:02:00+00:00,CPUUtilization,15.594793365228195
2026-08-06T02:07:00+00:00,CPUUtilization,15.982886139730613
2026-08-06T02:12:00+00:00,CPUUtilization,16.077161076924316
2026-08-06T02:17:00+00:00,CPUUtilization,16.24317332621994
2026-08-06T02:22:00+00:00,CPUUtilization,16.176332410811362
2026-08-06T02:27:00+00:00,CPUUtilization,16.834653118379386
2026-08-06T02:32:00+00:00,CPUUtilization,15.81359478081313
2026-08-06T02:37:00+00:00,CPUUtilization,16.33413902641346
2026-08-06T02:42:00+00:00,CPUUtilization,16.008245628166357
2026-08-06T02:47:00+00:00,CPUUtilization,15.991190422690476
2026-08-06T02:52:00+00:00,CPUUtilization,15.621563311843122
2026-08-06T02:57:00+00:00,CPUUtilization,16.840065431233008
2026-08-06T03:02:00+00:00,CPUUtilization,15.744558333669412
2026-08-06T03:07:00+00:00,CPUUtilization,15.79695562539907
2026-08-06T03:12:00+00:00,CPUUtilization,16.233069696030707
2026-08-06T03:17:00+00:00,CPUUtilization,16.01633413171249
2026-08-06T03:22:00+00:00,CPUUtilization,15.921099351048571
2026-08-06T03:27:00+00:00,CPUUtilization,16.310828042955638
2026-08-06T03:32:00+00:00,CPUUtilization,15.938346556965735
2026-08-06T03:37:00+00:00,CPUUtilization,16.438868522853546
2026-08-06T03:42:00+00:00,CPUUtilization,16.311328933408326
2026-08-06T03:47:00+00:00,CPUUtilization,16.46797372849294
2026-08-06T03:52:00+00:00,CPUUtilization,16.776493421494333
2026-08-06T03:57:00+00:00,CPUUtilization,17.393959463321522
2026-08-06T04:02:00+00:00,CPUUtilization,16.6256870625554
2026-08-06T04:07:00+00:00,CPUUtilization,16.303066502182297
2026-08-06T04:12:00+00:00,CPUUtilization,16.236362635979955
2026-08-06T04:17:00+00:00,CPUUtilization,16.053418255460493
2026-08-06T04:22:00+00:00,CPUUtilization,16.333897922982352
2026-08-06T04:27:00+00:00,CPUUtilization,17.224871901143402
2026-08-06T04:32:00+00:00,CPUUtilization,16.04804069473922
2026-08-06T04:37:00+00:00,CPUUtilization,16.38868742038624
2026-08-06T04:42:00+00:00,CPUUtilization,16.351988560568277
2026-08-06T04:47:00+00:00,CPUUtilization,15.679214752303858
2026-08-06T04:52:00+00:00,CPUUtilization,15.629941865012379
2026-08-06T04:57:00+00:00,CPUUtilization,16.855442900410083
2026-08-06T05:02:00+00:00,CPUUtilization,15.938891920384677
2026-08-06T05:07:00+00:00,CPUUtilization,16.467956922757953
2026-08-06T05:12:00+00:00,CPUUtilization,16.057825693586032
2026-08-06T05:17:00+00:00,CPUUtilization,15.347915860866213
2026-08-06T05:22:00+00:00,CPUUtilization,16.870110792463528
2026-08-06T05:27:00+00:00,CPUUtilization,16.944131956943572
2026-08-06T05:32:00+00:00,CPUUtilization,16.14349126365827
2026-08-06T05:37:00+00:00,CPUUtilization,16.091557466882104
2026-08-06T05:42:00+00:00,CPUUtilization,15.756928092975718
2026-08-06T05:47:00+00:00,CPUUtilization,15.475114506899384
2026-08-06T05:52:00+00:00,CPUUtilization,15.568450299288529
2026-08-06T05:57:00+00:00,CPUUtilization,16.556848913619113
2026-08-06T06:02:00+00:00,CPUUtilization,15.901814934229217
2026-08-06T06:07:00+00:00,CPUUtilization,16.09012121644082
2026-08-06T06:12:00+00:00,CPUUtilization,15.573586694031565
2026-08-06T06:17:00+00:00,CPUUtilization,15.805323132144526
2026-08-06T06:22:00+00:00,CPUUtilization,16.004872325807074
2026-08-06T06:27:00+00:00,CPUUtilization,16.550575616009073
2026-08-06T06:32:00+00:00,CPUUtilization,16.25857620120187
2026-08-06T06:37:00+00:00,CPUUtilization,18.79011147541305
2026-08-06T06:42:00+00:00,CPUUtilization,16.03000058433308
2026-08-06T06:47:00+00:00,CPUUtilization,16.386715508201863
2026-08-06T06:52:00+00:00,CPUUtilization,15.577487170462813
2026-08-06T06:57:00+00:00,CPUUtilization,16.553748759017065
2026-08-06T07:02:00+00:00,CPUUtilization,16.073355204878233
2026-08-06T07:07:00+00:00,CPUUtilization,16.465536583947852
2026-08-06T07:12:00+00:00,CPUUtilization,15.957223746102656
2026-08-06T07:17:00+00:00,CPUUtilization,15.72981637039409
2026-08-06T07:22:00+00:00,CPUUtilization,15.741461112303426
2026-08-06T07:27:00+00:00,CPUUtilization,16.285317150999298
2026-08-06T07:32:00+00:00,CPUUtilization,16.019648207475306
2026-08-06T07:37:00+00:00,CPUUtilization,16.58463856084444
2026-08-06T07:42:00+00:00,CPUUtilization,16.03172005150578
2026-08-06T07:47:00+00:00,CPUUtilization,15.898397685310348
2026-08-06T07:52:00+00:00,CPUUtilization,15.508627770572014
2026-08-06T07:57:00+00:00,CPUUtilization,16.04036697962615
2026-08-06T08:02:00+00:00,CPUUtilization,15.556923401115833
2026-08-06T08:07:00+00:00,CPUUtilization,15.946971230637232
2026-08-06T08:12:00+00:00,CPUUtilization,15.618717456045875
2026-08-06T08:17:00+00:00,CPUUtilization,15.401498838684313
2026-08-06T08:22:00+00:00,CPUUtilization,15.199732815248847
2026-08-06T08:27:00+00:00,CPUUtilization,16.37390482733245
2026-08-06T08:32:00+00:00,CPUUtilization,15.35827825888902
2026-08-06T08:37:00+00:00,CPUUtilization,15.823391657198737
2026-08-06T08:42:00+00:00,CPUUtilization,16.27518015019136
2026-08-06T08:47:00+00:00,CPUUtilization,16.46997019948366
2026-08-06T08:52:00+00:00,CPUUtilization,15.569770043757899
2026-08-06T08:57:00+00:00,CPUUtilization,16.362988039980063
2026-08-06T09:02:00+00:00,CPUUtilization,15.36172640165795
2026-08-06T09:07:00+00:00,CPUUtilization,16.0405064217069
2026-08-06T09:12:00+00:00,CPUUtilization,16.074224686843472
2026-08-06T09:17:00+00:00,CPUUtilization,15.700101035323476
2026-08-06T09:22:00+00:00,CPUUtilization,15.229929955214066
2026-08-06T09:27:00+00:00,CPUUtilization,16.0022875473822
2026-08-06T09:32:00+00:00,CPUUtilization,15.408427161564253
2026-08-06T09:37:00+00:00,CPUUtilization,15.861666666666668
2026-08-06T09:42:00+00:00,CPUUtilization,16.024366922106815
2026-08-06T09:47:00+00:00,CPUUtilization,15.700070080908393
2026-08-06T09:52:00+00:00,CPUUtilization,15.317142888609641
2026-08-06T09:57:00+00:00,CPUUtilization,16.620514284229365
2026-08-06T10:02:00+00:00,CPUUtilization,15.620089334641865
2026-08-06T10:07:00+00:00,CPUUtilization,16.090106794569845
2026-08-06T10:12:00+00:00,CPUUtilization,15.922339857754682
2026-08-06T10:17:00+00:00,CPUUtilization,16.537483296280204
2026-08-06T10:22:00+00:00,CPUUtilization,16.30094495151497
2026-08-06T10:27:00+00:00,CPUUtilization,17.482309608994616
2026-08-06T10:32:00+00:00,CPUUtilization,15.20516426989233
2026-08-06T10:37:00+00:00,CPUUtilization,15.966730042525484
2026-08-06T10:42:00+00:00,CPUUtilization,15.820242169741212
2026-08-06T10:47:00+00:00,CPUUtilization,16.096305336671023
2026-08-06T10:52:00+00:00,CPUUtilization,15.551959478570993
2026-08-06T10:57:00+00:00,CPUUtilization,16.447691264593846
2026-08-06T11:02:00+00:00,CPUUtilization,15.733147240971732
2026-08-06T11:07:00+00:00,CPUUtilization,15.98642156101602
2026-08-06T11:12:00+00:00,CPUUtilization,16.208305077162716
2026-08-06T11:17:00+00:00,CPUUtilization,16.081704903643523
2026-08-06T11:22:00+00:00,CPUUtilization,16.00929499083407
2026-08-06T11:27:00+00:00,CPUUtilization,16.630906142908625
2026-08-06T11:32:00+00:00,CPUUtilization,16.00441087544978
2026-08-06T11:37:00+00:00,CPUUtilization,16.14999492550879
2026-08-06T11:42:00+00:00,CPUUtilization,16.361326931281976
2026-08-06T11:47:00+00:00,CPUUtilization,16.409137738590044
2026-08-06T11:52:00+00:00,CPUUtilization,15.75983902410466
2026-08-06T11:57:00+00:00,CPUUtilization,17.955247486295985
2026-08-06T12:02:00+00:00,CPUUtilization,15.794106808260604
2026-08-06T12:07:00+00:00,CPUUtilization,16.36381704787089
2026-08-06T12:12:00+00:00,CPUUtilization,16.301893805676826
2026-08-06T12:17:00+00:00,CPUUtilization,16.18985742118104
2026-08-06T12:22:00+00:00,CPUUtilization,15.681661668796346
2026-08-06T12:27:00+00:00,CPUUtilization,16.629714500759267
2026-08-06T12:32:00+00:00,CPUUtilization,15.731479267813459
2026-08-06T12:37:00+00:00,CPUUtilization,15.6581564880945
2026-08-06T12:42:00+00:00,CPUUtilization,16.121042108368744
2026-08-06T12:47:00+00:00,CPUUtilization,15.636854615586685
2026-08-06T12:52:00+00:00,CPUUtilization,15.535060906292339
2026-08-06T12:57:00+00:00,CPUUtilization,16.557690699014053
2026-08-06T13:02:00+00:00,CPUUtilization,16.161358244785067
2026-08-06T13:07:00+00:00,CPUUtilization,16.524940487434094
2026-08-06T13:12:00+00:00,CPUUtilization,17.49739908948116
2026-08-06T13:17:00+00:00,CPUUtilization,16.449043543587884
2026-08-06T13:22:00+00:00,CPUUtilization,16.22892816370886
2026-08-06T13:27:00+00:00,CPUUtilization,17.51157595979806
2026-08-06T13:32:00+00:00,CPUUtilization,16.532104783585734
2026-08-06T13:37:00+00:00,CPUUtilization,16.94903255186055
2026-08-06T13:42:00+00:00,CPUUtilization,16.86196052675335
2026-08-06T13:47:00+00:00,CPUUtilization,17.33661127428132
2026-08-06T13:52:00+00:00,CPUUtilization,17.314987479535674
2026-08-06T13:57:00+00:00,CPUUtilization,17.44262416024548
2026-08-06T14:02:00+00:00,CPUUtilization,19.91623495708334
2026-08-06T14:07:00+00:00,CPUUtilization,17.364885158547207
2026-08-06T14:12:00+00:00,CPUUtilization,17.224639703978
2026-08-06T14:17:00+00:00,CPUUtilization,17.233009088978392
2026-08-06T14:22:00+00:00,CPUUtilization,17.157455052862552
2026-08-06T14:27:00+00:00,CPUUtilization,17.87695146725637
2026-08-06T14:32:00+00:00,CPUUtilization,17.09029688616053
2026-08-06T14:37:00+00:00,CPUUtilization,16.47153086160996
2026-08-06T14:42:00+00:00,CPUUtilization,16.511255228713786
2026-08-06T14:47:00+00:00,CPUUtilization,16.10041548058359
2026-08-06T14:52:00+00:00,CPUUtilization,16.425916760042423
2026-08-06T14:57:00+00:00,CPUUtilization,17.042679055104063
2026-08-06T15:02:00+00:00,CPUUtilization,16.517271299991588
2026-08-06T15:07:00+00:00,CPUUtilization,16.580781644007153
2026-08-06T15:12:00+00:00,CPUUtilization,17.067727644674626
2026-08-06T15:17:00+00:00,CPUUtilization,16.588545150275234
2026-08-06T15:22:00+00:00,CPUUtilization,16.49646678453459
2026-08-06T15:27:00+00:00,CPUUtilization,17.12826939176202
2026-08-06T15:32:00+00:00,CPUUtilization,16.222825240684443
2026-08-06T15:37:00+00:00,CPUUtilization,16.606264758079465
2026-08-06T15:42:00+00:00,CPUUtilization,17.004209194471645
2026-08-06T15:47:00+00:00,CPUUtilization,16.22976986024878
2026-08-06T15:52:00+00:00,CPUUtilization,16.076845437722422
2026-08-06T15:57:00+00:00,CPUUtilization,17.078365079784238
2026-08-06T16:02:00+00:00,CPUUtilization,16.111351603624676
2026-08-06T16:07:00+00:00,CPUUtilization,16.18722611910443
2026-08-06T16:12:00+00:00,CPUUtilization,17.001236236071207
2026-08-06T16:17:00+00:00,CPUUtilization,16.380109828631138
2026-08-06T16:22:00+00:00,CPUUtilization,16.085000969045474
2026-08-06T16:27:00+00:00,CPUUtilization,16.89160343356077
2026-08-06T16:32:00+00:00,CPUUtilization,16.340461078848012
2026-08-06T16:37:00+00:00,CPUUtilization,16.61663230068793
2026-08-06T16:42:00+00:00,CPUUtilization,16.75388031447421
2026-08-06T16:47:00+00:00,CPUUtilization,16.53622164393949
2026-08-06T16:52:00+00:00,CPUUtilization,16.367736204569614
2026-08-06T16:57:00+00:00,CPUUtilization,16.78538261077736
2026-08-06T17:02:00+00:00,CPUUtilization,16.934671649109088
2026-08-06T17:07:00+00:00,CPUUtilization,16.88364300653449
2026-08-06T17:12:00+00:00,CPUUtilization,18.41003611399613
2026-08-06T17:17:00+00:00,CPUUtilization,17.01299057228339
2026-08-06T17:22:00+00:00,CPUUtilization,16.693239620645606
2026-08-06T17:27:00+00:00,CPUUtilization,17.585354880380105
2026-08-06T17:32:00+00:00,CPUUtilization,16.67375364897763
2026-08-06T17:37:00+00:00,CPUUtilization,16.85548638040734
2026-08-06T17:42:00+00:00,CPUUtilization,16.841942020555706
2026-08-06T17:47:00+00:00,CPUUtilization,16.670680201479268
2026-08-06T17:52:00+00:00,CPUUtilization,16.41405987802417
2026-08-06T17:57:00+00:00,CPUUtilization,17.389475664437345
2026-08-06T18:02:00+00:00,CPUUtilization,16.55576517608316
2026-08-06T18:07:00+00:00,CPUUtilization,17.27576312953231
2026-08-06T18:12:00+00:00,CPUUtilization,17.2663840638992
2026-08-06T18:17:00+00:00,CPUUtilization,16.992636002156708
2026-08-06T18:22:00+00:00,CPUUtilization,16.642621054045335
2026-08-06T18:27:00+00:00,CPUUtilization,17.344519186280074
2026-08-06T18:32:00+00:00,CPUUtilization,16.268511214531333
2026-08-06T18:37:00+00:00,CPUUtilization,16.968397667948757
2026-08-06T18:42:00+00:00,CPUUtilization,16.70965302797405
2026-08-06T18:47:00+00:00,CPUUtilization,16.890261577005667
2026-08-06T18:52:00+00:00,CPUUtilization,16.67327719455513
2026-08-06T18:57:00+00:00,CPUUtilization,17.49944792854317
2026-08-06T19:02:00+00:00,CPUUtilization,16.507634547555753
2026-08-06T19:07:00+00:00,CPUUtilization,17.286182632301085
2026-08-06T19:12:00+00:00,CPUUtilization,17.088892574462655
2026-08-06T19:17:00+00:00,CPUUtilization,16.87636448637555
2026-08-06T19:22:00+00:00,CPUUtilization,16.466589142940258
2026-08-06T19:27:00+00:00,CPUUtilization,17.245621241204173
2026-08-06T19:32:00+00:00,CPUUtilization,16.372630760125656
2026-08-06T19:37:00+00:00,CPUUtilization,16.711709825720654
2026-08-06T19:42:00+00:00,CPUUtilization,16.701075978360358
2026-08-06T19:47:00+00:00,CPUUtilization,16.559017161071246
2026-08-06T19:52:00+00:00,CPUUtilization,16.541417083032115
2026-08-06T19:57:00+00:00,CPUUtilization,17.346468922977145
2026-08-06T20:02:00+00:00,CPUUtilization,16.36362000399559
2026-08-06T20:07:00+00:00,CPUUtilization,16.734418430030303
2026-08-06T20:12:00+00:00,CPUUtilization,17.237049366509957
2026-08-06T20:17:00+00:00,CPUUtilization,16.7700459127655
2026-08-06T20:22:00+00:00,CPUUtilization,16.550013729261412
2026-08-06T20:27:00+00:00,CPUUtilization,17.25673243949451
2026-08-06T20:32:00+00:00,CPUUtilization,16.481380263739567
2026-08-06T20:37:00+00:00,CPUUtilization,16.85230436429054
2026-08-06T20:42:00+00:00,CPUUtilization,16.883177993977426
2026-08-06T20:47:00+00:00,CPUUtilization,16.612195964993116
2026-08-06T20:52:00+00:00,CPUUtilization,16.843944941177888
2026-08-06T20:57:00+00:00,CPUUtilization,17.31482929399188
2026-08-06T21:02:00+00:00,CPUUtilization,16.460732370094966
2026-08-06T21:07:00+00:00,CPUUtilization,16.776890304985834
2026-08-06T21:12:00+00:00,CPUUtilization,17.04565311006433
2026-08-06T21:17:00+00:00,CPUUtilization,16.81217479140065
2026-08-06T21:22:00+00:00,CPUUtilization,16.09159995304889
2026-08-06T21:27:00+00:00,CPUUtilization,17.081825563500264
2026-08-06T21:32:00+00:00,CPUUtilization,16.122126342901137
2026-08-06T21:37:00+00:00,CPUUtilization,16.856851917803223
2026-08-06T21:42:00+00:00,CPUUtilization,16.62349005977964
2026-08-06T21:47:00+00:00,CPUUtilization,16.404626476904284
2026-08-06T21:52:00+00:00,CPUUtilization,16.326560069281197
2026-08-06T21:57:00+00:00,CPUUtilization,17.66859342394327
2026-08-06T22:02:00+00:00,CPUUtilization,16.616145374044823
2026-08-06T22:07:00+00:00,CPUUtilization,16.57712814312919
2026-08-06T22:12:00+00:00,CPUUtilization,16.940917946046103
2026-08-06T22:17:00+00:00,CPUUtilization,16.385266301170496
2026-08-06T22:22:00+00:00,CPUUtilization,16.181666666666665
2026-08-06T22:27:00+00:00,CPUUtilization,16.855533488437395
2026-08-06T22:32:00+00:00,CPUUtilization,16.01948682452257
2026-08-06T22:37:00+00:00,CPUUtilization,16.54927465447897
2026-08-06T22:42:00+00:00,CPUUtilization,16.57911828784794
2026-08-06T22:47:00+00:00,CPUUtilization,16.472613637456313
2026-08-06T22:52:00+00:00,CPUUtilization,16.22812460449942
2026-08-06T22:57:00+00:00,CPUUtilization,17.319514543707808
2026-08-06T23:02:00+00:00,CPUUtilization,16.296811891370645
2026-08-06T23:07:00+00:00,CPUUtilization,16.460243538460368
2026-08-06T23:12:00+00:00,CPUUtilization,16.82311544411776
2026-08-06T23:17:00+00:00,CPUUtilization,16.869986889867636
2026-08-06T23:22:00+00:00,CPUUtilization,16.63135610446785
2026-08-06T23:27:00+00:00,CPUUtilization,17.3743142055115
2026-08-06T23:32:00+00:00,CPUUtilization,16.264302337791868
2026-08-06T23:37:00+00:00,CPUUtilization,16.260585571646722
2026-08-06T23:42:00+00:00,CPUUtilization,16.947973676555076
2026-08-06T23:47:00+00:00,CPUUtilization,16.501229412272846
2026-08-06T23:52:00+00:00,CPUUtilization,16.198750247862318
2026-08-06T23:57:00+00:00,CPUUtilization,17.681842219419956
2026-08-07T00:02:00+00:00,CPUUtilization,16.213236632367643
2026-08-07T00:07:00+00:00,CPUUtilization,16.936251159317493
2026-08-07T00:12:00+00:00,CPUUtilization,16.903754917785506
2026-08-07T00:17:00+00:00,CPUUtilization,16.803146114936784
2026-08-07T00:22:00+00:00,CPUUtilization,16.55711577767024
2026-08-07T00:27:00+00:00,CPUUtilization,17.702473157917503
2026-08-07T00:32:00+00:00,CPUUtilization,16.676829827531538
2026-08-07T00:37:00+00:00,CPUUtilization,16.554874303068765
2026-08-07T00:42:00+00:00,CPUUtilization,16.700098941564207
2026-08-07T00:47:00+00:00,CPUUtilization,16.43650261616569
2026-08-07T00:52:00+00:00,CPUUtilization,16.237688760877717
2026-08-07T00:57:00+00:00,CPUUtilization,17.47695436290184
2026-08-07T01:02:00+00:00,CPUUtilization,16.280216685974235
2026-08-07T01:07:00+00:00,CPUUtilization,16.143647109015216
2026-08-07T01:12:00+00:00,CPUUtilization,16.779188665042735
2026-08-07T01:17:00+00:00,CPUUtilization,16.246017725659126
2026-08-07T01:22:00+00:00,CPUUtilization,16.34678085336292
2026-08-07T01:27:00+00:00,CPUUtilization,16.999256443801393
2026-08-07T01:32:00+00:00,CPUUtilization,16.26318221914643
2026-08-07T01:37:00+00:00,CPUUtilization,16.168288559487216
2026-08-07T01:42:00+00:00,CPUUtilization,16.292540340675465
2026-08-07T01:47:00+00:00,CPUUtilization,16.07412477256608
2026-08-07T01:52:00+00:00,CPUUtilization,16.16838150523649
2026-08-07T01:57:00+00:00,CPUUtilization,17.263955126617475
2026-08-07T02:02:00+00:00,CPUUtilization,16.251788105622772
2026-08-07T02:07:00+00:00,CPUUtilization,16.614069109718287
2026-08-07T02:12:00+00:00,CPUUtilization,16.71868183004503
2026-08-07T02:17:00+00:00,CPUUtilization,16.49698364427762
2026-08-07T02:22:00+00:00,CPUUtilization,15.843390139871797
2026-08-07T02:27:00+00:00,CPUUtilization,17.471183576950196
2026-08-07T02:32:00+00:00,CPUUtilization,16.248266133988757
2026-08-07T02:37:00+00:00,CPUUtilization,16.518677675417226
2026-08-07T02:42:00+00:00,CPUUtilization,16.8138658859718
2026-08-07T02:47:00+00:00,CPUUtilization,17.019613821251063
2026-08-07T02:52:00+00:00,CPUUtilization,16.277448691879208
2026-08-07T02:57:00+00:00,CPUUtilization,16.96917686122056
2026-08-07T03:02:00+00:00,CPUUtilization,15.498805002219424
2026-08-07T03:07:00+00:00,CPUUtilization,15.910207103263327
2026-08-07T03:12:00+00:00,CPUUtilization,16.008330473916203
2026-08-07T03:17:00+00:00,CPUUtilization,16.19930036924935
2026-08-07T03:22:00+00:00,CPUUtilization,16.530164576280722
2026-08-07T03:27:00+00:00,CPUUtilization,16.231558177038227
2026-08-07T03:32:00+00:00,CPUUtilization,15.065322853366672
2026-08-07T03:37:00+00:00,CPUUtilization,15.373772478093397
2026-08-07T03:42:00+00:00,CPUUtilization,15.264732601558046
2026-08-07T03:47:00+00:00,CPUUtilization,15.588952558974636
2026-08-07T03:52:00+00:00,CPUUtilization,15.261608016433229
2026-08-07T03:57:00+00:00,CPUUtilization,16.146457963155328
2026-08-07T04:02:00+00:00,CPUUtilization,15.345296553684795
2026-08-07T04:07:00+00:00,CPUUtilization,16.778664674367896
2026-08-07T04:12:00+00:00,CPUUtilization,16.650035567821337
2026-08-07T04:17:00+00:00,CPUUtilization,18.615764841653462
2026-08-07T04:22:00+00:00,CPUUtilization,15.244903060569545
2026-08-07T04:27:00+00:00,CPUUtilization,17.270461632124196
2026-08-07T04:32:00+00:00,CPUUtilization,15.906367131994823
2026-08-07T04:37:00+00:00,CPUUtilization,15.900419118499489
2026-08-07T04:42:00+00:00,CPUUtilization,16.04916190903628
2026-08-07T04:47:00+00:00,CPUUtilization,16.338226065130446
2026-08-07T04:52:00+00:00,CPUUtilization,15.843507221512414
2026-08-07T04:57:00+00:00,CPUUtilization,17.546294767656146
2026-08-07T05:02:00+00:00,CPUUtilization,15.693254920313503
2026-08-07T05:07:00+00:00,CPUUtilization,16.43109810553036
2026-08-07T05:12:00+00:00,CPUUtilization,18.074162499432184
2026-08-07T05:17:00+00:00,CPUUtilization,16.179982317825214
2026-08-07T05:22:00+00:00,CPUUtilization,15.833178588804406
2026-08-07T05:27:00+00:00,CPUUtilization,16.593058843198513
2026-08-07T05:32:00+00:00,CPUUtilization,15.678383381716852
2026-08-07T05:37:00+00:00,CPUUtilization,15.576889012654439
2026-08-07T05:42:00+00:00,CPUUtilization,16.25889406876218
2026-08-07T05:47:00+00:00,CPUUtilization,15.989643959631213
2026-08-07T05:52:00+00:00,CPUUtilization,15.696947141131167
2026-08-07T05:57:00+00:00,CPUUtilization,17.482387197989016
2026-08-07T06:02:00+00:00,CPUUtilization,16.02822498720773
2026-08-07T06:07:00+00:00,CPUUtilization,16.712433200764664
2026-08-07T06:12:00+00:00,CPUUtilization,17.462325642826766
2026-08-07T06:17:00+00:00,CPUUtilization,16.337079421643388
2026-08-07T06:22:00+00:00,CPUUtilization,17.106496540657357
2026-08-07T06:27:00+00:00,CPUUtilization,19.183181077480207
2026-08-07T06:32:00+00:00,CPUUtilization,17.748021743344843
2026-08-07T06:37:00+00:00,CPUUtilization,18.80908825825168
2026-08-07T06:42:00+00:00,CPUUtilization,18.45479644298984
2026-08-07T06:47:00+00:00,CPUUtilization,17.885971542507114
2026-08-07T06:52:00+00:00,CPUUtilization,18.563699058518246
2026-08-07T06:57:00+00:00,CPUUtilization,19.523074088222018
2026-08-07T07:02:00+00:00,CPUUtilization,18.66718916490634
2026-08-07T07:07:00+00:00,CPUUtilization,18.164485328443593
2026-08-07T07:12:00+00:00,CPUUtilization,18.333020343783907
2026-08-07T07:17:00+00:00,CPUUtilization,18.046327111851856
2026-08-07T07:22:00+00:00,CPUUtilization,17.873439666394937
2026-08-07T07:27:00+00:00,CPUUtilization,18.997682202737572
2026-08-07T07:32:00+00:00,CPUUtilization,18.22500439262576
2026-08-07T07:37:00+00:00,CPUUtilization,18.03035242331267
2026-08-07T07:42:00+00:00,CPUUtilization,18.11925206704538
2026-08-07T07:47:00+00:00,CPUUtilization,18.936619258595055
2026-08-07T07:52:00+00:00,CPUUtilization,17.186986893976346
2026-08-07T07:57:00+00:00,CPUUtilization,17.21275091239548
2026-08-07T08:02:00+00:00,CPUUtilization,16.686192238453778
2026-08-07T08:07:00+00:00,CPUUtilization,17.35692939378733
2026-08-07T08:12:00+00:00,CPUUtilization,16.805470663071418
2026-08-07T08:17:00+00:00,CPUUtilization,16.6320470663715
2026-08-07T08:22:00+00:00,CPUUtilization,16.618337176041198
2026-08-07T08:27:00+00:00,CPUUtilization,17.130343573821964
2026-08-07T08:32:00+00:00,CPUUtilization,16.669535643520838
2026-08-07T08:37:00+00:00,CPUUtilization,17.277813762351407
2026-08-07T08:42:00+00:00,CPUUtilization,16.67879047054448
2026-08-07T08:47:00+00:00,CPUUtilization,16.604553327935815
2026-08-07T08:52:00+00:00,CPUUtilization,16.391763447674606
2026-08-07T08:57:00+00:00,CPUUtilization,17.13717964385744
2026-08-07T09:02:00+00:00,CPUUtilization,16.763848834297953
2026-08-07T09:07:00+00:00,CPUUtilization,16.96261979564745
2026-08-07T09:12:00+00:00,CPUUtilization,17.00294727780092
2026-08-07T09:17:00+00:00,CPUUtilization,16.63373189352829
2026-08-07T09:22:00+00:00,CPUUtilization,16.20343782876438
2026-08-07T09:27:00+00:00,CPUUtilization,16.6833632231689
2026-08-07T09:32:00+00:00,CPUUtilization,15.72332891728242
2026-08-07T09:37:00+00:00,CPUUtilization,15.950013506651842
2026-08-07T09:42:00+00:00,CPUUtilization,16.43700751303097
2026-08-07T09:47:00+00:00,CPUUtilization,16.49186747580605
2026-08-07T09:52:00+00:00,CPUUtilization,16.533042729837113
2026-08-07T09:57:00+00:00,CPUUtilization,17.462323887042107
2026-08-07T10:02:00+00:00,CPUUtilization,16.76857564873866
2026-08-07T10:07:00+00:00,CPUUtilization,16.76480304462622
2026-08-07T10:12:00+00:00,CPUUtilization,16.827024203899498
2026-08-07T10:17:00+00:00,CPUUtilization,16.491500831365794
2026-08-07T10:22:00+00:00,CPUUtilization,15.878198002496045
2026-08-07T10:27:00+00:00,CPUUtilization,17.103947903524144
2026-08-07T10:32:00+00:00,CPUUtilization,17.06262870231827
2026-08-07T10:37:00+00:00,CPUUtilization,17.10268922835838
2026-08-07T10:42:00+00:00,CPUUtilization,17.230658279953843
2026-08-07T10:47:00+00:00,CPUUtilization,16.796363325798286
2026-08-07T10:52:00+00:00,CPUUtilization,16.279992128151985
2026-08-07T10:57:00+00:00,CPUUtilization,17.059880100026355
2026-08-07T11:02:00+00:00,CPUUtilization,16.19521514453743
2026-08-07T11:07:00+00:00,CPUUtilization,16.591156742453016
2026-08-07T11:12:00+00:00,CPUUtilization,17.17728906367769
2026-08-07T11:17:00+00:00,CPUUtilization,16.16345053025324
2026-08-07T11:22:00+00:00,CPUUtilization,16.064492342290855
2026-08-07T11:27:00+00:00,CPUUtilization,16.793958188981772
2026-08-07T11:32:00+00:00,CPUUtilization,16.150005365871074
2026-08-07T11:37:00+00:00,CPUUtilization,16.055125545271334
2026-08-07T11:42:00+00:00,CPUUtilization,16.73390313141967
2026-08-07T11:47:00+00:00,CPUUtilization,16.47088959413336
2026-08-07T11:52:00+00:00,CPUUtilization,16.097214655923448
2026-08-07T11:57:00+00:00,CPUUtilization,17.194706409775335
2026-08-07T12:02:00+00:00,CPUUtilization,9.875652227507977
2026-08-07T12:07:00+00:00,CPUUtilization,0.12166498544375615
2026-08-07T12:12:00+00:00,CPUUtilization,0.12505251351042349
2026-08-07T12:17:00+00:00,CPUUtilization,0.11494605596795884
2026-08-07T12:22:00+00:00,CPUUtilization,0.1183805853838578
2026-08-07T12:27:00+00:00,CPUUtilization,0.12668641066305059
2026-08-07T12:32:00+00:00,CPUUtilization,0.11661722239207642
2026-08-07T12:37:00+00:00,CPUUtilization,0.1166741420689719
2026-08-07T12:42:00+00:00,CPUUtilization,0.12005729538281004
2026-08-07T12:47:00+00:00,CPUUtilization,0.12001514333591648
2026-08-07T12:52:00+00:00,CPUUtilization,0.11495032655974684
2026-08-07T12:57:00+00:00,CPUUtilization,0.12167922982505633
2026-08-07T13:02:00+00:00,CPUUtilization,0.11500812450579312
2026-08-07T13:07:00+00:00,CPUUtilization,0.11505555570992596
2026-08-07T13:12:00+00:00,CPUUtilization,0.12500020848266932
2026-08-07T13:17:00+00:00,CPUUtilization,0.11832657502781743
2026-08-07T13:22:00+00:00,CPUUtilization,0.11328482328482323
2026-08-07T13:27:00+00:00,CPUUtilization,0.12006290347860415
2026-08-07T13:32:00+00:00,CPUUtilization,0.11833358527556545
2026-08-07T13:37:00+00:00,CPUUtilization,0.11666973234617994
2026-08-07T13:42:00+00:00,CPUUtilization,0.12328419307940677
2026-08-07T13:47:00+00:00,CPUUtilization,0.11671755618719204
2026-08-07T13:52:00+00:00,CPUUtilization,0.11494651827307949
2026-08-07T13:57:00+00:00,CPUUtilization,0.12000723534948513
2026-08-07T14:02:00+00:00,CPUUtilization,0.11834389762280265
2026-08-07T14:07:00+00:00,CPUUtilization,0.1183204908367036
2026-08-07T14:12:00+00:00,CPUUtilization,0.12334670657137589
2026-08-07T14:17:00+00:00,CPUUtilization,0.11839553456049541
2026-08-07T14:22:00+00:00,CPUUtilization,0.11332951837853086
2026-08-07T14:27:00+00:00,CPUUtilization,0.12161611977358924
2026-08-07T14:32:00+00:00,CPUUtilization,0.11505158852246129
2026-08-07T14:37:00+00:00,CPUUtilization,0.121678104879688
2026-08-07T14:42:00+00:00,CPUUtilization,0.11833737531748745
2026-08-07T14:47:00+00:00,CPUUtilization,0.11661982372824649
2026-08-07T14:52:00+00:00,CPUUtilization,0.11671757034523891
2026-08-07T14:57:00+00:00,CPUUtilization,0.12160962709542888
2026-08-07T15:02:00+00:00,CPUUtilization,0.12172011583140199
2026-08-07T15:07:00+00:00,CPUUtilization,0.1166113712977965
2026-08-07T15:12:00+00:00,CPUUtilization,0.12673368592864814
2026-08-07T15:17:00+00:00,CPUUtilization,0.11833728451983531
2026-08-07T15:22:00+00:00,CPUUtilization,0.11495312928426497
2026-08-07T15:27:00+00:00,CPUUtilization,0.1250610201553421
2026-08-07T15:32:00+00:00,CPUUtilization,0.1166741018014229
2026-08-07T15:37:00+00:00,CPUUtilization,0.11494977452704128
2026-08-07T15:42:00+00:00,CPUUtilization,0.12006160760062619
2026-08-07T15:47:00+00:00,CPUUtilization,0.11661994197305459
2026-08-07T15:52:00+00:00,CPUUtilization,0.11338441208490566
2026-08-07T15:57:00+00:00,CPUUtilization,0.1216525582694811
2026-08-07T16:02:00+00:00,CPUUtilization,0.1166710632280564
2026-08-07T16:07:00+00:00,CPUUtilization,0.11661598367526108
2026-08-07T16:12:00+00:00,CPUUtilization,0.12333535558638328
2026-08-07T16:17:00+00:00,CPUUtilization,2.2521250514413724
2026-08-07T16:22:00+00:00,CPUUtilization,0.11327694286860823
2026-07-31T12:02:00+00:00,NetworkIn,41957005.2
2026-07-31T12:07:00+00:00,NetworkIn,104951252.2
2026-07-31T12:12:00+00:00,NetworkIn,104995608.8
2026-07-31T12:17:00+00:00,NetworkIn,105432667.6
2026-07-31T12:22:00+00:00,NetworkIn,105038037.2
2026-07-31T12:27:00+00:00,NetworkIn,105259282.4
2026-07-31T12:32:00+00:00,NetworkIn,105378746.6
2026-07-31T12:37:00+00:00,NetworkIn,105107443.8
2026-07-31T12:42:00+00:00,NetworkIn,105013794.8
2026-07-31T12:47:00+00:00,NetworkIn,105228852.0
2026-07-31T12:52:00+00:00,NetworkIn,104984368.8
2026-07-31T12:57:00+00:00,NetworkIn,104744943.0
2026-07-31T13:02:00+00:00,NetworkIn,105108057.0
2026-07-31T13:07:00+00:00,NetworkIn,105259218.6
2026-07-31T13:12:00+00:00,NetworkIn,105580512.8
2026-07-31T13:17:00+00:00,NetworkIn,104903521.2
2026-07-31T13:22:00+00:00,NetworkIn,105242944.6
2026-07-31T13:27:00+00:00,NetworkIn,104800307.2
2026-07-31T13:32:00+00:00,NetworkIn,105006589.8
2026-07-31T13:37:00+00:00,NetworkIn,105122146.8
2026-07-31T13:42:00+00:00,NetworkIn,105135189.0
2026-07-31T13:47:00+00:00,NetworkIn,105463363.8
2026-07-31T13:52:00+00:00,NetworkIn,105006069.4
2026-07-31T13:57:00+00:00,NetworkIn,105206675.8
2026-07-31T14:02:00+00:00,NetworkIn,105644904.6
2026-07-31T14:07:00+00:00,NetworkIn,105245969.6
2026-07-31T14:12:00+00:00,NetworkIn,105173562.2
2026-07-31T14:17:00+00:00,NetworkIn,104656144.8
2026-07-31T14:22:00+00:00,NetworkIn,105127754.8
2026-07-31T14:27:00+00:00,NetworkIn,104928613.0
2026-07-31T14:32:00+00:00,NetworkIn,105015992.2
2026-07-31T14:37:00+00:00,NetworkIn,105489384.6
2026-07-31T14:42:00+00:00,NetworkIn,105066787.4
2026-07-31T14:47:00+00:00,NetworkIn,105121775.0
2026-07-31T14:52:00+00:00,NetworkIn,105203338.8
2026-07-31T14:57:00+00:00,NetworkIn,104836490.8
2026-07-31T15:02:00+00:00,NetworkIn,105246482.8
2026-07-31T15:07:00+00:00,NetworkIn,105463958.6
2026-07-31T15:12:00+00:00,NetworkIn,105313228.8
2026-07-31T15:17:00+00:00,NetworkIn,104756649.6
2026-07-31T15:22:00+00:00,NetworkIn,105213454.8
2026-07-31T15:27:00+00:00,NetworkIn,104856667.8
2026-07-31T15:32:00+00:00,NetworkIn,105180188.8
2026-07-31T15:37:00+00:00,NetworkIn,105085158.2
2026-07-31T15:42:00+00:00,NetworkIn,105348921.0
2026-07-31T15:47:00+00:00,NetworkIn,105047010.2
2026-07-31T15:52:00+00:00,NetworkIn,105054490.8
2026-07-31T15:57:00+00:00,NetworkIn,104972866.0
2026-07-31T16:02:00+00:00,NetworkIn,105077777.0
2026-07-31T16:07:00+00:00,NetworkIn,105169868.2
2026-07-31T16:12:00+00:00,NetworkIn,104824984.8
2026-07-31T16:17:00+00:00,NetworkIn,105002081.6
2026-07-31T16:22:00+00:00,NetworkIn,105232268.0
2026-07-31T16:27:00+00:00,NetworkIn,105113860.8
2026-07-31T16:32:00+00:00,NetworkIn,105109018.4
2026-07-31T16:37:00+00:00,NetworkIn,105425279.2
2026-07-31T16:42:00+00:00,NetworkIn,104934586.6
2026-07-31T16:47:00+00:00,NetworkIn,104969099.0
2026-07-31T16:52:00+00:00,NetworkIn,105407224.4
2026-07-31T16:57:00+00:00,NetworkIn,105013497.0
2026-07-31T17:02:00+00:00,NetworkIn,104825835.2
2026-07-31T17:07:00+00:00,NetworkIn,105059728.6
2026-07-31T17:12:00+00:00,NetworkIn,105196588.6
2026-07-31T17:17:00+00:00,NetworkIn,105411796.4
2026-07-31T17:22:00+00:00,NetworkIn,104940965.0
2026-07-31T17:27:00+00:00,NetworkIn,105364918.8
2026-07-31T17:32:00+00:00,NetworkIn,105198060.6
2026-07-31T17:37:00+00:00,NetworkIn,105089083.0
2026-07-31T17:42:00+00:00,NetworkIn,105122940.4
2026-07-31T17:47:00+00:00,NetworkIn,104876837.2
2026-07-31T17:52:00+00:00,NetworkIn,104915215.0
2026-07-31T17:57:00+00:00,NetworkIn,105365646.6
2026-07-31T18:02:00+00:00,NetworkIn,105711103.6
2026-07-31T18:07:00+00:00,NetworkIn,104986720.2
2026-07-31T18:12:00+00:00,NetworkIn,105105879.8
2026-07-31T18:17:00+00:00,NetworkIn,105117691.0
2026-07-31T18:22:00+00:00,NetworkIn,104821306.2
2026-07-31T18:27:00+00:00,NetworkIn,105062496.6
2026-07-31T18:32:00+00:00,NetworkIn,105422490.6
2026-07-31T18:37:00+00:00,NetworkIn,105093959.8
2026-07-31T18:42:00+00:00,NetworkIn,104925249.4
2026-07-31T18:47:00+00:00,NetworkIn,105006879.0
2026-07-31T18:52:00+00:00,NetworkIn,104518447.8
2026-07-31T18:57:00+00:00,NetworkIn,105370007.2
2026-07-31T19:02:00+00:00,NetworkIn,105029772.8
2026-07-31T19:07:00+00:00,NetworkIn,104959324.2
2026-07-31T19:12:00+00:00,NetworkIn,104947686.0
2026-07-31T19:17:00+00:00,NetworkIn,105206100.4
2026-07-31T19:22:00+00:00,NetworkIn,104866472.4
2026-07-31T19:27:00+00:00,NetworkIn,105191170.2
2026-07-31T19:32:00+00:00,NetworkIn,105052310.2
2026-07-31T19:37:00+00:00,NetworkIn,104943160.0
2026-07-31T19:42:00+00:00,NetworkIn,104945057.4
2026-07-31T19:47:00+00:00,NetworkIn,105478195.6
2026-07-31T19:52:00+00:00,NetworkIn,105069120.6
2026-07-31T19:57:00+00:00,NetworkIn,105023347.8
2026-07-31T20:02:00+00:00,NetworkIn,111227453.8
2026-07-31T20:07:00+00:00,NetworkIn,105163284.6
2026-07-31T20:12:00+00:00,NetworkIn,104668056.6
2026-07-31T20:17:00+00:00,NetworkIn,105299691.4
2026-07-31T20:22:00+00:00,NetworkIn,105114809.4
2026-07-31T20:27:00+00:00,NetworkIn,105036431.2
2026-07-31T20:32:00+00:00,NetworkIn,104460382.8
2026-07-31T20:37:00+00:00,NetworkIn,105530941.4
2026-07-31T20:42:00+00:00,NetworkIn,105627370.6
2026-07-31T20:47:00+00:00,NetworkIn,105063757.8
2026-07-31T20:52:00+00:00,NetworkIn,105298199.6
2026-07-31T20:57:00+00:00,NetworkIn,104966419.6
2026-07-31T21:02:00+00:00,NetworkIn,104781402.0
2026-07-31T21:07:00+00:00,NetworkIn,105298129.4
2026-07-31T21:12:00+00:00,NetworkIn,104859748.0
2026-07-31T21:17:00+00:00,NetworkIn,104936262.4
2026-07-31T21:22:00+00:00,NetworkIn,105146613.6
2026-07-31T21:27:00+00:00,NetworkIn,105192863.6
2026-07-31T21:32:00+00:00,NetworkIn,104943513.6
2026-07-31T21:37:00+00:00,NetworkIn,104782893.4
2026-07-31T21:42:00+00:00,NetworkIn,104887978.6
2026-07-31T21:47:00+00:00,NetworkIn,105065088.2
2026-07-31T21:52:00+00:00,NetworkIn,105194363.8
2026-07-31T21:57:00+00:00,NetworkIn,105128028.0
2026-07-31T22:02:00+00:00,NetworkIn,105287824.6
2026-07-31T22:07:00+00:00,NetworkIn,104849034.0
2026-07-31T22:12:00+00:00,NetworkIn,105457815.4
2026-07-31T22:17:00+00:00,NetworkIn,105246169.6
2026-07-31T22:22:00+00:00,NetworkIn,105029733.4
2026-07-31T22:27:00+00:00,NetworkIn,105120880.6
2026-07-31T22:32:00+00:00,NetworkIn,105033782.6
2026-07-31T22:37:00+00:00,NetworkIn,105157777.2
2026-07-31T22:42:00+00:00,NetworkIn,104891363.8
2026-07-31T22:47:00+00:00,NetworkIn,104656811.2
2026-07-31T22:52:00+00:00,NetworkIn,105115658.0
2026-07-31T22:57:00+00:00,NetworkIn,104704738.6
2026-07-31T23:02:00+00:00,NetworkIn,104846272.6
2026-07-31T23:07:00+00:00,NetworkIn,104865587.4
2026-07-31T23:12:00+00:00,NetworkIn,104700506.4
2026-07-31T23:17:00+00:00,NetworkIn,105088567.4
2026-07-31T23:22:00+00:00,NetworkIn,105050920.2
2026-07-31T23:27:00+00:00,NetworkIn,104980665.4
2026-07-31T23:32:00+00:00,NetworkIn,104749673.0
2026-07-31T23:37:00+00:00,NetworkIn,104684117.8
2026-07-31T23:42:00+00:00,NetworkIn,104897885.2
2026-07-31T23:47:00+00:00,NetworkIn,104475923.6
2026-07-31T23:52:00+00:00,NetworkIn,104803483.4
2026-07-31T23:57:00+00:00,NetworkIn,104756787.6
2026-08-01T00:02:00+00:00,NetworkIn,104751673.8
2026-08-01T00:07:00+00:00,NetworkIn,104557956.2
2026-08-01T00:12:00+00:00,NetworkIn,104631808.2
2026-08-01T00:17:00+00:00,NetworkIn,105256361.4
2026-08-01T00:22:00+00:00,NetworkIn,105058329.0
2026-08-01T00:27:00+00:00,NetworkIn,104982380.8
2026-08-01T00:32:00+00:00,NetworkIn,104945677.8
2026-08-01T00:37:00+00:00,NetworkIn,104909940.6
2026-08-01T00:42:00+00:00,NetworkIn,105160672.0
2026-08-01T00:47:00+00:00,NetworkIn,104896819.4
2026-08-01T00:52:00+00:00,NetworkIn,104980312.2
2026-08-01T00:57:00+00:00,NetworkIn,105154018.0
2026-08-01T01:02:00+00:00,NetworkIn,104964002.6
2026-08-01T01:07:00+00:00,NetworkIn,104769535.2
2026-08-01T01:12:00+00:00,NetworkIn,105440688.2
2026-08-01T01:17:00+00:00,NetworkIn,105195979.8
2026-08-01T01:22:00+00:00,NetworkIn,105134515.2
2026-08-01T01:27:00+00:00,NetworkIn,104902637.6
2026-08-01T01:32:00+00:00,NetworkIn,104707807.6
2026-08-01T01:37:00+00:00,NetworkIn,104686088.4
2026-08-01T01:42:00+00:00,NetworkIn,105083888.2
2026-08-01T01:47:00+00:00,NetworkIn,104564276.8
2026-08-01T01:52:00+00:00,NetworkIn,105354209.4
2026-08-01T01:57:00+00:00,NetworkIn,104637342.2
2026-08-01T02:02:00+00:00,NetworkIn,105142176.6
2026-08-01T02:07:00+00:00,NetworkIn,105370252.4
2026-08-01T02:12:00+00:00,NetworkIn,104450972.8
2026-08-01T02:17:00+00:00,NetworkIn,104806610.0
2026-08-01T02:22:00+00:00,NetworkIn,105325825.8
2026-08-01T02:27:00+00:00,NetworkIn,104281466.2
2026-08-01T02:32:00+00:00,NetworkIn,105021569.6
2026-08-01T02:37:00+00:00,NetworkIn,104825571.4
2026-08-01T02:42:00+00:00,NetworkIn,105407964.8
2026-08-01T02:47:00+00:00,NetworkIn,109528642.2
2026-08-01T02:52:00+00:00,NetworkIn,104895997.6
2026-08-01T02:57:00+00:00,NetworkIn,104568700.0
2026-08-01T03:02:00+00:00,NetworkIn,104834573.6
2026-08-01T03:07:00+00:00,NetworkIn,104774914.0
2026-08-01T03:12:00+00:00,NetworkIn,104041945.0
2026-08-01T03:17:00+00:00,NetworkIn,104709617.2
2026-08-01T03:22:00+00:00,NetworkIn,105162038.4
2026-08-01T03:27:00+00:00,NetworkIn,104997601.6
2026-08-01T03:32:00+00:00,NetworkIn,104601268.0
2026-08-01T03:37:00+00:00,NetworkIn,105109987.0
2026-08-01T03:42:00+00:00,NetworkIn,105247069.2
2026-08-01T03:47:00+00:00,NetworkIn,104910077.6
2026-08-01T03:52:00+00:00,NetworkIn,104632256.0
2026-08-01T03:57:00+00:00,NetworkIn,105065195.2
2026-08-01T04:02:00+00:00,NetworkIn,104754878.6
2026-08-01T04:07:00+00:00,NetworkIn,104853390.0
2026-08-01T04:12:00+00:00,NetworkIn,105201680.4
2026-08-01T04:17:00+00:00,NetworkIn,104941788.0
2026-08-01T04:22:00+00:00,NetworkIn,104946230.0
2026-08-01T04:27:00+00:00,NetworkIn,104758705.8
2026-08-01T04:32:00+00:00,NetworkIn,105000385.0
2026-08-01T04:37:00+00:00,NetworkIn,105055311.8
2026-08-01T04:42:00+00:00,NetworkIn,104939074.2
2026-08-01T04:47:00+00:00,NetworkIn,104895061.4
2026-08-01T04:52:00+00:00,NetworkIn,104544333.6
2026-08-01T04:57:00+00:00,NetworkIn,103700080.0
2026-08-01T05:02:00+00:00,NetworkIn,104820867.4
2026-08-01T05:07:00+00:00,NetworkIn,105094107.6
2026-08-01T05:12:00+00:00,NetworkIn,104004514.6
2026-08-01T05:17:00+00:00,NetworkIn,104937970.4
2026-08-01T05:22:00+00:00,NetworkIn,104519844.6
2026-08-01T05:27:00+00:00,NetworkIn,104110756.8
2026-08-01T05:32:00+00:00,NetworkIn,102782829.8
2026-08-01T05:37:00+00:00,NetworkIn,105047703.8
2026-08-01T05:42:00+00:00,NetworkIn,104653944.6
2026-08-01T05:47:00+00:00,NetworkIn,105127349.2
2026-08-01T05:52:00+00:00,NetworkIn,104457662.0
2026-08-01T05:57:00+00:00,NetworkIn,143437721.8
2026-08-01T06:02:00+00:00,NetworkIn,104375345.8
2026-08-01T06:07:00+00:00,NetworkIn,111501746.2
2026-08-01T06:12:00+00:00,NetworkIn,104975559.8
2026-08-01T06:17:00+00:00,NetworkIn,104312374.6
2026-08-01T06:22:00+00:00,NetworkIn,103901863.4
2026-08-01T06:27:00+00:00,NetworkIn,105154250.8
2026-08-01T06:32:00+00:00,NetworkIn,104957090.8
2026-08-01T06:37:00+00:00,NetworkIn,104857449.8
2026-08-01T06:42:00+00:00,NetworkIn,105124288.2
2026-08-01T06:47:00+00:00,NetworkIn,104974733.4
2026-08-01T06:52:00+00:00,NetworkIn,105255679.8
2026-08-01T06:57:00+00:00,NetworkIn,104971955.2
2026-08-01T07:02:00+00:00,NetworkIn,103880790.2
2026-08-01T07:07:00+00:00,NetworkIn,104764814.4
2026-08-01T07:12:00+00:00,NetworkIn,104611282.4
2026-08-01T07:17:00+00:00,NetworkIn,104742150.0
2026-08-01T07:22:00+00:00,NetworkIn,104819688.0
2026-08-01T07:27:00+00:00,NetworkIn,104601426.6
2026-08-01T07:32:00+00:00,NetworkIn,104769893.4
2026-08-01T07:37:00+00:00,NetworkIn,104784869.2
2026-08-01T07:42:00+00:00,NetworkIn,104463599.6
2026-08-01T07:47:00+00:00,NetworkIn,104725769.4
2026-08-01T07:52:00+00:00,NetworkIn,105170801.0
2026-08-01T07:57:00+00:00,NetworkIn,104272836.6
2026-08-01T08:02:00+00:00,NetworkIn,105172893.4
2026-08-01T08:07:00+00:00,NetworkIn,104450938.0
2026-08-01T08:12:00+00:00,NetworkIn,104984906.4
2026-08-01T08:17:00+00:00,NetworkIn,104523900.4
2026-08-01T08:22:00+00:00,NetworkIn,105150310.6
2026-08-01T08:27:00+00:00,NetworkIn,104334345.6
2026-08-01T08:32:00+00:00,NetworkIn,104989056.0
2026-08-01T08:37:00+00:00,NetworkIn,97141026.0
2026-08-01T08:42:00+00:00,NetworkIn,104049993.6
2026-08-01T08:47:00+00:00,NetworkIn,104341073.4
2026-08-01T08:52:00+00:00,NetworkIn,104991653.8
2026-08-01T08:57:00+00:00,NetworkIn,103609625.2
2026-08-01T09:02:00+00:00,NetworkIn,105189473.6
2026-08-01T09:07:00+00:00,NetworkIn,103590108.4
2026-08-01T09:12:00+00:00,NetworkIn,104882005.4
2026-08-01T09:17:00+00:00,NetworkIn,104721351.2
2026-08-01T09:22:00+00:00,NetworkIn,104427005.6
2026-08-01T09:27:00+00:00,NetworkIn,103997155.6
2026-08-01T09:32:00+00:00,NetworkIn,103727885.2
2026-08-01T09:37:00+00:00,NetworkIn,104879136.4
2026-08-01T09:42:00+00:00,NetworkIn,102913018.2
2026-08-01T09:47:00+00:00,NetworkIn,103688320.2
2026-08-01T09:52:00+00:00,NetworkIn,104551362.8
2026-08-01T09:57:00+00:00,NetworkIn,104392801.4
2026-08-01T10:02:00+00:00,NetworkIn,105260482.4
2026-08-01T10:07:00+00:00,NetworkIn,104687132.8
2026-08-01T10:12:00+00:00,NetworkIn,104976390.8
2026-08-01T10:17:00+00:00,NetworkIn,104872039.2
2026-08-01T10:22:00+00:00,NetworkIn,104797385.8
2026-08-01T10:27:00+00:00,NetworkIn,104047603.0
2026-08-01T10:32:00+00:00,NetworkIn,104409069.0
2026-08-01T10:37:00+00:00,NetworkIn,105272799.0
2026-08-01T10:42:00+00:00,NetworkIn,104340689.8
2026-08-01T10:47:00+00:00,NetworkIn,103921858.2
2026-08-01T10:52:00+00:00,NetworkIn,103600554.4
2026-08-01T10:57:00+00:00,NetworkIn,105173403.4
2026-08-01T11:02:00+00:00,NetworkIn,103640580.0
2026-08-01T11:07:00+00:00,NetworkIn,104314107.6
2026-08-01T11:12:00+00:00,NetworkIn,104376892.8
2026-08-01T11:17:00+00:00,NetworkIn,104508220.8
2026-08-01T11:22:00+00:00,NetworkIn,103508668.4
2026-08-01T11:27:00+00:00,NetworkIn,104176255.4
2026-08-01T11:32:00+00:00,NetworkIn,104456987.0
2026-08-01T11:37:00+00:00,NetworkIn,103758672.6
2026-08-01T11:42:00+00:00,NetworkIn,104522037.2
2026-08-01T11:47:00+00:00,NetworkIn,105085581.2
2026-08-01T11:52:00+00:00,NetworkIn,104771260.0
2026-08-01T11:57:00+00:00,NetworkIn,105044281.6
2026-08-01T12:02:00+00:00,NetworkIn,101711749.0
2026-08-01T12:07:00+00:00,NetworkIn,101768022.2
2026-08-01T12:12:00+00:00,NetworkIn,101717559.6
2026-08-01T12:17:00+00:00,NetworkIn,104492988.4
2026-08-01T12:22:00+00:00,NetworkIn,104061769.8
2026-08-01T12:27:00+00:00,NetworkIn,104275362.6
2026-08-01T12:32:00+00:00,NetworkIn,105051249.2
2026-08-01T12:37:00+00:00,NetworkIn,104603996.6
2026-08-01T12:42:00+00:00,NetworkIn,105618093.4
2026-08-01T12:47:00+00:00,NetworkIn,104842117.4
2026-08-01T12:52:00+00:00,NetworkIn,105505314.4
2026-08-01T12:57:00+00:00,NetworkIn,105085337.0
2026-08-01T13:02:00+00:00,NetworkIn,104845031.2
2026-08-01T13:07:00+00:00,NetworkIn,105303743.2
2026-08-01T13:12:00+00:00,NetworkIn,105372437.0
2026-08-01T13:17:00+00:00,NetworkIn,104884682.8
2026-08-01T13:22:00+00:00,NetworkIn,105242201.4
2026-08-01T13:27:00+00:00,NetworkIn,105300685.6
2026-08-01T13:32:00+00:00,NetworkIn,104695742.2
2026-08-01T13:37:00+00:00,NetworkIn,105498324.6
2026-08-01T13:42:00+00:00,NetworkIn,105101296.8
2026-08-01T13:47:00+00:00,NetworkIn,104858219.8
2026-08-01T13:52:00+00:00,NetworkIn,104841142.6
2026-08-01T13:57:00+00:00,NetworkIn,105188346.6
2026-08-01T14:02:00+00:00,NetworkIn,104966312.0
2026-08-01T14:07:00+00:00,NetworkIn,105206367.4
2026-08-01T14:12:00+00:00,NetworkIn,105458935.0
2026-08-01T14:17:00+00:00,NetworkIn,104797089.8
2026-08-01T14:22:00+00:00,NetworkIn,105124934.6
2026-08-01T14:27:00+00:00,NetworkIn,105430161.4
2026-08-01T14:32:00+00:00,NetworkIn,105173456.6
2026-08-01T14:37:00+00:00,NetworkIn,105121049.4
2026-08-01T14:42:00+00:00,NetworkIn,105591088.0
2026-08-01T14:47:00+00:00,NetworkIn,104961315.8
2026-08-01T14:52:00+00:00,NetworkIn,105290760.0
2026-08-01T14:57:00+00:00,NetworkIn,105135459.4
2026-08-01T15:02:00+00:00,NetworkIn,105255492.4
2026-08-01T15:07:00+00:00,NetworkIn,104962679.2
2026-08-01T15:12:00+00:00,NetworkIn,105036598.4
2026-08-01T15:17:00+00:00,NetworkIn,104984276.8
2026-08-01T15:22:00+00:00,NetworkIn,104749576.6
2026-08-01T15:27:00+00:00,NetworkIn,105434539.8
2026-08-01T15:32:00+00:00,NetworkIn,104608725.4
2026-08-01T15:37:00+00:00,NetworkIn,105241923.8
2026-08-01T15:42:00+00:00,NetworkIn,104798589.2
2026-08-01T15:47:00+00:00,NetworkIn,105275817.2
2026-08-01T15:52:00+00:00,NetworkIn,104868083.8
2026-08-01T15:57:00+00:00,NetworkIn,104987671.6
2026-08-01T16:02:00+00:00,NetworkIn,105331731.0
2026-08-01T16:07:00+00:00,NetworkIn,104941650.0
2026-08-01T16:12:00+00:00,NetworkIn,105450506.8
2026-08-01T16:17:00+00:00,NetworkIn,104914350.8
2026-08-01T16:22:00+00:00,NetworkIn,105236919.0
2026-08-01T16:27:00+00:00,NetworkIn,104987758.6
2026-08-01T16:32:00+00:00,NetworkIn,104837048.6
2026-08-01T16:37:00+00:00,NetworkIn,104880207.8
2026-08-01T16:42:00+00:00,NetworkIn,105331804.8
2026-08-01T16:47:00+00:00,NetworkIn,104842372.4
2026-08-01T16:52:00+00:00,NetworkIn,105256032.4
2026-08-01T16:57:00+00:00,NetworkIn,105477017.4
2026-08-01T17:02:00+00:00,NetworkIn,105047014.8
2026-08-01T17:07:00+00:00,NetworkIn,105225533.8
2026-08-01T17:12:00+00:00,NetworkIn,105071854.8
2026-08-01T17:17:00+00:00,NetworkIn,104779343.6
2026-08-01T17:22:00+00:00,NetworkIn,105132503.6
2026-08-01T17:27:00+00:00,NetworkIn,105215510.8
2026-08-01T17:32:00+00:00,NetworkIn,105153042.2
2026-08-01T17:37:00+00:00,NetworkIn,104888093.2
2026-08-01T17:42:00+00:00,NetworkIn,105567305.0
2026-08-01T17:47:00+00:00,NetworkIn,105216590.4
2026-08-01T17:52:00+00:00,NetworkIn,105039315.4
2026-08-01T17:57:00+00:00,NetworkIn,105209456.2
2026-08-01T18:02:00+00:00,NetworkIn,105215128.2
2026-08-01T18:07:00+00:00,NetworkIn,105192779.0
2026-08-01T18:12:00+00:00,NetworkIn,105035698.0
2026-08-01T18:17:00+00:00,NetworkIn,105137493.2
2026-08-01T18:22:00+00:00,NetworkIn,104939643.4
2026-08-01T18:27:00+00:00,NetworkIn,105424333.2
2026-08-01T18:32:00+00:00,NetworkIn,105177917.2
2026-08-01T18:37:00+00:00,NetworkIn,105181994.6
2026-08-01T18:42:00+00:00,NetworkIn,105270331.0
2026-08-01T18:47:00+00:00,NetworkIn,105020732.0
2026-08-01T18:52:00+00:00,NetworkIn,105316431.2
2026-08-01T18:57:00+00:00,NetworkIn,104873077.2
2026-08-01T19:02:00+00:00,NetworkIn,104956624.4
2026-08-01T19:07:00+00:00,NetworkIn,105412874.4
2026-08-01T19:12:00+00:00,NetworkIn,104929268.8
2026-08-01T19:17:00+00:00,NetworkIn,105126795.2
2026-08-01T19:22:00+00:00,NetworkIn,104884155.2
2026-08-01T19:27:00+00:00,NetworkIn,105305066.6
2026-08-01T19:32:00+00:00,NetworkIn,104921309.6
2026-08-01T19:37:00+00:00,NetworkIn,105523117.8
2026-08-01T19:42:00+00:00,NetworkIn,104464845.0
2026-08-01T19:47:00+00:00,NetworkIn,105282117.2
2026-08-01T19:52:00+00:00,NetworkIn,105077608.0
2026-08-01T19:57:00+00:00,NetworkIn,105229441.2
2026-08-01T20:02:00+00:00,NetworkIn,105108088.8
2026-08-01T20:07:00+00:00,NetworkIn,105334480.4
2026-08-01T20:12:00+00:00,NetworkIn,104769630.2
2026-08-01T20:17:00+00:00,NetworkIn,105581937.2
2026-08-01T20:22:00+00:00,NetworkIn,105212775.8
2026-08-01T20:27:00+00:00,NetworkIn,105023456.2
2026-08-01T20:32:00+00:00,NetworkIn,105082384.0
2026-08-01T20:37:00+00:00,NetworkIn,105217355.2
2026-08-01T20:42:00+00:00,NetworkIn,105439217.2
2026-08-01T20:47:00+00:00,NetworkIn,105021944.2
2026-08-01T20:52:00+00:00,NetworkIn,104971404.0
2026-08-01T20:57:00+00:00,NetworkIn,104834927.8
2026-08-01T21:02:00+00:00,NetworkIn,105106298.0
2026-08-01T21:07:00+00:00,NetworkIn,105631332.4
2026-08-01T21:12:00+00:00,NetworkIn,104997804.2
2026-08-01T21:17:00+00:00,NetworkIn,105034625.0
2026-08-01T21:22:00+00:00,NetworkIn,104970378.0
2026-08-01T21:27:00+00:00,NetworkIn,105026340.8
2026-08-01T21:32:00+00:00,NetworkIn,104993574.2
2026-08-01T21:37:00+00:00,NetworkIn,104975515.4
2026-08-01T21:42:00+00:00,NetworkIn,105074618.4
2026-08-01T21:47:00+00:00,NetworkIn,105168951.8
2026-08-01T21:52:00+00:00,NetworkIn,105080930.2
2026-08-01T21:57:00+00:00,NetworkIn,105080476.0
2026-08-01T22:02:00+00:00,NetworkIn,105462668.2
2026-08-01T22:07:00+00:00,NetworkIn,104397109.0
2026-08-01T22:12:00+00:00,NetworkIn,104950309.0
2026-08-01T22:17:00+00:00,NetworkIn,105029419.8
2026-08-01T22:22:00+00:00,NetworkIn,104910925.6
2026-08-01T22:27:00+00:00,NetworkIn,105012399.8
2026-08-01T22:32:00+00:00,NetworkIn,105009431.2
2026-08-01T22:37:00+00:00,NetworkIn,104965546.6
2026-08-01T22:42:00+00:00,NetworkIn,105542950.2
2026-08-01T22:47:00+00:00,NetworkIn,104787692.0
2026-08-01T22:52:00+00:00,NetworkIn,105162328.0
2026-08-01T22:57:00+00:00,NetworkIn,104916648.2
2026-08-01T23:02:00+00:00,NetworkIn,104782858.0
2026-08-01T23:07:00+00:00,NetworkIn,105106476.4
2026-08-01T23:12:00+00:00,NetworkIn,104992410.2
2026-08-01T23:17:00+00:00,NetworkIn,105088552.6
2026-08-01T23:22:00+00:00,NetworkIn,105411642.6
2026-08-01T23:27:00+00:00,NetworkIn,104988681.4
2026-08-01T23:32:00+00:00,NetworkIn,105252422.6
2026-08-01T23:37:00+00:00,NetworkIn,105021612.2
2026-08-01T23:42:00+00:00,NetworkIn,105363046.8
2026-08-01T23:47:00+00:00,NetworkIn,105029851.0
2026-08-01T23:52:00+00:00,NetworkIn,105044873.8
2026-08-01T23:57:00+00:00,NetworkIn,105196002.6
2026-08-02T00:02:00+00:00,NetworkIn,130165480.6
2026-08-02T00:07:00+00:00,NetworkIn,104771086.0
2026-08-02T00:12:00+00:00,NetworkIn,104882626.6
2026-08-02T00:17:00+00:00,NetworkIn,104668395.8
2026-08-02T00:22:00+00:00,NetworkIn,105010371.4
2026-08-02T00:27:00+00:00,NetworkIn,105020959.4
2026-08-02T00:32:00+00:00,NetworkIn,105113207.4
2026-08-02T00:37:00+00:00,NetworkIn,105191189.4
2026-08-02T00:42:00+00:00,NetworkIn,105365597.4
2026-08-02T00:47:00+00:00,NetworkIn,105230518.4
2026-08-02T00:52:00+00:00,NetworkIn,104901967.0
2026-08-02T00:57:00+00:00,NetworkIn,104678654.0
2026-08-02T01:02:00+00:00,NetworkIn,104913665.4
2026-08-02T01:07:00+00:00,NetworkIn,104895141.6
2026-08-02T01:12:00+00:00,NetworkIn,104159722.2
2026-08-02T01:17:00+00:00,NetworkIn,104769299.0
2026-08-02T01:22:00+00:00,NetworkIn,104930707.0
2026-08-02T01:27:00+00:00,NetworkIn,105112598.4
2026-08-02T01:32:00+00:00,NetworkIn,105292423.2
2026-08-02T01:37:00+00:00,NetworkIn,105199989.4
2026-08-02T01:42:00+00:00,NetworkIn,105445748.2
2026-08-02T01:47:00+00:00,NetworkIn,105184641.8
2026-08-02T01:52:00+00:00,NetworkIn,105123254.0
2026-08-02T01:57:00+00:00,NetworkIn,105255177.2
2026-08-02T02:02:00+00:00,NetworkIn,105166153.8
2026-08-02T02:07:00+00:00,NetworkIn,105237772.4
2026-08-02T02:12:00+00:00,NetworkIn,104807025.8
2026-08-02T02:17:00+00:00,NetworkIn,105107497.2
2026-08-02T02:22:00+00:00,NetworkIn,104901189.8
2026-08-02T02:27:00+00:00,NetworkIn,104949582.2
2026-08-02T02:32:00+00:00,NetworkIn,104746591.8
2026-08-02T02:37:00+00:00,NetworkIn,105318643.6
2026-08-02T02:42:00+00:00,NetworkIn,104698848.6
2026-08-02T02:47:00+00:00,NetworkIn,105125252.4
2026-08-02T02:52:00+00:00,NetworkIn,105424871.2
2026-08-02T02:57:00+00:00,NetworkIn,105001741.8
2026-08-02T03:02:00+00:00,NetworkIn,104973119.2
2026-08-02T03:07:00+00:00,NetworkIn,105057986.2
2026-08-02T03:12:00+00:00,NetworkIn,105035912.8
2026-08-02T03:17:00+00:00,NetworkIn,105048232.4
2026-08-02T03:22:00+00:00,NetworkIn,105407129.2
2026-08-02T03:27:00+00:00,NetworkIn,104866485.6
2026-08-02T03:32:00+00:00,NetworkIn,104755217.0
2026-08-02T03:37:00+00:00,NetworkIn,104861636.2
2026-08-02T03:42:00+00:00,NetworkIn,105110144.8
2026-08-02T03:47:00+00:00,NetworkIn,104782633.4
2026-08-02T03:52:00+00:00,NetworkIn,105082681.8
2026-08-02T03:57:00+00:00,NetworkIn,105013319.4
2026-08-02T04:02:00+00:00,NetworkIn,104713458.2
2026-08-02T04:07:00+00:00,NetworkIn,105003927.2
2026-08-02T04:12:00+00:00,NetworkIn,105202044.2
2026-08-02T04:17:00+00:00,NetworkIn,104908371.0
2026-08-02T04:22:00+00:00,NetworkIn,104493962.8
2026-08-02T04:27:00+00:00,NetworkIn,104883241.4
2026-08-02T04:32:00+00:00,NetworkIn,104567721.4
2026-08-02T04:37:00+00:00,NetworkIn,105092127.8
2026-08-02T04:42:00+00:00,NetworkIn,104698650.6
2026-08-02T04:47:00+00:00,NetworkIn,105295276.6
2026-08-02T04:52:00+00:00,NetworkIn,105199896.0
2026-08-02T04:57:00+00:00,NetworkIn,104880607.8
2026-08-02T05:02:00+00:00,NetworkIn,105159214.6
2026-08-02T05:07:00+00:00,NetworkIn,105292723.2
2026-08-02T05:12:00+00:00,NetworkIn,104449543.4
2026-08-02T05:17:00+00:00,NetworkIn,105164954.2
2026-08-02T05:22:00+00:00,NetworkIn,105209173.2
2026-08-02T05:27:00+00:00,NetworkIn,104724253.4
2026-08-02T05:32:00+00:00,NetworkIn,104950255.8
2026-08-02T05:37:00+00:00,NetworkIn,104588772.4
2026-08-02T05:42:00+00:00,NetworkIn,104761173.8
2026-08-02T05:47:00+00:00,NetworkIn,104784631.8
2026-08-02T05:52:00+00:00,NetworkIn,104685707.2
2026-08-02T05:57:00+00:00,NetworkIn,105208608.4
2026-08-02T06:02:00+00:00,NetworkIn,105618760.6
2026-08-02T06:07:00+00:00,NetworkIn,105103760.8
2026-08-02T06:12:00+00:00,NetworkIn,105478878.2
2026-08-02T06:17:00+00:00,NetworkIn,105196134.8
2026-08-02T06:22:00+00:00,NetworkIn,105044122.4
2026-08-02T06:27:00+00:00,NetworkIn,105158899.2
2026-08-02T06:32:00+00:00,NetworkIn,105426369.0
2026-08-02T06:37:00+00:00,NetworkIn,105305388.2
2026-08-02T06:42:00+00:00,NetworkIn,105260363.0
2026-08-02T06:47:00+00:00,NetworkIn,105063303.8
2026-08-02T06:52:00+00:00,NetworkIn,105201639.2
2026-08-02T06:57:00+00:00,NetworkIn,104987949.8
2026-08-02T07:02:00+00:00,NetworkIn,105080746.8
2026-08-02T07:07:00+00:00,NetworkIn,105425930.2
2026-08-02T07:12:00+00:00,NetworkIn,104940040.2
2026-08-02T07:17:00+00:00,NetworkIn,105259125.4
2026-08-02T07:22:00+00:00,NetworkIn,104700670.6
2026-08-02T07:27:00+00:00,NetworkIn,104886146.8
2026-08-02T07:32:00+00:00,NetworkIn,104193483.2
2026-08-02T07:37:00+00:00,NetworkIn,105096130.4
2026-08-02T07:42:00+00:00,NetworkIn,104742246.0
2026-08-02T07:47:00+00:00,NetworkIn,105079883.2
2026-08-02T07:52:00+00:00,NetworkIn,104395225.2
2026-08-02T07:57:00+00:00,NetworkIn,103792604.2
2026-08-02T08:02:00+00:00,NetworkIn,104036512.6
2026-08-02T08:07:00+00:00,NetworkIn,104000547.2
2026-08-02T08:12:00+00:00,NetworkIn,105326800.2
2026-08-02T08:17:00+00:00,NetworkIn,104063846.2
2026-08-02T08:22:00+00:00,NetworkIn,104342696.0
2026-08-02T08:27:00+00:00,NetworkIn,103889064.4
2026-08-02T08:32:00+00:00,NetworkIn,103847081.4
2026-08-02T08:37:00+00:00,NetworkIn,103718927.2
2026-08-02T08:42:00+00:00,NetworkIn,105137863.0
2026-08-02T08:47:00+00:00,NetworkIn,104453425.4
2026-08-02T08:52:00+00:00,NetworkIn,104339703.4
2026-08-02T08:57:00+00:00,NetworkIn,103255155.0
2026-08-02T09:02:00+00:00,NetworkIn,104924311.4
2026-08-02T09:07:00+00:00,NetworkIn,105325431.0
2026-08-02T09:12:00+00:00,NetworkIn,105464031.2
2026-08-02T09:17:00+00:00,NetworkIn,104724382.6
2026-08-02T09:22:00+00:00,NetworkIn,105192264.6
2026-08-02T09:27:00+00:00,NetworkIn,104453174.8
2026-08-02T09:32:00+00:00,NetworkIn,105208343.4
2026-08-02T09:37:00+00:00,NetworkIn,104411748.2
2026-08-02T09:42:00+00:00,NetworkIn,104710560.0
2026-08-02T09:47:00+00:00,NetworkIn,104309193.6
2026-08-02T09:52:00+00:00,NetworkIn,105215571.4
2026-08-02T09:57:00+00:00,NetworkIn,104797797.0
2026-08-02T10:02:00+00:00,NetworkIn,104126916.8
2026-08-02T10:07:00+00:00,NetworkIn,104191307.8
2026-08-02T10:12:00+00:00,NetworkIn,103361464.6
2026-08-02T10:17:00+00:00,NetworkIn,105438139.2
2026-08-02T10:22:00+00:00,NetworkIn,104022321.6
2026-08-02T10:27:00+00:00,NetworkIn,104561669.2
2026-08-02T10:32:00+00:00,NetworkIn,103482775.0
2026-08-02T10:37:00+00:00,NetworkIn,103215133.2
2026-08-02T10:42:00+00:00,NetworkIn,103466586.6
2026-08-02T10:47:00+00:00,NetworkIn,104669982.0
2026-08-02T10:52:00+00:00,NetworkIn,104316929.0
2026-08-02T10:57:00+00:00,NetworkIn,104540119.8
2026-08-02T11:02:00+00:00,NetworkIn,104153678.4
2026-08-02T11:07:00+00:00,NetworkIn,104857488.4
2026-08-02T11:12:00+00:00,NetworkIn,104460276.4
2026-08-02T11:17:00+00:00,NetworkIn,104740070.4
2026-08-02T11:22:00+00:00,NetworkIn,105025644.4
2026-08-02T11:27:00+00:00,NetworkIn,104357254.2
2026-08-02T11:32:00+00:00,NetworkIn,104225215.6
2026-08-02T11:37:00+00:00,NetworkIn,104466515.6
2026-08-02T11:42:00+00:00,NetworkIn,104824906.2
2026-08-02T11:47:00+00:00,NetworkIn,103041627.6
2026-08-02T11:52:00+00:00,NetworkIn,103866157.0
2026-08-02T11:57:00+00:00,NetworkIn,103373736.2
2026-08-02T12:02:00+00:00,NetworkIn,103361523.6
2026-08-02T12:07:00+00:00,NetworkIn,102778147.4
2026-08-02T12:12:00+00:00,NetworkIn,103342309.8
2026-08-02T12:17:00+00:00,NetworkIn,105048270.8
2026-08-02T12:22:00+00:00,NetworkIn,103476977.4
2026-08-02T12:27:00+00:00,NetworkIn,99901105.2
2026-08-02T12:32:00+00:00,NetworkIn,103353304.2
2026-08-02T12:37:00+00:00,NetworkIn,102935517.6
2026-08-02T12:42:00+00:00,NetworkIn,104748562.0
2026-08-02T12:47:00+00:00,NetworkIn,104057511.0
2026-08-02T12:52:00+00:00,NetworkIn,102963535.8
2026-08-02T12:57:00+00:00,NetworkIn,100887016.0
2026-08-02T13:02:00+00:00,NetworkIn,101477341.8
2026-08-02T13:07:00+00:00,NetworkIn,99820839.6
2026-08-02T13:12:00+00:00,NetworkIn,95716614.4
2026-08-02T13:17:00+00:00,NetworkIn,100597479.2
2026-08-02T13:22:00+00:00,NetworkIn,101689125.8
2026-08-02T13:27:00+00:00,NetworkIn,105219047.6
2026-08-02T13:32:00+00:00,NetworkIn,104858741.0
2026-08-02T13:37:00+00:00,NetworkIn,105104724.6
2026-08-02T13:42:00+00:00,NetworkIn,105106515.8
2026-08-02T13:47:00+00:00,NetworkIn,105073533.8
2026-08-02T13:52:00+00:00,NetworkIn,105288061.8
2026-08-02T13:57:00+00:00,NetworkIn,104912980.8
2026-08-02T14:02:00+00:00,NetworkIn,103425337.2
2026-08-02T14:07:00+00:00,NetworkIn,105018058.8
2026-08-02T14:12:00+00:00,NetworkIn,105239968.0
2026-08-02T14:17:00+00:00,NetworkIn,104952012.4
2026-08-02T14:22:00+00:00,NetworkIn,105111205.6
2026-08-02T14:27:00+00:00,NetworkIn,105591016.6
2026-08-02T14:32:00+00:00,NetworkIn,104607723.0
2026-08-02T14:37:00+00:00,NetworkIn,105061665.2
2026-08-02T14:42:00+00:00,NetworkIn,105341325.8
2026-08-02T14:47:00+00:00,NetworkIn,105265375.2
2026-08-02T14:52:00+00:00,NetworkIn,104995297.8
2026-08-02T14:57:00+00:00,NetworkIn,104876048.0
2026-08-02T15:02:00+00:00,NetworkIn,105019780.2
2026-08-02T15:07:00+00:00,NetworkIn,105387945.8
2026-08-02T15:12:00+00:00,NetworkIn,105008138.0
2026-08-02T15:17:00+00:00,NetworkIn,104945806.6
2026-08-02T15:22:00+00:00,NetworkIn,105205959.8
2026-08-02T15:27:00+00:00,NetworkIn,105370532.2
2026-08-02T15:32:00+00:00,NetworkIn,105223906.8
2026-08-02T15:37:00+00:00,NetworkIn,105212869.4
2026-08-02T15:42:00+00:00,NetworkIn,105032944.4
2026-08-02T15:47:00+00:00,NetworkIn,104654817.0
2026-08-02T15:52:00+00:00,NetworkIn,104975219.6
2026-08-02T15:57:00+00:00,NetworkIn,105302532.2
2026-08-02T16:02:00+00:00,NetworkIn,104971171.2
2026-08-02T16:07:00+00:00,NetworkIn,105264281.2
2026-08-02T16:12:00+00:00,NetworkIn,104829646.6
2026-08-02T16:17:00+00:00,NetworkIn,105064985.6
2026-08-02T16:22:00+00:00,NetworkIn,105334227.6
2026-08-02T16:27:00+00:00,NetworkIn,104835816.8
2026-08-02T16:32:00+00:00,NetworkIn,104520148.6
2026-08-02T16:37:00+00:00,NetworkIn,105598942.6
2026-08-02T16:42:00+00:00,NetworkIn,105322079.6
2026-08-02T16:47:00+00:00,NetworkIn,105089540.2
2026-08-02T16:52:00+00:00,NetworkIn,104889931.8
2026-08-02T16:57:00+00:00,NetworkIn,105195323.6
2026-08-02T17:02:00+00:00,NetworkIn,105388125.8
2026-08-02T17:07:00+00:00,NetworkIn,104722457.6
2026-08-02T17:12:00+00:00,NetworkIn,105421443.6
2026-08-02T17:17:00+00:00,NetworkIn,104965664.8
2026-08-02T17:22:00+00:00,NetworkIn,105139000.0
2026-08-02T17:27:00+00:00,NetworkIn,105119073.4
2026-08-02T17:32:00+00:00,NetworkIn,105190617.0
2026-08-02T17:37:00+00:00,NetworkIn,104940186.4
2026-08-02T17:42:00+00:00,NetworkIn,102322564.0
2026-08-02T17:47:00+00:00,NetworkIn,102670667.6
2026-08-02T17:52:00+00:00,NetworkIn,103098760.8
2026-08-02T17:57:00+00:00,NetworkIn,102758365.8
2026-08-02T18:02:00+00:00,NetworkIn,104398552.6
2026-08-02T18:07:00+00:00,NetworkIn,103576063.6
2026-08-02T18:12:00+00:00,NetworkIn,105106137.4
2026-08-02T18:17:00+00:00,NetworkIn,105205173.8
2026-08-02T18:22:00+00:00,NetworkIn,105008696.2
2026-08-02T18:27:00+00:00,NetworkIn,105222902.2
2026-08-02T18:32:00+00:00,NetworkIn,105229670.4
2026-08-02T18:37:00+00:00,NetworkIn,104554028.8
2026-08-02T18:42:00+00:00,NetworkIn,104881284.0
2026-08-02T18:47:00+00:00,NetworkIn,105118626.4
2026-08-02T18:52:00+00:00,NetworkIn,105160581.8
2026-08-02T18:57:00+00:00,NetworkIn,104892515.0
2026-08-02T19:02:00+00:00,NetworkIn,104801768.4
2026-08-02T19:07:00+00:00,NetworkIn,105169564.6
2026-08-02T19:12:00+00:00,NetworkIn,104775476.0
2026-08-02T19:17:00+00:00,NetworkIn,105101977.0
2026-08-02T19:22:00+00:00,NetworkIn,104944935.6
2026-08-02T19:27:00+00:00,NetworkIn,105516393.6
2026-08-02T19:32:00+00:00,NetworkIn,105067640.6
2026-08-02T19:37:00+00:00,NetworkIn,105249092.6
2026-08-02T19:42:00+00:00,NetworkIn,105191019.8
2026-08-02T19:47:00+00:00,NetworkIn,105187934.6
2026-08-02T19:52:00+00:00,NetworkIn,105161530.8
2026-08-02T19:57:00+00:00,NetworkIn,103563390.0
2026-08-02T20:02:00+00:00,NetworkIn,103480103.4
2026-08-02T20:07:00+00:00,NetworkIn,103835875.6
2026-08-02T20:12:00+00:00,NetworkIn,103766162.4
2026-08-02T20:17:00+00:00,NetworkIn,104764554.6
2026-08-02T20:22:00+00:00,NetworkIn,104049371.4
2026-08-02T20:27:00+00:00,NetworkIn,103948558.0
2026-08-02T20:32:00+00:00,NetworkIn,104269513.8
2026-08-02T20:37:00+00:00,NetworkIn,103937566.4
2026-08-02T20:42:00+00:00,NetworkIn,103760552.4
2026-08-02T20:47:00+00:00,NetworkIn,103913494.8
2026-08-02T20:52:00+00:00,NetworkIn,104186034.8
2026-08-02T20:57:00+00:00,NetworkIn,105209114.2
2026-08-02T21:02:00+00:00,NetworkIn,103922354.0
2026-08-02T21:07:00+00:00,NetworkIn,104308184.0
2026-08-02T21:12:00+00:00,NetworkIn,104800511.0
2026-08-02T21:17:00+00:00,NetworkIn,104468117.2
2026-08-02T21:22:00+00:00,NetworkIn,104908167.6
2026-08-02T21:27:00+00:00,NetworkIn,104886651.2
2026-08-02T21:32:00+00:00,NetworkIn,105077967.0
2026-08-02T21:37:00+00:00,NetworkIn,105174879.8
2026-08-02T21:42:00+00:00,NetworkIn,105019872.0
2026-08-02T21:47:00+00:00,NetworkIn,104845978.6
2026-08-02T21:52:00+00:00,NetworkIn,105077395.0
2026-08-02T21:57:00+00:00,NetworkIn,105097353.2
2026-08-02T22:02:00+00:00,NetworkIn,105287931.2
2026-08-02T22:07:00+00:00,NetworkIn,105168524.6
2026-08-02T22:12:00+00:00,NetworkIn,105550963.0
2026-08-02T22:17:00+00:00,NetworkIn,105442327.4
2026-08-02T22:22:00+00:00,NetworkIn,104946664.2
2026-08-02T22:27:00+00:00,NetworkIn,104733779.2
2026-08-02T22:32:00+00:00,NetworkIn,105212016.2
2026-08-02T22:37:00+00:00,NetworkIn,104554771.0
2026-08-02T22:42:00+00:00,NetworkIn,105158143.2
2026-08-02T22:47:00+00:00,NetworkIn,104967018.4
2026-08-02T22:52:00+00:00,NetworkIn,105288758.0
2026-08-02T22:57:00+00:00,NetworkIn,104687847.8
2026-08-02T23:02:00+00:00,NetworkIn,104605159.4
2026-08-02T23:07:00+00:00,NetworkIn,104404967.4
2026-08-02T23:12:00+00:00,NetworkIn,104614142.8
2026-08-02T23:17:00+00:00,NetworkIn,105287345.6
2026-08-02T23:22:00+00:00,NetworkIn,104505300.4
2026-08-02T23:27:00+00:00,NetworkIn,104467343.4
2026-08-02T23:32:00+00:00,NetworkIn,104649229.4
2026-08-02T23:37:00+00:00,NetworkIn,104337904.4
2026-08-02T23:42:00+00:00,NetworkIn,105158999.0
2026-08-02T23:47:00+00:00,NetworkIn,104589693.4
2026-08-02T23:52:00+00:00,NetworkIn,104883423.4
2026-08-02T23:57:00+00:00,NetworkIn,105302345.2
2026-08-03T00:02:00+00:00,NetworkIn,104009156.4
2026-08-03T00:07:00+00:00,NetworkIn,104587465.8
2026-08-03T00:12:00+00:00,NetworkIn,104328128.6
2026-08-03T00:17:00+00:00,NetworkIn,104281383.6
2026-08-03T00:22:00+00:00,NetworkIn,104625682.4
2026-08-03T00:27:00+00:00,NetworkIn,103696657.8
2026-08-03T00:32:00+00:00,NetworkIn,104511995.6
2026-08-03T00:37:00+00:00,NetworkIn,105149869.0
2026-08-03T00:42:00+00:00,NetworkIn,103901548.6
2026-08-03T00:47:00+00:00,NetworkIn,105007363.0
2026-08-03T00:52:00+00:00,NetworkIn,104251092.4
2026-08-03T00:57:00+00:00,NetworkIn,104740935.6
2026-08-03T01:02:00+00:00,NetworkIn,103804817.8
2026-08-03T01:07:00+00:00,NetworkIn,104913688.0
2026-08-03T01:12:00+00:00,NetworkIn,105233064.6
2026-08-03T01:17:00+00:00,NetworkIn,104466245.0
2026-08-03T01:22:00+00:00,NetworkIn,104585117.4
2026-08-03T01:27:00+00:00,NetworkIn,104517454.0
2026-08-03T01:32:00+00:00,NetworkIn,104666538.2
2026-08-03T01:37:00+00:00,NetworkIn,105463254.2
2026-08-03T01:42:00+00:00,NetworkIn,117865979.25
2026-08-03T01:47:00+00:00,NetworkIn,105021193.8
2026-08-03T01:52:00+00:00,NetworkIn,104942317.2
2026-08-03T01:57:00+00:00,NetworkIn,105496375.2
2026-08-03T02:02:00+00:00,NetworkIn,104897119.4
2026-08-03T02:07:00+00:00,NetworkIn,105479392.0
2026-08-03T02:12:00+00:00,NetworkIn,105325990.0
2026-08-03T02:17:00+00:00,NetworkIn,105040767.8
2026-08-03T02:22:00+00:00,NetworkIn,103832298.4
2026-08-03T02:27:00+00:00,NetworkIn,104458857.4
2026-08-03T02:32:00+00:00,NetworkIn,105287783.8
2026-08-03T02:37:00+00:00,NetworkIn,104378422.8
2026-08-03T02:42:00+00:00,NetworkIn,103991379.4
2026-08-03T02:47:00+00:00,NetworkIn,104264728.2
2026-08-03T02:52:00+00:00,NetworkIn,104526776.6
2026-08-03T02:57:00+00:00,NetworkIn,103697634.4
2026-08-03T03:02:00+00:00,NetworkIn,103866274.2
2026-08-03T03:07:00+00:00,NetworkIn,104732079.0
2026-08-03T03:12:00+00:00,NetworkIn,105083023.0
2026-08-03T03:17:00+00:00,NetworkIn,104562881.8
2026-08-03T03:22:00+00:00,NetworkIn,104213387.8
2026-08-03T03:27:00+00:00,NetworkIn,104997361.2
2026-08-03T03:32:00+00:00,NetworkIn,105226848.0
2026-08-03T03:37:00+00:00,NetworkIn,104928914.6
2026-08-03T03:42:00+00:00,NetworkIn,105328884.8
2026-08-03T03:47:00+00:00,NetworkIn,105087564.6
2026-08-03T03:52:00+00:00,NetworkIn,104809959.4
2026-08-03T03:57:00+00:00,NetworkIn,105209410.0
2026-08-03T04:02:00+00:00,NetworkIn,105053024.6
2026-08-03T04:07:00+00:00,NetworkIn,105145462.4
2026-08-03T04:12:00+00:00,NetworkIn,104981074.4
2026-08-03T04:17:00+00:00,NetworkIn,105273151.8
2026-08-03T04:22:00+00:00,NetworkIn,105139346.2
2026-08-03T04:27:00+00:00,NetworkIn,105009313.2
2026-08-03T04:32:00+00:00,NetworkIn,104856295.2
2026-08-03T04:37:00+00:00,NetworkIn,105104554.8
2026-08-03T04:42:00+00:00,NetworkIn,104861524.8
2026-08-03T04:47:00+00:00,NetworkIn,105387524.4
2026-08-03T04:52:00+00:00,NetworkIn,105290004.8
2026-08-03T04:57:00+00:00,NetworkIn,104616043.4
2026-08-03T05:02:00+00:00,NetworkIn,104913471.0
2026-08-03T05:07:00+00:00,NetworkIn,105063451.4
2026-08-03T05:12:00+00:00,NetworkIn,104917259.4
2026-08-03T05:17:00+00:00,NetworkIn,105048396.6
2026-08-03T05:22:00+00:00,NetworkIn,104720958.8
2026-08-03T05:27:00+00:00,NetworkIn,104921796.4
2026-08-03T05:32:00+00:00,NetworkIn,105282149.4
2026-08-03T05:37:00+00:00,NetworkIn,105012476.8
2026-08-03T05:42:00+00:00,NetworkIn,104993512.0
2026-08-03T05:47:00+00:00,NetworkIn,104646300.0
2026-08-03T05:52:00+00:00,NetworkIn,115939229.6
2026-08-03T05:57:00+00:00,NetworkIn,105205077.2
2026-08-03T06:02:00+00:00,NetworkIn,104035269.6
2026-08-03T06:07:00+00:00,NetworkIn,104560594.0
2026-08-03T06:12:00+00:00,NetworkIn,102933747.8
2026-08-03T06:17:00+00:00,NetworkIn,104716651.2
2026-08-03T06:22:00+00:00,NetworkIn,104752803.8
2026-08-03T06:27:00+00:00,NetworkIn,104243940.0
2026-08-03T06:32:00+00:00,NetworkIn,103339425.0
2026-08-03T06:37:00+00:00,NetworkIn,103885941.8
2026-08-03T06:42:00+00:00,NetworkIn,103593120.6
2026-08-03T06:47:00+00:00,NetworkIn,103923113.0
2026-08-03T06:52:00+00:00,NetworkIn,104688290.4
2026-08-03T06:57:00+00:00,NetworkIn,104343419.4
2026-08-03T07:02:00+00:00,NetworkIn,104571159.2
2026-08-03T07:07:00+00:00,NetworkIn,104800278.6
2026-08-03T07:12:00+00:00,NetworkIn,104153311.0
2026-08-03T07:17:00+00:00,NetworkIn,104080456.4
2026-08-03T07:22:00+00:00,NetworkIn,104472890.6
2026-08-03T07:27:00+00:00,NetworkIn,104415533.4
2026-08-03T07:32:00+00:00,NetworkIn,104218058.4
2026-08-03T07:37:00+00:00,NetworkIn,103159750.6
2026-08-03T07:42:00+00:00,NetworkIn,102759191.6
2026-08-03T07:47:00+00:00,NetworkIn,103491112.0
2026-08-03T07:52:00+00:00,NetworkIn,104908766.4
2026-08-03T07:57:00+00:00,NetworkIn,104741171.0
2026-08-03T08:02:00+00:00,NetworkIn,101658313.8
2026-08-03T08:07:00+00:00,NetworkIn,104719315.4
2026-08-03T08:12:00+00:00,NetworkIn,104340379.0
2026-08-03T08:17:00+00:00,NetworkIn,105008689.0
2026-08-03T08:22:00+00:00,NetworkIn,104501318.6
2026-08-03T08:27:00+00:00,NetworkIn,104682675.6
2026-08-03T08:32:00+00:00,NetworkIn,105084235.4
2026-08-03T08:37:00+00:00,NetworkIn,105374512.0
2026-08-03T08:42:00+00:00,NetworkIn,104758595.0
2026-08-03T08:47:00+00:00,NetworkIn,105337148.8
2026-08-03T08:52:00+00:00,NetworkIn,104471937.4
2026-08-03T08:57:00+00:00,NetworkIn,105256043.8
2026-08-03T09:02:00+00:00,NetworkIn,104954726.0
2026-08-03T09:07:00+00:00,NetworkIn,105124410.6
2026-08-03T09:12:00+00:00,NetworkIn,104889254.4
2026-08-03T09:17:00+00:00,NetworkIn,104912214.2
2026-08-03T09:22:00+00:00,NetworkIn,104426267.4
2026-08-03T09:27:00+00:00,NetworkIn,104565668.4
2026-08-03T09:32:00+00:00,NetworkIn,104724565.2
2026-08-03T09:37:00+00:00,NetworkIn,105080206.8
2026-08-03T09:42:00+00:00,NetworkIn,104696225.8
2026-08-03T09:47:00+00:00,NetworkIn,104617819.8
2026-08-03T09:52:00+00:00,NetworkIn,104500188.6
2026-08-03T09:57:00+00:00,NetworkIn,104646162.4
2026-08-03T10:02:00+00:00,NetworkIn,104406926.0
2026-08-03T10:07:00+00:00,NetworkIn,104368466.2
2026-08-03T10:12:00+00:00,NetworkIn,104671421.0
2026-08-03T10:17:00+00:00,NetworkIn,103297072.8
2026-08-03T10:22:00+00:00,NetworkIn,105255507.4
2026-08-03T10:27:00+00:00,NetworkIn,103926507.8
2026-08-03T10:32:00+00:00,NetworkIn,105017661.0
2026-08-03T10:37:00+00:00,NetworkIn,103089106.8
2026-08-03T10:42:00+00:00,NetworkIn,103256082.2
2026-08-03T10:47:00+00:00,NetworkIn,104494293.0
2026-08-03T10:52:00+00:00,NetworkIn,104738001.8
2026-08-03T10:57:00+00:00,NetworkIn,104475661.2
2026-08-03T11:02:00+00:00,NetworkIn,103625862.0
2026-08-03T11:07:00+00:00,NetworkIn,103378944.8
2026-08-03T11:12:00+00:00,NetworkIn,103393061.6
2026-08-03T11:17:00+00:00,NetworkIn,105023080.0
2026-08-03T11:22:00+00:00,NetworkIn,104228116.4
2026-08-03T11:27:00+00:00,NetworkIn,103531654.4
2026-08-03T11:32:00+00:00,NetworkIn,103192095.6
2026-08-03T11:37:00+00:00,NetworkIn,103157658.0
2026-08-03T11:42:00+00:00,NetworkIn,105146521.0
2026-08-03T11:47:00+00:00,NetworkIn,104481046.8
2026-08-03T11:52:00+00:00,NetworkIn,103849225.4
2026-08-03T11:57:00+00:00,NetworkIn,102619515.4
2026-08-03T12:02:00+00:00,NetworkIn,100160566.0
2026-08-03T12:07:00+00:00,NetworkIn,103151054.4
2026-08-03T12:12:00+00:00,NetworkIn,99034697.8
2026-08-03T12:17:00+00:00,NetworkIn,99385079.2
2026-08-03T12:22:00+00:00,NetworkIn,103664020.4
2026-08-03T12:27:00+00:00,NetworkIn,100488338.6
2026-08-03T12:32:00+00:00,NetworkIn,99758699.2
2026-08-03T12:37:00+00:00,NetworkIn,98797749.4
2026-08-03T12:42:00+00:00,NetworkIn,105103333.2
2026-08-03T12:47:00+00:00,NetworkIn,96695633.0
2026-08-03T12:52:00+00:00,NetworkIn,103538522.6
2026-08-03T12:57:00+00:00,NetworkIn,101868516.6
2026-08-03T13:02:00+00:00,NetworkIn,102963730.8
2026-08-03T13:07:00+00:00,NetworkIn,104296196.4
2026-08-03T13:12:00+00:00,NetworkIn,103586318.0
2026-08-03T13:17:00+00:00,NetworkIn,105044119.6
2026-08-03T13:22:00+00:00,NetworkIn,104413675.8
2026-08-03T13:27:00+00:00,NetworkIn,105012354.4
2026-08-03T13:32:00+00:00,NetworkIn,104757302.4
2026-08-03T13:37:00+00:00,NetworkIn,103469036.8
2026-08-03T13:42:00+00:00,NetworkIn,103637493.4
2026-08-03T13:47:00+00:00,NetworkIn,101107406.0
2026-08-03T13:52:00+00:00,NetworkIn,103169372.4
2026-08-03T13:57:00+00:00,NetworkIn,104787261.4
2026-08-03T14:02:00+00:00,NetworkIn,104430704.0
2026-08-03T14:07:00+00:00,NetworkIn,104784666.2
2026-08-03T14:12:00+00:00,NetworkIn,104607099.4
2026-08-03T14:17:00+00:00,NetworkIn,104969746.8
2026-08-03T14:22:00+00:00,NetworkIn,104889965.6
2026-08-03T14:27:00+00:00,NetworkIn,105312661.0
2026-08-03T14:32:00+00:00,NetworkIn,105055229.8
2026-08-03T14:37:00+00:00,NetworkIn,104934018.2
2026-08-03T14:42:00+00:00,NetworkIn,105095640.8
2026-08-03T14:47:00+00:00,NetworkIn,104773510.0
2026-08-03T14:52:00+00:00,NetworkIn,104946103.0
2026-08-03T14:57:00+00:00,NetworkIn,105237083.6
2026-08-03T15:02:00+00:00,NetworkIn,104997580.2
2026-08-03T15:07:00+00:00,NetworkIn,105150973.2
2026-08-03T15:12:00+00:00,NetworkIn,104862101.2
2026-08-03T15:17:00+00:00,NetworkIn,104454821.4
2026-08-03T15:22:00+00:00,NetworkIn,105189371.6
2026-08-03T15:27:00+00:00,NetworkIn,105332464.0
2026-08-03T15:32:00+00:00,NetworkIn,104892833.2
2026-08-03T15:37:00+00:00,NetworkIn,105132124.4
2026-08-03T15:42:00+00:00,NetworkIn,105092185.4
2026-08-03T15:47:00+00:00,NetworkIn,104936005.4
2026-08-03T15:52:00+00:00,NetworkIn,105036547.2
2026-08-03T15:57:00+00:00,NetworkIn,105037050.2
2026-08-03T16:02:00+00:00,NetworkIn,105108288.6
2026-08-03T16:07:00+00:00,NetworkIn,104569046.8
2026-08-03T16:12:00+00:00,NetworkIn,104747461.8
2026-08-03T16:17:00+00:00,NetworkIn,105233186.2
2026-08-03T16:22:00+00:00,NetworkIn,104417201.0
2026-08-03T16:27:00+00:00,NetworkIn,104921326.2
2026-08-03T16:32:00+00:00,NetworkIn,104814901.2
2026-08-03T16:37:00+00:00,NetworkIn,104574401.6
2026-08-03T16:42:00+00:00,NetworkIn,104799401.4
2026-08-03T16:47:00+00:00,NetworkIn,104927420.6
2026-08-03T16:52:00+00:00,NetworkIn,104696847.0
2026-08-03T16:57:00+00:00,NetworkIn,104704656.4
2026-08-03T17:02:00+00:00,NetworkIn,104851465.0
2026-08-03T17:07:00+00:00,NetworkIn,105044015.6
2026-08-03T17:12:00+00:00,NetworkIn,104239875.6
2026-08-03T17:17:00+00:00,NetworkIn,105201862.8
2026-08-03T17:22:00+00:00,NetworkIn,104856394.4
2026-08-03T17:27:00+00:00,NetworkIn,104627943.0
2026-08-03T17:32:00+00:00,NetworkIn,105153637.0
2026-08-03T17:37:00+00:00,NetworkIn,105050100.2
2026-08-03T17:42:00+00:00,NetworkIn,105204347.4
2026-08-03T17:47:00+00:00,NetworkIn,105086043.8
2026-08-03T17:52:00+00:00,NetworkIn,104614723.6
2026-08-03T17:57:00+00:00,NetworkIn,104772209.6
2026-08-03T18:02:00+00:00,NetworkIn,104767880.4
2026-08-03T18:07:00+00:00,NetworkIn,104978890.0
2026-08-03T18:12:00+00:00,NetworkIn,104723801.6
2026-08-03T18:17:00+00:00,NetworkIn,104962010.6
2026-08-03T18:22:00+00:00,NetworkIn,104854228.2
2026-08-03T18:27:00+00:00,NetworkIn,104579801.4
2026-08-03T18:32:00+00:00,NetworkIn,105324775.6
2026-08-03T18:37:00+00:00,NetworkIn,104835087.6
2026-08-03T18:42:00+00:00,NetworkIn,104091740.6
2026-08-03T18:47:00+00:00,NetworkIn,104190523.2
2026-08-03T18:52:00+00:00,NetworkIn,104210090.4
2026-08-03T18:57:00+00:00,NetworkIn,105595759.6
2026-08-03T19:02:00+00:00,NetworkIn,105023882.8
2026-08-03T19:07:00+00:00,NetworkIn,105154586.6
2026-08-03T19:12:00+00:00,NetworkIn,105339172.8
2026-08-03T19:17:00+00:00,NetworkIn,104801265.0
2026-08-03T19:22:00+00:00,NetworkIn,105068846.6
2026-08-03T19:27:00+00:00,NetworkIn,105252785.4
2026-08-03T19:32:00+00:00,NetworkIn,105085105.8
2026-08-03T19:37:00+00:00,NetworkIn,105086739.6
2026-08-03T19:42:00+00:00,NetworkIn,105100032.6
2026-08-03T19:47:00+00:00,NetworkIn,105533208.2
2026-08-03T19:52:00+00:00,NetworkIn,104801457.8
2026-08-03T19:57:00+00:00,NetworkIn,105436743.4
2026-08-03T20:02:00+00:00,NetworkIn,104877037.8
2026-08-03T20:07:00+00:00,NetworkIn,105112425.0
2026-08-03T20:12:00+00:00,NetworkIn,104943009.2
2026-08-03T20:17:00+00:00,NetworkIn,104844889.0
2026-08-03T20:22:00+00:00,NetworkIn,105355036.0
2026-08-03T20:27:00+00:00,NetworkIn,104887362.2
2026-08-03T20:32:00+00:00,NetworkIn,104853142.4
2026-08-03T20:37:00+00:00,NetworkIn,105148582.2
2026-08-03T20:42:00+00:00,NetworkIn,104754595.4
2026-08-03T20:47:00+00:00,NetworkIn,105189085.8
2026-08-03T20:52:00+00:00,NetworkIn,104972125.2
2026-08-03T20:57:00+00:00,NetworkIn,105252490.8
2026-08-03T21:02:00+00:00,NetworkIn,104906217.4
2026-08-03T21:07:00+00:00,NetworkIn,104985586.6
2026-08-03T21:12:00+00:00,NetworkIn,104959368.8
2026-08-03T21:17:00+00:00,NetworkIn,105124927.8
2026-08-03T21:22:00+00:00,NetworkIn,105020997.4
2026-08-03T21:27:00+00:00,NetworkIn,104840373.8
2026-08-03T21:32:00+00:00,NetworkIn,104823542.8
2026-08-03T21:37:00+00:00,NetworkIn,105340514.6
2026-08-03T21:42:00+00:00,NetworkIn,104960670.8
2026-08-03T21:47:00+00:00,NetworkIn,105030593.0
2026-08-03T21:52:00+00:00,NetworkIn,104255157.2
2026-08-03T21:57:00+00:00,NetworkIn,104372807.6
2026-08-03T22:02:00+00:00,NetworkIn,104891908.4
2026-08-03T22:07:00+00:00,NetworkIn,104795963.0
2026-08-03T22:12:00+00:00,NetworkIn,104767550.2
2026-08-03T22:17:00+00:00,NetworkIn,104798405.2
2026-08-03T22:22:00+00:00,NetworkIn,104828369.8
2026-08-03T22:27:00+00:00,NetworkIn,105177511.6
2026-08-03T22:32:00+00:00,NetworkIn,105316296.0
2026-08-03T22:37:00+00:00,NetworkIn,105217493.2
2026-08-03T22:42:00+00:00,NetworkIn,105052794.2
2026-08-03T22:47:00+00:00,NetworkIn,105116626.8
2026-08-03T22:52:00+00:00,NetworkIn,105224854.2
2026-08-03T22:57:00+00:00,NetworkIn,104982263.2
2026-08-03T23:02:00+00:00,NetworkIn,105170496.8
2026-08-03T23:07:00+00:00,NetworkIn,104873640.8
2026-08-03T23:12:00+00:00,NetworkIn,105277199.2
2026-08-03T23:17:00+00:00,NetworkIn,105055586.6
2026-08-03T23:22:00+00:00,NetworkIn,105187063.4
2026-08-03T23:27:00+00:00,NetworkIn,105088933.4
2026-08-03T23:32:00+00:00,NetworkIn,104767373.4
2026-08-03T23:37:00+00:00,NetworkIn,105256924.4
2026-08-03T23:42:00+00:00,NetworkIn,104940249.2
2026-08-03T23:47:00+00:00,NetworkIn,105457464.8
2026-08-03T23:52:00+00:00,NetworkIn,104500867.0
2026-08-03T23:57:00+00:00,NetworkIn,104591350.6
2026-08-04T00:02:00+00:00,NetworkIn,105169774.0
2026-08-04T00:07:00+00:00,NetworkIn,104413222.0
2026-08-04T00:12:00+00:00,NetworkIn,104786598.4
2026-08-04T00:17:00+00:00,NetworkIn,104718689.6
2026-08-04T00:22:00+00:00,NetworkIn,104910887.2
2026-08-04T00:27:00+00:00,NetworkIn,104694939.4
2026-08-04T00:32:00+00:00,NetworkIn,105059134.8
2026-08-04T00:37:00+00:00,NetworkIn,104693389.6
2026-08-04T00:42:00+00:00,NetworkIn,104910525.2
2026-08-04T00:47:00+00:00,NetworkIn,105120842.6
2026-08-04T00:52:00+00:00,NetworkIn,105453868.2
2026-08-04T00:57:00+00:00,NetworkIn,105254366.6
2026-08-04T01:02:00+00:00,NetworkIn,104705106.2
2026-08-04T01:07:00+00:00,NetworkIn,105464905.8
2026-08-04T01:12:00+00:00,NetworkIn,105185400.2
2026-08-04T01:17:00+00:00,NetworkIn,105232656.0
2026-08-04T01:22:00+00:00,NetworkIn,105087860.2
2026-08-04T01:27:00+00:00,NetworkIn,105437150.4
2026-08-04T01:32:00+00:00,NetworkIn,104972972.4
2026-08-04T01:37:00+00:00,NetworkIn,105032228.2
2026-08-04T01:42:00+00:00,NetworkIn,105155058.2
2026-08-04T01:47:00+00:00,NetworkIn,105191265.8
2026-08-04T01:52:00+00:00,NetworkIn,105017949.8
2026-08-04T01:57:00+00:00,NetworkIn,104795286.8
2026-08-04T02:02:00+00:00,NetworkIn,104618349.8
2026-08-04T02:07:00+00:00,NetworkIn,105360855.8
2026-08-04T02:12:00+00:00,NetworkIn,104995673.6
2026-08-04T02:17:00+00:00,NetworkIn,104766421.6
2026-08-04T02:22:00+00:00,NetworkIn,104585626.4
2026-08-04T02:27:00+00:00,NetworkIn,104982798.0
2026-08-04T02:32:00+00:00,NetworkIn,104671440.6
2026-08-04T02:37:00+00:00,NetworkIn,105052691.8
2026-08-04T02:42:00+00:00,NetworkIn,105240203.0
2026-08-04T02:47:00+00:00,NetworkIn,104963961.0
2026-08-04T02:52:00+00:00,NetworkIn,105063586.8
2026-08-04T02:57:00+00:00,NetworkIn,105327044.2
2026-08-04T03:02:00+00:00,NetworkIn,105318850.4
2026-08-04T03:07:00+00:00,NetworkIn,104590296.8
2026-08-04T03:12:00+00:00,NetworkIn,104714208.6
2026-08-04T03:17:00+00:00,NetworkIn,105197750.0
2026-08-04T03:22:00+00:00,NetworkIn,104217427.8
2026-08-04T03:27:00+00:00,NetworkIn,104377038.8
2026-08-04T03:32:00+00:00,NetworkIn,104359977.2
2026-08-04T03:37:00+00:00,NetworkIn,104040666.4
2026-08-04T03:42:00+00:00,NetworkIn,104169889.4
2026-08-04T03:47:00+00:00,NetworkIn,104701155.2
2026-08-04T03:52:00+00:00,NetworkIn,103591486.2
2026-08-04T03:57:00+00:00,NetworkIn,104269234.6
2026-08-04T04:02:00+00:00,NetworkIn,105094516.2
2026-08-04T04:07:00+00:00,NetworkIn,103649175.0
2026-08-04T04:12:00+00:00,NetworkIn,104238654.6
2026-08-04T04:17:00+00:00,NetworkIn,103858323.0
2026-08-04T04:22:00+00:00,NetworkIn,103731234.8
2026-08-04T04:27:00+00:00,NetworkIn,105731951.6
2026-08-04T04:32:00+00:00,NetworkIn,104884563.2
2026-08-04T04:37:00+00:00,NetworkIn,104861481.0
2026-08-04T04:42:00+00:00,NetworkIn,105312259.4
2026-08-04T04:47:00+00:00,NetworkIn,105427875.6
2026-08-04T04:52:00+00:00,NetworkIn,104861057.0
2026-08-04T04:57:00+00:00,NetworkIn,105060590.6
2026-08-04T05:02:00+00:00,NetworkIn,105629395.0
2026-08-04T05:07:00+00:00,NetworkIn,104753938.4
2026-08-04T05:12:00+00:00,NetworkIn,105185982.2
2026-08-04T05:17:00+00:00,NetworkIn,105072279.6
2026-08-04T05:22:00+00:00,NetworkIn,105162168.0
2026-08-04T05:27:00+00:00,NetworkIn,104885669.6
2026-08-04T05:32:00+00:00,NetworkIn,105305764.8
2026-08-04T05:37:00+00:00,NetworkIn,105250319.8
2026-08-04T05:42:00+00:00,NetworkIn,105202016.2
2026-08-04T05:47:00+00:00,NetworkIn,104989039.4
2026-08-04T05:52:00+00:00,NetworkIn,105301817.4
2026-08-04T05:57:00+00:00,NetworkIn,105291825.8
2026-08-04T06:02:00+00:00,NetworkIn,105223376.4
2026-08-04T06:07:00+00:00,NetworkIn,105005177.4
2026-08-04T06:12:00+00:00,NetworkIn,105678102.2
2026-08-04T06:17:00+00:00,NetworkIn,105130844.8
2026-08-04T06:22:00+00:00,NetworkIn,105413344.0
2026-08-04T06:27:00+00:00,NetworkIn,105034494.4
2026-08-04T06:32:00+00:00,NetworkIn,104935997.6
2026-08-04T06:37:00+00:00,NetworkIn,104734621.0
2026-08-04T06:42:00+00:00,NetworkIn,104851418.0
2026-08-04T06:47:00+00:00,NetworkIn,105341291.6
2026-08-04T06:52:00+00:00,NetworkIn,105012920.4
2026-08-04T06:57:00+00:00,NetworkIn,101114935.2
2026-08-04T07:02:00+00:00,NetworkIn,101713495.0
2026-08-04T07:07:00+00:00,NetworkIn,104730308.4
2026-08-04T07:12:00+00:00,NetworkIn,103169236.2
2026-08-04T07:17:00+00:00,NetworkIn,102039454.8
2026-08-04T07:22:00+00:00,NetworkIn,102148215.4
2026-08-04T07:27:00+00:00,NetworkIn,103230708.4
2026-08-04T07:32:00+00:00,NetworkIn,105114185.4
2026-08-04T07:37:00+00:00,NetworkIn,101430092.6
2026-08-04T07:42:00+00:00,NetworkIn,102672591.0
2026-08-04T07:47:00+00:00,NetworkIn,104799281.6
2026-08-04T07:52:00+00:00,NetworkIn,102794806.0
2026-08-04T07:57:00+00:00,NetworkIn,104410259.6
2026-08-04T08:02:00+00:00,NetworkIn,104603694.8
2026-08-04T08:07:00+00:00,NetworkIn,105053928.2
2026-08-04T08:12:00+00:00,NetworkIn,103562933.2
2026-08-04T08:17:00+00:00,NetworkIn,103674012.6
2026-08-04T08:22:00+00:00,NetworkIn,103310463.4
2026-08-04T08:27:00+00:00,NetworkIn,104681689.6
2026-08-04T08:32:00+00:00,NetworkIn,102953997.4
2026-08-04T08:37:00+00:00,NetworkIn,104513750.0
2026-08-04T08:42:00+00:00,NetworkIn,105245048.0
2026-08-04T08:47:00+00:00,NetworkIn,104338656.2
2026-08-04T08:52:00+00:00,NetworkIn,105398951.8
2026-08-04T08:57:00+00:00,NetworkIn,103878443.8
2026-08-04T09:02:00+00:00,NetworkIn,103081885.6
2026-08-04T09:07:00+00:00,NetworkIn,103762702.0
2026-08-04T09:12:00+00:00,NetworkIn,102514287.8
2026-08-04T09:17:00+00:00,NetworkIn,105219018.0
2026-08-04T09:22:00+00:00,NetworkIn,104483541.0
2026-08-04T09:27:00+00:00,NetworkIn,104884435.8
2026-08-04T09:32:00+00:00,NetworkIn,105237137.8
2026-08-04T09:37:00+00:00,NetworkIn,103388843.4
2026-08-04T09:42:00+00:00,NetworkIn,103765342.2
2026-08-04T09:47:00+00:00,NetworkIn,104824966.2
2026-08-04T09:52:00+00:00,NetworkIn,104592403.4
2026-08-04T09:57:00+00:00,NetworkIn,104470049.8
2026-08-04T10:02:00+00:00,NetworkIn,104165190.8
2026-08-04T10:07:00+00:00,NetworkIn,104469430.8
2026-08-04T10:12:00+00:00,NetworkIn,103878215.6
2026-08-04T10:17:00+00:00,NetworkIn,105102585.0
2026-08-04T10:22:00+00:00,NetworkIn,103671810.2
2026-08-04T10:27:00+00:00,NetworkIn,103003825.6
2026-08-04T10:32:00+00:00,NetworkIn,103578048.8
2026-08-04T10:37:00+00:00,NetworkIn,103793730.4
2026-08-04T10:42:00+00:00,NetworkIn,105278141.6
2026-08-04T10:47:00+00:00,NetworkIn,103788047.6
2026-08-04T10:52:00+00:00,NetworkIn,104423315.8
2026-08-04T10:57:00+00:00,NetworkIn,104624651.4
2026-08-04T11:02:00+00:00,NetworkIn,104160454.0
2026-08-04T11:07:00+00:00,NetworkIn,105351955.4
2026-08-04T11:12:00+00:00,NetworkIn,103450099.2
2026-08-04T11:17:00+00:00,NetworkIn,104409966.0
2026-08-04T11:22:00+00:00,NetworkIn,103995060.0
2026-08-04T11:27:00+00:00,NetworkIn,104085256.0
2026-08-04T11:32:00+00:00,NetworkIn,105052458.6
2026-08-04T11:37:00+00:00,NetworkIn,103401608.0
2026-08-04T11:42:00+00:00,NetworkIn,103810362.2
2026-08-04T11:47:00+00:00,NetworkIn,104026382.0
2026-08-04T11:52:00+00:00,NetworkIn,104951790.2
2026-08-04T11:57:00+00:00,NetworkIn,103122923.0
2026-08-04T12:02:00+00:00,NetworkIn,104310170.6
2026-08-04T12:07:00+00:00,NetworkIn,104283077.0
2026-08-04T12:12:00+00:00,NetworkIn,104056847.4
2026-08-04T12:17:00+00:00,NetworkIn,104904940.2
2026-08-04T12:22:00+00:00,NetworkIn,104286952.0
2026-08-04T12:27:00+00:00,NetworkIn,103745544.6
2026-08-04T12:32:00+00:00,NetworkIn,103895042.0
2026-08-04T12:37:00+00:00,NetworkIn,105106981.0
2026-08-04T12:42:00+00:00,NetworkIn,103333101.8
2026-08-04T12:47:00+00:00,NetworkIn,103791244.4
2026-08-04T12:52:00+00:00,NetworkIn,104234262.4
2026-08-04T12:57:00+00:00,NetworkIn,104091555.0
2026-08-04T13:02:00+00:00,NetworkIn,105060459.6
2026-08-04T13:07:00+00:00,NetworkIn,102935929.8
2026-08-04T13:12:00+00:00,NetworkIn,102862220.2
2026-08-04T13:17:00+00:00,NetworkIn,103465685.6
2026-08-04T13:22:00+00:00,NetworkIn,103840029.6
2026-08-04T13:27:00+00:00,NetworkIn,101565801.6
2026-08-04T13:32:00+00:00,NetworkIn,101847163.2
2026-08-04T13:37:00+00:00,NetworkIn,103937188.6
2026-08-04T13:42:00+00:00,NetworkIn,102419055.2
2026-08-04T13:47:00+00:00,NetworkIn,102688650.8
2026-08-04T13:52:00+00:00,NetworkIn,103587158.2
2026-08-04T13:57:00+00:00,NetworkIn,104486139.4
2026-08-04T14:02:00+00:00,NetworkIn,98623157.0
2026-08-04T14:07:00+00:00,NetworkIn,97594345.6
2026-08-04T14:12:00+00:00,NetworkIn,94526293.4
2026-08-04T14:17:00+00:00,NetworkIn,102534928.0
2026-08-04T14:22:00+00:00,NetworkIn,99001587.8
2026-08-04T14:27:00+00:00,NetworkIn,98363241.0
2026-08-04T14:32:00+00:00,NetworkIn,103818079.0
2026-08-04T14:37:00+00:00,NetworkIn,104844785.6
2026-08-04T14:42:00+00:00,NetworkIn,105270245.6
2026-08-04T14:47:00+00:00,NetworkIn,105000680.8
2026-08-04T14:52:00+00:00,NetworkIn,104923268.8
2026-08-04T14:57:00+00:00,NetworkIn,105167192.2
2026-08-04T15:02:00+00:00,NetworkIn,105255290.6
2026-08-04T15:07:00+00:00,NetworkIn,104961841.6
2026-08-04T15:12:00+00:00,NetworkIn,104925060.6
2026-08-04T15:17:00+00:00,NetworkIn,105173979.4
2026-08-04T15:22:00+00:00,NetworkIn,105076277.6
2026-08-04T15:27:00+00:00,NetworkIn,105403531.2
2026-08-04T15:32:00+00:00,NetworkIn,105052150.2
2026-08-04T15:37:00+00:00,NetworkIn,104816406.2
2026-08-04T15:42:00+00:00,NetworkIn,105267026.0
2026-08-04T15:47:00+00:00,NetworkIn,105160200.2
2026-08-04T15:52:00+00:00,NetworkIn,105095741.2
2026-08-04T15:57:00+00:00,NetworkIn,105137085.8
2026-08-04T16:02:00+00:00,NetworkIn,104765059.0
2026-08-04T16:07:00+00:00,NetworkIn,104876854.6
2026-08-04T16:12:00+00:00,NetworkIn,104816086.6
2026-08-04T16:17:00+00:00,NetworkIn,104835937.6
2026-08-04T16:22:00+00:00,NetworkIn,105463002.8
2026-08-04T16:27:00+00:00,NetworkIn,104858573.0
2026-08-04T16:32:00+00:00,NetworkIn,104681696.0
2026-08-04T16:37:00+00:00,NetworkIn,104564120.8
2026-08-04T16:42:00+00:00,NetworkIn,105056529.6
2026-08-04T16:47:00+00:00,NetworkIn,104820613.4
2026-08-04T16:52:00+00:00,NetworkIn,105222029.4
2026-08-04T16:57:00+00:00,NetworkIn,105280639.6
2026-08-04T17:02:00+00:00,NetworkIn,105329768.8
2026-08-04T17:07:00+00:00,NetworkIn,104960510.2
2026-08-04T17:12:00+00:00,NetworkIn,104884794.0
2026-08-04T17:17:00+00:00,NetworkIn,104732194.4
2026-08-04T17:22:00+00:00,NetworkIn,104990458.0
2026-08-04T17:27:00+00:00,NetworkIn,105068567.4
2026-08-04T17:32:00+00:00,NetworkIn,105291465.6
2026-08-04T17:37:00+00:00,NetworkIn,104695046.0
2026-08-04T17:42:00+00:00,NetworkIn,105537576.8
2026-08-04T17:47:00+00:00,NetworkIn,105161556.2
2026-08-04T17:52:00+00:00,NetworkIn,105225528.4
2026-08-04T17:57:00+00:00,NetworkIn,105386460.8
2026-08-04T18:02:00+00:00,NetworkIn,104899545.6
2026-08-04T18:07:00+00:00,NetworkIn,105018846.6
2026-08-04T18:12:00+00:00,NetworkIn,104797253.2
2026-08-04T18:17:00+00:00,NetworkIn,105415615.2
2026-08-04T18:22:00+00:00,NetworkIn,104909194.0
2026-08-04T18:27:00+00:00,NetworkIn,104836639.8
2026-08-04T18:32:00+00:00,NetworkIn,104612933.2
2026-08-04T18:37:00+00:00,NetworkIn,104976026.0
2026-08-04T18:42:00+00:00,NetworkIn,104976161.2
2026-08-04T18:47:00+00:00,NetworkIn,104757940.8
2026-08-04T18:52:00+00:00,NetworkIn,105105966.2
2026-08-04T18:57:00+00:00,NetworkIn,105261597.2
2026-08-04T19:02:00+00:00,NetworkIn,105065352.2
2026-08-04T19:07:00+00:00,NetworkIn,104792235.8
2026-08-04T19:12:00+00:00,NetworkIn,105396732.4
2026-08-04T19:17:00+00:00,NetworkIn,105197069.4
2026-08-04T19:22:00+00:00,NetworkIn,104873500.8
2026-08-04T19:27:00+00:00,NetworkIn,104614111.6
2026-08-04T19:32:00+00:00,NetworkIn,105253262.2
2026-08-04T19:37:00+00:00,NetworkIn,104793479.6
2026-08-04T19:42:00+00:00,NetworkIn,105268732.2
2026-08-04T19:47:00+00:00,NetworkIn,105152041.4
2026-08-04T19:52:00+00:00,NetworkIn,104537340.4
2026-08-04T19:57:00+00:00,NetworkIn,105096965.8
2026-08-04T20:02:00+00:00,NetworkIn,104928627.8
2026-08-04T20:07:00+00:00,NetworkIn,104720705.6
2026-08-04T20:12:00+00:00,NetworkIn,105142128.0
2026-08-04T20:17:00+00:00,NetworkIn,104964666.2
2026-08-04T20:22:00+00:00,NetworkIn,105161354.0
2026-08-04T20:27:00+00:00,NetworkIn,105157144.4
2026-08-04T20:32:00+00:00,NetworkIn,105141157.2
2026-08-04T20:37:00+00:00,NetworkIn,104930694.4
2026-08-04T20:42:00+00:00,NetworkIn,105335712.2
2026-08-04T20:47:00+00:00,NetworkIn,104992106.4
2026-08-04T20:52:00+00:00,NetworkIn,104451967.0
2026-08-04T20:57:00+00:00,NetworkIn,105164652.2
2026-08-04T21:02:00+00:00,NetworkIn,104666585.4
2026-08-04T21:07:00+00:00,NetworkIn,104778079.4
2026-08-04T21:12:00+00:00,NetworkIn,105360622.6
2026-08-04T21:17:00+00:00,NetworkIn,105018710.6
2026-08-04T21:22:00+00:00,NetworkIn,104833927.8
2026-08-04T21:27:00+00:00,NetworkIn,104848276.2
2026-08-04T21:32:00+00:00,NetworkIn,105163636.4
2026-08-04T21:37:00+00:00,NetworkIn,105000410.2
2026-08-04T21:42:00+00:00,NetworkIn,105444274.8
2026-08-04T21:47:00+00:00,NetworkIn,105149376.6
2026-08-04T21:52:00+00:00,NetworkIn,104836590.0
2026-08-04T21:57:00+00:00,NetworkIn,105102870.0
2026-08-04T22:02:00+00:00,NetworkIn,104071695.8
2026-08-04T22:07:00+00:00,NetworkIn,104489637.4
2026-08-04T22:12:00+00:00,NetworkIn,104626683.2
2026-08-04T22:17:00+00:00,NetworkIn,104412033.0
2026-08-04T22:22:00+00:00,NetworkIn,105079844.4
2026-08-04T22:27:00+00:00,NetworkIn,105222006.6
2026-08-04T22:32:00+00:00,NetworkIn,104699864.6
2026-08-04T22:37:00+00:00,NetworkIn,104895341.8
2026-08-04T22:42:00+00:00,NetworkIn,104622922.4
2026-08-04T22:47:00+00:00,NetworkIn,104835792.8
2026-08-04T22:52:00+00:00,NetworkIn,104672393.0
2026-08-04T22:57:00+00:00,NetworkIn,105166299.2
2026-08-04T23:02:00+00:00,NetworkIn,105217450.2
2026-08-04T23:07:00+00:00,NetworkIn,104531992.0
2026-08-04T23:12:00+00:00,NetworkIn,105363243.2
2026-08-04T23:17:00+00:00,NetworkIn,104948593.8
2026-08-04T23:22:00+00:00,NetworkIn,105552292.0
2026-08-04T23:27:00+00:00,NetworkIn,104959751.6
2026-08-04T23:32:00+00:00,NetworkIn,105035949.0
2026-08-04T23:37:00+00:00,NetworkIn,104961468.6
2026-08-04T23:42:00+00:00,NetworkIn,104663989.0
2026-08-04T23:47:00+00:00,NetworkIn,104521331.4
2026-08-04T23:52:00+00:00,NetworkIn,104567765.6
2026-08-04T23:57:00+00:00,NetworkIn,104835683.8
2026-08-05T00:02:00+00:00,NetworkIn,104921223.4
2026-08-05T00:07:00+00:00,NetworkIn,104053052.4
2026-08-05T00:12:00+00:00,NetworkIn,105180326.4
2026-08-05T00:17:00+00:00,NetworkIn,105147913.4
2026-08-05T00:22:00+00:00,NetworkIn,104853648.8
2026-08-05T00:27:00+00:00,NetworkIn,105540455.4
2026-08-05T00:32:00+00:00,NetworkIn,105426195.8
2026-08-05T00:37:00+00:00,NetworkIn,105137899.2
2026-08-05T00:42:00+00:00,NetworkIn,105037067.8
2026-08-05T00:47:00+00:00,NetworkIn,105307359.8
2026-08-05T00:52:00+00:00,NetworkIn,105394297.0
2026-08-05T00:57:00+00:00,NetworkIn,105607090.6
2026-08-05T01:02:00+00:00,NetworkIn,105099125.2
2026-08-05T01:07:00+00:00,NetworkIn,104945717.0
2026-08-05T01:12:00+00:00,NetworkIn,105158660.2
2026-08-05T01:17:00+00:00,NetworkIn,104842108.8
2026-08-05T01:22:00+00:00,NetworkIn,104971226.6
2026-08-05T01:27:00+00:00,NetworkIn,105508156.2
2026-08-05T01:32:00+00:00,NetworkIn,105216579.0
2026-08-05T01:37:00+00:00,NetworkIn,104914016.0
2026-08-05T01:42:00+00:00,NetworkIn,104987398.8
2026-08-05T01:47:00+00:00,NetworkIn,104860592.0
2026-08-05T01:52:00+00:00,NetworkIn,105077553.8
2026-08-05T01:57:00+00:00,NetworkIn,105063722.4
2026-08-05T02:02:00+00:00,NetworkIn,104071509.6
2026-08-05T02:07:00+00:00,NetworkIn,104483728.8
2026-08-05T02:12:00+00:00,NetworkIn,103837917.0
2026-08-05T02:17:00+00:00,NetworkIn,104625170.8
2026-08-05T02:22:00+00:00,NetworkIn,105519247.8
2026-08-05T02:27:00+00:00,NetworkIn,105204428.4
2026-08-05T02:32:00+00:00,NetworkIn,105210583.2
2026-08-05T02:37:00+00:00,NetworkIn,105201841.4
2026-08-05T02:42:00+00:00,NetworkIn,104840123.0
2026-08-05T02:47:00+00:00,NetworkIn,104514791.4
2026-08-05T02:52:00+00:00,NetworkIn,104815362.8
2026-08-05T02:57:00+00:00,NetworkIn,105067311.8
2026-08-05T03:02:00+00:00,NetworkIn,105296283.6
2026-08-05T03:07:00+00:00,NetworkIn,104775915.6
2026-08-05T03:12:00+00:00,NetworkIn,104716127.6
2026-08-05T03:17:00+00:00,NetworkIn,104741237.0
2026-08-05T03:22:00+00:00,NetworkIn,104919157.4
2026-08-05T03:27:00+00:00,NetworkIn,103813815.6
2026-08-05T03:32:00+00:00,NetworkIn,104065393.2
2026-08-05T03:37:00+00:00,NetworkIn,104917075.0
2026-08-05T03:42:00+00:00,NetworkIn,103716185.0
2026-08-05T03:47:00+00:00,NetworkIn,104134419.4
2026-08-05T03:52:00+00:00,NetworkIn,103679425.0
2026-08-05T03:57:00+00:00,NetworkIn,104462858.6
2026-08-05T04:02:00+00:00,NetworkIn,104936120.0
2026-08-05T04:07:00+00:00,NetworkIn,104500243.0
2026-08-05T04:12:00+00:00,NetworkIn,104390192.8
2026-08-05T04:17:00+00:00,NetworkIn,104847230.0
2026-08-05T04:22:00+00:00,NetworkIn,104452534.4
2026-08-05T04:27:00+00:00,NetworkIn,104736396.8
2026-08-05T04:32:00+00:00,NetworkIn,104762033.6
2026-08-05T04:37:00+00:00,NetworkIn,103970135.2
2026-08-05T04:42:00+00:00,NetworkIn,104594935.8
2026-08-05T04:47:00+00:00,NetworkIn,104046877.2
2026-08-05T04:52:00+00:00,NetworkIn,104680970.2
2026-08-05T04:57:00+00:00,NetworkIn,104481018.0
2026-08-05T05:02:00+00:00,NetworkIn,104743536.8
2026-08-05T05:07:00+00:00,NetworkIn,104879848.2
2026-08-05T05:12:00+00:00,NetworkIn,104233841.6
2026-08-05T05:17:00+00:00,NetworkIn,104236015.2
2026-08-05T05:22:00+00:00,NetworkIn,104643032.4
2026-08-05T05:27:00+00:00,NetworkIn,104932119.6
2026-08-05T05:32:00+00:00,NetworkIn,104260485.2
2026-08-05T05:37:00+00:00,NetworkIn,104595134.0
2026-08-05T05:42:00+00:00,NetworkIn,104247264.0
2026-08-05T05:47:00+00:00,NetworkIn,104538871.4
2026-08-05T05:52:00+00:00,NetworkIn,103880331.4
2026-08-05T05:57:00+00:00,NetworkIn,104302335.0
2026-08-05T06:02:00+00:00,NetworkIn,102952748.0
2026-08-05T06:07:00+00:00,NetworkIn,104840149.2
2026-08-05T06:12:00+00:00,NetworkIn,104570333.0
2026-08-05T06:17:00+00:00,NetworkIn,104710749.6
2026-08-05T06:22:00+00:00,NetworkIn,104704261.8
2026-08-05T06:27:00+00:00,NetworkIn,104565682.6
2026-08-05T06:32:00+00:00,NetworkIn,105103300.4
2026-08-05T06:37:00+00:00,NetworkIn,105027937.6
2026-08-05T06:42:00+00:00,NetworkIn,105270567.2
2026-08-05T06:47:00+00:00,NetworkIn,104743348.6
2026-08-05T06:52:00+00:00,NetworkIn,105219385.4
2026-08-05T06:57:00+00:00,NetworkIn,105112168.2
2026-08-05T07:02:00+00:00,NetworkIn,103870842.6
2026-08-05T07:07:00+00:00,NetworkIn,105135739.8
2026-08-05T07:12:00+00:00,NetworkIn,105235733.8
2026-08-05T07:17:00+00:00,NetworkIn,105101814.6
2026-08-05T07:22:00+00:00,NetworkIn,103894160.4
2026-08-05T07:27:00+00:00,NetworkIn,103438256.0
2026-08-05T07:32:00+00:00,NetworkIn,104699466.8
2026-08-05T07:37:00+00:00,NetworkIn,105179644.6
2026-08-05T07:42:00+00:00,NetworkIn,104101041.4
2026-08-05T07:47:00+00:00,NetworkIn,104654950.8
2026-08-05T07:52:00+00:00,NetworkIn,104710489.8
2026-08-05T07:57:00+00:00,NetworkIn,105102827.4
2026-08-05T08:02:00+00:00,NetworkIn,104771586.0
2026-08-05T08:07:00+00:00,NetworkIn,105123503.6
2026-08-05T08:12:00+00:00,NetworkIn,105499534.2
2026-08-05T08:17:00+00:00,NetworkIn,105586630.4
2026-08-05T08:22:00+00:00,NetworkIn,104850103.2
2026-08-05T08:27:00+00:00,NetworkIn,104976158.2
2026-08-05T08:32:00+00:00,NetworkIn,104971376.8
2026-08-05T08:37:00+00:00,NetworkIn,104601067.4
2026-08-05T08:42:00+00:00,NetworkIn,104742448.2
2026-08-05T08:47:00+00:00,NetworkIn,104729120.0
2026-08-05T08:52:00+00:00,NetworkIn,104420807.6
2026-08-05T08:57:00+00:00,NetworkIn,105291274.8
2026-08-05T09:02:00+00:00,NetworkIn,104068259.6
2026-08-05T09:07:00+00:00,NetworkIn,103971923.0
2026-08-05T09:12:00+00:00,NetworkIn,104615539.0
2026-08-05T09:17:00+00:00,NetworkIn,104987235.8
2026-08-05T09:22:00+00:00,NetworkIn,104319662.8
2026-08-05T09:27:00+00:00,NetworkIn,104967361.6
2026-08-05T09:32:00+00:00,NetworkIn,103173393.8
2026-08-05T09:37:00+00:00,NetworkIn,103653910.4
2026-08-05T09:42:00+00:00,NetworkIn,104651780.0
2026-08-05T09:47:00+00:00,NetworkIn,103877338.0
2026-08-05T09:52:00+00:00,NetworkIn,104996307.0
2026-08-05T09:57:00+00:00,NetworkIn,102877847.2
2026-08-05T10:02:00+00:00,NetworkIn,105139395.6
2026-08-05T10:07:00+00:00,NetworkIn,104810077.6
2026-08-05T10:12:00+00:00,NetworkIn,104163370.0
2026-08-05T10:17:00+00:00,NetworkIn,105258736.2
2026-08-05T10:22:00+00:00,NetworkIn,105231891.4
2026-08-05T10:27:00+00:00,NetworkIn,104749209.6
2026-08-05T10:32:00+00:00,NetworkIn,105144470.8
2026-08-05T10:37:00+00:00,NetworkIn,104649839.8
2026-08-05T10:42:00+00:00,NetworkIn,105049552.2
2026-08-05T10:47:00+00:00,NetworkIn,105185662.0
2026-08-05T10:52:00+00:00,NetworkIn,104322954.0
2026-08-05T10:57:00+00:00,NetworkIn,104365619.0
2026-08-05T11:02:00+00:00,NetworkIn,104388336.8
2026-08-05T11:07:00+00:00,NetworkIn,102432105.4
2026-08-05T11:12:00+00:00,NetworkIn,104746799.8
2026-08-05T11:17:00+00:00,NetworkIn,90703072.8
2026-08-05T11:22:00+00:00,NetworkIn,103924452.6
2026-08-05T11:27:00+00:00,NetworkIn,104067131.6
2026-08-05T11:32:00+00:00,NetworkIn,102558361.8
2026-08-05T11:37:00+00:00,NetworkIn,104458758.6
2026-08-05T11:42:00+00:00,NetworkIn,102932906.8
2026-08-05T11:47:00+00:00,NetworkIn,103326815.0
2026-08-05T11:52:00+00:00,NetworkIn,104242172.4
2026-08-05T11:57:00+00:00,NetworkIn,103864382.6
2026-08-05T12:02:00+00:00,NetworkIn,104486242.0
2026-08-05T12:07:00+00:00,NetworkIn,103430209.6
2026-08-05T12:12:00+00:00,NetworkIn,104099780.0
2026-08-05T12:17:00+00:00,NetworkIn,104140057.4
2026-08-05T12:22:00+00:00,NetworkIn,104426357.2
2026-08-05T12:27:00+00:00,NetworkIn,103032699.8
2026-08-05T12:32:00+00:00,NetworkIn,104056926.2
2026-08-05T12:37:00+00:00,NetworkIn,104594838.2
2026-08-05T12:42:00+00:00,NetworkIn,103175224.6
2026-08-05T12:47:00+00:00,NetworkIn,103452874.6
2026-08-05T12:52:00+00:00,NetworkIn,103818261.8
2026-08-05T12:57:00+00:00,NetworkIn,105155461.4
2026-08-05T13:02:00+00:00,NetworkIn,102124554.8
2026-08-05T13:07:00+00:00,NetworkIn,103505593.6
2026-08-05T13:12:00+00:00,NetworkIn,103730099.2
2026-08-05T13:17:00+00:00,NetworkIn,104729545.0
2026-08-05T13:22:00+00:00,NetworkIn,102730408.6
2026-08-05T13:27:00+00:00,NetworkIn,103593036.0
2026-08-05T13:32:00+00:00,NetworkIn,103190340.0
2026-08-05T13:37:00+00:00,NetworkIn,103304819.4
2026-08-05T13:42:00+00:00,NetworkIn,105066138.6
2026-08-05T13:47:00+00:00,NetworkIn,102411331.8
2026-08-05T13:52:00+00:00,NetworkIn,103609623.2
2026-08-05T13:57:00+00:00,NetworkIn,102735245.4
2026-08-05T14:02:00+00:00,NetworkIn,100697599.6
2026-08-05T14:07:00+00:00,NetworkIn,100888613.8
2026-08-05T14:12:00+00:00,NetworkIn,101316806.2
2026-08-05T14:17:00+00:00,NetworkIn,103230347.0
2026-08-05T14:22:00+00:00,NetworkIn,103252668.4
2026-08-05T14:27:00+00:00,NetworkIn,103733470.2
2026-08-05T14:32:00+00:00,NetworkIn,104981965.2
2026-08-05T14:37:00+00:00,NetworkIn,105007647.4
2026-08-05T14:42:00+00:00,NetworkIn,105209173.0
2026-08-05T14:47:00+00:00,NetworkIn,104916018.4
2026-08-05T14:52:00+00:00,NetworkIn,104390743.0
2026-08-05T14:57:00+00:00,NetworkIn,104875170.2
2026-08-05T15:02:00+00:00,NetworkIn,102750666.2
2026-08-05T15:07:00+00:00,NetworkIn,102317987.2
2026-08-05T15:12:00+00:00,NetworkIn,104445830.6
2026-08-05T15:17:00+00:00,NetworkIn,104544409.4
2026-08-05T15:22:00+00:00,NetworkIn,105688506.8
2026-08-05T15:27:00+00:00,NetworkIn,104955424.0
2026-08-05T15:32:00+00:00,NetworkIn,104737083.6
2026-08-05T15:37:00+00:00,NetworkIn,105125310.4
2026-08-05T15:42:00+00:00,NetworkIn,105228425.8
2026-08-05T15:47:00+00:00,NetworkIn,105328191.2
2026-08-05T15:52:00+00:00,NetworkIn,104953796.2
2026-08-05T15:57:00+00:00,NetworkIn,104772192.0
2026-08-05T16:02:00+00:00,NetworkIn,105389134.8
2026-08-05T16:07:00+00:00,NetworkIn,105008871.6
2026-08-05T16:12:00+00:00,NetworkIn,105112392.4
2026-08-05T16:17:00+00:00,NetworkIn,105234806.4
2026-08-05T16:22:00+00:00,NetworkIn,105296749.8
2026-08-05T16:27:00+00:00,NetworkIn,105115505.0
2026-08-05T16:32:00+00:00,NetworkIn,104880757.8
2026-08-05T16:37:00+00:00,NetworkIn,105142976.8
2026-08-05T16:42:00+00:00,NetworkIn,104658453.0
2026-08-05T16:47:00+00:00,NetworkIn,104815022.6
2026-08-05T16:52:00+00:00,NetworkIn,105078622.6
2026-08-05T16:57:00+00:00,NetworkIn,105313092.2
2026-08-05T17:02:00+00:00,NetworkIn,104543994.0
2026-08-05T17:07:00+00:00,NetworkIn,105224799.4
2026-08-05T17:12:00+00:00,NetworkIn,104988093.0
2026-08-05T17:17:00+00:00,NetworkIn,96654148.0
2026-08-05T17:22:00+00:00,NetworkIn,97473788.2
2026-08-05T17:27:00+00:00,NetworkIn,104948872.4
2026-08-05T17:32:00+00:00,NetworkIn,104721327.4
2026-08-05T17:37:00+00:00,NetworkIn,105099743.0
2026-08-05T17:42:00+00:00,NetworkIn,105308855.0
2026-08-05T17:47:00+00:00,NetworkIn,105301955.2
2026-08-05T17:52:00+00:00,NetworkIn,105583583.2
2026-08-05T17:57:00+00:00,NetworkIn,105186270.0
2026-08-05T18:02:00+00:00,NetworkIn,104789649.2
2026-08-05T18:07:00+00:00,NetworkIn,105368448.0
2026-08-05T18:12:00+00:00,NetworkIn,104987430.0
2026-08-05T18:17:00+00:00,NetworkIn,105044868.8
2026-08-05T18:22:00+00:00,NetworkIn,105146936.0
2026-08-05T18:27:00+00:00,NetworkIn,105214026.6
2026-08-05T18:32:00+00:00,NetworkIn,104920627.4
2026-08-05T18:37:00+00:00,NetworkIn,104947874.2
2026-08-05T18:42:00+00:00,NetworkIn,104894025.8
2026-08-05T18:47:00+00:00,NetworkIn,105106087.6
2026-08-05T18:52:00+00:00,NetworkIn,104731562.8
2026-08-05T18:57:00+00:00,NetworkIn,105239247.4
2026-08-05T19:02:00+00:00,NetworkIn,105002814.2
2026-08-05T19:07:00+00:00,NetworkIn,105187508.2
2026-08-05T19:12:00+00:00,NetworkIn,105484472.6
2026-08-05T19:17:00+00:00,NetworkIn,105458074.8
2026-08-05T19:22:00+00:00,NetworkIn,105007514.2
2026-08-05T19:27:00+00:00,NetworkIn,105070875.4
2026-08-05T19:32:00+00:00,NetworkIn,104534283.6
2026-08-05T19:37:00+00:00,NetworkIn,105248632.4
2026-08-05T19:42:00+00:00,NetworkIn,104380802.0
2026-08-05T19:47:00+00:00,NetworkIn,97384423.0
2026-08-05T19:52:00+00:00,NetworkIn,97686927.2
2026-08-05T19:57:00+00:00,NetworkIn,97812684.2
2026-08-05T20:02:00+00:00,NetworkIn,98227389.4
2026-08-05T20:07:00+00:00,NetworkIn,104559163.4
2026-08-05T20:12:00+00:00,NetworkIn,105206972.8
2026-08-05T20:17:00+00:00,NetworkIn,104875484.4
2026-08-05T20:22:00+00:00,NetworkIn,104893120.8
2026-08-05T20:27:00+00:00,NetworkIn,105332191.2
2026-08-05T20:32:00+00:00,NetworkIn,105051046.2
2026-08-05T20:37:00+00:00,NetworkIn,104891157.2
2026-08-05T20:42:00+00:00,NetworkIn,105203134.2
2026-08-05T20:47:00+00:00,NetworkIn,104984727.8
2026-08-05T20:52:00+00:00,NetworkIn,105186517.6
2026-08-05T20:57:00+00:00,NetworkIn,105074653.8
2026-08-05T21:02:00+00:00,NetworkIn,105300915.8
2026-08-05T21:07:00+00:00,NetworkIn,105296100.4
2026-08-05T21:12:00+00:00,NetworkIn,104908358.2
2026-08-05T21:17:00+00:00,NetworkIn,105418194.4
2026-08-05T21:22:00+00:00,NetworkIn,104483153.4
2026-08-05T21:27:00+00:00,NetworkIn,105140321.4
2026-08-05T21:32:00+00:00,NetworkIn,104933164.2
2026-08-05T21:37:00+00:00,NetworkIn,104973610.0
2026-08-05T21:42:00+00:00,NetworkIn,104934252.0
2026-08-05T21:47:00+00:00,NetworkIn,104965136.0
2026-08-05T21:52:00+00:00,NetworkIn,105491444.6
2026-08-05T21:57:00+00:00,NetworkIn,98083409.8
2026-08-05T22:02:00+00:00,NetworkIn,98217168.6
2026-08-05T22:07:00+00:00,NetworkIn,99201326.2
2026-08-05T22:12:00+00:00,NetworkIn,104755690.8
2026-08-05T22:17:00+00:00,NetworkIn,97857703.0
2026-08-05T22:22:00+00:00,NetworkIn,98321983.4
2026-08-05T22:27:00+00:00,NetworkIn,99029532.0
2026-08-05T22:32:00+00:00,NetworkIn,98007636.8
2026-08-05T22:37:00+00:00,NetworkIn,105531200.0
2026-08-05T22:42:00+00:00,NetworkIn,98087334.4
2026-08-05T22:47:00+00:00,NetworkIn,98414655.8
2026-08-05T22:52:00+00:00,NetworkIn,103922092.0
2026-08-05T22:57:00+00:00,NetworkIn,98587922.6
2026-08-05T23:02:00+00:00,NetworkIn,100478347.0
2026-08-05T23:07:00+00:00,NetworkIn,99864832.0
2026-08-05T23:12:00+00:00,NetworkIn,94516778.0
2026-08-05T23:17:00+00:00,NetworkIn,95452166.8
2026-08-05T23:22:00+00:00,NetworkIn,98409750.6
2026-08-05T23:27:00+00:00,NetworkIn,101809373.8
2026-08-05T23:32:00+00:00,NetworkIn,105202163.6
2026-08-05T23:37:00+00:00,NetworkIn,105213673.4
2026-08-05T23:42:00+00:00,NetworkIn,105172322.8
2026-08-05T23:47:00+00:00,NetworkIn,104896947.0
2026-08-05T23:52:00+00:00,NetworkIn,104911916.4
2026-08-05T23:57:00+00:00,NetworkIn,105069456.4
2026-08-06T00:02:00+00:00,NetworkIn,104762393.6
2026-08-06T00:07:00+00:00,NetworkIn,105222569.0
2026-08-06T00:12:00+00:00,NetworkIn,105155242.8
2026-08-06T00:17:00+00:00,NetworkIn,104924953.8
2026-08-06T00:22:00+00:00,NetworkIn,104996831.6
2026-08-06T00:27:00+00:00,NetworkIn,105055231.4
2026-08-06T00:32:00+00:00,NetworkIn,104980618.8
2026-08-06T00:37:00+00:00,NetworkIn,104997645.2
2026-08-06T00:42:00+00:00,NetworkIn,105181879.2
2026-08-06T00:47:00+00:00,NetworkIn,104939112.4
2026-08-06T00:52:00+00:00,NetworkIn,105204416.2
2026-08-06T00:57:00+00:00,NetworkIn,105138926.0
2026-08-06T01:02:00+00:00,NetworkIn,104969645.6
2026-08-06T01:07:00+00:00,NetworkIn,105155111.2
2026-08-06T01:12:00+00:00,NetworkIn,104579152.6
2026-08-06T01:17:00+00:00,NetworkIn,104617941.2
2026-08-06T01:22:00+00:00,NetworkIn,103536066.6
2026-08-06T01:27:00+00:00,NetworkIn,100696191.0
2026-08-06T01:32:00+00:00,NetworkIn,103196157.8
2026-08-06T01:37:00+00:00,NetworkIn,102823807.4
2026-08-06T01:42:00+00:00,NetworkIn,104835838.8
2026-08-06T01:47:00+00:00,NetworkIn,102385242.0
2026-08-06T01:52:00+00:00,NetworkIn,103123393.4
2026-08-06T01:57:00+00:00,NetworkIn,103182824.8
2026-08-06T02:02:00+00:00,NetworkIn,102735643.2
2026-08-06T02:07:00+00:00,NetworkIn,103049039.6
2026-08-06T02:12:00+00:00,NetworkIn,103634750.0
2026-08-06T02:17:00+00:00,NetworkIn,104759996.0
2026-08-06T02:22:00+00:00,NetworkIn,103541101.4
2026-08-06T02:27:00+00:00,NetworkIn,103358579.6
2026-08-06T02:32:00+00:00,NetworkIn,103510138.0
2026-08-06T02:37:00+00:00,NetworkIn,103401767.4
2026-08-06T02:42:00+00:00,NetworkIn,103197530.6
2026-08-06T02:47:00+00:00,NetworkIn,103580687.6
2026-08-06T02:52:00+00:00,NetworkIn,104577665.2
2026-08-06T02:57:00+00:00,NetworkIn,103259123.0
2026-08-06T03:02:00+00:00,NetworkIn,102927080.0
2026-08-06T03:07:00+00:00,NetworkIn,102602065.6
2026-08-06T03:12:00+00:00,NetworkIn,102323677.0
2026-08-06T03:17:00+00:00,NetworkIn,103280313.4
2026-08-06T03:22:00+00:00,NetworkIn,103212743.6
2026-08-06T03:27:00+00:00,NetworkIn,104943738.4
2026-08-06T03:32:00+00:00,NetworkIn,102720887.4
2026-08-06T03:37:00+00:00,NetworkIn,102757181.8
2026-08-06T03:42:00+00:00,NetworkIn,103394625.2
2026-08-06T03:47:00+00:00,NetworkIn,104550108.0
2026-08-06T03:52:00+00:00,NetworkIn,104141381.0
2026-08-06T03:57:00+00:00,NetworkIn,105151514.6
2026-08-06T04:02:00+00:00,NetworkIn,105043827.2
2026-08-06T04:07:00+00:00,NetworkIn,105099930.4
2026-08-06T04:12:00+00:00,NetworkIn,104924811.4
2026-08-06T04:17:00+00:00,NetworkIn,105135438.6
2026-08-06T04:22:00+00:00,NetworkIn,104681225.2
2026-08-06T04:27:00+00:00,NetworkIn,104427200.2
2026-08-06T04:32:00+00:00,NetworkIn,104302958.6
2026-08-06T04:37:00+00:00,NetworkIn,104376383.0
2026-08-06T04:42:00+00:00,NetworkIn,104342740.6
2026-08-06T04:47:00+00:00,NetworkIn,105426434.0
2026-08-06T04:52:00+00:00,NetworkIn,105003493.4
2026-08-06T04:57:00+00:00,NetworkIn,103892729.0
2026-08-06T05:02:00+00:00,NetworkIn,104652174.4
2026-08-06T05:07:00+00:00,NetworkIn,104592045.4
2026-08-06T05:12:00+00:00,NetworkIn,101044830.8
2026-08-06T05:17:00+00:00,NetworkIn,97275694.6
2026-08-06T05:22:00+00:00,NetworkIn,106182136.6
2026-08-06T05:27:00+00:00,NetworkIn,104674189.2
2026-08-06T05:32:00+00:00,NetworkIn,105019339.8
2026-08-06T05:37:00+00:00,NetworkIn,105176539.0
2026-08-06T05:42:00+00:00,NetworkIn,105073675.2
2026-08-06T05:47:00+00:00,NetworkIn,105095890.6
2026-08-06T05:52:00+00:00,NetworkIn,104957245.6
2026-08-06T05:57:00+00:00,NetworkIn,105007511.2
2026-08-06T06:02:00+00:00,NetworkIn,104292942.8
2026-08-06T06:07:00+00:00,NetworkIn,105212181.6
2026-08-06T06:12:00+00:00,NetworkIn,105056846.6
2026-08-06T06:17:00+00:00,NetworkIn,105290112.6
2026-08-06T06:22:00+00:00,NetworkIn,104746690.4
2026-08-06T06:27:00+00:00,NetworkIn,104794659.4
2026-08-06T06:32:00+00:00,NetworkIn,105164190.2
2026-08-06T06:37:00+00:00,NetworkIn,105238870.8
2026-08-06T06:42:00+00:00,NetworkIn,105026771.0
2026-08-06T06:47:00+00:00,NetworkIn,105064211.8
2026-08-06T06:52:00+00:00,NetworkIn,105248675.2
2026-08-06T06:57:00+00:00,NetworkIn,105246805.6
2026-08-06T07:02:00+00:00,NetworkIn,104602272.2
2026-08-06T07:07:00+00:00,NetworkIn,105489778.2
2026-08-06T07:12:00+00:00,NetworkIn,104752174.6
2026-08-06T07:17:00+00:00,NetworkIn,105138747.0
2026-08-06T07:22:00+00:00,NetworkIn,104933893.2
2026-08-06T07:27:00+00:00,NetworkIn,105172528.6
2026-08-06T07:32:00+00:00,NetworkIn,104461050.8
2026-08-06T07:37:00+00:00,NetworkIn,104402452.8
2026-08-06T07:42:00+00:00,NetworkIn,104926400.6
2026-08-06T07:47:00+00:00,NetworkIn,105137472.8
2026-08-06T07:52:00+00:00,NetworkIn,105235000.8
2026-08-06T07:57:00+00:00,NetworkIn,105025813.0
2026-08-06T08:02:00+00:00,NetworkIn,104925372.4
2026-08-06T08:07:00+00:00,NetworkIn,105190226.4
2026-08-06T08:12:00+00:00,NetworkIn,104999486.4
2026-08-06T08:17:00+00:00,NetworkIn,104989476.2
2026-08-06T08:22:00+00:00,NetworkIn,104893153.2
2026-08-06T08:27:00+00:00,NetworkIn,105142706.2
2026-08-06T08:32:00+00:00,NetworkIn,104948008.6
2026-08-06T08:37:00+00:00,NetworkIn,105133830.4
2026-08-06T08:42:00+00:00,NetworkIn,104683358.0
2026-08-06T08:47:00+00:00,NetworkIn,105174894.0
2026-08-06T08:52:00+00:00,NetworkIn,104617599.6
2026-08-06T08:57:00+00:00,NetworkIn,105081623.8
2026-08-06T09:02:00+00:00,NetworkIn,104983125.0
2026-08-06T09:07:00+00:00,NetworkIn,104707778.4
2026-08-06T09:12:00+00:00,NetworkIn,105003914.6
2026-08-06T09:17:00+00:00,NetworkIn,104955393.2
2026-08-06T09:22:00+00:00,NetworkIn,104885264.4
2026-08-06T09:27:00+00:00,NetworkIn,105129547.0
2026-08-06T09:32:00+00:00,NetworkIn,104747342.0
2026-08-06T09:37:00+00:00,NetworkIn,104460872.6
2026-08-06T09:42:00+00:00,NetworkIn,104998463.6
2026-08-06T09:47:00+00:00,NetworkIn,105194555.2
2026-08-06T09:52:00+00:00,NetworkIn,104998373.4
2026-08-06T09:57:00+00:00,NetworkIn,105405679.8
2026-08-06T10:02:00+00:00,NetworkIn,105040713.0
2026-08-06T10:07:00+00:00,NetworkIn,105675544.4
2026-08-06T10:12:00+00:00,NetworkIn,104721479.4
2026-08-06T10:17:00+00:00,NetworkIn,104839542.8
2026-08-06T10:22:00+00:00,NetworkIn,105289642.4
2026-08-06T10:27:00+00:00,NetworkIn,105096129.2
2026-08-06T10:32:00+00:00,NetworkIn,104778923.6
2026-08-06T10:37:00+00:00,NetworkIn,105015915.8
2026-08-06T10:42:00+00:00,NetworkIn,104851041.4
2026-08-06T10:47:00+00:00,NetworkIn,105208629.4
2026-08-06T10:52:00+00:00,NetworkIn,105013478.8
2026-08-06T10:57:00+00:00,NetworkIn,105334034.0
2026-08-06T11:02:00+00:00,NetworkIn,105036578.6
2026-08-06T11:07:00+00:00,NetworkIn,105019073.6
2026-08-06T11:12:00+00:00,NetworkIn,104959830.4
2026-08-06T11:17:00+00:00,NetworkIn,104917040.2
2026-08-06T11:22:00+00:00,NetworkIn,104969486.6
2026-08-06T11:27:00+00:00,NetworkIn,104893206.2
2026-08-06T11:32:00+00:00,NetworkIn,104870379.0
2026-08-06T11:37:00+00:00,NetworkIn,105059751.4
2026-08-06T11:42:00+00:00,NetworkIn,105240745.6
2026-08-06T11:47:00+00:00,NetworkIn,105335255.8
2026-08-06T11:52:00+00:00,NetworkIn,105198724.0
2026-08-06T11:57:00+00:00,NetworkIn,104995168.6
2026-08-06T12:02:00+00:00,NetworkIn,105021836.0
2026-08-06T12:07:00+00:00,NetworkIn,104618785.2
2026-08-06T12:12:00+00:00,NetworkIn,105045620.8
2026-08-06T12:17:00+00:00,NetworkIn,105356230.0
2026-08-06T12:22:00+00:00,NetworkIn,105077829.6
2026-08-06T12:27:00+00:00,NetworkIn,105248699.0
2026-08-06T12:32:00+00:00,NetworkIn,105025306.0
2026-08-06T12:37:00+00:00,NetworkIn,105191834.8
2026-08-06T12:42:00+00:00,NetworkIn,104958830.8
2026-08-06T12:47:00+00:00,NetworkIn,105150454.4
2026-08-06T12:52:00+00:00,NetworkIn,105081519.0
2026-08-06T12:57:00+00:00,NetworkIn,104852910.2
2026-08-06T13:02:00+00:00,NetworkIn,105364086.6
2026-08-06T13:07:00+00:00,NetworkIn,104962784.2
2026-08-06T13:12:00+00:00,NetworkIn,105127807.6
2026-08-06T13:17:00+00:00,NetworkIn,105012730.6
2026-08-06T13:22:00+00:00,NetworkIn,105037697.8
2026-08-06T13:27:00+00:00,NetworkIn,105287340.0
2026-08-06T13:32:00+00:00,NetworkIn,104845803.6
2026-08-06T13:37:00+00:00,NetworkIn,104885618.0
2026-08-06T13:42:00+00:00,NetworkIn,104704924.8
2026-08-06T13:47:00+00:00,NetworkIn,105286640.6
2026-08-06T13:52:00+00:00,NetworkIn,104842523.2
2026-08-06T13:57:00+00:00,NetworkIn,104836134.4
2026-08-06T14:02:00+00:00,NetworkIn,107234750.8
2026-08-06T14:07:00+00:00,NetworkIn,104660112.6
2026-08-06T14:12:00+00:00,NetworkIn,105141378.8
2026-08-06T14:17:00+00:00,NetworkIn,104752154.4
2026-08-06T14:22:00+00:00,NetworkIn,105543103.4
2026-08-06T14:27:00+00:00,NetworkIn,104852701.4
2026-08-06T14:32:00+00:00,NetworkIn,104846639.4
2026-08-06T14:37:00+00:00,NetworkIn,104942512.2
2026-08-06T14:42:00+00:00,NetworkIn,105414989.6
2026-08-06T14:47:00+00:00,NetworkIn,105129985.4
2026-08-06T14:52:00+00:00,NetworkIn,104876134.8
2026-08-06T14:57:00+00:00,NetworkIn,105202339.2
2026-08-06T15:02:00+00:00,NetworkIn,104852632.6
2026-08-06T15:07:00+00:00,NetworkIn,104809504.0
2026-08-06T15:12:00+00:00,NetworkIn,105333930.8
2026-08-06T15:17:00+00:00,NetworkIn,105041093.6
2026-08-06T15:22:00+00:00,NetworkIn,105064780.4
2026-08-06T15:27:00+00:00,NetworkIn,105148025.6
2026-08-06T15:32:00+00:00,NetworkIn,105409878.6
2026-08-06T15:37:00+00:00,NetworkIn,105283810.2
2026-08-06T15:42:00+00:00,NetworkIn,104719699.8
2026-08-06T15:47:00+00:00,NetworkIn,105476499.6
2026-08-06T15:52:00+00:00,NetworkIn,104875715.6
2026-08-06T15:57:00+00:00,NetworkIn,105311221.2
2026-08-06T16:02:00+00:00,NetworkIn,105205839.4
2026-08-06T16:07:00+00:00,NetworkIn,104994884.6
2026-08-06T16:12:00+00:00,NetworkIn,105202419.0
2026-08-06T16:17:00+00:00,NetworkIn,105143319.6
2026-08-06T16:22:00+00:00,NetworkIn,104967549.2
2026-08-06T16:27:00+00:00,NetworkIn,105349888.2
2026-08-06T16:32:00+00:00,NetworkIn,104769019.6
2026-08-06T16:37:00+00:00,NetworkIn,104876378.4
2026-08-06T16:42:00+00:00,NetworkIn,105392397.6
2026-08-06T16:47:00+00:00,NetworkIn,104758363.0
2026-08-06T16:52:00+00:00,NetworkIn,104931603.0
2026-08-06T16:57:00+00:00,NetworkIn,105332537.0
2026-08-06T17:02:00+00:00,NetworkIn,104717763.4
2026-08-06T17:07:00+00:00,NetworkIn,105206442.6
2026-08-06T17:12:00+00:00,NetworkIn,104972565.6
2026-08-06T17:17:00+00:00,NetworkIn,105013089.8
2026-08-06T17:22:00+00:00,NetworkIn,105196653.2
2026-08-06T17:27:00+00:00,NetworkIn,104644851.8
2026-08-06T17:32:00+00:00,NetworkIn,105202059.4
2026-08-06T17:37:00+00:00,NetworkIn,104835543.8
2026-08-06T17:42:00+00:00,NetworkIn,105117353.0
2026-08-06T17:47:00+00:00,NetworkIn,105251606.2
2026-08-06T17:52:00+00:00,NetworkIn,104941602.6
2026-08-06T17:57:00+00:00,NetworkIn,105030320.4
2026-08-06T18:02:00+00:00,NetworkIn,104956755.2
2026-08-06T18:07:00+00:00,NetworkIn,104838423.2
2026-08-06T18:12:00+00:00,NetworkIn,105181371.0
2026-08-06T18:17:00+00:00,NetworkIn,105164707.2
2026-08-06T18:22:00+00:00,NetworkIn,105069006.6
2026-08-06T18:27:00+00:00,NetworkIn,105049517.6
2026-08-06T18:32:00+00:00,NetworkIn,104833962.8
2026-08-06T18:37:00+00:00,NetworkIn,104958315.2
2026-08-06T18:42:00+00:00,NetworkIn,104848608.4
2026-08-06T18:47:00+00:00,NetworkIn,105304239.2
2026-08-06T18:52:00+00:00,NetworkIn,105198886.6
2026-08-06T18:57:00+00:00,NetworkIn,104893915.2
2026-08-06T19:02:00+00:00,NetworkIn,105511902.2
2026-08-06T19:07:00+00:00,NetworkIn,104745186.4
2026-08-06T19:12:00+00:00,NetworkIn,105314338.4
2026-08-06T19:17:00+00:00,NetworkIn,105158790.8
2026-08-06T19:22:00+00:00,NetworkIn,104946822.6
2026-08-06T19:27:00+00:00,NetworkIn,105135985.4
2026-08-06T19:32:00+00:00,NetworkIn,104624621.6
2026-08-06T19:37:00+00:00,NetworkIn,105174823.8
2026-08-06T19:42:00+00:00,NetworkIn,104873855.6
2026-08-06T19:47:00+00:00,NetworkIn,104849684.6
2026-08-06T19:52:00+00:00,NetworkIn,104975732.2
2026-08-06T19:57:00+00:00,NetworkIn,104969187.0
2026-08-06T20:02:00+00:00,NetworkIn,105279744.0
2026-08-06T20:07:00+00:00,NetworkIn,104993938.2
2026-08-06T20:12:00+00:00,NetworkIn,104913399.2
2026-08-06T20:17:00+00:00,NetworkIn,104853578.2
2026-08-06T20:22:00+00:00,NetworkIn,105340187.0
2026-08-06T20:27:00+00:00,NetworkIn,105231136.6
2026-08-06T20:32:00+00:00,NetworkIn,104949724.4
2026-08-06T20:37:00+00:00,NetworkIn,104985150.8
2026-08-06T20:42:00+00:00,NetworkIn,104764082.6
2026-08-06T20:47:00+00:00,NetworkIn,104439726.0
2026-08-06T20:52:00+00:00,NetworkIn,104976206.0
2026-08-06T20:57:00+00:00,NetworkIn,104980444.2
2026-08-06T21:02:00+00:00,NetworkIn,103905299.0
2026-08-06T21:07:00+00:00,NetworkIn,105133977.4
2026-08-06T21:12:00+00:00,NetworkIn,105105198.6
2026-08-06T21:17:00+00:00,NetworkIn,104732931.4
2026-08-06T21:22:00+00:00,NetworkIn,104885376.8
2026-08-06T21:27:00+00:00,NetworkIn,104868360.6
2026-08-06T21:32:00+00:00,NetworkIn,105007169.4
2026-08-06T21:37:00+00:00,NetworkIn,105270926.6
2026-08-06T21:42:00+00:00,NetworkIn,104869742.8
2026-08-06T21:47:00+00:00,NetworkIn,104943941.0
2026-08-06T21:52:00+00:00,NetworkIn,105066965.6
2026-08-06T21:57:00+00:00,NetworkIn,104987528.0
2026-08-06T22:02:00+00:00,NetworkIn,105319338.8
2026-08-06T22:07:00+00:00,NetworkIn,104595691.0
2026-08-06T22:12:00+00:00,NetworkIn,105170404.0
2026-08-06T22:17:00+00:00,NetworkIn,104783018.2
2026-08-06T22:22:00+00:00,NetworkIn,105223469.0
2026-08-06T22:27:00+00:00,NetworkIn,105035429.8
2026-08-06T22:32:00+00:00,NetworkIn,104683769.0
2026-08-06T22:37:00+00:00,NetworkIn,105174740.4
2026-08-06T22:42:00+00:00,NetworkIn,105110208.8
2026-08-06T22:47:00+00:00,NetworkIn,105141932.8
2026-08-06T22:52:00+00:00,NetworkIn,104962840.2
2026-08-06T22:57:00+00:00,NetworkIn,104981079.6
2026-08-06T23:02:00+00:00,NetworkIn,104880259.8
2026-08-06T23:07:00+00:00,NetworkIn,105136862.6
2026-08-06T23:12:00+00:00,NetworkIn,105073178.2
2026-08-06T23:17:00+00:00,NetworkIn,104878266.0
2026-08-06T23:22:00+00:00,NetworkIn,105390912.0
2026-08-06T23:27:00+00:00,NetworkIn,105157193.8
2026-08-06T23:32:00+00:00,NetworkIn,105409113.2
2026-08-06T23:37:00+00:00,NetworkIn,101869973.0
2026-08-06T23:42:00+00:00,NetworkIn,101249882.8
2026-08-06T23:47:00+00:00,NetworkIn,103476441.4
2026-08-06T23:52:00+00:00,NetworkIn,102984672.6
2026-08-06T23:57:00+00:00,NetworkIn,104810578.4
2026-08-07T00:02:00+00:00,NetworkIn,101522357.6
2026-08-07T00:07:00+00:00,NetworkIn,104957683.8
2026-08-07T00:12:00+00:00,NetworkIn,101485949.4
2026-08-07T00:17:00+00:00,NetworkIn,105100323.4
2026-08-07T00:22:00+00:00,NetworkIn,105359902.6
2026-08-07T00:27:00+00:00,NetworkIn,101110937.8
2026-08-07T00:32:00+00:00,NetworkIn,105263698.8
2026-08-07T00:37:00+00:00,NetworkIn,105071030.0
2026-08-07T00:42:00+00:00,NetworkIn,104870772.8
2026-08-07T00:47:00+00:00,NetworkIn,101913530.2
2026-08-07T00:52:00+00:00,NetworkIn,104921861.2
2026-08-07T00:57:00+00:00,NetworkIn,104910395.2
2026-08-07T01:02:00+00:00,NetworkIn,104786214.0
2026-08-07T01:07:00+00:00,NetworkIn,105113691.0
2026-08-07T01:12:00+00:00,NetworkIn,105319613.0
2026-08-07T01:17:00+00:00,NetworkIn,102834921.8
2026-08-07T01:22:00+00:00,NetworkIn,104695496.8
2026-08-07T01:27:00+00:00,NetworkIn,104804961.6
2026-08-07T01:32:00+00:00,NetworkIn,102520546.8
2026-08-07T01:37:00+00:00,NetworkIn,104804223.6
2026-08-07T01:42:00+00:00,NetworkIn,105068218.0
2026-08-07T01:47:00+00:00,NetworkIn,101778913.2
2026-08-07T01:52:00+00:00,NetworkIn,102475762.2
2026-08-07T01:57:00+00:00,NetworkIn,105069991.6
2026-08-07T02:02:00+00:00,NetworkIn,104983556.8
2026-08-07T02:07:00+00:00,NetworkIn,104718168.6
2026-08-07T02:12:00+00:00,NetworkIn,101014102.6
2026-08-07T02:17:00+00:00,NetworkIn,104982785.2
2026-08-07T02:22:00+00:00,NetworkIn,101505779.0
2026-08-07T02:27:00+00:00,NetworkIn,105111243.8
2026-08-07T02:32:00+00:00,NetworkIn,105234089.8
2026-08-07T02:37:00+00:00,NetworkIn,105163341.6
2026-08-07T02:42:00+00:00,NetworkIn,105161436.6
2026-08-07T02:47:00+00:00,NetworkIn,105206023.4
2026-08-07T02:52:00+00:00,NetworkIn,101684507.6
2026-08-07T02:57:00+00:00,NetworkIn,101003307.6
2026-08-07T03:02:00+00:00,NetworkIn,101923438.6
2026-08-07T03:07:00+00:00,NetworkIn,104695599.8
2026-08-07T03:12:00+00:00,NetworkIn,101718160.0
2026-08-07T03:17:00+00:00,NetworkIn,105240764.4
2026-08-07T03:22:00+00:00,NetworkIn,105035200.2
2026-08-07T03:27:00+00:00,NetworkIn,105202304.2
2026-08-07T03:32:00+00:00,NetworkIn,104631740.6
2026-08-07T03:37:00+00:00,NetworkIn,104875407.0
2026-08-07T03:42:00+00:00,NetworkIn,101836970.4
2026-08-07T03:47:00+00:00,NetworkIn,105098011.8
2026-08-07T03:52:00+00:00,NetworkIn,103981260.2
2026-08-07T03:57:00+00:00,NetworkIn,102426845.2
2026-08-07T04:02:00+00:00,NetworkIn,101363434.8
2026-08-07T04:07:00+00:00,NetworkIn,105018657.0
2026-08-07T04:12:00+00:00,NetworkIn,105141806.0
2026-08-07T04:17:00+00:00,NetworkIn,105834431.0
2026-08-07T04:22:00+00:00,NetworkIn,104101645.0
2026-08-07T04:27:00+00:00,NetworkIn,103377572.4
2026-08-07T04:32:00+00:00,NetworkIn,104438025.0
2026-08-07T04:37:00+00:00,NetworkIn,103772200.4
2026-08-07T04:42:00+00:00,NetworkIn,103829293.0
2026-08-07T04:47:00+00:00,NetworkIn,105018648.2
2026-08-07T04:52:00+00:00,NetworkIn,105055975.4
2026-08-07T04:57:00+00:00,NetworkIn,104804630.8
2026-08-07T05:02:00+00:00,NetworkIn,104468341.4
2026-08-07T05:07:00+00:00,NetworkIn,103959247.8
2026-08-07T05:12:00+00:00,NetworkIn,104944604.0
2026-08-07T05:17:00+00:00,NetworkIn,104345990.2
2026-08-07T05:22:00+00:00,NetworkIn,104381532.4
2026-08-07T05:27:00+00:00,NetworkIn,103353047.4
2026-08-07T05:32:00+00:00,NetworkIn,105330057.6
2026-08-07T05:37:00+00:00,NetworkIn,104666010.2
2026-08-07T05:42:00+00:00,NetworkIn,104459909.0
2026-08-07T05:47:00+00:00,NetworkIn,102735810.6
2026-08-07T05:52:00+00:00,NetworkIn,103197306.0
2026-08-07T05:57:00+00:00,NetworkIn,103910853.8
2026-08-07T06:02:00+00:00,NetworkIn,103231657.4
2026-08-07T06:07:00+00:00,NetworkIn,104891662.4
2026-08-07T06:12:00+00:00,NetworkIn,102896012.4
2026-08-07T06:17:00+00:00,NetworkIn,104125401.2
2026-08-07T06:22:00+00:00,NetworkIn,103123140.4
2026-08-07T06:27:00+00:00,NetworkIn,104809974.8
2026-08-07T06:32:00+00:00,NetworkIn,103185463.6
2026-08-07T06:37:00+00:00,NetworkIn,103588597.0
2026-08-07T06:42:00+00:00,NetworkIn,105121944.8
2026-08-07T06:47:00+00:00,NetworkIn,103733993.6
2026-08-07T06:52:00+00:00,NetworkIn,104894245.0
2026-08-07T06:57:00+00:00,NetworkIn,103434185.2
2026-08-07T07:02:00+00:00,NetworkIn,103200528.8
2026-08-07T07:07:00+00:00,NetworkIn,102857993.6
2026-08-07T07:12:00+00:00,NetworkIn,104554216.8
2026-08-07T07:17:00+00:00,NetworkIn,103534893.6
2026-08-07T07:22:00+00:00,NetworkIn,105499981.6
2026-08-07T07:27:00+00:00,NetworkIn,103658486.8
2026-08-07T07:32:00+00:00,NetworkIn,103994340.8
2026-08-07T07:37:00+00:00,NetworkIn,103541868.6
2026-08-07T07:42:00+00:00,NetworkIn,103386746.4
2026-08-07T07:47:00+00:00,NetworkIn,104930789.6
2026-08-07T07:52:00+00:00,NetworkIn,103045779.4
2026-08-07T07:57:00+00:00,NetworkIn,103440837.4
2026-08-07T08:02:00+00:00,NetworkIn,103504408.0
2026-08-07T08:07:00+00:00,NetworkIn,103897179.8
2026-08-07T08:12:00+00:00,NetworkIn,103585976.4
2026-08-07T08:17:00+00:00,NetworkIn,99735297.4
2026-08-07T08:22:00+00:00,NetworkIn,104244783.0
2026-08-07T08:27:00+00:00,NetworkIn,104989300.8
2026-08-07T08:32:00+00:00,NetworkIn,105068932.4
2026-08-07T08:37:00+00:00,NetworkIn,104519411.4
2026-08-07T08:42:00+00:00,NetworkIn,105323146.6
2026-08-07T08:47:00+00:00,NetworkIn,104627181.0
2026-08-07T08:52:00+00:00,NetworkIn,105165765.4
2026-08-07T08:57:00+00:00,NetworkIn,104984157.6
2026-08-07T09:02:00+00:00,NetworkIn,105314558.2
2026-08-07T09:07:00+00:00,NetworkIn,104910531.6
2026-08-07T09:12:00+00:00,NetworkIn,104655776.0
2026-08-07T09:17:00+00:00,NetworkIn,105068418.2
2026-08-07T09:22:00+00:00,NetworkIn,104848665.0
2026-08-07T09:27:00+00:00,NetworkIn,105075803.4
2026-08-07T09:32:00+00:00,NetworkIn,105366875.4
2026-08-07T09:37:00+00:00,NetworkIn,104722334.6
2026-08-07T09:42:00+00:00,NetworkIn,105063928.0
2026-08-07T09:47:00+00:00,NetworkIn,104799591.2
2026-08-07T09:52:00+00:00,NetworkIn,105373914.2
2026-08-07T09:57:00+00:00,NetworkIn,105338479.6
2026-08-07T10:02:00+00:00,NetworkIn,104823562.0
2026-08-07T10:07:00+00:00,NetworkIn,105206121.0
2026-08-07T10:12:00+00:00,NetworkIn,104834560.0
2026-08-07T10:17:00+00:00,NetworkIn,105178714.8
2026-08-07T10:22:00+00:00,NetworkIn,105389673.8
2026-08-07T10:27:00+00:00,NetworkIn,104793446.8
2026-08-07T10:32:00+00:00,NetworkIn,105562590.8
2026-08-07T10:37:00+00:00,NetworkIn,105241916.6
2026-08-07T10:42:00+00:00,NetworkIn,104940137.6
2026-08-07T10:47:00+00:00,NetworkIn,104986546.6
2026-08-07T10:52:00+00:00,NetworkIn,105176518.8
2026-08-07T10:57:00+00:00,NetworkIn,104747708.0
2026-08-07T11:02:00+00:00,NetworkIn,105130257.8
2026-08-07T11:07:00+00:00,NetworkIn,105240892.4
2026-08-07T11:12:00+00:00,NetworkIn,104977231.0
2026-08-07T11:17:00+00:00,NetworkIn,104785973.4
2026-08-07T11:22:00+00:00,NetworkIn,104672702.8
2026-08-07T11:27:00+00:00,NetworkIn,104739699.8
2026-08-07T11:32:00+00:00,NetworkIn,105329943.8
2026-08-07T11:37:00+00:00,NetworkIn,105211113.2
2026-08-07T11:42:00+00:00,NetworkIn,104727213.0
2026-08-07T11:47:00+00:00,NetworkIn,104939678.2
2026-08-07T11:52:00+00:00,NetworkIn,105039627.0
2026-08-07T11:57:00+00:00,NetworkIn,104956425.4
2026-08-07T12:02:00+00:00,NetworkIn,63691474.4
2026-08-07T12:07:00+00:00,NetworkIn,72.0
2026-08-07T12:12:00+00:00,NetworkIn,36.0
2026-08-07T12:17:00+00:00,NetworkIn,72.0
2026-08-07T12:22:00+00:00,NetworkIn,1530.8
2026-08-07T12:27:00+00:00,NetworkIn,5822.0
2026-08-07T12:32:00+00:00,NetworkIn,72.0
2026-08-07T12:37:00+00:00,NetworkIn,18.0
2026-08-07T12:42:00+00:00,NetworkIn,36.0
2026-08-07T12:47:00+00:00,NetworkIn,1548.8
2026-08-07T12:52:00+00:00,NetworkIn,54.0
2026-08-07T12:57:00+00:00,NetworkIn,36.0
2026-08-07T13:02:00+00:00,NetworkIn,36.0
2026-08-07T13:07:00+00:00,NetworkIn,72.0
2026-08-07T13:12:00+00:00,NetworkIn,1504.4
2026-08-07T13:17:00+00:00,NetworkIn,80.4
2026-08-07T13:22:00+00:00,NetworkIn,54.0
2026-08-07T13:27:00+00:00,NetworkIn,54.0
2026-08-07T13:32:00+00:00,NetworkIn,54.0
2026-08-07T13:37:00+00:00,NetworkIn,36.0
2026-08-07T13:42:00+00:00,NetworkIn,1558.4
2026-08-07T13:47:00+00:00,NetworkIn,36.0
2026-08-07T13:52:00+00:00,NetworkIn,54.0
2026-08-07T13:57:00+00:00,NetworkIn,36.0
2026-08-07T14:02:00+00:00,NetworkIn,54.0
2026-08-07T14:07:00+00:00,NetworkIn,1548.8
2026-08-07T14:12:00+00:00,NetworkIn,54.0
2026-08-07T14:17:00+00:00,NetworkIn,72.0
2026-08-07T14:22:00+00:00,NetworkIn,54.0
2026-08-07T14:27:00+00:00,NetworkIn,36.0
2026-08-07T14:32:00+00:00,NetworkIn,36.0
2026-08-07T14:37:00+00:00,NetworkIn,1540.4
2026-08-07T14:42:00+00:00,NetworkIn,54.0
2026-08-07T14:47:00+00:00,NetworkIn,54.0
2026-08-07T14:52:00+00:00,NetworkIn,72.0
2026-08-07T14:57:00+00:00,NetworkIn,36.0
2026-08-07T15:02:00+00:00,NetworkIn,1548.8
2026-08-07T15:07:00+00:00,NetworkIn,36.0
2026-08-07T15:12:00+00:00,NetworkIn,36.0
2026-08-07T15:17:00+00:00,NetworkIn,54.0
2026-08-07T15:22:00+00:00,NetworkIn,36.0
2026-08-07T15:27:00+00:00,NetworkIn,1540.4
2026-08-07T15:32:00+00:00,NetworkIn,36.0
2026-08-07T15:37:00+00:00,NetworkIn,54.0
2026-08-07T15:42:00+00:00,NetworkIn,36.0
2026-08-07T15:47:00+00:00,NetworkIn,72.0
2026-08-07T15:52:00+00:00,NetworkIn,18.0
2026-08-07T15:57:00+00:00,NetworkIn,1530.8
2026-08-07T16:02:00+00:00,NetworkIn,72.0
2026-08-07T16:07:00+00:00,NetworkIn,36.0
2026-08-07T16:12:00+00:00,NetworkIn,54.0
2026-08-07T16:17:00+00:00,NetworkIn,1077542.6
2026-08-07T16:22:00+00:00,NetworkIn,54.0
2026-07-31T12:02:00+00:00,NetworkOut,44115399.0
2026-07-31T12:07:00+00:00,NetworkOut,109469094.4
2026-07-31T12:12:00+00:00,NetworkOut,109540158.6
2026-07-31T12:17:00+00:00,NetworkOut,109956669.6
2026-07-31T12:22:00+00:00,NetworkOut,109517645.2
2026-07-31T12:27:00+00:00,NetworkOut,109808179.6
2026-07-31T12:32:00+00:00,NetworkOut,110876745.4
2026-07-31T12:37:00+00:00,NetworkOut,109644595.4
2026-07-31T12:42:00+00:00,NetworkOut,109493983.0
2026-07-31T12:47:00+00:00,NetworkOut,110413235.8
2026-07-31T12:52:00+00:00,NetworkOut,109514466.8
2026-07-31T12:57:00+00:00,NetworkOut,109276091.6
2026-07-31T13:02:00+00:00,NetworkOut,110230557.4
2026-07-31T13:07:00+00:00,NetworkOut,109797017.8
2026-07-31T13:12:00+00:00,NetworkOut,110053489.8
2026-07-31T13:17:00+00:00,NetworkOut,110084998.4
2026-07-31T13:22:00+00:00,NetworkOut,109775389.2
2026-07-31T13:27:00+00:00,NetworkOut,109334124.2
2026-07-31T13:32:00+00:00,NetworkOut,110183981.4
2026-07-31T13:37:00+00:00,NetworkOut,109680610.0
2026-07-31T13:42:00+00:00,NetworkOut,109663459.2
2026-07-31T13:47:00+00:00,NetworkOut,110668608.2
2026-07-31T13:52:00+00:00,NetworkOut,109531372.6
2026-07-31T13:57:00+00:00,NetworkOut,109746374.2
2026-07-31T14:02:00+00:00,NetworkOut,110738774.0
2026-07-31T14:07:00+00:00,NetworkOut,109786246.2
2026-07-31T14:12:00+00:00,NetworkOut,109666106.6
2026-07-31T14:17:00+00:00,NetworkOut,109845989.8
2026-07-31T14:22:00+00:00,NetworkOut,109579042.0
2026-07-31T14:27:00+00:00,NetworkOut,109507509.2
2026-07-31T14:32:00+00:00,NetworkOut,110128375.4
2026-07-31T14:37:00+00:00,NetworkOut,110061196.4
2026-07-31T14:42:00+00:00,NetworkOut,109602619.2
2026-07-31T14:47:00+00:00,NetworkOut,110345744.6
2026-07-31T14:52:00+00:00,NetworkOut,109757377.4
2026-07-31T14:57:00+00:00,NetworkOut,109381007.2
2026-07-31T15:02:00+00:00,NetworkOut,110385133.0
2026-07-31T15:07:00+00:00,NetworkOut,110057922.2
2026-07-31T15:12:00+00:00,NetworkOut,109768793.2
2026-07-31T15:17:00+00:00,NetworkOut,109887494.6
2026-07-31T15:22:00+00:00,NetworkOut,109762473.8
2026-07-31T15:27:00+00:00,NetworkOut,109361775.6
2026-07-31T15:32:00+00:00,NetworkOut,110401235.8
2026-07-31T15:37:00+00:00,NetworkOut,109570194.2
2026-07-31T15:42:00+00:00,NetworkOut,109905686.8
2026-07-31T15:47:00+00:00,NetworkOut,110103037.8
2026-07-31T15:52:00+00:00,NetworkOut,109638841.2
2026-07-31T15:57:00+00:00,NetworkOut,109484071.6
2026-07-31T16:02:00+00:00,NetworkOut,110284266.8
2026-07-31T16:07:00+00:00,NetworkOut,109717692.0
2026-07-31T16:12:00+00:00,NetworkOut,109386320.0
2026-07-31T16:17:00+00:00,NetworkOut,110151740.8
2026-07-31T16:22:00+00:00,NetworkOut,109794305.8
2026-07-31T16:27:00+00:00,NetworkOut,109675482.2
2026-07-31T16:32:00+00:00,NetworkOut,110336574.8
2026-07-31T16:37:00+00:00,NetworkOut,109923637.6
2026-07-31T16:42:00+00:00,NetworkOut,109513065.2
2026-07-31T16:47:00+00:00,NetworkOut,110160941.4
2026-07-31T16:52:00+00:00,NetworkOut,109984859.6
2026-07-31T16:57:00+00:00,NetworkOut,109557221.6
2026-07-31T17:02:00+00:00,NetworkOut,110037360.0
2026-07-31T17:07:00+00:00,NetworkOut,109572113.2
2026-07-31T17:12:00+00:00,NetworkOut,109774106.2
2026-07-31T17:17:00+00:00,NetworkOut,110558894.8
2026-07-31T17:22:00+00:00,NetworkOut,109536481.2
2026-07-31T17:27:00+00:00,NetworkOut,109873841.2
2026-07-31T17:32:00+00:00,NetworkOut,110403560.2
2026-07-31T17:37:00+00:00,NetworkOut,109629393.4
2026-07-31T17:42:00+00:00,NetworkOut,109688710.6
2026-07-31T17:47:00+00:00,NetworkOut,110041905.6
2026-07-31T17:52:00+00:00,NetworkOut,109468939.8
2026-07-31T17:57:00+00:00,NetworkOut,109797770.2
2026-07-31T18:02:00+00:00,NetworkOut,110962483.0
2026-07-31T18:07:00+00:00,NetworkOut,109463918.4
2026-07-31T18:12:00+00:00,NetworkOut,109696943.4
2026-07-31T18:17:00+00:00,NetworkOut,110215972.4
2026-07-31T18:22:00+00:00,NetworkOut,109395463.4
2026-07-31T18:27:00+00:00,NetworkOut,109573297.6
2026-07-31T18:32:00+00:00,NetworkOut,110661016.8
2026-07-31T18:37:00+00:00,NetworkOut,109561717.0
2026-07-31T18:42:00+00:00,NetworkOut,109496873.4
2026-07-31T18:47:00+00:00,NetworkOut,110199620.4
2026-07-31T18:52:00+00:00,NetworkOut,109057674.6
2026-07-31T18:57:00+00:00,NetworkOut,109877606.0
2026-07-31T19:02:00+00:00,NetworkOut,110208742.0
2026-07-31T19:07:00+00:00,NetworkOut,109441214.0
2026-07-31T19:12:00+00:00,NetworkOut,109508860.2
2026-07-31T19:17:00+00:00,NetworkOut,110389288.0
2026-07-31T19:22:00+00:00,NetworkOut,109436234.8
2026-07-31T19:27:00+00:00,NetworkOut,109713196.4
2026-07-31T19:32:00+00:00,NetworkOut,110286513.6
2026-07-31T19:37:00+00:00,NetworkOut,109428780.2
2026-07-31T19:42:00+00:00,NetworkOut,109531424.2
2026-07-31T19:47:00+00:00,NetworkOut,110616511.4
2026-07-31T19:52:00+00:00,NetworkOut,109631599.4
2026-07-31T19:57:00+00:00,NetworkOut,109485617.0
2026-07-31T20:02:00+00:00,NetworkOut,110208445.2
2026-07-31T20:07:00+00:00,NetworkOut,109677216.6
2026-07-31T20:12:00+00:00,NetworkOut,109229171.6
2026-07-31T20:17:00+00:00,NetworkOut,110434483.0
2026-07-31T20:22:00+00:00,NetworkOut,109696334.2
2026-07-31T20:27:00+00:00,NetworkOut,109585075.4
2026-07-31T20:32:00+00:00,NetworkOut,109559284.2
2026-07-31T20:37:00+00:00,NetworkOut,110142352.4
2026-07-31T20:42:00+00:00,NetworkOut,110107063.8
2026-07-31T20:47:00+00:00,NetworkOut,110250235.2
2026-07-31T20:52:00+00:00,NetworkOut,109868914.2
2026-07-31T20:57:00+00:00,NetworkOut,109535770.0
2026-07-31T21:02:00+00:00,NetworkOut,109929232.0
2026-07-31T21:07:00+00:00,NetworkOut,109877571.0
2026-07-31T21:12:00+00:00,NetworkOut,109402378.8
2026-07-31T21:17:00+00:00,NetworkOut,110145088.8
2026-07-31T21:22:00+00:00,NetworkOut,109632577.0
2026-07-31T21:27:00+00:00,NetworkOut,109748990.6
2026-07-31T21:32:00+00:00,NetworkOut,110051817.4
2026-07-31T21:37:00+00:00,NetworkOut,109309519.8
2026-07-31T21:42:00+00:00,NetworkOut,109349447.4
2026-07-31T21:47:00+00:00,NetworkOut,110281174.6
2026-07-31T21:52:00+00:00,NetworkOut,109738802.4
2026-07-31T21:57:00+00:00,NetworkOut,109708391.6
2026-07-31T22:02:00+00:00,NetworkOut,110469570.8
2026-07-31T22:07:00+00:00,NetworkOut,109415043.8
2026-07-31T22:12:00+00:00,NetworkOut,109991453.6
2026-07-31T22:17:00+00:00,NetworkOut,110458576.6
2026-07-31T22:22:00+00:00,NetworkOut,109498061.8
2026-07-31T22:27:00+00:00,NetworkOut,109687631.8
2026-07-31T22:32:00+00:00,NetworkOut,110214010.6
2026-07-31T22:37:00+00:00,NetworkOut,109734553.4
2026-07-31T22:42:00+00:00,NetworkOut,109375061.4
2026-07-31T22:47:00+00:00,NetworkOut,109810732.2
2026-07-31T22:52:00+00:00,NetworkOut,109645281.8
2026-07-31T22:57:00+00:00,NetworkOut,109239060.6
2026-07-31T23:02:00+00:00,NetworkOut,109933129.4
2026-07-31T23:07:00+00:00,NetworkOut,109372021.4
2026-07-31T23:12:00+00:00,NetworkOut,109142722.4
2026-07-31T23:17:00+00:00,NetworkOut,110309379.8
2026-07-31T23:22:00+00:00,NetworkOut,109536058.0
2026-07-31T23:27:00+00:00,NetworkOut,109532061.0
2026-07-31T23:32:00+00:00,NetworkOut,109852560.0
2026-07-31T23:37:00+00:00,NetworkOut,109225010.2
2026-07-31T23:42:00+00:00,NetworkOut,109411904.8
2026-07-31T23:47:00+00:00,NetworkOut,109629923.2
2026-07-31T23:52:00+00:00,NetworkOut,109251654.0
2026-07-31T23:57:00+00:00,NetworkOut,109313656.2
2026-08-01T00:02:00+00:00,NetworkOut,109841983.0
2026-08-01T00:07:00+00:00,NetworkOut,109084988.2
2026-08-01T00:12:00+00:00,NetworkOut,109086335.8
2026-08-01T00:17:00+00:00,NetworkOut,110539078.4
2026-08-01T00:22:00+00:00,NetworkOut,109579786.2
2026-08-01T00:27:00+00:00,NetworkOut,109585766.2
2026-08-01T00:32:00+00:00,NetworkOut,110156524.2
2026-08-01T00:37:00+00:00,NetworkOut,109511361.4
2026-08-01T00:42:00+00:00,NetworkOut,109705872.4
2026-08-01T00:47:00+00:00,NetworkOut,109501378.4
2026-08-01T00:52:00+00:00,NetworkOut,110146433.0
2026-08-01T00:57:00+00:00,NetworkOut,109737098.4
2026-08-01T01:02:00+00:00,NetworkOut,109495522.4
2026-08-01T01:07:00+00:00,NetworkOut,109981763.6
2026-08-01T01:12:00+00:00,NetworkOut,109997942.4
2026-08-01T01:17:00+00:00,NetworkOut,109783892.6
2026-08-01T01:22:00+00:00,NetworkOut,110235026.2
2026-08-01T01:27:00+00:00,NetworkOut,109429998.8
2026-08-01T01:32:00+00:00,NetworkOut,109218585.2
2026-08-01T01:37:00+00:00,NetworkOut,109858034.6
2026-08-01T01:42:00+00:00,NetworkOut,109526614.2
2026-08-01T01:47:00+00:00,NetworkOut,109076379.6
2026-08-01T01:52:00+00:00,NetworkOut,110446327.2
2026-08-01T01:57:00+00:00,NetworkOut,109157153.2
2026-08-01T02:02:00+00:00,NetworkOut,109647519.0
2026-08-01T02:07:00+00:00,NetworkOut,110590157.0
2026-08-01T02:12:00+00:00,NetworkOut,108839184.0
2026-08-01T02:17:00+00:00,NetworkOut,109350819.6
2026-08-01T02:22:00+00:00,NetworkOut,110402729.4
2026-08-01T02:27:00+00:00,NetworkOut,108779285.4
2026-08-01T02:32:00+00:00,NetworkOut,109441384.2
2026-08-01T02:37:00+00:00,NetworkOut,109886635.6
2026-08-01T02:42:00+00:00,NetworkOut,109935129.0
2026-08-01T02:47:00+00:00,NetworkOut,109124395.6
2026-08-01T02:52:00+00:00,NetworkOut,110080620.0
2026-08-01T02:57:00+00:00,NetworkOut,108974574.8
2026-08-01T03:02:00+00:00,NetworkOut,109360521.2
2026-08-01T03:07:00+00:00,NetworkOut,109873357.8
2026-08-01T03:12:00+00:00,NetworkOut,108534814.2
2026-08-01T03:17:00+00:00,NetworkOut,109151374.4
2026-08-01T03:22:00+00:00,NetworkOut,110364032.0
2026-08-01T03:27:00+00:00,NetworkOut,109499596.0
2026-08-01T03:32:00+00:00,NetworkOut,109159793.6
2026-08-01T03:37:00+00:00,NetworkOut,110275508.6
2026-08-01T03:42:00+00:00,NetworkOut,109813054.2
2026-08-01T03:47:00+00:00,NetworkOut,109339285.8
2026-08-01T03:52:00+00:00,NetworkOut,109831931.4
2026-08-01T03:57:00+00:00,NetworkOut,109587003.0
2026-08-01T04:02:00+00:00,NetworkOut,109276907.0
2026-08-01T04:07:00+00:00,NetworkOut,110004002.0
2026-08-01T04:12:00+00:00,NetworkOut,109745237.2
2026-08-01T04:17:00+00:00,NetworkOut,109430338.2
2026-08-01T04:22:00+00:00,NetworkOut,110126731.8
2026-08-01T04:27:00+00:00,NetworkOut,109172777.4
2026-08-01T04:32:00+00:00,NetworkOut,109514801.6
2026-08-01T04:37:00+00:00,NetworkOut,110205580.2
2026-08-01T04:42:00+00:00,NetworkOut,109470898.2
2026-08-01T04:47:00+00:00,NetworkOut,109296205.0
2026-08-01T04:52:00+00:00,NetworkOut,109665284.2
2026-08-01T04:57:00+00:00,NetworkOut,108070154.8
2026-08-01T05:02:00+00:00,NetworkOut,109290031.6
2026-08-01T05:07:00+00:00,NetworkOut,110190740.8
2026-08-01T05:12:00+00:00,NetworkOut,108487799.8
2026-08-01T05:17:00+00:00,NetworkOut,109353933.0
2026-08-01T05:22:00+00:00,NetworkOut,109644707.6
2026-08-01T05:27:00+00:00,NetworkOut,108497829.8
2026-08-01T05:32:00+00:00,NetworkOut,107107182.6
2026-08-01T05:37:00+00:00,NetworkOut,110125686.2
2026-08-01T05:42:00+00:00,NetworkOut,109136772.8
2026-08-01T05:47:00+00:00,NetworkOut,109636309.4
2026-08-01T05:52:00+00:00,NetworkOut,109551541.0
2026-08-01T05:57:00+00:00,NetworkOut,108413671.0
2026-08-01T06:02:00+00:00,NetworkOut,108768954.0
2026-08-01T06:07:00+00:00,NetworkOut,108853406.8
2026-08-01T06:12:00+00:00,NetworkOut,109193441.4
2026-08-01T06:17:00+00:00,NetworkOut,108229667.6
2026-08-01T06:22:00+00:00,NetworkOut,108754427.8
2026-08-01T06:27:00+00:00,NetworkOut,109528792.8
2026-08-01T06:32:00+00:00,NetworkOut,109469316.0
2026-08-01T06:37:00+00:00,NetworkOut,109987734.4
2026-08-01T06:42:00+00:00,NetworkOut,109668009.0
2026-08-01T06:47:00+00:00,NetworkOut,109433209.8
2026-08-01T06:52:00+00:00,NetworkOut,110392719.2
2026-08-01T06:57:00+00:00,NetworkOut,109403703.4
2026-08-01T07:02:00+00:00,NetworkOut,108337358.6
2026-08-01T07:07:00+00:00,NetworkOut,109847746.2
2026-08-01T07:12:00+00:00,NetworkOut,109101860.2
2026-08-01T07:17:00+00:00,NetworkOut,109156923.4
2026-08-01T07:22:00+00:00,NetworkOut,109940139.6
2026-08-01T07:27:00+00:00,NetworkOut,109008156.8
2026-08-01T07:32:00+00:00,NetworkOut,109290639.6
2026-08-01T07:37:00+00:00,NetworkOut,109828299.2
2026-08-01T07:42:00+00:00,NetworkOut,108939709.6
2026-08-01T07:47:00+00:00,NetworkOut,109123830.0
2026-08-01T07:52:00+00:00,NetworkOut,110339017.6
2026-08-01T07:57:00+00:00,NetworkOut,108650653.8
2026-08-01T08:02:00+00:00,NetworkOut,109665715.0
2026-08-01T08:07:00+00:00,NetworkOut,109521336.6
2026-08-01T08:12:00+00:00,NetworkOut,109483515.6
2026-08-01T08:17:00+00:00,NetworkOut,108994932.4
2026-08-01T08:22:00+00:00,NetworkOut,110286062.2
2026-08-01T08:27:00+00:00,NetworkOut,108696124.4
2026-08-01T08:32:00+00:00,NetworkOut,109486480.0
2026-08-01T08:37:00+00:00,NetworkOut,102050272.8
2026-08-01T08:42:00+00:00,NetworkOut,108496298.4
2026-08-01T08:47:00+00:00,NetworkOut,108769422.2
2026-08-01T08:52:00+00:00,NetworkOut,110067060.0
2026-08-01T08:57:00+00:00,NetworkOut,107935390.6
2026-08-01T09:02:00+00:00,NetworkOut,109758805.6
2026-08-01T09:07:00+00:00,NetworkOut,108599401.0
2026-08-01T09:12:00+00:00,NetworkOut,109246031.0
2026-08-01T09:17:00+00:00,NetworkOut,108992659.6
2026-08-01T09:22:00+00:00,NetworkOut,109466246.0
2026-08-01T09:27:00+00:00,NetworkOut,108231149.6
2026-08-01T09:32:00+00:00,NetworkOut,108123517.6
2026-08-01T09:37:00+00:00,NetworkOut,109916488.6
2026-08-01T09:42:00+00:00,NetworkOut,107224419.2
2026-08-01T09:47:00+00:00,NetworkOut,108006942.8
2026-08-01T09:52:00+00:00,NetworkOut,109579801.2
2026-08-01T09:57:00+00:00,NetworkOut,108664571.8
2026-08-01T10:02:00+00:00,NetworkOut,109749198.0
2026-08-01T10:07:00+00:00,NetworkOut,109870563.0
2026-08-01T10:12:00+00:00,NetworkOut,109392284.0
2026-08-01T10:17:00+00:00,NetworkOut,109408938.6
2026-08-01T10:22:00+00:00,NetworkOut,109908977.6
2026-08-01T10:27:00+00:00,NetworkOut,108446829.6
2026-08-01T10:32:00+00:00,NetworkOut,108751480.6
2026-08-01T10:37:00+00:00,NetworkOut,110362226.0
2026-08-01T10:42:00+00:00,NetworkOut,108708919.6
2026-08-01T10:47:00+00:00,NetworkOut,108271152.6
2026-08-01T10:52:00+00:00,NetworkOut,108559711.2
2026-08-01T10:57:00+00:00,NetworkOut,109769778.0
2026-08-01T11:02:00+00:00,NetworkOut,107941498.2
2026-08-01T11:07:00+00:00,NetworkOut,109365736.0
2026-08-01T11:12:00+00:00,NetworkOut,108760100.2
2026-08-01T11:17:00+00:00,NetworkOut,108931573.2
2026-08-01T11:22:00+00:00,NetworkOut,108345272.0
2026-08-01T11:27:00+00:00,NetworkOut,108614572.6
2026-08-01T11:32:00+00:00,NetworkOut,108855221.0
2026-08-01T11:37:00+00:00,NetworkOut,108746036.2
2026-08-01T11:42:00+00:00,NetworkOut,108975590.6
2026-08-01T11:47:00+00:00,NetworkOut,109600919.2
2026-08-01T11:52:00+00:00,NetworkOut,109799503.0
2026-08-01T11:57:00+00:00,NetworkOut,109516696.8
2026-08-01T12:02:00+00:00,NetworkOut,106060841.0
2026-08-01T12:07:00+00:00,NetworkOut,106382783.6
2026-08-01T12:12:00+00:00,NetworkOut,105772812.8
2026-08-01T12:17:00+00:00,NetworkOut,108869809.8
2026-08-01T12:22:00+00:00,NetworkOut,108985425.6
2026-08-01T12:27:00+00:00,NetworkOut,108722006.8
2026-08-01T12:32:00+00:00,NetworkOut,109488293.8
2026-08-01T12:37:00+00:00,NetworkOut,109771216.0
2026-08-01T12:42:00+00:00,NetworkOut,110059005.6
2026-08-01T12:47:00+00:00,NetworkOut,109400103.2
2026-08-01T12:52:00+00:00,NetworkOut,110633266.6
2026-08-01T12:57:00+00:00,NetworkOut,109643742.6
2026-08-01T13:02:00+00:00,NetworkOut,109343857.8
2026-08-01T13:07:00+00:00,NetworkOut,110518259.8
2026-08-01T13:12:00+00:00,NetworkOut,109897536.4
2026-08-01T13:17:00+00:00,NetworkOut,109434587.2
2026-08-01T13:22:00+00:00,NetworkOut,110408905.2
2026-08-01T13:27:00+00:00,NetworkOut,109835606.6
2026-08-01T13:32:00+00:00,NetworkOut,109218765.2
2026-08-01T13:37:00+00:00,NetworkOut,110743720.4
2026-08-01T13:42:00+00:00,NetworkOut,109561860.4
2026-08-01T13:47:00+00:00,NetworkOut,109406374.4
2026-08-01T13:52:00+00:00,NetworkOut,109945469.2
2026-08-01T13:57:00+00:00,NetworkOut,109731295.8
2026-08-01T14:02:00+00:00,NetworkOut,109422346.0
2026-08-01T14:07:00+00:00,NetworkOut,110391058.2
2026-08-01T14:12:00+00:00,NetworkOut,109994361.8
2026-08-01T14:17:00+00:00,NetworkOut,109342006.8
2026-08-01T14:22:00+00:00,NetworkOut,110287990.6
2026-08-01T14:27:00+00:00,NetworkOut,109963100.6
2026-08-01T14:32:00+00:00,NetworkOut,109619179.6
2026-08-01T14:37:00+00:00,NetworkOut,110339886.8
2026-08-01T14:42:00+00:00,NetworkOut,110055229.6
2026-08-01T14:47:00+00:00,NetworkOut,109507040.0
2026-08-01T14:52:00+00:00,NetworkOut,110450469.6
2026-08-01T14:57:00+00:00,NetworkOut,109702025.4
2026-08-01T15:02:00+00:00,NetworkOut,109714544.6
2026-08-01T15:07:00+00:00,NetworkOut,110162123.2
2026-08-01T15:12:00+00:00,NetworkOut,109548125.8
2026-08-01T15:17:00+00:00,NetworkOut,109549275.6
2026-08-01T15:22:00+00:00,NetworkOut,109918076.0
2026-08-01T15:27:00+00:00,NetworkOut,109996617.4
2026-08-01T15:32:00+00:00,NetworkOut,109023059.2
2026-08-01T15:37:00+00:00,NetworkOut,110442272.2
2026-08-01T15:42:00+00:00,NetworkOut,109278533.4
2026-08-01T15:47:00+00:00,NetworkOut,109851347.6
2026-08-01T15:52:00+00:00,NetworkOut,110027321.0
2026-08-01T15:57:00+00:00,NetworkOut,109537656.2
2026-08-01T16:02:00+00:00,NetworkOut,109832377.2
2026-08-01T16:07:00+00:00,NetworkOut,110121110.2
2026-08-01T16:12:00+00:00,NetworkOut,109977102.6
2026-08-01T16:17:00+00:00,NetworkOut,109429463.2
2026-08-01T16:22:00+00:00,NetworkOut,110386595.0
2026-08-01T16:27:00+00:00,NetworkOut,109521576.0
2026-08-01T16:32:00+00:00,NetworkOut,109337388.0
2026-08-01T16:37:00+00:00,NetworkOut,110061187.8
2026-08-01T16:42:00+00:00,NetworkOut,109851248.0
2026-08-01T16:47:00+00:00,NetworkOut,109378204.4
2026-08-01T16:52:00+00:00,NetworkOut,110353123.6
2026-08-01T16:57:00+00:00,NetworkOut,110000920.4
2026-08-01T17:02:00+00:00,NetworkOut,109500093.2
2026-08-01T17:07:00+00:00,NetworkOut,110429594.0
2026-08-01T17:12:00+00:00,NetworkOut,109525764.6
2026-08-01T17:17:00+00:00,NetworkOut,109325569.2
2026-08-01T17:22:00+00:00,NetworkOut,110211302.0
2026-08-01T17:27:00+00:00,NetworkOut,109695403.4
2026-08-01T17:32:00+00:00,NetworkOut,109732397.8
2026-08-01T17:37:00+00:00,NetworkOut,109985698.4
2026-08-01T17:42:00+00:00,NetworkOut,110147975.4
2026-08-01T17:47:00+00:00,NetworkOut,109662385.4
2026-08-01T17:52:00+00:00,NetworkOut,110228461.6
2026-08-01T17:57:00+00:00,NetworkOut,109653419.2
2026-08-01T18:02:00+00:00,NetworkOut,109747876.6
2026-08-01T18:07:00+00:00,NetworkOut,110335970.2
2026-08-01T18:12:00+00:00,NetworkOut,109568226.0
2026-08-01T18:17:00+00:00,NetworkOut,109662556.8
2026-08-01T18:22:00+00:00,NetworkOut,110117370.6
2026-08-01T18:27:00+00:00,NetworkOut,109899646.8
2026-08-01T18:32:00+00:00,NetworkOut,109736733.6
2026-08-01T18:37:00+00:00,NetworkOut,110260793.2
2026-08-01T18:42:00+00:00,NetworkOut,109820359.2
2026-08-01T18:47:00+00:00,NetworkOut,109492523.4
2026-08-01T18:52:00+00:00,NetworkOut,110496706.2
2026-08-01T18:57:00+00:00,NetworkOut,109373190.6
2026-08-01T19:02:00+00:00,NetworkOut,109512759.8
2026-08-01T19:07:00+00:00,NetworkOut,110595965.8
2026-08-01T19:12:00+00:00,NetworkOut,109477757.4
2026-08-01T19:17:00+00:00,NetworkOut,109608560.8
2026-08-01T19:22:00+00:00,NetworkOut,110063751.4
2026-08-01T19:27:00+00:00,NetworkOut,109809491.0
2026-08-01T19:32:00+00:00,NetworkOut,109458085.8
2026-08-01T19:37:00+00:00,NetworkOut,110620028.4
2026-08-01T19:42:00+00:00,NetworkOut,108981423.2
2026-08-01T19:47:00+00:00,NetworkOut,109811774.8
2026-08-01T19:52:00+00:00,NetworkOut,110267665.8
2026-08-01T19:57:00+00:00,NetworkOut,109734178.6
2026-08-01T20:02:00+00:00,NetworkOut,109639006.4
2026-08-01T20:07:00+00:00,NetworkOut,110448488.8
2026-08-01T20:12:00+00:00,NetworkOut,109299385.0
2026-08-01T20:17:00+00:00,NetworkOut,110045816.8
2026-08-01T20:22:00+00:00,NetworkOut,110391363.4
2026-08-01T20:27:00+00:00,NetworkOut,109539055.8
2026-08-01T20:32:00+00:00,NetworkOut,109621903.8
2026-08-01T20:37:00+00:00,NetworkOut,110343890.6
2026-08-01T20:42:00+00:00,NetworkOut,109998940.2
2026-08-01T20:47:00+00:00,NetworkOut,109474318.0
2026-08-01T20:52:00+00:00,NetworkOut,110175162.8
2026-08-01T20:57:00+00:00,NetworkOut,109261236.4
2026-08-01T21:02:00+00:00,NetworkOut,109651994.6
2026-08-01T21:07:00+00:00,NetworkOut,110756148.8
2026-08-01T21:12:00+00:00,NetworkOut,109532126.4
2026-08-01T21:17:00+00:00,NetworkOut,109473304.8
2026-08-01T21:22:00+00:00,NetworkOut,110165378.2
2026-08-01T21:27:00+00:00,NetworkOut,109533966.6
2026-08-01T21:32:00+00:00,NetworkOut,109532663.6
2026-08-01T21:37:00+00:00,NetworkOut,110098415.2
2026-08-01T21:42:00+00:00,NetworkOut,109603419.6
2026-08-01T21:47:00+00:00,NetworkOut,109681252.0
2026-08-01T21:52:00+00:00,NetworkOut,110245209.2
2026-08-01T21:57:00+00:00,NetworkOut,109496245.0
2026-08-01T22:02:00+00:00,NetworkOut,110017652.0
2026-08-01T22:07:00+00:00,NetworkOut,109417697.0
2026-08-01T22:12:00+00:00,NetworkOut,109465252.0
2026-08-01T22:17:00+00:00,NetworkOut,109454799.8
2026-08-01T22:22:00+00:00,NetworkOut,110050811.0
2026-08-01T22:27:00+00:00,NetworkOut,109459079.0
2026-08-01T22:32:00+00:00,NetworkOut,109527078.0
2026-08-01T22:37:00+00:00,NetworkOut,110053465.2
2026-08-01T22:42:00+00:00,NetworkOut,110111080.4
2026-08-01T22:47:00+00:00,NetworkOut,109244423.6
2026-08-01T22:52:00+00:00,NetworkOut,110333837.4
2026-08-01T22:57:00+00:00,NetworkOut,109471748.2
2026-08-01T23:02:00+00:00,NetworkOut,109248488.8
2026-08-01T23:07:00+00:00,NetworkOut,110312210.8
2026-08-01T23:12:00+00:00,NetworkOut,109478771.8
2026-08-01T23:17:00+00:00,NetworkOut,109623946.6
2026-08-01T23:22:00+00:00,NetworkOut,110474601.8
2026-08-01T23:27:00+00:00,NetworkOut,109507869.8
2026-08-01T23:32:00+00:00,NetworkOut,109742808.2
2026-08-01T23:37:00+00:00,NetworkOut,110102250.4
2026-08-01T23:42:00+00:00,NetworkOut,109889249.2
2026-08-01T23:47:00+00:00,NetworkOut,109555264.0
2026-08-01T23:52:00+00:00,NetworkOut,110157164.6
2026-08-01T23:57:00+00:00,NetworkOut,109728123.8
2026-08-02T00:02:00+00:00,NetworkOut,109356093.4
2026-08-02T00:07:00+00:00,NetworkOut,109956114.4
2026-08-02T00:12:00+00:00,NetworkOut,109258961.2
2026-08-02T00:17:00+00:00,NetworkOut,109141709.2
2026-08-02T00:22:00+00:00,NetworkOut,110097147.8
2026-08-02T00:27:00+00:00,NetworkOut,109568547.6
2026-08-02T00:32:00+00:00,NetworkOut,109560420.2
2026-08-02T00:37:00+00:00,NetworkOut,110394565.6
2026-08-02T00:42:00+00:00,NetworkOut,109766566.0
2026-08-02T00:47:00+00:00,NetworkOut,109760745.0
2026-08-02T00:52:00+00:00,NetworkOut,109962750.6
2026-08-02T00:57:00+00:00,NetworkOut,109165908.2
2026-08-02T01:02:00+00:00,NetworkOut,109327871.8
2026-08-02T01:07:00+00:00,NetworkOut,110020122.6
2026-08-02T01:12:00+00:00,NetworkOut,108518101.2
2026-08-02T01:17:00+00:00,NetworkOut,109220866.0
2026-08-02T01:22:00+00:00,NetworkOut,109945294.8
2026-08-02T01:27:00+00:00,NetworkOut,109656925.8
2026-08-02T01:32:00+00:00,NetworkOut,109775342.4
2026-08-02T01:37:00+00:00,NetworkOut,110380097.8
2026-08-02T01:42:00+00:00,NetworkOut,109910123.0
2026-08-02T01:47:00+00:00,NetworkOut,109705890.0
2026-08-02T01:52:00+00:00,NetworkOut,110217367.2
2026-08-02T01:57:00+00:00,NetworkOut,109778651.4
2026-08-02T02:02:00+00:00,NetworkOut,109595801.2
2026-08-02T02:07:00+00:00,NetworkOut,110430780.0
2026-08-02T02:12:00+00:00,NetworkOut,109273612.6
2026-08-02T02:17:00+00:00,NetworkOut,109620659.6
2026-08-02T02:22:00+00:00,NetworkOut,110007126.0
2026-08-02T02:27:00+00:00,NetworkOut,109483909.2
2026-08-02T02:32:00+00:00,NetworkOut,109240236.0
2026-08-02T02:37:00+00:00,NetworkOut,110509819.4
2026-08-02T02:42:00+00:00,NetworkOut,109173255.6
2026-08-02T02:47:00+00:00,NetworkOut,109641334.4
2026-08-02T02:52:00+00:00,NetworkOut,110462078.2
2026-08-02T02:57:00+00:00,NetworkOut,109571588.0
2026-08-02T03:02:00+00:00,NetworkOut,109406488.2
2026-08-02T03:07:00+00:00,NetworkOut,110238916.2
2026-08-02T03:12:00+00:00,NetworkOut,109487198.8
2026-08-02T03:17:00+00:00,NetworkOut,109569033.0
2026-08-02T03:22:00+00:00,NetworkOut,110501931.8
2026-08-02T03:27:00+00:00,NetworkOut,109360051.6
2026-08-02T03:32:00+00:00,NetworkOut,109183102.2
2026-08-02T03:37:00+00:00,NetworkOut,110037741.2
2026-08-02T03:42:00+00:00,NetworkOut,109576865.4
2026-08-02T03:47:00+00:00,NetworkOut,109294511.4
2026-08-02T03:52:00+00:00,NetworkOut,110232695.4
2026-08-02T03:57:00+00:00,NetworkOut,109523240.8
2026-08-02T04:02:00+00:00,NetworkOut,109185604.0
2026-08-02T04:07:00+00:00,NetworkOut,110143320.0
2026-08-02T04:12:00+00:00,NetworkOut,109605970.6
2026-08-02T04:17:00+00:00,NetworkOut,109410410.0
2026-08-02T04:22:00+00:00,NetworkOut,109508072.4
2026-08-02T04:27:00+00:00,NetworkOut,109361687.4
2026-08-02T04:32:00+00:00,NetworkOut,108947545.4
2026-08-02T04:37:00+00:00,NetworkOut,110300848.6
2026-08-02T04:42:00+00:00,NetworkOut,109124854.0
2026-08-02T04:47:00+00:00,NetworkOut,109766972.8
2026-08-02T04:52:00+00:00,NetworkOut,110325324.2
2026-08-02T04:57:00+00:00,NetworkOut,109317816.2
2026-08-02T05:02:00+00:00,NetworkOut,109662042.2
2026-08-02T05:07:00+00:00,NetworkOut,110369989.2
2026-08-02T05:12:00+00:00,NetworkOut,108934670.8
2026-08-02T05:17:00+00:00,NetworkOut,109591632.2
2026-08-02T05:22:00+00:00,NetworkOut,110430524.8
2026-08-02T05:27:00+00:00,NetworkOut,109135046.6
2026-08-02T05:32:00+00:00,NetworkOut,109459225.8
2026-08-02T05:37:00+00:00,NetworkOut,109632765.2
2026-08-02T05:42:00+00:00,NetworkOut,109262399.0
2026-08-02T05:47:00+00:00,NetworkOut,109181918.0
2026-08-02T05:52:00+00:00,NetworkOut,109797346.8
2026-08-02T05:57:00+00:00,NetworkOut,109679542.6
2026-08-02T06:02:00+00:00,NetworkOut,110175171.8
2026-08-02T06:07:00+00:00,NetworkOut,110254082.4
2026-08-02T06:12:00+00:00,NetworkOut,110024890.6
2026-08-02T06:17:00+00:00,NetworkOut,109648527.0
2026-08-02T06:22:00+00:00,NetworkOut,110240225.6
2026-08-02T06:27:00+00:00,NetworkOut,109628119.6
2026-08-02T06:32:00+00:00,NetworkOut,109988656.8
2026-08-02T06:37:00+00:00,NetworkOut,110425158.6
2026-08-02T06:42:00+00:00,NetworkOut,109823549.0
2026-08-02T06:47:00+00:00,NetworkOut,109572616.8
2026-08-02T06:52:00+00:00,NetworkOut,110394133.2
2026-08-02T06:57:00+00:00,NetworkOut,109453039.4
2026-08-02T07:02:00+00:00,NetworkOut,109610855.4
2026-08-02T07:07:00+00:00,NetworkOut,110496644.8
2026-08-02T07:12:00+00:00,NetworkOut,109454393.8
2026-08-02T07:17:00+00:00,NetworkOut,109682462.4
2026-08-02T07:22:00+00:00,NetworkOut,109811426.0
2026-08-02T07:27:00+00:00,NetworkOut,109272034.4
2026-08-02T07:32:00+00:00,NetworkOut,108622294.2
2026-08-02T07:37:00+00:00,NetworkOut,110189795.4
2026-08-02T07:42:00+00:00,NetworkOut,109220298.6
2026-08-02T07:47:00+00:00,NetworkOut,109538319.4
2026-08-02T07:52:00+00:00,NetworkOut,109535743.6
2026-08-02T07:57:00+00:00,NetworkOut,108195380.4
2026-08-02T08:02:00+00:00,NetworkOut,108459980.4
2026-08-02T08:07:00+00:00,NetworkOut,109033090.4
2026-08-02T08:12:00+00:00,NetworkOut,109904246.8
2026-08-02T08:17:00+00:00,NetworkOut,108413032.6
2026-08-02T08:22:00+00:00,NetworkOut,109421766.2
2026-08-02T08:27:00+00:00,NetworkOut,108270213.0
2026-08-02T08:32:00+00:00,NetworkOut,108221139.6
2026-08-02T08:37:00+00:00,NetworkOut,108648211.8
2026-08-02T08:42:00+00:00,NetworkOut,109689335.8
2026-08-02T08:47:00+00:00,NetworkOut,108877467.6
2026-08-02T08:52:00+00:00,NetworkOut,109418441.4
2026-08-02T08:57:00+00:00,NetworkOut,107521105.6
2026-08-02T09:02:00+00:00,NetworkOut,109454152.4
2026-08-02T09:07:00+00:00,NetworkOut,110377969.8
2026-08-02T09:12:00+00:00,NetworkOut,109947705.8
2026-08-02T09:17:00+00:00,NetworkOut,109243773.8
2026-08-02T09:22:00+00:00,NetworkOut,110358287.6
2026-08-02T09:27:00+00:00,NetworkOut,108850649.8
2026-08-02T09:32:00+00:00,NetworkOut,109698032.2
2026-08-02T09:37:00+00:00,NetworkOut,109415831.8
2026-08-02T09:42:00+00:00,NetworkOut,109151833.4
2026-08-02T09:47:00+00:00,NetworkOut,108662948.0
2026-08-02T09:52:00+00:00,NetworkOut,110419816.4
2026-08-02T09:57:00+00:00,NetworkOut,109195641.8
2026-08-02T10:02:00+00:00,NetworkOut,108567887.8
2026-08-02T10:07:00+00:00,NetworkOut,109166048.8
2026-08-02T10:12:00+00:00,NetworkOut,107769108.0
2026-08-02T10:17:00+00:00,NetworkOut,109907289.0
2026-08-02T10:22:00+00:00,NetworkOut,109109175.2
2026-08-02T10:27:00+00:00,NetworkOut,108950533.0
2026-08-02T10:32:00+00:00,NetworkOut,107847063.2
2026-08-02T10:37:00+00:00,NetworkOut,108138877.6
2026-08-02T10:42:00+00:00,NetworkOut,107845897.2
2026-08-02T10:47:00+00:00,NetworkOut,109091246.2
2026-08-02T10:52:00+00:00,NetworkOut,109388447.2
2026-08-02T10:57:00+00:00,NetworkOut,108903618.4
2026-08-02T11:02:00+00:00,NetworkOut,108580532.0
2026-08-02T11:07:00+00:00,NetworkOut,109870742.8
2026-08-02T11:12:00+00:00,NetworkOut,108951049.4
2026-08-02T11:17:00+00:00,NetworkOut,109166275.4
2026-08-02T11:22:00+00:00,NetworkOut,109494267.8
2026-08-02T11:27:00+00:00,NetworkOut,109401131.6
2026-08-02T11:32:00+00:00,NetworkOut,108665928.0
2026-08-02T11:37:00+00:00,NetworkOut,108914929.6
2026-08-02T11:42:00+00:00,NetworkOut,110388749.4
2026-08-02T11:47:00+00:00,NetworkOut,107415694.8
2026-08-02T11:52:00+00:00,NetworkOut,108257957.4
2026-08-02T11:57:00+00:00,NetworkOut,108629882.0
2026-08-02T12:02:00+00:00,NetworkOut,107937788.4
2026-08-02T12:07:00+00:00,NetworkOut,107210312.4
2026-08-02T12:12:00+00:00,NetworkOut,108395133.4
2026-08-02T12:17:00+00:00,NetworkOut,109434412.2
2026-08-02T12:22:00+00:00,NetworkOut,107876633.6
2026-08-02T12:27:00+00:00,NetworkOut,104084226.8
2026-08-02T12:32:00+00:00,NetworkOut,107585312.4
2026-08-02T12:37:00+00:00,NetworkOut,107037076.2
2026-08-02T12:42:00+00:00,NetworkOut,109797270.6
2026-08-02T12:47:00+00:00,NetworkOut,108252463.4
2026-08-02T12:52:00+00:00,NetworkOut,107135881.0
2026-08-02T12:57:00+00:00,NetworkOut,105476746.4
2026-08-02T13:02:00+00:00,NetworkOut,105691757.8
2026-08-02T13:07:00+00:00,NetworkOut,103903586.2
2026-08-02T13:12:00+00:00,NetworkOut,100239461.6
2026-08-02T13:17:00+00:00,NetworkOut,104676215.4
2026-08-02T13:22:00+00:00,NetworkOut,105947356.8
2026-08-02T13:27:00+00:00,NetworkOut,110339594.0
2026-08-02T13:32:00+00:00,NetworkOut,109390775.0
2026-08-02T13:37:00+00:00,NetworkOut,109641045.4
2026-08-02T13:42:00+00:00,NetworkOut,110285494.4
2026-08-02T13:47:00+00:00,NetworkOut,109534952.6
2026-08-02T13:52:00+00:00,NetworkOut,109846734.0
2026-08-02T13:57:00+00:00,NetworkOut,110037669.4
2026-08-02T14:02:00+00:00,NetworkOut,107809926.0
2026-08-02T14:07:00+00:00,NetworkOut,109504571.4
2026-08-02T14:12:00+00:00,NetworkOut,110439077.4
2026-08-02T14:17:00+00:00,NetworkOut,109463509.8
2026-08-02T14:22:00+00:00,NetworkOut,109653409.8
2026-08-02T14:27:00+00:00,NetworkOut,110705178.6
2026-08-02T14:32:00+00:00,NetworkOut,109130390.2
2026-08-02T14:37:00+00:00,NetworkOut,109510038.2
2026-08-02T14:42:00+00:00,NetworkOut,110525904.2
2026-08-02T14:47:00+00:00,NetworkOut,109711969.8
2026-08-02T14:52:00+00:00,NetworkOut,109547367.8
2026-08-02T14:57:00+00:00,NetworkOut,110007726.4
2026-08-02T15:02:00+00:00,NetworkOut,109583155.0
2026-08-02T15:07:00+00:00,NetworkOut,109851888.4
2026-08-02T15:12:00+00:00,NetworkOut,110162766.8
2026-08-02T15:17:00+00:00,NetworkOut,109419417.4
2026-08-02T15:22:00+00:00,NetworkOut,109753003.0
2026-08-02T15:27:00+00:00,NetworkOut,110488159.4
2026-08-02T15:32:00+00:00,NetworkOut,109779838.2
2026-08-02T15:37:00+00:00,NetworkOut,109735715.6
2026-08-02T15:42:00+00:00,NetworkOut,110219002.8
2026-08-02T15:47:00+00:00,NetworkOut,109155936.0
2026-08-02T15:52:00+00:00,NetworkOut,109527156.0
2026-08-02T15:57:00+00:00,NetworkOut,110463276.4
2026-08-02T16:02:00+00:00,NetworkOut,109524444.6
2026-08-02T16:07:00+00:00,NetworkOut,109770781.6
2026-08-02T16:12:00+00:00,NetworkOut,110021088.4
2026-08-02T16:17:00+00:00,NetworkOut,109503843.8
2026-08-02T16:22:00+00:00,NetworkOut,109883461.4
2026-08-02T16:27:00+00:00,NetworkOut,109969188.4
2026-08-02T16:32:00+00:00,NetworkOut,109019119.6
2026-08-02T16:37:00+00:00,NetworkOut,110100636.4
2026-08-02T16:42:00+00:00,NetworkOut,110495088.8
2026-08-02T16:47:00+00:00,NetworkOut,109649576.0
2026-08-02T16:52:00+00:00,NetworkOut,109405585.0
2026-08-02T16:57:00+00:00,NetworkOut,110416025.6
2026-08-02T17:02:00+00:00,NetworkOut,109914788.0
2026-08-02T17:07:00+00:00,NetworkOut,109260709.6
2026-08-02T17:12:00+00:00,NetworkOut,110531184.2
2026-08-02T17:17:00+00:00,NetworkOut,109531510.8
2026-08-02T17:22:00+00:00,NetworkOut,109606634.2
2026-08-02T17:27:00+00:00,NetworkOut,110339598.2
2026-08-02T17:32:00+00:00,NetworkOut,109577099.4
2026-08-02T17:37:00+00:00,NetworkOut,109465026.4
2026-08-02T17:42:00+00:00,NetworkOut,107304726.6
2026-08-02T17:47:00+00:00,NetworkOut,107055344.2
2026-08-02T17:52:00+00:00,NetworkOut,107434087.2
2026-08-02T17:57:00+00:00,NetworkOut,107793326.4
2026-08-02T18:02:00+00:00,NetworkOut,108780709.4
2026-08-02T18:07:00+00:00,NetworkOut,108073211.6
2026-08-02T18:12:00+00:00,NetworkOut,110255794.8
2026-08-02T18:17:00+00:00,NetworkOut,109766963.2
2026-08-02T18:22:00+00:00,NetworkOut,109473900.2
2026-08-02T18:27:00+00:00,NetworkOut,110431701.2
2026-08-02T18:32:00+00:00,NetworkOut,109701288.6
2026-08-02T18:37:00+00:00,NetworkOut,109079774.6
2026-08-02T18:42:00+00:00,NetworkOut,110064304.4
2026-08-02T18:47:00+00:00,NetworkOut,109667308.0
2026-08-02T18:52:00+00:00,NetworkOut,109621552.8
2026-08-02T18:57:00+00:00,NetworkOut,110095916.6
2026-08-02T19:02:00+00:00,NetworkOut,109253476.2
2026-08-02T19:07:00+00:00,NetworkOut,109719715.8
2026-08-02T19:12:00+00:00,NetworkOut,109872559.2
2026-08-02T19:17:00+00:00,NetworkOut,109645532.0
2026-08-02T19:22:00+00:00,NetworkOut,109434749.0
2026-08-02T19:27:00+00:00,NetworkOut,110730872.8
2026-08-02T19:32:00+00:00,NetworkOut,109532241.4
2026-08-02T19:37:00+00:00,NetworkOut,109799668.0
2026-08-02T19:42:00+00:00,NetworkOut,110384937.6
2026-08-02T19:47:00+00:00,NetworkOut,109767160.4
2026-08-02T19:52:00+00:00,NetworkOut,109603378.6
2026-08-02T19:57:00+00:00,NetworkOut,108634710.4
2026-08-02T20:02:00+00:00,NetworkOut,107834432.4
2026-08-02T20:07:00+00:00,NetworkOut,108263894.8
2026-08-02T20:12:00+00:00,NetworkOut,108696649.8
2026-08-02T20:17:00+00:00,NetworkOut,109298354.0
2026-08-02T20:22:00+00:00,NetworkOut,108513352.8
2026-08-02T20:27:00+00:00,NetworkOut,109025416.4
2026-08-02T20:32:00+00:00,NetworkOut,108710966.8
2026-08-02T20:37:00+00:00,NetworkOut,108397706.6
2026-08-02T20:42:00+00:00,NetworkOut,108779196.0
2026-08-02T20:47:00+00:00,NetworkOut,108347428.8
2026-08-02T20:52:00+00:00,NetworkOut,108544816.4
2026-08-02T20:57:00+00:00,NetworkOut,110377446.2
2026-08-02T21:02:00+00:00,NetworkOut,108354363.2
2026-08-02T21:07:00+00:00,NetworkOut,108729643.0
2026-08-02T21:12:00+00:00,NetworkOut,109805776.2
2026-08-02T21:17:00+00:00,NetworkOut,108897522.4
2026-08-02T21:22:00+00:00,NetworkOut,109367175.0
2026-08-02T21:27:00+00:00,NetworkOut,110087285.0
2026-08-02T21:32:00+00:00,NetworkOut,109554863.4
2026-08-02T21:37:00+00:00,NetworkOut,109729521.6
2026-08-02T21:42:00+00:00,NetworkOut,110211805.4
2026-08-02T21:47:00+00:00,NetworkOut,109399805.6
2026-08-02T21:52:00+00:00,NetworkOut,109610665.2
2026-08-02T21:57:00+00:00,NetworkOut,110302306.6
2026-08-02T22:02:00+00:00,NetworkOut,109786178.2
2026-08-02T22:07:00+00:00,NetworkOut,109725282.4
2026-08-02T22:12:00+00:00,NetworkOut,110707566.6
2026-08-02T22:17:00+00:00,NetworkOut,110002336.6
2026-08-02T22:22:00+00:00,NetworkOut,109451456.6
2026-08-02T22:27:00+00:00,NetworkOut,109886495.0
2026-08-02T22:32:00+00:00,NetworkOut,109699517.6
2026-08-02T22:37:00+00:00,NetworkOut,109103138.2
2026-08-02T22:42:00+00:00,NetworkOut,110314833.0
2026-08-02T22:47:00+00:00,NetworkOut,109526423.2
2026-08-02T22:52:00+00:00,NetworkOut,109797472.8
2026-08-02T22:57:00+00:00,NetworkOut,109823243.2
2026-08-02T23:02:00+00:00,NetworkOut,109011231.6
2026-08-02T23:07:00+00:00,NetworkOut,108883890.2
2026-08-02T23:12:00+00:00,NetworkOut,109632198.8
2026-08-02T23:17:00+00:00,NetworkOut,109865349.8
2026-08-02T23:22:00+00:00,NetworkOut,108843823.8
2026-08-02T23:27:00+00:00,NetworkOut,109556116.8
2026-08-02T23:32:00+00:00,NetworkOut,109058962.2
2026-08-02T23:37:00+00:00,NetworkOut,108777504.6
2026-08-02T23:42:00+00:00,NetworkOut,110255907.0
2026-08-02T23:47:00+00:00,NetworkOut,109033753.4
2026-08-02T23:52:00+00:00,NetworkOut,109280709.8
2026-08-02T23:57:00+00:00,NetworkOut,110484902.2
2026-08-03T00:02:00+00:00,NetworkOut,108373511.8
2026-08-03T00:07:00+00:00,NetworkOut,109037818.0
2026-08-03T00:12:00+00:00,NetworkOut,109382569.8
2026-08-03T00:17:00+00:00,NetworkOut,108737408.6
2026-08-03T00:22:00+00:00,NetworkOut,108989841.8
2026-08-03T00:27:00+00:00,NetworkOut,108595001.8
2026-08-03T00:32:00+00:00,NetworkOut,109012315.2
2026-08-03T00:37:00+00:00,NetworkOut,109607544.0
2026-08-03T00:42:00+00:00,NetworkOut,108971438.4
2026-08-03T00:47:00+00:00,NetworkOut,109374626.6
2026-08-03T00:52:00+00:00,NetworkOut,108687219.8
2026-08-03T00:57:00+00:00,NetworkOut,109704878.2
2026-08-03T01:02:00+00:00,NetworkOut,108192851.4
2026-08-03T01:07:00+00:00,NetworkOut,109266949.8
2026-08-03T01:12:00+00:00,NetworkOut,110387183.6
2026-08-03T01:17:00+00:00,NetworkOut,108859813.0
2026-08-03T01:22:00+00:00,NetworkOut,109007021.2
2026-08-03T01:27:00+00:00,NetworkOut,109510105.0
2026-08-03T01:32:00+00:00,NetworkOut,109179500.2
2026-08-03T01:37:00+00:00,NetworkOut,109966183.0
2026-08-03T01:42:00+00:00,NetworkOut,123784960.0
2026-08-03T01:47:00+00:00,NetworkOut,109465997.2
2026-08-03T01:52:00+00:00,NetworkOut,109485601.6
2026-08-03T01:57:00+00:00,NetworkOut,110611639.6
2026-08-03T02:02:00+00:00,NetworkOut,109440143.8
2026-08-03T02:07:00+00:00,NetworkOut,109888830.2
2026-08-03T02:12:00+00:00,NetworkOut,110463869.2
2026-08-03T02:17:00+00:00,NetworkOut,109434316.4
2026-08-03T02:22:00+00:00,NetworkOut,108269470.4
2026-08-03T02:27:00+00:00,NetworkOut,109460664.4
2026-08-03T02:32:00+00:00,NetworkOut,109788157.8
2026-08-03T02:37:00+00:00,NetworkOut,108762451.6
2026-08-03T02:42:00+00:00,NetworkOut,109086105.4
2026-08-03T02:47:00+00:00,NetworkOut,108717170.6
2026-08-03T02:52:00+00:00,NetworkOut,109017209.2
2026-08-03T02:57:00+00:00,NetworkOut,108665575.8
2026-08-03T03:02:00+00:00,NetworkOut,108321268.0
2026-08-03T03:07:00+00:00,NetworkOut,109190810.8
2026-08-03T03:12:00+00:00,NetworkOut,110216956.0
2026-08-03T03:17:00+00:00,NetworkOut,108889149.6
2026-08-03T03:22:00+00:00,NetworkOut,108665384.2
2026-08-03T03:27:00+00:00,NetworkOut,110077629.0
2026-08-03T03:32:00+00:00,NetworkOut,109720598.6
2026-08-03T03:37:00+00:00,NetworkOut,109311335.8
2026-08-03T03:42:00+00:00,NetworkOut,110457055.8
2026-08-03T03:47:00+00:00,NetworkOut,109519200.8
2026-08-03T03:52:00+00:00,NetworkOut,109270579.4
2026-08-03T03:57:00+00:00,NetworkOut,110251210.8
2026-08-03T04:02:00+00:00,NetworkOut,109591616.6
2026-08-03T04:07:00+00:00,NetworkOut,109451147.0
2026-08-03T04:12:00+00:00,NetworkOut,110120383.6
2026-08-03T04:17:00+00:00,NetworkOut,109686165.2
2026-08-03T04:22:00+00:00,NetworkOut,109641456.2
2026-08-03T04:27:00+00:00,NetworkOut,110060676.2
2026-08-03T04:32:00+00:00,NetworkOut,109352862.0
2026-08-03T04:37:00+00:00,NetworkOut,109590621.8
2026-08-03T04:42:00+00:00,NetworkOut,109980468.6
2026-08-03T04:47:00+00:00,NetworkOut,109887542.2
2026-08-03T04:52:00+00:00,NetworkOut,109786824.0
2026-08-03T04:57:00+00:00,NetworkOut,109720327.2
2026-08-03T05:02:00+00:00,NetworkOut,109435351.8
2026-08-03T05:07:00+00:00,NetworkOut,109577506.2
2026-08-03T05:12:00+00:00,NetworkOut,110044684.8
2026-08-03T05:17:00+00:00,NetworkOut,109496026.8
2026-08-03T05:22:00+00:00,NetworkOut,109222011.8
2026-08-03T05:27:00+00:00,NetworkOut,109979747.4
2026-08-03T05:32:00+00:00,NetworkOut,109807463.4
2026-08-03T05:37:00+00:00,NetworkOut,109382943.4
2026-08-03T05:42:00+00:00,NetworkOut,110065084.4
2026-08-03T05:47:00+00:00,NetworkOut,109016083.6
2026-08-03T05:52:00+00:00,NetworkOut,109526126.6
2026-08-03T05:57:00+00:00,NetworkOut,110291441.6
2026-08-03T06:02:00+00:00,NetworkOut,108470391.4
2026-08-03T06:07:00+00:00,NetworkOut,108898774.0
2026-08-03T06:12:00+00:00,NetworkOut,107879937.8
2026-08-03T06:17:00+00:00,NetworkOut,109065596.6
2026-08-03T06:22:00+00:00,NetworkOut,109285075.2
2026-08-03T06:27:00+00:00,NetworkOut,109258918.0
2026-08-03T06:32:00+00:00,NetworkOut,107686003.6
2026-08-03T06:37:00+00:00,NetworkOut,108320040.8
2026-08-03T06:42:00+00:00,NetworkOut,108704262.6
2026-08-03T06:47:00+00:00,NetworkOut,108299847.8
2026-08-03T06:52:00+00:00,NetworkOut,109172386.6
2026-08-03T06:57:00+00:00,NetworkOut,109324014.0
2026-08-03T07:02:00+00:00,NetworkOut,109030616.8
2026-08-03T07:07:00+00:00,NetworkOut,109186400.6
2026-08-03T07:12:00+00:00,NetworkOut,109232247.2
2026-08-03T07:17:00+00:00,NetworkOut,108488450.4
2026-08-03T07:22:00+00:00,NetworkOut,108952618.0
2026-08-03T07:27:00+00:00,NetworkOut,109393488.6
2026-08-03T07:32:00+00:00,NetworkOut,108576954.4
2026-08-03T07:37:00+00:00,NetworkOut,107445451.4
2026-08-03T07:42:00+00:00,NetworkOut,107807752.4
2026-08-03T07:47:00+00:00,NetworkOut,107776542.6
2026-08-03T07:52:00+00:00,NetworkOut,109493756.4
2026-08-03T07:57:00+00:00,NetworkOut,109820940.4
2026-08-03T08:02:00+00:00,NetworkOut,105801030.6
2026-08-03T08:07:00+00:00,NetworkOut,109201214.2
2026-08-03T08:12:00+00:00,NetworkOut,109440514.8
2026-08-03T08:17:00+00:00,NetworkOut,109428582.8
2026-08-03T08:22:00+00:00,NetworkOut,108956002.4
2026-08-03T08:27:00+00:00,NetworkOut,109804941.8
2026-08-03T08:32:00+00:00,NetworkOut,109598730.6
2026-08-03T08:37:00+00:00,NetworkOut,109805906.0
2026-08-03T08:42:00+00:00,NetworkOut,109908389.6
2026-08-03T08:47:00+00:00,NetworkOut,109824439.6
2026-08-03T08:52:00+00:00,NetworkOut,109032616.6
2026-08-03T08:57:00+00:00,NetworkOut,110317220.2
2026-08-03T09:02:00+00:00,NetworkOut,109450289.4
2026-08-03T09:07:00+00:00,NetworkOut,109525784.8
2026-08-03T09:12:00+00:00,NetworkOut,110014747.8
2026-08-03T09:17:00+00:00,NetworkOut,109337662.4
2026-08-03T09:22:00+00:00,NetworkOut,108853229.6
2026-08-03T09:27:00+00:00,NetworkOut,109739661.8
2026-08-03T09:32:00+00:00,NetworkOut,109168244.8
2026-08-03T09:37:00+00:00,NetworkOut,109429588.2
2026-08-03T09:42:00+00:00,NetworkOut,109726645.2
2026-08-03T09:47:00+00:00,NetworkOut,108898158.8
2026-08-03T09:52:00+00:00,NetworkOut,108877027.4
2026-08-03T09:57:00+00:00,NetworkOut,109833960.6
2026-08-03T10:02:00+00:00,NetworkOut,108801866.6
2026-08-03T10:07:00+00:00,NetworkOut,108674492.6
2026-08-03T10:12:00+00:00,NetworkOut,109674920.6
2026-08-03T10:17:00+00:00,NetworkOut,107577236.8
2026-08-03T10:22:00+00:00,NetworkOut,109824128.0
2026-08-03T10:27:00+00:00,NetworkOut,108911493.2
2026-08-03T10:32:00+00:00,NetworkOut,109428232.8
2026-08-03T10:37:00+00:00,NetworkOut,107426948.0
2026-08-03T10:42:00+00:00,NetworkOut,108254988.0
2026-08-03T10:47:00+00:00,NetworkOut,108881082.4
2026-08-03T10:52:00+00:00,NetworkOut,109278431.6
2026-08-03T10:57:00+00:00,NetworkOut,109476099.4
2026-08-03T11:02:00+00:00,NetworkOut,107991670.4
2026-08-03T11:07:00+00:00,NetworkOut,107591416.4
2026-08-03T11:12:00+00:00,NetworkOut,108372851.4
2026-08-03T11:17:00+00:00,NetworkOut,109556109.8
2026-08-03T11:22:00+00:00,NetworkOut,108600679.0
2026-08-03T11:27:00+00:00,NetworkOut,108481867.8
2026-08-03T11:32:00+00:00,NetworkOut,107545019.8
2026-08-03T11:37:00+00:00,NetworkOut,107427376.4
2026-08-03T11:42:00+00:00,NetworkOut,110296579.2
2026-08-03T11:47:00+00:00,NetworkOut,108846436.0
2026-08-03T11:52:00+00:00,NetworkOut,108181427.0
2026-08-03T11:57:00+00:00,NetworkOut,107577975.8
2026-08-03T12:02:00+00:00,NetworkOut,104193295.4
2026-08-03T12:07:00+00:00,NetworkOut,107923005.6
2026-08-03T12:12:00+00:00,NetworkOut,103622931.0
2026-08-03T12:17:00+00:00,NetworkOut,103286238.8
2026-08-03T12:22:00+00:00,NetworkOut,108027453.2
2026-08-03T12:27:00+00:00,NetworkOut,105229951.0
2026-08-03T12:32:00+00:00,NetworkOut,103773255.4
2026-08-03T12:37:00+00:00,NetworkOut,102690799.0
2026-08-03T12:42:00+00:00,NetworkOut,110245281.2
2026-08-03T12:47:00+00:00,NetworkOut,100465488.2
2026-08-03T12:52:00+00:00,NetworkOut,107901214.6
2026-08-03T12:57:00+00:00,NetworkOut,106512572.0
2026-08-03T13:02:00+00:00,NetworkOut,107123840.4
2026-08-03T13:07:00+00:00,NetworkOut,108613168.2
2026-08-03T13:12:00+00:00,NetworkOut,108492273.0
2026-08-03T13:17:00+00:00,NetworkOut,109470668.6
2026-08-03T13:22:00+00:00,NetworkOut,108847212.4
2026-08-03T13:27:00+00:00,NetworkOut,110002393.0
2026-08-03T13:32:00+00:00,NetworkOut,109212018.8
2026-08-03T13:37:00+00:00,NetworkOut,107842998.4
2026-08-03T13:42:00+00:00,NetworkOut,108654049.4
2026-08-03T13:47:00+00:00,NetworkOut,105280328.8
2026-08-03T13:52:00+00:00,NetworkOut,107670657.8
2026-08-03T13:57:00+00:00,NetworkOut,109966092.0
2026-08-03T14:02:00+00:00,NetworkOut,109052597.8
2026-08-03T14:07:00+00:00,NetworkOut,109302256.6
2026-08-03T14:12:00+00:00,NetworkOut,109878414.6
2026-08-03T14:17:00+00:00,NetworkOut,109610657.0
2026-08-03T14:22:00+00:00,NetworkOut,109541412.6
2026-08-03T14:27:00+00:00,NetworkOut,110506446.6
2026-08-03T14:32:00+00:00,NetworkOut,109761921.6
2026-08-03T14:37:00+00:00,NetworkOut,109487223.0
2026-08-03T14:42:00+00:00,NetworkOut,110383361.2
2026-08-03T14:47:00+00:00,NetworkOut,109350291.4
2026-08-03T14:52:00+00:00,NetworkOut,109588221.6
2026-08-03T14:57:00+00:00,NetworkOut,110503210.2
2026-08-03T15:02:00+00:00,NetworkOut,109672439.2
2026-08-03T15:07:00+00:00,NetworkOut,109786299.8
2026-08-03T15:12:00+00:00,NetworkOut,110170558.0
2026-08-03T15:17:00+00:00,NetworkOut,109008860.8
2026-08-03T15:22:00+00:00,NetworkOut,109833063.4
2026-08-03T15:27:00+00:00,NetworkOut,110523428.8
2026-08-03T15:32:00+00:00,NetworkOut,109539107.8
2026-08-03T15:37:00+00:00,NetworkOut,109677472.6
2026-08-03T15:42:00+00:00,NetworkOut,110355067.0
2026-08-03T15:47:00+00:00,NetworkOut,109469779.6
2026-08-03T15:52:00+00:00,NetworkOut,109673698.8
2026-08-03T15:57:00+00:00,NetworkOut,110178262.4
2026-08-03T16:02:00+00:00,NetworkOut,109709243.4
2026-08-03T16:07:00+00:00,NetworkOut,109093432.8
2026-08-03T16:12:00+00:00,NetworkOut,110002325.2
2026-08-03T16:17:00+00:00,NetworkOut,109818762.8
2026-08-03T16:22:00+00:00,NetworkOut,109083081.0
2026-08-03T16:27:00+00:00,NetworkOut,110154545.2
2026-08-03T16:32:00+00:00,NetworkOut,109413419.8
2026-08-03T16:37:00+00:00,NetworkOut,109219448.6
2026-08-03T16:42:00+00:00,NetworkOut,109385558.6
2026-08-03T16:47:00+00:00,NetworkOut,110155172.4
2026-08-03T16:52:00+00:00,NetworkOut,109314377.0
2026-08-03T16:57:00+00:00,NetworkOut,109393473.2
2026-08-03T17:02:00+00:00,NetworkOut,110122433.6
2026-08-03T17:07:00+00:00,NetworkOut,109755327.2
2026-08-03T17:12:00+00:00,NetworkOut,108859155.2
2026-08-03T17:17:00+00:00,NetworkOut,110535763.0
2026-08-03T17:22:00+00:00,NetworkOut,109429570.2
2026-08-03T17:27:00+00:00,NetworkOut,109268539.0
2026-08-03T17:32:00+00:00,NetworkOut,110362577.6
2026-08-03T17:37:00+00:00,NetworkOut,109732317.2
2026-08-03T17:42:00+00:00,NetworkOut,109862157.2
2026-08-03T17:47:00+00:00,NetworkOut,110379458.6
2026-08-03T17:52:00+00:00,NetworkOut,109174977.8
2026-08-03T17:57:00+00:00,NetworkOut,109444979.8
2026-08-03T18:02:00+00:00,NetworkOut,110007761.6
2026-08-03T18:07:00+00:00,NetworkOut,109637194.0
2026-08-03T18:12:00+00:00,NetworkOut,109374819.8
2026-08-03T18:17:00+00:00,NetworkOut,110295960.4
2026-08-03T18:22:00+00:00,NetworkOut,109474724.6
2026-08-03T18:27:00+00:00,NetworkOut,109229246.0
2026-08-03T18:32:00+00:00,NetworkOut,110528391.0
2026-08-03T18:37:00+00:00,NetworkOut,109370332.0
2026-08-03T18:42:00+00:00,NetworkOut,108447103.2
2026-08-03T18:47:00+00:00,NetworkOut,109326477.6
2026-08-03T18:52:00+00:00,NetworkOut,108598188.8
2026-08-03T18:57:00+00:00,NetworkOut,110171720.8
2026-08-03T19:02:00+00:00,NetworkOut,110120591.6
2026-08-03T19:07:00+00:00,NetworkOut,109732243.6
2026-08-03T19:12:00+00:00,NetworkOut,109865619.8
2026-08-03T19:17:00+00:00,NetworkOut,110014604.0
2026-08-03T19:22:00+00:00,NetworkOut,109625146.6
2026-08-03T19:27:00+00:00,NetworkOut,109832586.2
2026-08-03T19:32:00+00:00,NetworkOut,110221251.2
2026-08-03T19:37:00+00:00,NetworkOut,109660067.2
2026-08-03T19:42:00+00:00,NetworkOut,109642434.0
2026-08-03T19:47:00+00:00,NetworkOut,110768565.2
2026-08-03T19:52:00+00:00,NetworkOut,109250613.2
2026-08-03T19:57:00+00:00,NetworkOut,110015908.2
2026-08-03T20:02:00+00:00,NetworkOut,110060871.0
2026-08-03T20:07:00+00:00,NetworkOut,109697924.8
2026-08-03T20:12:00+00:00,NetworkOut,109449400.0
2026-08-03T20:17:00+00:00,NetworkOut,110051399.4
2026-08-03T20:22:00+00:00,NetworkOut,109916620.0
2026-08-03T20:27:00+00:00,NetworkOut,109452151.0
2026-08-03T20:32:00+00:00,NetworkOut,109955773.0
2026-08-03T20:37:00+00:00,NetworkOut,109693163.4
2026-08-03T20:42:00+00:00,NetworkOut,109175829.2
2026-08-03T20:47:00+00:00,NetworkOut,110359610.6
2026-08-03T20:52:00+00:00,NetworkOut,109495888.4
2026-08-03T20:57:00+00:00,NetworkOut,109780247.0
2026-08-03T21:02:00+00:00,NetworkOut,109979697.0
2026-08-03T21:07:00+00:00,NetworkOut,109502157.8
2026-08-03T21:12:00+00:00,NetworkOut,109367000.4
2026-08-03T21:17:00+00:00,NetworkOut,110289812.0
2026-08-03T21:22:00+00:00,NetworkOut,109413183.2
2026-08-03T21:27:00+00:00,NetworkOut,109351703.4
2026-08-03T21:32:00+00:00,NetworkOut,109961009.0
2026-08-03T21:37:00+00:00,NetworkOut,109895129.8
2026-08-03T21:42:00+00:00,NetworkOut,109399341.0
2026-08-03T21:47:00+00:00,NetworkOut,110195214.4
2026-08-03T21:52:00+00:00,NetworkOut,108623329.4
2026-08-03T21:57:00+00:00,NetworkOut,108850503.0
2026-08-03T22:02:00+00:00,NetworkOut,109979890.6
2026-08-03T22:07:00+00:00,NetworkOut,109302416.0
2026-08-03T22:12:00+00:00,NetworkOut,109152920.8
2026-08-03T22:17:00+00:00,NetworkOut,109925976.8
2026-08-03T22:22:00+00:00,NetworkOut,109301689.8
2026-08-03T22:27:00+00:00,NetworkOut,109749034.6
2026-08-03T22:32:00+00:00,NetworkOut,110495910.0
2026-08-03T22:37:00+00:00,NetworkOut,109690590.4
2026-08-03T22:42:00+00:00,NetworkOut,109625284.6
2026-08-03T22:47:00+00:00,NetworkOut,110305105.8
2026-08-03T22:52:00+00:00,NetworkOut,109784023.0
2026-08-03T22:57:00+00:00,NetworkOut,109432780.8
2026-08-03T23:02:00+00:00,NetworkOut,110411750.6
2026-08-03T23:07:00+00:00,NetworkOut,109378223.8
2026-08-03T23:12:00+00:00,NetworkOut,109838301.2
2026-08-03T23:17:00+00:00,NetworkOut,110249371.0
2026-08-03T23:22:00+00:00,NetworkOut,109758164.6
2026-08-03T23:27:00+00:00,NetworkOut,109636204.6
2026-08-03T23:32:00+00:00,NetworkOut,110000018.8
2026-08-03T23:37:00+00:00,NetworkOut,109709975.2
2026-08-03T23:42:00+00:00,NetworkOut,109486918.0
2026-08-03T23:47:00+00:00,NetworkOut,110534899.2
2026-08-03T23:52:00+00:00,NetworkOut,108985861.8
2026-08-03T23:57:00+00:00,NetworkOut,109047345.6
2026-08-04T00:02:00+00:00,NetworkOut,110343034.6
2026-08-04T00:07:00+00:00,NetworkOut,108828316.2
2026-08-04T00:12:00+00:00,NetworkOut,109312358.2
2026-08-04T00:17:00+00:00,NetworkOut,109786154.2
2026-08-04T00:22:00+00:00,NetworkOut,109440222.2
2026-08-04T00:27:00+00:00,NetworkOut,109108506.8
2026-08-04T00:32:00+00:00,NetworkOut,110277508.6
2026-08-04T00:37:00+00:00,NetworkOut,109207048.8
2026-08-04T00:42:00+00:00,NetworkOut,109432900.6
2026-08-04T00:47:00+00:00,NetworkOut,110191619.0
2026-08-04T00:52:00+00:00,NetworkOut,109997622.4
2026-08-04T00:57:00+00:00,NetworkOut,109699185.0
2026-08-04T01:02:00+00:00,NetworkOut,109875103.4
2026-08-04T01:07:00+00:00,NetworkOut,109915877.6
2026-08-04T01:12:00+00:00,NetworkOut,109740974.2
2026-08-04T01:17:00+00:00,NetworkOut,110276875.2
2026-08-04T01:22:00+00:00,NetworkOut,109663456.0
2026-08-04T01:27:00+00:00,NetworkOut,109881944.2
2026-08-04T01:32:00+00:00,NetworkOut,110107861.6
2026-08-04T01:37:00+00:00,NetworkOut,109512011.4
2026-08-04T01:42:00+00:00,NetworkOut,109697652.4
2026-08-04T01:47:00+00:00,NetworkOut,110274977.6
2026-08-04T01:52:00+00:00,NetworkOut,109548359.8
2026-08-04T01:57:00+00:00,NetworkOut,109246990.0
2026-08-04T02:02:00+00:00,NetworkOut,109748407.4
2026-08-04T02:07:00+00:00,NetworkOut,109925130.2
2026-08-04T02:12:00+00:00,NetworkOut,109497560.4
2026-08-04T02:17:00+00:00,NetworkOut,109848254.2
2026-08-04T02:22:00+00:00,NetworkOut,109035244.4
2026-08-04T02:27:00+00:00,NetworkOut,109439349.4
2026-08-04T02:32:00+00:00,NetworkOut,109787019.8
2026-08-04T02:37:00+00:00,NetworkOut,109507076.8
2026-08-04T02:42:00+00:00,NetworkOut,109815039.2
2026-08-04T02:47:00+00:00,NetworkOut,110117160.0
2026-08-04T02:52:00+00:00,NetworkOut,109652143.4
2026-08-04T02:57:00+00:00,NetworkOut,109786766.4
2026-08-04T03:02:00+00:00,NetworkOut,110517898.2
2026-08-04T03:07:00+00:00,NetworkOut,109034844.6
2026-08-04T03:12:00+00:00,NetworkOut,109202314.4
2026-08-04T03:17:00+00:00,NetworkOut,110353974.0
2026-08-04T03:22:00+00:00,NetworkOut,108707551.2
2026-08-04T03:27:00+00:00,NetworkOut,108752033.0
2026-08-04T03:32:00+00:00,NetworkOut,109483750.8
2026-08-04T03:37:00+00:00,NetworkOut,108468626.8
2026-08-04T03:42:00+00:00,NetworkOut,108659881.6
2026-08-04T03:47:00+00:00,NetworkOut,109836988.8
2026-08-04T03:52:00+00:00,NetworkOut,108036562.6
2026-08-04T03:57:00+00:00,NetworkOut,108718889.4
2026-08-04T04:02:00+00:00,NetworkOut,110229210.6
2026-08-04T04:07:00+00:00,NetworkOut,107936057.8
2026-08-04T04:12:00+00:00,NetworkOut,108675637.8
2026-08-04T04:17:00+00:00,NetworkOut,108759538.6
2026-08-04T04:22:00+00:00,NetworkOut,108147533.4
2026-08-04T04:27:00+00:00,NetworkOut,110142682.8
2026-08-04T04:32:00+00:00,NetworkOut,110025437.6
2026-08-04T04:37:00+00:00,NetworkOut,109288608.0
2026-08-04T04:42:00+00:00,NetworkOut,109873410.6
2026-08-04T04:47:00+00:00,NetworkOut,110594903.8
2026-08-04T04:52:00+00:00,NetworkOut,109422264.0
2026-08-04T04:57:00+00:00,NetworkOut,109508125.2
2026-08-04T05:02:00+00:00,NetworkOut,110843249.8
2026-08-04T05:07:00+00:00,NetworkOut,109278356.6
2026-08-04T05:12:00+00:00,NetworkOut,109648905.6
2026-08-04T05:17:00+00:00,NetworkOut,110258453.4
2026-08-04T05:22:00+00:00,NetworkOut,109666015.4
2026-08-04T05:27:00+00:00,NetworkOut,109426864.4
2026-08-04T05:32:00+00:00,NetworkOut,110415973.6
2026-08-04T05:37:00+00:00,NetworkOut,109811595.2
2026-08-04T05:42:00+00:00,NetworkOut,109709695.0
2026-08-04T05:47:00+00:00,NetworkOut,110141660.6
2026-08-04T05:52:00+00:00,NetworkOut,109773294.8
2026-08-04T05:57:00+00:00,NetworkOut,109857318.4
2026-08-04T06:02:00+00:00,NetworkOut,110280255.6
2026-08-04T06:07:00+00:00,NetworkOut,109522551.4
2026-08-04T06:12:00+00:00,NetworkOut,110183793.4
2026-08-04T06:17:00+00:00,NetworkOut,110317807.4
2026-08-04T06:22:00+00:00,NetworkOut,109807530.0
2026-08-04T06:27:00+00:00,NetworkOut,109514156.2
2026-08-04T06:32:00+00:00,NetworkOut,109938074.4
2026-08-04T06:37:00+00:00,NetworkOut,109182714.6
2026-08-04T06:42:00+00:00,NetworkOut,109283389.8
2026-08-04T06:47:00+00:00,NetworkOut,110535030.2
2026-08-04T06:52:00+00:00,NetworkOut,109347896.8
2026-08-04T06:57:00+00:00,NetworkOut,105268630.2
2026-08-04T07:02:00+00:00,NetworkOut,106482475.4
2026-08-04T07:07:00+00:00,NetworkOut,109130346.4
2026-08-04T07:12:00+00:00,NetworkOut,107514290.8
2026-08-04T07:17:00+00:00,NetworkOut,106825237.6
2026-08-04T07:22:00+00:00,NetworkOut,106329239.0
2026-08-04T07:27:00+00:00,NetworkOut,107493230.4
2026-08-04T07:32:00+00:00,NetworkOut,110245038.6
2026-08-04T07:37:00+00:00,NetworkOut,105611702.6
2026-08-04T07:42:00+00:00,NetworkOut,106894569.8
2026-08-04T07:47:00+00:00,NetworkOut,109872054.0
2026-08-04T07:52:00+00:00,NetworkOut,107008831.2
2026-08-04T07:57:00+00:00,NetworkOut,108897980.6
2026-08-04T08:02:00+00:00,NetworkOut,109623322.2
2026-08-04T08:07:00+00:00,NetworkOut,109658087.4
2026-08-04T08:12:00+00:00,NetworkOut,107936948.0
2026-08-04T08:17:00+00:00,NetworkOut,108750585.4
2026-08-04T08:22:00+00:00,NetworkOut,107648228.4
2026-08-04T08:27:00+00:00,NetworkOut,109143254.0
2026-08-04T08:32:00+00:00,NetworkOut,107817909.2
2026-08-04T08:37:00+00:00,NetworkOut,109058263.4
2026-08-04T08:42:00+00:00,NetworkOut,109754630.2
2026-08-04T08:47:00+00:00,NetworkOut,109440670.0
2026-08-04T08:52:00+00:00,NetworkOut,109846421.6
2026-08-04T08:57:00+00:00,NetworkOut,108348205.8
2026-08-04T09:02:00+00:00,NetworkOut,108053110.2
2026-08-04T09:07:00+00:00,NetworkOut,108216613.6
2026-08-04T09:12:00+00:00,NetworkOut,106731674.6
2026-08-04T09:17:00+00:00,NetworkOut,110366142.4
2026-08-04T09:22:00+00:00,NetworkOut,108835364.6
2026-08-04T09:27:00+00:00,NetworkOut,109398915.4
2026-08-04T09:32:00+00:00,NetworkOut,110267757.0
2026-08-04T09:37:00+00:00,NetworkOut,107797497.4
2026-08-04T09:42:00+00:00,NetworkOut,108127268.2
2026-08-04T09:47:00+00:00,NetworkOut,109973186.0
2026-08-04T09:52:00+00:00,NetworkOut,109003213.6
2026-08-04T09:57:00+00:00,NetworkOut,108909502.0
2026-08-04T10:02:00+00:00,NetworkOut,109102424.4
2026-08-04T10:07:00+00:00,NetworkOut,108832541.2
2026-08-04T10:12:00+00:00,NetworkOut,108200792.4
2026-08-04T10:17:00+00:00,NetworkOut,110293828.2
2026-08-04T10:22:00+00:00,NetworkOut,108003293.6
2026-08-04T10:27:00+00:00,NetworkOut,107272530.6
2026-08-04T10:32:00+00:00,NetworkOut,108509540.6
2026-08-04T10:37:00+00:00,NetworkOut,108148347.4
2026-08-04T10:42:00+00:00,NetworkOut,109715589.6
2026-08-04T10:47:00+00:00,NetworkOut,108778127.4
2026-08-04T10:52:00+00:00,NetworkOut,108691824.4
2026-08-04T10:57:00+00:00,NetworkOut,108943892.0
2026-08-04T11:02:00+00:00,NetworkOut,109009892.4
2026-08-04T11:07:00+00:00,NetworkOut,109947027.0
2026-08-04T11:12:00+00:00,NetworkOut,107650519.4
2026-08-04T11:17:00+00:00,NetworkOut,109357744.0
2026-08-04T11:22:00+00:00,NetworkOut,108252218.6
2026-08-04T11:27:00+00:00,NetworkOut,108451635.2
2026-08-04T11:32:00+00:00,NetworkOut,110183844.6
2026-08-04T11:37:00+00:00,NetworkOut,107654326.2
2026-08-04T11:42:00+00:00,NetworkOut,108094136.6
2026-08-04T11:47:00+00:00,NetworkOut,108992466.8
2026-08-04T11:52:00+00:00,NetworkOut,109342477.6
2026-08-04T11:57:00+00:00,NetworkOut,107525498.6
2026-08-04T12:02:00+00:00,NetworkOut,109161953.8
2026-08-04T12:07:00+00:00,NetworkOut,108981556.8
2026-08-04T12:12:00+00:00,NetworkOut,108329908.8
2026-08-04T12:17:00+00:00,NetworkOut,110144933.8
2026-08-04T12:22:00+00:00,NetworkOut,108584582.2
2026-08-04T12:27:00+00:00,NetworkOut,108014134.0
2026-08-04T12:32:00+00:00,NetworkOut,108710091.0
2026-08-04T12:37:00+00:00,NetworkOut,109673781.8
2026-08-04T12:42:00+00:00,NetworkOut,107633028.2
2026-08-04T12:47:00+00:00,NetworkOut,108727903.4
2026-08-04T12:52:00+00:00,NetworkOut,108581674.2
2026-08-04T12:57:00+00:00,NetworkOut,108463652.4
2026-08-04T13:02:00+00:00,NetworkOut,110182804.8
2026-08-04T13:07:00+00:00,NetworkOut,107181297.4
2026-08-04T13:12:00+00:00,NetworkOut,106946670.4
2026-08-04T13:17:00+00:00,NetworkOut,108399077.0
2026-08-04T13:22:00+00:00,NetworkOut,108280172.0
2026-08-04T13:27:00+00:00,NetworkOut,105576729.8
2026-08-04T13:32:00+00:00,NetworkOut,106612257.2
2026-08-04T13:37:00+00:00,NetworkOut,108383225.4
2026-08-04T13:42:00+00:00,NetworkOut,106435547.8
2026-08-04T13:47:00+00:00,NetworkOut,107328541.8
2026-08-04T13:52:00+00:00,NetworkOut,107527720.6
2026-08-04T13:57:00+00:00,NetworkOut,108875189.6
2026-08-04T14:02:00+00:00,NetworkOut,103046605.8
2026-08-04T14:07:00+00:00,NetworkOut,101460971.2
2026-08-04T14:12:00+00:00,NetworkOut,98248093.4
2026-08-04T14:17:00+00:00,NetworkOut,107268725.2
2026-08-04T14:22:00+00:00,NetworkOut,103103978.0
2026-08-04T14:27:00+00:00,NetworkOut,102299429.4
2026-08-04T14:32:00+00:00,NetworkOut,108870909.2
2026-08-04T14:37:00+00:00,NetworkOut,109381794.6
2026-08-04T14:42:00+00:00,NetworkOut,109845702.8
2026-08-04T14:47:00+00:00,NetworkOut,110107094.0
2026-08-04T14:52:00+00:00,NetworkOut,109473902.6
2026-08-04T14:57:00+00:00,NetworkOut,109654410.6
2026-08-04T15:02:00+00:00,NetworkOut,110486248.2
2026-08-04T15:07:00+00:00,NetworkOut,109428094.4
2026-08-04T15:12:00+00:00,NetworkOut,109500389.6
2026-08-04T15:17:00+00:00,NetworkOut,110360678.6
2026-08-04T15:22:00+00:00,NetworkOut,109597314.0
2026-08-04T15:27:00+00:00,NetworkOut,109892911.6
2026-08-04T15:32:00+00:00,NetworkOut,110211089.2
2026-08-04T15:37:00+00:00,NetworkOut,109402441.6
2026-08-04T15:42:00+00:00,NetworkOut,109779308.8
2026-08-04T15:47:00+00:00,NetworkOut,110380938.8
2026-08-04T15:52:00+00:00,NetworkOut,109652449.2
2026-08-04T15:57:00+00:00,NetworkOut,109755107.8
2026-08-04T16:02:00+00:00,NetworkOut,109976160.8
2026-08-04T16:07:00+00:00,NetworkOut,109494741.6
2026-08-04T16:12:00+00:00,NetworkOut,109444278.4
2026-08-04T16:17:00+00:00,NetworkOut,110115680.8
2026-08-04T16:22:00+00:00,NetworkOut,110105297.2
2026-08-04T16:27:00+00:00,NetworkOut,109481737.2
2026-08-04T16:32:00+00:00,NetworkOut,109888183.8
2026-08-04T16:37:00+00:00,NetworkOut,109216617.4
2026-08-04T16:42:00+00:00,NetworkOut,109662550.8
2026-08-04T16:47:00+00:00,NetworkOut,110114986.4
2026-08-04T16:52:00+00:00,NetworkOut,109778375.8
2026-08-04T16:57:00+00:00,NetworkOut,109903109.4
2026-08-04T17:02:00+00:00,NetworkOut,110480106.2
2026-08-04T17:07:00+00:00,NetworkOut,109521685.0
2026-08-04T17:12:00+00:00,NetworkOut,109356954.0
2026-08-04T17:17:00+00:00,NetworkOut,109926237.6
2026-08-04T17:22:00+00:00,NetworkOut,109499153.6
2026-08-04T17:27:00+00:00,NetworkOut,109619991.8
2026-08-04T17:32:00+00:00,NetworkOut,110480597.4
2026-08-04T17:37:00+00:00,NetworkOut,109232317.6
2026-08-04T17:42:00+00:00,NetworkOut,110069288.0
2026-08-04T17:47:00+00:00,NetworkOut,110387572.4
2026-08-04T17:52:00+00:00,NetworkOut,109685351.2
2026-08-04T17:57:00+00:00,NetworkOut,109949868.8
2026-08-04T18:02:00+00:00,NetworkOut,110102121.4
2026-08-04T18:07:00+00:00,NetworkOut,109593328.2
2026-08-04T18:12:00+00:00,NetworkOut,109332216.2
2026-08-04T18:17:00+00:00,NetworkOut,110626351.8
2026-08-04T18:22:00+00:00,NetworkOut,109372014.2
2026-08-04T18:27:00+00:00,NetworkOut,109410110.6
2026-08-04T18:32:00+00:00,NetworkOut,109803371.2
2026-08-04T18:37:00+00:00,NetworkOut,109542304.0
2026-08-04T18:42:00+00:00,NetworkOut,109440175.8
2026-08-04T18:47:00+00:00,NetworkOut,109960552.4
2026-08-04T18:52:00+00:00,NetworkOut,109576836.4
2026-08-04T18:57:00+00:00,NetworkOut,109801923.6
2026-08-04T19:02:00+00:00,NetworkOut,110210237.6
2026-08-04T19:07:00+00:00,NetworkOut,109318188.4
2026-08-04T19:12:00+00:00,NetworkOut,109895148.6
2026-08-04T19:17:00+00:00,NetworkOut,110408599.2
2026-08-04T19:22:00+00:00,NetworkOut,109339644.6
2026-08-04T19:27:00+00:00,NetworkOut,109168906.4
2026-08-04T19:32:00+00:00,NetworkOut,110402219.6
2026-08-04T19:37:00+00:00,NetworkOut,109341635.4
2026-08-04T19:42:00+00:00,NetworkOut,109759371.6
2026-08-04T19:47:00+00:00,NetworkOut,110371480.0
2026-08-04T19:52:00+00:00,NetworkOut,109055344.4
2026-08-04T19:57:00+00:00,NetworkOut,109710048.8
2026-08-04T20:02:00+00:00,NetworkOut,110117172.2
2026-08-04T20:07:00+00:00,NetworkOut,109316336.2
2026-08-04T20:12:00+00:00,NetworkOut,109725478.0
2026-08-04T20:17:00+00:00,NetworkOut,110214326.2
2026-08-04T20:22:00+00:00,NetworkOut,109687751.8
2026-08-04T20:27:00+00:00,NetworkOut,109726024.6
2026-08-04T20:32:00+00:00,NetworkOut,110329136.6
2026-08-04T20:37:00+00:00,NetworkOut,109537845.4
2026-08-04T20:42:00+00:00,NetworkOut,109884669.8
2026-08-04T20:47:00+00:00,NetworkOut,110204115.0
2026-08-04T20:52:00+00:00,NetworkOut,108987078.8
2026-08-04T20:57:00+00:00,NetworkOut,109653124.6
2026-08-04T21:02:00+00:00,NetworkOut,109889201.2
2026-08-04T21:07:00+00:00,NetworkOut,109227553.0
2026-08-04T21:12:00+00:00,NetworkOut,109931873.0
2026-08-04T21:17:00+00:00,NetworkOut,110168558.2
2026-08-04T21:22:00+00:00,NetworkOut,109370058.6
2026-08-04T21:27:00+00:00,NetworkOut,109375735.6
2026-08-04T21:32:00+00:00,NetworkOut,110334071.2
2026-08-04T21:37:00+00:00,NetworkOut,109371458.2
2026-08-04T21:42:00+00:00,NetworkOut,109990918.4
2026-08-04T21:47:00+00:00,NetworkOut,110226445.2
2026-08-04T21:52:00+00:00,NetworkOut,109415175.6
2026-08-04T21:57:00+00:00,NetworkOut,109629477.0
2026-08-04T22:02:00+00:00,NetworkOut,109226366.2
2026-08-04T22:07:00+00:00,NetworkOut,108963601.6
2026-08-04T22:12:00+00:00,NetworkOut,109204474.8
2026-08-04T22:17:00+00:00,NetworkOut,109516880.6
2026-08-04T22:22:00+00:00,NetworkOut,109780036.2
2026-08-04T22:27:00+00:00,NetworkOut,109869005.2
2026-08-04T22:32:00+00:00,NetworkOut,109973231.2
2026-08-04T22:37:00+00:00,NetworkOut,109506828.4
2026-08-04T22:42:00+00:00,NetworkOut,109259991.0
2026-08-04T22:47:00+00:00,NetworkOut,110135890.4
2026-08-04T22:52:00+00:00,NetworkOut,109348465.0
2026-08-04T22:57:00+00:00,NetworkOut,109722059.2
2026-08-04T23:02:00+00:00,NetworkOut,110430079.8
2026-08-04T23:07:00+00:00,NetworkOut,109061262.0
2026-08-04T23:12:00+00:00,NetworkOut,109912058.8
2026-08-04T23:17:00+00:00,NetworkOut,110100214.8
2026-08-04T23:22:00+00:00,NetworkOut,110131704.4
2026-08-04T23:27:00+00:00,NetworkOut,109405356.2
2026-08-04T23:32:00+00:00,NetworkOut,110262637.0
2026-08-04T23:37:00+00:00,NetworkOut,109442288.2
2026-08-04T23:42:00+00:00,NetworkOut,109168863.0
2026-08-04T23:47:00+00:00,NetworkOut,109561356.4
2026-08-04T23:52:00+00:00,NetworkOut,109077657.6
2026-08-04T23:57:00+00:00,NetworkOut,109298952.2
2026-08-05T00:02:00+00:00,NetworkOut,110172179.6
2026-08-05T00:07:00+00:00,NetworkOut,108333422.8
2026-08-05T00:12:00+00:00,NetworkOut,109721066.6
2026-08-05T00:17:00+00:00,NetworkOut,110225990.6
2026-08-05T00:22:00+00:00,NetworkOut,109379263.8
2026-08-05T00:27:00+00:00,NetworkOut,109926721.4
2026-08-05T00:32:00+00:00,NetworkOut,110595127.6
2026-08-05T00:37:00+00:00,NetworkOut,109615105.6
2026-08-05T00:42:00+00:00,NetworkOut,109569278.2
2026-08-05T00:47:00+00:00,NetworkOut,110464775.4
2026-08-05T00:52:00+00:00,NetworkOut,109921243.8
2026-08-05T00:57:00+00:00,NetworkOut,110079685.6
2026-08-05T01:02:00+00:00,NetworkOut,109614847.4
2026-08-05T01:07:00+00:00,NetworkOut,110078337.2
2026-08-05T01:12:00+00:00,NetworkOut,109685109.4
2026-08-05T01:17:00+00:00,NetworkOut,109280768.4
2026-08-05T01:22:00+00:00,NetworkOut,110118551.2
2026-08-05T01:27:00+00:00,NetworkOut,109947497.8
2026-08-05T01:32:00+00:00,NetworkOut,109762114.0
2026-08-05T01:37:00+00:00,NetworkOut,110052814.6
2026-08-05T01:42:00+00:00,NetworkOut,109523808.8
2026-08-05T01:47:00+00:00,NetworkOut,109314771.2
2026-08-05T01:52:00+00:00,NetworkOut,110247254.4
2026-08-05T01:57:00+00:00,NetworkOut,109552832.8
2026-08-05T02:02:00+00:00,NetworkOut,108427529.8
2026-08-05T02:07:00+00:00,NetworkOut,109510765.2
2026-08-05T02:12:00+00:00,NetworkOut,108279348.0
2026-08-05T02:17:00+00:00,NetworkOut,109158823.4
2026-08-05T02:22:00+00:00,NetworkOut,110724308.8
2026-08-05T02:27:00+00:00,NetworkOut,109656293.8
2026-08-05T02:32:00+00:00,NetworkOut,109785478.2
2026-08-05T02:37:00+00:00,NetworkOut,110252882.0
2026-08-05T02:42:00+00:00,NetworkOut,109324005.2
2026-08-05T02:47:00+00:00,NetworkOut,108848738.6
2026-08-05T02:52:00+00:00,NetworkOut,109995849.2
2026-08-05T02:57:00+00:00,NetworkOut,109567535.8
2026-08-05T03:02:00+00:00,NetworkOut,109886357.4
2026-08-05T03:07:00+00:00,NetworkOut,109803410.8
2026-08-05T03:12:00+00:00,NetworkOut,109237072.0
2026-08-05T03:17:00+00:00,NetworkOut,109163854.8
2026-08-05T03:22:00+00:00,NetworkOut,110030705.6
2026-08-05T03:27:00+00:00,NetworkOut,108255451.8
2026-08-05T03:32:00+00:00,NetworkOut,108439615.0
2026-08-05T03:37:00+00:00,NetworkOut,110057628.2
2026-08-05T03:42:00+00:00,NetworkOut,108050141.6
2026-08-05T03:47:00+00:00,NetworkOut,108587585.4
2026-08-05T03:52:00+00:00,NetworkOut,108739478.0
2026-08-05T03:57:00+00:00,NetworkOut,108954084.8
2026-08-05T04:02:00+00:00,NetworkOut,109404603.2
2026-08-05T04:07:00+00:00,NetworkOut,109540960.2
2026-08-05T04:12:00+00:00,NetworkOut,108692382.2
2026-08-05T04:17:00+00:00,NetworkOut,109297699.2
2026-08-05T04:22:00+00:00,NetworkOut,109517037.4
2026-08-05T04:27:00+00:00,NetworkOut,109264270.0
2026-08-05T04:32:00+00:00,NetworkOut,109122896.0
2026-08-05T04:37:00+00:00,NetworkOut,109053357.2
2026-08-05T04:42:00+00:00,NetworkOut,108908448.0
2026-08-05T04:47:00+00:00,NetworkOut,108470438.4
2026-08-05T04:52:00+00:00,NetworkOut,109730654.6
2026-08-05T04:57:00+00:00,NetworkOut,108944576.0
2026-08-05T05:02:00+00:00,NetworkOut,109120574.4
2026-08-05T05:07:00+00:00,NetworkOut,110095046.8
2026-08-05T05:12:00+00:00,NetworkOut,108521931.4
2026-08-05T05:17:00+00:00,NetworkOut,108605272.2
2026-08-05T05:22:00+00:00,NetworkOut,109613896.2
2026-08-05T05:27:00+00:00,NetworkOut,109346490.0
2026-08-05T05:32:00+00:00,NetworkOut,108635480.0
2026-08-05T05:37:00+00:00,NetworkOut,109809605.8
2026-08-05T05:42:00+00:00,NetworkOut,108527287.2
2026-08-05T05:47:00+00:00,NetworkOut,108891052.0
2026-08-05T05:52:00+00:00,NetworkOut,108790498.0
2026-08-05T05:57:00+00:00,NetworkOut,108654807.0
2026-08-05T06:02:00+00:00,NetworkOut,107191829.8
2026-08-05T06:07:00+00:00,NetworkOut,109999223.6
2026-08-05T06:12:00+00:00,NetworkOut,108939385.6
2026-08-05T06:17:00+00:00,NetworkOut,109170376.6
2026-08-05T06:22:00+00:00,NetworkOut,109722368.2
2026-08-05T06:27:00+00:00,NetworkOut,109002950.2
2026-08-05T06:32:00+00:00,NetworkOut,109563908.8
2026-08-05T06:37:00+00:00,NetworkOut,110115796.4
2026-08-05T06:42:00+00:00,NetworkOut,109750565.6
2026-08-05T06:47:00+00:00,NetworkOut,109186652.4
2026-08-05T06:52:00+00:00,NetworkOut,110183525.0
2026-08-05T06:57:00+00:00,NetworkOut,109511576.4
2026-08-05T07:02:00+00:00,NetworkOut,108088591.0
2026-08-05T07:07:00+00:00,NetworkOut,110269871.8
2026-08-05T07:12:00+00:00,NetworkOut,109690362.0
2026-08-05T07:17:00+00:00,NetworkOut,109565343.6
2026-08-05T07:22:00+00:00,NetworkOut,108865734.6
2026-08-05T07:27:00+00:00,NetworkOut,107826403.2
2026-08-05T07:32:00+00:00,NetworkOut,109173771.0
2026-08-05T07:37:00+00:00,NetworkOut,110326036.0
2026-08-05T07:42:00+00:00,NetworkOut,108491416.2
2026-08-05T07:47:00+00:00,NetworkOut,109141631.4
2026-08-05T07:52:00+00:00,NetworkOut,109830112.6
2026-08-05T07:57:00+00:00,NetworkOut,109562068.2
2026-08-05T08:02:00+00:00,NetworkOut,109290812.4
2026-08-05T08:07:00+00:00,NetworkOut,110303108.4
2026-08-05T08:12:00+00:00,NetworkOut,109934980.6
2026-08-05T08:17:00+00:00,NetworkOut,110152059.6
2026-08-05T08:22:00+00:00,NetworkOut,110008262.0
2026-08-05T08:27:00+00:00,NetworkOut,109450994.4
2026-08-05T08:32:00+00:00,NetworkOut,109348097.0
2026-08-05T08:37:00+00:00,NetworkOut,109715741.6
2026-08-05T08:42:00+00:00,NetworkOut,109129514.2
2026-08-05T08:47:00+00:00,NetworkOut,109217731.2
2026-08-05T08:52:00+00:00,NetworkOut,109463867.0
2026-08-05T08:57:00+00:00,NetworkOut,109887979.0
2026-08-05T09:02:00+00:00,NetworkOut,108388504.4
2026-08-05T09:07:00+00:00,NetworkOut,109057464.2
2026-08-05T09:12:00+00:00,NetworkOut,108970872.6
2026-08-05T09:17:00+00:00,NetworkOut,109440636.4
2026-08-05T09:22:00+00:00,NetworkOut,109365651.6
2026-08-05T09:27:00+00:00,NetworkOut,109540374.4
2026-08-05T09:32:00+00:00,NetworkOut,107511208.6
2026-08-05T09:37:00+00:00,NetworkOut,108702143.6
2026-08-05T09:42:00+00:00,NetworkOut,108986834.4
2026-08-05T09:47:00+00:00,NetworkOut,108259886.6
2026-08-05T09:52:00+00:00,NetworkOut,110168555.4
2026-08-05T09:57:00+00:00,NetworkOut,107307613.0
2026-08-05T10:02:00+00:00,NetworkOut,109726982.2
2026-08-05T10:07:00+00:00,NetworkOut,110121047.8
2026-08-05T10:12:00+00:00,NetworkOut,108440572.2
2026-08-05T10:17:00+00:00,NetworkOut,109896930.0
2026-08-05T10:22:00+00:00,NetworkOut,110404154.4
2026-08-05T10:27:00+00:00,NetworkOut,109375986.6
2026-08-05T10:32:00+00:00,NetworkOut,109708540.2
2026-08-05T10:37:00+00:00,NetworkOut,109866652.6
2026-08-05T10:42:00+00:00,NetworkOut,109534914.8
2026-08-05T10:47:00+00:00,NetworkOut,109757355.0
2026-08-05T10:52:00+00:00,NetworkOut,109372100.0
2026-08-05T10:57:00+00:00,NetworkOut,108847373.0
2026-08-05T11:02:00+00:00,NetworkOut,108897876.8
2026-08-05T11:07:00+00:00,NetworkOut,107600075.2
2026-08-05T11:12:00+00:00,NetworkOut,109337616.2
2026-08-05T11:17:00+00:00,NetworkOut,94613201.8
2026-08-05T11:22:00+00:00,NetworkOut,108926520.2
2026-08-05T11:27:00+00:00,NetworkOut,108508068.0
2026-08-05T11:32:00+00:00,NetworkOut,106933783.2
2026-08-05T11:37:00+00:00,NetworkOut,109704888.2
2026-08-05T11:42:00+00:00,NetworkOut,107255312.8
2026-08-05T11:47:00+00:00,NetworkOut,107726634.6
2026-08-05T11:52:00+00:00,NetworkOut,109245975.4
2026-08-05T11:57:00+00:00,NetworkOut,108282082.4
2026-08-05T12:02:00+00:00,NetworkOut,108943643.6
2026-08-05T12:07:00+00:00,NetworkOut,108709172.6
2026-08-05T12:12:00+00:00,NetworkOut,108440023.0
2026-08-05T12:17:00+00:00,NetworkOut,108557923.2
2026-08-05T12:22:00+00:00,NetworkOut,109534876.8
2026-08-05T12:27:00+00:00,NetworkOut,107437648.8
2026-08-05T12:32:00+00:00,NetworkOut,108282753.4
2026-08-05T12:37:00+00:00,NetworkOut,109773325.4
2026-08-05T12:42:00+00:00,NetworkOut,107538220.0
2026-08-05T12:47:00+00:00,NetworkOut,107844566.2
2026-08-05T12:52:00+00:00,NetworkOut,108744022.4
2026-08-05T12:57:00+00:00,NetworkOut,109747229.8
2026-08-05T13:02:00+00:00,NetworkOut,106300116.8
2026-08-05T13:07:00+00:00,NetworkOut,108423368.4
2026-08-05T13:12:00+00:00,NetworkOut,107957239.8
2026-08-05T13:17:00+00:00,NetworkOut,109316908.6
2026-08-05T13:22:00+00:00,NetworkOut,107574894.4
2026-08-05T13:27:00+00:00,NetworkOut,107936485.8
2026-08-05T13:32:00+00:00,NetworkOut,107493609.6
2026-08-05T13:37:00+00:00,NetworkOut,108314612.2
2026-08-05T13:42:00+00:00,NetworkOut,109615378.2
2026-08-05T13:47:00+00:00,NetworkOut,106846905.6
2026-08-05T13:52:00+00:00,NetworkOut,108629356.2
2026-08-05T13:57:00+00:00,NetworkOut,107095371.0
2026-08-05T14:02:00+00:00,NetworkOut,104973471.0
2026-08-05T14:07:00+00:00,NetworkOut,105565688.8
2026-08-05T14:12:00+00:00,NetworkOut,105303729.0
2026-08-05T14:17:00+00:00,NetworkOut,107594415.8
2026-08-05T14:22:00+00:00,NetworkOut,108145868.2
2026-08-05T14:27:00+00:00,NetworkOut,108112190.4
2026-08-05T14:32:00+00:00,NetworkOut,109381308.0
2026-08-05T14:37:00+00:00,NetworkOut,110116164.4
2026-08-05T14:42:00+00:00,NetworkOut,109591475.2
2026-08-05T14:47:00+00:00,NetworkOut,109392850.8
2026-08-05T14:52:00+00:00,NetworkOut,109488271.0
2026-08-05T14:57:00+00:00,NetworkOut,109363976.8
2026-08-05T15:02:00+00:00,NetworkOut,106959472.4
2026-08-05T15:07:00+00:00,NetworkOut,107249065.6
2026-08-05T15:12:00+00:00,NetworkOut,108932604.2
2026-08-05T15:17:00+00:00,NetworkOut,109077334.2
2026-08-05T15:22:00+00:00,NetworkOut,110823097.8
2026-08-05T15:27:00+00:00,NetworkOut,109542153.0
2026-08-05T15:32:00+00:00,NetworkOut,109190838.2
2026-08-05T15:37:00+00:00,NetworkOut,110327106.6
2026-08-05T15:42:00+00:00,NetworkOut,109801355.8
2026-08-05T15:47:00+00:00,NetworkOut,109934960.4
2026-08-05T15:52:00+00:00,NetworkOut,110105074.4
2026-08-05T15:57:00+00:00,NetworkOut,109354168.8
2026-08-05T16:02:00+00:00,NetworkOut,109967024.8
2026-08-05T16:07:00+00:00,NetworkOut,110213555.0
2026-08-05T16:12:00+00:00,NetworkOut,109683494.4
2026-08-05T16:17:00+00:00,NetworkOut,109839371.0
2026-08-05T16:22:00+00:00,NetworkOut,110427273.8
2026-08-05T16:27:00+00:00,NetworkOut,109728382.8
2026-08-05T16:32:00+00:00,NetworkOut,109454091.6
2026-08-05T16:37:00+00:00,NetworkOut,110365133.4
2026-08-05T16:42:00+00:00,NetworkOut,109113710.0
2026-08-05T16:47:00+00:00,NetworkOut,109411577.6
2026-08-05T16:52:00+00:00,NetworkOut,110249439.8
2026-08-05T16:57:00+00:00,NetworkOut,109900295.8
2026-08-05T17:02:00+00:00,NetworkOut,108992409.0
2026-08-05T17:07:00+00:00,NetworkOut,110472340.4
2026-08-05T17:12:00+00:00,NetworkOut,109541544.2
2026-08-05T17:17:00+00:00,NetworkOut,100788465.0
2026-08-05T17:22:00+00:00,NetworkOut,102259346.2
2026-08-05T17:27:00+00:00,NetworkOut,109535272.0
2026-08-05T17:32:00+00:00,NetworkOut,109297845.2
2026-08-05T17:37:00+00:00,NetworkOut,110322444.2
2026-08-05T17:42:00+00:00,NetworkOut,109833315.0
2026-08-05T17:47:00+00:00,NetworkOut,109930659.2
2026-08-05T17:52:00+00:00,NetworkOut,110810778.2
2026-08-05T17:57:00+00:00,NetworkOut,109826085.2
2026-08-05T18:02:00+00:00,NetworkOut,109307239.0
2026-08-05T18:07:00+00:00,NetworkOut,110645591.6
2026-08-05T18:12:00+00:00,NetworkOut,109474115.6
2026-08-05T18:17:00+00:00,NetworkOut,109540115.6
2026-08-05T18:22:00+00:00,NetworkOut,110379713.2
2026-08-05T18:27:00+00:00,NetworkOut,109763847.2
2026-08-05T18:32:00+00:00,NetworkOut,109496150.2
2026-08-05T18:37:00+00:00,NetworkOut,110138947.2
2026-08-05T18:42:00+00:00,NetworkOut,109492415.6
2026-08-05T18:47:00+00:00,NetworkOut,109589716.4
2026-08-05T18:52:00+00:00,NetworkOut,109958311.6
2026-08-05T18:57:00+00:00,NetworkOut,109741284.8
2026-08-05T19:02:00+00:00,NetworkOut,109631866.2
2026-08-05T19:07:00+00:00,NetworkOut,110349529.2
2026-08-05T19:12:00+00:00,NetworkOut,110098341.8
2026-08-05T19:17:00+00:00,NetworkOut,110042960.6
2026-08-05T19:22:00+00:00,NetworkOut,110244690.2
2026-08-05T19:27:00+00:00,NetworkOut,109592846.2
2026-08-05T19:32:00+00:00,NetworkOut,109119262.2
2026-08-05T19:37:00+00:00,NetworkOut,110417296.4
2026-08-05T19:42:00+00:00,NetworkOut,108880920.2
2026-08-05T19:47:00+00:00,NetworkOut,101477835.4
2026-08-05T19:52:00+00:00,NetworkOut,102472340.2
2026-08-05T19:57:00+00:00,NetworkOut,101884381.4
2026-08-05T20:02:00+00:00,NetworkOut,102444314.4
2026-08-05T20:07:00+00:00,NetworkOut,109663448.8
2026-08-05T20:12:00+00:00,NetworkOut,109834545.8
2026-08-05T20:17:00+00:00,NetworkOut,109366568.0
2026-08-05T20:22:00+00:00,NetworkOut,110094380.6
2026-08-05T20:27:00+00:00,NetworkOut,109914701.8
2026-08-05T20:32:00+00:00,NetworkOut,109673757.6
2026-08-05T20:37:00+00:00,NetworkOut,110083901.8
2026-08-05T20:42:00+00:00,NetworkOut,109806474.4
2026-08-05T20:47:00+00:00,NetworkOut,109492881.0
2026-08-05T20:52:00+00:00,NetworkOut,110434317.6
2026-08-05T20:57:00+00:00,NetworkOut,109623069.0
2026-08-05T21:02:00+00:00,NetworkOut,109925291.4
2026-08-05T21:07:00+00:00,NetworkOut,110413252.6
2026-08-05T21:12:00+00:00,NetworkOut,109491201.8
2026-08-05T21:17:00+00:00,NetworkOut,109924171.2
2026-08-05T21:22:00+00:00,NetworkOut,109716018.2
2026-08-05T21:27:00+00:00,NetworkOut,109690888.8
2026-08-05T21:32:00+00:00,NetworkOut,109524341.8
2026-08-05T21:37:00+00:00,NetworkOut,110130822.6
2026-08-05T21:42:00+00:00,NetworkOut,109524831.2
2026-08-05T21:47:00+00:00,NetworkOut,109436180.4
2026-08-05T21:52:00+00:00,NetworkOut,110744702.8
2026-08-05T21:57:00+00:00,NetworkOut,102180233.2
2026-08-05T22:02:00+00:00,NetworkOut,102357185.4
2026-08-05T22:07:00+00:00,NetworkOut,104018037.8
2026-08-05T22:12:00+00:00,NetworkOut,109306754.4
2026-08-05T22:17:00+00:00,NetworkOut,101910625.6
2026-08-05T22:22:00+00:00,NetworkOut,103073491.8
2026-08-05T22:27:00+00:00,NetworkOut,103078461.2
2026-08-05T22:32:00+00:00,NetworkOut,102149456.4
2026-08-05T22:37:00+00:00,NetworkOut,110694951.0
2026-08-05T22:42:00+00:00,NetworkOut,102248086.2
2026-08-05T22:47:00+00:00,NetworkOut,102559938.0
2026-08-05T22:52:00+00:00,NetworkOut,103070363.8
2026-08-05T22:57:00+00:00,NetworkOut,102766522.2
2026-08-05T23:02:00+00:00,NetworkOut,104705608.6
2026-08-05T23:07:00+00:00,NetworkOut,104662313.8
2026-08-05T23:12:00+00:00,NetworkOut,98266435.4
2026-08-05T23:17:00+00:00,NetworkOut,99336423.2
2026-08-05T23:22:00+00:00,NetworkOut,103108531.6
2026-08-05T23:27:00+00:00,NetworkOut,106145553.8
2026-08-05T23:32:00+00:00,NetworkOut,109715293.6
2026-08-05T23:37:00+00:00,NetworkOut,109803386.6
2026-08-05T23:42:00+00:00,NetworkOut,109687654.2
2026-08-05T23:47:00+00:00,NetworkOut,109468803.4
2026-08-05T23:52:00+00:00,NetworkOut,110704996.4
2026-08-05T23:57:00+00:00,NetworkOut,109655432.0
2026-08-06T00:02:00+00:00,NetworkOut,109265181.4
2026-08-06T00:07:00+00:00,NetworkOut,110507836.6
2026-08-06T00:12:00+00:00,NetworkOut,109632602.6
2026-08-06T00:17:00+00:00,NetworkOut,109492523.4
2026-08-06T00:22:00+00:00,NetworkOut,110092398.6
2026-08-06T00:27:00+00:00,NetworkOut,109610900.2
2026-08-06T00:32:00+00:00,NetworkOut,109508415.4
2026-08-06T00:37:00+00:00,NetworkOut,110203436.2
2026-08-06T00:42:00+00:00,NetworkOut,109663638.2
2026-08-06T00:47:00+00:00,NetworkOut,109550543.8
2026-08-06T00:52:00+00:00,NetworkOut,110388106.6
2026-08-06T00:57:00+00:00,NetworkOut,109755455.8
2026-08-06T01:02:00+00:00,NetworkOut,109471137.6
2026-08-06T01:07:00+00:00,NetworkOut,110351792.4
2026-08-06T01:12:00+00:00,NetworkOut,109056395.8
2026-08-06T01:17:00+00:00,NetworkOut,109140131.4
2026-08-06T01:22:00+00:00,NetworkOut,108514560.4
2026-08-06T01:27:00+00:00,NetworkOut,104949231.8
2026-08-06T01:32:00+00:00,NetworkOut,107513708.0
2026-08-06T01:37:00+00:00,NetworkOut,107862846.4
2026-08-06T01:42:00+00:00,NetworkOut,109383440.0
2026-08-06T01:47:00+00:00,NetworkOut,106742590.6
2026-08-06T01:52:00+00:00,NetworkOut,108049754.8
2026-08-06T01:57:00+00:00,NetworkOut,107564381.2
2026-08-06T02:02:00+00:00,NetworkOut,107022031.8
2026-08-06T02:07:00+00:00,NetworkOut,108074115.0
2026-08-06T02:12:00+00:00,NetworkOut,107983692.4
2026-08-06T02:17:00+00:00,NetworkOut,109303188.6
2026-08-06T02:22:00+00:00,NetworkOut,108507317.2
2026-08-06T02:27:00+00:00,NetworkOut,107784487.8
2026-08-06T02:32:00+00:00,NetworkOut,107850260.6
2026-08-06T02:37:00+00:00,NetworkOut,108447327.2
2026-08-06T02:42:00+00:00,NetworkOut,107567868.2
2026-08-06T02:47:00+00:00,NetworkOut,107973454.8
2026-08-06T02:52:00+00:00,NetworkOut,109677868.6
2026-08-06T02:57:00+00:00,NetworkOut,107720014.0
2026-08-06T03:02:00+00:00,NetworkOut,107152561.8
2026-08-06T03:07:00+00:00,NetworkOut,107578100.8
2026-08-06T03:12:00+00:00,NetworkOut,106529135.0
2026-08-06T03:17:00+00:00,NetworkOut,107654945.6
2026-08-06T03:22:00+00:00,NetworkOut,108207708.4
2026-08-06T03:27:00+00:00,NetworkOut,109549109.8
2026-08-06T03:32:00+00:00,NetworkOut,106980872.4
2026-08-06T03:37:00+00:00,NetworkOut,107746568.8
2026-08-06T03:42:00+00:00,NetworkOut,107657928.2
2026-08-06T03:47:00+00:00,NetworkOut,108994218.2
2026-08-06T03:52:00+00:00,NetworkOut,109196551.8
2026-08-06T03:57:00+00:00,NetworkOut,109793473.8
2026-08-06T04:02:00+00:00,NetworkOut,109559864.4
2026-08-06T04:07:00+00:00,NetworkOut,110316046.4
2026-08-06T04:12:00+00:00,NetworkOut,109400603.0
2026-08-06T04:17:00+00:00,NetworkOut,109717337.0
2026-08-06T04:22:00+00:00,NetworkOut,109796454.2
2026-08-06T04:27:00+00:00,NetworkOut,108956190.8
2026-08-06T04:32:00+00:00,NetworkOut,108777189.6
2026-08-06T04:37:00+00:00,NetworkOut,109550819.8
2026-08-06T04:42:00+00:00,NetworkOut,108777970.4
2026-08-06T04:47:00+00:00,NetworkOut,110046978.8
2026-08-06T04:52:00+00:00,NetworkOut,110185125.0
2026-08-06T04:57:00+00:00,NetworkOut,108202005.0
2026-08-06T05:02:00+00:00,NetworkOut,108944062.8
2026-08-06T05:07:00+00:00,NetworkOut,109592354.8
2026-08-06T05:12:00+00:00,NetworkOut,105229094.0
2026-08-06T05:17:00+00:00,NetworkOut,101248201.4
2026-08-06T05:22:00+00:00,NetworkOut,111005658.8
2026-08-06T05:27:00+00:00,NetworkOut,108399508.2
2026-08-06T05:32:00+00:00,NetworkOut,109490183.8
2026-08-06T05:37:00+00:00,NetworkOut,110371091.0
2026-08-06T05:42:00+00:00,NetworkOut,109636728.4
2026-08-06T05:47:00+00:00,NetworkOut,109698550.2
2026-08-06T05:52:00+00:00,NetworkOut,110122999.2
2026-08-06T05:57:00+00:00,NetworkOut,109590685.2
2026-08-06T06:02:00+00:00,NetworkOut,108781756.0
2026-08-06T06:07:00+00:00,NetworkOut,110442217.8
2026-08-06T06:12:00+00:00,NetworkOut,109607030.2
2026-08-06T06:17:00+00:00,NetworkOut,109882346.6
2026-08-06T06:22:00+00:00,NetworkOut,109922575.2
2026-08-06T06:27:00+00:00,NetworkOut,109353258.2
2026-08-06T06:32:00+00:00,NetworkOut,109693910.2
2026-08-06T06:37:00+00:00,NetworkOut,110422780.8
2026-08-06T06:42:00+00:00,NetworkOut,109505850.8
2026-08-06T06:47:00+00:00,NetworkOut,109630627.8
2026-08-06T06:52:00+00:00,NetworkOut,110366585.0
2026-08-06T06:57:00+00:00,NetworkOut,109719808.6
2026-08-06T07:02:00+00:00,NetworkOut,109190676.8
2026-08-06T07:07:00+00:00,NetworkOut,110645596.4
2026-08-06T07:12:00+00:00,NetworkOut,109324636.2
2026-08-06T07:17:00+00:00,NetworkOut,109636179.8
2026-08-06T07:22:00+00:00,NetworkOut,110162958.6
2026-08-06T07:27:00+00:00,NetworkOut,109705504.6
2026-08-06T07:32:00+00:00,NetworkOut,108969920.2
2026-08-06T07:37:00+00:00,NetworkOut,108873408.2
2026-08-06T07:42:00+00:00,NetworkOut,110157628.8
2026-08-06T07:47:00+00:00,NetworkOut,109707807.8
2026-08-06T07:52:00+00:00,NetworkOut,109834225.0
2026-08-06T07:57:00+00:00,NetworkOut,110186168.8
2026-08-06T08:02:00+00:00,NetworkOut,109521947.2
2026-08-06T08:07:00+00:00,NetworkOut,109695081.0
2026-08-06T08:12:00+00:00,NetworkOut,110233467.6
2026-08-06T08:17:00+00:00,NetworkOut,109552288.2
2026-08-06T08:22:00+00:00,NetworkOut,109449424.8
2026-08-06T08:27:00+00:00,NetworkOut,110284707.4
2026-08-06T08:32:00+00:00,NetworkOut,109510875.6
2026-08-06T08:37:00+00:00,NetworkOut,109708555.4
2026-08-06T08:42:00+00:00,NetworkOut,109904345.6
2026-08-06T08:47:00+00:00,NetworkOut,109731247.2
2026-08-06T08:52:00+00:00,NetworkOut,109186414.6
2026-08-06T08:57:00+00:00,NetworkOut,110304010.0
2026-08-06T09:02:00+00:00,NetworkOut,109574855.4
2026-08-06T09:07:00+00:00,NetworkOut,109257961.8
2026-08-06T09:12:00+00:00,NetworkOut,110217771.8
2026-08-06T09:17:00+00:00,NetworkOut,109522622.8
2026-08-06T09:22:00+00:00,NetworkOut,109449688.8
2026-08-06T09:27:00+00:00,NetworkOut,110322245.8
2026-08-06T09:32:00+00:00,NetworkOut,109326247.0
2026-08-06T09:37:00+00:00,NetworkOut,108972987.4
2026-08-06T09:42:00+00:00,NetworkOut,110223491.8
2026-08-06T09:47:00+00:00,NetworkOut,109664951.0
2026-08-06T09:52:00+00:00,NetworkOut,109557000.6
2026-08-06T09:57:00+00:00,NetworkOut,110549373.8
2026-08-06T10:02:00+00:00,NetworkOut,109629079.6
2026-08-06T10:07:00+00:00,NetworkOut,110213419.4
2026-08-06T10:12:00+00:00,NetworkOut,109936086.6
2026-08-06T10:17:00+00:00,NetworkOut,109378182.0
2026-08-06T10:22:00+00:00,NetworkOut,109911854.2
2026-08-06T10:27:00+00:00,NetworkOut,110511592.4
2026-08-06T10:32:00+00:00,NetworkOut,109336099.4
2026-08-06T10:37:00+00:00,NetworkOut,109585129.0
2026-08-06T10:42:00+00:00,NetworkOut,110444725.4
2026-08-06T10:47:00+00:00,NetworkOut,109719412.4
2026-08-06T10:52:00+00:00,NetworkOut,109602314.8
2026-08-06T10:57:00+00:00,NetworkOut,110546757.6
2026-08-06T11:02:00+00:00,NetworkOut,109638763.2
2026-08-06T11:07:00+00:00,NetworkOut,109516960.2
2026-08-06T11:12:00+00:00,NetworkOut,110179890.8
2026-08-06T11:17:00+00:00,NetworkOut,109455953.2
2026-08-06T11:22:00+00:00,NetworkOut,109575292.2
2026-08-06T11:27:00+00:00,NetworkOut,110030189.6
2026-08-06T11:32:00+00:00,NetworkOut,109452765.2
2026-08-06T11:37:00+00:00,NetworkOut,109570573.0
2026-08-06T11:42:00+00:00,NetworkOut,110469101.8
2026-08-06T11:47:00+00:00,NetworkOut,109855165.6
2026-08-06T11:52:00+00:00,NetworkOut,109802315.6
2026-08-06T11:57:00+00:00,NetworkOut,110222203.0
2026-08-06T12:02:00+00:00,NetworkOut,109640644.8
2026-08-06T12:07:00+00:00,NetworkOut,109401987.8
2026-08-06T12:12:00+00:00,NetworkOut,110425268.8
2026-08-06T12:17:00+00:00,NetworkOut,109862551.8
2026-08-06T12:22:00+00:00,NetworkOut,109564666.8
2026-08-06T12:27:00+00:00,NetworkOut,110491830.0
2026-08-06T12:32:00+00:00,NetworkOut,109526754.6
2026-08-06T12:37:00+00:00,NetworkOut,109770475.6
2026-08-06T12:42:00+00:00,NetworkOut,110095522.8
2026-08-06T12:47:00+00:00,NetworkOut,109742218.2
2026-08-06T12:52:00+00:00,NetworkOut,109611002.8
2026-08-06T12:57:00+00:00,NetworkOut,110069571.4
2026-08-06T13:02:00+00:00,NetworkOut,109913402.6
2026-08-06T13:07:00+00:00,NetworkOut,109546961.6
2026-08-06T13:12:00+00:00,NetworkOut,110382978.0
2026-08-06T13:17:00+00:00,NetworkOut,109603557.8
2026-08-06T13:22:00+00:00,NetworkOut,109607390.4
2026-08-06T13:27:00+00:00,NetworkOut,110549377.2
2026-08-06T13:32:00+00:00,NetworkOut,109362128.2
2026-08-06T13:37:00+00:00,NetworkOut,109489979.4
2026-08-06T13:42:00+00:00,NetworkOut,109871368.4
2026-08-06T13:47:00+00:00,NetworkOut,109930368.0
2026-08-06T13:52:00+00:00,NetworkOut,109368016.6
2026-08-06T13:57:00+00:00,NetworkOut,110095830.0
2026-08-06T14:02:00+00:00,NetworkOut,109670442.6
2026-08-06T14:07:00+00:00,NetworkOut,109298079.4
2026-08-06T14:12:00+00:00,NetworkOut,110382981.8
2026-08-06T14:17:00+00:00,NetworkOut,109359519.4
2026-08-06T14:22:00+00:00,NetworkOut,110079732.2
2026-08-06T14:27:00+00:00,NetworkOut,110131293.2
2026-08-06T14:32:00+00:00,NetworkOut,109406434.6
2026-08-06T14:37:00+00:00,NetworkOut,109548326.6
2026-08-06T14:42:00+00:00,NetworkOut,110638800.8
2026-08-06T14:47:00+00:00,NetworkOut,109719330.8
2026-08-06T14:52:00+00:00,NetworkOut,109376010.4
2026-08-06T14:57:00+00:00,NetworkOut,110459049.2
2026-08-06T15:02:00+00:00,NetworkOut,109373503.0
2026-08-06T15:07:00+00:00,NetworkOut,109406528.4
2026-08-06T15:12:00+00:00,NetworkOut,110587747.8
2026-08-06T15:17:00+00:00,NetworkOut,109654535.8
2026-08-06T15:22:00+00:00,NetworkOut,109548394.0
2026-08-06T15:27:00+00:00,NetworkOut,110388826.4
2026-08-06T15:32:00+00:00,NetworkOut,109948562.8
2026-08-06T15:37:00+00:00,NetworkOut,109892826.6
2026-08-06T15:42:00+00:00,NetworkOut,109851423.8
2026-08-06T15:47:00+00:00,NetworkOut,110096332.2
2026-08-06T15:52:00+00:00,NetworkOut,109344616.4
2026-08-06T15:57:00+00:00,NetworkOut,110561639.4
2026-08-06T16:02:00+00:00,NetworkOut,109687977.4
2026-08-06T16:07:00+00:00,NetworkOut,109600210.0
2026-08-06T16:12:00+00:00,NetworkOut,110370976.4
2026-08-06T16:17:00+00:00,NetworkOut,109765154.4
2026-08-06T16:22:00+00:00,NetworkOut,109452055.4
2026-08-06T16:27:00+00:00,NetworkOut,110626847.0
2026-08-06T16:32:00+00:00,NetworkOut,109303488.2
2026-08-06T16:37:00+00:00,NetworkOut,109486570.0
2026-08-06T16:42:00+00:00,NetworkOut,110589114.8
2026-08-06T16:47:00+00:00,NetworkOut,109334214.0
2026-08-06T16:52:00+00:00,NetworkOut,109490697.4
2026-08-06T16:57:00+00:00,NetworkOut,110569444.2
2026-08-06T17:02:00+00:00,NetworkOut,109281354.2
2026-08-06T17:07:00+00:00,NetworkOut,109783874.0
2026-08-06T17:12:00+00:00,NetworkOut,110037771.2
2026-08-06T17:17:00+00:00,NetworkOut,109604224.2
2026-08-06T17:22:00+00:00,NetworkOut,109753080.2
2026-08-06T17:27:00+00:00,NetworkOut,109881501.8
2026-08-06T17:32:00+00:00,NetworkOut,109685317.2
2026-08-06T17:37:00+00:00,NetworkOut,109439673.8
2026-08-06T17:42:00+00:00,NetworkOut,110282283.6
2026-08-06T17:47:00+00:00,NetworkOut,109815684.2
2026-08-06T17:52:00+00:00,NetworkOut,109524011.8
2026-08-06T17:57:00+00:00,NetworkOut,110120405.2
2026-08-06T18:02:00+00:00,NetworkOut,109529423.4
2026-08-06T18:07:00+00:00,NetworkOut,109363529.8
2026-08-06T18:12:00+00:00,NetworkOut,110408160.8
2026-08-06T18:17:00+00:00,NetworkOut,109683053.0
2026-08-06T18:22:00+00:00,NetworkOut,109640316.4
2026-08-06T18:27:00+00:00,NetworkOut,110211483.2
2026-08-06T18:32:00+00:00,NetworkOut,109423184.0
2026-08-06T18:37:00+00:00,NetworkOut,109544815.8
2026-08-06T18:42:00+00:00,NetworkOut,110069972.4
2026-08-06T18:47:00+00:00,NetworkOut,109834734.8
2026-08-06T18:52:00+00:00,NetworkOut,109820506.4
2026-08-06T18:57:00+00:00,NetworkOut,110020638.0
2026-08-06T19:02:00+00:00,NetworkOut,110131509.0
2026-08-06T19:07:00+00:00,NetworkOut,109234533.4
2026-08-06T19:12:00+00:00,NetworkOut,110569147.6
2026-08-06T19:17:00+00:00,NetworkOut,109741152.4
2026-08-06T19:22:00+00:00,NetworkOut,109559348.2
2026-08-06T19:27:00+00:00,NetworkOut,110362633.8
2026-08-06T19:32:00+00:00,NetworkOut,109215269.8
2026-08-06T19:37:00+00:00,NetworkOut,109750872.2
2026-08-06T19:42:00+00:00,NetworkOut,110095162.2
2026-08-06T19:47:00+00:00,NetworkOut,109399079.2
2026-08-06T19:52:00+00:00,NetworkOut,109584421.8
2026-08-06T19:57:00+00:00,NetworkOut,110146813.0
2026-08-06T20:02:00+00:00,NetworkOut,109889888.2
2026-08-06T20:07:00+00:00,NetworkOut,109577458.0
2026-08-06T20:12:00+00:00,NetworkOut,110178689.6
2026-08-06T20:17:00+00:00,NetworkOut,109392973.8
2026-08-06T20:22:00+00:00,NetworkOut,109954671.0
2026-08-06T20:27:00+00:00,NetworkOut,110353598.2
2026-08-06T20:32:00+00:00,NetworkOut,109556173.2
2026-08-06T20:37:00+00:00,NetworkOut,109539947.8
2026-08-06T20:42:00+00:00,NetworkOut,110008420.8
2026-08-06T20:47:00+00:00,NetworkOut,109006056.6
2026-08-06T20:52:00+00:00,NetworkOut,109565823.4
2026-08-06T20:57:00+00:00,NetworkOut,110159656.6
2026-08-06T21:02:00+00:00,NetworkOut,108393938.6
2026-08-06T21:07:00+00:00,NetworkOut,109668928.8
2026-08-06T21:12:00+00:00,NetworkOut,110375823.0
2026-08-06T21:17:00+00:00,NetworkOut,109299168.4
2026-08-06T21:22:00+00:00,NetworkOut,109490870.6
2026-08-06T21:27:00+00:00,NetworkOut,110010203.6
2026-08-06T21:32:00+00:00,NetworkOut,109619785.8
2026-08-06T21:37:00+00:00,NetworkOut,109858412.2
2026-08-06T21:42:00+00:00,NetworkOut,110108029.8
2026-08-06T21:47:00+00:00,NetworkOut,109436904.8
2026-08-06T21:52:00+00:00,NetworkOut,109666759.0
2026-08-06T21:57:00+00:00,NetworkOut,110220833.4
2026-08-06T22:02:00+00:00,NetworkOut,109943390.8
2026-08-06T22:07:00+00:00,NetworkOut,109144783.4
2026-08-06T22:12:00+00:00,NetworkOut,110429322.4
2026-08-06T22:17:00+00:00,NetworkOut,109368749.2
2026-08-06T22:22:00+00:00,NetworkOut,109826004.4
2026-08-06T22:27:00+00:00,NetworkOut,110246409.6
2026-08-06T22:32:00+00:00,NetworkOut,109268289.2
2026-08-06T22:37:00+00:00,NetworkOut,109705107.2
2026-08-06T22:42:00+00:00,NetworkOut,110327411.2
2026-08-06T22:47:00+00:00,NetworkOut,109687746.8
2026-08-06T22:52:00+00:00,NetworkOut,109547190.4
2026-08-06T22:57:00+00:00,NetworkOut,110126766.8
2026-08-06T23:02:00+00:00,NetworkOut,109446534.6
2026-08-06T23:07:00+00:00,NetworkOut,109719453.2
2026-08-06T23:12:00+00:00,NetworkOut,110209459.2
2026-08-06T23:17:00+00:00,NetworkOut,109497412.4
2026-08-06T23:22:00+00:00,NetworkOut,109917565.0
2026-08-06T23:27:00+00:00,NetworkOut,110421318.4
2026-08-06T23:32:00+00:00,NetworkOut,109858957.2
2026-08-06T23:37:00+00:00,NetworkOut,106287545.8
2026-08-06T23:42:00+00:00,NetworkOut,106222918.6
2026-08-06T23:47:00+00:00,NetworkOut,107933385.6
2026-08-06T23:52:00+00:00,NetworkOut,107467985.2
2026-08-06T23:57:00+00:00,NetworkOut,110088433.4
2026-08-07T00:02:00+00:00,NetworkOut,105809705.0
2026-08-07T00:07:00+00:00,NetworkOut,109584344.2
2026-08-07T00:12:00+00:00,NetworkOut,106400173.6
2026-08-07T00:17:00+00:00,NetworkOut,109707783.4
2026-08-07T00:22:00+00:00,NetworkOut,109883731.2
2026-08-07T00:27:00+00:00,NetworkOut,106143784.4
2026-08-07T00:32:00+00:00,NetworkOut,109846505.0
2026-08-07T00:37:00+00:00,NetworkOut,109670434.6
2026-08-07T00:42:00+00:00,NetworkOut,110025302.6
2026-08-07T00:47:00+00:00,NetworkOut,106314723.0
2026-08-07T00:52:00+00:00,NetworkOut,109496599.4
2026-08-07T00:57:00+00:00,NetworkOut,110166770.0
2026-08-07T01:02:00+00:00,NetworkOut,109335666.0
2026-08-07T01:07:00+00:00,NetworkOut,109739289.8
2026-08-07T01:12:00+00:00,NetworkOut,110449552.8
2026-08-07T01:17:00+00:00,NetworkOut,107274169.6
2026-08-07T01:22:00+00:00,NetworkOut,109215184.0
2026-08-07T01:27:00+00:00,NetworkOut,110033225.4
2026-08-07T01:32:00+00:00,NetworkOut,106914541.6
2026-08-07T01:37:00+00:00,NetworkOut,109433762.0
2026-08-07T01:42:00+00:00,NetworkOut,110250367.2
2026-08-07T01:47:00+00:00,NetworkOut,106176937.6
2026-08-07T01:52:00+00:00,NetworkOut,106779283.2
2026-08-07T01:57:00+00:00,NetworkOut,110323157.6
2026-08-07T02:02:00+00:00,NetworkOut,109555074.6
2026-08-07T02:07:00+00:00,NetworkOut,109309732.4
2026-08-07T02:12:00+00:00,NetworkOut,105988082.0
2026-08-07T02:17:00+00:00,NetworkOut,109573087.4
2026-08-07T02:22:00+00:00,NetworkOut,105825556.2
2026-08-07T02:27:00+00:00,NetworkOut,110345968.0
2026-08-07T02:32:00+00:00,NetworkOut,109754664.2
2026-08-07T02:37:00+00:00,NetworkOut,109744018.8
2026-08-07T02:42:00+00:00,NetworkOut,110266222.6
2026-08-07T02:47:00+00:00,NetworkOut,109809226.8
2026-08-07T02:52:00+00:00,NetworkOut,106027337.0
2026-08-07T02:57:00+00:00,NetworkOut,105994614.8
2026-08-07T03:02:00+00:00,NetworkOut,106267559.2
2026-08-07T03:07:00+00:00,NetworkOut,109290726.2
2026-08-07T03:12:00+00:00,NetworkOut,106631974.8
2026-08-07T03:17:00+00:00,NetworkOut,109870114.4
2026-08-07T03:22:00+00:00,NetworkOut,109560002.0
2026-08-07T03:27:00+00:00,NetworkOut,110437036.8
2026-08-07T03:32:00+00:00,NetworkOut,109094740.6
2026-08-07T03:37:00+00:00,NetworkOut,109431624.4
2026-08-07T03:42:00+00:00,NetworkOut,106708535.6
2026-08-07T03:47:00+00:00,NetworkOut,109672607.0
2026-08-07T03:52:00+00:00,NetworkOut,108411039.6
2026-08-07T03:57:00+00:00,NetworkOut,107528228.4
2026-08-07T04:02:00+00:00,NetworkOut,105603426.0
2026-08-07T04:07:00+00:00,NetworkOut,109610448.8
2026-08-07T04:12:00+00:00,NetworkOut,110350160.6
2026-08-07T04:17:00+00:00,NetworkOut,109276971.6
2026-08-07T04:22:00+00:00,NetworkOut,108534182.4
2026-08-07T04:27:00+00:00,NetworkOut,108487663.4
2026-08-07T04:32:00+00:00,NetworkOut,108923473.2
2026-08-07T04:37:00+00:00,NetworkOut,108249898.4
2026-08-07T04:42:00+00:00,NetworkOut,108808569.6
2026-08-07T04:47:00+00:00,NetworkOut,109626316.2
2026-08-07T04:52:00+00:00,NetworkOut,109535037.2
2026-08-07T04:57:00+00:00,NetworkOut,110005638.4
2026-08-07T05:02:00+00:00,NetworkOut,108944704.0
2026-08-07T05:07:00+00:00,NetworkOut,108448082.4
2026-08-07T05:12:00+00:00,NetworkOut,110185955.8
2026-08-07T05:17:00+00:00,NetworkOut,108868013.0
2026-08-07T05:22:00+00:00,NetworkOut,108796548.2
2026-08-07T05:27:00+00:00,NetworkOut,108454838.8
2026-08-07T05:32:00+00:00,NetworkOut,109898678.0
2026-08-07T05:37:00+00:00,NetworkOut,109255439.8
2026-08-07T05:42:00+00:00,NetworkOut,109525111.4
2026-08-07T05:47:00+00:00,NetworkOut,107153516.4
2026-08-07T05:52:00+00:00,NetworkOut,107563223.8
2026-08-07T05:57:00+00:00,NetworkOut,109010234.6
2026-08-07T06:02:00+00:00,NetworkOut,107608970.8
2026-08-07T06:07:00+00:00,NetworkOut,109503868.4
2026-08-07T06:12:00+00:00,NetworkOut,107971676.4
2026-08-07T06:17:00+00:00,NetworkOut,108595163.6
2026-08-07T06:22:00+00:00,NetworkOut,107503961.0
2026-08-07T06:27:00+00:00,NetworkOut,110080172.6
2026-08-07T06:32:00+00:00,NetworkOut,107623811.6
2026-08-07T06:37:00+00:00,NetworkOut,108066923.8
2026-08-07T06:42:00+00:00,NetworkOut,110286773.0
2026-08-07T06:47:00+00:00,NetworkOut,108214554.2
2026-08-07T06:52:00+00:00,NetworkOut,109420945.0
2026-08-07T06:57:00+00:00,NetworkOut,108270363.8
2026-08-07T07:02:00+00:00,NetworkOut,107621407.2
2026-08-07T07:07:00+00:00,NetworkOut,107334026.8
2026-08-07T07:12:00+00:00,NetworkOut,110373237.2
2026-08-07T07:17:00+00:00,NetworkOut,108037295.4
2026-08-07T07:22:00+00:00,NetworkOut,110027548.8
2026-08-07T07:27:00+00:00,NetworkOut,108732159.0
2026-08-07T07:32:00+00:00,NetworkOut,108431555.6
2026-08-07T07:37:00+00:00,NetworkOut,107978074.4
2026-08-07T07:42:00+00:00,NetworkOut,108492519.2
2026-08-07T07:47:00+00:00,NetworkOut,109525922.8
2026-08-07T07:52:00+00:00,NetworkOut,107400627.4
2026-08-07T07:57:00+00:00,NetworkOut,108514409.4
2026-08-07T08:02:00+00:00,NetworkOut,107854007.4
2026-08-07T08:07:00+00:00,NetworkOut,108351212.2
2026-08-07T08:12:00+00:00,NetworkOut,108598012.0
2026-08-07T08:17:00+00:00,NetworkOut,103847219.6
2026-08-07T08:22:00+00:00,NetworkOut,108595493.8
2026-08-07T08:27:00+00:00,NetworkOut,110225248.6
2026-08-07T08:32:00+00:00,NetworkOut,109557560.4
2026-08-07T08:37:00+00:00,NetworkOut,109033311.8
2026-08-07T08:42:00+00:00,NetworkOut,110469845.6
2026-08-07T08:47:00+00:00,NetworkOut,109178115.8
2026-08-07T08:52:00+00:00,NetworkOut,109696356.2
2026-08-07T08:57:00+00:00,NetworkOut,110189853.4
2026-08-07T09:02:00+00:00,NetworkOut,109852589.8
2026-08-07T09:07:00+00:00,NetworkOut,109494907.2
2026-08-07T09:12:00+00:00,NetworkOut,109810600.2
2026-08-07T09:17:00+00:00,NetworkOut,109673615.0
2026-08-07T09:22:00+00:00,NetworkOut,109349480.0
2026-08-07T09:27:00+00:00,NetworkOut,110327845.0
2026-08-07T09:32:00+00:00,NetworkOut,109852825.8
2026-08-07T09:37:00+00:00,NetworkOut,109282949.2
2026-08-07T09:42:00+00:00,NetworkOut,110212545.6
2026-08-07T09:47:00+00:00,NetworkOut,109302371.0
2026-08-07T09:52:00+00:00,NetworkOut,109866473.8
2026-08-07T09:57:00+00:00,NetworkOut,110558012.6
2026-08-07T10:02:00+00:00,NetworkOut,109329595.0
2026-08-07T10:07:00+00:00,NetworkOut,109816856.6
2026-08-07T10:12:00+00:00,NetworkOut,109995470.2
2026-08-07T10:17:00+00:00,NetworkOut,109774002.2
2026-08-07T10:22:00+00:00,NetworkOut,109940871.8
2026-08-07T10:27:00+00:00,NetworkOut,110027187.0
2026-08-07T10:32:00+00:00,NetworkOut,110127569.2
2026-08-07T10:37:00+00:00,NetworkOut,109867736.8
2026-08-07T10:42:00+00:00,NetworkOut,110133026.8
2026-08-07T10:47:00+00:00,NetworkOut,109591432.2
2026-08-07T10:52:00+00:00,NetworkOut,109731449.2
2026-08-07T10:57:00+00:00,NetworkOut,109987951.2
2026-08-07T11:02:00+00:00,NetworkOut,109710770.4
2026-08-07T11:07:00+00:00,NetworkOut,109887129.8
2026-08-07T11:12:00+00:00,NetworkOut,110100009.8
2026-08-07T11:17:00+00:00,NetworkOut,109388154.8
2026-08-07T11:22:00+00:00,NetworkOut,109226338.4
2026-08-07T11:27:00+00:00,NetworkOut,109939922.6
2026-08-07T11:32:00+00:00,NetworkOut,109832529.2
2026-08-07T11:37:00+00:00,NetworkOut,109818591.2
2026-08-07T11:42:00+00:00,NetworkOut,109931256.8
2026-08-07T11:47:00+00:00,NetworkOut,109412680.0
2026-08-07T11:52:00+00:00,NetworkOut,109668774.6
2026-08-07T11:57:00+00:00,NetworkOut,110118977.2
2026-08-07T12:02:00+00:00,NetworkOut,66445971.0
2026-08-07T12:07:00+00:00,NetworkOut,72.0
2026-08-07T12:12:00+00:00,NetworkOut,36.0
2026-08-07T12:17:00+00:00,NetworkOut,72.0
2026-08-07T12:22:00+00:00,NetworkOut,1092.6
2026-08-07T12:27:00+00:00,NetworkOut,1615.2
2026-08-07T12:32:00+00:00,NetworkOut,72.0
2026-08-07T12:37:00+00:00,NetworkOut,36.0
2026-08-07T12:42:00+00:00,NetworkOut,36.0
2026-08-07T12:47:00+00:00,NetworkOut,1084.2
2026-08-07T12:52:00+00:00,NetworkOut,54.0
2026-08-07T12:57:00+00:00,NetworkOut,54.0
2026-08-07T13:02:00+00:00,NetworkOut,36.0
2026-08-07T13:07:00+00:00,NetworkOut,72.0
2026-08-07T13:12:00+00:00,NetworkOut,1079.4
2026-08-07T13:17:00+00:00,NetworkOut,80.4
2026-08-07T13:22:00+00:00,NetworkOut,54.0
2026-08-07T13:27:00+00:00,NetworkOut,54.0
2026-08-07T13:32:00+00:00,NetworkOut,54.0
2026-08-07T13:37:00+00:00,NetworkOut,36.0
2026-08-07T13:42:00+00:00,NetworkOut,1133.4
2026-08-07T13:47:00+00:00,NetworkOut,36.0
2026-08-07T13:52:00+00:00,NetworkOut,54.0
2026-08-07T13:57:00+00:00,NetworkOut,36.0
2026-08-07T14:02:00+00:00,NetworkOut,54.0
2026-08-07T14:07:00+00:00,NetworkOut,1123.8
2026-08-07T14:12:00+00:00,NetworkOut,54.0
2026-08-07T14:17:00+00:00,NetworkOut,72.0
2026-08-07T14:22:00+00:00,NetworkOut,54.0
2026-08-07T14:27:00+00:00,NetworkOut,36.0
2026-08-07T14:32:00+00:00,NetworkOut,36.0
2026-08-07T14:37:00+00:00,NetworkOut,1089.0
2026-08-07T14:42:00+00:00,NetworkOut,54.0
2026-08-07T14:47:00+00:00,NetworkOut,54.0
2026-08-07T14:52:00+00:00,NetworkOut,72.0
2026-08-07T14:57:00+00:00,NetworkOut,36.0
2026-08-07T15:02:00+00:00,NetworkOut,1084.2
2026-08-07T15:07:00+00:00,NetworkOut,36.0
2026-08-07T15:12:00+00:00,NetworkOut,36.0
2026-08-07T15:17:00+00:00,NetworkOut,54.0
2026-08-07T15:22:00+00:00,NetworkOut,36.0
2026-08-07T15:27:00+00:00,NetworkOut,1075.8
2026-08-07T15:32:00+00:00,NetworkOut,36.0
2026-08-07T15:37:00+00:00,NetworkOut,54.0
2026-08-07T15:42:00+00:00,NetworkOut,36.0
2026-08-07T15:47:00+00:00,NetworkOut,72.0
2026-08-07T15:52:00+00:00,NetworkOut,18.0
2026-08-07T15:57:00+00:00,NetworkOut,1105.8
2026-08-07T16:02:00+00:00,NetworkOut,72.0
2026-08-07T16:07:00+00:00,NetworkOut,36.0
2026-08-07T16:12:00+00:00,NetworkOut,54.0
2026-08-07T16:17:00+00:00,NetworkOut,4731.2
2026-08-07T16:22:00+00:00,NetworkOut,36.0
