timestamp_utc,total_iops,ReadIOPS,WriteIOPS,DiskQueueDepth,ReadLatency,ReadThroughput,WriteLatency,WriteThroughput
2026-07-31T17:36:00+05:30,2.30,0.0000,2.3002,0.0014,0.0000,0.0000,0.0000,33112.0927
2026-07-31T17:37:00+05:30,71.79,0.0000,71.7941,0.0634,0.0000,0.0000,0.0007,2751536.9895
2026-07-31T17:38:00+05:30,550.65,0.0000,550.6464,0.4125,0.0000,0.0000,0.0009,5852208.4500
2026-07-31T17:39:00+05:30,996.68,0.0000,996.6836,0.7560,0.0000,0.0000,0.0007,12324179.5244
2026-07-31T17:40:00+05:30,988.88,1.3001,987.5825,0.7446,0.0004,682.7008,0.0007,11173695.7515
2026-07-31T17:41:00+05:30,1003.63,0.0000,1003.6328,0.7621,0.0000,0.0000,0.0007,12327998.9335
2026-07-31T17:42:00+05:30,978.88,0.0000,978.8759,0.7383,0.0000,0.0000,0.0007,11371760.7202
2026-07-31T17:43:00+05:30,982.85,0.0000,982.8526,0.7473,0.0000,0.0000,0.0007,12467309.6369
2026-07-31T17:44:00+05:30,976.25,0.0000,976.2472,0.7374,0.0000,0.0000,0.0007,11394573.0573
2026-07-31T17:45:00+05:30,979.32,1.3000,978.0170,0.7388,0.0004,682.6667,0.0007,11421218.1333
2026-07-31T17:46:00+05:30,983.55,0.0000,983.5514,0.7485,0.0000,0.0000,0.0007,12549098.2418
2026-07-31T17:47:00+05:30,989.51,0.0000,989.5149,0.7533,0.0000,0.0000,0.0007,12631432.8483
2026-07-31T17:48:00+05:30,980.80,0.0000,980.7981,0.7408,0.0000,0.0000,0.0007,11587024.3528
2026-07-31T17:49:00+05:30,977.65,0.0000,977.6530,0.7391,0.0000,0.0000,0.0008,11635048.1269
2026-07-31T17:50:00+05:30,991.85,1.2999,990.5505,0.7553,0.0004,682.6439,0.0008,12845242.2253
2026-07-31T17:51:00+05:30,974.30,0.0000,974.2996,0.7366,0.0000,0.0000,0.0007,11598506.6667
2026-07-31T17:52:00+05:30,996.65,0.0000,996.6499,0.7600,0.0000,0.0000,0.0008,12995527.5255
2026-07-31T17:53:00+05:30,979.78,0.0000,979.7833,0.7525,0.0000,0.0000,0.0008,12930604.8434
2026-07-31T17:54:00+05:30,980.62,0.0000,980.6196,0.7381,0.0000,0.0000,0.0007,11670494.3843
2026-07-31T17:55:00+05:30,972.73,1.2999,971.4348,0.7357,0.0004,682.6439,0.0008,11688706.9098
2026-07-31T17:56:00+05:30,990.37,0.0000,990.3688,0.7557,0.0000,0.0000,0.0008,12968607.7350
2026-07-31T17:57:00+05:30,983.27,0.0000,983.2747,0.7432,0.0000,0.0000,0.0007,11677469.1768
2026-07-31T17:58:00+05:30,961.25,0.0000,961.2519,0.7340,0.0000,0.0000,0.0008,12806749.7542
2026-07-31T17:59:00+05:30,983.90,0.0000,983.9030,0.7439,0.0000,0.0000,0.0007,11733435.0036
2026-07-31T18:00:00+05:30,988.96,1.3003,987.6642,0.7539,0.0004,682.7918,0.0007,12919514.1776
2026-07-31T18:01:00+05:30,985.47,0.0000,985.4655,0.7460,0.0000,0.0000,0.0008,11931487.6992
2026-07-31T18:02:00+05:30,979.90,0.0000,979.9023,0.7342,0.0000,0.0000,0.0007,10559865.6134
2026-07-31T18:03:00+05:30,971.10,0.0000,971.0971,0.7299,0.0000,0.0000,0.0008,10907669.5058
2026-07-31T18:04:00+05:30,985.50,0.0000,985.4998,0.7460,0.0000,0.0000,0.0007,11860848.3475
2026-07-31T18:05:00+05:30,987.57,1.3001,986.2660,0.7476,0.0004,682.7122,0.0008,11900219.4813
2026-07-31T18:06:00+05:30,989.33,0.0167,989.3176,0.7555,0.0000,68.2610,0.0007,13085834.3138
2026-07-31T18:07:00+05:30,978.03,0.0000,978.0333,0.7352,0.0000,0.0000,0.0007,10824294.4000
2026-07-31T18:08:00+05:30,963.28,0.0000,963.2846,0.7245,0.0000,0.0000,0.0007,10807165.2417
2026-07-31T18:09:00+05:30,960.42,0.0000,960.4186,0.7215,0.0000,0.0000,0.0007,10614088.8637
2026-07-31T18:10:00+05:30,964.85,1.3001,963.5464,0.7250,0.0004,682.7236,0.0008,10715960.7301
2026-07-31T18:11:00+05:30,969.45,0.0000,969.4481,0.7282,0.0000,0.0000,0.0007,10740093.0233
2026-07-31T18:12:00+05:30,995.75,0.0000,995.7489,0.7480,0.0000,0.0000,0.0008,11026142.7404
2026-07-31T18:13:00+05:30,969.51,0.0000,969.5075,0.7312,0.0000,0.0000,0.0007,11251281.7298
2026-07-31T18:14:00+05:30,979.59,0.0000,979.5864,0.7370,0.0000,0.0000,0.0008,11001161.5591
2026-07-31T18:15:00+05:30,971.62,1.2998,970.3216,0.7319,0.0004,682.5529,0.0007,11150593.8344
2026-07-31T18:16:00+05:30,973.49,0.0000,973.4920,0.7316,0.0000,0.0000,0.0008,10903614.5510
2026-07-31T18:17:00+05:30,969.39,0.0000,969.3879,0.7281,0.0000,0.0000,0.0007,10627348.7752
2026-07-31T18:18:00+05:30,971.22,0.0000,971.2167,0.7330,0.0000,0.0000,0.0008,11367560.5333
2026-07-31T18:19:00+05:30,971.37,0.0000,971.3657,0.7308,0.0000,0.0000,0.0007,10982198.1766
2026-07-31T18:20:00+05:30,977.41,1.3002,976.1127,0.7346,0.0000,682.7805,0.0007,11020076.6794
2026-07-31T18:21:00+05:30,973.55,0.0000,973.5469,0.7330,0.0000,0.0000,0.0007,11180517.1937
2026-07-31T18:22:00+05:30,1007.78,0.0000,1007.7813,0.7560,0.0000,0.0000,0.0007,10926465.7680
2026-07-31T18:23:00+05:30,971.99,0.0000,971.9949,0.7329,0.0000,0.0000,0.0008,11292950.8568
2026-07-31T18:24:00+05:30,977.57,0.0000,977.5712,0.7376,0.0000,0.0000,0.0008,11369466.2157
2026-07-31T18:25:00+05:30,978.66,1.2997,977.3560,0.7360,0.0000,682.4847,0.0008,11043284.4575
2026-07-31T18:26:00+05:30,973.79,0.0000,973.7934,0.7321,0.0000,0.0000,0.0007,11003220.0587
2026-07-31T18:27:00+05:30,986.88,0.0000,986.8831,0.7412,0.0000,0.0000,0.0008,10816282.6714
2026-07-31T18:28:00+05:30,971.72,0.0000,971.7176,0.7340,0.0000,0.0000,0.0007,11532462.3102
2026-07-31T18:29:00+05:30,976.97,0.0000,976.9651,0.7359,0.0000,0.0000,0.0007,11218923.1769
2026-07-31T18:30:00+05:30,977.93,0.0000,977.9288,0.7361,0.0000,0.0000,0.0007,11152784.6482
2026-07-31T18:31:00+05:30,976.29,1.3005,974.9900,0.7354,0.0004,682.9171,0.0007,11270590.1497
2026-07-31T18:32:00+05:30,998.45,0.0000,998.4497,0.7504,0.0000,0.0000,0.0008,11032734.5469
2026-07-31T18:33:00+05:30,963.03,0.0000,963.0315,0.7274,0.0000,0.0000,0.0008,11423700.7850
2026-07-31T18:34:00+05:30,978.64,0.0000,978.6412,0.7369,0.0000,0.0000,0.0007,11213740.0287
2026-07-31T18:35:00+05:30,990.55,1.3001,989.2495,0.7452,0.0000,682.7122,0.0008,11242562.8375
2026-07-31T18:36:00+05:30,983.43,0.0167,983.4122,0.7491,0.0040,68.2837,0.0008,12701458.0312
2026-07-31T18:37:00+05:30,985.33,0.0000,985.3341,0.7403,0.0000,0.0000,0.0008,10823090.0152
2026-07-31T18:38:00+05:30,966.55,0.0000,966.5517,0.7322,0.0000,0.0000,0.0007,11825516.4575
2026-07-31T18:39:00+05:30,972.76,0.0000,972.7644,0.7334,0.0000,0.0000,0.0007,11354527.6352
2026-07-31T18:40:00+05:30,986.62,1.2998,985.3186,0.7428,0.0008,682.5643,0.0007,11362920.6286
2026-07-31T18:41:00+05:30,974.26,0.0000,974.2641,0.7346,0.0000,0.0000,0.0007,11294877.2023
2026-07-31T18:42:00+05:30,1011.17,0.0000,1011.1676,0.7584,0.0000,0.0000,0.0007,10917728.3819
2026-07-31T18:43:00+05:30,968.23,0.0000,968.2323,0.7309,0.0000,0.0000,0.0008,11314757.9586
2026-07-31T18:44:00+05:30,972.27,0.0000,972.2708,0.7315,0.0000,0.0000,0.0008,11024232.2318
2026-07-31T18:45:00+05:30,990.88,1.2999,989.5840,0.7461,0.0004,682.6212,0.0007,11393629.7580
2026-07-31T18:46:00+05:30,968.52,0.0000,968.5228,0.7294,0.0000,0.0000,0.0007,11062525.7507
2026-07-31T18:47:00+05:30,944.31,0.0000,944.3056,0.7114,0.0000,0.0000,0.0008,10828247.6968
2026-07-31T18:48:00+05:30,972.05,0.0000,972.0477,0.7349,0.0000,0.0000,0.0007,11574826.9689
2026-07-31T18:49:00+05:30,979.68,0.0000,979.6793,0.7390,0.0000,0.0000,0.0007,11402540.7748
2026-07-31T18:50:00+05:30,988.85,0.0000,988.8506,0.7485,0.0000,0.0000,0.0008,11928047.8643
2026-07-31T18:51:00+05:30,972.83,1.3001,971.5305,0.7322,0.0008,682.7349,0.0007,11230921.4921
2026-07-31T18:52:00+05:30,1014.83,0.0000,1014.8346,0.7620,0.0000,0.0000,0.0007,11129964.2970
2026-07-31T18:53:00+05:30,968.81,0.0000,968.8083,0.7354,0.0000,0.0000,0.0008,12126592.3754
2026-07-31T18:54:00+05:30,976.40,0.0000,976.4008,0.7379,0.0000,0.0000,0.0007,11692734.5088
2026-07-31T18:55:00+05:30,989.23,1.3000,987.9335,0.7461,0.0008,682.6553,0.0007,11588824.4529
2026-07-31T18:56:00+05:30,985.68,0.0000,985.6817,0.7441,0.0000,0.0000,0.0007,11589687.0635
2026-07-31T18:57:00+05:30,1000.55,0.0000,1000.5501,0.7515,0.0000,0.0000,0.0008,10884566.2466
2026-07-31T18:58:00+05:30,985.45,0.0000,985.4527,0.7442,0.0000,0.0000,0.0007,11623409.3083
2026-07-31T18:59:00+05:30,981.46,0.0000,981.4642,0.7397,0.0000,0.0000,0.0007,11302848.9132
2026-07-31T19:00:00+05:30,1011.38,0.0000,1011.3826,0.7599,0.0000,0.0000,0.0007,11259631.2246
2026-07-31T19:01:00+05:30,978.22,1.3000,976.9163,0.7377,0.0004,682.6667,0.0007,11431594.6667
2026-07-31T19:02:00+05:30,976.83,0.0000,976.8318,0.7372,0.0000,0.0000,0.0008,11415069.6558
2026-07-31T19:03:00+05:30,977.92,0.0000,977.9192,0.7421,0.0000,0.0000,0.0007,12069230.8564
2026-07-31T19:04:00+05:30,983.02,0.0000,983.0169,0.7427,0.0000,0.0000,0.0007,11647112.5333
2026-07-31T19:05:00+05:30,993.82,1.3002,992.5157,0.7495,0.0008,682.7463,0.0007,11568931.5754
2026-07-31T19:06:00+05:30,977.61,0.0000,977.6052,0.7380,0.0000,0.0000,0.0007,11562073.0175
2026-07-31T19:07:00+05:30,956.60,0.0000,956.5971,0.7209,0.0000,0.0000,0.0008,10924919.5793
2026-07-31T19:08:00+05:30,973.68,0.0000,973.6838,0.7413,0.0000,0.0000,0.0008,12485150.8475
2026-07-31T19:09:00+05:30,983.05,0.0000,983.0520,0.7401,0.0000,0.0000,0.0007,11274904.3278
2026-07-31T19:10:00+05:30,994.22,0.0000,994.2157,0.7482,0.0000,0.0000,0.0007,11280352.5921
2026-07-31T19:11:00+05:30,978.08,1.3002,976.7795,0.7363,0.0004,682.7805,0.0007,11209411.7020
2026-07-31T19:12:00+05:30,1027.61,0.0000,1027.6134,0.7722,0.0000,0.0000,0.0007,11330671.6883
2026-07-31T19:13:00+05:30,966.91,0.0000,966.9084,0.7359,0.0000,0.0000,0.0008,12413300.6585
2026-07-31T19:14:00+05:30,975.54,0.0000,975.5390,0.7396,0.0000,0.0000,0.0008,12021958.6097
2026-07-31T19:15:00+05:30,1000.95,0.0000,1000.9502,0.7566,0.0000,0.0000,0.0008,11956430.7528
2026-07-31T19:16:00+05:30,989.54,1.2998,988.2353,0.7476,0.0004,682.5529,0.0007,11820041.7264
2026-07-31T19:17:00+05:30,999.98,0.0000,999.9833,0.7518,0.0000,0.0000,0.0008,11145450.9817
2026-07-31T19:18:00+05:30,977.61,0.0000,977.6148,0.7388,0.0000,0.0000,0.0008,11641119.4266
2026-07-31T19:19:00+05:30,985.82,0.0000,985.8167,0.7422,0.0000,0.0000,0.0008,11272686.7886
2026-07-31T19:20:00+05:30,1017.25,1.2998,1015.9471,0.7640,0.0000,682.5643,0.0007,11273641.2205
2026-07-31T19:21:00+05:30,976.42,0.0167,976.4028,0.7353,0.0000,68.2576,0.0008,11178405.0127
2026-07-31T19:22:00+05:30,966.27,0.0000,966.2732,0.7324,0.0000,0.0000,0.0008,11920273.6821
2026-07-31T19:23:00+05:30,981.40,0.0000,981.4028,0.7432,0.0000,0.0000,0.0007,12093192.9076
2026-07-31T19:24:00+05:30,1004.08,0.0000,1004.0831,0.7579,0.0000,0.0000,0.0007,11974745.1503
2026-07-31T19:25:00+05:30,995.07,1.2998,993.7677,0.7501,0.0004,682.5415,0.0007,11748041.3924
2026-07-31T19:26:00+05:30,960.76,0.0000,960.7608,0.7254,0.0000,0.0000,0.0007,11535166.2610
2026-07-31T19:27:00+05:30,970.61,0.0000,970.6064,0.7313,0.0000,0.0000,0.0008,11209282.1821
2026-07-31T19:28:00+05:30,980.01,0.0000,980.0067,0.7431,0.0000,0.0000,0.0007,12057472.0427
2026-07-31T19:29:00+05:30,976.51,0.0000,976.5147,0.7381,0.0000,0.0000,0.0007,11635043.1869
2026-07-31T19:30:00+05:30,1006.60,1.3000,1005.2999,0.7642,0.0008,682.6553,0.0008,12561813.0364
2026-07-31T19:31:00+05:30,989.05,0.0000,989.0529,0.7532,0.0000,0.0000,0.0007,12702541.1890
2026-07-31T19:32:00+05:30,1048.84,0.0000,1048.8366,0.7886,0.0000,0.0000,0.0007,11531951.9293
2026-07-31T19:33:00+05:30,988.08,0.0000,988.0808,0.7541,0.0000,0.0000,0.0007,13096029.3392
2026-07-31T19:34:00+05:30,984.93,0.0000,984.9306,0.7480,0.0000,0.0000,0.0008,12420598.1763
2026-07-31T19:35:00+05:30,1005.07,0.0000,1005.0661,0.7610,0.0000,0.0000,0.0008,12245747.1586
2026-07-31T19:36:00+05:30,997.78,1.3002,996.4829,0.7543,0.0004,682.7463,0.0007,11984860.6337
2026-07-31T19:37:00+05:30,1039.54,0.0000,1039.5421,0.7801,0.0000,0.0000,0.0007,11314848.4970
2026-07-31T19:38:00+05:30,998.48,0.0000,998.4833,0.7545,0.0000,0.0000,0.0007,11991308.1218
2026-07-31T19:39:00+05:30,994.20,0.0000,994.2004,0.7499,0.0000,0.0000,0.0008,11751109.5112
2026-07-31T19:40:00+05:30,1028.20,1.2999,1026.8987,0.7729,0.0004,682.6325,0.0008,11659773.2780
2026-07-31T19:41:00+05:30,1000.23,0.0000,1000.2334,0.7535,0.0000,0.0000,0.0007,11615677.2849
2026-07-31T19:42:00+05:30,968.61,0.0000,968.6058,0.7289,0.0000,0.0000,0.0007,11079150.6890
2026-07-31T19:43:00+05:30,980.83,0.0000,980.8321,0.7419,0.0000,0.0000,0.0007,11899201.8934
2026-07-31T19:44:00+05:30,995.22,0.0000,995.2175,0.7494,0.0000,0.0000,0.0008,11547144.7283
2026-07-31T19:45:00+05:30,1018.50,1.3003,1017.2037,0.7644,0.0004,682.8146,0.0007,11395219.8976
2026-07-31T19:46:00+05:30,964.40,0.0000,964.4036,0.7262,0.0000,0.0000,0.0007,11163487.3846
2026-07-31T19:47:00+05:30,967.65,0.0000,967.6468,0.7316,0.0000,0.0000,0.0008,11727279.1399
2026-07-31T19:48:00+05:30,976.70,0.0000,976.6977,0.7405,0.0000,0.0000,0.0008,12228805.8940
2026-07-31T19:49:00+05:30,990.74,0.0000,990.7350,0.7463,0.0000,0.0000,0.0007,11588121.9110
2026-07-31T19:50:00+05:30,1020.38,0.0000,1020.3837,0.7678,0.0000,0.0000,0.0007,11682406.4000
2026-07-31T19:51:00+05:30,984.47,1.3001,983.1655,0.7405,0.0000,682.7236,0.0007,11352873.5395
2026-07-31T19:52:00+05:30,967.73,0.0000,967.7290,0.7300,0.0000,0.0000,0.0007,11468840.9648
2026-07-31T19:53:00+05:30,977.60,0.0000,977.5989,0.7445,0.0000,0.0000,0.0008,12680279.8807
2026-07-31T19:54:00+05:30,1023.78,0.0000,1023.7821,0.7753,0.0000,0.0000,0.0008,12496684.2439
2026-07-31T19:55:00+05:30,1017.73,1.2996,1016.4287,0.7694,0.0000,682.4733,0.0007,12367371.6447
2026-07-31T19:56:00+05:30,957.81,0.0000,957.8096,0.7270,0.0000,0.0000,0.0007,12091017.8363
2026-07-31T19:57:00+05:30,966.69,0.0167,966.6689,0.7286,0.0000,68.2621,0.0007,11136554.6297
2026-07-31T19:58:00+05:30,963.97,0.0000,963.9749,0.7389,0.0000,0.0000,0.0008,13208434.0941
2026-07-31T19:59:00+05:30,983.72,0.0000,983.7183,0.7433,0.0000,0.0000,0.0008,11590099.7584
2026-07-31T20:00:00+05:30,1014.58,0.0000,1014.5821,0.7644,0.0000,0.0000,0.0008,11584707.1411
2026-07-31T20:01:00+05:30,987.97,1.3001,986.6658,0.7452,0.0004,682.7008,0.0008,11483710.1855
2026-07-31T20:02:00+05:30,1066.05,0.0000,1066.0511,0.8012,0.0000,0.0000,0.0007,11690851.5617
2026-07-31T20:03:00+05:30,983.66,0.0000,983.6639,0.7534,0.0000,0.0000,0.0007,13578613.1457
2026-07-31T20:04:00+05:30,989.90,0.0000,989.9007,0.7537,0.0000,0.0000,0.0007,12889037.9135
2026-07-31T20:05:00+05:30,1014.35,1.3164,1013.0303,0.7687,0.0004,750.7582,0.0007,12629526.7104
2026-07-31T20:06:00+05:30,1020.54,0.0000,1020.5361,0.7723,0.0000,0.0000,0.0007,12413010.8513
2026-07-31T20:07:00+05:30,1047.42,0.0000,1047.4182,0.7849,0.0000,0.0000,0.0007,11288799.1066
2026-07-31T20:08:00+05:30,1022.00,0.0000,1021.9960,0.7722,0.0000,0.0000,0.0007,12261244.8177
2026-07-31T20:09:00+05:30,1008.87,0.0000,1008.8692,0.7610,0.0000,0.0000,0.0007,11966230.9359
2026-07-31T20:10:00+05:30,1042.22,1.2996,1040.9211,0.7832,0.0000,682.4619,0.0007,11829863.3077
2026-07-31T20:11:00+05:30,1009.67,0.0000,1009.6707,0.7611,0.0000,0.0000,0.0007,11835339.9250
2026-07-31T20:12:00+05:30,971.19,0.0000,971.1867,0.7307,0.0000,0.0000,0.0007,11192243.0383
2026-07-31T20:13:00+05:30,990.71,0.0000,990.7057,0.7488,0.0000,0.0000,0.0008,12036387.6943
2026-07-31T20:14:00+05:30,999.43,0.0000,999.4332,0.7533,0.0000,0.0000,0.0007,11725127.7674
2026-07-31T20:15:00+05:30,1008.65,0.0000,1008.6523,0.7582,0.0000,0.0000,0.0007,11409651.6404
2026-07-31T20:16:00+05:30,990.20,1.2999,988.9009,0.7457,0.0004,682.6098,0.0008,11547095.3421
2026-07-31T20:17:00+05:30,965.72,0.0000,965.7201,0.7271,0.0000,0.0000,0.0007,11157070.9596
2026-07-31T20:18:00+05:30,979.37,0.0000,979.3684,0.7443,0.0000,0.0000,0.0008,12562750.4375
2026-07-31T20:19:00+05:30,991.68,0.0000,991.6822,0.7515,0.0000,0.0000,0.0008,12333130.2840
2026-07-31T20:20:00+05:30,1038.94,0.0000,1038.9379,0.7808,0.0000,0.0000,0.0008,11736818.8955
2026-07-31T20:21:00+05:30,993.45,1.2998,992.1509,0.7493,0.0000,682.5870,0.0007,11788004.9994
2026-07-31T20:22:00+05:30,972.77,0.0000,972.7698,0.7349,0.0000,0.0000,0.0007,11667460.1297
2026-07-31T20:23:00+05:30,994.00,0.0000,993.9989,0.7576,0.0000,0.0000,0.0007,13012442.1477
2026-07-31T20:24:00+05:30,1040.25,0.0000,1040.2547,0.7896,0.0000,0.0000,0.0008,12922885.8033
2026-07-31T20:25:00+05:30,1004.83,1.2999,1003.5330,0.7622,0.0008,682.5984,0.0007,12544998.3002
2026-07-31T20:26:00+05:30,979.28,0.0000,979.2823,0.7451,0.0000,0.0000,0.0008,12614740.6037
2026-07-31T20:27:00+05:30,975.25,1.1665,974.0864,0.7351,0.0000,682.5757,0.0007,11348844.1541
2026-07-31T20:28:00+05:30,987.62,0.0000,987.6152,0.7489,0.0000,0.0000,0.0008,12196647.0196
2026-07-31T20:29:00+05:30,1051.28,0.0000,1051.2756,0.7939,0.0000,0.0000,0.0008,12209300.3383
2026-07-31T20:30:00+05:30,1106.01,1.3001,1104.7052,0.8306,0.0008,682.6894,0.0008,12028782.8261
2026-07-31T20:31:00+05:30,998.12,0.0000,998.1164,0.7509,0.0000,0.0000,0.0007,11238328.3104
2026-07-31T20:32:00+05:30,963.89,0.0000,963.8906,0.7271,0.0000,0.0000,0.0008,11189808.9715
2026-07-31T20:33:00+05:30,979.13,0.0000,979.1292,0.7428,0.0000,0.0000,0.0008,12045866.8799
2026-07-31T20:34:00+05:30,991.23,0.0000,991.2276,0.7599,0.0000,0.0000,0.0008,13519170.3941
2026-07-31T20:35:00+05:30,1023.84,1.3002,1022.5367,0.7700,0.0004,682.7577,0.0007,11452304.5739
2026-07-31T20:36:00+05:30,1005.08,0.0000,1005.0820,0.7580,0.0000,0.0000,0.0007,11621485.4705
2026-07-31T20:37:00+05:30,1083.91,0.0000,1083.9112,0.8147,0.0000,0.0000,0.0008,12036881.7176
2026-07-31T20:38:00+05:30,999.95,0.0000,999.9500,0.7639,0.0000,0.0000,0.0007,13582213.9250
2026-07-31T20:39:00+05:30,994.88,0.0000,994.8827,0.7644,0.0000,0.0000,0.0007,14197095.2611
2026-07-31T20:40:00+05:30,1023.49,0.0000,1023.4937,0.7781,0.0000,0.0000,0.0007,13167981.0720
2026-07-31T20:41:00+05:30,1071.18,1.3169,1069.8640,0.8120,0.0000,751.0836,0.0007,13137885.1770
2026-07-31T20:42:00+05:30,1051.33,0.0000,1051.3299,0.7904,0.0000,0.0000,0.0007,11448922.0719
2026-07-31T20:43:00+05:30,1044.01,0.0000,1044.0059,0.7902,0.0000,0.0000,0.0007,12504024.5366
2026-07-31T20:44:00+05:30,1037.79,0.0000,1037.7943,0.7846,0.0000,0.0000,0.0008,12399189.7215
2026-07-31T20:45:00+05:30,1030.37,1.3000,1029.0672,0.7768,0.0004,682.6780,0.0007,11953419.4903
2026-07-31T20:46:00+05:30,1024.74,0.0000,1024.7383,0.7738,0.0000,0.0000,0.0007,12070868.5737
2026-07-31T20:47:00+05:30,965.70,0.0000,965.6988,0.7289,0.0000,0.0000,0.0008,11274610.8686
2026-07-31T20:48:00+05:30,990.06,0.0000,990.0630,0.7498,0.0000,0.0000,0.0007,12027193.9711
2026-07-31T20:49:00+05:30,1010.67,0.0000,1010.6654,0.7640,0.0000,0.0000,0.0007,11998992.6509
2026-07-31T20:50:00+05:30,1044.20,1.3000,1042.9000,0.7856,0.0004,682.6667,0.0007,11750126.9333
2026-07-31T20:51:00+05:30,997.32,0.0000,997.3162,0.7533,0.0000,0.0000,0.0007,11743414.3024
2026-07-31T20:52:00+05:30,969.21,0.0000,969.2072,0.7315,0.0000,0.0000,0.0007,11296265.0004
2026-07-31T20:53:00+05:30,994.02,0.0000,994.0161,0.7530,0.0000,0.0000,0.0007,12165037.3877
2026-07-31T20:54:00+05:30,1007.47,0.0000,1007.4664,0.7617,0.0000,0.0000,0.0007,12056928.8869
2026-07-31T20:55:00+05:30,1032.28,1.2999,1030.9802,0.7770,0.0000,682.6098,0.0007,11669145.9712
2026-07-31T20:56:00+05:30,1007.87,0.0000,1007.8684,0.7606,0.0000,0.0000,0.0007,11836522.9800
2026-07-31T20:57:00+05:30,969.43,0.0000,969.4328,0.7319,0.0000,0.0000,0.0008,11306734.9333
2026-07-31T20:58:00+05:30,981.89,0.0000,981.8897,0.7533,0.0000,0.0000,0.0007,13540323.2868
2026-07-31T20:59:00+05:30,1005.17,0.0000,1005.1676,0.7605,0.0000,0.0000,0.0007,12029558.9785
2026-07-31T21:00:00+05:30,1054.27,1.3002,1052.9737,0.7931,0.0004,682.7577,0.0007,11846119.2159
2026-07-31T21:01:00+05:30,1007.88,0.0000,1007.8835,0.7614,0.0000,0.0000,0.0008,11861538.1333
2026-07-31T21:02:00+05:30,981.62,0.0000,981.6188,0.7460,0.0000,0.0000,0.0008,12375099.5567
2026-07-31T21:03:00+05:30,1019.30,0.0000,1019.3000,0.7789,0.0000,0.0000,0.0007,13657065.1822
2026-07-31T21:04:00+05:30,1081.60,0.0000,1081.6024,0.8216,0.0000,0.0000,0.0007,13533133.1977
2026-07-31T21:05:00+05:30,1003.47,1.2995,1002.1659,0.7652,0.0004,682.4392,0.0007,13143505.7647
2026-07-31T21:06:00+05:30,974.27,0.0167,974.2487,0.7454,0.0000,68.2689,0.0007,13151602.1201
2026-07-31T21:07:00+05:30,968.65,0.0000,968.6453,0.7318,0.0000,0.0000,0.0008,11415011.4517
2026-07-31T21:08:00+05:30,995.65,0.0000,995.6518,0.7552,0.0000,0.0000,0.0007,12344637.7343
2026-07-31T21:09:00+05:30,1008.69,0.0000,1008.6870,0.7635,0.0000,0.0000,0.0007,12178043.0186
2026-07-31T21:10:00+05:30,1051.68,1.2999,1050.3800,0.7923,0.0000,682.6098,0.0007,12027857.4119
2026-07-31T21:11:00+05:30,1009.10,0.0000,1009.0979,0.7627,0.0000,0.0000,0.0008,11941348.7078
2026-07-31T21:12:00+05:30,972.42,0.0000,972.4191,0.7346,0.0000,0.0000,0.0007,11445358.7687
2026-07-31T21:13:00+05:30,1002.43,0.0000,1002.4319,0.7594,0.0000,0.0000,0.0007,12288477.5881
2026-07-31T21:14:00+05:30,993.60,0.0000,993.5972,0.7517,0.0000,0.0000,0.0007,11901443.1587
2026-07-31T21:15:00+05:30,1052.68,1.2996,1051.3829,0.7920,0.0004,682.4392,0.0007,11883177.0743
2026-07-31T21:16:00+05:30,1005.65,0.0000,1005.6510,0.7589,0.0000,0.0000,0.0007,11813937.6219
2026-07-31T21:17:00+05:30,1108.79,0.0000,1108.7870,0.8442,0.0000,0.0000,0.0008,14055521.7254
2026-07-31T21:18:00+05:30,1073.41,0.0000,1073.4142,0.8182,0.0000,0.0000,0.0007,13872689.5770
2026-07-31T21:19:00+05:30,989.17,0.0000,989.1658,0.7586,0.0000,0.0000,0.0007,13768442.4442
2026-07-31T21:20:00+05:30,1044.77,0.0000,1044.7721,0.7947,0.0000,0.0000,0.0008,13370438.7237
2026-07-31T21:21:00+05:30,1100.58,1.3001,1099.2766,0.8394,0.0004,682.7349,0.0007,14442370.1037
2026-07-31T21:22:00+05:30,1086.31,0.0000,1086.3138,0.8163,0.0000,0.0000,0.0008,11891110.8296
2026-07-31T21:23:00+05:30,1050.27,0.0000,1050.2709,0.7991,0.0000,0.0000,0.0008,13449517.5931
2026-07-31T21:24:00+05:30,981.99,0.0000,981.9851,0.7511,0.0000,0.0000,0.0008,13402323.3289
2026-07-31T21:25:00+05:30,1092.21,1.3003,1090.9076,0.8258,0.0004,682.8488,0.0007,13113359.2958
2026-07-31T21:26:00+05:30,1090.92,0.0000,1090.9197,0.8253,0.0000,0.0000,0.0008,13034793.9598
2026-07-31T21:27:00+05:30,980.22,0.0000,980.2196,0.7400,0.0000,0.0000,0.0007,11475611.9915
2026-07-31T21:28:00+05:30,1019.21,0.0000,1019.2119,0.7722,0.0000,0.0000,0.0007,12427436.2649
2026-07-31T21:29:00+05:30,1021.73,0.0000,1021.7337,0.7733,0.0000,0.0000,0.0008,12294485.4414
2026-07-31T21:30:00+05:30,1079.26,0.0000,1079.2624,0.8126,0.0000,0.0000,0.0008,12112968.3551
2026-07-31T21:31:00+05:30,1014.70,1.2996,1013.3962,0.7665,0.0008,682.4733,0.0007,11959457.3537
2026-07-31T21:32:00+05:30,972.16,0.0000,972.1606,0.7347,0.0000,0.0000,0.0008,11443153.4833
2026-07-31T21:33:00+05:30,1003.00,0.0000,1002.9996,0.7608,0.0000,0.0000,0.0007,12355642.1203
2026-07-31T21:34:00+05:30,994.12,0.0000,994.1163,0.7527,0.0000,0.0000,0.0008,12011155.5963
2026-07-31T21:35:00+05:30,1068.69,0.0000,1068.6879,0.8052,0.0000,0.0000,0.0007,12136099.0716
2026-07-31T21:36:00+05:30,1017.36,1.2999,1016.0651,0.7680,0.0000,682.5984,0.0007,11984243.7090
2026-07-31T21:37:00+05:30,969.64,0.0000,969.6369,0.7326,0.0000,0.0000,0.0008,11434069.3931
2026-07-31T21:38:00+05:30,1009.60,0.0000,1009.6006,0.7652,0.0000,0.0000,0.0007,12411705.3853
2026-07-31T21:39:00+05:30,1019.97,0.0000,1019.9697,0.7722,0.0000,0.0000,0.0007,12292711.1852
2026-07-31T21:40:00+05:30,1072.39,1.2996,1071.0953,0.8071,0.0000,682.4506,0.0007,12083879.0383
2026-07-31T21:41:00+05:30,1021.17,0.0000,1021.1744,0.7718,0.0000,0.0000,0.0007,12076838.5214
2026-07-31T21:42:00+05:30,971.59,0.0000,971.5876,0.7338,0.0000,0.0000,0.0007,11440596.4439
2026-07-31T21:43:00+05:30,1007.83,0.0000,1007.8311,0.7645,0.0000,0.0000,0.0007,12401493.4186
2026-07-31T21:44:00+05:30,1002.30,0.0000,1002.3006,0.7593,0.0000,0.0000,0.0007,12125416.4208
2026-07-31T21:45:00+05:30,1071.15,0.0000,1071.1513,0.8065,0.0000,0.0000,0.0007,12095324.9463
2026-07-31T21:46:00+05:30,1016.51,1.3005,1015.2056,0.7727,0.0008,682.9285,0.0007,12955084.5157
2026-07-31T21:47:00+05:30,966.31,0.0000,966.3112,0.7360,0.0000,0.0000,0.0008,12462704.4319
2026-07-31T21:48:00+05:30,1025.86,0.0000,1025.8599,0.7797,0.0000,0.0000,0.0007,12944761.3458
2026-07-31T21:49:00+05:30,981.19,0.0000,981.1890,0.7483,0.0000,0.0000,0.0008,12849334.2886
2026-07-31T21:50:00+05:30,1084.74,1.3000,1083.4361,0.8194,0.0008,682.6894,0.0007,12740554.8185
2026-07-31T21:51:00+05:30,1052.89,0.0000,1052.8894,0.7997,0.0000,0.0000,0.0008,13108742.5182
2026-07-31T21:52:00+05:30,983.79,0.0000,983.7935,0.7459,0.0000,0.0000,0.0008,12102718.4207
2026-07-31T21:53:00+05:30,1059.80,0.0000,1059.7970,0.8081,0.0000,0.0000,0.0007,13748058.3961
2026-07-31T21:54:00+05:30,1091.70,0.0000,1091.7029,0.8289,0.0000,0.0000,0.0008,13374301.0548
2026-07-31T21:55:00+05:30,968.09,1.2998,966.7878,0.7412,0.0004,682.5757,0.0007,13273912.2784
2026-07-31T21:56:00+05:30,976.48,0.0000,976.4849,0.7472,0.0000,0.0000,0.0007,13245922.2718
2026-07-31T21:57:00+05:30,971.28,0.0000,971.2833,0.7342,0.0000,0.0000,0.0008,11486126.3688
2026-07-31T21:58:00+05:30,1008.10,0.0000,1008.1024,0.7653,0.0000,0.0000,0.0007,12569547.9310
2026-07-31T21:59:00+05:30,1008.45,0.0000,1008.4487,0.7645,0.0000,0.0000,0.0008,12320967.3054
2026-07-31T22:00:00+05:30,1060.90,1.3001,1059.6030,0.8002,0.0004,682.7008,0.0008,12275574.8454
2026-07-31T22:01:00+05:30,1027.69,0.0000,1027.6870,0.7776,0.0000,0.0000,0.0007,12299607.0744
2026-07-31T22:02:00+05:30,974.20,0.0000,974.2034,0.7358,0.0000,0.0000,0.0008,11479147.8470
2026-07-31T22:03:00+05:30,1017.13,0.0000,1017.1342,0.7710,0.0000,0.0000,0.0008,12484955.8985
2026-07-31T22:04:00+05:30,1010.97,0.0000,1010.9668,0.7655,0.0000,0.0000,0.0008,12216523.6087
2026-07-31T22:05:00+05:30,1089.73,0.0000,1089.7323,0.8202,0.0000,0.0000,0.0007,12191847.5226
2026-07-31T22:06:00+05:30,1019.92,1.3002,1018.6195,0.7704,0.0000,682.7577,0.0007,11992434.1912
2026-07-31T22:07:00+05:30,976.23,0.0000,976.2278,0.7381,0.0000,0.0000,0.0008,11545346.0699
2026-07-31T22:08:00+05:30,1018.71,0.0000,1018.7129,0.7728,0.0000,0.0000,0.0007,12533233.0867
2026-07-31T22:09:00+05:30,1028.61,0.0000,1028.6129,0.7787,0.0000,0.0000,0.0007,12334619.1405
2026-07-31T22:10:00+05:30,1067.95,0.0000,1067.9492,0.8044,0.0000,0.0000,0.0007,12072359.9567
2026-07-31T22:11:00+05:30,1017.61,1.2999,1016.3150,0.7897,0.0000,682.5984,0.0008,15617373.7293
2026-07-31T22:12:00+05:30,1133.91,0.0000,1133.9091,0.8559,0.0000,0.0000,0.0008,12907091.3274
2026-07-31T22:13:00+05:30,1028.23,0.0000,1028.2329,0.7942,0.0000,0.0000,0.0007,15240552.3908
2026-07-31T22:14:00+05:30,966.69,0.0000,966.6928,0.7522,0.0000,0.0000,0.0008,15303353.7723
2026-07-31T22:15:00+05:30,1033.59,1.3002,1032.2893,0.7932,0.0008,682.7918,0.0007,14562857.5906
2026-07-31T22:16:00+05:30,1177.00,0.0000,1177.0028,0.8938,0.0000,0.0000,0.0007,14542315.1160
2026-07-31T22:17:00+05:30,1109.24,0.0000,1109.2382,0.8339,0.0000,0.0000,0.0007,12080126.9757
2026-07-31T22:18:00+05:30,1094.36,0.0000,1094.3557,0.8320,0.0000,0.0000,0.0007,13709009.6822
2026-07-31T22:19:00+05:30,1003.02,0.0000,1003.0164,0.7690,0.0000,0.0000,0.0007,13838642.2239
2026-07-31T22:20:00+05:30,1130.70,1.3000,1129.4022,0.8552,0.0004,682.6667,0.0007,13398289.0667
2026-07-31T22:21:00+05:30,1116.70,0.0000,1116.6997,0.8459,0.0000,0.0000,0.0008,13375659.6369
2026-07-31T22:22:00+05:30,968.56,0.0000,968.5605,0.7326,0.0000,0.0000,0.0007,11551704.0937
2026-07-31T22:23:00+05:30,1013.97,0.0000,1013.9685,0.7696,0.0000,0.0000,0.0007,12553319.6426
2026-07-31T22:24:00+05:30,1035.72,0.0000,1035.7155,0.7841,0.0000,0.0000,0.0007,12495998.1334
2026-07-31T22:25:00+05:30,1098.41,1.3003,1097.1076,0.8267,0.0008,682.8488,0.0007,12328629.5012
2026-07-31T22:26:00+05:30,1037.93,0.0000,1037.9308,0.7833,0.0000,0.0000,0.0007,12162875.5416
2026-07-31T22:27:00+05:30,968.59,0.0000,968.5865,0.7314,0.0000,0.0000,0.0007,11443830.5503
2026-07-31T22:28:00+05:30,1022.52,0.0000,1022.5185,0.7752,0.0000,0.0000,0.0007,12609631.0693
2026-07-31T22:29:00+05:30,1033.96,0.0000,1033.9644,0.7825,0.0000,0.0000,0.0007,12391553.6298
2026-07-31T22:30:00+05:30,1092.33,1.2998,1091.0333,0.8218,0.0004,682.5302,0.0007,12264930.4806
2026-07-31T22:31:00+05:30,1030.22,0.0000,1030.2217,0.7784,0.0000,0.0000,0.0007,12167625.8043
2026-07-31T22:32:00+05:30,976.38,0.0000,976.3822,0.7378,0.0000,0.0000,0.0007,11532237.6158
2026-07-31T22:33:00+05:30,1012.56,0.0000,1012.5633,0.7676,0.0000,0.0000,0.0007,12464354.0389
2026-07-31T22:34:00+05:30,1031.54,0.0000,1031.5354,0.7807,0.0000,0.0000,0.0007,12426588.2627
2026-07-31T22:35:00+05:30,1089.58,1.2999,1088.2774,0.8201,0.0004,682.6212,0.0008,12303632.0245
2026-07-31T22:36:00+05:30,1035.94,0.0000,1035.9405,0.7828,0.0000,0.0000,0.0007,12278850.4368
2026-07-31T22:37:00+05:30,971.14,0.0000,971.1353,0.7342,0.0000,0.0000,0.0007,11549062.5958
2026-07-31T22:38:00+05:30,1032.86,0.0000,1032.8617,0.7829,0.0000,0.0000,0.0007,12673313.9581
2026-07-31T22:39:00+05:30,1038.07,0.0000,1038.0711,0.7853,0.0000,0.0000,0.0007,12445780.0447
2026-07-31T22:40:00+05:30,1095.84,1.2998,1094.5390,0.8247,0.0000,682.5870,0.0007,12317009.9488
2026-07-31T22:41:00+05:30,1030.09,0.0000,1030.0858,0.7787,0.0000,0.0000,0.0007,12180059.6060
2026-07-31T22:42:00+05:30,976.28,0.0000,976.2798,0.7369,0.0000,0.0000,0.0007,11546034.8386
2026-07-31T22:43:00+05:30,1014.22,0.0000,1014.2155,0.7692,0.0000,0.0000,0.0007,12507049.4792
2026-07-31T22:44:00+05:30,1038.77,0.0000,1038.7667,0.7861,0.0000,0.0000,0.0007,12470337.2277
2026-07-31T22:45:00+05:30,1088.30,1.3003,1087.0007,0.8251,0.0008,682.8146,0.0007,13401192.6584
2026-07-31T22:46:00+05:30,1025.93,0.0000,1025.9329,0.7753,0.0000,0.0000,0.0007,12142938.1687
2026-07-31T22:47:00+05:30,980.89,0.0000,980.8868,0.7428,0.0000,0.0000,0.0008,11947337.8437
2026-07-31T22:48:00+05:30,1056.01,0.0000,1056.0101,0.8074,0.0000,0.0000,0.0007,14201250.5833
2026-07-31T22:49:00+05:30,977.71,0.0000,977.7137,0.7475,0.0000,0.0000,0.0007,13194383.7986
2026-07-31T22:50:00+05:30,1086.10,0.0000,1086.0971,0.8218,0.0000,0.0000,0.0007,13012000.0667
2026-07-31T22:51:00+05:30,1082.78,1.3000,1081.4833,0.8219,0.0004,682.6780,0.0008,13505283.2214
2026-07-31T22:52:00+05:30,1006.22,0.0000,1006.2174,0.7629,0.0000,0.0000,0.0007,12452473.5886
2026-07-31T22:53:00+05:30,1085.25,0.0000,1085.2500,0.8272,0.0000,0.0000,0.0007,14095125.0812
2026-07-31T22:54:00+05:30,1150.15,0.0000,1150.1483,0.8733,0.0000,0.0000,0.0007,14183869.0972
2026-07-31T22:55:00+05:30,987.43,1.3002,986.1315,0.7582,0.0004,682.7577,0.0007,14005067.3423
2026-07-31T22:56:00+05:30,991.72,0.0000,991.7171,0.7608,0.0000,0.0000,0.0007,13910207.9563
2026-07-31T22:57:00+05:30,980.46,0.0333,980.4297,0.7411,0.0000,136.5606,0.0007,11698262.8526
2026-07-31T22:58:00+05:30,1035.29,0.0000,1035.2941,0.7854,0.0000,0.0000,0.0007,12858818.9968
2026-07-31T22:59:00+05:30,1044.70,0.0000,1044.6993,0.7916,0.0000,0.0000,0.0008,12752069.0655
2026-07-31T23:00:00+05:30,1089.24,1.3002,1087.9436,0.8208,0.0012,682.7349,0.0007,12518423.0423
2026-07-31T23:01:00+05:30,1037.33,0.0000,1037.3315,0.7845,0.0000,0.0000,0.0008,12397016.4158
2026-07-31T23:02:00+05:30,973.10,0.0000,973.0973,0.7346,0.0000,0.0000,0.0007,11567156.4349
2026-07-31T23:03:00+05:30,1013.80,0.0000,1013.7986,0.7687,0.0000,0.0000,0.0007,12478987.8514
2026-07-31T23:04:00+05:30,1041.73,0.0000,1041.7312,0.7888,0.0000,0.0000,0.0007,12547263.8368
2026-07-31T23:05:00+05:30,1103.88,1.3003,1102.5756,0.8309,0.0008,682.8488,0.0007,12364547.3460
2026-07-31T23:06:00+05:30,1033.16,0.0000,1033.1639,0.7808,0.0000,0.0000,0.0007,12207385.1282
2026-07-31T23:07:00+05:30,970.69,0.0000,970.6868,0.7345,0.0000,0.0000,0.0008,11608075.0579
2026-07-31T23:08:00+05:30,1032.79,0.0000,1032.7861,0.7830,0.0000,0.0000,0.0007,12690465.5388
2026-07-31T23:09:00+05:30,1036.57,0.0000,1036.5734,0.7850,0.0000,0.0000,0.0007,12486490.8982
2026-07-31T23:10:00+05:30,1110.42,1.2999,1109.1224,0.8361,0.0008,682.5984,0.0007,12520083.4583
2026-07-31T23:11:00+05:30,1034.80,0.0000,1034.7959,0.7825,0.0000,0.0000,0.0007,12341923.4769
2026-07-31T23:12:00+05:30,969.83,0.0000,969.8313,0.7329,0.0000,0.0000,0.0007,11541385.9591
2026-07-31T23:13:00+05:30,1019.15,0.0000,1019.1548,0.7728,0.0000,0.0000,0.0007,12540649.8291
2026-07-31T23:14:00+05:30,1044.00,0.0000,1044.0027,0.7906,0.0000,0.0000,0.0007,12609502.4576
2026-07-31T23:15:00+05:30,1099.64,0.0000,1099.6435,0.8280,0.0000,0.0000,0.0007,12381487.9382
2026-07-31T23:16:00+05:30,1034.66,1.3008,1033.3550,0.7820,0.0000,683.1221,0.0008,12291278.9860
2026-07-31T23:17:00+05:30,965.61,0.0000,965.6092,0.7304,0.0000,0.0000,0.0008,11560415.2157
2026-07-31T23:18:00+05:30,1039.94,0.0000,1039.9393,0.7877,0.0000,0.0000,0.0007,12748876.8128
2026-07-31T23:19:00+05:30,1032.66,0.0000,1032.6634,0.8019,0.0000,0.0000,0.0008,15935123.2877
2026-07-31T23:20:00+05:30,1102.09,0.5164,1101.5710,0.8297,0.0008,341.1798,0.0008,12369610.2087
2026-07-31T23:21:00+05:30,1048.12,0.7839,1047.3316,0.7975,0.0000,341.5610,0.0008,13357086.0574
2026-07-31T23:22:00+05:30,1161.33,0.0000,1161.3349,0.8760,0.0000,0.0000,0.0007,13142305.8416
2026-07-31T23:23:00+05:30,1042.84,0.0000,1042.8383,0.8089,0.0000,0.0000,0.0008,16076769.2769
2026-07-31T23:24:00+05:30,995.63,0.0000,995.6340,0.7820,0.0000,0.0000,0.0008,17185330.4671
2026-07-31T23:25:00+05:30,1074.47,1.3000,1073.1667,0.8269,0.0000,682.6667,0.0007,15505612.8000
2026-07-31T23:26:00+05:30,1237.25,0.0000,1237.2508,0.9411,0.0000,0.0000,0.0007,15405667.3555
2026-07-31T23:27:00+05:30,1143.64,1.1668,1142.4714,0.8592,0.0000,682.7691,0.0008,12400247.2371
2026-07-31T23:28:00+05:30,1130.46,0.0000,1130.4630,0.8590,0.0000,0.0000,0.0007,14100964.5792
2026-07-31T23:29:00+05:30,1015.90,0.0000,1015.8976,0.7785,0.0000,0.0000,0.0007,13982437.5937
2026-07-31T23:30:00+05:30,1171.70,1.2999,1170.3996,0.8860,0.0004,682.6098,0.0007,13837387.6844
2026-07-31T23:31:00+05:30,1153.75,0.0000,1153.7500,0.8734,0.0000,0.0000,0.0008,13723965.4006
2026-07-31T23:32:00+05:30,956.02,0.0000,956.0245,0.7226,0.0000,0.0000,0.0007,11301128.0444
2026-07-31T23:33:00+05:30,1047.88,0.0000,1047.8817,0.7941,0.0000,0.0000,0.0007,12645699.4484
2026-07-31T23:34:00+05:30,1046.63,0.0000,1046.6318,0.7917,0.0000,0.0000,0.0008,12422685.6438
2026-07-31T23:35:00+05:30,1107.16,1.3001,1105.8553,0.8331,0.0004,682.7008,0.0007,12374429.9215
2026-07-31T23:36:00+05:30,1038.35,0.0000,1038.3532,0.7842,0.0000,0.0000,0.0007,12187912.7261
2026-07-31T23:37:00+05:30,981.08,0.0000,981.0836,0.7418,0.0000,0.0000,0.0007,11689584.3736
2026-07-31T23:38:00+05:30,1044.88,0.0000,1044.8751,0.7921,0.0000,0.0000,0.0008,12803250.6041
2026-07-31T23:39:00+05:30,1048.88,0.0000,1048.8809,0.7945,0.0000,0.0000,0.0007,12688568.7716
2026-07-31T23:40:00+05:30,1101.88,1.3002,1100.5784,0.8300,0.0004,682.7577,0.0007,12462034.9380
2026-07-31T23:41:00+05:30,1038.57,0.0000,1038.5692,0.7855,0.0000,0.0000,0.0007,12333194.7931
2026-07-31T23:42:00+05:30,945.92,0.0000,945.9234,0.7166,0.0000,0.0000,0.0007,11421537.1485
2026-07-31T23:43:00+05:30,1043.00,0.0000,1042.9966,0.7910,0.0000,0.0000,0.0007,12758896.3633
2026-07-31T23:44:00+05:30,1049.91,0.0000,1049.9116,0.7953,0.0000,0.0000,0.0008,12615409.6054
2026-07-31T23:45:00+05:30,1114.39,1.3001,1113.0928,0.8392,0.0000,682.7236,0.0007,12516917.2098
2026-07-31T23:46:00+05:30,1042.31,0.0000,1042.3124,0.7885,0.0000,0.0000,0.0007,12361174.5492
2026-07-31T23:47:00+05:30,979.78,0.0000,979.7847,0.7407,0.0000,0.0000,0.0007,11646336.1109
2026-07-31T23:48:00+05:30,1047.97,0.0000,1047.9707,0.7943,0.0000,0.0000,0.0007,12770002.8336
2026-07-31T23:49:00+05:30,1059.20,0.0000,1059.2048,0.8021,0.0000,0.0000,0.0007,12743930.1473
2026-07-31T23:50:00+05:30,1121.32,1.3002,1120.0200,0.8438,0.0000,682.7805,0.0007,12560429.4049
2026-07-31T23:51:00+05:30,1050.69,0.0000,1050.6901,0.7951,0.0000,0.0000,0.0008,12500136.3538
2026-07-31T23:52:00+05:30,958.02,0.0000,958.0160,0.7250,0.0000,0.0000,0.0007,11480733.2122
2026-07-31T23:53:00+05:30,1047.75,0.0000,1047.7484,0.7941,0.0000,0.0000,0.0008,12774170.8915
2026-07-31T23:54:00+05:30,1049.53,0.0000,1049.5284,0.7946,0.0000,0.0000,0.0007,12614418.5581
2026-07-31T23:55:00+05:30,1117.71,1.3003,1116.4066,0.8417,0.0008,682.8146,0.0007,12545899.0781
2026-07-31T23:56:00+05:30,1051.22,0.0000,1051.2180,0.7947,0.0000,0.0000,0.0007,12458069.5125
2026-07-31T23:57:00+05:30,979.86,0.0000,979.8610,0.7404,0.0000,0.0000,0.0007,11643868.7650
2026-07-31T23:58:00+05:30,1056.72,0.0000,1056.7229,0.8006,0.0000,0.0000,0.0007,12860515.8388
2026-07-31T23:59:00+05:30,1053.35,0.0000,1053.3518,0.7978,0.0000,0.0000,0.0007,12687311.6989
2026-08-01T00:00:00+05:30,1117.29,1.3003,1115.9918,0.8414,0.0000,682.8032,0.0007,12534014.0028
2026-08-01T00:01:00+05:30,1036.21,0.1000,1036.1052,0.8005,0.0000,2593.3121,0.0008,15229498.3922
2026-08-01T00:02:00+05:30,1020.77,0.0000,1020.7684,0.7760,0.0000,0.0000,0.0008,12836773.1978
2026-08-01T00:03:00+05:30,1077.77,0.1333,1077.6345,0.8298,0.0000,2866.6744,0.0007,15472465.7813
2026-08-01T00:04:00+05:30,1182.14,0.2000,1181.9394,0.9026,0.0013,1775.3180,0.0007,15282824.8787
2026-08-01T00:05:00+05:30,1050.20,0.0000,1050.1967,0.8087,0.0000,0.0000,0.0008,15063059.7960
2026-08-01T00:06:00+05:30,991.73,1.3001,990.4327,0.7674,0.0004,682.7122,0.0007,15053120.8747
2026-08-01T00:07:00+05:30,981.63,0.1167,981.5164,0.7430,0.0000,2730.6667,0.0007,11755656.5333
2026-08-01T00:08:00+05:30,1041.28,0.0333,1041.2493,0.7941,0.0000,204.8000,0.0007,13520759.4667
2026-08-01T00:09:00+05:30,1058.88,0.0000,1058.8784,0.8026,0.0000,0.0000,0.0008,12824795.3871
2026-08-01T00:10:00+05:30,1122.32,2.2170,1120.1034,0.8460,0.0003,18571.9382,0.0008,12757351.1144
2026-08-01T00:11:00+05:30,1059.83,1.3000,1058.5324,0.8018,0.0004,682.6439,0.0008,12659085.2305
2026-08-01T00:12:00+05:30,969.74,0.0000,969.7384,0.7342,0.0000,0.0000,0.0007,11666399.0668
2026-08-01T00:13:00+05:30,1081.09,3.8338,1077.2603,0.8187,0.0006,32089.6119,0.0008,13206650.4867
2026-08-01T00:14:00+05:30,1093.26,0.0000,1093.2620,0.8282,0.0000,0.0000,0.0007,13078215.4226
2026-08-01T00:15:00+05:30,1137.54,1.2998,1136.2440,0.8578,0.0004,682.5529,0.0007,12912262.8895
2026-08-01T00:16:00+05:30,984.70,0.0500,984.6472,0.7508,0.0027,409.6751,0.0007,12879229.4587
2026-08-01T00:17:00+05:30,984.53,0.0333,984.5000,0.7446,0.0020,273.0712,0.0008,11724585.8098
2026-08-01T00:18:00+05:30,1066.18,0.0167,1066.1610,0.8084,0.0000,136.5538,0.0007,12995621.8766
2026-08-01T00:19:00+05:30,1073.37,0.0167,1073.3535,0.8129,0.0000,136.4469,0.0007,12877177.7874
2026-08-01T00:20:00+05:30,1147.58,7.3542,1140.2295,0.8629,0.0005,51161.5776,0.0007,12882744.8011
2026-08-01T00:21:00+05:30,1065.52,0.0833,1065.4383,0.8054,0.0000,1228.2473,0.0008,12522185.8164
2026-08-01T00:22:00+05:30,992.25,9.9210,982.3257,0.7472,0.0005,78472.4047,0.0007,11661518.3913
2026-08-01T00:23:00+05:30,1085.41,0.3666,1085.0440,0.8221,0.0007,3821.9142,0.0007,13067192.7486
2026-08-01T00:24:00+05:30,1063.70,0.2334,1063.4659,0.8051,0.0000,2185.0796,0.0007,12686094.1902
2026-08-01T00:25:00+05:30,1119.04,1.9834,1117.0520,0.8427,0.0006,7099.8517,0.0007,12512532.8089
2026-08-01T00:26:00+05:30,1050.11,0.8166,1049.2951,0.7927,0.0004,7508.7076,0.0007,12213254.2288
2026-08-01T00:27:00+05:30,986.67,0.7166,985.9516,0.7457,0.0004,6689.2414,0.0007,11707059.8587
2026-08-01T00:28:00+05:30,1063.56,0.4834,1063.0740,0.8060,0.0006,4096.4779,0.0008,12907046.0887
2026-08-01T00:29:00+05:30,1071.78,0.5166,1071.2643,0.8111,0.0005,4915.0362,0.0007,12777933.5355
2026-08-01T00:30:00+05:30,1141.52,15.1482,1126.3686,0.8553,0.0004,114811.1387,0.0007,12659600.3800
2026-08-01T00:31:00+05:30,1031.09,0.5834,1030.5046,0.7815,0.0008,5189.1315,0.0008,12424487.8146
2026-08-01T00:32:00+05:30,970.60,0.4500,970.1510,0.7343,0.0006,4095.7952,0.0007,11647076.3129
2026-08-01T00:33:00+05:30,1072.36,15.5484,1056.8110,0.8081,0.0004,132833.6500,0.0007,12849095.8904
2026-08-01T00:34:00+05:30,1072.33,0.3500,1071.9785,0.8116,0.0004,3003.5331,0.0007,12802832.8778
2026-08-01T00:35:00+05:30,1124.25,1.5002,1122.7477,0.8467,0.0004,2730.9853,0.0007,12633811.0113
2026-08-01T00:36:00+05:30,1054.64,0.4334,1054.2108,0.7976,0.0006,4233.3800,0.0008,12487788.2243
2026-08-01T00:37:00+05:30,979.75,3.1832,976.5674,0.7400,0.0005,29421.9526,0.0007,11661879.0040
2026-08-01T00:38:00+05:30,1055.92,1.4497,1054.4724,0.7999,0.0005,20202.8928,0.0007,12837232.0203
2026-08-01T00:39:00+05:30,1058.80,0.4168,1058.3793,0.8019,0.0002,3823.8256,0.0007,12691755.0095
2026-08-01T00:40:00+05:30,1129.50,1.7165,1127.7851,0.8508,0.0003,4095.4539,0.0007,12680071.4571
2026-08-01T00:41:00+05:30,1055.24,18.3843,1036.8518,0.7937,0.0004,143025.8180,0.0007,12437033.5850
2026-08-01T00:42:00+05:30,984.93,0.1833,984.7500,0.7452,0.0004,1501.8667,0.0007,11740910.9333
2026-08-01T00:43:00+05:30,1085.36,20.7656,1064.5968,0.8159,0.0005,164036.5982,0.0007,12906738.1298
2026-08-01T00:44:00+05:30,1090.57,19.4138,1071.1560,0.8196,0.0005,138970.0878,0.0008,12807499.6750
2026-08-01T00:45:00+05:30,1237.52,130.2782,1107.2399,0.9778,0.0008,529591.0114,0.0008,16838686.2487
2026-08-01T00:46:00+05:30,1077.04,0.3500,1076.6872,0.8258,0.0002,2867.3434,0.0008,14729542.8771
2026-08-01T00:47:00+05:30,1215.17,0.3500,1214.8249,0.9174,0.0008,3276.4178,0.0007,13743821.6208
2026-08-01T00:48:00+05:30,1072.94,0.3000,1072.6439,0.8362,0.0002,2730.4846,0.0008,17186830.7446
2026-08-01T00:49:00+05:30,1002.30,0.1500,1002.1504,0.7858,0.0009,1229.0048,0.0008,17029842.0403
2026-08-01T00:50:00+05:30,1087.02,1.4331,1085.5886,0.8489,0.0007,1774.6671,0.0008,17940724.3580
2026-08-01T00:51:00+05:30,1286.12,0.3167,1285.8048,0.9877,0.0002,6417.9224,0.0007,17494164.0219
2026-08-01T00:52:00+05:30,1204.80,24.0984,1180.7046,0.8993,0.0004,168678.4994,0.0007,12858407.7463
2026-08-01T00:53:00+05:30,1177.50,0.1333,1177.3675,0.8982,0.0000,1092.0665,0.0008,15195763.4434
2026-08-01T00:54:00+05:30,1015.30,25.2175,990.0830,0.7768,0.0004,216139.4713,0.0008,14938405.1468
2026-08-01T00:55:00+05:30,1187.72,1.5838,1186.1330,0.9053,0.0001,3414.2438,0.0008,15242481.7285
2026-08-01T00:56:00+05:30,1249.09,0.1667,1248.9208,0.9462,0.0004,1365.3333,0.0007,14802193.0667
2026-08-01T00:57:00+05:30,981.28,0.1833,981.1016,0.7429,0.0000,1774.7854,0.0008,11890038.4968
2026-08-01T00:58:00+05:30,1073.47,0.2000,1073.2687,0.8147,0.0000,1911.0844,0.0007,13278692.5282
2026-08-01T00:59:00+05:30,1083.54,0.1834,1083.3570,0.8206,0.0004,1638.8643,0.0008,13013060.9006
2026-08-01T01:00:00+05:30,1157.64,1.5662,1156.0698,0.8719,0.0005,2798.0939,0.0007,12918048.8520
2026-08-01T01:01:00+05:30,1062.19,0.3000,1061.8854,0.8034,0.0000,2594.2198,0.0008,12529194.1731
2026-08-01T01:02:00+05:30,1000.20,0.3000,999.9000,0.7564,0.0002,2457.9277,0.0007,11864895.0527
2026-08-01T01:03:00+05:30,1133.85,31.3927,1102.4594,0.8495,0.0004,209601.5197,0.0008,13292053.3884
2026-08-01T01:04:00+05:30,1146.69,32.5598,1114.1342,0.8571,0.0004,259491.1807,0.0007,13041890.1671
2026-08-01T01:05:00+05:30,1159.04,2.3332,1156.7062,0.8724,0.0006,9624.9583,0.0008,12774026.2649
2026-08-01T01:06:00+05:30,1075.54,1.1999,1074.3450,0.8121,0.0004,10375.6687,0.0007,12422815.4320
2026-08-01T01:07:00+05:30,1021.33,1.5166,1019.8163,0.7721,0.0005,13789.6368,0.0007,12031116.8147
2026-08-01T01:08:00+05:30,1087.74,1.5837,1086.1520,0.8235,0.0003,14612.2327,0.0007,13011168.9533
2026-08-01T01:09:00+05:30,1078.52,1.8164,1076.7064,0.8158,0.0005,18634.3154,0.0007,12812900.6799
2026-08-01T01:10:00+05:30,1138.89,1.7334,1137.1569,0.8568,0.0003,15633.8484,0.0007,12546743.6038
2026-08-01T01:11:00+05:30,1039.23,2.7666,1036.4655,0.7848,0.0003,13721.1426,0.0007,12161164.7612
2026-08-01T01:12:00+05:30,999.10,1.9002,997.1997,0.7550,0.0005,18024.5029,0.0008,11894874.6687
2026-08-01T01:13:00+05:30,1092.94,1.6668,1091.2758,0.8268,0.0005,15566.3566,0.0007,13104277.8945
2026-08-01T01:14:00+05:30,1128.65,40.1266,1088.5186,0.8415,0.0004,264625.7624,0.0007,12946049.2585
2026-08-01T01:15:00+05:30,1144.26,2.9999,1141.2596,0.8615,0.0004,16246.6543,0.0007,12825914.4376
2026-08-01T01:16:00+05:30,1101.75,38.0897,1063.6606,0.8216,0.0005,325003.5006,0.0007,12659978.7965
2026-08-01T01:17:00+05:30,997.83,1.5327,996.3014,0.7542,0.0005,14603.4687,0.0008,11891454.4091
2026-08-01T01:18:00+05:30,1082.92,1.2670,1081.6524,0.8198,0.0004,11471.6679,0.0008,13044993.5150
2026-08-01T01:19:00+05:30,1080.26,1.4665,1078.7895,0.8172,0.0003,12832.2085,0.0007,12866746.2547
2026-08-01T01:20:00+05:30,1153.98,1.8502,1152.1344,0.8687,0.0007,16932.1087,0.0008,12856181.4878
2026-08-01T01:21:00+05:30,1065.29,3.1001,1062.1854,0.8051,0.0006,16452.8151,0.0007,12544281.6094
2026-08-01T01:22:00+05:30,1036.85,1.7001,1035.1523,0.7836,0.0007,15224.4816,0.0007,12214949.7967
2026-08-01T01:23:00+05:30,1137.25,2.0331,1135.2198,0.8603,0.0004,17542.7791,0.0007,13505482.5184
2026-08-01T01:24:00+05:30,1120.96,2.7666,1118.1961,0.8466,0.0005,25530.8823,0.0007,13066282.3239
2026-08-01T01:25:00+05:30,1159.53,3.4999,1156.0307,0.8712,0.0003,21298.8450,0.0007,12567342.5443
2026-08-01T01:26:00+05:30,1178.67,90.1425,1088.5260,0.8623,0.0005,670470.5020,0.0008,12588762.8825
2026-08-01T01:27:00+05:30,1051.69,2.3836,1049.3049,0.7946,0.0004,23008.1675,0.0008,12302542.2542
2026-08-01T01:28:00+05:30,1152.44,3.0672,1149.3774,0.8712,0.0005,28949.8916,0.0007,13518097.2829
2026-08-01T01:29:00+05:30,1151.17,2.8825,1148.2913,0.8699,0.0006,25319.7594,0.0007,13381322.2254
2026-08-01T01:30:00+05:30,1650.80,521.0876,1129.7093,1.9241,0.0018,5493380.0990,0.0008,12157104.4393
2026-08-01T01:31:00+05:30,1064.55,6.4662,1058.0795,0.8020,0.0004,60207.1862,0.0007,12191750.4166
2026-08-01T01:32:00+05:30,1083.56,6.3341,1077.2257,0.8193,0.0004,60832.6971,0.0007,12876663.8775
2026-08-01T01:33:00+05:30,1176.11,6.1491,1169.9578,0.8962,0.0004,58358.2736,0.0007,15190897.5171
2026-08-01T01:34:00+05:30,1145.53,6.4330,1139.0930,0.8647,0.0003,63621.3523,0.0007,13343554.6889
2026-08-01T01:35:00+05:30,1161.48,31.6833,1129.8000,0.8673,0.0004,246173.7029,0.0008,13367177.4530
2026-08-01T01:36:00+05:30,1058.35,8.0476,1050.3016,0.8039,0.0004,82644.7625,0.0008,13507675.6360
2026-08-01T01:37:00+05:30,1200.12,67.6949,1132.4218,0.8864,0.0003,491391.6030,0.0008,14795907.0264
2026-08-01T01:38:00+05:30,1154.33,6.5827,1147.7519,0.8918,0.0004,61706.8960,0.0007,17245507.4493
2026-08-01T01:39:00+05:30,1350.23,71.8536,1278.3806,1.0095,0.0004,634355.0118,0.0007,16922641.9547
2026-08-01T01:40:00+05:30,1117.66,30.2237,1087.4371,0.8612,0.0007,2686555.3722,0.0008,16154498.3579
2026-08-01T01:41:00+05:30,1111.41,5.9315,1105.4833,0.8421,0.0006,56984.6215,0.0007,13443866.5089
2026-08-01T01:42:00+05:30,1029.72,6.4663,1023.2488,0.7821,0.0005,64917.2722,0.0008,13005093.5271
2026-08-01T01:43:00+05:30,1125.70,4.5833,1121.1146,0.8529,0.0005,43758.2040,0.0007,13708059.5323
2026-08-01T01:44:00+05:30,1135.74,4.0341,1131.7075,0.8577,0.0006,37621.8307,0.0007,13235305.4060
2026-08-01T01:45:00+05:30,1155.28,6.5008,1148.7840,0.8697,0.0004,172598.2698,0.0007,12968766.3561
2026-08-01T01:46:00+05:30,991.15,3.2163,987.9345,0.7559,0.0007,29078.6921,0.0007,13157016.0317
2026-08-01T01:47:00+05:30,1004.22,3.0499,1001.1666,0.7584,0.0005,30787.7535,0.0007,11913222.2463
2026-08-01T01:48:00+05:30,1098.85,2.3164,1096.5371,0.8317,0.0003,21433.2328,0.0007,13213178.4625
2026-08-01T01:49:00+05:30,1093.60,2.6167,1090.9848,0.8271,0.0003,23483.7333,0.0007,12996471.4667
2026-08-01T01:50:00+05:30,1194.12,71.8619,1122.2585,0.8787,0.0005,497084.7277,0.0008,12764606.0929
2026-08-01T01:51:00+05:30,1081.66,1.9670,1079.6966,0.8180,0.0005,16728.1214,0.0007,12811760.8935
2026-08-01T01:52:00+05:30,997.43,1.6002,995.8329,0.7542,0.0006,14542.2542,0.0008,11823125.7792
2026-08-01T01:53:00+05:30,1101.81,1.5330,1100.2766,0.8339,0.0003,14605.6587,0.0007,13182698.9702
2026-08-01T01:54:00+05:30,1102.22,1.3170,1100.9052,0.8342,0.0009,12290.6630,0.0008,13031175.4213
2026-08-01T01:55:00+05:30,1183.04,2.9496,1180.0897,0.8899,0.0005,15221.4371,0.0007,12951941.3412
2026-08-01T01:56:00+05:30,1067.16,1.8498,1065.3080,0.8059,0.0006,17542.1944,0.0008,12472704.9727
2026-08-01T01:57:00+05:30,1007.15,1.2671,1005.8854,0.7612,0.0003,12428.6762,0.0007,11919510.2367
2026-08-01T01:58:00+05:30,1104.59,1.3165,1103.2713,0.8357,0.0002,11877.0143,0.0007,13206489.1096
2026-08-01T01:59:00+05:30,1089.66,0.8833,1088.7804,0.8249,0.0002,8464.7845,0.0007,12943679.4774
2026-08-01T02:00:00+05:30,1179.12,11.1657,1167.9527,0.8885,0.0008,1057772.1190,0.0008,12858525.2562
2026-08-01T02:01:00+05:30,1068.35,1.1667,1067.1833,0.8079,0.0006,10581.3333,0.0008,12531985.0667
2026-08-01T02:02:00+05:30,1066.07,68.8368,997.2332,0.7849,0.0005,502885.7924,0.0008,11908821.6548
2026-08-01T02:03:00+05:30,1094.15,1.1832,1092.9709,0.8295,0.0006,10374.9771,0.0008,13174582.7459
2026-08-01T02:04:00+05:30,1190.99,89.6303,1101.3633,0.8734,0.0004,789477.6841,0.0007,12996584.3805
2026-08-01T02:05:00+05:30,1186.19,2.1335,1184.0517,0.8930,0.0004,7851.4518,0.0007,13026446.1113
2026-08-01T02:06:00+05:30,1094.52,1.4166,1093.0984,0.8272,0.0005,13243.7333,0.0008,12750574.9333
2026-08-01T02:07:00+05:30,1039.81,1.2002,1038.6071,0.7858,0.0004,12085.2142,0.0008,12183398.0330
2026-08-01T02:08:00+05:30,1155.08,1.6829,1153.3924,0.8741,0.0004,15219.4082,0.0007,13599053.0525
2026-08-01T02:09:00+05:30,1127.72,1.6171,1126.1024,0.8526,0.0004,14954.6371,0.0007,13181590.7841
2026-08-01T02:10:00+05:30,1154.07,2.5156,1151.5535,0.8673,0.0001,12419.3586,0.0007,12448632.8030
2026-08-01T02:11:00+05:30,1083.43,1.3836,1082.0497,0.8178,0.0002,13109.8220,0.0007,12477068.2136
2026-08-01T02:12:00+05:30,1027.19,1.2335,1025.9543,0.7763,0.0009,11743.8240,0.0007,12098255.3092
2026-08-01T02:13:00+05:30,1150.26,1.1832,1149.0776,0.8699,0.0005,10374.9771,0.0008,13517093.5026
2026-08-01T02:14:00+05:30,1144.14,1.2003,1142.9405,0.8654,0.0006,10720.9043,0.0007,13340492.3395
2026-08-01T02:15:00+05:30,1277.99,75.2375,1202.7495,0.9384,0.0004,551434.4943,0.0008,12937380.8365
2026-08-01T02:16:00+05:30,1115.46,2.6835,1112.7742,0.8415,0.0005,13381.1587,0.0007,12695442.6295
2026-08-01T02:17:00+05:30,1055.94,1.5331,1054.4085,0.7977,0.0005,14197.3371,0.0007,12291071.5393
2026-08-01T02:18:00+05:30,1135.71,1.5667,1134.1400,0.8588,0.0005,13654.0160,0.0007,13309183.8592
2026-08-01T02:19:00+05:30,1132.71,1.9496,1130.7594,0.8567,0.0003,17541.3174,0.0007,13270313.7758
2026-08-01T02:20:00+05:30,1147.27,2.9005,1144.3741,0.8613,0.0005,15362.5604,0.0007,12207090.5151
2026-08-01T02:21:00+05:30,1117.20,1.4169,1115.7860,0.8431,0.0006,12426.8116,0.0007,12700815.9496
2026-08-01T02:22:00+05:30,1082.85,1.4163,1081.4296,0.8180,0.0001,13035.4572,0.0008,12518133.8310
2026-08-01T02:23:00+05:30,1146.94,1.5002,1145.4385,0.8673,0.0004,13313.9971,0.0008,13415320.0313
2026-08-01T02:24:00+05:30,1096.80,1.3164,1095.4793,0.8293,0.0003,11398.0638,0.0008,12959188.9757
2026-08-01T02:25:00+05:30,1246.24,10.8699,1235.3706,0.9362,0.0007,971316.4616,0.0007,13024203.7945
2026-08-01T02:26:00+05:30,1213.17,1.3663,1211.8067,0.9155,0.0004,12284.5194,0.0007,13520273.7891
2026-08-01T02:27:00+05:30,1030.95,2.7837,1028.1700,0.7779,0.0002,14747.3205,0.0008,12056002.8003
2026-08-01T02:28:00+05:30,1239.46,72.6749,1166.7805,0.9147,0.0004,551939.8737,0.0008,13603754.7619
2026-08-01T02:29:00+05:30,1277.87,111.7982,1166.0721,0.9306,0.0004,991910.3881,0.0007,13337398.5865
2026-08-01T02:30:00+05:30,1154.98,10.9471,1144.0283,0.8682,0.0007,852286.8568,0.0007,12352631.2983
2026-08-01T02:31:00+05:30,1583.27,350.7269,1232.5453,1.0895,0.0005,3646890.3708,0.0007,13890099.7599
2026-08-01T02:32:00+05:30,1642.95,397.6430,1245.3035,1.6824,0.0015,6301617.2426,0.0009,19337249.3874
2026-08-01T02:33:00+05:30,1300.74,2.2826,1298.4605,0.9900,0.0004,19108.9340,0.0008,15970018.5944
2026-08-01T02:34:00+05:30,1016.57,2.7005,1013.8694,0.7860,0.0003,23351.8704,0.0008,15402538.6411
2026-08-01T02:35:00+05:30,1369.25,72.2998,1296.9474,1.0499,0.0007,7890536.4748,0.0007,16708122.7714
2026-08-01T02:36:00+05:30,1569.07,6.9862,1562.0842,1.1985,0.0003,63377.8741,0.0007,19558767.0863
2026-08-01T02:37:00+05:30,1209.03,6.5483,1202.4793,0.9084,0.0003,58762.9093,0.0007,13247862.4344
2026-08-01T02:38:00+05:30,1254.27,6.6334,1247.6375,0.9510,0.0003,59323.7333,0.0007,15386009.6000
2026-08-01T02:39:00+05:30,1004.57,6.7491,997.8170,0.7744,0.0005,61500.0667,0.0007,14943560.5919
2026-08-01T02:40:00+05:30,1410.68,149.9400,1260.7362,1.0289,0.0004,3009041.3444,0.0007,15964321.1523
2026-08-01T02:41:00+05:30,1587.05,76.7269,1510.3241,1.1814,0.0004,622813.1656,0.0007,16682641.7799
2026-08-01T02:42:00+05:30,984.60,9.2492,975.3521,0.7468,0.0005,84984.9179,0.0008,12497151.6374
2026-08-01T02:43:00+05:30,999.25,7.1852,992.0646,0.7665,0.0005,64802.3473,0.0007,14254604.4278
2026-08-01T02:44:00+05:30,1060.09,7.0319,1053.0561,0.8101,0.0004,64772.1122,0.0007,14337979.3375
2026-08-01T02:45:00+05:30,1325.13,89.3119,1235.8148,0.9786,0.0005,1609874.3833,0.0008,14528401.1201
2026-08-01T02:46:00+05:30,1448.25,8.1824,1440.0653,1.0906,0.0005,74675.0212,0.0007,15505783.5253
2026-08-01T02:47:00+05:30,1034.35,6.7833,1027.5667,0.7792,0.0004,62122.6667,0.0008,11951035.7333
2026-08-01T02:48:00+05:30,1089.44,5.9003,1083.5375,0.8210,0.0006,52567.9617,0.0007,12564425.5546
2026-08-01T02:49:00+05:30,1061.96,5.1510,1056.8114,0.8006,0.0004,48274.1882,0.0007,12279191.8384
2026-08-01T02:50:00+05:30,1132.37,8.0159,1124.3542,0.8497,0.0004,119727.7606,0.0007,12349229.0771
2026-08-01T02:51:00+05:30,1384.56,5.4322,1379.1242,1.0441,0.0004,51940.5452,0.0007,14935875.7582
2026-08-01T02:52:00+05:30,1013.54,4.6678,1008.8687,0.7644,0.0005,41924.8170,0.0007,11826690.4496
2026-08-01T02:53:00+05:30,1081.36,4.1656,1077.1961,0.8160,0.0005,36308.7895,0.0007,12681322.4694
2026-08-01T02:54:00+05:30,1090.65,3.8834,1086.7681,0.8228,0.0004,34475.2413,0.0007,12630226.5038
2026-08-01T02:55:00+05:30,1158.72,38.3128,1120.4046,0.8610,0.0004,285530.9136,0.0007,12506499.7500
2026-08-01T02:56:00+05:30,1596.58,205.6382,1390.9376,1.1436,0.0004,1873122.4326,0.0008,15105297.4126
2026-08-01T02:57:00+05:30,990.77,3.4328,987.3352,0.7476,0.0004,30169.8440,0.0007,11683920.5439
2026-08-01T02:58:00+05:30,1085.42,2.9841,1082.4373,0.8195,0.0005,26493.6485,0.0007,12719614.3100
2026-08-01T02:59:00+05:30,1066.85,3.0327,1063.8195,0.8050,0.0005,29894.3229,0.0007,12410921.6336
2026-08-01T03:00:00+05:30,1129.15,3.7166,1125.4312,0.8495,0.0006,22323.2000,0.0007,12526114.1333
2026-08-01T03:01:00+05:30,1406.53,3.2171,1403.3105,1.0639,0.0002,33728.2304,0.0008,15202829.1772
2026-08-01T03:02:00+05:30,990.68,2.7162,987.9687,0.7475,0.0003,22934.1599,0.0008,11677924.0447
2026-08-01T03:03:00+05:30,1079.79,2.6663,1077.1231,0.8152,0.0005,22729.3906,0.0007,12642796.9138
2026-08-01T03:04:00+05:30,1086.00,2.2171,1083.7820,0.8197,0.0005,19800.9635,0.0007,12570675.8239
2026-08-01T03:05:00+05:30,1153.71,2.9671,1150.7393,0.8679,0.0005,15089.1967,0.0007,12691175.1429
2026-08-01T03:06:00+05:30,1400.26,4.6327,1395.6306,2.5577,0.0007,30988.9348,0.0017,15342662.5783
2026-08-01T03:07:00+05:30,997.33,1.8835,995.4496,0.7528,0.0006,15975.7313,0.0008,11736768.9974
2026-08-01T03:08:00+05:30,1079.25,2.1666,1077.0808,0.8145,0.0003,17817.0061,0.0007,12561330.6223
2026-08-01T03:09:00+05:30,1198.78,132.8012,1065.9756,0.8636,0.0004,1064494.4756,0.0007,12260969.5536
2026-08-01T03:10:00+05:30,1094.73,3.5167,1091.2167,0.8243,0.0005,22323.2000,0.0007,12311756.8000
2026-08-01T03:11:00+05:30,1352.96,3.5004,1349.4574,4.0944,0.0007,28402.2469,0.0029,15463931.0586
2026-08-01T03:12:00+05:30,988.28,3.3003,984.9821,0.7460,0.0004,29561.9302,0.0007,11641392.5160
2026-08-01T03:13:00+05:30,1076.06,2.6493,1073.4150,0.8125,0.0004,25867.0310,0.0007,12580795.6810
2026-08-01T03:14:00+05:30,1088.73,2.2337,1086.4992,0.8207,0.0004,21780.6968,0.0007,12430837.6729
2026-08-01T03:15:00+05:30,1097.07,3.8327,1093.2345,0.8257,0.0002,23889.3518,0.0007,12307384.5026
2026-08-01T03:16:00+05:30,1380.32,3.0498,1377.2748,3.7258,0.0007,25871.3419,0.0026,15720492.2339
2026-08-01T03:17:00+05:30,996.13,2.4841,993.6481,0.7519,0.0002,22739.6219,0.0007,11715548.7980
2026-08-01T03:18:00+05:30,1081.51,2.5832,1078.9307,0.8162,0.0004,22868.5710,0.0008,12582014.7328
2026-08-01T03:19:00+05:30,1064.81,2.3497,1062.4583,0.8032,0.0005,20545.5273,0.0007,12233940.0080
2026-08-01T03:20:00+05:30,1086.63,3.2498,1083.3778,0.8180,0.0005,17543.3638,0.0007,12217485.2343
2026-08-01T03:21:00+05:30,1389.55,2.9162,1386.6356,3.7104,0.0007,22933.7777,0.0026,15766357.8737
2026-08-01T03:22:00+05:30,999.85,2.2171,997.6328,0.7545,0.0002,20621.0012,0.0007,11739153.6166
2026-08-01T03:23:00+05:30,1097.74,2.1002,1095.6413,0.8282,0.0005,19321.3988,0.0007,12682415.9749
2026-08-01T03:24:00+05:30,1348.43,251.3626,1097.0715,0.9392,0.0004,2162282.2094,0.0008,12562919.0306
2026-08-01T03:25:00+05:30,1092.19,2.8162,1089.3699,0.8226,0.0003,26619.5634,0.0007,12233395.7674
2026-08-01T03:26:00+05:30,1817.90,447.4667,1370.4333,1.4018,0.0007,11072423.4737,0.0008,14903407.8568
2026-08-01T03:27:00+05:30,1121.54,6.3005,1115.2429,0.8452,0.0004,61308.5757,0.0007,12724328.6274
2026-08-01T03:28:00+05:30,1097.50,6.3008,1091.1955,0.8265,0.0004,61106.8142,0.0007,12643853.3138
2026-08-01T03:29:00+05:30,1068.33,6.7149,1061.6169,0.8038,0.0004,67224.7401,0.0008,12257015.1959
2026-08-01T03:30:00+05:30,1084.80,19.0657,1065.7300,0.8328,0.0004,250935.7199,0.0008,15936807.4263
2026-08-01T03:31:00+05:30,1385.46,52.9843,1332.4775,1.2086,0.0003,511556.1187,0.0008,23057243.0810
2026-08-01T03:32:00+05:30,1327.29,7.7664,1319.5227,1.0101,0.0004,79459.7513,0.0007,16750170.1943
2026-08-01T03:33:00+05:30,1287.37,6.9660,1280.4053,0.9773,0.0005,63618.1715,0.0007,15758739.8593
2026-08-01T03:34:00+05:30,1020.73,5.5830,1015.1490,0.7856,0.0005,51401.3732,0.0007,14786939.5374
2026-08-01T03:35:00+05:30,1120.82,5.6510,1115.1711,0.8500,0.0005,40148.1605,0.0008,13780173.2984
2026-08-01T03:36:00+05:30,1306.26,7.2649,1298.9919,0.9903,0.0005,65110.1225,0.0008,15347766.2584
2026-08-01T03:37:00+05:30,1109.00,4.5840,1104.4157,0.8370,0.0005,41239.2526,0.0008,12815302.5621
2026-08-01T03:38:00+05:30,1252.02,131.2500,1120.7667,0.9067,0.0005,1000721.0667,0.0008,13391598.9333
2026-08-01T03:39:00+05:30,1116.45,4.9986,1111.4518,0.8454,0.0005,45043.2377,0.0008,13419472.4828
2026-08-01T03:40:00+05:30,1158.35,4.2343,1154.1193,0.8821,0.0005,37555.4296,0.0007,14871335.5783
2026-08-01T03:41:00+05:30,988.38,4.4335,983.9495,0.7423,0.0003,29560.4520,0.0007,11014715.9572
2026-08-01T03:42:00+05:30,1037.88,2.5998,1035.2810,0.7842,0.0003,23072.5952,0.0007,12246974.4684
2026-08-01T03:43:00+05:30,1155.10,2.0171,1153.0806,0.8736,0.0003,17001.8004,0.0008,13628342.7352
2026-08-01T03:44:00+05:30,1168.89,2.3661,1166.5250,0.8829,0.0005,19996.8009,0.0007,13561379.8987
2026-08-01T03:45:00+05:30,1366.64,2.7664,1363.8697,1.0272,0.0002,12969.8020,0.0007,14245211.3859
2026-08-01T03:46:00+05:30,1154.24,5.4014,1148.8372,0.8707,0.0004,30181.4120,0.0007,13165787.4469
2026-08-01T03:47:00+05:30,1020.30,1.5167,1018.7840,0.7705,0.0002,12698.0233,0.0008,11973689.7897
2026-08-01T03:48:00+05:30,1124.78,1.0496,1123.7338,0.8505,0.0004,8802.8788,0.0007,13133758.7632
2026-08-01T03:49:00+05:30,1160.78,1.2171,1159.5672,0.8773,0.0006,9970.0905,0.0007,13394270.3189
2026-08-01T03:50:00+05:30,1153.76,2.3999,1151.3591,0.8666,0.0002,13243.0712,0.0007,12436882.1559
2026-08-01T03:51:00+05:30,1173.74,2.4165,1171.3191,0.8861,0.0004,12833.0639,0.0008,13282016.3653
2026-08-01T03:52:00+05:30,1179.15,0.5000,1178.6548,0.8911,0.0000,3959.2027,0.0008,13331113.3924
2026-08-01T03:53:00+05:30,1134.30,0.4668,1133.8335,0.8573,0.0004,3550.7544,0.0007,13195764.0077
2026-08-01T03:54:00+05:30,1426.64,341.0981,1085.5453,0.9726,0.0005,2866483.3792,0.0008,12825943.3808
2026-08-01T03:55:00+05:30,1104.19,2.5677,1101.6240,0.8294,0.0004,12156.3292,0.0007,12020697.3456
2026-08-01T03:56:00+05:30,1259.45,3.9993,1255.4532,0.9510,0.0004,33171.5186,0.0007,13973399.8100
2026-08-01T03:57:00+05:30,1163.57,1.2002,1162.3658,0.8783,0.0005,11061.4123,0.0007,13084080.2827
2026-08-01T03:58:00+05:30,1074.76,1.3830,1073.3817,0.8120,0.0003,11943.6807,0.0007,12549600.7332
2026-08-01T03:59:00+05:30,1100.42,1.2165,1099.2018,0.8301,0.0004,10648.0028,0.0007,12621432.6518
2026-08-01T04:00:00+05:30,1101.65,2.7670,1098.8799,0.8295,0.0002,14064.8086,0.0007,12379148.1531
2026-08-01T04:01:00+05:30,1327.42,10.7667,1316.6500,1.0009,0.0004,52019.2000,0.0007,14512401.0667
2026-08-01T04:02:00+05:30,1130.46,1.6335,1128.8295,0.8536,0.0007,15498.0831,0.0008,12803260.0593
2026-08-01T04:03:00+05:30,1083.32,2.0164,1081.3045,0.8176,0.0004,18156.2099,0.0007,12614470.4961
2026-08-01T04:04:00+05:30,1094.79,1.4165,1093.3709,0.8253,0.0002,12764.1648,0.0007,12547720.0373
2026-08-01T04:05:00+05:30,1104.37,2.5335,1101.8384,0.8315,0.0003,11742.4538,0.0007,12443314.4324
2026-08-01T04:06:00+05:30,1428.00,13.6354,1414.3622,2.9536,0.0006,109447.8838,0.0020,15600795.5860
2026-08-01T04:07:00+05:30,1056.61,3.2830,1053.3280,0.7965,0.0005,29897.8102,0.0007,12111684.8315
2026-08-01T04:08:00+05:30,1075.37,3.4675,1071.9001,0.8113,0.0004,30727.1697,0.0007,12454677.8248
2026-08-01T04:09:00+05:30,1237.77,148.0500,1089.7167,0.8875,0.0004,1148654.9333,0.0008,12475460.2667
2026-08-01T04:10:00+05:30,1081.53,3.4833,1078.0487,0.8142,0.0007,32493.8502,0.0007,12248338.3887
2026-08-01T04:11:00+05:30,1202.29,21.0788,1181.2107,0.9013,0.0005,180324.4684,0.0008,13338004.3991
2026-08-01T04:12:00+05:30,1299.48,5.0500,1294.4333,3.0343,0.0005,45943.4667,0.0023,14451575.4667
2026-08-01T04:13:00+05:30,1080.21,4.0504,1076.1576,0.8144,0.0004,37618.6952,0.0007,12504700.0700
2026-08-01T04:14:00+05:30,1090.73,3.4330,1087.2927,0.8213,0.0003,30239.6134,0.0007,12416398.9001
2026-08-01T04:15:00+05:30,1075.28,3.5165,1071.7643,0.8095,0.0005,31469.8843,0.0007,12168400.7866
2026-08-01T04:16:00+05:30,1417.35,15.6716,1401.6772,4.0995,0.0004,123806.6721,0.0029,15884266.2843
2026-08-01T04:17:00+05:30,1020.40,3.7330,1016.6653,0.7685,0.0005,33038.3135,0.0007,11834542.3215
2026-08-01T04:18:00+05:30,1058.88,2.3998,1056.4786,0.7988,0.0002,21229.1642,0.0007,12332028.3310
2026-08-01T04:19:00+05:30,1090.50,3.0335,1087.4710,0.8215,0.0005,28059.0030,0.0008,12385762.7548
2026-08-01T04:20:00+05:30,1082.34,3.8995,1078.4395,0.8148,0.0003,23071.0572,0.0007,12250390.0813
2026-08-01T04:21:00+05:30,1153.54,13.7518,1139.7853,0.8672,0.0004,125763.9685,0.0007,12968368.0491
2026-08-01T04:22:00+05:30,1276.95,2.6162,1274.3330,4.1473,0.0006,21977.8374,0.0031,14755114.6290
2026-08-01T04:23:00+05:30,1087.57,3.1007,1084.4697,0.8194,0.0005,27381.3223,0.0007,12512035.2082
2026-08-01T04:24:00+05:30,1090.19,2.3493,1087.8389,0.8208,0.0005,19995.8013,0.0007,12377128.0428
2026-08-01T04:25:00+05:30,1439.07,351.9664,1087.1080,0.9756,0.0004,2972353.6335,0.0007,12372947.8019
2026-08-01T04:26:00+05:30,1442.67,25.9491,1416.7194,4.7363,0.0005,241041.5653,0.0032,16101385.4205
2026-08-01T04:27:00+05:30,1010.82,3.5332,1007.2830,0.7629,0.0004,30172.3580,0.0007,11825175.1412
2026-08-01T04:28:00+05:30,1070.71,3.0336,1067.6734,0.8077,0.0007,26831.4831,0.0007,12396350.0350
2026-08-01T04:29:00+05:30,1093.24,2.6498,1090.5940,0.8238,0.0004,23208.7326,0.0007,12399128.8726
2026-08-01T04:30:00+05:30,1080.84,3.5171,1077.3257,0.8140,0.0004,20277.9037,0.0007,12249082.8110
2026-08-01T04:31:00+05:30,1114.62,4.3327,1110.2835,0.8407,0.0004,39998.2669,0.0007,12649417.7873
2026-08-01T04:32:00+05:30,1329.76,1.8997,1327.8620,5.8667,0.0010,16586.0357,0.0043,15136771.0715
2026-08-01T04:33:00+05:30,1083.87,1.6671,1082.2025,0.8175,0.0005,13929.4180,0.0007,12434054.0450
2026-08-01T04:34:00+05:30,1090.60,1.1001,1089.5045,0.8218,0.0002,9489.6993,0.0007,12325071.2714
2026-08-01T04:35:00+05:30,1075.13,2.3831,1072.7427,0.8102,0.0001,9829.2533,0.0007,12205338.7105
2026-08-01T04:36:00+05:30,1203.48,113.0817,1090.3954,0.8769,0.0005,2039465.5287,0.0007,12529901.0535
2026-08-01T04:37:00+05:30,1363.36,1.0498,1362.3109,4.8122,0.0004,7780.8438,0.0034,15514251.8163
2026-08-01T04:38:00+05:30,1058.14,0.5168,1057.6282,0.7991,0.0006,4370.0135,0.0007,12243139.0801
2026-08-01T04:39:00+05:30,1092.71,0.6499,1092.0649,0.8233,0.0005,5391.9883,0.0007,12336869.1595
2026-08-01T04:40:00+05:30,1173.38,105.7816,1067.5989,0.8517,0.0005,833849.5383,0.0007,12139047.0984
2026-08-01T04:41:00+05:30,1632.65,394.5723,1238.0770,2.4912,0.0005,6997523.9461,0.0018,14300528.9636
2026-08-01T04:42:00+05:30,1379.06,113.2314,1265.8289,3.5164,0.0005,906975.8171,0.0027,14293572.9738
2026-08-01T04:43:00+05:30,1145.30,2.4666,1142.8286,0.8626,0.0004,22391.0935,0.0007,12709949.2342
2026-08-01T04:44:00+05:30,1070.03,1.9666,1068.0655,0.8045,0.0002,17612.5065,0.0008,11844547.1242
2026-08-01T04:45:00+05:30,1155.58,107.9374,1047.6444,0.8383,0.0004,1080057.4600,0.0007,11880359.0248
2026-08-01T04:46:00+05:30,2123.61,767.5077,1356.1048,5.4372,0.0014,9934556.0722,0.0030,22832761.2953
2026-08-01T04:47:00+05:30,2270.62,19.5049,2251.1128,8.7243,0.0046,182662.0432,0.0037,30182598.0261
2026-08-01T04:48:00+05:30,1613.24,3.9004,1609.3443,1.2262,0.0003,30313.4313,0.0006,19184715.2715
2026-08-01T04:49:00+05:30,1314.80,5.1330,1309.6627,0.9924,0.0005,39250.7166,0.0007,15053366.5756
2026-08-01T04:50:00+05:30,1173.69,4.9336,1168.7584,0.8964,0.0005,34680.6227,0.0007,15778386.2129
2026-08-01T04:51:00+05:30,1252.79,6.6002,1246.1915,0.9619,0.0003,35636.3879,0.0007,17704867.4956
2026-08-01T04:52:00+05:30,1666.24,12.2144,1654.0301,1.2530,0.0003,62658.3569,0.0007,17327561.1398
2026-08-01T04:53:00+05:30,1505.73,86.1187,1419.6076,1.1097,0.0004,775199.4265,0.0007,16768970.8770
2026-08-01T04:54:00+05:30,1094.40,3.0832,1091.3121,0.8400,0.0003,25734.8177,0.0007,15583285.3810
2026-08-01T04:55:00+05:30,1260.97,4.6141,1256.3547,0.9571,0.0003,27291.6563,0.0007,15551945.6299
2026-08-01T04:56:00+05:30,1060.87,1.4337,1059.4335,0.8012,0.0007,11198.7197,0.0007,12500639.1038
2026-08-01T04:57:00+05:30,1672.67,313.2647,1359.4026,4.7466,0.0008,2803446.2113,0.0032,16785789.5123
2026-08-01T04:58:00+05:30,1107.08,118.9949,988.0855,0.8046,0.0004,810518.0717,0.0007,14078374.6980
2026-08-01T04:59:00+05:30,985.40,3.6339,981.7636,0.7563,0.0005,29496.6077,0.0008,14008430.6123
2026-08-01T05:00:00+05:30,1187.95,3.2155,1184.7353,0.8981,0.0004,24976.8581,0.0008,13767367.0215
2026-08-01T05:01:00+05:30,1141.08,4.2843,1136.7986,0.8641,0.0003,24513.4531,0.0007,13723505.0845
2026-08-01T05:02:00+05:30,1470.63,18.1185,1452.5119,5.1444,0.0007,87047.2539,0.0034,16437935.1613
2026-08-01T05:03:00+05:30,1168.15,3.8337,1164.3164,0.8789,0.0004,32020.2687,0.0008,12818280.2280
2026-08-01T05:04:00+05:30,1068.20,3.0998,1065.0957,0.8028,0.0005,24301.3132,0.0007,11745657.4895
2026-08-01T05:05:00+05:30,1036.86,4.4996,1032.3634,0.7801,0.0005,25324.4009,0.0007,11699531.9135
2026-08-01T05:06:00+05:30,1003.13,2.3498,1000.7833,0.7576,0.0004,18908.6061,0.0007,11788526.0983
2026-08-01T05:07:00+05:30,1459.15,6.0006,1453.1453,5.2092,0.0009,33454.0121,0.0035,16474325.8326
2026-08-01T05:08:00+05:30,1089.74,2.7668,1086.9710,0.8211,0.0005,22392.5863,0.0007,12343981.4657
2026-08-01T05:09:00+05:30,1086.65,2.7829,1083.8694,0.8179,0.0003,22046.4589,0.0007,12169781.8364
2026-08-01T05:10:00+05:30,1038.46,2.4339,1036.0251,0.7827,0.0006,18641.1496,0.0007,11893736.2718
2026-08-01T05:11:00+05:30,1033.56,2.7827,1030.7767,0.7801,0.0004,12694.8494,0.0008,12052804.0258
2026-08-01T05:12:00+05:30,1609.50,11.5705,1597.9326,5.9619,0.0006,56747.5701,0.0036,18006324.9362
2026-08-01T05:13:00+05:30,1062.78,1.9828,1060.8005,0.7997,0.0005,16243.1352,0.0007,11836536.3903
2026-08-01T05:14:00+05:30,1209.07,155.1193,1053.9509,0.8618,0.0004,1264750.4250,0.0007,11645725.7909
2026-08-01T05:15:00+05:30,1033.83,2.6833,1031.1500,0.7785,0.0005,22596.2667,0.0007,11712034.1333
2026-08-01T05:16:00+05:30,1129.20,118.4333,1010.7667,0.8161,0.0004,805068.8000,0.0008,11992200.5333
2026-08-01T05:17:00+05:30,1664.56,43.4384,1621.1225,5.8111,0.0004,235410.9313,0.0035,18145212.4081
2026-08-01T05:18:00+05:30,1068.61,2.1670,1066.4422,0.8036,0.0005,18024.8033,0.0008,11844617.1490
2026-08-01T05:19:00+05:30,1051.06,1.6831,1049.3759,0.7898,0.0003,13787.5687,0.0008,11592956.3739
2026-08-01T05:20:00+05:30,1025.79,3.2486,1022.5406,0.7717,0.0003,16923.3640,0.0008,11643615.6204
2026-08-01T05:21:00+05:30,1016.25,1.6671,1014.5867,0.7671,0.0002,13178.5417,0.0007,11916952.3555
2026-08-01T05:22:00+05:30,1660.79,11.8349,1648.9532,6.3912,0.0005,80154.4180,0.0038,18533353.6913
2026-08-01T05:23:00+05:30,1046.65,2.0668,1044.5856,0.7871,0.0005,17545.7030,0.0007,11630206.8138
2026-08-01T05:24:00+05:30,1048.55,1.4663,1047.0874,0.7881,0.0008,12489.4695,0.0008,11531943.4817
2026-08-01T05:25:00+05:30,1010.85,2.7005,1008.1515,0.7611,0.0004,11880.5781,0.0008,11527506.4428
2026-08-01T05:26:00+05:30,1014.22,1.2835,1012.9355,0.7654,0.0004,11129.3216,0.0007,11895401.2335
2026-08-01T05:27:00+05:30,1629.11,5.2832,1623.8292,6.4589,0.0006,35975.3342,0.0039,18248437.0521
2026-08-01T05:28:00+05:30,1056.35,2.3328,1054.0207,0.7946,0.0004,19451.4613,0.0008,11723361.6156
2026-08-01T05:29:00+05:30,1048.09,1.0321,1047.0610,0.7879,0.0005,7978.4237,0.0007,11520912.0634
2026-08-01T05:30:00+05:30,1007.81,1.5519,1006.2578,0.7592,0.0003,12780.7776,0.0007,11504818.5550
2026-08-01T05:31:00+05:30,1002.95,2.6168,1000.3334,0.7574,0.0004,11332.6444,0.0007,11779464.6488
2026-08-01T05:32:00+05:30,2154.28,486.5090,1667.7666,6.4448,0.0008,4646543.1395,0.0036,18725020.0157
2026-08-01T05:33:00+05:30,1119.30,69.3592,1049.9400,0.8204,0.0004,569693.0257,0.0007,11661979.4639
2026-08-01T05:34:00+05:30,1108.36,65.0435,1043.3123,0.8137,0.0004,381715.3904,0.0007,11561498.4085
2026-08-01T05:35:00+05:30,1004.37,2.6664,1001.6999,0.7564,0.0004,12628.2810,0.0007,11432553.4205
2026-08-01T05:36:00+05:30,1005.92,1.3669,1004.5509,0.7599,0.0004,10583.4500,0.0007,11837486.4306
2026-08-01T05:37:00+05:30,1786.35,120.4994,1665.8554,6.2468,0.0005,1171475.6634,0.0037,18620919.0559
2026-08-01T05:38:00+05:30,1062.78,1.5995,1061.1796,0.7996,0.0005,12010.7296,0.0008,11738099.6651
2026-08-01T05:39:00+05:30,1034.72,1.4502,1033.2705,0.7778,0.0001,12699.2932,0.0007,11368325.3767
2026-08-01T05:40:00+05:30,1003.52,1.0000,1002.5168,0.7560,0.0002,8396.9399,0.0008,11417107.6185
2026-08-01T05:41:00+05:30,990.43,2.4834,987.9498,0.7481,0.0006,10240.3413,0.0007,11747173.4391
2026-08-01T05:42:00+05:30,1732.88,58.0647,1674.8108,8.0379,0.0004,501333.6889,0.0047,18894013.3996
2026-08-01T05:43:00+05:30,1067.74,1.0668,1066.6756,0.8034,0.0004,8671.0228,0.0007,11761457.2610
2026-08-01T05:44:00+05:30,1022.21,0.8165,1021.3968,0.7686,0.0003,6893.8992,0.0007,11231322.2350
2026-08-01T05:45:00+05:30,998.78,2.1833,996.6001,0.7516,0.0005,8259.8537,0.0007,11254630.8685
2026-08-01T05:46:00+05:30,986.22,0.7499,985.4684,0.7458,0.0007,6211.6455,0.0007,11771750.8249
2026-08-01T05:47:00+05:30,1131.93,2.8003,1129.1317,0.8572,0.0007,19594.8194,0.0008,13055679.9627
2026-08-01T05:48:00+05:30,1671.01,0.6833,1670.3275,6.3061,0.0013,5802.1832,0.0037,18218923.3564
2026-08-01T05:49:00+05:30,1189.77,179.6543,1010.1178,0.8417,0.0005,1484948.4948,0.0008,11626293.2960
2026-08-01T05:50:00+05:30,963.52,0.3833,963.1321,0.7237,0.0000,3208.6938,0.0008,10576673.9004
2026-08-01T05:51:00+05:30,973.95,1.7663,972.1884,0.7352,0.0002,4504.7741,0.0007,11473250.1708
2026-08-01T05:52:00+05:30,2326.93,1318.9116,1008.0195,2.7184,0.0012,39843039.4638,0.0012,12198061.3215
2026-08-01T05:53:00+05:30,1530.96,3.0158,1527.9416,1.1569,0.0004,26411.2766,0.0007,16716085.9742
2026-08-01T05:54:00+05:30,1373.54,25.2196,1348.3240,1.0472,0.0004,369297.4847,0.0008,18024024.9362
2026-08-01T05:55:00+05:30,1048.04,3.8671,1044.1711,0.7859,0.0003,24715.0048,0.0007,11256728.8729
2026-08-01T05:56:00+05:30,1008.75,3.3328,1005.4159,0.7607,0.0003,30373.6044,0.0008,11729535.2108
2026-08-01T05:57:00+05:30,1884.13,824.7526,1059.3822,2.4666,0.0013,11920562.4979,0.0013,13795285.4144
2026-08-01T05:58:00+05:30,1498.87,19.5167,1479.3500,1.1484,0.0003,190125.8354,0.0006,20709379.8230
2026-08-01T05:59:00+05:30,1230.77,26.0749,1204.6982,0.9473,0.0004,232794.7850,0.0007,18913876.3275
2026-08-01T06:00:00+05:30,1245.33,41.9076,1203.4226,0.9463,0.0004,377296.3858,0.0007,17703308.8164
2026-08-01T06:01:00+05:30,1240.07,52.3789,1187.6938,0.9307,0.0004,487606.0414,0.0007,16404484.7798
2026-08-01T06:02:00+05:30,1325.11,172.4385,1152.6732,0.9909,0.0005,4553416.8153,0.0008,19409804.3830
2026-08-01T06:03:00+05:30,1364.14,94.7849,1269.3545,1.0059,0.0005,1728091.7364,0.0008,14817432.5811
2026-08-01T06:04:00+05:30,1386.20,55.2185,1330.9777,1.0321,0.0004,525866.8978,0.0007,15129306.0218
2026-08-01T06:05:00+05:30,1214.89,53.6568,1161.2371,0.8968,0.0004,497581.0698,0.0008,12384786.0023
2026-08-01T06:06:00+05:30,1042.37,53.0746,989.2984,0.7719,0.0005,507229.1510,0.0007,11740077.8117
2026-08-01T06:07:00+05:30,1026.68,47.9952,978.6855,0.7632,0.0005,459244.5548,0.0007,11935239.0221
2026-08-01T06:08:00+05:30,1393.77,123.7163,1270.0553,1.0156,0.0004,1023726.8605,0.0007,14558540.4108
2026-08-01T06:09:00+05:30,1512.69,365.9207,1146.7682,1.3130,0.0010,3316755.3156,0.0008,13431101.5130
2026-08-01T06:10:00+05:30,1456.16,289.8720,1166.2888,1.2041,0.0010,2451509.8013,0.0008,12648837.4450
2026-08-01T06:11:00+05:30,1136.21,36.7734,1099.4349,0.8442,0.0003,339751.5586,0.0008,12808278.7131
2026-08-01T06:12:00+05:30,1033.00,32.0796,1000.9166,0.7708,0.0003,297408.1259,0.0008,12130183.2483
2026-08-01T06:13:00+05:30,1173.78,31.7167,1142.0667,0.8787,0.0005,285013.3333,0.0007,13512157.8667
2026-08-01T06:14:00+05:30,1156.65,27.0968,1129.5516,0.8670,0.0005,239588.0481,0.0007,13338774.4763
2026-08-01T06:15:00+05:30,1309.98,23.9155,1286.0690,0.9786,0.0004,214619.6690,0.0007,13830476.4762
2026-08-01T06:16:00+05:30,1133.51,23.0205,1110.4851,0.8500,0.0004,195408.5113,0.0008,12847665.8165
2026-08-01T06:17:00+05:30,1142.34,20.5670,1121.7687,0.8586,0.0004,181049.2350,0.0007,13113439.7813
2026-08-01T06:18:00+05:30,1240.37,22.4637,1217.9043,0.9308,0.0004,185046.2605,0.0008,14009319.2908
2026-08-01T06:19:00+05:30,1187.13,16.9008,1170.2252,0.8930,0.0004,150740.3370,0.0008,13673473.0070
2026-08-01T06:20:00+05:30,1180.42,15.9143,1164.5087,0.8822,0.0005,129275.5207,0.0007,12398300.5499
2026-08-01T06:21:00+05:30,1094.89,12.8344,1082.0568,0.8231,0.0005,112036.8037,0.0007,12480462.9796
2026-08-01T06:22:00+05:30,1075.81,11.6136,1064.1995,0.8109,0.0003,98958.6284,0.0007,12628827.1656
2026-08-01T06:23:00+05:30,1283.82,9.2021,1274.6141,0.9687,0.0005,80916.2291,0.0007,14521424.4895
2026-08-01T06:24:00+05:30,1273.23,10.3517,1262.8771,0.9600,0.0007,89579.3036,0.0007,14388402.5270
2026-08-01T06:25:00+05:30,1199.95,10.7984,1189.1550,0.8984,0.0006,84912.4117,0.0007,12533795.4939
2026-08-01T06:26:00+05:30,1127.46,48.5984,1078.8640,0.8366,0.0006,330194.8602,0.0007,12383911.4696
2026-08-01T06:27:00+05:30,1082.15,8.7848,1073.3622,0.8164,0.0005,75174.1290,0.0008,12669879.1132
2026-08-01T06:28:00+05:30,1277.92,35.0149,1242.9045,0.9546,0.0004,243354.4430,0.0007,14195380.0413
2026-08-01T06:29:00+05:30,1495.29,241.6110,1253.6798,1.2052,0.0009,2033763.7900,0.0008,14306674.0902
2026-08-01T06:30:00+05:30,1210.21,8.0317,1202.1762,0.9065,0.0004,56650.9473,0.0008,12825979.2371
2026-08-01T06:31:00+05:30,1056.91,5.4340,1051.4727,0.7961,0.0005,45333.6000,0.0007,12194670.1337
2026-08-01T06:32:00+05:30,1008.75,6.1004,1002.6502,0.7614,0.0004,52568.8379,0.0008,12082981.5321
2026-08-01T06:33:00+05:30,1564.48,66.2023,1498.2754,1.1637,0.0005,2115193.9746,0.0007,16327350.9406
2026-08-01T06:34:00+05:30,1267.33,8.9006,1258.4339,0.9557,0.0004,75577.4981,0.0007,14338218.8516
2026-08-01T06:35:00+05:30,1037.30,8.6664,1028.6324,0.7760,0.0005,62119.5607,0.0007,11125408.5296
2026-08-01T06:36:00+05:30,1019.85,6.9662,1012.8825,0.7684,0.0003,56589.2940,0.0007,11825728.9514
2026-08-01T06:37:00+05:30,1066.17,9.1003,1057.0686,0.8043,0.0004,80080.8040,0.0008,12525989.4995
2026-08-01T06:38:00+05:30,1531.27,25.0154,1506.2580,1.1499,0.0005,268957.2188,0.0007,16422159.1587
2026-08-01T06:39:00+05:30,1288.77,7.6681,1281.1015,0.9720,0.0004,63977.5959,0.0007,14469656.5037
2026-08-01T06:40:00+05:30,1041.47,7.8972,1033.5716,0.7798,0.0004,55275.7322,0.0007,11175934.1575
2026-08-01T06:41:00+05:30,1065.98,6.1190,1059.8563,0.8033,0.0004,50400.1200,0.0007,12223941.3108
2026-08-01T06:42:00+05:30,1031.01,5.4653,1025.5436,0.7793,0.0005,44021.7283,0.0007,12292095.0445
2026-08-01T06:43:00+05:30,1476.88,16.3995,1460.4847,1.1123,0.0004,320018.1324,0.0007,15997561.7219
2026-08-01T06:44:00+05:30,1325.28,5.4508,1319.8313,1.0004,0.0004,43766.2277,0.0007,14790322.1204
2026-08-01T06:45:00+05:30,1044.83,3.7999,1041.0320,0.7839,0.0005,30718.4641,0.0008,11291970.8681
2026-08-01T06:46:00+05:30,1363.94,381.5397,982.3997,1.1916,0.0011,3399873.1979,0.0008,11580745.5458
2026-08-01T06:47:00+05:30,1014.74,4.7507,1009.9848,0.7663,0.0005,39532.9888,0.0007,12139290.4151
2026-08-01T06:48:00+05:30,1510.77,19.1132,1491.6599,1.1392,0.0004,297315.0922,0.0007,16265374.2814
2026-08-01T06:49:00+05:30,1563.97,231.0141,1332.9556,1.3339,0.0009,1976054.1279,0.0009,14943922.1411
2026-08-01T06:50:00+05:30,1040.19,5.3010,1034.8897,0.7790,0.0003,43835.2365,0.0007,11174298.2213
2026-08-01T06:51:00+05:30,991.40,5.8328,985.5679,0.7466,0.0003,38772.2356,0.0007,11623547.6377
2026-08-01T06:52:00+05:30,1003.60,3.8503,999.7500,0.7585,0.0002,31610.6277,0.0007,12092328.1661
2026-08-01T06:53:00+05:30,1562.79,9.2498,1553.5408,1.8662,0.0003,141853.4049,0.0012,16881647.4118
2026-08-01T06:54:00+05:30,1342.75,3.9500,1338.8000,1.0134,0.0003,32699.7333,0.0007,14911419.7333
2026-08-01T06:55:00+05:30,995.48,5.2822,990.2021,0.7455,0.0003,34057.6875,0.0007,10819697.3322
2026-08-01T06:56:00+05:30,962.38,4.7837,957.5965,0.7255,0.0004,40281.3615,0.0007,11354428.2428
2026-08-01T06:57:00+05:30,999.63,4.3676,995.2656,0.7554,0.0003,36120.8929,0.0007,12077146.8485
2026-08-01T06:58:00+05:30,1636.19,5.9321,1630.2573,4.0133,0.0007,51461.9166,0.0024,17737980.7708
2026-08-01T06:59:00+05:30,1237.23,3.8499,1233.3794,0.9340,0.0004,31948.8000,0.0007,13981354.6667
2026-08-01T07:00:00+05:30,989.60,5.5843,984.0140,0.7417,0.0004,35914.2524,0.0007,10793871.5119
2026-08-01T07:01:00+05:30,981.12,3.2328,977.8870,0.7403,0.0004,26141.3408,0.0007,11556656.7463
2026-08-01T07:02:00+05:30,1002.57,3.2667,999.3000,0.7585,0.0004,28262.8710,0.0007,12137810.8302
2026-08-01T07:03:00+05:30,1650.83,3.4340,1647.3961,4.9327,0.0008,28268.5248,0.0030,18174749.5957
2026-08-01T07:04:00+05:30,1179.03,2.7500,1176.2804,0.8931,0.0003,23278.5454,0.0007,13612419.5263
2026-08-01T07:05:00+05:30,1075.68,94.0130,981.6706,0.7790,0.0005,708795.7609,0.0007,10744074.2506
2026-08-01T07:06:00+05:30,969.54,1.9838,967.5591,0.7323,0.0004,16387.8238,0.0007,11438427.8998
2026-08-01T07:07:00+05:30,1005.80,2.1497,1003.6495,0.7611,0.0007,17883.1842,0.0007,12127460.8809
2026-08-01T07:08:00+05:30,1359.00,2.3338,1356.6654,1.0325,0.0004,19186.4508,0.0007,15254457.4505
2026-08-01T07:09:00+05:30,1638.26,206.5782,1431.6849,5.5694,0.0007,1750846.1744,0.0037,16420581.1784
2026-08-01T07:10:00+05:30,979.14,2.7663,976.3702,0.7345,0.0004,13037.1950,0.0007,10702171.9771
2026-08-01T07:11:00+05:30,980.33,1.6504,978.6776,0.7401,0.0004,14066.6844,0.0007,11553664.4439
2026-08-01T07:12:00+05:30,1006.13,1.4833,1004.6499,0.7612,0.0004,12014.7331,0.0007,12116175.6637
2026-08-01T07:13:00+05:30,1607.05,7.9504,1599.0966,5.8899,0.0005,66153.7077,0.0036,18035658.0496
2026-08-01T07:14:00+05:30,1175.42,2.6993,1172.7206,0.8942,0.0003,23136.2303,0.0007,13676515.0626
2026-08-01T07:15:00+05:30,985.29,3.9993,981.2868,0.7391,0.0004,23342.9205,0.0007,10771051.4406
2026-08-01T07:16:00+05:30,952.33,4.1018,948.2267,0.7189,0.0005,34558.4847,0.0007,11233761.3259
2026-08-01T07:17:00+05:30,1007.38,4.2835,1003.1002,0.7614,0.0003,35636.9818,0.0007,12116642.0988
2026-08-01T07:18:00+05:30,2029.09,439.1459,1589.9393,4.4874,0.0005,8663617.5745,0.0026,17999092.2061
2026-08-01T07:19:00+05:30,1205.09,10.1470,1194.9415,2.1904,0.0006,86875.9559,0.0017,13784341.0920
2026-08-01T07:20:00+05:30,986.11,9.2352,976.8787,0.7379,0.0005,67938.9211,0.0007,10694473.8281
2026-08-01T07:21:00+05:30,999.53,8.3994,991.1339,0.7521,0.0005,71471.6264,0.0007,11625982.9675
2026-08-01T07:22:00+05:30,1043.27,6.5502,1036.7179,0.7874,0.0005,55979.5997,0.0008,12352922.6820
2026-08-01T07:23:00+05:30,1492.50,281.0041,1211.4949,1.0427,0.0004,3187985.3978,0.0008,13842118.9845
2026-08-01T07:24:00+05:30,1556.65,6.0669,1550.5850,5.5208,0.0010,52361.4060,0.0035,17793730.1622
2026-08-01T07:25:00+05:30,1004.22,5.6996,998.5168,0.7527,0.0005,37271.1153,0.0007,10916682.3545
2026-08-01T07:26:00+05:30,1342.25,370.7949,971.4581,1.1581,0.0011,3297765.9291,0.0008,11453048.2538
2026-08-01T07:27:00+05:30,1000.75,3.8672,996.8829,0.7559,0.0004,32566.9995,0.0008,11989435.0341
2026-08-01T07:28:00+05:30,1236.53,14.4490,1222.0852,0.9292,0.0004,82528.8981,0.0007,13984927.9381
2026-08-01T07:29:00+05:30,1822.65,201.6501,1621.0018,5.8747,0.0005,1742407.8408,0.0035,18439100.4434
2026-08-01T07:30:00+05:30,971.27,4.0494,967.2216,0.7281,0.0004,23616.7242,0.0007,10683223.1165
2026-08-01T07:31:00+05:30,976.19,3.0012,973.1897,0.7364,0.0002,25472.8067,0.0007,11496977.1583
2026-08-01T07:32:00+05:30,998.78,2.3993,996.3844,0.7552,0.0004,19382.2417,0.0008,11984231.1345
2026-08-01T07:33:00+05:30,1209.58,29.0544,1180.5271,0.9047,0.0005,160587.2881,0.0007,13619467.9869
2026-08-01T07:34:00+05:30,2664.61,825.0458,1839.5601,7.0358,0.0007,19439465.4313,0.0035,29289700.0883
2026-08-01T07:35:00+05:30,1890.11,202.8234,1687.2896,5.7821,0.0008,8957772.7258,0.0032,29780619.3540
2026-08-01T07:36:00+05:30,1430.21,8.5672,1421.6448,1.1107,0.0004,66018.2679,0.0007,19543318.8879
2026-08-01T07:37:00+05:30,1642.99,7.1168,1635.8773,1.2427,0.0004,59052.6351,0.0006,18295666.9222
2026-08-01T07:38:00+05:30,1670.38,6.3632,1664.0181,1.2743,0.0005,51922.3760,0.0007,20591691.1032
2026-08-01T07:39:00+05:30,1637.10,22.4605,1614.6368,1.2655,0.0005,123961.8489,0.0007,23654857.6002
2026-08-01T07:40:00+05:30,1703.98,27.1856,1676.7897,1.2940,0.0004,143096.4731,0.0007,20765988.1325
2026-08-01T07:41:00+05:30,1194.14,17.2489,1176.8882,0.9131,0.0004,98435.6116,0.0008,16252661.5003
2026-08-01T07:42:00+05:30,1339.54,20.0997,1319.4447,1.0106,0.0005,113250.6250,0.0007,15543119.2294
2026-08-01T07:43:00+05:30,1572.78,13.6836,1559.0927,1.1886,0.0004,83219.8407,0.0007,18009415.2472
2026-08-01T07:44:00+05:30,1507.81,24.5105,1483.2958,1.1573,0.0004,128921.3543,0.0007,20633559.0509
2026-08-01T07:45:00+05:30,1822.88,385.0874,1437.7918,1.5020,0.0009,2894142.4260,0.0008,16874290.6878
2026-08-01T07:46:00+05:30,1002.07,6.1163,995.9503,0.7580,0.0004,51468.7776,0.0007,12244586.0178
2026-08-01T07:47:00+05:30,1092.61,3.1838,1089.4301,0.8265,0.0004,28403.6673,0.0007,13076816.2694
2026-08-01T07:48:00+05:30,1001.37,2.4163,998.9502,0.7752,0.0003,23616.3306,0.0008,15341536.9438
2026-08-01T07:49:00+05:30,1583.23,2.9493,1580.2813,5.5076,0.0007,23887.7595,0.0034,21633847.0357
2026-08-01T07:50:00+05:30,1373.13,112.3354,1260.7935,1.0007,0.0004,884322.5150,0.0007,14506862.9628
2026-08-01T07:51:00+05:30,1001.17,2.5671,998.5998,0.7558,0.0005,23555.5333,0.0008,11694605.3908
2026-08-01T07:52:00+05:30,1071.25,2.9658,1068.2807,0.8111,0.0006,24637.2861,0.0007,12853224.3864
2026-08-01T07:53:00+05:30,1401.82,2.5172,1399.3032,1.0627,0.0004,21304.1710,0.0007,16088882.6059
2026-08-01T07:54:00+05:30,1565.65,2.4830,1563.1676,3.4315,0.0006,20409.3522,0.0021,16563588.6480
2026-08-01T07:55:00+05:30,964.32,3.7660,960.5572,0.7264,0.0005,22250.8540,0.0007,11082017.3635
2026-08-01T07:56:00+05:30,985.00,2.7007,982.2956,0.7433,0.0005,23967.1923,0.0007,11535594.0386
2026-08-01T07:57:00+05:30,1009.78,2.1668,1007.6172,0.7636,0.0004,19525.5684,0.0007,12053283.5522
2026-08-01T07:58:00+05:30,1177.70,2.2500,1175.4500,0.8884,0.0006,19046.4000,0.0007,13416448.0000
2026-08-01T07:59:00+05:30,1631.28,6.4673,1624.8125,5.7421,0.0005,36389.7723,0.0035,18556530.8531
2026-08-01T08:00:00+05:30,1040.99,3.0990,1037.8880,0.7813,0.0003,15901.3629,0.0007,11214623.8795
2026-08-01T08:01:00+05:30,988.22,1.9332,986.2840,0.7459,0.0002,18294.5519,0.0007,11575399.8967
2026-08-01T08:02:00+05:30,996.83,1.7005,995.1319,0.7538,0.0004,15910.6413,0.0007,11895491.9894
2026-08-01T08:03:00+05:30,1162.55,1.6828,1160.8684,0.8766,0.0004,15287.4019,0.0008,13196371.9613
2026-08-01T08:04:00+05:30,1706.03,13.8866,1692.1448,5.9850,0.0005,76543.5178,0.0035,19259400.6035
2026-08-01T08:05:00+05:30,945.68,3.0326,942.6477,0.7100,0.0003,15492.9183,0.0008,10405303.2959
2026-08-01T08:06:00+05:30,978.48,1.0499,977.4345,0.7389,0.0004,8737.6964,0.0007,11502221.6889
2026-08-01T08:07:00+05:30,997.15,1.0504,996.0984,0.7540,0.0009,8536.8904,0.0007,11865253.1888
2026-08-01T08:08:00+05:30,1479.84,340.9322,1138.9125,1.2716,0.0011,3017480.1780,0.0008,12994181.0062
2026-08-01T08:09:00+05:30,1736.18,35.6155,1700.5600,6.1625,0.0003,257561.5479,0.0036,19316228.6590
2026-08-01T08:10:00+05:30,967.17,0.9167,966.2500,0.7265,0.0006,7714.1333,0.0007,10670626.1333
2026-08-01T08:11:00+05:30,979.32,1.9668,977.3489,0.7386,0.0005,6758.7379,0.0007,11507468.1734
2026-08-01T08:12:00+05:30,1097.26,103.8920,993.3661,0.7909,0.0003,834151.6460,0.0007,11943019.7850
2026-08-01T08:13:00+05:30,1160.71,0.7333,1159.9727,0.8758,0.0008,6211.8525,0.0008,13186397.7068
2026-08-01T08:14:00+05:30,1756.70,54.0860,1702.6185,6.5552,0.0005,302777.8056,0.0038,19310601.7968
2026-08-01T08:15:00+05:30,953.09,1.9665,951.1199,0.7166,0.0003,5870.4441,0.0008,10585093.3756
2026-08-01T08:16:00+05:30,973.56,0.7667,972.7982,0.7355,0.0009,6349.3291,0.0008,11432752.1960
2026-08-01T08:17:00+05:30,1001.65,0.6166,1001.0333,0.7576,0.0009,5324.3563,0.0007,11916933.3222
2026-08-01T08:18:00+05:30,1157.58,0.6833,1156.8922,0.8735,0.0003,5597.6801,0.0007,13135502.4166
2026-08-01T08:19:00+05:30,1985.73,291.7785,1693.9551,6.7204,0.0016,1646810.1730,0.0036,19309197.4268
2026-08-01T08:20:00+05:30,976.16,2.1337,974.0290,0.7329,0.0001,7851.9753,0.0007,10760756.6594
2026-08-01T08:21:00+05:30,973.17,0.5166,972.6536,0.7351,0.0004,3890.6812,0.0007,11429319.8240
2026-08-01T08:22:00+05:30,1000.03,0.8666,999.1667,0.7562,0.0002,7099.2600,0.0007,11905390.8406
2026-08-01T08:23:00+05:30,1154.60,0.5835,1154.0154,0.8708,0.0003,4848.3878,0.0008,13033012.8372
2026-08-01T08:24:00+05:30,1704.61,13.6002,1691.0115,7.4203,0.0003,79531.9922,0.0044,19223189.7198
2026-08-01T08:25:00+05:30,976.42,1.9160,974.5085,0.7356,0.0002,5459.6045,0.0008,10839020.9767
2026-08-01T08:26:00+05:30,977.23,0.6002,976.6271,0.7380,0.0008,5599.3598,0.0007,11480394.7719
2026-08-01T08:27:00+05:30,995.55,1.6328,993.9185,0.7524,0.0005,4094.7716,0.0007,11816555.3001
2026-08-01T08:28:00+05:30,1488.55,363.3014,1125.2459,1.3484,0.0012,3081542.3342,0.0008,12806597.6962
2026-08-01T08:29:00+05:30,1322.81,55.7481,1267.0578,0.9775,0.0003,298661.6890,0.0008,14272001.0666
2026-08-01T08:30:00+05:30,1429.76,1.7999,1427.9619,6.7377,0.0011,4914.8723,0.0046,16035590.1607
2026-08-01T08:31:00+05:30,971.57,0.4832,971.0910,0.7337,0.0000,3890.1626,0.0007,11417149.5601
2026-08-01T08:32:00+05:30,991.72,0.5168,991.1985,0.7502,0.0003,4847.7413,0.0007,11816403.5339
2026-08-01T08:33:00+05:30,1155.71,0.5335,1155.1747,0.8715,0.0006,4506.8769,0.0007,13011695.1803
2026-08-01T08:34:00+05:30,1449.45,101.5133,1347.9384,2.6752,0.0003,807963.8685,0.0020,15332814.1593
2026-08-01T08:35:00+05:30,1324.85,1.7828,1323.0644,5.1709,0.0007,6619.7704,0.0037,14931199.2536
2026-08-01T08:36:00+05:30,974.55,0.5501,973.9957,0.7362,0.0002,8125.2230,0.0007,11445366.5839
2026-08-01T08:37:00+05:30,990.02,0.5000,989.5163,0.7489,0.0005,4300.9434,0.0007,11792708.8236
2026-08-01T08:38:00+05:30,1156.52,0.4667,1156.0552,0.8719,0.0009,3618.2539,0.0007,12993286.4429
2026-08-01T08:39:00+05:30,1172.30,69.5500,1102.7500,0.8652,0.0004,572611.2565,0.0007,12843886.2019
2026-08-01T08:40:00+05:30,1584.41,2.3668,1582.0388,6.4473,0.0016,9762.9469,0.0040,17600681.6568
2026-08-01T08:41:00+05:30,982.95,0.9331,982.0212,0.7417,0.0008,7780.4549,0.0007,11490844.6222
2026-08-01T08:42:00+05:30,1002.30,0.5334,1001.7668,0.7575,0.0001,4301.0867,0.0007,11853112.3408
2026-08-01T08:43:00+05:30,1153.02,0.7667,1152.2500,0.8688,0.0009,6485.4414,0.0007,12918248.3708
2026-08-01T08:44:00+05:30,1247.20,69.6760,1177.5237,0.9290,0.0005,1289183.0911,0.0007,13776548.3398
2026-08-01T08:45:00+05:30,1480.46,2.0333,1478.4254,7.7653,0.0023,6894.8184,0.0051,16431649.3392
2026-08-01T08:46:00+05:30,983.00,0.7998,982.2036,0.7420,0.0006,6415.7835,0.0008,11502066.5200
2026-08-01T08:47:00+05:30,999.00,0.5334,998.4663,0.7551,0.0008,4506.5764,0.0007,11793027.6893
2026-08-01T08:48:00+05:30,1159.04,11.8159,1147.2235,0.8755,0.0007,305063.3958,0.0007,13751949.3367
2026-08-01T08:49:00+05:30,1992.77,907.0143,1085.7547,1.4591,0.0006,35706787.8707,0.0007,15724149.5501
2026-08-01T08:50:00+05:30,2315.89,753.3637,1562.5302,9.6587,0.0019,45898691.5639,0.0051,19591417.9393
2026-08-01T08:51:00+05:30,1283.65,53.6869,1229.9653,0.9566,0.0003,481243.8163,0.0006,15459607.7072
2026-08-01T08:52:00+05:30,1166.65,63.8823,1102.7650,0.8655,0.0004,593773.5704,0.0008,14431605.8732
2026-08-01T08:53:00+05:30,1229.21,70.2433,1158.9637,0.9052,0.0005,662523.0010,0.0007,13028936.5701
2026-08-01T08:54:00+05:30,1470.16,425.2350,1044.9257,1.3360,0.0011,3804311.3237,0.0008,12183942.5228
2026-08-01T08:55:00+05:30,3604.81,2360.5639,1244.2422,6.2446,0.0016,65482552.5447,0.0021,13190326.8340
2026-08-01T08:56:00+05:30,1369.86,109.6996,1260.1614,0.9940,0.0004,1159876.6276,0.0007,14302641.1697
2026-08-01T08:57:00+05:30,1713.23,393.6324,1319.5942,1.2866,0.0006,4279017.9928,0.0009,21525017.7262
2026-08-01T08:58:00+05:30,1716.11,94.7960,1621.3162,1.2786,0.0005,919143.7382,0.0007,19738581.0538
2026-08-01T08:59:00+05:30,1348.03,107.3256,1240.7034,1.0013,0.0005,1061480.8987,0.0007,17051829.0553
2026-08-01T09:00:00+05:30,1616.13,488.7174,1127.4082,1.1431,0.0005,13492027.2653,0.0007,21540401.3799
2026-08-01T09:01:00+05:30,1472.97,148.4667,1324.5000,1.0663,0.0005,1490987.4169,0.0007,14388939.9177
2026-08-01T09:02:00+05:30,1162.98,141.4428,1021.5348,0.8371,0.0005,1459253.3378,0.0008,12335585.8322
2026-08-01T09:03:00+05:30,1338.54,142.0619,1196.4768,0.9673,0.0004,1484136.1288,0.0008,13666394.5868
2026-08-01T09:04:00+05:30,1323.82,135.2027,1188.6170,0.9588,0.0005,1404278.4743,0.0007,13569570.5521
2026-08-01T09:05:00+05:30,1520.64,184.0452,1336.5941,1.0919,0.0004,1801590.1880,0.0007,14508077.3230
2026-08-01T09:06:00+05:30,1358.42,126.1686,1232.2562,0.9877,0.0005,1308541.1459,0.0007,13789921.2745
2026-08-01T09:07:00+05:30,1178.69,117.2793,1061.4154,0.8551,0.0005,1223917.7128,0.0008,12403672.6515
2026-08-01T09:08:00+05:30,1258.64,105.0045,1153.6334,0.9175,0.0005,1087271.7944,0.0007,13113177.4701
2026-08-01T09:09:00+05:30,1248.21,95.2365,1152.9718,0.9117,0.0004,983482.3827,0.0007,12971508.6503
2026-08-01T09:10:00+05:30,1392.04,193.2779,1198.7629,0.9905,0.0005,1594353.3178,0.0007,13314799.8666
2026-08-01T09:11:00+05:30,1481.30,85.9314,1395.3643,1.0924,0.0005,870143.2023,0.0007,15103799.5101
2026-08-01T09:12:00+05:30,1080.73,69.6248,1011.1013,0.7959,0.0005,703456.9852,0.0007,11989834.7419
2026-08-01T09:13:00+05:30,1219.28,63.5227,1155.7574,0.9004,0.0004,634753.0494,0.0007,13151468.9062
2026-08-01T09:14:00+05:30,1216.34,55.3259,1161.0102,0.9008,0.0005,552565.0181,0.0008,13031945.1918
2026-08-01T09:15:00+05:30,1341.14,148.4117,1192.7269,0.9676,0.0005,1434258.7624,0.0008,13509816.4364
2026-08-01T09:16:00+05:30,1450.10,46.9430,1403.1562,1.0819,0.0005,451243.2468,0.0007,15138797.9803
2026-08-01T09:17:00+05:30,1098.09,39.3873,1058.7059,0.8177,0.0005,384584.5918,0.0008,12374843.8844
2026-08-01T09:18:00+05:30,1182.85,36.4233,1146.4268,0.8812,0.0004,355871.1097,0.0007,13031628.5986
2026-08-01T09:19:00+05:30,1163.53,32.6951,1130.8304,0.8670,0.0005,310839.7740,0.0007,12763883.8174
2026-08-01T09:20:00+05:30,1434.96,312.3521,1122.6038,1.1691,0.0010,2818927.4212,0.0007,12793667.2112
2026-08-01T09:21:00+05:30,1500.28,28.6600,1471.6233,1.1274,0.0004,269112.6737,0.0008,15745719.0656
2026-08-01T09:22:00+05:30,1093.02,27.2676,1065.7522,0.8154,0.0004,250547.0182,0.0008,12395455.3152
2026-08-01T09:23:00+05:30,1155.17,25.9641,1129.2037,0.8625,0.0004,233653.4347,0.0007,12915649.2351
2026-08-01T09:24:00+05:30,1137.38,22.0544,1115.3231,0.8511,0.0005,201013.9192,0.0008,12684019.2702
2026-08-01T09:25:00+05:30,1147.82,27.9273,1119.8907,0.8579,0.0004,348090.3819,0.0008,12683389.7221
2026-08-01T09:26:00+05:30,1503.27,20.4507,1482.8161,1.6707,0.0005,170672.3557,0.0011,15882632.8878
2026-08-01T09:27:00+05:30,1074.90,18.9164,1055.9824,0.8068,0.0004,170660.9780,0.0007,12315647.0784
2026-08-01T09:28:00+05:30,1141.81,15.7378,1126.0691,0.8566,0.0005,139849.7574,0.0007,12871981.9949
2026-08-01T09:29:00+05:30,1146.97,14.1650,1132.8012,0.8603,0.0004,128394.6206,0.0008,12770247.7378
2026-08-01T09:30:00+05:30,1129.92,13.5630,1116.3523,0.8481,0.0004,108924.5535,0.0007,12663980.8051
2026-08-01T09:31:00+05:30,1575.68,77.6527,1498.0245,3.6509,0.0005,1367609.4959,0.0023,16238962.9234
2026-08-01T09:32:00+05:30,1026.55,10.4840,1016.0677,0.7725,0.0004,91415.1610,0.0007,11981393.9596
2026-08-01T09:33:00+05:30,1136.44,9.7508,1126.6939,0.8543,0.0006,85339.0226,0.0007,12828161.8775
2026-08-01T09:34:00+05:30,1119.36,7.9663,1111.3944,0.8417,0.0005,68878.7707,0.0007,12584881.8373
2026-08-01T09:35:00+05:30,1127.70,8.6154,1119.0821,0.8478,0.0006,64707.0939,0.0007,12680542.7186
2026-08-01T09:36:00+05:30,1893.01,423.2455,1469.7598,5.2874,0.0009,5833572.8547,0.0033,16183920.4040
2026-08-01T09:37:00+05:30,1010.72,10.3823,1000.3333,0.7601,0.0003,91672.9660,0.0008,11880966.5700
2026-08-01T09:38:00+05:30,1139.73,8.4685,1131.2618,0.8563,0.0004,81117.0234,0.0007,12860871.9077
2026-08-01T09:39:00+05:30,1139.51,5.2504,1134.2612,0.8567,0.0004,46698.2915,0.0007,12768637.3864
2026-08-01T09:40:00+05:30,1522.52,439.0707,1083.4444,1.4140,0.0013,3880492.9087,0.0008,12399473.8930
2026-08-01T09:41:00+05:30,1698.73,218.7562,1479.9707,4.5536,0.0004,5025863.5962,0.0030,16648544.2821
2026-08-01T09:42:00+05:30,1016.20,22.4719,993.7319,0.7595,0.0004,194127.4297,0.0008,11734364.6851
2026-08-01T09:43:00+05:30,1150.39,20.8108,1129.5800,0.8613,0.0005,180039.4561,0.0007,12840061.8502
2026-08-01T09:44:00+05:30,1388.20,278.9732,1109.2258,1.1054,0.0009,2405508.1923,0.0008,12652847.4706
2026-08-01T09:45:00+05:30,1138.29,28.0023,1110.2925,0.8471,0.0003,232941.3961,0.0007,12502371.6248
2026-08-01T09:46:00+05:30,1626.25,111.0278,1515.2242,4.4053,0.0005,1283643.6119,0.0028,16912775.9741
2026-08-01T09:47:00+05:30,1170.04,27.1897,1142.8500,0.8749,0.0005,235844.1662,0.0007,12900484.7050
2026-08-01T09:48:00+05:30,1160.55,23.8587,1136.6878,0.8659,0.0004,208553.4155,0.0008,12525352.3492
2026-08-01T09:49:00+05:30,1121.61,19.4241,1102.1892,0.8378,0.0004,173944.7779,0.0007,12138777.6444
2026-08-01T09:50:00+05:30,1110.04,19.1090,1090.9303,0.8310,0.0005,155583.1737,0.0007,12336585.6227
2026-08-01T09:51:00+05:30,1605.01,89.2164,1515.7946,4.0279,0.0006,1650130.5594,0.0026,16849398.6797
2026-08-01T09:52:00+05:30,1103.87,22.2978,1081.5752,0.8265,0.0004,195018.3648,0.0007,12357625.0375
2026-08-01T09:53:00+05:30,1241.61,22.3641,1219.2411,0.9276,0.0004,197131.1347,0.0007,13200550.6024
2026-08-01T09:54:00+05:30,1094.51,27.2573,1067.2513,0.8153,0.0005,238515.0954,0.0007,11805507.1101
2026-08-01T09:55:00+05:30,1113.98,28.4066,1085.5700,0.8310,0.0005,239061.3653,0.0007,12286702.6090
2026-08-01T09:56:00+05:30,1645.25,70.0910,1575.1558,4.7961,0.0006,746495.3517,0.0031,17461876.7785
2026-08-01T09:57:00+05:30,1203.14,26.9960,1176.1402,0.8996,0.0005,237191.0880,0.0007,13067351.8972
2026-08-01T09:58:00+05:30,1134.34,22.3575,1111.9873,0.8468,0.0004,196260.5492,0.0007,12260274.9537
2026-08-01T09:59:00+05:30,1103.49,20.6285,1082.8640,0.8252,0.0005,180662.7231,0.0007,12186372.9525
2026-08-01T10:00:00+05:30,1119.16,20.4180,1098.7399,0.8356,0.0004,165213.5940,0.0007,12096843.7755
2026-08-01T10:01:00+05:30,1519.75,257.3528,1262.4019,1.4490,0.0012,1547185.1494,0.0009,14360946.8931
2026-08-01T10:02:00+05:30,1671.82,217.6348,1454.1878,5.5708,0.0004,1787779.9150,0.0037,15928350.2959
2026-08-01T10:03:00+05:30,1112.56,13.5349,1099.0282,0.8329,0.0005,118593.0359,0.0008,12122434.0173
2026-08-01T10:04:00+05:30,1080.00,12.5331,1067.4655,0.8102,0.0004,108953.6000,0.0007,11999027.2000
2026-08-01T10:05:00+05:30,1108.45,13.0338,1095.4198,0.8301,0.0006,104244.9374,0.0007,12108046.0674
2026-08-01T10:06:00+05:30,1337.13,66.0590,1271.0684,1.6649,0.0004,423484.0516,0.0012,14422075.6591
2026-08-01T10:07:00+05:30,1467.59,9.3681,1458.2187,6.0159,0.0011,85414.4122,0.0040,15977820.6731
2026-08-01T10:08:00+05:30,1346.51,253.6258,1092.8883,1.0610,0.0009,2177837.1981,0.0008,12234672.1790
2026-08-01T10:09:00+05:30,1088.21,7.8976,1080.3092,0.8160,0.0004,67700.2233,0.0007,12022385.8176
2026-08-01T10:10:00+05:30,1095.48,8.5501,1086.9348,0.8209,0.0003,64240.0040,0.0007,12021209.4202
2026-08-01T10:11:00+05:30,1596.21,47.9785,1548.2285,6.1876,0.0005,264511.2907,0.0038,17334192.8173
2026-08-01T10:12:00+05:30,1187.72,5.7002,1182.0227,0.8951,0.0005,48880.5627,0.0008,13132077.2026
2026-08-01T10:13:00+05:30,1084.54,5.3006,1079.2426,0.8147,0.0005,46425.9759,0.0007,11948544.1878
2026-08-01T10:14:00+05:30,1084.00,4.4674,1079.5299,0.8150,0.0004,38986.7645,0.0008,12080707.8513
2026-08-01T10:15:00+05:30,1081.48,5.6661,1075.8091,0.8125,0.0005,39386.5845,0.0007,11964852.5290
2026-08-01T10:16:00+05:30,1922.98,531.8791,1391.0979,5.6133,0.0014,7188135.9819,0.0034,15624225.0367
2026-08-01T10:17:00+05:30,1351.30,4.1672,1347.1296,1.5561,0.0005,36936.5759,0.0011,14983960.3954
2026-08-01T10:18:00+05:30,1097.00,3.1667,1093.8333,0.8240,0.0004,27989.7998,0.0007,12042167.6361
2026-08-01T10:19:00+05:30,1076.94,3.6335,1073.3024,0.8095,0.0003,33656.0276,0.0007,11978064.1677
2026-08-01T10:20:00+05:30,1077.53,4.5157,1073.0175,0.8092,0.0002,29143.5522,0.0007,11939301.1514
2026-08-01T10:21:00+05:30,2050.21,704.1958,1346.0134,6.4113,0.0007,10743635.6605,0.0043,15315071.5476
2026-08-01T10:22:00+05:30,1421.01,3.4664,1417.5388,2.8642,0.0009,30171.8552,0.0020,15521371.6419
2026-08-01T10:23:00+05:30,1062.63,2.3666,1060.2647,0.7988,0.0004,21571.1881,0.0007,11697864.1735
2026-08-01T10:24:00+05:30,1069.74,2.8503,1066.8911,0.8043,0.0003,25398.5865,0.0007,11872405.3874
2026-08-01T10:25:00+05:30,1070.35,3.4002,1066.9545,0.8044,0.0003,19525.5684,0.0007,11893528.9019
2026-08-01T10:26:00+05:30,1232.79,130.0848,1102.7047,1.1748,0.0004,657467.8288,0.0010,12926218.8745
2026-08-01T10:27:00+05:30,1646.07,2.1666,1643.9011,9.1806,0.0013,18226.2887,0.0054,18000473.8430
2026-08-01T10:28:00+05:30,1317.73,236.5667,1081.1667,1.0636,0.0010,2080938.1177,0.0007,11906463.9589
2026-08-01T10:29:00+05:30,1210.63,186.5093,1024.1179,1.1333,0.0017,1639164.6249,0.0008,11534639.6653
2026-08-01T10:30:00+05:30,1063.11,3.7827,1059.3234,0.7987,0.0004,23616.3306,0.0007,11831167.3388
2026-08-01T10:31:00+05:30,974.70,2.0499,972.6509,0.7371,0.0003,17407.7099,0.0008,11749248.4459
2026-08-01T10:32:00+05:30,1774.42,25.6427,1748.7746,11.2767,0.0006,116642.2355,0.0062,19103170.8960
2026-08-01T10:33:00+05:30,1269.55,229.8925,1039.6568,0.9739,0.0008,2031210.8771,0.0008,11656565.1826
2026-08-01T10:34:00+05:30,1051.98,1.9671,1050.0100,0.7909,0.0003,18435.9945,0.0008,11663361.1949
2026-08-01T10:35:00+05:30,1051.14,3.1326,1048.0047,0.7898,0.0006,16038.3898,0.0008,11688300.7198
2026-08-01T10:36:00+05:30,972.75,2.2501,970.4985,0.7348,0.0002,19661.7831,0.0007,11659983.5325
2026-08-01T10:37:00+05:30,1748.23,17.2181,1731.0109,9.6253,0.0018,145693.2078,0.0054,19395971.5310
2026-08-01T10:38:00+05:30,1062.44,3.9163,1058.5275,0.7984,0.0002,42252.8414,0.0007,11762945.3055
2026-08-01T10:39:00+05:30,1048.61,1.7003,1046.9086,0.7889,0.0003,14475.1871,0.0007,11715274.2003
2026-08-01T10:40:00+05:30,1051.71,3.7662,1047.9436,0.7900,0.0004,25733.5311,0.0007,11710531.3713
2026-08-01T10:41:00+05:30,972.28,1.5500,970.7328,0.7343,0.0004,13585.0667,0.0007,11640832.0000
2026-08-01T10:42:00+05:30,1781.47,38.8487,1742.6252,8.4321,0.0005,227187.6802,0.0047,19707302.4783
2026-08-01T10:43:00+05:30,1047.95,1.3499,1046.5961,0.7878,0.0004,12013.9322,0.0008,11593717.5902
2026-08-01T10:44:00+05:30,1045.19,1.6336,1043.5573,0.7858,0.0004,13655.6093,0.0008,11669810.5684
2026-08-01T10:45:00+05:30,1037.67,2.8833,1034.7833,0.7796,0.0005,14745.6000,0.0007,11623287.4667
2026-08-01T10:46:00+05:30,967.06,0.9501,966.1144,0.7301,0.0005,7919.4613,0.0007,11538245.4830
2026-08-01T10:47:00+05:30,1784.75,52.2798,1732.4678,10.2265,0.0004,484934.0711,0.0058,19701334.0444
2026-08-01T10:48:00+05:30,1050.62,0.6500,1049.9675,0.7897,0.0006,5597.9600,0.0007,11635701.1284
2026-08-01T10:49:00+05:30,1039.78,0.8500,1038.9314,0.7820,0.0005,7713.6191,0.0007,11581691.8872
2026-08-01T10:50:00+05:30,1022.50,1.0833,1021.4163,0.7700,0.0004,9079.4667,0.0007,11611818.6667
2026-08-01T10:51:00+05:30,1298.75,345.4730,953.2802,1.0920,0.0010,2884888.7778,0.0008,11379461.7731
2026-08-01T10:52:00+05:30,1893.53,121.9541,1771.5757,8.9991,0.0004,1220785.2262,0.0050,20166918.6306
2026-08-01T10:53:00+05:30,1029.22,1.3167,1027.9005,0.7746,0.0004,12151.6692,0.0008,11497390.5565
2026-08-01T10:54:00+05:30,1032.15,1.0666,1031.0802,0.7768,0.0002,9215.2321,0.0008,11544569.6859
2026-08-01T10:55:00+05:30,1015.45,2.6164,1012.8318,0.7647,0.0004,12764.3775,0.0007,11571283.6169
2026-08-01T10:56:00+05:30,967.63,1.3000,966.3339,0.7306,0.0004,11878.0041,0.0007,11423499.7500
2026-08-01T10:57:00+05:30,1902.50,145.9987,1756.5022,10.3702,0.0005,1407786.5955,0.0058,20058654.2181
2026-08-01T10:58:00+05:30,1069.64,0.9999,1068.6443,0.8050,0.0002,8669.1442,0.0007,11844917.9902
2026-08-01T10:59:00+05:30,1222.36,212.1323,1010.2325,0.8967,0.0006,1846049.8958,0.0008,11476376.9686
2026-08-01T11:00:00+05:30,998.57,2.4336,996.1329,0.7519,0.0006,10172.9202,0.0007,11407052.4228
2026-08-01T11:01:00+05:30,970.59,1.0164,969.5758,0.7319,0.0004,9759.2056,0.0008,11310851.0114
2026-08-01T11:02:00+05:30,1526.65,47.1983,1479.4518,5.4735,0.0004,347718.1821,0.0036,16851220.6995
2026-08-01T11:03:00+05:30,1332.66,1.2001,1331.4554,5.9937,0.0007,12288.8193,0.0044,14939790.6527
2026-08-01T11:04:00+05:30,1008.27,1.2331,1007.0322,0.7588,0.0003,11330.3783,0.0007,11335565.6724
2026-08-01T11:05:00+05:30,1978.72,845.0847,1133.6344,1.4703,0.0005,18058181.2122,0.0010,30400173.8464
2026-08-01T11:06:00+05:30,2378.67,485.4853,1893.1809,9.0345,0.0009,3812112.0536,0.0044,36740042.1951
2026-08-01T11:07:00+05:30,2922.63,365.4516,2557.1779,16.6513,0.0005,10273110.4370,0.0064,35927827.9943
2026-08-01T11:08:00+05:30,1419.97,21.3571,1398.6162,1.0885,0.0005,176323.3078,0.0007,18452828.2761
2026-08-01T11:09:00+05:30,1709.77,22.8265,1686.9439,1.3106,0.0005,186792.9420,0.0007,22364035.7899
2026-08-01T11:10:00+05:30,1492.12,23.3399,1468.7828,1.1332,0.0005,186967.1073,0.0007,18402261.4407
2026-08-01T11:11:00+05:30,1095.26,20.8309,1074.4247,0.8332,0.0004,176653.5238,0.0007,14515964.0709
2026-08-01T11:12:00+05:30,1696.81,40.5426,1656.2630,2.8008,0.0006,255061.5210,0.0017,18607410.2513
2026-08-01T11:13:00+05:30,1566.49,19.4337,1547.0591,1.1827,0.0004,161385.0898,0.0008,17786220.7037
2026-08-01T11:14:00+05:30,1290.19,18.2006,1271.9924,0.9777,0.0005,152922.4307,0.0007,16115771.3257
2026-08-01T11:15:00+05:30,1380.62,46.0918,1334.5280,1.0319,0.0005,259051.2261,0.0008,15737942.3561
2026-08-01T11:16:00+05:30,1006.15,22.7318,983.4178,0.7543,0.0005,173385.7743,0.0008,11824978.0681
2026-08-01T11:17:00+05:30,1620.48,19.4503,1601.0267,6.0899,0.0019,159610.1268,0.0037,19895559.3260
2026-08-01T11:18:00+05:30,1569.66,19.0481,1550.6116,2.0892,0.0007,160891.1257,0.0013,20332419.7650
2026-08-01T11:19:00+05:30,1255.93,99.7784,1156.1495,0.9276,0.0006,814094.8445,0.0008,15123067.5509
2026-08-01T11:20:00+05:30,1580.78,455.1410,1125.6418,1.5763,0.0012,3493689.2327,0.0008,12869758.0476
2026-08-01T11:21:00+05:30,1121.94,70.7763,1051.1616,0.8251,0.0004,965194.1473,0.0007,12386362.4304
2026-08-01T11:22:00+05:30,1586.80,285.5976,1301.2002,2.0593,0.0007,9705936.5529,0.0014,16387140.9472
2026-08-01T11:23:00+05:30,1760.58,17.3172,1743.2581,5.1294,0.0013,148952.9016,0.0029,21332076.1308
2026-08-01T11:24:00+05:30,1062.01,15.3823,1046.6302,0.8010,0.0004,129495.3919,0.0007,12902642.3345
2026-08-01T11:25:00+05:30,1263.52,222.7980,1040.7238,0.9139,0.0005,1761142.1335,0.0008,11929137.6012
2026-08-01T11:26:00+05:30,995.97,15.2558,980.7093,0.7475,0.0004,119990.5297,0.0007,11535617.7201
2026-08-01T11:27:00+05:30,1679.86,244.4296,1435.4304,6.5490,0.0013,4204603.2164,0.0042,16617384.2846
2026-08-01T11:28:00+05:30,1594.69,118.3579,1476.3318,6.2038,0.0013,4733721.4481,0.0040,16413766.2511
2026-08-01T11:29:00+05:30,992.73,12.2835,980.4497,0.7451,0.0004,104518.0086,0.0007,11356554.0759
2026-08-01T11:30:00+05:30,979.49,12.1807,967.3071,0.7320,0.0005,97735.0618,0.0007,10713591.8952
2026-08-01T11:31:00+05:30,989.45,11.4851,977.9634,0.7436,0.0003,99685.9477,0.0008,11521647.2079
2026-08-01T11:32:00+05:30,1034.43,9.3488,1025.0800,0.7803,0.0003,76789.7614,0.0007,12321650.9799
2026-08-01T11:33:00+05:30,2053.49,172.1373,1881.3576,11.9566,0.0027,4924172.0344,0.0060,20775926.9187
2026-08-01T11:34:00+05:30,993.30,11.9000,981.4000,0.7459,0.0005,102606.5101,0.0007,11396832.0805
2026-08-01T11:35:00+05:30,979.70,12.4988,967.2033,0.7324,0.0005,96517.8063,0.0007,10716684.6535
2026-08-01T11:36:00+05:30,985.58,11.7184,973.8627,0.7406,0.0004,100505.2842,0.0007,11445653.7423
2026-08-01T11:37:00+05:30,1013.71,10.6137,1003.0991,0.7641,0.0004,89539.0050,0.0008,12072000.7998
2026-08-01T11:38:00+05:30,2178.72,276.6862,1902.0382,11.4326,0.0021,1585372.2209,0.0056,21322792.1736
2026-08-01T11:39:00+05:30,976.04,10.5858,965.4586,0.7327,0.0003,91225.5526,0.0007,11226137.2987
2026-08-01T11:40:00+05:30,972.10,11.1998,960.9007,0.7262,0.0005,89358.0881,0.0007,10654979.2340
2026-08-01T11:41:00+05:30,984.10,9.6812,974.4222,0.7391,0.0005,86954.3425,0.0007,11389176.0315
2026-08-01T11:42:00+05:30,1018.50,8.9673,1009.5340,0.7672,0.0004,81104.8552,0.0007,12111590.1128
2026-08-01T11:43:00+05:30,1965.65,107.4220,1858.2262,11.5532,0.0006,1871655.4437,0.0060,21018796.4531
2026-08-01T11:44:00+05:30,1343.36,403.0970,940.2597,1.2266,0.0013,3399598.7532,0.0008,10997882.5530
2026-08-01T11:45:00+05:30,970.84,13.0654,957.7709,0.7243,0.0003,105597.9735,0.0007,10618569.0764
2026-08-01T11:46:00+05:30,988.30,10.3816,977.9203,0.7413,0.0004,92484.3779,0.0007,11356876.8392
2026-08-01T11:47:00+05:30,1016.94,9.5016,1007.4346,0.7659,0.0004,85620.6701,0.0008,12070056.4761
2026-08-01T11:48:00+05:30,2432.79,557.0612,1875.7271,12.8338,0.0021,3149829.1886,0.0063,21056823.5216
2026-08-01T11:49:00+05:30,977.92,11.7318,966.1878,0.7338,0.0004,102657.6680,0.0008,11273709.4769
2026-08-01T11:50:00+05:30,822.98,12.5861,810.3923,0.6169,0.0002,98531.7908,0.0007,9401489.6809
2026-08-01T11:51:00+05:30,792.94,11.1144,781.8270,0.5989,0.0004,99444.6444,0.0007,9715612.0776
2026-08-01T11:52:00+05:30,1084.75,267.6089,817.1439,0.8009,0.0006,2127191.9731,0.0009,10565574.5858
2026-08-01T11:53:00+05:30,2029.87,553.0833,1476.7833,7.4597,0.0015,4259359.4107,0.0044,17048974.5171
2026-08-01T11:54:00+05:30,1023.77,18.0191,1005.7508,2.5853,0.0008,160174.9567,0.0025,12111575.4101
2026-08-01T11:55:00+05:30,778.81,15.3169,763.4961,0.5854,0.0004,131144.6382,0.0008,9035872.3957
2026-08-01T11:56:00+05:30,782.08,14.1969,767.8836,0.5911,0.0005,116096.4458,0.0008,9593074.5672
2026-08-01T11:57:00+05:30,818.52,14.2690,804.2507,0.6206,0.0004,128704.1174,0.0008,10324937.8896
2026-08-01T11:58:00+05:30,2201.23,465.6667,1735.5667,13.3123,0.0035,25650158.0974,0.0067,19532406.1932
2026-08-01T11:59:00+05:30,2261.63,1284.0998,977.5307,2.6884,0.0013,88101619.9493,0.0010,11423014.2686
2026-08-01T12:00:00+05:30,1114.07,134.4500,979.6167,0.7910,0.0004,1330790.4000,0.0007,10988407.4667
2026-08-01T12:01:00+05:30,1104.83,127.3575,977.4742,0.7939,0.0005,1245226.0376,0.0007,11263539.3612
2026-08-01T12:02:00+05:30,1125.89,117.0567,1008.8351,0.8159,0.0005,1157965.9932,0.0008,12075443.3553
2026-08-01T12:03:00+05:30,1276.17,104.4736,1171.6948,0.9309,0.0005,1047844.1203,0.0008,13220327.2939
2026-08-01T12:04:00+05:30,5086.49,4002.6497,1083.8416,13.5116,0.0023,117377232.9434,0.0042,13081588.9078
2026-08-01T12:05:00+05:30,1631.69,184.7957,1446.8965,1.1560,0.0004,1820793.3862,0.0008,14763173.0115
2026-08-01T12:06:00+05:30,1203.21,174.3058,1028.9010,0.8544,0.0004,1772671.3557,0.0007,11860158.5386
2026-08-01T12:07:00+05:30,1231.37,162.3284,1069.0408,0.8816,0.0005,1661047.8603,0.0007,12619185.7086
2026-08-01T12:08:00+05:30,1622.38,157.0317,1465.3457,1.1755,0.0005,1631519.5227,0.0008,15696361.8245
2026-08-01T12:09:00+05:30,1954.18,700.9100,1253.2749,1.4057,0.0006,30075993.7335,0.0008,13696021.3326
2026-08-01T12:10:00+05:30,2914.27,1781.4209,1132.8510,8.3727,0.0032,40157418.3224,0.0025,12568681.6909
2026-08-01T12:11:00+05:30,1324.54,189.2563,1135.2878,0.9375,0.0004,1777830.1638,0.0007,12913264.8211
2026-08-01T12:12:00+05:30,1210.15,194.4218,1015.7284,0.8554,0.0005,1815280.4825,0.0008,12090427.2718
2026-08-01T12:13:00+05:30,1702.32,572.6859,1129.6361,1.5788,0.0011,5166650.1975,0.0009,12815643.9466
2026-08-01T12:14:00+05:30,1356.06,186.3717,1169.6865,0.9520,0.0004,1805044.7219,0.0007,13034924.4745
2026-08-01T12:15:00+05:30,3085.74,1767.5395,1318.2038,4.6637,0.0012,42719437.2677,0.0019,14415847.1822
2026-08-01T12:16:00+05:30,1443.14,202.6365,1240.5006,1.0186,0.0004,1862364.2696,0.0008,13834793.7672
2026-08-01T12:17:00+05:30,1218.33,193.7968,1024.5329,0.8612,0.0004,1845080.7153,0.0007,12124435.7927
2026-08-01T12:18:00+05:30,1362.93,195.1858,1167.7474,0.9678,0.0005,1869446.9561,0.0008,13145122.8912
2026-08-01T12:19:00+05:30,1350.19,192.0436,1158.1447,0.9582,0.0004,1870307.7897,0.0007,12929275.6908
2026-08-01T12:20:00+05:30,2553.49,1249.6459,1303.8413,3.0053,0.0008,24096057.0619,0.0015,14365591.1341
2026-08-01T12:21:00+05:30,1571.80,198.9302,1372.8650,1.1317,0.0005,1865659.0292,0.0008,14976667.6109
2026-08-01T12:22:00+05:30,1195.53,190.9921,1004.5339,0.8454,0.0004,1837164.4219,0.0007,11947508.7345
2026-08-01T12:23:00+05:30,1342.02,184.6438,1157.3781,0.9553,0.0005,1812487.8504,0.0007,13032627.9791
2026-08-01T12:24:00+05:30,1377.84,179.1535,1198.6836,0.9831,0.0004,1774949.2593,0.0007,13211478.6956
2026-08-01T12:25:00+05:30,1981.30,765.9199,1215.3764,2.1697,0.0010,7075598.1129,0.0012,13408840.1820
2026-08-01T12:26:00+05:30,3427.15,2158.4762,1268.6764,10.1465,0.0026,74340796.0007,0.0036,14211297.5837
2026-08-01T12:27:00+05:30,1258.31,206.6977,1051.6077,0.8829,0.0005,1918476.5461,0.0008,12286224.7708
2026-08-01T12:28:00+05:30,1477.27,200.0300,1277.2351,1.0519,0.0005,1920674.1783,0.0007,13849908.9273
2026-08-01T12:29:00+05:30,1329.00,192.1288,1136.8705,0.9417,0.0004,1891170.5561,0.0007,12516382.4510
2026-08-01T12:30:00+05:30,1283.72,182.9982,1100.7215,0.9121,0.0005,1829809.6508,0.0007,12419241.8022
2026-08-01T12:31:00+05:30,3864.58,2556.0185,1308.5640,12.4439,0.0022,70939495.4589,0.0050,14644973.0198
2026-08-01T12:32:00+05:30,1272.83,212.0459,1060.7798,0.8826,0.0004,1924171.5705,0.0008,12389602.8139
2026-08-01T12:33:00+05:30,1351.74,222.1130,1129.6312,0.9788,0.0004,2382330.4278,0.0008,17506012.2331
2026-08-01T12:34:00+05:30,1363.98,220.9574,1143.0214,0.9619,0.0005,2129649.6550,0.0008,13072546.6849
2026-08-01T12:35:00+05:30,1291.99,194.0672,1097.9252,0.9211,0.0005,1911343.7990,0.0008,13498246.9753
2026-08-01T12:36:00+05:30,1965.20,623.7708,1341.4280,2.8140,0.0009,6592731.7577,0.0017,41994684.0895
2026-08-01T12:37:00+05:30,2822.38,941.6558,1880.7286,10.3856,0.0012,27625644.9022,0.0048,21427992.6674
2026-08-01T12:38:00+05:30,1399.09,225.2671,1173.8261,1.0019,0.0005,2150007.4012,0.0008,16209754.4257
2026-08-01T12:39:00+05:30,1292.83,220.0757,1072.7585,0.9213,0.0004,2124534.5868,0.0008,14865938.8606
2026-08-01T12:40:00+05:30,1248.85,213.2358,1035.6143,0.8863,0.0005,2061550.2558,0.0007,13754499.4750
2026-08-01T12:41:00+05:30,1336.43,278.6721,1057.7609,0.9246,0.0004,2583293.6706,0.0008,12567046.2287
2026-08-01T12:42:00+05:30,2079.44,865.0221,1214.4179,1.4184,0.0006,24464990.9994,0.0008,14863053.8036
2026-08-01T12:43:00+05:30,1780.34,193.2318,1587.1101,6.6827,0.0012,1924161.0931,0.0040,17480907.6398
2026-08-01T12:44:00+05:30,1349.41,190.1579,1159.2512,0.9607,0.0004,1926938.9878,0.0008,13285370.6741
2026-08-01T12:45:00+05:30,1166.55,186.7156,979.8317,0.8200,0.0005,1886296.9247,0.0007,10804919.6100
2026-08-01T12:46:00+05:30,1212.36,177.1371,1035.2275,0.8622,0.0005,1827361.0958,0.0008,12112171.4410
2026-08-01T12:47:00+05:30,2010.10,487.6154,1522.4856,7.6168,0.0012,4410194.6195,0.0046,17094180.8848
2026-08-01T12:48:00+05:30,1681.73,456.8743,1224.8537,1.4243,0.0010,4270765.5794,0.0008,15725352.2225
2026-08-01T12:49:00+05:30,1318.55,167.4362,1151.1176,0.9974,0.0004,1715400.1300,0.0008,17763966.8628
2026-08-01T12:50:00+05:30,1130.77,159.9014,970.8725,0.8011,0.0004,1636093.0481,0.0007,10695657.1352
2026-08-01T12:51:00+05:30,1154.85,156.3375,998.5165,0.8370,0.0005,1596329.1717,0.0007,13929936.6259
2026-08-01T12:52:00+05:30,1733.22,179.1398,1554.0836,6.9997,0.0011,2220654.6351,0.0043,17931577.9966
2026-08-01T12:53:00+05:30,1400.01,151.4470,1248.5664,1.0109,0.0005,1572086.1506,0.0007,14028875.1084
2026-08-01T12:54:00+05:30,1253.08,144.1617,1108.9170,0.9026,0.0004,1492085.5205,0.0007,12848658.3013
2026-08-01T12:55:00+05:30,1114.51,137.1386,977.3686,0.7960,0.0004,1432821.8119,0.0007,10776062.3958
2026-08-01T12:56:00+05:30,1118.32,127.1042,991.2164,0.8060,0.0004,1336342.2724,0.0007,11697415.2236
2026-08-01T12:57:00+05:30,1401.46,150.5733,1250.8833,2.5544,0.0007,1870040.6640,0.0019,14702021.4652
2026-08-01T12:58:00+05:30,1779.85,120.0747,1659.7773,6.1134,0.0012,1262970.3142,0.0035,17745009.4175
2026-08-01T12:59:00+05:30,1162.99,116.5042,1046.4884,0.8419,0.0005,1208768.7411,0.0008,12021348.7961
2026-08-01T13:00:00+05:30,1096.20,112.0872,984.1138,0.7897,0.0005,1160999.9000,0.0008,10843031.7053
2026-08-01T13:01:00+05:30,1085.44,106.7560,978.6855,0.7876,0.0005,1109786.9844,0.0007,11633377.2186
2026-08-01T13:02:00+05:30,1180.42,140.8423,1039.5785,0.8535,0.0005,1911152.5458,0.0008,12598160.2481
2026-08-01T13:03:00+05:30,1927.66,97.0731,1830.5887,8.5360,0.0015,995650.8492,0.0045,19583613.8474
2026-08-01T13:04:00+05:30,1172.42,93.1678,1079.2535,0.8563,0.0004,953747.0713,0.0007,12256670.2995
2026-08-01T13:05:00+05:30,1061.61,88.7622,972.8514,0.7708,0.0004,899709.6812,0.0008,10752964.2185
2026-08-01T13:06:00+05:30,1060.57,84.7500,975.8167,0.7755,0.0005,868269.2622,0.0007,11571553.2741
2026-08-01T13:07:00+05:30,1321.75,105.0377,1216.7081,2.7923,0.0007,1714209.3791,0.0021,14572793.3873
2026-08-01T13:08:00+05:30,1840.07,78.0132,1762.0588,5.9599,0.0012,781679.9106,0.0033,18536180.7359
2026-08-01T13:09:00+05:30,1092.41,76.9103,1015.4987,0.8009,0.0005,778093.9239,0.0007,11726084.9915
2026-08-01T13:10:00+05:30,1457.87,526.2342,931.6311,1.3910,0.0012,4679299.5650,0.0007,10415351.7009
2026-08-01T13:11:00+05:30,1047.18,70.1953,976.9849,0.7640,0.0004,699891.4739,0.0007,11597187.3875
2026-08-01T13:12:00+05:30,1081.82,90.0367,991.7861,0.7871,0.0004,1339196.3479,0.0007,12239752.3533
2026-08-01T13:13:00+05:30,2028.32,69.0081,1959.3119,9.0727,0.0015,872208.4243,0.0045,20678679.1792
2026-08-01T13:14:00+05:30,1085.16,65.1812,1019.9827,0.7989,0.0005,646463.7845,0.0008,11739359.0880
2026-08-01T13:15:00+05:30,1030.93,61.2687,969.6657,0.7560,0.0004,596339.1503,0.0007,10724956.5145
2026-08-01T13:16:00+05:30,1033.51,54.2942,979.2125,0.7643,0.0005,538859.3242,0.0007,11603023.2209
2026-08-01T13:17:00+05:30,1327.88,331.1114,996.7670,1.0748,0.0009,2949917.2749,0.0009,12294211.6455
2026-08-01T13:18:00+05:30,2067.75,163.6839,1904.0692,7.9728,0.0008,2944093.8479,0.0041,20425807.1052
2026-08-01T13:19:00+05:30,1112.48,46.9292,1065.5508,0.8246,0.0005,461127.7674,0.0007,12055421.7125
2026-08-01T13:20:00+05:30,1014.17,45.3500,968.8167,0.7482,0.0005,434653.8667,0.0007,10710493.8667
2026-08-01T13:21:00+05:30,1017.49,44.0211,973.4640,0.7553,0.0004,428211.3545,0.0007,11568192.5526
2026-08-01T13:22:00+05:30,1027.53,39.8774,987.6519,0.7666,0.0004,382918.5622,0.0007,12063368.0948
2026-08-01T13:23:00+05:30,3321.47,1352.2030,1969.2708,8.8953,0.0007,27494147.4470,0.0040,21007016.6644
2026-08-01T13:24:00+05:30,1067.97,42.5475,1025.4251,0.7930,0.0005,406048.9496,0.0008,11832236.3454
2026-08-01T13:25:00+05:30,1005.97,40.5959,965.3701,0.7438,0.0004,373517.8482,0.0007,10691811.8855
2026-08-01T13:26:00+05:30,1009.50,34.5437,974.9546,0.7522,0.0004,328228.7542,0.0007,11561719.6561
2026-08-01T13:27:00+05:30,1045.25,31.4354,1013.8176,0.7820,0.0004,294317.2211,0.0007,12285815.3210
2026-08-01T13:28:00+05:30,2277.52,303.1753,1974.3479,8.9991,0.0007,5006290.4957,0.0044,21048786.4786
2026-08-01T13:29:00+05:30,1076.47,54.8203,1021.6514,0.7954,0.0005,512162.1414,0.0007,11777203.2602
2026-08-01T13:30:00+05:30,1017.95,48.0111,969.9368,0.7501,0.0005,450848.7343,0.0007,10716275.1012
2026-08-01T13:31:00+05:30,1019.94,46.0713,973.8641,0.7564,0.0004,420366.9095,0.0007,11547356.7916
2026-08-01T13:32:00+05:30,1026.73,40.9007,985.8331,0.7654,0.0005,383460.2577,0.0007,12024486.2748
2026-08-01T13:33:00+05:30,2767.31,1260.5304,1506.7758,5.9164,0.0015,21797746.7080,0.0026,16551543.1543
2026-08-01T13:34:00+05:30,1463.04,37.5881,1425.4486,6.4488,0.0012,347646.1062,0.0044,16087606.7846
2026-08-01T13:35:00+05:30,1007.43,36.1833,971.2500,0.7426,0.0004,323100.7483,0.0007,10762060.6323
2026-08-01T13:36:00+05:30,1008.22,32.9161,975.3004,0.7488,0.0004,304054.6658,0.0007,11560289.4618
2026-08-01T13:37:00+05:30,1029.94,28.3723,1001.5670,0.7691,0.0004,259533.5067,0.0008,12126585.3171
2026-08-01T13:38:00+05:30,1827.04,436.5646,1390.4797,2.6283,0.0011,4048210.9439,0.0015,15256929.2465
2026-08-01T13:39:00+05:30,1589.60,23.6127,1565.9890,7.2959,0.0011,224419.6564,0.0047,17620219.2265
2026-08-01T13:40:00+05:30,996.40,22.8189,973.5807,0.7398,0.0003,197245.4120,0.0007,10778379.6110
2026-08-01T13:41:00+05:30,990.20,20.7316,969.4692,0.7406,0.0004,183892.0108,0.0007,11518848.1152
2026-08-01T13:42:00+05:30,1005.57,20.6636,984.9023,0.7553,0.0004,186203.5361,0.0007,11954908.6304
2026-08-01T13:43:00+05:30,1412.71,50.5118,1362.2012,1.8969,0.0004,358415.3636,0.0013,15153069.5829
2026-08-01T13:44:00+05:30,1567.71,16.6503,1551.0592,9.0115,0.0015,153400.3133,0.0056,17583963.1988
2026-08-01T13:45:00+05:30,988.35,17.1828,971.1676,0.7377,0.0004,154687.1104,0.0008,10784613.3129
2026-08-01T13:46:00+05:30,993.62,17.1497,976.4671,0.7455,0.0004,146770.8872,0.0007,11574283.8953
2026-08-01T13:47:00+05:30,1266.59,278.4222,988.1678,0.9904,0.0008,2484002.4664,0.0008,12077626.6769
2026-08-01T13:48:00+05:30,1411.79,39.6974,1372.0919,2.5069,0.0017,1070640.8680,0.0017,15190485.2757
2026-08-01T13:49:00+05:30,1571.65,20.1880,1551.4620,7.4728,0.0024,319016.3038,0.0046,17595811.2893
2026-08-01T13:50:00+05:30,981.48,12.8665,968.6172,0.7335,0.0004,106972.0838,0.0007,10753186.1136
2026-08-01T13:51:00+05:30,995.17,10.5833,984.5833,0.7484,0.0005,95093.8818,0.0007,11614082.6986
2026-08-01T13:52:00+05:30,997.65,10.4818,987.1686,0.7521,0.0005,96584.4554,0.0007,11899409.6787
2026-08-01T13:53:00+05:30,1207.57,8.6855,1198.8831,0.9079,0.0005,78662.8657,0.0007,13401434.6253
2026-08-01T13:54:00+05:30,1785.35,33.2761,1752.0704,8.6610,0.0006,364874.5438,0.0048,19682476.7967
2026-08-01T13:55:00+05:30,975.28,9.1003,966.1822,0.7301,0.0005,72023.7341,0.0007,10704638.4213
2026-08-01T13:56:00+05:30,980.60,6.9340,973.6640,0.7388,0.0005,63903.9904,0.0007,11550236.6237
2026-08-01T13:57:00+05:30,1010.35,7.5682,1002.7839,0.7623,0.0004,67665.7998,0.0007,12023755.1510
2026-08-01T13:58:00+05:30,1200.96,6.5647,1194.3917,0.9031,0.0006,61285.0811,0.0007,13308007.5977
2026-08-01T13:59:00+05:30,2094.07,334.7167,1759.3546,8.7743,0.0006,4086510.4589,0.0047,19811772.4553
2026-08-01T14:00:00+05:30,970.06,8.4011,961.6616,0.7261,0.0004,67319.9093,0.0007,10640164.2886
2026-08-01T14:01:00+05:30,963.35,7.1141,956.2327,0.7264,0.0004,62371.8241,0.0008,11385246.3222
2026-08-01T14:02:00+05:30,1010.65,6.5843,1004.0673,0.7627,0.0004,59742.2947,0.0008,11977066.9600
2026-08-01T14:03:00+05:30,1195.13,7.0678,1188.0647,0.8988,0.0005,65957.6922,0.0007,13240494.6240
2026-08-01T14:04:00+05:30,1790.68,36.6142,1754.0664,9.5724,0.0007,450795.5004,0.0053,19652881.7265
2026-08-01T14:05:00+05:30,975.92,7.2002,968.7156,0.7317,0.0005,55640.1153,0.0007,10779913.9290
2026-08-01T14:06:00+05:30,984.49,5.6156,978.8705,0.7419,0.0005,50644.5818,0.0008,11556042.4589
2026-08-01T14:07:00+05:30,1017.83,5.1332,1012.6998,0.7682,0.0005,48536.7911,0.0007,12038830.8195
2026-08-01T14:08:00+05:30,1192.52,5.1001,1187.4198,0.8971,0.0005,48060.5343,0.0007,13199511.7252
2026-08-01T14:09:00+05:30,2207.38,454.2939,1753.0837,9.0067,0.0013,3919711.9616,0.0048,19778944.3926
2026-08-01T14:10:00+05:30,976.91,7.9673,968.9474,0.7313,0.0003,62742.2952,0.0007,10769622.8019
2026-08-01T14:11:00+05:30,970.16,6.4814,963.6776,0.7303,0.0005,59305.9416,0.0007,11356917.1915
2026-08-01T14:12:00+05:30,1017.17,6.6839,1010.4842,0.7668,0.0003,63765.3177,0.0007,12052122.9415
2026-08-01T14:16:00+05:30,963.36,7.0175,956.3449,0.7211,0.0003,60081.6762,0.0007,10664634.0740
2026-08-01T14:17:00+05:30,965.72,5.1989,960.5252,0.7232,0.0004,48936.5971,0.0007,10658759.4021
2026-08-01T14:18:00+05:30,1230.02,274.4944,955.5207,0.9485,0.0008,2362246.9992,0.0007,10624853.5609
2026-08-01T14:19:00+05:30,2128.96,702.0178,1426.9457,3.4281,0.0005,20872087.4433,0.0021,16002286.3236
2026-08-01T14:20:00+05:30,1549.18,10.0657,1539.1128,7.8852,0.0012,89555.4185,0.0050,17327540.0537
2026-08-01T14:21:00+05:30,1058.15,14.4212,1043.7305,0.8027,0.0005,131388.8630,0.0007,13550330.1100
2026-08-01T14:22:00+05:30,1047.11,18.1312,1028.9800,0.7957,0.0005,164162.1811,0.0007,13851533.8544
2026-08-01T14:23:00+05:30,1037.69,28.3953,1009.2985,0.7966,0.0004,249609.5984,0.0007,15593467.2221
2026-08-01T14:24:00+05:30,1223.75,195.8131,1027.9352,0.8652,0.0004,1268458.0896,0.0008,11995735.7868
2026-08-01T14:25:00+05:30,1910.83,32.0005,1878.8313,12.3340,0.0020,285769.0295,0.0064,20678249.7042
2026-08-01T14:26:00+05:30,1011.13,27.5810,983.5514,0.7545,0.0006,245675.3550,0.0008,11451516.0323
2026-08-01T14:27:00+05:30,999.93,26.7031,973.2302,0.7434,0.0004,228647.9315,0.0007,10831931.1931
2026-08-01T14:28:00+05:30,996.10,22.7212,973.3780,0.7453,0.0005,204229.8498,0.0007,11492452.6981
2026-08-01T14:29:00+05:30,1837.92,580.0973,1257.8247,5.3801,0.0028,2842618.4024,0.0028,14537888.5722
2026-08-01T14:30:00+05:30,1697.81,46.1438,1651.6631,9.0474,0.0012,418971.9199,0.0053,18312171.8466
2026-08-01T14:31:00+05:30,1018.45,45.2508,973.1996,0.7505,0.0003,397318.6220,0.0007,11341671.6945
2026-08-01T14:32:00+05:30,1008.27,43.7725,964.4953,0.7409,0.0003,395316.7089,0.0008,10723665.5554
2026-08-01T14:33:00+05:30,1006.18,34.7287,971.4538,0.7464,0.0004,311186.2418,0.0007,11433688.3082
2026-08-01T14:34:00+05:30,1629.05,625.4499,1003.5990,2.2239,0.0017,2914346.0411,0.0011,12166517.7286
2026-08-01T14:35:00+05:30,3597.40,1796.4324,1800.9669,17.2103,0.0017,147930776.8275,0.0077,19920824.4728
2026-08-01T14:36:00+05:30,1208.83,194.2926,1014.5353,0.8477,0.0004,1875740.2320,0.0007,11803651.6869
2026-08-01T14:37:00+05:30,1160.44,183.2028,977.2371,0.8175,0.0005,1814058.8892,0.0007,11016834.6470
2026-08-01T14:38:00+05:30,1151.57,174.9241,976.6446,0.8149,0.0005,1748609.9525,0.0008,11309835.4589
2026-08-01T14:39:00+05:30,1395.67,385.9933,1009.6811,1.0975,0.0008,3533886.8931,0.0008,12253874.6293
2026-08-01T14:40:00+05:30,4124.64,2549.5941,1575.0454,16.1795,0.0022,78064238.4079,0.0067,17760574.9525
2026-08-01T14:41:00+05:30,2392.69,1084.3876,1308.2987,5.2359,0.0012,77271003.1335,0.0031,14432808.5872
2026-08-01T14:42:00+05:30,1154.35,183.9649,970.3863,0.8113,0.0005,1759738.6928,0.0008,10736180.7819
2026-08-01T14:43:00+05:30,1162.48,181.0986,981.3852,0.8226,0.0004,1785101.6048,0.0007,11587324.4122
2026-08-01T14:44:00+05:30,1180.73,174.6445,1006.0855,0.8407,0.0004,1737790.0932,0.0008,12214724.2201
2026-08-01T14:45:00+05:30,1377.04,168.5023,1208.5409,0.9869,0.0005,1685709.0491,0.0007,13503757.9353
2026-08-01T14:46:00+05:30,5301.98,3915.4955,1386.4800,23.4966,0.0030,136493955.7215,0.0085,16507868.7650
2026-08-01T14:47:00+05:30,1622.42,531.5348,1090.8803,2.0332,0.0021,9844173.2291,0.0009,11783413.8603
2026-08-01T14:48:00+05:30,1170.68,195.1028,975.5809,0.8244,0.0004,1855437.8198,0.0008,11425447.0539
2026-08-01T14:49:00+05:30,1443.36,457.6243,985.7331,1.0952,0.0008,4092040.4013,0.0008,12014855.9619
2026-08-01T14:50:00+05:30,1354.48,184.2908,1170.1915,0.9651,0.0004,1800170.2582,0.0007,13112073.9963
2026-08-01T14:51:00+05:30,1322.29,178.0470,1144.2476,0.9437,0.0005,1780501.5250,0.0007,13105138.3810
2026-08-01T14:52:00+05:30,5475.14,4415.0830,1060.0590,22.7388,0.0034,119177350.2548,0.0076,12812262.3497
2026-08-01T14:53:00+05:30,1700.97,342.0561,1358.9179,4.9210,0.0009,5697154.9418,0.0033,14796166.3831
2026-08-01T14:54:00+05:30,1197.83,198.8100,999.0167,0.8447,0.0005,1893412.7098,0.0007,11977391.8435
2026-08-01T14:55:00+05:30,1361.94,205.9598,1155.9781,0.9625,0.0004,1966254.7539,0.0008,12750005.6997
2026-08-01T14:56:00+05:30,1333.52,201.4634,1132.0588,0.9435,0.0005,1973139.3616,0.0007,12712039.6033
2026-08-01T14:57:00+05:30,1341.21,194.4926,1146.7196,0.9495,0.0004,1915954.6606,0.0007,12551407.9211
2026-08-01T14:58:00+05:30,5460.90,4070.3286,1390.5740,21.3880,0.0026,114976948.7209,0.0080,15771835.5470
2026-08-01T14:59:00+05:30,1361.08,254.2579,1106.8227,0.9368,0.0004,2228925.7229,0.0008,12741594.2005
2026-08-01T15:00:00+05:30,1345.03,245.7424,1099.2835,0.9367,0.0004,2205874.4876,0.0007,12152240.2266
2026-08-01T15:01:00+05:30,1342.91,235.9238,1106.9910,0.9380,0.0004,2189741.8010,0.0007,12208097.3707
2026-08-01T15:02:00+05:30,1313.44,224.0828,1089.3565,0.9205,0.0004,2137639.8807,0.0007,12166114.3305
2026-08-01T15:03:00+05:30,2037.95,1059.5708,978.3758,1.9819,0.0011,14229569.1492,0.0008,11766533.2200
2026-08-01T15:04:00+05:30,5348.96,3934.6341,1414.3228,24.3091,0.0031,127695896.8258,0.0085,16078651.2705
2026-08-01T15:05:00+05:30,1450.30,266.7433,1183.5517,0.9962,0.0004,2261385.2488,0.0007,12702686.2905
2026-08-01T15:06:00+05:30,1304.28,256.7068,1047.5722,0.9020,0.0004,2244940.7962,0.0007,11522828.1872
2026-08-01T15:07:00+05:30,1263.83,245.9907,1017.8375,0.8758,0.0005,2234616.3438,0.0007,11519342.7800
2026-08-01T15:08:00+05:30,1259.06,235.7088,1023.3492,0.8793,0.0004,2194085.7971,0.0007,12243832.9389
2026-08-01T15:09:00+05:30,1957.21,916.1557,1041.0557,1.5248,0.0007,14610661.3793,0.0009,12334203.4424
2026-08-01T15:10:00+05:30,4559.28,2783.1972,1776.0793,22.3055,0.0029,98341690.1099,0.0081,19207071.1630
2026-08-01T15:11:00+05:30,1279.11,260.6717,1018.4349,0.8780,0.0004,2208952.0793,0.0007,11745780.9484
2026-08-01T15:12:00+05:30,1597.01,658.1281,938.8854,1.4535,0.0011,5701237.1588,0.0008,10500838.2387
2026-08-01T15:13:00+05:30,1218.24,233.0617,985.1826,0.8361,0.0004,2050730.7577,0.0007,11723006.2335
2026-08-01T15:14:00+05:30,1234.02,222.5574,1011.4670,0.8660,0.0004,1999016.2175,0.0008,12400713.9024
2026-08-01T15:15:00+05:30,3336.75,2185.6926,1151.0576,6.2351,0.0017,30702250.0750,0.0021,13258238.2079
2026-08-01T15:16:00+05:30,4535.92,2870.5537,1665.3665,23.1783,0.0030,133575862.1195,0.0089,18017375.0708
2026-08-01T15:17:00+05:30,1270.39,278.4517,991.9352,0.8606,0.0004,2323664.7449,0.0008,10916160.0960
2026-08-01T15:18:00+05:30,1251.96,264.1261,987.8360,0.8630,0.0004,2257294.3862,0.0007,11598997.2839
2026-08-01T15:19:00+05:30,1257.82,250.0667,1007.7521,0.8747,0.0005,2188157.0445,0.0008,12243340.9466
2026-08-01T15:20:00+05:30,1433.91,240.1180,1193.7908,1.0063,0.0004,2168474.6034,0.0008,13268997.7336
2026-08-01T15:21:00+05:30,2920.83,1786.2560,1134.5734,3.9752,0.0012,36663562.3854,0.0016,13134466.6156
2026-08-01T15:22:00+05:30,4327.91,2807.3795,1520.5320,20.0446,0.0026,96579972.0019,0.0084,16681486.3009
2026-08-01T15:23:00+05:30,1271.00,279.0391,991.9651,0.8642,0.0004,2316721.6897,0.0007,11501875.5397
2026-08-01T15:24:00+05:30,1270.20,271.9136,998.2832,0.8765,0.0004,2301794.0230,0.0007,12038063.2365
2026-08-01T15:25:00+05:30,1437.71,260.3290,1177.3804,1.0020,0.0004,2244191.8603,0.0007,12970712.1763
2026-08-01T15:26:00+05:30,1366.52,247.0251,1119.4960,0.9547,0.0004,2215862.1379,0.0007,12827698.2767
2026-08-01T15:27:00+05:30,3511.04,2425.7837,1085.2567,6.7133,0.0020,34297907.8092,0.0021,12032981.2352
2026-08-01T15:28:00+05:30,4277.93,2742.3866,1535.5458,17.7262,0.0026,132483714.5667,0.0069,16930811.5280
2026-08-01T15:29:00+05:30,1287.86,273.3106,1014.5488,0.8841,0.0004,2308108.4576,0.0007,12079530.9724
2026-08-01T15:30:00+05:30,1566.49,456.9043,1109.5890,1.0926,0.0005,21448727.5151,0.0008,13315976.0695
2026-08-01T15:31:00+05:30,2431.62,641.3415,1790.2755,3.1771,0.0006,28705727.6682,0.0015,36938146.2504
2026-08-01T15:32:00+05:30,2651.67,875.8644,1775.8060,4.0200,0.0006,15622253.4742,0.0018,30800877.1287
2026-08-01T15:33:00+05:30,4331.64,2429.8335,1901.8052,11.2132,0.0010,90373560.1153,0.0045,35346118.3805
2026-08-01T15:34:00+05:30,2935.51,1151.8318,1783.6784,9.4773,0.0037,35142717.3598,0.0037,28986599.0166
2026-08-01T15:35:00+05:30,2326.98,356.7595,1970.2187,1.6800,0.0005,3152549.2967,0.0008,27163816.8122
2026-08-01T15:36:00+05:30,1856.93,210.7859,1646.1403,1.3717,0.0005,1940009.3327,0.0007,24131204.0531
2026-08-01T15:37:00+05:30,1866.68,231.8512,1634.8243,1.3727,0.0005,2100152.2565,0.0007,23964098.3934
2026-08-01T15:38:00+05:30,1722.09,229.6358,1492.4577,1.2479,0.0004,2054144.6145,0.0008,19897695.3695
2026-08-01T15:39:00+05:30,3482.05,2334.3501,1147.6981,5.2606,0.0017,128355534.2201,0.0011,13517332.5333
2026-08-01T15:40:00+05:30,1648.01,214.0036,1434.0072,1.1750,0.0004,2105002.6667,0.0008,16862344.5333
2026-08-01T15:41:00+05:30,1587.60,191.6904,1395.9135,1.1533,0.0005,3242845.8577,0.0008,17499967.6683
2026-08-01T15:42:00+05:30,2071.15,190.4032,1880.7480,1.5102,0.0005,3374067.9678,0.0007,20041515.8919
2026-08-01T15:43:00+05:30,1550.35,189.5500,1360.8000,1.1161,0.0005,3062766.7794,0.0007,14990995.4499
2026-08-01T15:44:00+05:30,2423.40,1282.7004,1140.7003,2.2348,0.0009,31850345.2873,0.0009,15128470.3373
2026-08-01T15:45:00+05:30,1411.72,207.2776,1204.4439,1.0090,0.0004,3507258.0344,0.0007,16546905.9875
2026-08-01T15:46:00+05:30,1624.80,216.4716,1408.3242,1.1792,0.0005,3537581.7845,0.0007,18115035.0208
2026-08-01T15:47:00+05:30,1596.48,213.8440,1382.6358,1.1439,0.0005,3582754.0918,0.0007,15575968.7990
2026-08-01T15:48:00+05:30,1267.98,207.4975,1060.4798,0.9018,0.0005,3706463.7121,0.0007,12934679.3735
2026-08-01T15:49:00+05:30,2216.48,790.1195,1426.3634,3.0492,0.0009,26022398.2927,0.0016,17746191.8101
2026-08-01T15:50:00+05:30,2560.63,1297.6167,1263.0167,5.4241,0.0022,33077857.2357,0.0021,17151372.8105
2026-08-01T15:51:00+05:30,1522.08,246.3220,1275.7627,1.0903,0.0005,3119617.9876,0.0007,16883895.0332
2026-08-01T15:52:00+05:30,1612.69,240.5247,1372.1624,1.1464,0.0005,3154145.9740,0.0007,15245528.1431
2026-08-01T15:53:00+05:30,1291.84,236.5912,1055.2518,0.9051,0.0005,3169180.8394,0.0007,12202049.4016
2026-08-01T15:54:00+05:30,1744.92,534.7504,1210.1692,1.5513,0.0010,5341816.0237,0.0008,14258089.5542
2026-08-01T15:55:00+05:30,3780.74,2327.2836,1453.4607,8.9948,0.0018,110254233.4217,0.0031,19370995.1836
2026-08-01T15:56:00+05:30,1562.16,246.0505,1316.1079,1.0957,0.0004,2167282.0838,0.0007,14642857.0000
2026-08-01T15:57:00+05:30,1450.20,242.4535,1207.7506,1.0186,0.0005,2175530.6354,0.0008,13350436.6958
2026-08-01T15:58:00+05:30,1333.68,237.6048,1096.0785,0.9336,0.0005,2176778.6277,0.0007,12462276.0862
2026-08-01T15:59:00+05:30,1285.83,229.1115,1056.7195,0.9027,0.0004,2129070.7202,0.0008,12725338.1336
2026-08-01T16:00:00+05:30,2688.94,1396.9069,1292.0305,5.5247,0.0010,27562176.0245,0.0031,15072253.3207
2026-08-01T16:01:00+05:30,3307.70,1883.3558,1424.3454,13.2415,0.0028,60783523.2318,0.0056,15165930.8046
2026-08-01T16:02:00+05:30,1406.09,265.7458,1140.3459,0.9780,0.0004,2257386.2970,0.0008,12739190.6158
2026-08-01T16:03:00+05:30,1271.42,252.0339,1019.3885,0.8819,0.0004,2203453.1117,0.0007,11878010.7697
2026-08-01T16:04:00+05:30,1273.90,238.5985,1035.3047,0.8898,0.0004,2117504.7340,0.0007,12355046.8062
2026-08-01T16:05:00+05:30,1455.52,232.4857,1223.0369,1.0246,0.0005,2118373.5502,0.0007,13487490.2013
2026-08-01T16:06:00+05:30,4327.11,2725.4229,1601.6832,13.4623,0.0016,111498915.3571,0.0056,17734338.6718
2026-08-01T16:07:00+05:30,2200.47,1098.2746,1102.1922,3.4199,0.0021,27039567.8992,0.0011,11887932.2509
2026-08-01T16:08:00+05:30,1264.65,255.2170,1009.4340,0.8750,0.0005,2173928.3607,0.0008,11759298.8749
2026-08-01T16:09:00+05:30,1287.22,245.1680,1042.0555,0.8972,0.0004,2131399.6268,0.0008,12365325.5132
2026-08-01T16:10:00+05:30,1424.61,236.7509,1187.8541,0.9999,0.0005,2111585.1012,0.0008,13091022.1482
2026-08-01T16:11:00+05:30,1383.22,230.7859,1152.4294,0.9726,0.0005,2155085.1904,0.0007,13143452.6211
2026-08-01T16:12:00+05:30,4832.91,3364.7743,1468.1312,15.9557,0.0018,102221194.6996,0.0067,15958117.0431
2026-08-01T16:13:00+05:30,1438.17,269.6833,1168.4833,0.9878,0.0004,2247270.4000,0.0007,12948343.4667
2026-08-01T16:14:00+05:30,1261.25,258.3006,1002.9502,0.8730,0.0004,2202461.0564,0.0008,11957982.4325
2026-08-01T16:15:00+05:30,1435.17,252.2499,1182.9211,1.0024,0.0004,2191250.4375,0.0007,12998074.3629
2026-08-01T16:16:00+05:30,1362.37,240.6833,1121.6833,0.9535,0.0005,2155893.6684,0.0007,12789273.7788
2026-08-01T16:17:00+05:30,2051.75,884.0611,1167.6857,1.5508,0.0006,10215637.7328,0.0009,12549160.7744
2026-08-01T16:18:00+05:30,5444.10,3994.3137,1449.7824,18.0504,0.0021,148607980.7901,0.0068,16406334.7396
2026-08-01T16:19:00+05:30,1344.06,261.0840,1082.9737,0.9228,0.0004,2185684.3999,0.0008,12509591.6960
2026-08-01T16:20:00+05:30,1362.41,249.2457,1113.1632,0.9479,0.0004,2128289.6290,0.0007,12211055.7722
2026-08-01T16:21:00+05:30,1353.55,247.5040,1106.0422,0.9428,0.0005,2177068.8891,0.0007,12318039.8367
2026-08-01T16:22:00+05:30,1342.69,240.5494,1102.1401,0.9367,0.0005,2202224.6816,0.0007,12221845.1897
2026-08-01T16:23:00+05:30,2164.49,1117.7990,1046.6930,1.7059,0.0006,19866091.4545,0.0010,12336053.3262
2026-08-01T16:24:00+05:30,4216.44,2527.5797,1688.8582,17.7305,0.0024,88199491.2678,0.0069,17865393.9475
2026-08-01T16:25:00+05:30,1360.65,268.1792,1092.4716,0.9372,0.0004,2253424.7754,0.0007,11962502.2755
2026-08-01T16:26:00+05:30,1311.82,256.6504,1055.1703,0.9070,0.0005,2215437.9532,0.0008,11584316.8264
2026-08-01T16:27:00+05:30,1282.35,244.8793,1037.4660,0.8907,0.0005,2179545.4818,0.0007,11823802.1399
2026-08-01T16:28:00+05:30,1569.93,577.8292,992.1021,1.3371,0.0010,5026636.0970,0.0008,12002175.4199
2026-08-01T16:29:00+05:30,3475.35,2176.3833,1298.9680,7.2097,0.0011,51108940.5998,0.0036,14892565.1601
2026-08-01T16:30:00+05:30,3896.79,2349.6108,1547.1742,16.2234,0.0025,110474446.7592,0.0066,16411374.4771
2026-08-01T16:31:00+05:30,1301.79,274.0997,1027.6949,0.8934,0.0004,2311874.9542,0.0007,11800588.9685
2026-08-01T16:32:00+05:30,1246.55,264.2186,982.3310,0.8552,0.0005,2275593.4859,0.0008,10840372.9768
2026-08-01T16:33:00+05:30,1240.49,254.3421,986.1486,0.8584,0.0005,2251864.6531,0.0007,11682345.8346
2026-08-01T16:34:00+05:30,1258.57,243.4378,1015.1326,0.8782,0.0005,2218660.9780,0.0007,12436543.3152
2026-08-01T16:35:00+05:30,3779.91,2119.8107,1660.1003,10.5550,0.0011,51375570.1620,0.0049,18115605.0930
2026-08-01T16:36:00+05:30,3333.16,2029.3368,1303.8188,13.1698,0.0026,73139472.6718,0.0058,14450257.5967
2026-08-01T16:37:00+05:30,1258.34,276.3189,982.0209,0.8607,0.0005,2308824.5547,0.0007,10882079.5494
2026-08-01T16:38:00+05:30,1249.95,270.5108,979.4350,0.8598,0.0005,2293325.8674,0.0007,11534820.9179
2026-08-01T16:39:00+05:30,1257.49,257.5692,999.9166,0.8721,0.0005,2234771.5905,0.0008,12149713.9046
2026-08-01T16:40:00+05:30,1453.40,247.6752,1205.7294,1.0188,0.0005,2187559.5700,0.0008,13395602.6331
2026-08-01T16:41:00+05:30,4400.47,2675.3212,1725.1487,13.5705,0.0012,95571786.1618,0.0060,19273820.5573
2026-08-01T16:42:00+05:30,2984.53,1972.1167,1012.4167,6.3994,0.0021,71095842.1333,0.0022,11171362.1333
2026-08-01T16:43:00+05:30,1252.40,271.2879,981.1164,0.8607,0.0005,2287282.6428,0.0007,11436276.6759
2026-08-01T16:44:00+05:30,1270.69,265.8933,1004.8005,0.8784,0.0004,2271390.8724,0.0007,12105982.8650
2026-08-01T16:45:00+05:30,1450.71,254.5209,1196.1866,1.0138,0.0005,2232766.8128,0.0007,13131516.9919
2026-08-01T16:46:00+05:30,1385.48,241.3259,1144.1523,0.9715,0.0004,2201789.4211,0.0007,13108551.5448
2026-08-01T16:47:00+05:30,4655.93,2997.5833,1658.3443,14.9404,0.0013,94794478.9333,0.0067,17664819.2000
2026-08-01T16:48:00+05:30,2302.26,1229.3410,1072.9191,4.8987,0.0025,32413268.6634,0.0018,12121216.1941
2026-08-01T16:49:00+05:30,1253.22,280.4293,972.7870,0.8605,0.0004,2352457.7980,0.0007,11697786.6653
2026-08-01T16:50:00+05:30,1510.89,351.7874,1159.1034,1.0281,0.0005,2990172.1523,0.0007,12719341.1216
2026-08-01T16:51:00+05:30,1369.54,258.3135,1111.2296,0.9528,0.0004,2312530.0618,0.0007,12601721.9342
2026-08-01T16:52:00+05:30,1406.78,243.9403,1162.8380,0.9822,0.0005,2211163.9910,0.0007,12561271.5179
2026-08-01T16:53:00+05:30,5447.65,3877.9533,1569.6958,17.5432,0.0018,148934256.1522,0.0068,17343320.7484
2026-08-01T16:54:00+05:30,1952.91,877.6629,1075.2459,2.5389,0.0014,19182990.2317,0.0013,12460265.5109
2026-08-01T16:55:00+05:30,1397.06,278.2490,1118.8116,0.9652,0.0005,2351082.5682,0.0007,12308339.7377
2026-08-01T16:56:00+05:30,1346.51,262.3104,1084.1974,0.9341,0.0005,2297010.0350,0.0007,12297900.3167
2026-08-01T16:57:00+05:30,1361.84,251.9252,1109.9110,0.9470,0.0004,2285493.3076,0.0007,12207435.9342
2026-08-01T16:58:00+05:30,1234.54,240.5213,994.0170,0.8591,0.0005,2232003.5998,0.0008,11910913.7876
2026-08-01T16:59:00+05:30,5664.72,3976.5671,1688.1552,22.9901,0.0018,127315820.1393,0.0094,18328033.3322
2026-08-01T17:00:00+05:30,1392.53,290.9648,1101.5645,0.9412,0.0004,2412587.0612,0.0008,12022740.3076
2026-08-01T17:01:00+05:30,1313.62,282.7729,1030.8431,0.9002,0.0005,2396441.0063,0.0007,11367064.1036
2026-08-01T17:02:00+05:30,1273.08,267.9443,1005.1329,0.8763,0.0004,2330878.2081,0.0007,11472267.7155
2026-08-01T17:03:00+05:30,1563.00,599.3533,963.6488,1.3201,0.0010,5198866.3811,0.0009,11827670.1945
2026-08-01T17:04:00+05:30,1296.35,245.8374,1050.5175,0.9036,0.0004,2214675.8446,0.0007,12364118.6020
2026-08-01T17:05:00+05:30,6345.26,4517.1799,1828.0844,22.7184,0.0016,172138679.4641,0.0086,19654411.5177
2026-08-01T17:06:00+05:30,1331.42,288.4958,1042.9260,0.8988,0.0004,2404435.1682,0.0007,11948157.5034
2026-08-01T17:07:00+05:30,1251.11,273.3257,977.7867,0.8561,0.0004,2328226.7660,0.0007,10868061.5241
2026-08-01T17:08:00+05:30,1258.79,296.7661,962.0270,0.8992,0.0005,3235164.7414,0.0008,18290427.8308
2026-08-01T17:09:00+05:30,1394.78,256.5530,1138.2247,0.9851,0.0005,2299072.9033,0.0008,15075499.6251
2026-08-01T17:10:00+05:30,1540.60,238.9264,1301.6754,1.1030,0.0005,2192590.8144,0.0007,17243760.5401
2026-08-01T17:11:00+05:30,6080.12,4433.6456,1646.4764,21.2361,0.0016,133681983.8987,0.0083,23786157.1131
2026-08-01T17:12:00+05:30,1398.81,296.8117,1101.9983,0.9689,0.0004,2452848.7192,0.0007,16678156.1641
2026-08-01T17:13:00+05:30,1297.96,285.0452,1012.9165,0.8901,0.0004,2384378.3937,0.0008,11670743.0876
2026-08-01T17:14:00+05:30,1274.64,269.7595,1004.8826,0.8816,0.0005,2285907.7805,0.0008,12350181.6061
2026-08-01T17:15:00+05:30,1458.27,256.1411,1202.1298,1.0192,0.0005,2233356.5084,0.0007,13286761.3445
2026-08-01T17:16:00+05:30,1517.13,363.8682,1153.2577,1.0345,0.0004,3904430.9621,0.0008,13223110.8741
2026-08-01T17:17:00+05:30,5702.09,4462.6963,1239.3906,12.9401,0.0019,152219567.0973,0.0037,16214889.3741
2026-08-01T17:18:00+05:30,1782.89,296.2370,1486.6513,2.3377,0.0006,8025784.5180,0.0014,44542336.1387
2026-08-01T17:19:00+05:30,1266.56,229.3448,1037.2185,0.9057,0.0005,1946620.6207,0.0008,15206019.4006
2026-08-01T17:20:00+05:30,1609.55,226.8076,1382.7461,1.1436,0.0005,1942251.4084,0.0007,15027905.7302
2026-08-01T17:21:00+05:30,1653.48,225.0263,1428.4500,1.1757,0.0005,2003382.5280,0.0007,14996932.5755
2026-08-01T17:22:00+05:30,1781.81,729.7149,1052.0939,1.4627,0.0006,8466336.2997,0.0010,12105951.0049
2026-08-01T17:23:00+05:30,2672.37,1019.3843,1652.9826,5.5058,0.0008,32923792.3229,0.0028,17525270.9302
2026-08-01T17:24:00+05:30,1277.15,262.9842,1014.1676,0.8838,0.0004,2256158.9439,0.0008,12014846.8565
2026-08-01T17:25:00+05:30,1392.41,253.8696,1138.5395,0.9694,0.0005,2221513.0542,0.0007,12479154.4011
2026-08-01T17:26:00+05:30,1347.58,243.2113,1104.3691,0.9404,0.0005,2178547.6246,0.0007,12394240.6401
2026-08-01T17:27:00+05:30,1353.78,235.5550,1118.2276,0.9463,0.0004,2169784.0460,0.0007,12294213.8201
2026-08-01T17:28:00+05:30,3796.95,2198.9534,1597.9935,9.4909,0.0010,67358666.7555,0.0044,25754818.4788
2026-08-01T17:29:00+05:30,1952.04,730.3981,1221.6408,2.2738,0.0012,6304337.0217,0.0012,13566122.9169
2026-08-01T17:30:00+05:30,1357.61,257.1752,1100.4367,0.9419,0.0005,2266597.1532,0.0007,12093774.8592
2026-08-01T17:31:00+05:30,1339.57,245.3374,1094.2349,0.9319,0.0005,2239730.1288,0.0007,12108797.0133
2026-08-01T17:32:00+05:30,1322.16,237.7246,1084.4361,0.9225,0.0005,2196453.2893,0.0007,12156511.8256
2026-08-01T17:33:00+05:30,2010.50,993.1844,1017.3141,1.3648,0.0006,14081369.3946,0.0008,12060091.7862
2026-08-01T17:34:00+05:30,2887.85,1017.2667,1870.5833,10.2269,0.0009,28541815.4667,0.0050,20408934.4000
2026-08-01T17:35:00+05:30,1308.40,229.9153,1078.4886,0.9147,0.0005,2163105.2737,0.0007,11932306.9538
2026-08-01T17:36:00+05:30,1276.10,218.7130,1057.3824,0.8937,0.0004,2105718.5047,0.0007,11776827.7195
2026-08-01T17:37:00+05:30,1266.32,214.0154,1052.3078,0.8881,0.0004,2094940.3744,0.0007,11849662.2493
2026-08-01T17:38:00+05:30,1529.17,536.3545,992.8191,1.1454,0.0006,34138929.2414,0.0008,25548391.3963
2026-08-01T17:39:00+05:30,6204.77,3353.5226,2851.2475,35.4249,0.0020,75873520.5587,0.0099,79005715.6953
2026-08-01T17:40:00+05:30,4792.32,2401.3533,2390.9703,19.2123,0.0018,49810284.4953,0.0061,81175632.6728
2026-08-01T17:41:00+05:30,3249.80,1034.9568,2214.8391,9.9900,0.0010,53171973.7412,0.0040,94293853.7106
2026-08-01T17:42:00+05:30,2668.12,664.6994,2003.4177,4.5104,0.0007,28584660.7316,0.0020,77873644.7601
2026-08-01T17:43:00+05:30,2977.78,519.5240,2458.2604,12.3617,0.0015,16656784.5072,0.0047,69786072.7309
2026-08-01T17:44:00+05:30,3343.80,917.9749,2425.8241,16.9591,0.0014,33672496.0755,0.0063,77442570.3668
2026-08-01T17:45:00+05:30,5087.84,2486.3689,2601.4707,31.6675,0.0019,42046493.1635,0.0103,85102780.2308
2026-08-01T17:46:00+05:30,5976.35,3154.2894,2822.0609,26.8410,0.0016,99804697.8882,0.0077,91533430.1512
2026-08-01T17:47:00+05:30,2806.94,1501.1422,1305.7978,3.4256,0.0007,36846310.0884,0.0018,37906407.0702
2026-08-01T17:48:00+05:30,3555.44,998.1838,2557.2514,9.2761,0.0008,30133131.4316,0.0033,70394198.8803
2026-08-01T17:49:00+05:30,2194.41,833.6806,1360.7254,3.5422,0.0007,32651864.8509,0.0021,54035684.4299
2026-08-01T17:50:00+05:30,2210.67,681.4636,1529.2049,2.9731,0.0006,20193441.8163,0.0016,46879539.6643
2026-08-01T17:51:00+05:30,2142.20,680.7972,1461.4077,1.7924,0.0007,18688601.4897,0.0009,38683246.2049
2026-08-01T17:52:00+05:30,4710.71,2863.1219,1847.5873,15.6456,0.0013,67022084.3737,0.0064,53706653.6878
2026-08-01T17:53:00+05:30,1979.55,634.1329,1345.4133,2.1192,0.0008,13116758.9265,0.0013,26457128.4547
2026-08-01T17:54:00+05:30,1926.96,816.8608,1110.1002,1.3955,0.0006,15056185.5753,0.0009,21982485.5353
2026-08-01T17:55:00+05:30,2555.25,821.6798,1733.5701,2.6632,0.0007,33658859.3435,0.0012,40239514.2624
2026-08-01T17:56:00+05:30,2141.58,689.8804,1451.7010,6.6375,0.0018,17444970.5270,0.0038,44425300.2116
2026-08-01T17:57:00+05:30,2903.68,1672.7724,1230.9077,5.3632,0.0010,22964606.7434,0.0029,29617986.9664
2026-08-01T17:58:00+05:30,3086.42,1362.7802,1723.6436,10.5959,0.0014,35542225.1558,0.0049,42233983.3983
2026-08-01T17:59:00+05:30,1723.91,690.0460,1033.8689,1.4097,0.0008,12540876.5918,0.0008,17553076.3384
2026-08-01T18:00:00+05:30,1923.78,890.2648,1033.5172,1.4702,0.0007,14053171.2000,0.0008,18054963.2000
2026-08-01T18:01:00+05:30,3635.58,2003.0334,1632.5439,4.0376,0.0007,61006150.8717,0.0015,27147417.9806
2026-08-01T18:02:00+05:30,2563.14,978.2870,1584.8525,2.0047,0.0006,46242891.2515,0.0010,27725299.1168
2026-08-01T18:03:00+05:30,3582.36,1459.7220,2122.6336,10.4025,0.0008,44001165.1586,0.0043,44008605.1092
2026-08-01T18:04:00+05:30,2069.59,843.8406,1225.7543,1.5090,0.0005,23874567.9375,0.0009,36539537.3152
2026-08-01T18:05:00+05:30,2279.84,900.6019,1379.2368,1.7890,0.0005,31050987.8297,0.0009,44496591.6442
2026-08-01T18:06:00+05:30,2359.25,764.8901,1594.3555,3.6104,0.0008,29798396.5879,0.0018,50595174.3028
2026-08-01T18:07:00+05:30,2270.04,662.2660,1607.7745,3.0744,0.0007,35015539.2642,0.0016,29492893.2673
2026-08-01T18:08:00+05:30,3337.94,1452.4425,1885.5019,6.2448,0.0013,43845262.7579,0.0022,46069794.4735
2026-08-01T18:09:00+05:30,2946.82,1267.9521,1678.8708,2.6108,0.0005,23278175.6491,0.0011,43636877.9122
2026-08-01T18:10:00+05:30,2447.33,756.7833,1690.5500,2.0032,0.0005,17179634.7394,0.0009,50176597.3234
2026-08-01T18:11:00+05:30,1923.25,629.3136,1293.9363,1.4737,0.0005,10851683.5300,0.0009,37449474.3718
2026-08-01T18:12:00+05:30,2336.52,1132.9854,1203.5385,1.9439,0.0008,9761920.4589,0.0008,13894257.0995
2026-08-01T18:13:00+05:30,2397.74,713.7763,1683.9641,2.4483,0.0013,13656723.3461,0.0009,20876494.9842
2026-08-01T18:14:00+05:30,1854.12,515.3682,1338.7505,1.5073,0.0009,4635701.9702,0.0008,18018808.8142
2026-08-01T18:15:00+05:30,1553.29,144.0760,1409.2151,1.1320,0.0004,1569624.8229,0.0008,17984954.5235
2026-08-01T18:16:00+05:30,1619.27,508.7746,1110.4945,1.4214,0.0010,4641764.7118,0.0008,13565615.0526
2026-08-01T18:17:00+05:30,1462.37,505.5517,956.8204,1.1820,0.0009,4608008.5358,0.0008,10767543.6040
2026-08-01T18:18:00+05:30,1301.53,166.3945,1135.1320,0.9244,0.0004,2263117.3030,0.0007,12883079.3741
2026-08-01T18:19:00+05:30,1698.83,490.6088,1208.2229,1.4825,0.0010,4495265.1157,0.0008,12423705.0863
2026-08-01T18:20:00+05:30,1694.80,483.3822,1211.4141,1.4777,0.0010,4387318.1432,0.0008,12655783.1819
2026-08-01T18:21:00+05:30,1401.04,112.7113,1288.3288,1.0039,0.0004,1319363.2803,0.0007,12771777.9148
2026-08-01T18:22:00+05:30,1472.68,465.6833,1007.0000,1.2058,0.0009,4293157.4193,0.0008,11044775.0129
2026-08-01T18:23:00+05:30,1566.15,457.3252,1108.8282,1.3313,0.0009,4184659.1905,0.0008,12419862.6298
2026-08-01T18:24:00+05:30,1348.33,109.9868,1238.3437,0.9701,0.0004,1392508.9018,0.0007,12801194.9056
2026-08-01T18:25:00+05:30,1300.70,96.5285,1204.1731,0.9467,0.0005,1144414.3724,0.0007,12604941.0039
2026-08-01T18:26:00+05:30,1693.86,454.9031,1238.9612,1.4546,0.0009,4155262.3806,0.0008,12388636.8076
2026-08-01T18:27:00+05:30,1451.43,443.7648,1007.6669,1.1554,0.0008,4033533.9178,0.0008,11050011.0004
2026-08-01T18:28:00+05:30,1210.31,84.9958,1125.3104,0.8793,0.0004,1061101.6966,0.0008,12790357.6547
2026-08-01T18:29:00+05:30,1635.90,439.4687,1196.4268,1.3991,0.0009,3971076.1641,0.0008,12665570.3477
2026-08-01T18:30:00+05:30,1637.41,434.3189,1203.0932,1.3992,0.0010,3937151.4091,0.0008,12509719.0474
2026-08-01T18:31:00+05:30,1358.68,73.6598,1285.0213,0.9874,0.0004,924385.6514,0.0007,12767091.0788
2026-08-01T18:32:00+05:30,1443.14,426.0762,1017.0664,1.1397,0.0009,3867921.0667,0.0008,11144396.8000
2026-08-01T18:33:00+05:30,1179.53,70.8155,1108.7149,0.8641,0.0004,908682.4553,0.0007,12741624.4396
2026-08-01T18:34:00+05:30,1652.80,417.7692,1235.0285,1.3833,0.0009,3777200.7865,0.0008,12718389.1759
2026-08-01T18:35:00+05:30,1285.15,68.4489,1216.6964,0.9370,0.0004,879328.2779,0.0007,12637587.7735
2026-08-01T18:36:00+05:30,1675.64,416.3264,1259.3123,1.4199,0.0009,3757749.9417,0.0008,12546175.9275
2026-08-01T18:37:00+05:30,1782.98,810.5509,972.4310,2.3060,0.0018,7033262.2596,0.0008,10745770.0437
2026-08-01T18:38:00+05:30,1480.48,355.6848,1124.7938,1.7370,0.0023,3281058.9882,0.0009,12433924.9483
2026-08-01T18:39:00+05:30,1300.46,68.7937,1231.6681,0.9494,0.0004,866502.2420,0.0007,12928847.0604
2026-08-01T18:40:00+05:30,1265.21,61.7978,1203.4141,0.9241,0.0004,804723.8476,0.0008,12401760.7068
2026-08-01T18:41:00+05:30,1657.36,415.0434,1242.3142,1.4272,0.0010,3742591.7718,0.0008,12284450.9023
2026-08-01T18:42:00+05:30,1086.98,62.9125,1024.0651,0.7916,0.0004,818995.2171,0.0008,11193230.4308
2026-08-01T18:43:00+05:30,1500.98,400.8269,1100.1567,1.2167,0.0008,3628332.4776,0.0008,12783253.6925
2026-08-01T18:44:00+05:30,1344.18,58.7971,1285.3857,0.9857,0.0004,788658.5114,0.0008,13376817.0394
2026-08-01T18:45:00+05:30,1621.17,397.3436,1223.8276,1.3880,0.0009,3599554.4520,0.0008,12750862.2661
2026-08-01T18:46:00+05:30,1334.67,61.8290,1272.8379,0.9742,0.0003,831244.6489,0.0008,12600314.1962
2026-08-01T18:47:00+05:30,1414.61,387.0280,1027.5806,1.1155,0.0008,3511344.7213,0.0008,11226337.0052
2026-08-01T18:48:00+05:30,1158.74,62.2093,1096.5311,0.8533,0.0004,836651.2868,0.0008,12902004.0005
2026-08-01T18:49:00+05:30,1612.54,372.9127,1239.6260,1.2858,0.0008,3395232.7973,0.0008,12821869.1109
2026-08-01T18:50:00+05:30,1299.76,61.4908,1238.2643,0.9524,0.0004,825561.4991,0.0007,12737468.5797
2026-08-01T18:51:00+05:30,1626.40,368.4026,1257.9952,1.2790,0.0008,3347735.6264,0.0008,12501858.0809
2026-08-01T18:52:00+05:30,1100.31,57.8971,1042.4145,0.8045,0.0004,785983.1008,0.0008,11410544.1395
2026-08-01T18:53:00+05:30,1514.91,367.4463,1147.4653,1.1844,0.0007,3336697.4961,0.0008,12494896.2758
2026-08-01T18:54:00+05:30,1313.90,83.6250,1230.2770,0.9538,0.0004,884306.2360,0.0008,12608548.2118
2026-08-01T18:55:00+05:30,1264.34,66.9467,1197.3901,0.9309,0.0005,1132331.9779,0.0007,12795460.5693
2026-08-01T18:56:00+05:30,2051.50,790.7508,1260.7449,1.3596,0.0005,28355263.7824,0.0008,13464224.5184
2026-08-01T18:57:00+05:30,1394.05,388.2214,1005.8327,1.1092,0.0009,3462286.1999,0.0008,11050128.4184
2026-08-01T18:58:00+05:30,1147.98,47.1610,1100.8235,0.8566,0.0004,629019.3045,0.0008,14312305.9381
2026-08-01T18:59:00+05:30,1362.91,113.8633,1249.0457,0.9907,0.0004,942720.4054,0.0007,14387205.1205
2026-08-01T19:00:00+05:30,1660.36,381.4277,1278.9349,1.3903,0.0009,3449108.6931,0.0008,13901337.9101
2026-08-01T19:01:00+05:30,1446.14,54.1730,1391.9624,1.0611,0.0004,739197.1197,0.0007,13708430.0430
2026-08-01T19:02:00+05:30,1465.14,373.7081,1091.4350,1.1197,0.0007,3414414.4565,0.0008,11831470.1519
2026-08-01T19:03:00+05:30,1195.13,54.9066,1140.2243,0.8823,0.0004,783967.2060,0.0007,13400269.6839
2026-08-01T19:04:00+05:30,1873.59,685.7319,1187.8574,2.0989,0.0013,5979580.9829,0.0010,13214768.8204
2026-08-01T19:05:00+05:30,1802.48,527.4557,1275.0233,1.8295,0.0012,4691193.7091,0.0009,13273597.6542
2026-08-01T19:06:00+05:30,1345.84,56.4751,1289.3601,0.9851,0.0004,708441.1995,0.0007,12665503.0255
2026-08-01T19:07:00+05:30,1409.09,361.3347,1047.7524,1.0523,0.0007,3226048.8683,0.0008,11423715.1905
2026-08-01T19:08:00+05:30,1247.81,55.1194,1192.6930,0.9164,0.0004,682973.8820,0.0008,12648124.6729
2026-08-01T19:09:00+05:30,1264.83,53.1823,1211.6461,0.9316,0.0004,660475.6494,0.0007,12433225.4786
2026-08-01T19:10:00+05:30,1552.38,348.6286,1203.7516,1.2046,0.0007,3165888.7203,0.0008,12441117.6657
2026-08-01T19:11:00+05:30,1296.28,54.3324,1241.9460,0.9514,0.0004,746073.9654,0.0007,12256051.7325
2026-08-01T19:12:00+05:30,1072.52,49.9825,1022.5330,0.7902,0.0004,715137.7621,0.0008,11135355.7548
2026-08-01T19:13:00+05:30,1496.74,328.2497,1168.4918,1.0716,0.0006,3036976.8651,0.0008,12775729.5820
2026-08-01T19:14:00+05:30,1305.35,47.6286,1257.7242,0.9637,0.0005,706489.3511,0.0007,12820563.2770
2026-08-01T19:15:00+05:30,1527.02,318.2916,1208.7284,1.1388,0.0006,2937249.2376,0.0008,12458840.1460
2026-08-01T19:16:00+05:30,1305.73,46.9969,1258.7328,0.9607,0.0005,677763.2531,0.0008,12473533.3389
2026-08-01T19:17:00+05:30,1077.06,45.6675,1031.3954,0.7947,0.0005,684852.0742,0.0007,11220223.5561
2026-08-01T19:18:00+05:30,1226.45,76.3502,1150.1016,0.9049,0.0005,1003205.0910,0.0007,13435592.3834
2026-08-01T19:19:00+05:30,1325.94,38.7982,1287.1434,0.9814,0.0005,593952.7811,0.0007,13036502.0675
2026-08-01T19:20:00+05:30,1527.70,301.1048,1226.5993,1.1163,0.0006,2757513.7477,0.0008,12569416.5639
2026-08-01T19:21:00+05:30,1243.40,37.4142,1205.9863,0.9167,0.0004,598054.3639,0.0007,11967981.8676
2026-08-01T19:22:00+05:30,1057.63,36.4246,1021.2046,0.7829,0.0005,578061.2122,0.0007,11117333.8668
2026-08-01T19:23:00+05:30,1472.30,286.7663,1185.5351,1.0238,0.0004,2644544.2762,0.0007,13519782.2096
2026-08-01T19:24:00+05:30,1283.24,32.2807,1250.9587,0.9569,0.0004,541930.8367,0.0007,13774058.3586
2026-08-01T19:25:00+05:30,1366.36,32.9573,1333.4055,1.0152,0.0005,538685.1506,0.0007,13745173.0205
2026-08-01T19:26:00+05:30,1581.32,273.3894,1307.9257,1.0984,0.0005,2518593.5062,0.0008,12782078.8053
2026-08-01T19:27:00+05:30,1077.68,34.3977,1043.2804,0.7999,0.0005,553205.4064,0.0008,11438736.8632
2026-08-01T19:28:00+05:30,1138.95,31.9419,1107.0119,0.8500,0.0005,528106.4266,0.0008,12658029.5741
2026-08-01T19:29:00+05:30,1313.86,29.9460,1283.9121,0.9755,0.0006,505379.0161,0.0008,13007502.9996
2026-08-01T19:30:00+05:30,1545.07,264.3113,1280.7599,1.0785,0.0005,2425653.8622,0.0007,13195393.1839
2026-08-01T19:31:00+05:30,1241.52,28.6795,1212.8383,0.9192,0.0005,505455.6968,0.0007,11922747.6794
2026-08-01T19:32:00+05:30,1425.20,441.1961,983.9989,1.2934,0.0012,4022882.7441,0.0008,10809201.7934
2026-08-01T19:33:00+05:30,1821.93,694.9223,1127.0087,1.9520,0.0013,6047041.9417,0.0009,12439582.3165
2026-08-01T19:34:00+05:30,1350.81,28.9814,1321.8285,1.0016,0.0004,493952.9024,0.0008,13333929.5702
2026-08-01T19:35:00+05:30,1261.03,30.6813,1230.3513,0.9336,0.0004,493663.3947,0.0007,12572375.2354
2026-08-01T19:36:00+05:30,1449.15,261.9052,1187.2489,0.9986,0.0004,2396058.2725,0.0008,11684598.8599
2026-08-01T19:37:00+05:30,1050.78,30.2152,1020.5656,0.7802,0.0004,501939.7030,0.0007,11200088.5289
2026-08-01T19:38:00+05:30,1178.70,27.4306,1151.2682,0.8781,0.0005,472153.3180,0.0008,12552575.1425
2026-08-01T19:39:00+05:30,1584.42,258.0038,1326.4170,1.1082,0.0004,2339342.7105,0.0008,13357940.4040
2026-08-01T19:40:00+05:30,1291.40,38.9706,1252.4252,0.9571,0.0005,576569.6570,0.0007,12937827.1160
2026-08-01T19:41:00+05:30,1218.92,34.9672,1183.9531,0.8997,0.0004,541841.5640,0.0008,11597334.6222
2026-08-01T19:42:00+05:30,1056.35,37.8519,1018.5009,0.7817,0.0005,558595.1063,0.0007,11092707.5138
2026-08-01T19:43:00+05:30,1511.82,257.4285,1254.3955,1.0590,0.0004,2387973.8022,0.0007,13541749.3876
2026-08-01T19:44:00+05:30,1356.38,40.2614,1316.1229,1.0040,0.0004,581650.5735,0.0007,13293904.5079
2026-08-01T19:45:00+05:30,2091.58,885.2377,1206.3455,1.3575,0.0005,25832831.9808,0.0007,13975925.2137
2026-08-01T19:46:00+05:30,1245.31,59.5518,1185.7536,0.9139,0.0004,770060.2849,0.0007,11687949.4793
2026-08-01T19:47:00+05:30,1079.87,59.9473,1019.9213,0.7930,0.0005,781562.6313,0.0008,11149729.0701
2026-08-01T19:48:00+05:30,1314.48,61.5295,1252.9490,0.9794,0.0005,805974.1082,0.0008,15080997.1509
2026-08-01T19:49:00+05:30,1627.38,321.9186,1305.4634,1.2406,0.0006,2946454.0696,0.0008,16398886.5993
2026-08-01T19:50:00+05:30,1499.57,61.1864,1438.3886,1.1076,0.0005,805040.7854,0.0007,14975451.7059
2026-08-01T19:51:00+05:30,1273.60,58.6098,1214.9916,0.9357,0.0004,790435.7825,0.0007,12222471.6450
2026-08-01T19:52:00+05:30,1097.30,56.4594,1040.8401,0.8066,0.0004,762405.3743,0.0007,11298156.6621
2026-08-01T19:53:00+05:30,1585.02,312.8915,1272.1245,1.1500,0.0005,2888387.9717,0.0008,14309148.2549
2026-08-01T19:54:00+05:30,1275.82,75.8768,1199.9433,0.9438,0.0004,842045.0727,0.0007,14293600.7468
2026-08-01T19:55:00+05:30,1421.45,53.5482,1367.9044,1.0512,0.0004,743057.8981,0.0007,14077414.4862
2026-08-01T19:56:00+05:30,1339.00,52.8790,1286.1168,0.9846,0.0005,708568.5327,0.0007,12493598.9064
2026-08-01T19:57:00+05:30,1352.28,303.4783,1048.7992,0.9374,0.0005,2802846.0859,0.0008,11507451.9425
2026-08-01T19:58:00+05:30,1321.92,48.3175,1273.6046,0.9802,0.0005,680561.7427,0.0008,13550135.1689
2026-08-01T19:59:00+05:30,1452.22,99.1083,1353.1128,1.0579,0.0004,980953.5620,0.0008,13581987.5321
2026-08-01T20:00:00+05:30,1224.84,44.0941,1180.7426,0.9045,0.0005,642292.9894,0.0008,12102683.7974
2026-08-01T20:01:00+05:30,1402.40,290.5752,1111.8276,0.9783,0.0005,2651015.3969,0.0008,11076918.4830
2026-08-01T20:02:00+05:30,1495.97,467.2833,1028.6833,1.4261,0.0013,4255405.3234,0.0008,11258521.5087
2026-08-01T20:03:00+05:30,1718.27,488.9385,1229.3316,1.6880,0.0013,4383210.9764,0.0008,13274528.0496
2026-08-01T20:04:00+05:30,2995.18,1702.6577,1292.5269,2.9974,0.0011,152314825.8269,0.0009,14721439.6401
2026-08-01T20:05:00+05:30,1962.07,761.3871,1200.6836,2.2087,0.0012,11847055.1517,0.0010,12742534.4448
2026-08-01T20:06:00+05:30,1259.27,112.3311,1146.9368,0.9010,0.0004,1391994.4018,0.0007,11723954.6144
2026-08-01T20:07:00+05:30,1241.94,110.9185,1131.0189,0.9003,0.0004,1372114.6019,0.0007,12263901.4650
2026-08-01T20:08:00+05:30,1359.62,113.1931,1246.4242,0.9893,0.0005,1397448.3805,0.0007,13467698.8014
2026-08-01T20:09:00+05:30,1769.02,511.5058,1257.5109,1.6937,0.0012,4788142.3025,0.0009,12837018.1127
2026-08-01T20:10:00+05:30,3422.64,2270.2577,1152.3783,3.0474,0.0009,147778759.4207,0.0008,11993502.5083
2026-08-01T20:11:00+05:30,1249.31,112.8615,1136.4508,0.8995,0.0004,1382108.0919,0.0007,11286840.5295
2026-08-01T20:12:00+05:30,1155.28,114.5866,1040.6953,0.8342,0.0005,1431043.7116,0.0007,11448827.5035
2026-08-01T20:13:00+05:30,1848.11,543.4986,1304.6065,2.0870,0.0013,5045694.2102,0.0011,13950920.5693
2026-08-01T20:14:00+05:30,1452.22,119.1905,1333.0333,1.0417,0.0004,1492744.4155,0.0007,13402539.7079
2026-08-01T20:15:00+05:30,3525.20,2435.8556,1089.3473,3.5388,0.0010,149470863.7129,0.0009,15560336.3271
2026-08-01T20:16:00+05:30,1288.34,121.0934,1167.2473,0.9254,0.0004,1373457.8791,0.0008,13408572.8573
2026-08-01T20:17:00+05:30,1709.76,544.8379,1164.9196,1.6911,0.0012,4933016.1153,0.0008,14590442.7964
2026-08-01T20:18:00+05:30,1794.29,124.6708,1669.6223,1.3148,0.0003,1380124.9375,0.0007,19987029.9677
2026-08-01T20:19:00+05:30,2028.57,774.2204,1254.3458,1.3936,0.0005,31400459.4514,0.0007,21558440.8520
2026-08-01T20:20:00+05:30,1908.50,460.1367,1448.3661,1.3311,0.0005,11428236.0787,0.0007,17543622.8076
2026-08-01T20:21:00+05:30,1095.22,121.0117,974.2082,0.7806,0.0005,1203569.8029,0.0007,9899081.8241
2026-08-01T20:22:00+05:30,1099.71,115.1577,984.5490,0.7942,0.0005,1173513.9676,0.0007,11520221.8815
2026-08-01T20:23:00+05:30,1340.49,114.3143,1226.1790,0.9810,0.0005,1244293.9510,0.0008,14806688.4853
2026-08-01T20:24:00+05:30,1206.43,109.7071,1096.7210,0.8892,0.0005,1222920.9662,0.0008,14853061.3633
2026-08-01T20:25:00+05:30,1918.55,538.1859,1380.3596,2.0240,0.0013,4875091.8544,0.0010,15590983.6022
2026-08-01T20:26:00+05:30,1509.35,105.7606,1403.5904,1.0911,0.0004,1220163.5470,0.0008,14413454.9879
2026-08-01T20:27:00+05:30,1202.21,103.0368,1099.1700,0.8685,0.0004,1194043.7022,0.0008,11975596.1131
2026-08-01T20:28:00+05:30,1192.21,99.4534,1092.7543,0.8733,0.0004,1179880.6179,0.0008,13356895.6657
2026-08-01T20:29:00+05:30,1290.56,102.1585,1188.3990,0.9422,0.0004,1217910.5592,0.0007,13440505.6421
2026-08-01T20:30:00+05:30,1753.11,516.6264,1236.4864,1.7612,0.0013,4712714.4714,0.0009,13148723.9391
2026-08-01T20:31:00+05:30,1422.95,92.4559,1330.4948,1.0295,0.0004,1125294.2274,0.0007,13279918.9441
2026-08-01T20:32:00+05:30,1157.32,93.6531,1063.6688,0.8410,0.0005,1149102.8368,0.0007,11641083.5028
2026-08-01T20:33:00+05:30,1258.68,89.3640,1169.3133,0.9194,0.0004,1109297.7855,0.0007,12689184.5433
2026-08-01T20:34:00+05:30,1323.94,88.7585,1235.1833,0.9656,0.0004,1118183.4853,0.0007,12689316.9065
2026-08-01T20:35:00+05:30,1677.81,503.2171,1174.5899,1.5208,0.0011,4637699.9600,0.0008,12297831.7109
2026-08-01T20:36:00+05:30,1513.09,239.8747,1273.2119,1.0944,0.0006,2422510.1463,0.0007,12480714.4047
2026-08-01T20:37:00+05:30,1640.27,648.4013,991.8648,1.8814,0.0013,5881218.7974,0.0010,10951458.6827
2026-08-01T20:38:00+05:30,1295.15,86.3348,1208.8201,0.9477,0.0004,1100477.0080,0.0008,13023039.4507
2026-08-01T20:39:00+05:30,1748.48,481.9369,1266.5467,1.7107,0.0012,4439995.2010,0.0009,12932240.2186
2026-08-01T20:40:00+05:30,1273.37,84.4127,1188.9617,0.9221,0.0004,1070855.0283,0.0007,12348151.9561
2026-08-01T20:41:00+05:30,1266.43,80.6099,1185.8178,0.9156,0.0004,1026440.3300,0.0008,11668804.6663
2026-08-01T20:42:00+05:30,1085.61,78.0721,1007.5355,0.7923,0.0004,982447.2675,0.0008,11100144.9768
2026-08-01T20:43:00+05:30,1257.23,73.7637,1183.4677,0.9230,0.0005,947682.4233,0.0007,12821557.6253
2026-08-01T20:44:00+05:30,1694.67,459.7190,1234.9519,1.5632,0.0011,4217328.0659,0.0009,12655329.7661
2026-08-01T20:45:00+05:30,1319.97,73.2354,1246.7340,0.9623,0.0004,926618.3866,0.0007,12895120.6945
2026-08-01T20:46:00+05:30,1289.87,69.5081,1220.3590,0.9371,0.0004,890559.4559,0.0007,12032588.8589
2026-08-01T20:47:00+05:30,1067.44,69.4116,998.0330,0.7799,0.0005,886263.8150,0.0007,11059042.9579
2026-08-01T20:48:00+05:30,1235.60,67.6986,1167.9052,0.9084,0.0005,861417.7983,0.0008,12683493.2769
2026-08-01T20:49:00+05:30,1341.60,66.7367,1274.8617,0.9845,0.0005,873979.8707,0.0007,12921319.7361
2026-08-01T20:50:00+05:30,1648.18,461.3910,1186.7936,1.4047,0.0010,4081523.8476,0.0008,12458094.7904
2026-08-01T20:51:00+05:30,1287.41,66.9512,1220.4588,0.9368,0.0004,864145.1054,0.0007,12056514.2705
2026-08-01T20:52:00+05:30,1064.81,63.6426,1001.1665,0.7806,0.0005,817930.4093,0.0007,11052265.0313
2026-08-01T20:53:00+05:30,1234.57,60.7055,1173.8681,0.9097,0.0005,792989.9683,0.0007,12752886.7855
2026-08-01T20:54:00+05:30,1294.50,59.3736,1235.1274,0.9518,0.0005,758940.8098,0.0008,12640297.1013
2026-08-01T20:55:00+05:30,1603.22,425.5596,1177.6637,1.4022,0.0010,3813517.2414,0.0008,12421322.5780
2026-08-01T20:56:00+05:30,1311.70,56.0629,1255.6330,0.9593,0.0003,736672.4773,0.0007,12521247.7627
2026-08-01T20:57:00+05:30,1053.79,56.0195,997.7666,0.7734,0.0004,732469.6902,0.0008,11066648.2657
2026-08-01T20:58:00+05:30,1218.20,51.3966,1166.8055,0.9004,0.0005,683167.2555,0.0008,12705559.3627
2026-08-01T20:59:00+05:30,1280.05,50.9585,1229.0882,0.9432,0.0005,676988.1145,0.0008,12565828.0018
2026-08-01T21:00:00+05:30,1592.93,415.7391,1177.1861,1.4065,0.0010,3740021.9271,0.0009,12455956.6789
2026-08-01T21:01:00+05:30,1309.95,59.6159,1250.3334,0.9572,0.0004,759750.1959,0.0008,12563124.3519
2026-08-01T21:02:00+05:30,1421.21,401.2197,1019.9943,0.9965,0.0005,19956142.2240,0.0007,12623088.8067
2026-08-01T21:03:00+05:30,2015.84,765.4158,1250.4209,1.3093,0.0005,15832490.6396,0.0007,15175418.1406
2026-08-01T21:04:00+05:30,1235.41,61.9615,1173.4522,0.9188,0.0004,753259.8950,0.0007,14357741.1216
2026-08-01T21:05:00+05:30,1467.01,64.4199,1402.5868,1.0840,0.0004,783603.9802,0.0007,14865332.0666
2026-08-01T21:06:00+05:30,1448.67,64.6860,1383.9835,1.0656,0.0005,822162.1315,0.0007,13588744.3054
2026-08-01T21:07:00+05:30,1094.41,66.8267,1027.5806,0.8022,0.0005,898519.2567,0.0008,11246951.8207
2026-08-01T21:08:00+05:30,1346.73,68.8931,1277.8398,0.9956,0.0005,895918.9036,0.0007,14474768.7485
2026-08-01T21:09:00+05:30,1649.19,525.9114,1123.2810,1.8645,0.0014,4842322.4430,0.0010,14132060.2747
2026-08-01T21:10:00+05:30,2103.35,767.8438,1335.5109,2.2852,0.0012,6868758.8322,0.0010,14108087.9883
2026-08-01T21:11:00+05:30,1378.00,68.2811,1309.7230,1.0077,0.0004,969097.4484,0.0008,13401274.2454
2026-08-01T21:12:00+05:30,1136.56,68.5632,1067.9966,0.8289,0.0004,991318.9674,0.0007,11671514.5576
2026-08-01T21:13:00+05:30,1183.96,67.2768,1116.6842,0.8693,0.0004,965214.5619,0.0008,12882067.4757
2026-08-01T21:14:00+05:30,1332.26,66.1745,1266.0812,0.9785,0.0005,968932.2912,0.0008,12837550.8191
2026-08-01T21:15:00+05:30,1277.21,65.2609,1211.9520,0.9386,0.0004,934915.7040,0.0008,12634027.3708
2026-08-01T21:16:00+05:30,1673.39,445.3682,1228.0240,1.6047,0.0012,4160695.2349,0.0009,12254423.9920
2026-08-01T21:17:00+05:30,1069.24,62.2760,1006.9677,0.7806,0.0004,911428.4476,0.0007,11139787.2348
2026-08-01T21:18:00+05:30,1248.38,59.7197,1188.6594,0.9165,0.0004,879811.1874,0.0007,12866735.1157
2026-08-01T21:19:00+05:30,1432.86,56.3723,1376.4876,1.0522,0.0004,842221.8222,0.0008,13766052.8720
2026-08-01T21:20:00+05:30,1283.97,56.2045,1227.7673,0.9456,0.0005,819636.8120,0.0007,12616155.0331
2026-08-01T21:21:00+05:30,1199.22,52.0227,1147.2005,0.8804,0.0005,784134.1490,0.0007,11371071.6917
2026-08-01T21:22:00+05:30,1399.57,419.0329,980.5372,1.2313,0.0011,3877385.5895,0.0008,10954063.0541
2026-08-01T21:23:00+05:30,1283.66,49.1940,1234.4675,0.9468,0.0003,746372.2078,0.0008,13250752.5505
2026-08-01T21:24:00+05:30,1375.83,48.7935,1327.0397,1.0122,0.0004,750082.3890,0.0007,13387765.8979
2026-08-01T21:25:00+05:30,1252.21,43.6152,1208.5930,0.9223,0.0004,680049.8650,0.0007,12471426.4191
2026-08-01T21:26:00+05:30,1209.95,43.1638,1166.7889,0.8898,0.0004,666931.9867,0.0007,11555740.0797
2026-08-01T21:27:00+05:30,1052.77,40.2801,1012.4875,0.7795,0.0005,649637.3458,0.0007,11148932.3108
2026-08-01T21:28:00+05:30,1639.02,400.2266,1238.7928,1.3860,0.0010,3688693.5306,0.0008,13346095.7904
2026-08-01T21:29:00+05:30,1408.00,46.1795,1361.8198,1.0379,0.0004,697422.4148,0.0007,13697111.3741
2026-08-01T21:30:00+05:30,1220.72,46.6744,1174.0457,0.8974,0.0003,685852.9755,0.0007,12132189.4982
2026-08-01T21:31:00+05:30,1172.20,45.5038,1126.6974,0.8588,0.0004,715015.3621,0.0007,11208822.9531
2026-08-01T21:32:00+05:30,1044.28,42.7986,1001.4833,0.7706,0.0005,661823.2726,0.0007,11073849.5383
2026-08-01T21:33:00+05:30,1230.33,40.0247,1190.3047,0.9131,0.0005,628110.6888,0.0008,12878146.8294
2026-08-01T21:34:00+05:30,1660.97,383.1411,1277.8315,1.4831,0.0011,3526967.0022,0.0009,13042842.4772
2026-08-01T21:35:00+05:30,1255.81,37.4723,1218.3327,0.9273,0.0004,593735.9937,0.0007,12605077.9617
2026-08-01T21:36:00+05:30,1219.78,34.0949,1185.6888,0.8983,0.0004,575138.2482,0.0007,11791016.6644
2026-08-01T21:37:00+05:30,1051.32,34.5190,1016.8011,0.7767,0.0004,574424.4546,0.0008,11200867.2434
2026-08-01T21:38:00+05:30,1257.24,31.8259,1225.4141,0.9326,0.0004,551475.1804,0.0008,13166674.6872
2026-08-01T21:39:00+05:30,1424.50,30.3712,1394.1258,1.0546,0.0004,543543.4058,0.0008,13950583.2778
2026-08-01T21:40:00+05:30,1581.76,363.0574,1218.7047,1.4058,0.0010,3325473.4596,0.0008,12572406.5084
2026-08-01T21:41:00+05:30,1142.96,30.9995,1111.9648,0.8429,0.0004,620192.3301,0.0008,11074170.6305
2026-08-01T21:42:00+05:30,1066.26,27.1459,1039.1108,0.7915,0.0003,504688.0301,0.0007,11375752.8371
2026-08-01T21:43:00+05:30,1268.61,26.4627,1242.1470,0.9444,0.0004,499423.9627,0.0008,13304253.0245
2026-08-01T21:44:00+05:30,2111.44,862.2437,1249.1915,2.4947,0.0014,7614904.3325,0.0010,12743626.9983
2026-08-01T21:45:00+05:30,1238.94,33.6039,1205.3406,0.9166,0.0004,560593.6594,0.0007,12440454.7121
2026-08-01T21:46:00+05:30,2640.94,1548.1415,1092.8009,2.5162,0.0011,145778905.6981,0.0008,10904081.5728
2026-08-01T21:47:00+05:30,1442.55,417.0292,1025.5205,1.2622,0.0011,3840853.4471,0.0009,11343199.8933
2026-08-01T21:48:00+05:30,1341.04,43.0281,1298.0128,0.9918,0.0004,619685.2494,0.0008,13731951.9872
2026-08-01T21:49:00+05:30,1390.94,41.9402,1349.0019,1.0268,0.0003,632343.1199,0.0007,13581897.5572
2026-08-01T21:50:00+05:30,1226.69,41.2646,1185.4241,0.9043,0.0004,650275.7529,0.0008,12252912.6877
2026-08-01T21:51:00+05:30,3180.61,2108.4406,1072.1715,2.6557,0.0009,136782068.1379,0.0008,10716669.6446
2026-08-01T21:52:00+05:30,1146.54,96.6866,1049.8517,0.8255,0.0004,1188357.4786,0.0007,11482699.5567
2026-08-01T21:53:00+05:30,1757.54,514.3914,1243.1459,1.8283,0.0013,4774434.1333,0.0010,13404296.5333
2026-08-01T21:54:00+05:30,1450.13,104.4938,1345.6346,1.0480,0.0004,1338001.6335,0.0008,13559572.6311
2026-08-01T21:55:00+05:30,2217.37,998.3340,1219.0327,1.4601,0.0005,43657751.9951,0.0007,14810373.8900
2026-08-01T21:56:00+05:30,1837.52,724.9558,1112.5613,1.3837,0.0007,55049835.8142,0.0008,11692303.8354
2026-08-01T21:57:00+05:30,2010.75,916.9389,1093.8104,1.6428,0.0008,51732444.5037,0.0008,11865389.2407
2026-08-01T21:58:00+05:30,1517.28,130.7994,1386.4800,1.1057,0.0004,1365606.4683,0.0008,16690867.1168
2026-08-01T21:59:00+05:30,1267.05,129.5682,1137.4840,0.9356,0.0005,1410088.2897,0.0008,16382566.5672
2026-08-01T22:00:00+05:30,1605.50,131.6886,1473.8123,1.1703,0.0005,1501843.9073,0.0008,15969688.8148
2026-08-01T22:01:00+05:30,1405.22,131.3355,1273.8879,1.0154,0.0005,1536068.2667,0.0008,13334528.0000
2026-08-01T22:02:00+05:30,3137.14,2131.4434,1005.6997,2.6679,0.0009,139736253.0582,0.0008,11644539.8487
2026-08-01T22:03:00+05:30,1241.02,135.9743,1105.0430,0.8915,0.0004,1344126.9228,0.0007,13996913.5905
2026-08-01T22:04:00+05:30,1331.61,181.9697,1149.6358,0.9525,0.0005,1715501.6584,0.0008,13911817.9970
2026-08-01T22:05:00+05:30,1865.03,567.5505,1297.4820,2.0183,0.0014,4998994.3840,0.0011,13710101.8215
2026-08-01T22:06:00+05:30,1432.54,126.5753,1305.9612,1.0239,0.0004,1301627.7922,0.0007,12933317.3301
2026-08-01T22:07:00+05:30,2435.21,1414.1471,1021.0674,1.9903,0.0008,61596472.4157,0.0008,11368690.4230
2026-08-01T22:08:00+05:30,1299.24,121.3187,1177.9196,0.9285,0.0004,1206107.4036,0.0007,12726150.0717
2026-08-01T22:09:00+05:30,1339.70,116.8383,1222.8610,0.9666,0.0004,1175639.2361,0.0007,12725340.7993
2026-08-01T22:10:00+05:30,1337.29,117.5647,1219.7297,0.9663,0.0004,1280251.7291,0.0007,12543108.2815
2026-08-01T22:11:00+05:30,1363.65,115.5263,1248.1207,0.9849,0.0005,1316837.2031,0.0007,12476226.8856
2026-08-01T22:12:00+05:30,3303.92,2359.8854,944.0308,2.9065,0.0009,128533875.9682,0.0008,10830557.3268
2026-08-01T22:13:00+05:30,1297.82,107.4322,1190.3905,0.9336,0.0004,1097151.3929,0.0007,12871572.2788
2026-08-01T22:14:00+05:30,1359.28,106.2386,1253.0460,0.9795,0.0004,1106539.9027,0.0007,12981772.1181
2026-08-01T22:15:00+05:30,1469.29,111.8631,1357.4250,1.0676,0.0005,1156621.2621,0.0008,13616192.5526
2026-08-01T22:16:00+05:30,1278.03,110.6333,1167.3918,0.9214,0.0005,1181005.3676,0.0007,11550733.6556
2026-08-01T22:17:00+05:30,1142.76,112.5752,1030.1844,0.8250,0.0005,1227940.2985,0.0008,11423658.8486
2026-08-01T22:18:00+05:30,2614.21,1437.3864,1176.8286,2.3263,0.0009,68298945.8802,0.0009,12703486.7451
2026-08-01T22:19:00+05:30,1810.28,543.5091,1266.7711,1.9111,0.0013,4852065.9344,0.0010,13007542.6590
2026-08-01T22:20:00+05:30,1787.77,631.4167,1156.3500,1.7360,0.0012,5691365.4106,0.0009,12134061.2323
2026-08-01T22:21:00+05:30,1302.68,113.8648,1188.8135,0.9359,0.0004,1284505.6000,0.0007,11819758.9333
2026-08-01T22:22:00+05:30,1133.72,114.7653,1018.9525,0.8172,0.0005,1306456.8609,0.0007,11328930.2574
2026-08-01T22:23:00+05:30,3112.44,1956.1501,1156.2901,2.7981,0.0009,120018791.4168,0.0009,12656697.3211
2026-08-01T22:24:00+05:30,1355.33,111.6243,1243.7060,0.9715,0.0003,1138491.0467,0.0007,12813777.8519
2026-08-01T22:25:00+05:30,1348.22,112.9239,1235.2971,0.9753,0.0004,1131922.4052,0.0008,12813686.5542
2026-08-01T22:26:00+05:30,1313.13,109.3872,1203.7429,0.9492,0.0005,1168091.7211,0.0008,11986847.6203
2026-08-01T22:27:00+05:30,1530.59,548.5049,982.0815,1.4750,0.0012,4898896.2896,0.0009,11014153.1486
2026-08-01T22:28:00+05:30,2542.31,1428.9405,1113.3686,2.4488,0.0009,67233370.7124,0.0010,12627023.5675
2026-08-01T22:29:00+05:30,1482.09,111.3648,1370.7272,1.0665,0.0004,1138650.0450,0.0008,13849274.8908
2026-08-01T22:30:00+05:30,1371.94,115.7116,1256.2256,0.9911,0.0004,1204480.9814,0.0007,12892288.6955
2026-08-01T22:31:00+05:30,1280.75,116.8489,1163.9052,0.9214,0.0004,1270838.0924,0.0007,11504863.8629
2026-08-01T22:32:00+05:30,1135.69,118.5497,1017.1451,0.8175,0.0005,1301544.8290,0.0007,11269272.1062
2026-08-01T22:33:00+05:30,2780.50,1570.3406,1210.1553,2.4871,0.0008,92059628.9223,0.0011,17524428.4024
2026-08-01T22:34:00+05:30,2158.18,843.5667,1314.6167,3.4082,0.0024,20644249.6000,0.0011,18830813.8667
2026-08-01T22:35:00+05:30,1319.88,119.1238,1200.7568,0.9430,0.0004,1187872.7746,0.0007,12533809.1618
2026-08-01T22:36:00+05:30,1324.75,121.0359,1203.7096,0.9601,0.0004,1239257.4076,0.0007,13063090.4910
2026-08-01T22:37:00+05:30,1154.64,125.0583,1029.5814,0.8359,0.0004,1301873.3772,0.0007,12568962.1865
2026-08-01T22:38:00+05:30,1394.44,126.7129,1267.7291,1.0114,0.0004,1324248.5996,0.0008,13873847.9595
2026-08-01T22:39:00+05:30,2747.23,1454.3303,1292.8992,2.9215,0.0010,67689321.4238,0.0010,13378755.8992
2026-08-01T22:40:00+05:30,1345.47,124.1645,1221.3092,0.9640,0.0004,1240754.8881,0.0007,12554817.2620
2026-08-01T22:41:00+05:30,1263.89,126.6876,1137.2046,0.9058,0.0004,1289783.6297,0.0007,11478207.3035
2026-08-01T22:42:00+05:30,1528.94,560.0193,968.9239,1.4716,0.0012,4969268.2374,0.0010,11033551.3713
2026-08-01T22:43:00+05:30,1379.95,127.8213,1252.1254,0.9896,0.0004,1336906.4328,0.0007,13626681.6916
2026-08-01T22:44:00+05:30,3001.75,1732.0069,1269.7429,2.8307,0.0009,107408178.9065,0.0009,13046328.9173
2026-08-01T22:45:00+05:30,1334.08,129.3812,1204.6966,0.9506,0.0004,1265574.6404,0.0007,12463578.9404
2026-08-01T22:46:00+05:30,1295.93,129.2065,1166.7250,0.9291,0.0005,1301295.9981,0.0007,11533274.2637
2026-08-01T22:47:00+05:30,1374.28,334.3000,1039.9813,1.0197,0.0006,16331369.9087,0.0008,20682670.2220
2026-08-01T22:48:00+05:30,2147.43,382.4819,1764.9471,1.7284,0.0006,24264468.0468,0.0008,37885849.3849
2026-08-01T22:49:00+05:30,2796.72,1385.5412,1411.1783,3.2142,0.0010,66660365.3821,0.0012,49772012.2683
2026-08-01T22:50:00+05:30,1893.35,566.9488,1326.3963,1.9043,0.0012,5031686.4836,0.0009,18405724.3402
2026-08-01T22:51:00+05:30,1378.42,136.3629,1242.0524,1.0100,0.0004,1439373.1975,0.0007,17694594.3621
2026-08-01T22:52:00+05:30,1218.36,136.1159,1082.2429,0.8833,0.0005,1446739.4529,0.0008,13466693.2475
2026-08-01T22:53:00+05:30,1460.48,139.9007,1320.5752,1.0576,0.0005,1510687.0845,0.0007,14446192.6583
2026-08-01T22:54:00+05:30,1581.91,242.9838,1338.9274,1.1452,0.0006,13613786.8142,0.0007,14106775.8149
2026-08-01T22:55:00+05:30,1398.81,146.3459,1252.4672,1.0048,0.0004,1530887.5961,0.0007,12721504.5425
2026-08-01T22:56:00+05:30,1200.27,145.3185,1054.9548,0.8556,0.0004,1543243.2306,0.0008,11171808.7748
2026-08-01T22:57:00+05:30,1146.64,141.0214,1005.6169,0.8209,0.0004,1520716.0358,0.0007,11528904.9786
2026-08-01T22:58:00+05:30,1705.24,566.8223,1138.4128,1.7220,0.0013,5140196.2621,0.0009,12727298.5779
2026-08-01T22:59:00+05:30,1392.81,143.6738,1249.1334,0.9902,0.0004,2370100.1617,0.0008,12909741.7129
2026-08-01T23:00:00+05:30,1386.34,132.4613,1253.8744,1.0000,0.0005,1454496.0091,0.0007,13008559.0975
2026-08-01T23:01:00+05:30,1327.14,128.6812,1198.4634,0.9534,0.0005,1455854.9333,0.0007,11964211.2000
2026-08-01T23:02:00+05:30,1262.47,235.0667,1027.4000,0.9012,0.0006,10971272.5333,0.0007,11500544.0000
2026-08-01T23:03:00+05:30,2105.31,738.6695,1366.6428,1.4643,0.0006,38678846.0179,0.0007,17921723.9057
2026-08-01T23:04:00+05:30,1574.22,116.4434,1457.7751,1.1484,0.0005,1302494.0094,0.0007,14770267.0510
2026-08-01T23:05:00+05:30,1367.45,120.5060,1246.9457,0.9896,0.0004,1272806.1602,0.0007,12769091.2364
2026-08-01T23:06:00+05:30,1226.09,124.9958,1101.0966,0.8780,0.0004,1336912.1181,0.0008,10965833.2361
2026-08-01T23:07:00+05:30,1148.35,126.9651,1021.3887,0.8244,0.0005,1399178.7417,0.0007,11293668.7894
2026-08-01T23:08:00+05:30,1356.74,128.4781,1228.2649,0.9945,0.0004,1438152.0211,0.0008,15739346.4627
2026-08-01T23:09:00+05:30,1158.59,123.5171,1035.0740,0.8617,0.0004,1445867.8664,0.0008,16620143.6308
2026-08-01T23:10:00+05:30,1505.25,123.8580,1381.3938,1.1004,0.0005,1388392.3975,0.0008,15833109.1697
2026-08-01T23:11:00+05:30,1550.68,122.4684,1428.2142,1.1278,0.0004,1361851.2110,0.0008,14827900.9851
2026-08-01T23:12:00+05:30,1627.57,541.9062,1085.6624,1.5168,0.0012,4930163.0558,0.0008,11996862.0759
2026-08-01T23:13:00+05:30,1211.43,116.0077,1095.4230,0.8753,0.0004,1321867.3245,0.0008,13931834.3890
2026-08-01T23:14:00+05:30,1231.85,111.6832,1120.1640,0.8982,0.0004,1332643.4070,0.0007,13931368.3228
2026-08-01T23:15:00+05:30,1388.02,109.2585,1278.7569,1.0105,0.0005,1255632.2590,0.0007,13665808.1598
2026-08-01T23:16:00+05:30,1484.25,107.2065,1377.0391,1.0788,0.0005,1243985.5369,0.0008,13774271.6321
2026-08-01T23:17:00+05:30,1766.16,727.6849,1038.4712,1.6051,0.0011,6569289.7720,0.0008,11549392.7190
2026-08-01T23:18:00+05:30,1269.95,103.3977,1166.5528,0.9243,0.0005,1212446.5774,0.0007,12831635.2729
2026-08-01T23:19:00+05:30,1349.60,101.6602,1247.9415,0.9807,0.0004,1219999.3999,0.0008,12860551.0643
2026-08-01T23:20:00+05:30,1402.69,107.3226,1295.3705,1.0205,0.0005,1277461.6295,0.0007,13344166.9139
2026-08-01T23:21:00+05:30,1690.17,518.1554,1172.0183,1.9662,0.0014,4740016.1382,0.0011,11706876.3296
2026-08-01T23:22:00+05:30,1174.98,100.6482,1074.3364,0.8439,0.0003,1246320.8412,0.0008,11781144.6568
2026-08-01T23:23:00+05:30,1309.30,101.7232,1207.5792,0.9548,0.0005,1237093.7089,0.0008,13203174.9354
2026-08-01T23:24:00+05:30,1400.80,102.1884,1298.6149,1.0197,0.0005,1330015.5339,0.0008,13266635.2878
2026-08-01T23:25:00+05:30,1279.37,103.9344,1175.4404,0.9296,0.0005,1371612.9247,0.0007,12352775.3504
2026-08-01T23:26:00+05:30,1284.74,102.8009,1181.9440,0.9295,0.0004,1315344.6373,0.0007,11729246.5696
2026-08-01T23:27:00+05:30,1112.09,100.8899,1011.1989,0.8059,0.0005,1259509.5905,0.0007,11221799.0568
2026-08-01T23:28:00+05:30,1277.31,100.8266,1176.4882,0.9312,0.0005,1265327.6669,0.0008,12955409.8295
2026-08-01T23:29:00+05:30,1431.40,98.9033,1332.4944,1.0454,0.0005,1301479.1160,0.0008,13530016.8672
2026-08-01T23:30:00+05:30,1711.49,514.0238,1197.4669,1.7670,0.0013,4842967.4366,0.0009,12589640.2360
2026-08-01T23:31:00+05:30,1278.53,98.6397,1179.8920,0.9174,0.0004,1303378.2549,0.0008,11786737.4387
2026-08-01T23:32:00+05:30,1104.07,95.1389,1008.9323,0.8004,0.0004,1265994.1673,0.0008,11215382.7387
2026-08-01T23:33:00+05:30,1261.33,92.1500,1169.1833,0.9218,0.0005,1244795.1466,0.0007,12911216.7869
2026-08-01T23:34:00+05:30,1379.59,92.9981,1286.5927,1.0062,0.0004,1249576.2181,0.0007,13115226.5547
2026-08-01T23:35:00+05:30,1308.54,90.3772,1218.1588,0.9553,0.0005,1142302.8687,0.0007,12785790.3422
2026-08-01T23:36:00+05:30,1308.53,95.2929,1213.2380,0.9500,0.0005,1240802.4802,0.0007,12072187.4854
2026-08-01T23:37:00+05:30,1111.89,92.3620,1019.5324,0.8086,0.0005,1234813.9926,0.0007,11351155.1089
2026-08-01T23:38:00+05:30,1271.36,90.5531,1180.8062,0.9298,0.0004,1254259.2235,0.0007,12986865.9223
2026-08-01T23:39:00+05:30,1849.15,510.8107,1338.3400,2.0884,0.0014,4811384.8667,0.0010,13655131.4118
2026-08-01T23:40:00+05:30,1325.11,89.5913,1235.5166,0.9602,0.0003,1228247.1966,0.0008,12839847.9098
2026-08-01T23:41:00+05:30,1242.09,86.9217,1155.1721,0.8953,0.0004,1169359.0064,0.0007,11457396.6158
2026-08-01T23:42:00+05:30,1132.35,85.3925,1046.9534,0.8257,0.0005,1164933.0845,0.0007,11505667.8219
2026-08-01T23:43:00+05:30,1330.70,85.9510,1244.7479,0.9757,0.0005,1197261.8381,0.0007,13501925.5702
2026-08-01T23:44:00+05:30,1372.05,83.6292,1288.4189,1.0040,0.0005,1171056.1139,0.0007,13156513.3743
2026-08-01T23:45:00+05:30,1285.08,89.4672,1195.6116,0.9384,0.0005,1300254.6357,0.0007,12534825.9167
2026-08-01T23:46:00+05:30,1238.71,83.8210,1154.8887,0.9005,0.0005,1117481.9952,0.0007,11493027.4740
2026-08-01T23:47:00+05:30,1092.58,83.5764,1009.0011,0.7966,0.0004,1146175.4175,0.0008,11243961.7295
2026-08-01T23:48:00+05:30,1343.41,81.1297,1262.2844,0.9868,0.0004,1145042.6900,0.0008,13665436.4648
2026-08-01T23:49:00+05:30,1820.00,494.2822,1325.7151,1.8794,0.0014,4635619.3905,0.0009,13534047.6095
2026-08-01T23:50:00+05:30,1291.46,81.9874,1209.4771,0.9377,0.0003,1176225.2113,0.0007,12599721.1861
2026-08-01T23:51:00+05:30,1197.50,78.2948,1119.2087,0.8676,0.0004,1098250.8791,0.0007,11142376.0020
2026-08-01T23:52:00+05:30,1164.88,76.1975,1088.6804,0.8532,0.0004,1075505.4832,0.0007,11857388.2204
2026-08-01T23:53:00+05:30,1326.88,74.8184,1252.0663,0.9768,0.0005,1076641.0158,0.0008,13545719.2848
2026-08-01T23:54:00+05:30,1368.20,75.0996,1293.0968,1.0036,0.0005,1077941.4550,0.0008,13185066.8800
2026-08-01T23:55:00+05:30,1272.26,78.3422,1193.9139,0.9321,0.0005,1158369.4964,0.0007,12508752.3248
2026-08-01T23:56:00+05:30,1198.57,71.2679,1127.3021,0.8747,0.0005,1030861.0287,0.0007,11262737.0246
2026-08-01T23:57:00+05:30,1145.68,72.1656,1073.5159,0.8398,0.0005,1014935.6361,0.0008,11736285.7953
2026-08-01T23:58:00+05:30,2291.25,1046.8786,1244.3756,2.7004,0.0012,9319087.7064,0.0012,13499933.2745
2026-08-01T23:59:00+05:30,1461.82,172.8891,1288.9263,1.3027,0.0014,1856164.2721,0.0009,13228950.8317
2026-08-02T00:00:00+05:30,1255.04,71.2715,1183.7694,0.9159,0.0004,1089304.3377,0.0007,12375368.2281
2026-08-02T00:01:00+05:30,1170.31,63.6645,1106.6464,0.8508,0.0004,916434.1783,0.0007,11034686.6657
2026-08-02T00:02:00+05:30,1148.41,64.5387,1083.8737,0.8426,0.0004,856954.6129,0.0007,11816169.7475
2026-08-02T00:03:00+05:30,1360.25,61.1782,1299.0751,1.0057,0.0005,853344.7104,0.0007,13941376.7082
2026-08-02T00:04:00+05:30,1358.14,59.5236,1298.6182,1.0009,0.0004,885029.3029,0.0008,13229969.3969
2026-08-02T00:05:00+05:30,1249.93,64.5435,1185.3815,0.9193,0.0004,1073130.8391,0.0008,12403429.3142
2026-08-02T00:06:00+05:30,1170.78,57.2448,1113.5394,0.8578,0.0005,849597.8929,0.0007,11092363.1999
2026-08-02T00:07:00+05:30,1147.89,52.9403,1094.9493,0.8469,0.0005,717772.6379,0.0007,11904746.5422
2026-08-02T00:08:00+05:30,1621.22,344.4407,1276.7795,1.4300,0.0011,3243153.1396,0.0009,13758274.9412
2026-08-02T00:09:00+05:30,1430.84,152.5463,1278.2962,1.2389,0.0014,1615383.5489,0.0008,13185723.5035
2026-08-02T00:10:00+05:30,1259.94,55.0713,1204.8671,0.9255,0.0004,1055558.8966,0.0007,12556378.6316
2026-08-02T00:11:00+05:30,1171.57,45.6682,1125.9042,0.8581,0.0004,662765.9383,0.0007,11207489.4411
2026-08-02T00:12:00+05:30,1173.45,44.6592,1128.7952,0.8662,0.0004,630337.6104,0.0008,12188210.7649
2026-08-02T00:13:00+05:30,1316.22,43.6174,1272.6045,0.9776,0.0004,676932.2667,0.0008,13698389.3333
2026-08-02T00:14:00+05:30,1331.45,42.4982,1288.9511,0.9863,0.0005,660711.2489,0.0007,13164577.7355
2026-08-02T00:15:00+05:30,1249.08,45.6234,1203.4559,0.9243,0.0005,731331.0671,0.0008,12568929.4141
2026-08-02T00:16:00+05:30,1148.32,39.2974,1109.0261,0.8468,0.0004,652517.5655,0.0008,11046585.1610
2026-08-02T00:17:00+05:30,1175.85,39.2673,1136.5856,0.8727,0.0004,661504.0000,0.0008,12275029.3333
2026-08-02T00:18:00+05:30,1296.44,38.8846,1257.5586,0.9646,0.0005,669240.4413,0.0007,13582106.0702
2026-08-02T00:19:00+05:30,1750.71,427.7643,1322.9441,1.8051,0.0013,3929898.8949,0.0009,13497336.2001
2026-08-02T00:20:00+05:30,1229.07,40.6847,1188.3896,0.9073,0.0004,652640.2107,0.0008,12444879.4147
2026-08-02T00:21:00+05:30,1176.57,35.8815,1140.6930,0.8659,0.0004,550201.8232,0.0007,11319754.0123
2026-08-02T00:22:00+05:30,1152.40,34.4207,1117.9804,0.8546,0.0003,572073.1419,0.0008,12115743.1034
2026-08-02T00:23:00+05:30,1226.09,33.3772,1192.7147,0.9103,0.0004,612522.9795,0.0008,13023382.5029
2026-08-02T00:24:00+05:30,1216.08,29.2809,1186.8011,0.9010,0.0004,539329.9892,0.0007,12303836.5470
2026-08-02T00:25:00+05:30,1439.84,124.0643,1315.7789,1.0716,0.0007,11431107.3768,0.0007,13554185.3463
2026-08-02T00:26:00+05:30,1498.42,130.2333,1368.1833,1.0877,0.0005,3646812.8198,0.0008,13231634.4061
2026-08-02T00:27:00+05:30,1992.65,994.1680,998.4837,1.2819,0.0005,33467445.2535,0.0008,14653405.3622
2026-08-02T00:28:00+05:30,1629.87,21.7496,1608.1232,1.6789,0.0010,385898.6034,0.0010,19483339.8887
2026-08-02T00:29:00+05:30,1240.81,19.1381,1221.6721,0.9423,0.0005,369967.4580,0.0008,15978660.9763
2026-08-02T00:30:00+05:30,1673.77,325.8008,1347.9652,1.2346,0.0006,24325554.6445,0.0008,17082844.2489
2026-08-02T00:31:00+05:30,1759.05,35.4619,1723.5869,1.3139,0.0004,601543.9017,0.0008,17739436.1512
2026-08-02T00:32:00+05:30,1020.87,19.7206,1001.1502,0.7641,0.0006,417472.8525,0.0007,11546873.0225
2026-08-02T00:33:00+05:30,1345.29,17.7322,1327.5615,1.0097,0.0005,421238.4968,0.0008,14780344.8379
2026-08-02T00:34:00+05:30,1144.90,16.8650,1128.0372,0.8709,0.0004,450856.2477,0.0008,14933478.3855
2026-08-02T00:35:00+05:30,1848.88,589.6765,1259.2043,1.7583,0.0010,6762448.3483,0.0010,16223841.0614
2026-08-02T00:36:00+05:30,1681.46,15.8855,1665.5721,1.2598,0.0005,442214.7917,0.0008,16529288.4170
2026-08-02T00:37:00+05:30,1001.67,18.0812,983.5852,0.7481,0.0005,455839.2161,0.0007,11042803.9863
2026-08-02T00:38:00+05:30,1010.53,16.3948,994.1352,0.7679,0.0005,460373.4755,0.0008,13460703.4988
2026-08-02T00:39:00+05:30,1046.37,15.9416,1030.4324,0.7932,0.0005,446421.5845,0.0008,13453504.5774
2026-08-02T00:40:00+05:30,1793.81,488.8108,1305.0006,1.8179,0.0014,4662022.2622,0.0009,13457924.9483
2026-08-02T00:41:00+05:30,1680.76,341.2296,1339.5292,1.5442,0.0012,3159845.5640,0.0008,13669698.3963
2026-08-02T00:42:00+05:30,1381.40,14.4631,1366.9416,1.0345,0.0005,421570.7811,0.0008,14167494.5348
2026-08-02T00:43:00+05:30,1080.57,13.5029,1067.0645,0.8088,0.0004,409688.7659,0.0007,11823139.8136
2026-08-02T00:44:00+05:30,1178.94,13.0836,1165.8528,0.8785,0.0005,398888.7815,0.0007,12040529.2088
2026-08-02T00:45:00+05:30,1417.55,308.8495,1108.7029,1.0822,0.0008,30918743.8567,0.0008,11933297.6593
2026-08-02T00:46:00+05:30,2649.17,1553.7533,1095.4207,2.8240,0.0012,116414701.5853,0.0009,11146060.8465
2026-08-02T00:47:00+05:30,990.85,14.5522,976.2964,0.7403,0.0004,420032.5377,0.0008,10938392.8524
2026-08-02T00:48:00+05:30,1188.66,13.2485,1175.4129,0.8907,0.0004,400815.1049,0.0007,12978709.8172
2026-08-02T00:49:00+05:30,1244.06,13.1171,1230.9410,0.9289,0.0004,401557.9186,0.0008,12886718.6240
2026-08-02T00:50:00+05:30,1235.11,12.1323,1222.9814,0.9224,0.0005,399811.2126,0.0008,12779828.5448
2026-08-02T00:51:00+05:30,3044.94,1834.7585,1210.1815,2.8025,0.0009,99248049.0732,0.0009,12342484.0645
2026-08-02T00:52:00+05:30,1114.37,85.3596,1029.0142,0.8058,0.0004,1137042.0639,0.0007,11447556.8295
2026-08-02T00:53:00+05:30,1237.19,85.7195,1151.4717,0.9001,0.0004,1140569.2190,0.0008,12780833.4944
2026-08-02T00:54:00+05:30,1550.60,93.6797,1456.9177,1.1359,0.0005,1228329.0620,0.0007,14629994.9678
2026-08-02T00:55:00+05:30,1489.34,106.1639,1383.1798,1.0861,0.0004,1314280.0773,0.0007,13913923.3487
2026-08-02T00:56:00+05:30,2347.79,1276.7079,1071.0820,2.0007,0.0009,71670813.9996,0.0008,10812434.6623
2026-08-02T00:57:00+05:30,1526.57,544.8334,981.7367,1.4748,0.0012,4941600.7065,0.0009,11087272.9333
2026-08-02T00:58:00+05:30,1306.37,128.7484,1177.6207,0.9327,0.0003,1457185.4716,0.0007,12936813.8283
2026-08-02T00:59:00+05:30,1394.39,131.6232,1262.7631,1.0023,0.0005,1484694.1796,0.0008,13008329.6220
2026-08-02T01:00:00+05:30,1321.51,131.6846,1189.8279,0.9516,0.0005,1511836.8218,0.0007,12469496.8671
2026-08-02T01:01:00+05:30,2686.37,1534.8736,1151.4970,2.6197,0.0010,94651010.1189,0.0009,11590163.4688
2026-08-02T01:02:00+05:30,1147.57,127.9372,1019.6314,0.8120,0.0003,1352136.6507,0.0008,11334835.4692
2026-08-02T01:03:00+05:30,1481.57,125.9416,1355.6263,1.0723,0.0004,1364104.5948,0.0007,14393033.9483
2026-08-02T01:04:00+05:30,1552.99,129.1710,1423.8141,1.1263,0.0004,1424749.0792,0.0007,14346410.8402
2026-08-02T01:05:00+05:30,1228.32,129.7639,1098.5519,0.8821,0.0005,1449015.7143,0.0007,11641338.5992
2026-08-02T01:06:00+05:30,1184.28,121.4902,1062.7852,0.8487,0.0004,1401805.2826,0.0007,10762863.1383
2026-08-02T01:07:00+05:30,2100.53,1103.8354,996.6968,1.5727,0.0007,48634507.6659,0.0008,11161516.2910
2026-08-02T01:08:00+05:30,1373.37,128.5614,1244.8099,0.9888,0.0004,1305140.1913,0.0007,13496230.5975
2026-08-02T01:09:00+05:30,1820.57,546.5791,1273.9897,1.9002,0.0013,4883132.8877,0.0009,13210680.6262
2026-08-02T01:10:00+05:30,1410.84,129.6364,1281.2011,1.0114,0.0004,1371293.8981,0.0007,13228768.2207
2026-08-02T01:11:00+05:30,1272.63,134.4468,1138.1805,0.9108,0.0005,1432285.7571,0.0008,11366528.0107
2026-08-02T01:12:00+05:30,1996.02,903.7833,1092.2333,1.4674,0.0007,44884101.6684,0.0007,11981272.7545
2026-08-02T01:13:00+05:30,1411.84,135.4234,1276.4138,1.0159,0.0004,1352566.8283,0.0008,13718940.8804
2026-08-02T01:14:00+05:30,1423.15,136.5212,1286.6262,1.0251,0.0004,1380238.4706,0.0008,13188793.6799
2026-08-02T01:15:00+05:30,1335.81,141.6382,1194.1672,0.9591,0.0005,1455280.0480,0.0008,12466095.8603
2026-08-02T01:16:00+05:30,1230.30,142.7072,1087.5942,0.8760,0.0004,1511093.2756,0.0007,10940869.5942
2026-08-02T01:17:00+05:30,2464.42,1514.4619,949.9542,2.2037,0.0009,94714946.9192,0.0008,10793585.4895
2026-08-02T01:18:00+05:30,1384.78,135.8251,1248.9544,0.9907,0.0004,1348543.0914,0.0007,13507476.6380
2026-08-02T01:19:00+05:30,1525.58,136.6296,1388.9509,1.1031,0.0005,1388298.6647,0.0008,14132145.6982
2026-08-02T01:20:00+05:30,1540.01,268.9648,1271.0475,1.0794,0.0004,2548039.8547,0.0007,12982268.5194
2026-08-02T01:21:00+05:30,1458.80,422.1133,1036.6888,1.6645,0.0016,3871167.8891,0.0010,10605480.1974
2026-08-02T01:22:00+05:30,2194.97,1193.8532,1001.1167,1.7908,0.0008,54538329.7722,0.0008,11327745.0624
2026-08-02T01:23:00+05:30,1413.95,134.2035,1279.7420,1.0100,0.0004,1331945.9252,0.0008,13731851.7778
2026-08-02T01:24:00+05:30,1460.69,135.5054,1325.1896,1.0541,0.0004,1383172.2023,0.0007,13539565.0362
2026-08-02T01:25:00+05:30,1713.16,563.3655,1149.7942,1.7613,0.0013,5076637.2136,0.0009,12120214.5155
2026-08-02T01:26:00+05:30,1372.06,228.0909,1143.9715,0.9482,0.0004,2240983.4339,0.0008,11405751.0083
2026-08-02T01:27:00+05:30,1947.23,974.3316,972.8982,1.4629,0.0007,46321884.9257,0.0008,11087587.1725
2026-08-02T01:28:00+05:30,1423.07,133.9622,1289.1070,1.0184,0.0004,1329198.1134,0.0007,13832029.7328
2026-08-02T01:29:00+05:30,1509.27,136.0893,1373.1789,1.0868,0.0004,1349105.9177,0.0008,14004510.0850
2026-08-02T01:30:00+05:30,1347.14,139.8364,1207.3051,0.9677,0.0004,1459473.8561,0.0007,12478214.8165
2026-08-02T01:31:00+05:30,1275.59,141.0286,1134.5622,0.9109,0.0005,1569219.7130,0.0007,11357267.7789
2026-08-02T01:32:00+05:30,1604.05,609.1956,994.8506,1.2885,0.0008,43863403.8128,0.0008,11221953.3396
2026-08-02T01:33:00+05:30,2627.68,1458.5723,1169.1118,3.9773,0.0018,56329679.5425,0.0013,12945526.0324
2026-08-02T01:34:00+05:30,1468.20,132.2299,1335.9669,1.0551,0.0004,1323937.5281,0.0007,13740494.3745
2026-08-02T01:35:00+05:30,1370.04,137.2771,1232.7612,0.9856,0.0004,1383762.5689,0.0008,12752826.2761
2026-08-02T01:36:00+05:30,1282.13,138.7875,1143.3382,0.9164,0.0005,1458916.6556,0.0007,11442404.5873
2026-08-02T01:37:00+05:30,1157.15,141.1075,1016.0471,0.8533,0.0005,1710818.8635,0.0008,15775094.5509
2026-08-02T01:38:00+05:30,2494.61,1231.7693,1262.8386,2.3222,0.0009,55839643.7096,0.0009,13814407.8939
2026-08-02T01:39:00+05:30,1500.45,135.6059,1364.8441,1.0773,0.0004,1357162.7271,0.0008,14455759.6933
2026-08-02T01:40:00+05:30,1382.36,134.3599,1248.0043,0.9941,0.0005,1364036.3315,0.0007,12559141.6429
2026-08-02T01:41:00+05:30,1252.95,136.1932,1116.7608,0.8985,0.0005,1429432.5284,0.0007,11823127.2436
2026-08-02T01:42:00+05:30,1135.97,136.6871,999.2835,0.8119,0.0004,1453789.2422,0.0007,10978565.8868
2026-08-02T01:43:00+05:30,2136.33,967.2038,1169.1303,1.7236,0.0008,47729079.0741,0.0008,13226557.1683
2026-08-02T01:44:00+05:30,1479.49,131.4693,1348.0225,1.0602,0.0004,1298405.2288,0.0007,13757549.9533
2026-08-02T01:45:00+05:30,1745.92,540.1190,1205.8025,1.8428,0.0013,4844636.5045,0.0009,12703476.8785
2026-08-02T01:46:00+05:30,1300.20,138.7528,1161.4505,0.9192,0.0004,1515982.8017,0.0007,11629087.7579
2026-08-02T01:47:00+05:30,1192.53,138.4064,1054.1257,0.8550,0.0005,1555689.3534,0.0007,11655755.8300
2026-08-02T01:48:00+05:30,2702.53,1583.9472,1118.5794,2.8152,0.0010,94572395.3202,0.0010,12768786.1071
2026-08-02T01:49:00+05:30,1490.19,133.4233,1356.7678,1.0639,0.0004,1326692.4680,0.0008,13802162.1081
2026-08-02T01:50:00+05:30,1367.63,134.2398,1233.3867,0.9849,0.0004,1351705.2540,0.0008,12865839.6627
2026-08-02T01:51:00+05:30,1284.83,132.6345,1152.1989,0.9200,0.0004,1374366.0845,0.0007,11521808.8255
2026-08-02T01:52:00+05:30,1187.17,135.9021,1051.2697,0.8516,0.0004,1424817.3936,0.0007,11612640.7896
2026-08-02T01:53:00+05:30,1704.13,546.3285,1157.8053,1.1639,0.0005,21976502.5159,0.0007,13078768.6361
2026-08-02T01:54:00+05:30,2172.27,867.4811,1304.7884,1.9922,0.0010,37724310.8718,0.0009,13401789.2298
2026-08-02T01:55:00+05:30,1359.52,135.7636,1223.7557,0.9965,0.0004,1384404.7139,0.0007,16711445.1353
2026-08-02T01:56:00+05:30,1297.87,134.0845,1163.7885,0.9297,0.0004,1368997.4663,0.0008,11622379.5173
2026-08-02T01:57:00+05:30,1409.41,194.8370,1214.5690,1.1851,0.0006,8118073.3606,0.0009,27617026.5811
2026-08-02T01:58:00+05:30,2106.43,537.6038,1568.8235,2.3992,0.0014,4820654.8655,0.0010,23040597.3931
2026-08-02T01:59:00+05:30,2066.29,559.4494,1506.8406,1.5812,0.0006,20630164.1420,0.0008,22453293.3393
2026-08-02T02:00:00+05:30,1307.69,173.1276,1134.5622,0.9536,0.0005,1663944.5352,0.0008,16617532.4823
2026-08-02T02:01:00+05:30,1165.71,169.1585,996.5498,0.8269,0.0004,1649296.0864,0.0008,11545550.5034
2026-08-02T02:02:00+05:30,1130.59,163.8839,966.7067,0.8053,0.0005,1622824.9213,0.0008,11780410.7777
2026-08-02T02:03:00+05:30,1316.36,161.9152,1154.4463,0.9426,0.0004,1613857.1881,0.0008,13077412.6473
2026-08-02T02:04:00+05:30,1990.10,467.0244,1523.0779,1.3915,0.0005,18520076.1143,0.0007,15630251.3705
2026-08-02T02:05:00+05:30,1576.70,177.3981,1399.2999,1.1323,0.0004,1742651.8877,0.0007,14459948.4624
2026-08-02T02:06:00+05:30,1178.83,171.1919,1007.6337,0.8309,0.0005,1847320.0993,0.0007,10545611.0139
2026-08-02T02:07:00+05:30,1142.70,165.0833,977.6167,0.8080,0.0004,1810052.5675,0.0007,10800103.2017
2026-08-02T02:08:00+05:30,1542.21,408.1456,1134.0655,1.0894,0.0005,19070368.2448,0.0008,14711103.2012
2026-08-02T02:09:00+05:30,2019.41,667.3558,1352.0497,1.4188,0.0006,35536839.1851,0.0008,17521732.2530
2026-08-02T02:10:00+05:30,1358.61,133.3611,1225.2458,0.9819,0.0005,1410905.1158,0.0008,12973829.1618
2026-08-02T02:11:00+05:30,1390.63,131.2101,1259.4204,1.0080,0.0005,1426951.2699,0.0008,13724371.4419
2026-08-02T02:12:00+05:30,1141.63,131.5088,1010.1173,0.8263,0.0005,1461550.2367,0.0008,12450485.4990
2026-08-02T02:13:00+05:30,1535.49,133.9722,1401.5165,1.1312,0.0005,1520376.7686,0.0008,18034891.7590
2026-08-02T02:14:00+05:30,1170.70,129.3296,1041.3708,0.8846,0.0005,1431763.4430,0.0008,19542127.0127
2026-08-02T02:15:00+05:30,2103.73,595.1262,1508.6009,2.4425,0.0014,5430427.6832,0.0011,20409062.6573
2026-08-02T02:16:00+05:30,2090.59,337.2488,1753.3407,1.5844,0.0006,3206137.8920,0.0008,18330449.6651
2026-08-02T02:17:00+05:30,1630.98,523.1126,1107.8698,1.5606,0.0012,4881074.0636,0.0009,12222656.8204
2026-08-02T02:18:00+05:30,1487.73,125.9436,1361.7837,1.0721,0.0004,1519064.4382,0.0008,14539704.5208
2026-08-02T02:19:00+05:30,1319.68,124.8625,1194.8195,0.9663,0.0004,1532646.1205,0.0008,15067162.7969
2026-08-02T02:20:00+05:30,1448.71,121.9045,1326.8007,1.0556,0.0005,1465221.8982,0.0007,14586824.9646
2026-08-02T02:21:00+05:30,1439.49,121.4344,1318.0568,1.0442,0.0005,1474133.9024,0.0007,13653560.9496
2026-08-02T02:22:00+05:30,1186.07,119.5321,1066.5400,0.8569,0.0005,1478161.2092,0.0008,11797987.1019
2026-08-02T02:23:00+05:30,1355.47,119.1385,1236.3267,0.9912,0.0005,1503737.5475,0.0008,14588705.4744
2026-08-02T02:24:00+05:30,1475.06,135.6457,1339.4142,1.0665,0.0005,1779584.9063,0.0007,13795246.1141
2026-08-02T02:25:00+05:30,1320.52,116.5439,1203.9809,0.9564,0.0005,1479001.1003,0.0008,12690799.0531
2026-08-02T02:26:00+05:30,1227.48,109.4260,1118.0588,0.8847,0.0004,1409090.0788,0.0008,11241933.9033
2026-08-02T02:27:00+05:30,1110.49,109.1573,1001.3334,0.8026,0.0005,1399082.0721,0.0007,11259767.1845
2026-08-02T02:28:00+05:30,1271.91,105.8325,1166.0749,0.9268,0.0005,1404705.6941,0.0007,13073717.5623
2026-08-02T02:29:00+05:30,1397.25,106.3787,1290.8752,1.0173,0.0005,1418911.9509,0.0007,13436356.9953
2026-08-02T02:30:00+05:30,1712.47,511.6826,1200.7866,1.7146,0.0013,4842855.8096,0.0009,12736072.5285
2026-08-02T02:31:00+05:30,1341.36,101.6720,1239.6853,0.9649,0.0004,1336427.0330,0.0007,12423882.3726
2026-08-02T02:32:00+05:30,1134.08,102.9632,1031.1156,0.8161,0.0004,1361942.8686,0.0008,11496133.0622
2026-08-02T02:33:00+05:30,1484.98,102.1333,1382.8500,1.0886,0.0005,1374481.0667,0.0008,14849638.4000
2026-08-02T02:34:00+05:30,1433.99,105.5026,1328.4895,1.0447,0.0004,1413136.3818,0.0008,13675471.5371
2026-08-02T02:35:00+05:30,1248.69,103.5770,1145.1145,0.9064,0.0005,1352338.8282,0.0008,12119776.9147
2026-08-02T02:36:00+05:30,1177.78,98.3732,1079.4053,0.8513,0.0005,1323732.7111,0.0007,10898725.8272
2026-08-02T02:37:00+05:30,1135.99,101.3068,1034.6856,0.8248,0.0004,1355661.5774,0.0007,11512165.8777
2026-08-02T02:38:00+05:30,1325.41,97.0602,1228.3514,0.9703,0.0005,1308038.6641,0.0007,13588666.3556
2026-08-02T02:39:00+05:30,1461.31,104.0487,1357.2642,1.0664,0.0005,1382121.0576,0.0007,13913679.5455
2026-08-02T02:40:00+05:30,1344.24,95.3207,1248.9206,0.9809,0.0005,1284805.3879,0.0008,12973762.1445
2026-08-02T02:41:00+05:30,1276.82,93.6906,1183.1317,0.9274,0.0005,1310498.8418,0.0008,11768414.7516
2026-08-02T02:42:00+05:30,1193.47,91.9230,1101.5421,0.8713,0.0005,1273013.7201,0.0007,12055562.1572
2026-08-02T02:43:00+05:30,1245.29,89.2185,1156.0740,0.9119,0.0005,1245181.2698,0.0008,12927756.8405
2026-08-02T02:44:00+05:30,1793.09,516.4797,1276.6117,2.1201,0.0014,4990615.0743,0.0011,13281424.9371
2026-08-02T02:45:00+05:30,1339.04,91.8542,1247.1884,0.9714,0.0004,1262554.5670,0.0008,13050105.2351
2026-08-02T02:46:00+05:30,1258.14,85.0128,1173.1260,0.9091,0.0004,1179805.3074,0.0007,11698780.1040
2026-08-02T02:47:00+05:30,1189.28,85.7248,1103.5563,0.8677,0.0004,1191680.2986,0.0008,12068817.6516
2026-08-02T02:48:00+05:30,1216.99,85.2323,1131.7575,0.8918,0.0004,1187872.7746,0.0008,12730456.4913
2026-08-02T02:49:00+05:30,1371.37,85.6719,1285.6952,1.0041,0.0004,1240014.5312,0.0007,13320514.9894
2026-08-02T02:50:00+05:30,1388.58,85.6529,1302.9268,1.0181,0.0004,1172060.7364,0.0008,13484569.6952
2026-08-02T02:51:00+05:30,1341.19,83.4611,1257.7313,0.9796,0.0005,1169145.0089,0.0008,12349149.6076
2026-08-02T02:52:00+05:30,1074.24,77.9859,996.2499,0.7848,0.0005,1099676.1225,0.0008,11201772.8591
2026-08-02T02:53:00+05:30,1195.04,79.5606,1115.4821,0.8769,0.0005,1110797.0196,0.0008,12592924.6720
2026-08-02T02:54:00+05:30,1376.68,112.7984,1263.8852,1.0002,0.0005,1751449.1357,0.0007,13107090.7606
2026-08-02T02:55:00+05:30,1457.58,74.9517,1382.6235,1.0728,0.0005,1062239.3894,0.0008,14116187.4990
2026-08-02T02:56:00+05:30,1321.71,71.7644,1249.9500,0.9683,0.0005,1044534.9647,0.0008,12305957.4255
2026-08-02T02:57:00+05:30,1045.75,69.1126,976.6403,0.7666,0.0004,1026218.0013,0.0007,11052402.6792
2026-08-02T02:58:00+05:30,1183.06,66.5478,1116.5086,0.8722,0.0005,997813.6232,0.0007,12636241.2563
2026-08-02T02:59:00+05:30,1653.52,472.7236,1180.7924,1.5573,0.0012,4510058.0362,0.0009,12506395.9865
2026-08-02T03:00:00+05:30,1626.83,61.9083,1564.9253,1.1993,0.0004,918718.7625,0.0008,15594458.9945
2026-08-02T03:01:00+05:30,1172.00,59.7567,1112.2480,0.8542,0.0004,884915.0989,0.0008,11188971.6219
2026-08-02T03:02:00+05:30,1060.13,57.9452,1002.1832,0.7796,0.0005,891488.3760,0.0007,11265655.3287
2026-08-02T03:03:00+05:30,1196.71,57.3419,1139.3709,0.8848,0.0004,878177.5933,0.0007,12774950.9093
2026-08-02T03:04:00+05:30,1299.33,60.2596,1239.0721,0.9572,0.0004,937139.3527,0.0008,12933806.3527
2026-08-02T03:05:00+05:30,1960.00,531.1557,1428.8476,2.1860,0.0014,4938599.4734,0.0010,14500642.7357
2026-08-02T03:06:00+05:30,1480.93,333.8946,1147.0323,1.2334,0.0007,3173136.6455,0.0009,11469619.4732
2026-08-02T03:07:00+05:30,1031.12,55.8138,975.3086,0.7584,0.0004,857894.3019,0.0007,11023030.7231
2026-08-02T03:08:00+05:30,1169.81,52.8649,1116.9461,0.8663,0.0005,802243.1252,0.0008,12611914.5362
2026-08-02T03:09:00+05:30,1244.98,50.2059,1194.7727,0.9188,0.0004,788149.2149,0.0007,12507226.1893
2026-08-02T03:10:00+05:30,1693.55,131.5215,1562.0282,1.2358,0.0005,1639027.9277,0.0008,15659084.7164
2026-08-02T03:11:00+05:30,1179.67,48.9939,1130.6783,0.8682,0.0005,768904.7143,0.0008,11323335.6005
2026-08-02T03:12:00+05:30,1036.85,46.6206,990.2325,0.7664,0.0004,744783.1319,0.0007,11167923.7270
2026-08-02T03:13:00+05:30,1549.21,436.1115,1113.0943,1.5052,0.0013,4053881.5726,0.0009,12641740.1797
2026-08-02T03:14:00+05:30,1239.24,44.6371,1194.5995,0.9133,0.0004,723277.3398,0.0007,12541290.4409
2026-08-02T03:15:00+05:30,1598.69,61.4303,1537.2565,1.1846,0.0004,1344786.0940,0.0008,15432205.4564
2026-08-02T03:16:00+05:30,1184.07,38.0384,1146.0361,0.8723,0.0004,658189.3951,0.0007,11510462.5694
2026-08-02T03:17:00+05:30,1034.93,37.4450,997.4837,0.7649,0.0004,650074.2222,0.0007,11238625.6728
2026-08-02T03:18:00+05:30,1157.12,35.2292,1121.8858,0.8595,0.0005,636454.7545,0.0008,12658173.1160
2026-08-02T03:19:00+05:30,1219.70,31.3427,1188.3565,0.9054,0.0005,589240.0180,0.0007,12450520.7142
2026-08-02T03:20:00+05:30,1659.15,98.4418,1560.7033,1.5527,0.0005,1888986.0512,0.0010,15680775.4020
2026-08-02T03:21:00+05:30,1164.43,28.9261,1135.4995,0.8634,0.0004,569415.9363,0.0008,11385520.4452
2026-08-02T03:22:00+05:30,1023.97,27.2248,996.7490,0.7625,0.0005,563915.3079,0.0008,11223676.4363
2026-08-02T03:23:00+05:30,1130.69,26.9311,1103.7580,0.8441,0.0006,553655.5678,0.0007,12480492.7507
2026-08-02T03:24:00+05:30,1214.07,24.4480,1189.6175,0.9030,0.0005,520703.4198,0.0007,12449781.2146
2026-08-02T03:25:00+05:30,1666.18,57.8304,1608.3529,1.4023,0.0005,1217523.0985,0.0009,16126173.9884
2026-08-02T03:26:00+05:30,1143.40,24.4833,1118.9167,0.8484,0.0005,512546.1333,0.0007,11252258.1333
2026-08-02T03:27:00+05:30,1001.23,22.2485,978.9847,0.7472,0.0005,503782.8109,0.0008,11075849.4075
2026-08-02T03:28:00+05:30,1477.26,395.7635,1081.4959,1.3491,0.0012,3678099.3267,0.0008,12379949.0701
2026-08-02T03:29:00+05:30,1207.52,22.1185,1185.3988,0.8984,0.0005,499480.5567,0.0007,12488242.8202
2026-08-02T03:30:00+05:30,1711.12,46.5380,1664.5831,3.0569,0.0005,972419.3753,0.0018,16724753.0086
2026-08-02T03:31:00+05:30,1031.32,19.8673,1011.4504,0.7647,0.0005,477276.1305,0.0007,10399649.5825
2026-08-02T03:32:00+05:30,992.65,18.6660,973.9842,0.7407,0.0004,472449.9775,0.0007,11035505.8247
2026-08-02T03:33:00+05:30,1130.53,17.5845,1112.9409,0.8460,0.0005,458175.7813,0.0008,12561908.6924
2026-08-02T03:34:00+05:30,1208.38,16.8139,1191.5681,0.9003,0.0005,455323.4574,0.0007,12458157.6044
2026-08-02T03:35:00+05:30,1687.63,30.0398,1657.5925,4.6946,0.0007,706030.3066,0.0029,16809939.7536
2026-08-02T03:36:00+05:30,1022.85,15.4346,1007.4173,0.7597,0.0005,446501.2084,0.0007,10337458.7882
2026-08-02T03:37:00+05:30,991.64,16.4571,975.1811,0.7417,0.0004,454671.4195,0.0007,11058804.2776
2026-08-02T03:38:00+05:30,1127.57,14.4727,1113.0971,0.8459,0.0005,437225.3772,0.0007,12583717.8825
2026-08-02T03:39:00+05:30,1207.19,14.9836,1192.2032,0.9011,0.0005,433493.3333,0.0007,12472115.2000
2026-08-02T03:40:00+05:30,1659.74,15.7513,1643.9870,5.8631,0.0013,409361.0468,0.0036,16960764.8637
2026-08-02T03:41:00+05:30,964.74,15.3474,949.3918,0.7180,0.0005,349398.8335,0.0007,9902409.3318
2026-08-02T03:42:00+05:30,990.25,13.2822,976.9686,0.7411,0.0005,345747.6168,0.0007,11009245.7836
2026-08-02T03:43:00+05:30,1461.79,382.9809,1078.8127,1.3174,0.0011,3462391.0406,0.0008,12301584.1611
2026-08-02T03:44:00+05:30,1194.44,13.0184,1181.4242,0.8913,0.0005,329709.1897,0.0008,12386113.9171
2026-08-02T03:45:00+05:30,1646.54,31.0313,1615.5090,6.9816,0.0009,463969.8692,0.0043,16889131.2391
2026-08-02T03:46:00+05:30,982.95,13.5671,969.3823,0.7304,0.0004,362104.5052,0.0007,10101445.8723
2026-08-02T03:47:00+05:30,992.82,13.7657,979.0514,0.7424,0.0004,399060.3293,0.0008,10986514.4990
2026-08-02T03:48:00+05:30,1123.50,13.1022,1110.4017,0.8423,0.0004,322204.1007,0.0007,12544520.6201
2026-08-02T03:49:00+05:30,1199.90,12.1008,1187.7959,0.8957,0.0004,357462.1398,0.0007,12417098.7216
2026-08-02T03:50:00+05:30,1685.71,303.3914,1382.3181,4.0292,0.0005,5198979.2680,0.0028,14622086.5276
2026-08-02T03:51:00+05:30,1206.68,11.3131,1195.3715,3.4672,0.0008,347771.0097,0.0029,12327717.9607
2026-08-02T03:52:00+05:30,987.15,10.7020,976.4457,0.7392,0.0005,337094.3340,0.0007,10965227.3583
2026-08-02T03:53:00+05:30,1127.38,9.8356,1117.5441,0.8470,0.0004,366950.6885,0.0008,12588784.8498
2026-08-02T03:54:00+05:30,1200.12,10.1993,1189.9207,0.8967,0.0004,388759.2287,0.0007,12371827.2753
2026-08-02T03:55:00+05:30,1651.72,280.0200,1371.7047,3.6731,0.0005,4702096.8822,0.0026,14591236.4067
2026-08-02T03:56:00+05:30,1276.06,10.9863,1265.0707,3.5945,0.0008,376591.0910,0.0029,12876342.4913
2026-08-02T03:57:00+05:30,1449.20,443.7500,1005.4500,1.4289,0.0013,4114432.3072,0.0008,11216809.8802
2026-08-02T03:58:00+05:30,1795.18,721.7306,1073.4463,1.7591,0.0011,6374286.0857,0.0009,12116795.7602
2026-08-02T03:59:00+05:30,1161.11,10.9306,1150.1791,0.8665,0.0004,380212.2101,0.0007,11906422.8206
2026-08-02T04:00:00+05:30,2711.49,1532.3191,1179.1672,2.5522,0.0010,132739039.4428,0.0008,12489076.7359
2026-08-02T04:01:00+05:30,1773.14,434.3564,1338.7793,1.4468,0.0009,23868408.5226,0.0008,13098773.3653
2026-08-02T04:02:00+05:30,1123.65,52.0764,1071.5738,0.8261,0.0004,757100.3016,0.0007,11835937.6760
2026-08-02T04:03:00+05:30,1183.82,54.9879,1128.8274,0.8709,0.0004,798321.9655,0.0008,12701600.8267
2026-08-02T04:04:00+05:30,1359.16,58.0959,1301.0652,1.0027,0.0004,806390.6115,0.0008,13383899.1798
2026-08-02T04:05:00+05:30,1285.54,57.3081,1228.2324,0.9492,0.0004,828837.8077,0.0007,12974591.4113
2026-08-02T04:06:00+05:30,3254.71,1996.3154,1258.3904,3.9436,0.0010,116206509.0782,0.0015,12451009.5867
2026-08-02T04:07:00+05:30,1284.14,179.3906,1104.7459,0.9071,0.0004,1891784.1782,0.0008,12135366.3274
2026-08-02T04:08:00+05:30,1312.73,178.2190,1134.5102,0.9351,0.0004,1936429.9527,0.0008,12709289.5913
2026-08-02T04:09:00+05:30,1368.54,174.6484,1193.8946,0.9739,0.0004,1933025.8786,0.0008,12460683.0081
2026-08-02T04:10:00+05:30,1334.57,167.2752,1167.2918,0.9528,0.0004,1863978.3950,0.0007,12482195.7123
2026-08-02T04:11:00+05:30,2860.32,1576.5712,1283.7525,2.4200,0.0008,96602879.7227,0.0009,12679899.3384
2026-08-02T04:12:00+05:30,1402.35,179.4423,1222.9111,0.9938,0.0004,1805978.5319,0.0007,13105069.9380
2026-08-02T04:13:00+05:30,1286.58,179.9047,1106.6762,0.9144,0.0005,1812738.5385,0.0008,12466775.5020
2026-08-02T04:14:00+05:30,1691.62,559.7587,1131.8658,1.5619,0.0011,5055428.3429,0.0009,11991284.3621
2026-08-02T04:15:00+05:30,1301.33,169.2836,1132.0465,0.9111,0.0004,1770429.4834,0.0007,12269838.9479
2026-08-02T04:16:00+05:30,2734.65,1594.1978,1140.4552,2.6054,0.0009,81500319.1975,0.0010,11625410.7610
2026-08-02T04:17:00+05:30,1721.48,727.3621,994.1155,1.3449,0.0008,31879385.0668,0.0008,12310806.0080
2026-08-02T04:18:00+05:30,2423.40,626.0209,1797.3766,1.7419,0.0006,35653386.8462,0.0007,22559198.9066
2026-08-02T04:19:00+05:30,1744.57,148.8475,1595.7234,1.3176,0.0005,1519019.2327,0.0008,18920022.1326
2026-08-02T04:20:00+05:30,1402.40,151.4631,1250.9332,1.0082,0.0004,1530471.1372,0.0007,13404420.7439
2026-08-02T04:21:00+05:30,1260.36,152.5356,1107.8252,0.9084,0.0005,1570909.4789,0.0008,13265670.2564
2026-08-02T04:22:00+05:30,2744.68,1671.5824,1073.1020,2.7003,0.0010,115281333.3556,0.0010,13170253.1869
2026-08-02T04:23:00+05:30,1617.91,151.2641,1466.6422,1.1778,0.0004,1394459.9590,0.0008,17942297.2284
2026-08-02T04:24:00+05:30,1368.07,171.2948,1196.7798,1.0080,0.0005,1642236.7785,0.0008,18727643.5822
2026-08-02T04:25:00+05:30,1681.24,152.5384,1528.7010,1.2387,0.0005,1416467.6234,0.0007,19694279.6473
2026-08-02T04:26:00+05:30,1566.99,158.4368,1408.5493,1.1332,0.0005,1562357.2702,0.0008,15484525.0896
2026-08-02T04:27:00+05:30,2782.56,1709.6403,1072.9191,2.6196,0.0010,92574119.4040,0.0008,14673453.3818
2026-08-02T04:28:00+05:30,1362.87,144.7572,1218.1109,0.9881,0.0004,1399922.9308,0.0007,16538560.8854
2026-08-02T04:29:00+05:30,1235.64,148.6586,1086.9855,0.9058,0.0005,1554130.6137,0.0008,15897058.6412
2026-08-02T04:30:00+05:30,1620.19,148.7840,1471.4050,1.1794,0.0005,1562097.5431,0.0007,16495695.4362
2026-08-02T04:31:00+05:30,1337.08,148.0771,1189.0013,0.9586,0.0004,1593363.0499,0.0008,12540428.1452
2026-08-02T04:32:00+05:30,2735.02,1743.8088,991.2066,2.3927,0.0009,117747124.3234,0.0008,11319953.7680
2026-08-02T04:33:00+05:30,1353.84,139.3305,1214.5085,0.9633,0.0003,1372393.3212,0.0007,13495462.8947
2026-08-02T04:34:00+05:30,1482.42,140.0647,1342.3544,1.0700,0.0005,1372887.2965,0.0007,13927847.0845
2026-08-02T04:35:00+05:30,1403.55,145.0516,1258.4972,1.0088,0.0005,1459098.9154,0.0008,12953435.3643
2026-08-02T04:36:00+05:30,1301.70,142.1380,1159.5573,0.9314,0.0004,1478492.8155,0.0008,11688040.8068
2026-08-02T04:37:00+05:30,1617.36,613.0102,1004.3501,1.5761,0.0011,5529873.0667,0.0009,11474329.6000
2026-08-02T04:38:00+05:30,2946.83,1717.8124,1229.0139,3.2876,0.0010,84489422.0563,0.0012,13518192.8257
2026-08-02T04:39:00+05:30,1422.59,137.5281,1285.0571,1.0182,0.0004,1354819.2153,0.0007,13344600.5934
2026-08-02T04:40:00+05:30,1304.71,137.9983,1166.7111,0.9386,0.0005,1399666.3167,0.0008,12420690.4964
2026-08-02T04:41:00+05:30,1280.23,135.4870,1144.7384,0.9177,0.0005,1488939.3566,0.0007,11630960.3601
2026-08-02T04:42:00+05:30,1141.41,136.5318,1004.8827,0.8182,0.0005,1534976.1365,0.0007,11400856.4191
2026-08-02T04:43:00+05:30,2799.38,1656.8895,1142.4905,2.6461,0.0010,116640946.5878,0.0009,12928629.2809
2026-08-02T04:44:00+05:30,1371.23,126.3211,1244.9075,0.9798,0.0004,1262686.9593,0.0007,13066177.8659
2026-08-02T04:45:00+05:30,1417.40,125.1396,1292.2590,1.0262,0.0005,1244329.3726,0.0008,13478812.7656
2026-08-02T04:46:00+05:30,1364.03,129.2731,1234.7617,0.9818,0.0005,1332427.1547,0.0007,12410203.4435
2026-08-02T04:47:00+05:30,1161.67,128.5043,1033.1678,0.8355,0.0004,1369452.1575,0.0008,11596993.2832
2026-08-02T04:48:00+05:30,2826.56,1596.5266,1230.0372,3.5836,0.0012,81691166.3194,0.0014,13922467.7745
2026-08-02T04:49:00+05:30,1449.13,131.3693,1317.7592,1.0344,0.0003,1299379.2678,0.0007,13642185.5265
2026-08-02T04:50:00+05:30,1296.36,131.3899,1164.9749,0.9317,0.0004,1306326.2109,0.0007,12378661.1554
2026-08-02T04:51:00+05:30,1260.58,133.0900,1127.4912,0.9023,0.0004,1346654.4467,0.0007,11408545.2334
2026-08-02T04:52:00+05:30,1568.37,555.8704,1012.5027,1.4589,0.0011,5101427.7522,0.0008,11403087.0174
2026-08-02T04:53:00+05:30,1777.30,581.6197,1195.6841,1.2570,0.0006,21465947.6754,0.0008,13630376.8039
2026-08-02T04:54:00+05:30,3110.79,1796.8495,1313.9357,3.9145,0.0012,99300125.0229,0.0013,13685879.7446
2026-08-02T04:55:00+05:30,1369.94,139.3732,1230.5718,0.9741,0.0004,1370385.8245,0.0007,12930417.4293
2026-08-02T04:56:00+05:30,1268.59,142.3667,1126.2186,0.9057,0.0004,1419234.9559,0.0007,11388350.2925
2026-08-02T04:57:00+05:30,1254.73,141.9738,1112.7556,0.9011,0.0004,1465236.8825,0.0007,12221845.1897
2026-08-02T04:58:00+05:30,1306.09,140.1854,1165.9055,0.9428,0.0004,1455298.0397,0.0008,13278271.7696
2026-08-02T04:59:00+05:30,2844.38,1611.2055,1233.1767,3.0721,0.0011,82665465.7201,0.0010,13040428.2238
2026-08-02T05:00:00+05:30,1341.87,139.7287,1202.1433,0.9562,0.0004,1364241.1213,0.0007,12741199.7400
2026-08-02T05:01:00+05:30,1304.31,140.7742,1163.5367,0.9329,0.0004,1402554.5983,0.0008,11735550.8823
2026-08-02T05:02:00+05:30,1222.28,142.3786,1079.8973,0.8769,0.0004,1448024.2659,0.0007,11986134.8622
2026-08-02T05:03:00+05:30,1376.62,144.8860,1231.7309,0.9944,0.0005,1563063.2595,0.0008,13805795.6694
2026-08-02T05:04:00+05:30,2912.59,1648.6851,1263.9069,2.9486,0.0010,117140944.7564,0.0010,13254406.7192
2026-08-02T05:05:00+05:30,1382.08,141.2255,1240.8504,0.9821,0.0004,1375418.4146,0.0007,13017472.3714
2026-08-02T05:06:00+05:30,1258.99,143.2190,1115.7749,0.8986,0.0005,1407831.5032,0.0007,11314318.6976
2026-08-02T05:07:00+05:30,1233.03,145.9736,1087.0609,0.8837,0.0004,1463471.5019,0.0007,12027443.5038
2026-08-02T05:08:00+05:30,1393.54,146.4809,1247.0625,1.0068,0.0005,1520179.7273,0.0007,13888458.6514
2026-08-02T05:09:00+05:30,2186.54,946.3202,1240.2173,1.8532,0.0008,43250467.0355,0.0009,13025435.6376
2026-08-02T05:10:00+05:30,2070.96,887.2742,1183.6878,2.1899,0.0011,42206418.7457,0.0010,12603239.7047
2026-08-02T05:11:00+05:30,1656.66,534.1091,1122.5493,1.5241,0.0011,4716767.4585,0.0008,11433360.7402
2026-08-02T05:12:00+05:30,1248.72,146.1813,1102.5436,0.8820,0.0003,1443301.6635,0.0007,12148039.3373
2026-08-02T05:13:00+05:30,1413.96,149.2226,1264.7348,1.0194,0.0004,1533534.3187,0.0008,14036125.3770
2026-08-02T05:14:00+05:30,1412.70,144.6950,1268.0098,1.0166,0.0005,1538977.6867,0.0007,13221884.4507
2026-08-02T05:15:00+05:30,3038.39,1846.3141,1192.0783,2.6917,0.0009,119904919.2828,0.0008,12695880.0240
2026-08-02T05:16:00+05:30,1276.05,146.1512,1129.8955,0.9047,0.0004,1422697.4108,0.0008,11433138.6652
2026-08-02T05:17:00+05:30,1212.10,147.1858,1064.9177,0.8674,0.0004,1456517.8839,0.0008,11855925.8642
2026-08-02T05:18:00+05:30,1467.39,150.4342,1316.9536,1.0610,0.0005,1505225.7226,0.0007,14491527.0194
2026-08-02T05:19:00+05:30,1422.41,145.9635,1276.4476,1.0233,0.0004,1519944.0131,0.0007,13246445.1628
2026-08-02T05:20:00+05:30,2761.90,1618.8897,1143.0143,2.9326,0.0010,84302808.2865,0.0011,12280900.3850
2026-08-02T05:21:00+05:30,1321.77,150.4091,1171.3581,0.9972,0.0004,1468113.3258,0.0008,17903924.2717
2026-08-02T05:22:00+05:30,1280.77,148.6279,1132.1396,0.9188,0.0004,1451375.1459,0.0007,12440826.6480
2026-08-02T05:23:00+05:30,1435.59,153.7052,1281.8817,1.0359,0.0005,1526026.3618,0.0008,14223346.5198
2026-08-02T05:24:00+05:30,1464.51,151.1076,1313.3990,1.0537,0.0005,1552897.1265,0.0007,13682030.0020
2026-08-02T05:25:00+05:30,2025.85,861.8690,1163.9806,1.6468,0.0008,62293236.6254,0.0008,12463234.6922
2026-08-02T05:26:00+05:30,2212.88,1160.7705,1052.1071,3.8864,0.0025,58076913.0993,0.0009,10927831.2309
2026-08-02T05:27:00+05:30,1288.98,178.2881,1110.6926,0.9120,0.0004,1592240.3880,0.0008,12223559.4887
2026-08-02T05:28:00+05:30,1500.18,155.7342,1344.4493,1.0835,0.0004,1529358.1885,0.0008,14636435.2553
2026-08-02T05:29:00+05:30,1789.76,539.9137,1249.8459,1.7496,0.0012,4833058.8823,0.0009,13102245.3264
2026-08-02T05:30:00+05:30,1293.36,157.1895,1136.1743,0.9121,0.0004,1592623.4251,0.0008,12190453.4364
2026-08-02T05:31:00+05:30,2877.51,1795.2591,1082.2498,2.8132,0.0010,85243203.3073,0.0010,11082852.3038
2026-08-02T05:32:00+05:30,1240.12,156.7964,1083.3236,0.8746,0.0004,1500241.7575,0.0007,11998315.5649
2026-08-02T05:33:00+05:30,1534.63,157.4860,1377.1396,1.1090,0.0005,1539575.5263,0.0007,14900131.0022
2026-08-02T05:34:00+05:30,1422.42,161.0145,1261.4028,1.0186,0.0005,1612748.3794,0.0008,13185124.1355
2026-08-02T05:35:00+05:30,1315.51,160.0127,1155.4971,0.9397,0.0004,1645907.4565,0.0007,12331338.4987
2026-08-02T05:36:00+05:30,2944.58,1874.3853,1070.1915,4.3682,0.0018,120118564.2325,0.0008,10976171.2200
2026-08-02T05:37:00+05:30,1225.16,156.9157,1068.2402,0.8605,0.0004,1504542.9876,0.0007,11844495.3829
2026-08-02T05:38:00+05:30,1526.05,159.7500,1366.3000,1.1013,0.0004,1552657.0667,0.0008,14791953.0667
2026-08-02T05:39:00+05:30,1472.29,162.0351,1310.2506,1.0559,0.0005,1632678.0136,0.0007,13561654.0917
2026-08-02T05:40:00+05:30,1353.24,162.1901,1191.0491,0.9669,0.0004,1678025.0600,0.0008,12583720.6078
2026-08-02T05:41:00+05:30,1750.84,669.7722,1081.0653,1.1933,0.0006,30668526.9333,0.0008,11034624.0000
2026-08-02T05:42:00+05:30,2308.54,1286.8096,1021.7341,2.2824,0.0010,55438645.5774,0.0009,11481142.8190
2026-08-02T05:43:00+05:30,1463.55,163.8746,1299.6783,1.0468,0.0004,1562994.9826,0.0008,14216686.1029
2026-08-02T05:44:00+05:30,1537.63,167.2192,1370.4080,1.1304,0.0005,1680518.7431,0.0008,18817633.5344
2026-08-02T05:45:00+05:30,1351.71,166.7778,1184.9345,0.9647,0.0005,1673392.0872,0.0008,12548255.3560
2026-08-02T05:46:00+05:30,1232.12,161.9086,1070.2132,0.8847,0.0005,1741736.9132,0.0008,13016505.4414
2026-08-02T05:47:00+05:30,3332.67,2273.0606,1059.6060,5.3480,0.0017,124021005.6507,0.0014,13485059.1236
2026-08-02T05:48:00+05:30,1818.71,171.9081,1646.8010,2.1135,0.0005,2376477.3015,0.0012,38793292.1805
2026-08-02T05:49:00+05:30,1452.53,170.1610,1282.3739,1.1579,0.0004,1671590.1470,0.0008,21638037.1321
2026-08-02T05:50:00+05:30,1287.89,169.2223,1118.6706,0.9416,0.0005,1693371.0686,0.0008,16777918.3626
2026-08-02T05:51:00+05:30,1246.87,169.1336,1077.7411,0.9029,0.0005,1677479.7480,0.0008,14937011.5678
2026-08-02T05:52:00+05:30,2184.40,1067.8830,1116.5209,2.3099,0.0012,26451840.3732,0.0009,13952744.3472
2026-08-02T05:53:00+05:30,1825.28,350.6260,1474.6528,5.7665,0.0008,3155013.1862,0.0037,16253445.8466
2026-08-02T05:54:00+05:30,1333.69,202.4361,1131.2527,0.9388,0.0004,1966748.8461,0.0008,11940541.2647
2026-08-02T05:55:00+05:30,1321.09,198.0132,1123.0749,0.9302,0.0005,1963002.3335,0.0007,11733296.3531
2026-08-02T05:56:00+05:30,1237.50,191.2904,1046.2144,0.8718,0.0004,1925228.5386,0.0007,11461809.8428
2026-08-02T05:57:00+05:30,1538.10,541.1680,996.9332,1.0143,0.0005,13610664.5332,0.0007,11128432.6883
2026-08-02T05:58:00+05:30,1851.50,193.5613,1657.9351,1.3364,0.0004,1935314.2705,0.0007,17148297.2739
2026-08-02T05:59:00+05:30,1540.08,189.1577,1350.9260,1.0996,0.0004,1898944.0555,0.0008,14040824.1648
2026-08-02T06:00:00+05:30,1217.03,190.4683,1026.5622,0.8553,0.0004,1912240.2266,0.0008,10985074.7542
2026-08-02T06:01:00+05:30,1171.84,180.9255,990.9145,0.8223,0.0005,1851619.2445,0.0008,10271409.9957
2026-08-02T06:02:00+05:30,1271.95,257.7522,1014.1965,0.8987,0.0005,9007241.5230,0.0007,11474328.2179
2026-08-02T06:03:00+05:30,1804.56,220.5424,1584.0181,1.3006,0.0005,5791560.4747,0.0007,16529700.4934
2026-08-02T06:04:00+05:30,1561.86,181.1075,1380.7508,1.1173,0.0005,1843619.8890,0.0008,14184942.3766
2026-08-02T06:05:00+05:30,1178.07,171.1338,1006.9340,0.8329,0.0005,1776749.4083,0.0007,11047402.3402
2026-08-02T06:06:00+05:30,1513.56,537.5206,976.0361,1.3402,0.0010,4890121.7525,0.0008,10242218.4079
2026-08-02T06:07:00+05:30,1136.24,157.2219,979.0160,0.7970,0.0004,1667332.3777,0.0007,11192488.2829
2026-08-02T06:08:00+05:30,2195.69,396.1406,1799.5467,1.6004,0.0005,10758825.7566,0.0008,18480258.0989
2026-08-02T06:09:00+05:30,1477.09,173.8152,1303.2723,1.0574,0.0005,1827461.9103,0.0007,13693367.0278
2026-08-02T06:10:00+05:30,1146.44,176.4039,970.0383,0.8067,0.0004,1843401.3565,0.0007,10497292.6061
2026-08-02T06:11:00+05:30,1146.36,171.2623,975.0934,0.8059,0.0004,1852022.4060,0.0007,10157443.5850
2026-08-02T06:12:00+05:30,1140.44,163.8123,976.6268,0.8088,0.0004,1797608.1430,0.0007,11138224.0658
2026-08-02T06:13:00+05:30,2155.28,401.8970,1753.3840,1.9399,0.0005,4277079.4159,0.0011,18241975.8618
2026-08-02T06:14:00+05:30,1534.50,169.0608,1365.4346,1.1024,0.0005,1845988.3680,0.0007,14176854.8336
2026-08-02T06:15:00+05:30,1133.32,166.0082,967.3118,0.8006,0.0005,1841465.7954,0.0008,10588547.8064
2026-08-02T06:16:00+05:30,1135.04,162.0076,973.0293,0.8005,0.0005,1798307.1845,0.0007,10193775.7626
2026-08-02T06:17:00+05:30,1136.13,154.7089,981.4176,0.8085,0.0005,1731058.9961,0.0008,11227616.2922
2026-08-02T06:18:00+05:30,1870.58,172.2132,1698.3685,4.3323,0.0009,2212332.8278,0.0025,17889309.1806
2026-08-02T06:19:00+05:30,1523.87,162.3054,1361.5621,1.0953,0.0005,1840052.8018,0.0007,14051113.7038
2026-08-02T06:20:00+05:30,1127.61,155.5681,972.0467,0.8000,0.0004,1794325.6047,0.0007,10704165.0859
2026-08-02T06:21:00+05:30,1116.00,149.6775,966.3217,0.7899,0.0005,1750982.1527,0.0007,10101405.3225
2026-08-02T06:22:00+05:30,1126.33,145.0452,981.2840,0.8041,0.0005,1695619.2127,0.0007,11192834.3722
2026-08-02T06:23:00+05:30,1928.23,185.4859,1742.7438,4.3261,0.0008,2394244.2359,0.0024,18481336.6454
2026-08-02T06:24:00+05:30,1470.10,145.0420,1325.0533,1.0600,0.0005,1707622.0179,0.0007,13755009.9960
2026-08-02T06:25:00+05:30,1460.49,508.9120,951.5798,1.2879,0.0011,4784073.3639,0.0008,10596193.2138
2026-08-02T06:26:00+05:30,1113.36,140.7721,972.5920,0.7785,0.0004,1660498.1172,0.0008,10228056.9163
2026-08-02T06:27:00+05:30,1107.82,129.4904,978.3294,0.7945,0.0004,1536665.7110,0.0007,11184831.6053
2026-08-02T06:28:00+05:30,1878.91,153.7436,1725.1650,6.1249,0.0011,2026494.5663,0.0035,18632649.1099
2026-08-02T06:29:00+05:30,1395.42,132.3745,1263.0491,1.0075,0.0005,1573877.5728,0.0008,13225732.3134
2026-08-02T06:30:00+05:30,1108.59,127.8560,980.7349,0.7943,0.0005,1523627.9039,0.0007,10820618.2048
2026-08-02T06:31:00+05:30,1093.10,126.7063,966.3983,0.7798,0.0005,1517054.7370,0.0007,10104003.7336
2026-08-02T06:32:00+05:30,1100.58,119.4948,981.0868,0.7927,0.0005,1456792.3749,0.0007,11199432.6468
2026-08-02T06:33:00+05:30,1632.86,130.9885,1501.8670,3.9422,0.0008,1770791.1319,0.0026,16626796.7328
2026-08-02T06:34:00+05:30,1569.96,108.9924,1460.9717,3.7293,0.0008,1354728.3607,0.0025,15146290.4575
2026-08-02T06:35:00+05:30,1088.54,108.7409,979.8017,0.7853,0.0005,1323807.2129,0.0007,10825688.9541
2026-08-02T06:36:00+05:30,1079.03,106.3379,972.6945,0.7755,0.0004,1331580.6565,0.0007,10167043.6913
2026-08-02T06:37:00+05:30,1068.28,96.4393,971.8413,0.7755,0.0004,1225926.7874,0.0007,11106570.4717
2026-08-02T06:38:00+05:30,1814.43,114.5773,1699.8516,7.4373,0.0012,1613828.2342,0.0043,18633361.4552
2026-08-02T06:39:00+05:30,1337.74,96.0846,1241.6528,0.9752,0.0005,1205139.4392,0.0007,13016584.2150
2026-08-02T06:40:00+05:30,1070.72,90.9652,979.7503,0.7773,0.0005,1144744.6543,0.0007,10836743.1209
2026-08-02T06:41:00+05:30,1053.89,87.9701,965.9218,0.7625,0.0005,1135309.1703,0.0008,10132052.4588
2026-08-02T06:42:00+05:30,1060.74,86.3998,974.3402,0.7728,0.0004,1098198.9396,0.0007,11129431.1914
2026-08-02T06:43:00+05:30,2285.16,569.6361,1715.5236,8.1184,0.0007,9369111.1296,0.0045,18751531.8192
2026-08-02T06:44:00+05:30,1329.77,88.1181,1241.6540,0.9717,0.0004,1098702.0450,0.0008,13013686.7614
2026-08-02T06:45:00+05:30,1419.12,456.7062,962.4148,1.2492,0.0011,4250153.8410,0.0008,10829682.8175
2026-08-02T06:46:00+05:30,1058.68,85.3553,973.3202,0.7593,0.0004,1066797.4937,0.0007,10173926.6764
2026-08-02T06:47:00+05:30,1088.20,82.7624,1005.4341,0.7905,0.0004,1036767.5690,0.0007,11408061.8749
2026-08-02T06:48:00+05:30,1924.36,764.8823,1159.4727,1.3723,0.0006,13132811.9459,0.0008,13424905.5396
2026-08-02T06:49:00+05:30,1821.43,75.7694,1745.6633,9.1519,0.0016,1065310.8263,0.0052,17834469.0140
2026-08-02T06:50:00+05:30,1054.54,77.9026,976.6326,0.7692,0.0005,1069364.7122,0.0007,10784990.9664
2026-08-02T06:51:00+05:30,1040.29,74.7279,965.5615,0.7562,0.0005,1058446.2744,0.0007,10107745.4242
2026-08-02T06:52:00+05:30,1492.94,522.5602,970.3809,1.4221,0.0012,4920716.3144,0.0008,11118650.5767
2026-08-02T06:53:00+05:30,1488.58,317.9554,1170.6236,1.0193,0.0004,5910097.8657,0.0008,13486411.4893
2026-08-02T06:54:00+05:30,2163.29,400.1000,1763.1877,7.6967,0.0012,3706538.8886,0.0041,18027753.9806
2026-08-02T06:55:00+05:30,1040.94,65.3181,975.6224,0.7626,0.0005,945325.2687,0.0007,10783846.9716
2026-08-02T06:56:00+05:30,1068.07,61.8478,1006.2181,0.7811,0.0005,914235.7217,0.0007,10441775.0809
2026-08-02T06:57:00+05:30,1028.89,56.8034,972.0898,0.7577,0.0005,851086.7464,0.0007,11104395.6410
2026-08-02T06:58:00+05:30,1761.37,561.8284,1199.5369,1.2549,0.0005,26197464.1167,0.0008,19502194.9757
2026-08-02T06:59:00+05:30,4425.13,2663.5759,1761.5530,7.5836,0.0017,191193252.4848,0.0018,22645899.0061
2026-08-02T07:00:00+05:30,1862.06,209.9027,1652.1565,4.2573,0.0006,3642398.2401,0.0025,22670872.6085
2026-08-02T07:01:00+05:30,1277.76,53.6607,1224.0948,0.9551,0.0005,658506.4097,0.0007,14775766.7495
2026-08-02T07:02:00+05:30,1293.69,52.8149,1240.8753,0.9660,0.0005,657648.1843,0.0007,14794694.9319
2026-08-02T07:03:00+05:30,1673.20,105.3562,1567.8397,1.2462,0.0005,1282189.2743,0.0008,19988236.9180
2026-08-02T07:04:00+05:30,2808.36,1596.4874,1211.8708,3.0611,0.0010,108071185.1099,0.0012,21165931.3815
2026-08-02T07:05:00+05:30,1416.57,66.9078,1349.6575,1.0824,0.0004,805585.8114,0.0008,22277974.1299
2026-08-02T07:06:00+05:30,1697.13,56.1045,1641.0278,1.2793,0.0004,675625.3478,0.0008,21681164.8143
2026-08-02T07:07:00+05:30,1290.22,56.4446,1233.7801,0.9654,0.0004,696732.4131,0.0008,14798599.1865
2026-08-02T07:08:00+05:30,1627.55,53.4402,1574.1114,1.2129,0.0004,662201.7963,0.0007,17246459.4824
2026-08-02T07:09:00+05:30,2919.40,1583.8775,1335.5268,4.5956,0.0019,79086937.3136,0.0012,18779616.5187
2026-08-02T07:10:00+05:30,2034.50,852.0315,1182.4639,3.6962,0.0030,31810429.6504,0.0009,16651494.1563
2026-08-02T07:11:00+05:30,1619.83,172.1586,1447.6724,1.1641,0.0005,1702274.5516,0.0007,15087461.2974
2026-08-02T07:12:00+05:30,1619.44,540.8063,1078.6294,1.5345,0.0011,4880741.2839,0.0009,12070039.0641
2026-08-02T07:13:00+05:30,1202.51,167.9972,1034.5161,0.8614,0.0004,1753946.2342,0.0008,14501851.1025
2026-08-02T07:14:00+05:30,1211.27,158.7098,1052.5588,0.8771,0.0004,1677728.1547,0.0007,14261781.7636
2026-08-02T07:15:00+05:30,3572.49,2183.4364,1389.0565,8.9523,0.0027,133607098.9033,0.0023,14824942.1647
2026-08-02T07:16:00+05:30,1380.85,162.1869,1218.6599,0.9766,0.0004,1630428.0477,0.0007,12838119.3095
2026-08-02T07:17:00+05:30,1235.07,161.3328,1073.7407,0.8804,0.0005,1637840.1480,0.0007,11991073.6253
2026-08-02T07:18:00+05:30,1368.79,154.5282,1214.2595,0.9916,0.0005,1611217.5725,0.0008,14658646.2677
2026-08-02T07:19:00+05:30,1441.20,152.4935,1288.7026,1.0362,0.0005,1634208.1472,0.0007,13584880.0587
2026-08-02T07:20:00+05:30,2955.10,1847.1102,1107.9928,6.6553,0.0027,87839721.0806,0.0015,12161508.1913
2026-08-02T07:21:00+05:30,1321.91,147.8549,1174.0558,0.9306,0.0004,1435559.3186,0.0008,11916480.4160
2026-08-02T07:22:00+05:30,1232.10,150.3358,1081.7680,0.8786,0.0004,1469235.2000,0.0008,12072345.6000
2026-08-02T07:23:00+05:30,1512.93,151.2692,1361.6560,1.0949,0.0005,1522440.3073,0.0007,14954267.3711
2026-08-02T07:24:00+05:30,1423.01,152.2964,1270.7139,1.0213,0.0005,1560504.4661,0.0007,13299031.0625
2026-08-02T07:25:00+05:30,1296.22,148.5833,1147.6333,0.9286,0.0004,1554158.9333,0.0007,12347665.0667
2026-08-02T07:26:00+05:30,2692.23,1612.1149,1080.1107,4.2369,0.0020,113918327.2436,0.0010,11159196.6929
2026-08-02T07:27:00+05:30,1183.73,146.4598,1037.2692,0.8404,0.0004,1432125.3417,0.0007,11705646.5098
2026-08-02T07:28:00+05:30,1350.40,145.4948,1204.9026,0.9745,0.0005,1442394.8408,0.0008,13643777.4334
2026-08-02T07:29:00+05:30,1646.62,150.5142,1496.1084,1.1907,0.0005,1523891.4018,0.0007,15147916.0681
2026-08-02T07:30:00+05:30,1279.34,151.2283,1128.1124,0.9152,0.0004,1573903.8032,0.0007,12164782.7739
2026-08-02T07:31:00+05:30,2614.81,1564.3342,1050.4774,4.1611,0.0020,89591586.9746,0.0009,10928195.7138
2026-08-02T07:32:00+05:30,1201.26,143.8169,1057.4467,0.8492,0.0004,1396447.4377,0.0007,11865535.5583
2026-08-02T07:33:00+05:30,1758.00,525.5412,1232.4628,1.8532,0.0012,4637755.2374,0.0010,13919819.2030
2026-08-02T07:34:00+05:30,1594.78,148.9656,1445.8133,1.1471,0.0004,1483663.1326,0.0007,14790678.6691
2026-08-02T07:35:00+05:30,1281.09,147.2107,1133.8810,0.9177,0.0005,1511430.5519,0.0007,12201802.1861
2026-08-02T07:36:00+05:30,2693.96,1632.3267,1061.6287,4.1325,0.0019,116287825.1716,0.0009,10983865.1476
2026-08-02T07:37:00+05:30,1165.71,147.6818,1018.0287,0.8194,0.0003,1435102.8686,0.0007,11583018.0120
2026-08-02T07:38:00+05:30,1461.40,150.5676,1310.8363,1.0553,0.0005,1461189.3189,0.0008,14498490.9158
2026-08-02T07:39:00+05:30,1558.01,150.4358,1407.5735,1.1245,0.0004,1498503.2834,0.0007,14464823.4941
2026-08-02T07:40:00+05:30,1309.23,153.9987,1155.2316,0.9370,0.0004,1561762.0793,0.0008,12400602.4658
2026-08-02T07:41:00+05:30,1381.68,293.6853,1087.9956,0.9454,0.0005,2933067.2133,0.0007,11210396.2802
2026-08-02T07:42:00+05:30,2670.28,1654.4585,1015.8201,3.9172,0.0018,87965130.0927,0.0008,11524762.5525
2026-08-02T07:43:00+05:30,1428.24,149.9125,1278.3232,1.0252,0.0004,1452177.2177,0.0008,14222529.4529
2026-08-02T07:44:00+05:30,1539.11,151.2576,1387.8527,1.1096,0.0005,1501234.0411,0.0007,14274831.0277
2026-08-02T07:45:00+05:30,1364.38,155.3511,1209.0291,0.9781,0.0004,1565198.1469,0.0007,12809505.1828
2026-08-02T07:46:00+05:30,1240.82,150.8698,1089.9487,0.8830,0.0004,1574418.5566,0.0008,11181736.6816
2026-08-02T07:47:00+05:30,2667.00,1641.6642,1025.3359,4.1549,0.0019,118572628.7857,0.0010,11622481.0734
2026-08-02T07:48:00+05:30,1402.86,152.9180,1249.9417,1.0011,0.0004,1476211.9157,0.0007,13969199.6334
2026-08-02T07:49:00+05:30,1546.36,156.1203,1390.2423,1.1134,0.0004,1524602.8713,0.0007,14326609.1074
2026-08-02T07:50:00+05:30,1364.47,156.1162,1208.3549,0.9785,0.0004,1574366.0873,0.0008,12801390.6320
2026-08-02T07:51:00+05:30,1233.18,158.7011,1074.4828,0.8753,0.0004,1614037.1747,0.0007,11041112.2410
2026-08-02T07:52:00+05:30,2577.06,1538.8704,1038.1873,4.1707,0.0020,85745826.8273,0.0010,11852884.0239
2026-08-02T07:53:00+05:30,1401.14,154.0334,1247.1035,0.9944,0.0004,1478386.5569,0.0007,13893938.4523
2026-08-02T07:54:00+05:30,1859.39,528.1416,1331.2506,1.8205,0.0012,4680177.6771,0.0009,13854019.2939
2026-08-02T07:55:00+05:30,1420.47,163.3803,1257.0881,1.0092,0.0004,1625496.5247,0.0007,13212339.4283
2026-08-02T07:56:00+05:30,1618.08,597.1261,1020.9538,1.5529,0.0012,5372479.3545,0.0008,10602664.8886
2026-08-02T07:57:00+05:30,1537.55,508.4895,1029.0594,0.9948,0.0005,4878358.2497,0.0007,11765881.8276
2026-08-02T07:58:00+05:30,3023.91,1763.2241,1260.6818,5.2104,0.0019,118910527.6565,0.0015,14016915.4136
2026-08-02T07:59:00+05:30,1507.65,162.4387,1345.2115,1.0759,0.0004,1584821.6411,0.0007,13940409.0205
2026-08-02T08:00:00+05:30,1432.25,163.4891,1268.7654,1.0268,0.0005,1618016.9322,0.0007,13307016.8655
2026-08-02T08:01:00+05:30,1218.54,162.9527,1055.5843,0.8629,0.0005,1670786.2464,0.0007,10871716.1286
2026-08-02T08:02:00+05:30,1216.71,161.7086,1054.9973,0.8665,0.0005,1657636.5848,0.0007,11872413.3127
2026-08-02T08:03:00+05:30,2770.96,1542.6590,1228.3038,4.7534,0.0021,85760546.1333,0.0012,13778193.0667
2026-08-02T08:04:00+05:30,1499.64,162.6306,1337.0110,1.0649,0.0004,1564304.5949,0.0007,13849573.9738
2026-08-02T08:05:00+05:30,1453.61,166.5028,1287.1048,1.0416,0.0005,1629279.4213,0.0007,13451692.9949
2026-08-02T08:06:00+05:30,1246.79,167.1999,1079.5920,0.8823,0.0004,1678304.7029,0.0007,11076865.6468
2026-08-02T08:07:00+05:30,1275.43,162.2685,1113.1579,0.9113,0.0005,1653299.0148,0.0007,12387349.5257
2026-08-02T08:08:00+05:30,2909.37,1782.3076,1127.0663,4.6690,0.0019,111590310.9321,0.0011,13218329.5101
2026-08-02T08:09:00+05:30,1616.65,310.0170,1306.6313,1.2395,0.0008,14077049.6189,0.0008,13692022.7496
2026-08-02T08:10:00+05:30,1468.50,167.6698,1300.8286,1.0521,0.0005,1617135.0261,0.0008,13667082.0426
2026-08-02T08:11:00+05:30,1315.51,168.1168,1147.3981,0.9336,0.0005,1666869.5725,0.0008,11629376.5814
2026-08-02T08:12:00+05:30,1279.23,167.1000,1112.1333,0.9122,0.0005,1700141.4024,0.0007,12328755.8793
2026-08-02T08:13:00+05:30,1329.27,166.0333,1163.2333,0.9532,0.0004,1717930.6667,0.0008,13393715.2000
2026-08-02T08:14:00+05:30,2861.33,1566.1167,1295.2167,4.6971,0.0021,84842925.1512,0.0011,13599107.7482
2026-08-02T08:15:00+05:30,1428.45,172.4443,1256.0081,1.0166,0.0004,1644857.9190,0.0008,13326864.8189
2026-08-02T08:16:00+05:30,1688.83,538.0051,1150.8201,1.5765,0.0011,4770223.2298,0.0008,11736400.0533
2026-08-02T08:17:00+05:30,1232.37,174.5035,1057.8679,0.8739,0.0004,1728665.4226,0.0008,11941229.5388
2026-08-02T08:18:00+05:30,1337.91,169.4477,1168.4642,0.9585,0.0004,1694729.3882,0.0008,13468868.8115
2026-08-02T08:19:00+05:30,3258.23,1954.2341,1303.9949,5.8436,0.0019,123694407.7599,0.0017,13694474.6921
2026-08-02T08:20:00+05:30,1423.42,173.7160,1249.7084,1.0053,0.0004,1643929.1392,0.0008,13253415.0154
2026-08-02T08:21:00+05:30,1381.97,176.8549,1205.1197,0.9810,0.0004,1706621.1586,0.0008,12124375.7083
2026-08-02T08:22:00+05:30,1241.21,179.8470,1061.3656,0.8797,0.0005,1763708.2049,0.0008,11924622.5896
2026-08-02T08:23:00+05:30,1331.15,172.7092,1158.4404,0.9519,0.0005,1761241.7656,0.0008,13289673.8232
2026-08-02T08:24:00+05:30,2469.04,1144.7993,1324.2365,2.3845,0.0009,70807345.4291,0.0010,13841478.6825
2026-08-02T08:25:00+05:30,1892.40,660.8036,1231.5939,3.5506,0.0036,18595999.7999,0.0010,13099428.5333
2026-08-02T08:26:00+05:30,1420.88,183.4394,1237.4412,1.0086,0.0004,1755028.7171,0.0008,12417981.8997
2026-08-02T08:27:00+05:30,1193.28,182.5955,1010.6840,0.8435,0.0004,1767503.0253,0.0007,11535706.9089
2026-08-02T08:28:00+05:30,1307.07,177.2089,1129.8565,0.9328,0.0005,1767278.1093,0.0007,13077735.1245
2026-08-02T08:29:00+05:30,1393.87,170.6598,1223.2089,0.9949,0.0005,1765567.8369,0.0008,12973521.5848
2026-08-02T08:30:00+05:30,3348.56,2014.0699,1334.4947,5.9916,0.0018,115930675.0242,0.0018,14002985.7633
2026-08-02T08:31:00+05:30,1472.95,183.8921,1289.0615,1.0410,0.0004,1741728.3029,0.0008,12822183.7088
2026-08-02T08:32:00+05:30,1216.45,183.4472,1033.0055,0.8600,0.0004,1784894.9342,0.0008,11704232.4349
2026-08-02T08:33:00+05:30,1319.72,180.7910,1138.9264,0.9405,0.0005,1777370.3315,0.0008,13072890.8888
2026-08-02T08:34:00+05:30,1463.18,198.7969,1264.3849,1.0383,0.0005,1997627.5954,0.0008,13295584.6026
2026-08-02T08:35:00+05:30,3109.87,1867.5046,1242.3692,5.5368,0.0020,97519117.6902,0.0015,13291993.8654
2026-08-02T08:36:00+05:30,1527.06,186.5689,1340.4933,1.0723,0.0004,1767500.2083,0.0007,13249528.3041
2026-08-02T08:37:00+05:30,1173.11,188.6324,984.4820,0.8263,0.0005,1805841.9895,0.0007,11301412.6275
2026-08-02T08:38:00+05:30,1641.05,542.1209,1098.9266,1.4968,0.0011,4808991.9824,0.0009,12780396.6463
2026-08-02T08:39:00+05:30,1446.35,184.9056,1261.4441,1.0274,0.0004,1828999.2501,0.0007,13304952.5238
2026-08-02T08:40:00+05:30,1488.06,254.1960,1233.8617,1.0427,0.0005,2954543.2848,0.0007,13229906.5969
2026-08-02T08:41:00+05:30,3226.54,1881.1814,1345.3558,5.8376,0.0020,115585190.4397,0.0017,13301452.4484
2026-08-02T08:42:00+05:30,1248.88,189.5517,1059.3234,0.8787,0.0004,1787810.8315,0.0007,11911503.8160
2026-08-02T08:43:00+05:30,1292.72,187.2812,1105.4342,0.9176,0.0004,1799915.8540,0.0008,12721694.9209
2026-08-02T08:44:00+05:30,1376.67,183.9197,1192.7532,0.9776,0.0004,1814285.1714,0.0008,12694739.5790
2026-08-02T08:45:00+05:30,1402.37,181.5439,1220.8260,0.9989,0.0005,1815628.0124,0.0008,13115432.6856
2026-08-02T08:46:00+05:30,3294.19,2013.0314,1281.1578,5.4643,0.0018,98199021.6134,0.0015,12818215.9343
2026-08-02T08:47:00+05:30,1394.22,196.5691,1197.6527,0.9765,0.0004,1829761.5364,0.0008,13057911.9765
2026-08-02T08:48:00+05:30,1328.56,196.2699,1132.2855,0.9412,0.0005,1865827.3638,0.0007,12885616.3603
2026-08-02T08:49:00+05:30,1402.15,194.8907,1207.2557,0.9933,0.0004,1897933.2411,0.0007,12806902.6614
2026-08-02T08:50:00+05:30,1398.10,191.3436,1206.7598,0.9931,0.0005,1916217.7891,0.0007,13012682.6992
2026-08-02T08:51:00+05:30,1936.09,763.1732,1172.9150,1.2267,0.0005,10164927.0366,0.0008,11931992.3319
2026-08-02T08:52:00+05:30,2934.34,1598.9471,1335.3937,5.6206,0.0022,113989944.5861,0.0016,14206850.5356
2026-08-02T08:53:00+05:30,1323.52,203.0078,1120.5109,0.9334,0.0004,1898887.5440,0.0008,12760502.4425
2026-08-02T08:54:00+05:30,1410.49,207.3195,1203.1698,0.9955,0.0005,1995711.2193,0.0007,12755595.4936
2026-08-02T08:55:00+05:30,1426.93,200.7367,1226.1893,1.0111,0.0005,1992357.1024,0.0008,13084410.3077
2026-08-02T08:56:00+05:30,1236.82,194.9862,1041.8375,0.8682,0.0004,1962999.4999,0.0007,10977353.7354
2026-08-02T08:57:00+05:30,3335.45,2079.5468,1255.9027,5.4395,0.0018,99321874.5980,0.0014,13562424.8605
2026-08-02T08:58:00+05:30,1528.12,207.3884,1320.7305,1.0779,0.0004,1952208.4882,0.0007,14419437.9218
2026-08-02T08:59:00+05:30,1426.65,209.1667,1217.4833,1.0074,0.0004,2029192.2199,0.0008,12871621.4604
2026-08-02T09:00:00+05:30,1403.81,207.9208,1195.8863,0.9924,0.0005,2052744.9287,0.0008,12883949.3958
2026-08-02T09:01:00+05:30,1577.14,549.4258,1027.7171,1.4105,0.0010,4958851.1617,0.0009,10906851.0284
2026-08-02T09:02:00+05:30,2283.23,1218.7156,1064.5183,2.8301,0.0011,14343882.8293,0.0014,12053289.6109
2026-08-02T09:03:00+05:30,3058.24,1592.2369,1466.0031,5.8083,0.0022,108855596.4985,0.0016,15658774.0892
2026-08-02T09:04:00+05:30,1552.97,306.3449,1246.6292,1.0721,0.0004,2835477.0087,0.0008,13117221.3796
2026-08-02T09:05:00+05:30,1329.33,212.7574,1116.5767,0.9349,0.0004,2062674.3985,0.0007,12128151.4364
2026-08-02T09:06:00+05:30,1205.34,202.5899,1002.7499,0.8417,0.0004,2042129.4580,0.0007,10532981.0013
2026-08-02T09:07:00+05:30,1222.12,198.0865,1024.0357,0.8599,0.0004,2021065.6577,0.0007,11640073.7419
2026-08-02T09:08:00+05:30,3656.65,2261.4782,1395.1671,6.6250,0.0018,105250441.9298,0.0019,15183016.3486
2026-08-02T09:09:00+05:30,1727.87,217.5971,1510.2772,1.2197,0.0004,2054008.6684,0.0007,15381030.3394
2026-08-02T09:10:00+05:30,1243.22,214.1250,1029.0966,0.8689,0.0004,2057522.0891,0.0008,11315859.5497
2026-08-02T09:11:00+05:30,1231.43,205.6936,1025.7346,0.8597,0.0005,2043801.3901,0.0008,10683175.2254
2026-08-02T09:12:00+05:30,1239.88,198.9865,1040.8908,0.8732,0.0005,1997336.0005,0.0007,11794879.5092
2026-08-02T09:13:00+05:30,2228.76,965.7103,1263.0544,1.5414,0.0005,12208767.4903,0.0009,14443178.8600
2026-08-02T09:14:00+05:30,3085.26,1472.3287,1612.9355,6.1708,0.0024,107257436.7728,0.0016,16228189.4982
2026-08-02T09:15:00+05:30,1322.01,222.3204,1099.6850,0.9259,0.0005,2072098.9366,0.0007,11955257.1752
2026-08-02T09:16:00+05:30,1198.64,211.0209,987.6193,0.8335,0.0004,2038717.8992,0.0007,10381688.5393
2026-08-02T09:17:00+05:30,1250.36,198.5267,1051.8316,0.8809,0.0005,1965842.4360,0.0008,11843659.6723
2026-08-02T09:18:00+05:30,1394.45,196.4229,1198.0231,0.9928,0.0004,1965662.1662,0.0007,13728638.9972
2026-08-02T09:19:00+05:30,3685.85,2200.1067,1485.7471,6.1658,0.0017,108492653.1973,0.0016,15203364.9397
2026-08-02T09:20:00+05:30,1533.03,226.8713,1306.1554,1.0723,0.0004,2098302.4728,0.0007,13700291.4084
2026-08-02T09:21:00+05:30,1208.02,217.8218,990.1990,0.8380,0.0004,2068448.2523,0.0008,10376719.9507
2026-08-02T09:22:00+05:30,1266.62,210.4728,1056.1472,0.8896,0.0004,2091449.5609,0.0007,11904565.3051
2026-08-02T09:23:00+05:30,1380.38,202.4833,1177.9000,0.9798,0.0004,2105786.7702,0.0008,13497392.1101
2026-08-02T09:24:00+05:30,2453.27,1119.7280,1333.5389,2.7585,0.0011,14573801.4331,0.0011,13989467.8887
2026-08-02T09:25:00+05:30,3073.80,1679.2330,1394.5644,6.8220,0.0023,102932761.3712,0.0021,14506598.3727
2026-08-02T09:26:00+05:30,1233.09,226.5223,1006.5639,0.8546,0.0004,2092287.3517,0.0007,10534657.6036
2026-08-02T09:27:00+05:30,1231.39,217.8885,1013.5014,0.8604,0.0004,2061142.4285,0.0007,11565405.3838
2026-08-02T09:28:00+05:30,1358.32,209.0759,1149.2423,0.9612,0.0004,2028231.1988,0.0007,13232737.0088
2026-08-02T09:29:00+05:30,1431.73,201.2765,1230.4564,1.0140,0.0004,2021140.2003,0.0007,13047719.3661
2026-08-02T09:30:00+05:30,3908.64,2504.4499,1404.1865,7.3314,0.0016,122156465.7178,0.0023,14661962.4679
2026-08-02T09:31:00+05:30,1482.83,231.8345,1250.9999,1.0273,0.0004,2234423.8384,0.0007,12604667.9555
2026-08-02T09:32:00+05:30,1221.67,221.9871,999.6834,0.8524,0.0004,2185916.7097,0.0008,11469168.5970
2026-08-02T09:33:00+05:30,1324.46,215.0762,1109.3797,0.9339,0.0004,2143501.8833,0.0007,12870636.5788
2026-08-02T09:34:00+05:30,1428.49,206.9609,1221.5295,1.0101,0.0005,2159867.9846,0.0008,13016831.6970
2026-08-02T09:35:00+05:30,2005.25,777.5130,1227.7363,1.6367,0.0005,15962570.7667,0.0010,13214953.1888
2026-08-02T09:36:00+05:30,3355.46,1934.2412,1421.2228,8.5898,0.0020,82428586.2115,0.0034,14021180.4241
2026-08-02T09:37:00+05:30,1267.58,236.6504,1030.9254,0.8785,0.0004,2178150.9736,0.0007,11709012.5367
2026-08-02T09:38:00+05:30,1326.08,223.8622,1102.2190,0.9311,0.0005,2103646.4258,0.0007,12688954.5038
2026-08-02T09:39:00+05:30,1402.56,220.5831,1181.9773,0.9856,0.0005,2123649.5533,0.0007,12616679.5573
2026-08-02T09:40:00+05:30,1373.49,207.0644,1166.4250,0.9693,0.0005,2056500.4751,0.0007,12662840.2260
2026-08-02T09:41:00+05:30,3819.79,2360.7002,1459.0912,6.6787,0.0010,170589069.9758,0.0030,14434349.0297
2026-08-02T09:42:00+05:30,1737.40,589.8890,1147.5139,1.5507,0.0007,46484324.2018,0.0010,12730142.6261
2026-08-02T09:43:00+05:30,1458.61,358.7312,1099.8800,0.9893,0.0004,3168321.6482,0.0007,12612724.9754
2026-08-02T09:44:00+05:30,1386.29,226.6371,1159.6527,0.9714,0.0005,2144460.8000,0.0007,12406101.3333
2026-08-02T09:45:00+05:30,1366.51,220.5505,1145.9562,0.9599,0.0005,2152416.6750,0.0007,12386342.7638
2026-08-02T09:46:00+05:30,1355.15,208.2159,1146.9299,0.9526,0.0004,2076783.5148,0.0007,11833677.9980
2026-08-02T09:47:00+05:30,4215.47,2752.8124,1462.6602,8.6829,0.0010,220654823.2588,0.0040,15519241.1046
2026-08-02T09:48:00+05:30,1383.63,248.1043,1135.5266,0.9554,0.0004,2260643.5785,0.0008,12811997.4668
2026-08-02T09:49:00+05:30,1748.30,578.1419,1170.1535,1.5111,0.0010,5109143.4287,0.0008,12493250.6501
2026-08-02T09:50:00+05:30,1383.64,236.8009,1146.8402,0.9654,0.0004,2258793.4138,0.0008,12021026.8649
2026-08-02T09:51:00+05:30,1313.34,224.6993,1088.6401,0.9184,0.0005,2208924.5226,0.0007,11861188.3102
2026-08-02T09:52:00+05:30,2275.10,1186.0760,1089.0211,1.9239,0.0006,25645605.1737,0.0011,12171734.1156
2026-08-02T09:53:00+05:30,3553.61,1943.6305,1609.9805,8.6410,0.0013,202364710.2903,0.0039,16969337.9113
2026-08-02T09:54:00+05:30,1451.95,250.0959,1201.8505,1.0093,0.0004,2324924.6978,0.0007,12558130.4659
2026-08-02T09:55:00+05:30,1404.74,246.7186,1158.0219,0.9806,0.0005,2341029.5156,0.0007,12485854.6206
2026-08-02T09:56:00+05:30,1221.21,231.8838,989.3287,0.8440,0.0005,2250399.3464,0.0007,10383936.7715
2026-08-02T09:57:00+05:30,1221.09,220.3703,1000.7167,0.8523,0.0005,2181361.1560,0.0007,11461481.6914
2026-08-02T09:58:00+05:30,3578.86,1920.4913,1658.3675,9.8183,0.0011,98583519.3894,0.0047,17697297.4486
2026-08-02T09:59:00+05:30,2520.15,1252.0833,1268.0667,2.5717,0.0011,130711347.2000,0.0010,13244825.6000
2026-08-02T10:00:00+05:30,1254.70,249.0791,1005.6173,0.8668,0.0005,2252963.8618,0.0007,11162678.7572
2026-08-02T10:01:00+05:30,1328.53,244.5456,1083.9875,0.9205,0.0005,2275540.3847,0.0008,11242734.2245
2026-08-02T10:02:00+05:30,1236.74,231.0359,1005.6992,0.8608,0.0005,2180760.9652,0.0007,11553207.3057
2026-08-02T10:03:00+05:30,1349.31,220.2537,1129.0522,0.9520,0.0004,2112683.7447,0.0007,13261498.8916
2026-08-02T10:04:00+05:30,4607.32,2843.9510,1763.3692,12.0158,0.0011,215569315.1634,0.0050,18036020.1246
2026-08-02T10:05:00+05:30,1376.37,351.4266,1024.9471,0.9707,0.0005,14430089.0823,0.0007,11364390.1479
2026-08-02T10:06:00+05:30,1337.22,251.8538,1085.3677,0.9249,0.0005,2257475.4874,0.0007,11277685.1858
2026-08-02T10:07:00+05:30,1254.05,240.0800,1013.9655,0.8702,0.0004,2185033.9138,0.0007,11501360.4866
2026-08-02T10:08:00+05:30,1363.45,230.4012,1133.0533,0.9584,0.0005,2139626.0835,0.0007,13148616.0821
2026-08-02T10:09:00+05:30,1556.76,269.5212,1287.2381,1.1457,0.0004,3717591.5599,0.0008,22092553.8092
2026-08-02T10:10:00+05:30,4524.21,2960.8814,1563.3282,11.5700,0.0011,228651369.2913,0.0053,16878693.2462
2026-08-02T10:11:00+05:30,1394.90,259.0500,1135.8500,0.9554,0.0004,2277201.5133,0.0007,11701667.3722
2026-08-02T10:12:00+05:30,1597.30,641.3380,955.9652,1.4167,0.0010,5603130.2898,0.0008,10935637.9819
2026-08-02T10:13:00+05:30,1632.05,529.9432,1102.1051,1.3699,0.0009,4635811.5239,0.0008,12793403.4035
2026-08-02T10:14:00+05:30,1515.25,292.4695,1222.7815,1.1520,0.0007,2644509.8255,0.0007,13125264.2632
2026-08-02T10:15:00+05:30,2501.24,1281.9620,1219.2797,2.5695,0.0006,35343521.8746,0.0014,13416292.6618
2026-08-02T10:16:00+05:30,3658.51,2300.7015,1357.8058,10.4026,0.0014,260212744.8386,0.0052,14335692.8665
2026-08-02T10:17:00+05:30,1410.25,251.8377,1158.4132,0.9791,0.0004,2171334.0112,0.0007,12633594.6662
2026-08-02T10:18:00+05:30,1447.98,244.7997,1203.1802,1.0174,0.0005,2157507.0338,0.0007,13625979.3320
2026-08-02T10:19:00+05:30,1420.33,237.5444,1182.7880,0.9940,0.0004,2154610.8379,0.0007,12646032.1704
2026-08-02T10:20:00+05:30,1336.99,230.9897,1106.0043,0.9360,0.0005,2156123.5876,0.0007,12311071.8262
2026-08-02T10:21:00+05:30,3712.85,2344.6788,1368.1694,5.0415,0.0009,163081941.4577,0.0021,27341422.6739
2026-08-02T10:22:00+05:30,2625.68,1243.1365,1382.5407,4.5729,0.0019,31990176.4961,0.0017,23298449.4749
2026-08-02T10:23:00+05:30,2761.26,599.7633,2161.5017,4.6742,0.0008,36720338.2010,0.0019,29864857.2381
2026-08-02T10:24:00+05:30,1862.82,200.9865,1661.8341,2.6629,0.0006,1710261.5651,0.0015,22519945.6073
2026-08-02T10:25:00+05:30,1368.16,208.7152,1159.4401,0.9886,0.0004,1752113.3144,0.0008,16839467.5554
2026-08-02T10:26:00+05:30,1737.75,205.3120,1532.4374,1.2668,0.0004,1761135.9021,0.0008,20220009.1368
2026-08-02T10:27:00+05:30,4287.56,3168.1609,1119.4007,7.2011,0.0016,133684241.7637,0.0018,14849117.6990
2026-08-02T10:28:00+05:30,1856.46,185.9709,1670.4886,1.3351,0.0004,1574875.2750,0.0007,18736585.5610
2026-08-02T10:29:00+05:30,1526.49,181.9591,1344.5339,1.1034,0.0004,1559246.3498,0.0007,16536313.0875
2026-08-02T10:30:00+05:30,1772.81,175.8647,1596.9497,1.2888,0.0005,1515347.9565,0.0007,17989534.2356
2026-08-02T10:31:00+05:30,1683.96,213.9964,1469.9588,1.2065,0.0005,2412435.5261,0.0008,15965464.0423
2026-08-02T10:32:00+05:30,2573.09,1553.0433,1020.0443,2.0381,0.0008,104504304.9853,0.0008,12827162.8899
2026-08-02T10:33:00+05:30,2987.55,1916.3361,1071.2119,5.5696,0.0021,39853709.2564,0.0015,15165871.6808
2026-08-02T10:34:00+05:30,1309.62,183.3289,1126.2918,0.9565,0.0004,2927060.2040,0.0008,17595745.8497
2026-08-02T10:35:00+05:30,1679.75,175.3833,1504.3667,1.2275,0.0005,2934715.7333,0.0007,18146099.2000
2026-08-02T10:36:00+05:30,1572.38,189.8040,1382.5745,1.1298,0.0005,2746253.1831,0.0007,15071319.5120
2026-08-02T10:37:00+05:30,1221.99,161.3887,1060.6020,0.8738,0.0005,1511952.2651,0.0007,12503593.3198
2026-08-02T10:38:00+05:30,4143.75,3253.2295,890.5206,6.6427,0.0016,142617103.7288,0.0018,15645405.0306
2026-08-02T10:39:00+05:30,1507.62,267.2888,1240.3266,1.6720,0.0006,15926484.7859,0.0012,34872105.8490
2026-08-02T10:40:00+05:30,1660.36,150.0550,1510.3003,1.2137,0.0004,1364104.4719,0.0008,18088499.0916
2026-08-02T10:41:00+05:30,1435.66,152.0525,1283.6047,1.0321,0.0004,1425749.3333,0.0007,13539601.0667
2026-08-02T10:42:00+05:30,1278.21,152.3305,1125.8752,0.9185,0.0004,1472533.4400,0.0007,12874186.5706
2026-08-02T10:43:00+05:30,1689.91,519.8747,1170.0305,1.3660,0.0004,3345966.6339,0.0009,28240220.5297
2026-08-02T10:44:00+05:30,3940.10,2447.1417,1492.9606,7.9524,0.0013,84292305.9082,0.0032,36594359.2922
2026-08-02T10:45:00+05:30,1343.98,151.6147,1192.3609,0.9553,0.0004,1353246.5073,0.0007,13724556.8337
2026-08-02T10:46:00+05:30,1328.14,150.5950,1177.5441,0.9515,0.0004,1373707.2382,0.0008,12338789.5535
2026-08-02T10:47:00+05:30,1211.20,149.9875,1061.2116,0.8690,0.0004,1401715.8284,0.0007,12374826.5173
2026-08-02T10:48:00+05:30,1414.52,153.4782,1261.0413,1.0246,0.0005,1445703.2766,0.0008,15021852.3383
2026-08-02T10:49:00+05:30,2284.47,493.5658,1790.9055,8.3898,0.0013,26175386.5747,0.0044,19574716.4741
2026-08-02T10:50:00+05:30,1196.57,204.7193,991.8512,0.8349,0.0004,1822651.4023,0.0008,11372613.0414
2026-08-02T10:51:00+05:30,1187.10,201.8365,985.2676,0.8302,0.0004,1821407.6827,0.0007,10889605.5995
2026-08-02T10:52:00+05:30,1186.03,196.3765,989.6495,0.8339,0.0004,1801988.7661,0.0008,11464048.4024
2026-08-02T10:53:00+05:30,1341.94,194.9032,1147.0358,0.9548,0.0004,1797657.7886,0.0007,13504142.9381
2026-08-02T10:54:00+05:30,1880.03,582.7794,1297.2460,1.2601,0.0005,13992704.6867,0.0008,13942341.5138
2026-08-02T10:55:00+05:30,1961.82,344.9368,1616.8851,6.1785,0.0011,15868167.4474,0.0035,17054363.8031
2026-08-02T10:56:00+05:30,1198.60,223.9391,974.6641,0.8306,0.0005,2031546.0879,0.0008,10530981.6315
2026-08-02T10:57:00+05:30,1196.86,215.0966,981.7627,0.8371,0.0004,1992726.1573,0.0007,11516897.4611
2026-08-02T10:58:00+05:30,1337.94,211.1331,1126.8098,0.9465,0.0005,1983474.2998,0.0007,13307990.6030
2026-08-02T10:59:00+05:30,1414.91,207.9201,1206.9868,1.0009,0.0004,1989528.6255,0.0007,13150222.3704
2026-08-02T11:00:00+05:30,2207.69,544.9727,1662.7217,7.3780,0.0008,6098460.0613,0.0041,17831855.9808
2026-08-02T11:01:00+05:30,1188.96,213.2205,975.7386,0.8280,0.0004,2118164.1005,0.0007,10654773.5786
2026-08-02T11:02:00+05:30,1190.43,204.5314,985.8955,0.8360,0.0004,2059745.3903,0.0007,11575833.2833
2026-08-02T11:03:00+05:30,1350.16,204.2326,1145.9257,0.9582,0.0004,2064142.6453,0.0007,13426926.7610
2026-08-02T11:04:00+05:30,1382.78,195.0142,1187.7656,0.9816,0.0005,1993089.5336,0.0007,12900785.7893
2026-08-02T11:05:00+05:30,1810.05,209.9358,1600.1167,7.2304,0.0012,2518808.5220,0.0044,17363855.2996
2026-08-02T11:06:00+05:30,1161.41,185.2870,976.1226,0.8155,0.0005,1949618.1955,0.0007,10589949.8459
2026-08-02T11:07:00+05:30,1160.40,181.4727,978.9288,0.8203,0.0005,1913619.8446,0.0007,11483494.4154
2026-08-02T11:08:00+05:30,1302.93,181.8470,1121.0813,0.9299,0.0005,1926967.2344,0.0007,13216259.1914
2026-08-02T11:09:00+05:30,1379.96,176.8196,1203.1367,0.9844,0.0004,1881051.0842,0.0007,13121140.2857
2026-08-02T11:10:00+05:30,2301.35,701.8316,1599.5200,6.8238,0.0007,10672727.9757,0.0039,17314375.3875
2026-08-02T11:11:00+05:30,1545.11,543.9091,1001.2000,2.3899,0.0011,4980940.8000,0.0018,10903756.8000
2026-08-02T11:12:00+05:30,1219.42,182.1652,1037.2531,0.8611,0.0004,1898207.9541,0.0008,11990122.7456
2026-08-02T11:13:00+05:30,1372.84,180.8349,1192.0007,0.9814,0.0004,1885132.0201,0.0007,13607462.7204
2026-08-02T11:14:00+05:30,1333.78,174.6884,1159.0894,0.9492,0.0005,1833383.9077,0.0007,12512582.3612
2026-08-02T11:15:00+05:30,2262.86,945.5815,1317.2772,4.3140,0.0006,13976154.4051,0.0027,14642732.3577
2026-08-02T11:16:00+05:30,1513.39,171.8786,1341.5069,3.5967,0.0008,1818244.3741,0.0026,14197941.7903
2026-08-02T11:17:00+05:30,1245.44,166.7055,1078.7369,0.8893,0.0004,1763784.9692,0.0007,12255715.2475
2026-08-02T11:18:00+05:30,1282.41,161.0393,1121.3752,0.9196,0.0005,1727918.9387,0.0007,12971303.7797
2026-08-02T11:19:00+05:30,1325.92,154.1359,1171.7862,0.9499,0.0004,1657569.9190,0.0007,12601422.7141
2026-08-02T11:20:00+05:30,1547.33,423.6378,1123.6895,1.0405,0.0005,5438645.2882,0.0008,12598487.1496
2026-08-02T11:21:00+05:30,1837.15,141.2975,1695.8529,8.1236,0.0014,1521704.9989,0.0046,17363399.5966
2026-08-02T11:22:00+05:30,1119.00,144.8114,974.1902,0.8005,0.0004,1566617.4584,0.0007,11382903.9106
2026-08-02T11:23:00+05:30,1233.95,138.3403,1095.6048,0.8902,0.0005,1508316.0211,0.0007,12732855.2570
2026-08-02T11:24:00+05:30,1280.90,132.5064,1148.3945,0.9231,0.0005,1461047.5635,0.0007,12395755.3307
2026-08-02T11:25:00+05:30,1345.23,175.8139,1169.4158,0.9647,0.0004,2403329.7232,0.0007,13025685.3891
2026-08-02T11:26:00+05:30,1775.06,127.3606,1647.7040,7.9719,0.0015,1394712.7142,0.0047,16922250.2834
2026-08-02T11:27:00+05:30,1475.25,532.7188,942.5295,1.3323,0.0011,4879412.2275,0.0008,11122746.8498
2026-08-02T11:28:00+05:30,1205.04,123.6062,1081.4374,0.8620,0.0004,1363854.1236,0.0007,12556578.9719
2026-08-02T11:29:00+05:30,1271.04,116.1442,1154.8923,0.9203,0.0004,1289539.6307,0.0007,12414626.2249
2026-08-02T11:30:00+05:30,1741.28,645.0624,1096.2195,1.5016,0.0009,14199166.3834,0.0008,12305948.7487
2026-08-02T11:31:00+05:30,3197.21,1756.2455,1440.9613,4.7716,0.0014,117811810.9459,0.0016,14511638.4241
2026-08-02T11:32:00+05:30,1147.99,112.3745,1035.6131,0.8239,0.0004,1235192.1038,0.0008,11975975.1909
2026-08-02T11:33:00+05:30,1232.67,105.4763,1127.1915,0.9005,0.0004,1191535.0899,0.0007,13218018.5657
2026-08-02T11:34:00+05:30,1303.90,102.5556,1201.3436,0.9507,0.0005,1123366.5961,0.0007,13147185.6236
2026-08-02T11:35:00+05:30,1293.90,100.1567,1193.7473,0.9446,0.0004,1119374.4730,0.0007,13240686.7199
2026-08-02T11:36:00+05:30,3680.68,2352.4206,1328.2560,5.5809,0.0013,176740038.1308,0.0019,13584092.7938
2026-08-02T11:37:00+05:30,1600.49,441.1539,1159.3394,1.3786,0.0011,4010194.5204,0.0008,13075130.4580
2026-08-02T11:38:00+05:30,1245.09,104.9772,1140.1140,0.9001,0.0003,1154690.3575,0.0008,13405277.1064
2026-08-02T11:39:00+05:30,1323.54,104.1535,1219.3906,0.9636,0.0005,1146030.7344,0.0007,13320021.6007
2026-08-02T11:40:00+05:30,1272.02,101.2017,1170.8195,0.9277,0.0005,1127325.0442,0.0007,12930615.5539
2026-08-02T11:41:00+05:30,3479.86,2343.7589,1136.1038,5.3940,0.0015,118439402.0062,0.0017,12005237.1780
2026-08-02T11:42:00+05:30,1539.14,171.1619,1367.9780,1.1900,0.0005,1422914.4857,0.0008,14799949.3249
2026-08-02T11:43:00+05:30,1207.58,101.9497,1105.6324,0.8769,0.0004,1123091.2696,0.0007,12959984.5357
2026-08-02T11:44:00+05:30,1271.34,105.9684,1165.3694,0.9255,0.0005,1170997.6500,0.0007,12827247.3875
2026-08-02T11:45:00+05:30,1277.43,111.6761,1165.7553,0.9289,0.0005,1240059.6129,0.0007,12987816.6936
2026-08-02T11:46:00+05:30,1283.41,112.2758,1171.1386,0.9293,0.0005,1246009.1662,0.0007,12308069.3965
2026-08-02T11:47:00+05:30,3268.78,1923.3833,1345.4000,4.2407,0.0012,98980033.5328,0.0013,14664937.4510
2026-08-02T11:48:00+05:30,1384.61,181.0501,1203.5627,0.9866,0.0004,1743376.6372,0.0007,13737469.3551
2026-08-02T11:49:00+05:30,1389.75,185.0488,1204.7004,0.9896,0.0005,1819632.7755,0.0007,13193412.8942
2026-08-02T11:50:00+05:30,1349.16,182.2273,1166.9278,0.9611,0.0005,1838732.0211,0.0008,13037828.5695
2026-08-02T11:51:00+05:30,1268.40,172.5362,1095.8683,0.8990,0.0005,1791931.7333,0.0007,11583897.6000
2026-08-02T11:52:00+05:30,3303.35,2093.3973,1209.9482,3.9095,0.0010,127638695.6710,0.0015,13543612.3419
2026-08-02T11:53:00+05:30,1632.62,192.3737,1440.2447,1.1625,0.0004,1809658.8504,0.0007,15766763.6618
2026-08-02T11:54:00+05:30,1370.95,186.8978,1184.0473,0.9750,0.0004,1814489.0815,0.0008,13017892.3154
2026-08-02T11:55:00+05:30,1302.24,183.9391,1118.2989,0.9247,0.0004,1839305.9708,0.0007,12506898.3652
2026-08-02T11:56:00+05:30,1249.50,183.0953,1066.4089,0.8817,0.0005,1843462.7960,0.0007,11347190.2945
2026-08-02T11:57:00+05:30,2275.06,1186.2322,1088.8241,2.2280,0.0008,38291574.9646,0.0011,12657421.7185
2026-08-02T11:58:00+05:30,2626.14,1056.5676,1569.5762,3.0793,0.0012,35997954.6326,0.0011,16890820.1803
2026-08-02T11:59:00+05:30,1495.35,206.2921,1289.0589,1.0619,0.0005,1873408.7849,0.0008,13898702.9261
2026-08-02T12:00:00+05:30,1259.45,202.1108,1057.3386,0.8869,0.0005,1892084.8339,0.0007,11916685.6076
2026-08-02T12:01:00+05:30,1250.04,203.2421,1046.7995,0.8762,0.0005,1915065.2761,0.0007,11186716.3373
2026-08-02T12:02:00+05:30,1218.07,201.5167,1016.5500,0.8580,0.0005,1913141.4476,0.0007,11973705.5049
2026-08-02T12:03:00+05:30,3747.60,2251.8378,1495.7577,4.2424,0.0010,177151419.6366,0.0013,16348495.4159
2026-08-02T12:04:00+05:30,1671.31,208.6659,1462.6448,1.1844,0.0004,1881136.0387,0.0008,15307114.8071
2026-08-02T12:05:00+05:30,1548.09,542.4356,1005.6514,1.3327,0.0009,4754653.9526,0.0008,11521869.2362
2026-08-02T12:06:00+05:30,1258.95,212.9177,1046.0372,0.8802,0.0005,1940983.0819,0.0007,11244661.8552
2026-08-02T12:07:00+05:30,1223.71,203.4822,1020.2266,0.8612,0.0004,1880734.1553,0.0008,11922076.1080
2026-08-02T12:08:00+05:30,2725.33,1455.8850,1269.4404,3.2198,0.0010,47188733.0555,0.0013,14801451.4419
2026-08-02T12:09:00+05:30,2217.58,536.9488,1680.6273,1.9508,0.0008,22939183.7075,0.0009,17211896.7385
2026-08-02T12:10:00+05:30,1299.55,218.3167,1081.2333,0.9116,0.0004,1965875.2000,0.0007,12137403.7333
2026-08-02T12:11:00+05:30,1221.07,213.4022,1007.6679,0.8511,0.0005,1977605.3342,0.0007,10883998.5331
2026-08-02T12:12:00+05:30,1286.48,206.6277,1079.8554,0.9076,0.0005,1927481.2396,0.0008,12436430.5232
2026-08-02T12:13:00+05:30,1393.50,200.7734,1192.7231,0.9922,0.0005,1877091.5515,0.0008,13953734.4289
2026-08-02T12:14:00+05:30,3443.71,1871.2426,1572.4646,3.8925,0.0010,156212607.5924,0.0013,16321038.1954
2026-08-02T12:15:00+05:30,1436.88,220.1317,1216.7486,1.0118,0.0004,1976837.9302,0.0007,13313143.3714
2026-08-02T12:16:00+05:30,1230.11,215.3749,1014.7316,0.8571,0.0004,1941414.0350,0.0007,10892041.2619
2026-08-02T12:17:00+05:30,1280.64,209.4562,1071.1798,0.9025,0.0005,1955979.6007,0.0007,12344318.1227
2026-08-02T12:18:00+05:30,1383.45,203.7935,1179.6590,0.9836,0.0004,1918357.2786,0.0007,13783294.6432
2026-08-02T12:19:00+05:30,3339.11,1938.0736,1401.0393,4.0891,0.0010,71733656.8564,0.0015,14939733.4399
2026-08-02T12:20:00+05:30,1652.38,225.2206,1427.1586,1.1638,0.0004,1969506.6547,0.0007,15037111.5781
2026-08-02T12:21:00+05:30,1235.63,223.2278,1012.4006,0.8584,0.0005,1960921.5127,0.0007,10910036.7018
2026-08-02T12:22:00+05:30,1263.58,214.4357,1049.1415,0.8875,0.0005,1930051.6411,0.0007,12158342.1513
2026-08-02T12:23:00+05:30,1368.39,205.0359,1163.3588,0.9712,0.0005,1891999.9333,0.0007,13608420.6036
2026-08-02T12:24:00+05:30,1923.23,691.6782,1231.5539,1.7627,0.0006,8015869.0645,0.0011,13468896.4816
2026-08-02T12:25:00+05:30,3829.94,2375.6437,1454.2924,5.9546,0.0011,160241928.7679,0.0024,15493817.5030
2026-08-02T12:26:00+05:30,1363.01,229.2038,1133.8022,0.9499,0.0004,2006663.8444,0.0007,11977927.6321
2026-08-02T12:27:00+05:30,1223.56,219.4098,1004.1492,0.8561,0.0004,1964491.0433,0.0007,11802098.6819
2026-08-02T12:28:00+05:30,1397.02,211.5731,1185.4495,0.9908,0.0004,1931028.0075,0.0007,13765343.2915
2026-08-02T12:29:00+05:30,1505.93,205.7314,1300.1999,1.0707,0.0004,1936625.9247,0.0007,14054971.5428
2026-08-02T12:30:00+05:30,3375.44,2074.2154,1301.2283,4.0365,0.0010,80720301.5950,0.0015,14105364.9106
2026-08-02T12:31:00+05:30,1538.89,233.1483,1305.7403,1.0719,0.0004,2019693.5594,0.0007,13299861.3515
2026-08-02T12:32:00+05:30,1253.24,228.5700,1024.6747,0.8756,0.0004,2015550.5573,0.0008,11982818.2803
2026-08-02T12:33:00+05:30,1699.30,540.3274,1158.9757,1.4515,0.0009,4674109.3977,0.0009,13616914.1257
2026-08-02T12:34:00+05:30,1445.90,213.5071,1232.3911,1.0230,0.0004,1954744.6248,0.0008,13503938.1313
2026-08-02T12:35:00+05:30,1687.61,529.1942,1158.4183,1.2122,0.0005,4972354.1233,0.0008,12829646.9098
2026-08-02T12:36:00+05:30,3970.65,2585.3000,1385.3500,6.0976,0.0010,156052070.4000,0.0024,14142327.4667
2026-08-02T12:37:00+05:30,1322.02,237.5215,1084.4958,0.9194,0.0004,2065646.0510,0.0007,12465484.4591
2026-08-02T12:38:00+05:30,1350.92,228.3152,1122.6082,0.9500,0.0004,2023729.1774,0.0007,13125906.6256
2026-08-02T12:39:00+05:30,1476.95,219.9830,1256.9719,1.0439,0.0004,2024888.2666,0.0007,13567440.9828
2026-08-02T12:40:00+05:30,1414.53,219.3484,1195.1837,0.9983,0.0004,2048170.6524,0.0008,13265838.5135
2026-08-02T12:41:00+05:30,3503.03,2292.9776,1210.0553,4.3544,0.0010,91173728.7407,0.0016,12593311.0033
2026-08-02T12:42:00+05:30,1584.20,285.0667,1299.1333,1.1181,0.0004,2753740.8000,0.0008,14221653.3333
2026-08-02T12:43:00+05:30,1365.20,231.3784,1133.8190,0.9604,0.0004,2034479.5946,0.0007,13135551.8805
2026-08-02T12:44:00+05:30,1676.37,517.9607,1158.4139,1.4025,0.0009,4570712.6077,0.0008,12721697.3292
2026-08-02T12:45:00+05:30,1486.41,373.9999,1112.4150,1.2692,0.0010,3325657.3267,0.0008,12481217.2087
2026-08-02T12:46:00+05:30,1368.53,215.1394,1153.3948,0.9615,0.0004,1995628.9925,0.0007,12232761.2189
2026-08-02T12:47:00+05:30,4500.25,3117.9861,1382.2638,8.4305,0.0010,154832143.6735,0.0038,15023807.2803
2026-08-02T12:48:00+05:30,1415.87,240.6722,1175.2026,0.9948,0.0004,2096688.7400,0.0007,13459875.8294
2026-08-02T12:49:00+05:30,1425.07,234.7980,1190.2754,0.9996,0.0004,2103611.5417,0.0007,12919766.2316
2026-08-02T12:50:00+05:30,1575.29,231.2461,1344.0443,1.1147,0.0004,2142136.5954,0.0008,14126496.5834
2026-08-02T12:51:00+05:30,1238.21,223.5573,1014.6483,0.8631,0.0005,2102777.6093,0.0007,11284187.5115
2026-08-02T12:52:00+05:30,2713.39,1610.6842,1102.7086,2.2157,0.0006,34409881.8902,0.0011,12662951.7793
2026-08-02T12:53:00+05:30,3535.64,2036.8457,1498.7918,6.2569,0.0013,83811616.7050,0.0025,16295193.9473
2026-08-02T12:54:00+05:30,1440.39,245.2252,1195.1602,1.0086,0.0005,2194836.7054,0.0008,13023070.9643
2026-08-02T12:55:00+05:30,1313.61,237.8238,1075.7909,0.9167,0.0004,2181028.6857,0.0007,12153093.8245
2026-08-02T12:56:00+05:30,1223.71,231.6384,992.0671,0.8477,0.0004,2169988.4671,0.0007,10755942.2686
2026-08-02T12:57:00+05:30,1373.49,224.2650,1149.2266,0.9679,0.0004,2133508.2754,0.0007,13090514.7924
2026-08-02T12:58:00+05:30,4387.78,2901.4389,1486.3433,11.0434,0.0012,140410176.0043,0.0053,16421723.8025
2026-08-02T12:59:00+05:30,1743.52,382.7580,1360.7637,1.4170,0.0007,15001113.3567,0.0009,14423151.8426
2026-08-02T13:00:00+05:30,1253.71,245.6070,1008.1024,0.8687,0.0004,2178874.5103,0.0008,11441293.4763
2026-08-02T13:01:00+05:30,1289.31,238.2476,1051.0590,0.8948,0.0005,2148403.5327,0.0007,11226630.2283
2026-08-02T13:02:00+05:30,1648.68,551.3931,1097.2870,1.4168,0.0010,4825480.7606,0.0009,12729019.4811
2026-08-02T13:03:00+05:30,1347.16,223.7430,1123.4162,0.9508,0.0004,2038679.2698,0.0007,13403278.2862
2026-08-02T13:04:00+05:30,5023.53,3336.6437,1686.8845,11.2084,0.0012,130929490.0771,0.0043,17441016.8463
2026-08-02T13:05:00+05:30,1315.44,256.4504,1058.9873,0.9041,0.0004,2223357.5465,0.0007,11951963.4636
2026-08-02T13:06:00+05:30,1241.03,245.4195,995.6154,0.8557,0.0005,2155207.2553,0.0007,10744898.3729
2026-08-02T13:07:00+05:30,1419.86,237.7755,1182.0802,0.9979,0.0004,2118971.3105,0.0007,13223319.9827
2026-08-02T13:08:00+05:30,1378.91,230.0205,1148.8858,0.9713,0.0004,2105480.5333,0.0007,13481506.1333
2026-08-02T13:09:00+05:30,2590.60,1303.3682,1287.2356,2.6464,0.0006,23921628.4519,0.0014,13924270.1865
2026-08-02T13:10:00+05:30,3618.31,2260.5695,1357.7454,14.0052,0.0019,121251583.4153,0.0070,14875425.3705
2026-08-02T13:11:00+05:30,1250.50,257.4614,993.0344,0.8555,0.0004,2220071.5881,0.0007,10772459.5234
2026-08-02T13:12:00+05:30,1428.06,250.5126,1177.5492,1.0000,0.0005,2175579.6563,0.0008,13130223.7410
2026-08-02T13:13:00+05:30,1359.71,240.3140,1119.3988,0.9538,0.0005,2141035.0620,0.0007,13134120.7839
2026-08-02T13:14:00+05:30,1435.44,230.8769,1204.5629,1.0086,0.0005,2116874.1792,0.0007,13028141.4525
2026-08-02T13:15:00+05:30,3350.95,1739.6687,1611.2777,8.5988,0.0010,48988261.0145,0.0043,16922243.2847
2026-08-02T13:16:00+05:30,3101.07,2109.1549,991.9138,3.3902,0.0011,103178580.7699,0.0011,10983308.6914
2026-08-02T13:17:00+05:30,1455.18,257.3952,1197.7835,1.0174,0.0005,2222713.9738,0.0007,13234028.8976
2026-08-02T13:18:00+05:30,1379.94,249.7666,1130.1760,0.9652,0.0004,2201494.1655,0.0007,13101833.1666
2026-08-02T13:19:00+05:30,1432.94,240.7898,1192.1520,1.0032,0.0004,2196508.6644,0.0007,12828732.6046
2026-08-02T13:20:00+05:30,1355.54,235.3961,1120.1480,0.9488,0.0005,2188970.6667,0.0007,12489113.6000
2026-08-02T13:21:00+05:30,4618.08,3180.2257,1437.8552,12.2952,0.0011,135197628.7210,0.0061,14994453.9485
2026-08-02T13:22:00+05:30,1428.42,266.2644,1162.1523,0.9779,0.0004,2284165.8888,0.0008,12863018.5358
2026-08-02T13:23:00+05:30,1403.56,256.8291,1146.7309,0.9802,0.0005,2249516.4828,0.0007,13100824.1059
2026-08-02T13:24:00+05:30,1402.97,248.0081,1154.9655,0.9782,0.0004,2218652.4428,0.0007,12456296.9680
2026-08-02T13:25:00+05:30,1347.16,243.0928,1104.0660,0.9399,0.0005,2236043.3261,0.0007,12343150.2750
2026-08-02T13:26:00+05:30,1346.35,232.4360,1113.9095,0.9397,0.0005,2186080.8401,0.0007,11913253.0378
2026-08-02T13:27:00+05:30,5115.43,3550.5891,1564.8384,11.4393,0.0010,162608687.9541,0.0049,16780261.5826
2026-08-02T13:28:00+05:30,1539.85,267.4500,1272.4000,1.0748,0.0004,2341683.2000,0.0007,14021017.6000
2026-08-02T13:29:00+05:30,1341.70,257.3038,1084.3958,0.9291,0.0004,2310476.5841,0.0007,11735945.8685
2026-08-02T13:30:00+05:30,1310.70,249.1333,1061.5708,0.9098,0.0004,2253086.7391,0.0007,11836658.9773
2026-08-02T13:31:00+05:30,1733.44,684.2965,1049.1391,1.4452,0.0009,5935045.4886,0.0009,11760441.9182
2026-08-02T13:32:00+05:30,2705.76,1464.1345,1241.6253,6.4687,0.0009,35397227.4720,0.0041,13952326.3837
2026-08-02T13:33:00+05:30,3678.39,2177.8485,1500.5415,10.7203,0.0014,79211352.6374,0.0051,16137306.4543
2026-08-02T13:34:00+05:30,1363.70,264.8907,1098.8047,0.9398,0.0004,2340581.1829,0.0008,11787232.1131
2026-08-02T13:35:00+05:30,1294.08,258.7055,1035.3720,0.8921,0.0004,2330193.1655,0.0007,11196780.2634
2026-08-02T13:36:00+05:30,1276.71,248.5792,1028.1329,0.8853,0.0005,2293107.3815,0.0007,11726106.4316
2026-08-02T13:37:00+05:30,1215.86,237.5858,978.2710,0.8441,0.0004,2221803.4093,0.0007,11507812.7739
2026-08-02T13:38:00+05:30,3618.69,1823.9668,1794.7252,11.8091,0.0010,49243639.8313,0.0055,19610923.8951
2026-08-02T13:39:00+05:30,3541.97,2292.0583,1249.9167,5.3076,0.0012,172840811.7179,0.0021,13459377.7807
2026-08-02T13:40:00+05:30,1246.35,260.7471,985.5983,0.8573,0.0004,2253434.9435,0.0007,11116085.4752
2026-08-02T13:41:00+05:30,1233.61,252.6125,981.0003,0.8482,0.0005,2213273.6000,0.0007,10697045.3333
2026-08-02T13:42:00+05:30,1228.29,240.5947,987.6986,0.8528,0.0004,2113815.6482,0.0007,11673402.0069
2026-08-02T13:43:00+05:30,1362.16,230.4372,1131.7237,0.9599,0.0004,2057964.9403,0.0008,13525085.9162
2026-08-02T13:44:00+05:30,3966.95,2114.9425,1852.0073,13.3371,0.0009,69829195.3556,0.0061,19557139.3826
2026-08-02T13:45:00+05:30,2976.72,1980.2555,996.4647,3.3515,0.0012,58000198.7760,0.0011,11398883.7861
2026-08-02T13:46:00+05:30,1247.72,264.7711,982.9497,0.8553,0.0004,2286152.2359,0.0007,10691352.5892
2026-08-02T13:47:00+05:30,1239.98,253.7164,986.2676,0.8569,0.0004,2235553.2890,0.0007,11548162.8585
2026-08-02T13:48:00+05:30,1373.08,243.9179,1129.1575,0.9623,0.0004,2195526.4359,0.0007,13331434.7225
2026-08-02T13:49:00+05:30,1448.43,236.1208,1212.3137,1.0169,0.0004,2161424.9608,0.0007,13182834.8505
2026-08-02T13:50:00+05:30,4028.16,2460.5386,1567.6243,14.9761,0.0016,65219416.1348,0.0070,17459620.6443
2026-08-02T13:51:00+05:30,2630.91,1513.0914,1117.8147,3.1823,0.0011,163668451.5849,0.0014,11875410.0197
2026-08-02T13:52:00+05:30,1247.70,256.9286,990.7674,0.8609,0.0005,2231587.9010,0.0007,11436307.7744
2026-08-02T13:53:00+05:30,1321.89,245.7866,1076.0998,0.9233,0.0005,2160971.6772,0.0007,12678023.7051
2026-08-02T13:54:00+05:30,1420.98,244.7640,1176.2167,0.9933,0.0004,2219030.6585,0.0007,12729635.8304
2026-08-02T13:55:00+05:30,1379.68,241.8202,1137.8615,0.9648,0.0005,2226702.8919,0.0007,12676060.0717
2026-08-02T13:56:00+05:30,4909.47,3305.4333,1604.0333,11.9420,0.0011,98445858.1333,0.0049,16978466.1333
2026-08-02T13:57:00+05:30,2598.35,1491.8989,1106.4475,3.9660,0.0011,56108345.1127,0.0022,12269428.9905
2026-08-02T13:58:00+05:30,1346.87,271.7000,1075.1667,0.9324,0.0005,2365235.2000,0.0007,12489318.4000
2026-08-02T13:59:00+05:30,1399.62,263.0719,1136.5447,0.9709,0.0004,2353035.8024,0.0007,12244784.3190
2026-08-02T14:00:00+05:30,1340.89,255.6570,1085.2301,0.9313,0.0005,2335374.5355,0.0007,12171698.7986
2026-08-02T14:01:00+05:30,1516.90,388.0766,1128.8198,1.0303,0.0005,3515227.4478,0.0007,12188985.2792
2026-08-02T14:02:00+05:30,4572.04,3065.4601,1506.5827,16.6041,0.0014,87973009.6324,0.0082,16444956.0377
2026-08-02T14:03:00+05:30,2487.55,1284.1026,1203.4494,2.7259,0.0011,133270056.7563,0.0012,13421428.4714
2026-08-02T14:04:00+05:30,1323.02,266.3344,1056.6871,0.9119,0.0005,2356039.7360,0.0007,11454818.0545
2026-08-02T14:05:00+05:30,1307.24,262.0274,1045.2099,0.9015,0.0004,2357684.5754,0.0007,11387204.9060
2026-08-02T14:06:00+05:30,1687.06,677.7619,1009.3006,1.6211,0.0011,5964483.8242,0.0008,11717944.8306
2026-08-02T14:07:00+05:30,1229.70,246.9908,982.7115,0.8443,0.0004,2280381.1810,0.0007,11407573.7388
2026-08-02T14:08:00+05:30,5312.32,3414.8186,1897.4991,17.1515,0.0010,125539987.5373,0.0073,20423697.8290
2026-08-02T14:09:00+05:30,2779.45,1700.4467,1079.0053,3.6877,0.0010,67541705.2754,0.0018,11873177.1648
2026-08-02T14:10:00+05:30,1251.60,276.5621,975.0337,0.8568,0.0005,2407315.6114,0.0007,11025770.3705
2026-08-02T14:11:00+05:30,1246.30,268.5549,977.7441,0.8530,0.0004,2357086.3383,0.0007,10657589.1973
2026-08-02T14:12:00+05:30,1221.01,259.7251,961.2828,0.8421,0.0005,2320099.9584,0.0007,11455288.8297
2026-08-02T14:13:00+05:30,1425.50,247.1492,1178.3476,1.0028,0.0004,2241041.3444,0.0008,14020319.0184
2026-08-02T14:14:00+05:30,4475.24,2686.0343,1789.2061,17.4148,0.0013,62344919.9127,0.0076,19155492.1746
2026-08-02T14:15:00+05:30,3015.80,2045.5598,970.2378,4.9147,0.0014,112361713.9048,0.0023,11213352.8863
2026-08-02T14:16:00+05:30,1262.27,277.3908,984.8838,0.8621,0.0004,2390101.2949,0.0007,10720061.3303
2026-08-02T14:17:00+05:30,1268.97,273.1410,995.8327,0.8728,0.0005,2388024.6708,0.0007,11667762.2270
2026-08-02T14:18:00+05:30,1385.26,260.4073,1124.8542,0.9667,0.0004,2327143.9665,0.0007,13256590.9977
2026-08-02T14:19:00+05:30,1459.28,248.8333,1210.4474,1.0211,0.0004,2283399.1599,0.0007,13164738.9826
2026-08-02T14:20:00+05:30,4193.05,2464.9338,1728.1180,11.0499,0.0008,95977673.4762,0.0054,18775505.9819
2026-08-02T14:21:00+05:30,2901.62,1825.1171,1076.5050,3.5598,0.0011,194675469.7253,0.0014,11499855.9616
2026-08-02T14:22:00+05:30,1236.30,283.2425,953.0596,0.8450,0.0004,2424376.4565,0.0008,11134120.2514
2026-08-02T14:23:00+05:30,1369.24,274.3207,1094.9168,0.9492,0.0004,2402828.3434,0.0007,12787810.1331
2026-08-02T14:24:00+05:30,1439.32,265.3595,1173.9609,1.0004,0.0005,2371566.1076,0.0007,12678628.5638
2026-08-02T14:25:00+05:30,1390.91,254.3658,1136.5394,0.9692,0.0004,2315444.9869,0.0007,12679970.5397
2026-08-02T14:26:00+05:30,4253.43,2565.1543,1688.2792,11.5412,0.0010,109452962.9975,0.0052,17666201.7468
2026-08-02T14:27:00+05:30,2812.46,1695.0407,1117.4177,3.2696,0.0012,184613097.9869,0.0012,12372093.3209
2026-08-02T14:28:00+05:30,1348.73,288.7196,1060.0110,0.9285,0.0005,2485130.6261,0.0007,12335386.5440
2026-08-02T14:29:00+05:30,1414.16,277.9129,1136.2485,0.9770,0.0004,2457477.1364,0.0007,12244315.1580
2026-08-02T14:30:00+05:30,1422.18,360.6500,1061.5333,1.0062,0.0005,14434268.2289,0.0008,14670330.4278
2026-08-02T14:31:00+05:30,2079.74,581.4609,1498.2831,2.8072,0.0007,39442571.0095,0.0016,49957312.7084
2026-08-02T14:32:00+05:30,4421.46,2279.0302,2142.4311,17.7448,0.0011,127798271.2322,0.0071,34596133.8999
2026-08-02T14:33:00+05:30,3728.08,1986.7640,1741.3149,3.9648,0.0011,203292848.4364,0.0011,32836485.1637
2026-08-02T14:34:00+05:30,2548.32,585.2573,1963.0599,9.5323,0.0011,6484610.7120,0.0045,32759943.0562
2026-08-02T14:35:00+05:30,1538.29,246.1010,1292.1887,1.1114,0.0005,2094239.1069,0.0007,19141147.5131
2026-08-02T14:36:00+05:30,1861.18,274.2078,1586.9714,1.3380,0.0005,2308267.2356,0.0007,20811342.3123
2026-08-02T14:37:00+05:30,1914.71,657.4395,1257.2662,1.7185,0.0010,5638860.3426,0.0009,17653060.9959
2026-08-02T14:38:00+05:30,4263.87,2452.1086,1811.7643,4.4429,0.0011,240252406.9129,0.0010,22191110.7855
2026-08-02T14:39:00+05:30,1986.92,346.7859,1640.1341,1.3868,0.0004,4686892.7594,0.0007,18611037.7044
2026-08-02T14:40:00+05:30,1586.36,255.0582,1331.3056,1.1204,0.0004,2674029.0328,0.0007,15178294.2284
2026-08-02T14:41:00+05:30,1687.37,231.8795,1455.4924,1.2061,0.0005,3620940.1843,0.0007,16118310.5615
2026-08-02T14:42:00+05:30,1404.30,224.2152,1180.0890,0.9983,0.0005,3741141.2473,0.0007,13795859.5029
2026-08-02T14:43:00+05:30,2029.37,224.9821,1804.3880,1.4805,0.0005,4082489.5049,0.0007,21163712.9340
2026-08-02T14:44:00+05:30,3903.94,2697.4961,1206.4482,7.2435,0.0015,114762770.6927,0.0025,16832282.7374
2026-08-02T14:45:00+05:30,1741.09,231.7116,1509.3755,1.2466,0.0004,3836919.3640,0.0007,17771839.3280
2026-08-02T14:46:00+05:30,1444.21,235.3657,1208.8473,1.0220,0.0005,3710124.6437,0.0007,13624977.5481
2026-08-02T14:47:00+05:30,1270.80,227.9962,1042.7993,0.8948,0.0005,3397916.7014,0.0007,12473750.5042
2026-08-02T14:48:00+05:30,1816.41,222.1370,1594.2766,1.3191,0.0005,3365478.4000,0.0007,19503308.8000
2026-08-02T14:49:00+05:30,2960.37,1520.4466,1439.9267,4.3851,0.0014,25159514.4809,0.0015,18915452.2246
2026-08-02T14:50:00+05:30,3705.56,2446.7262,1258.8345,8.2741,0.0019,107991400.8435,0.0028,16680936.2738
2026-08-02T14:51:00+05:30,1553.24,268.7923,1284.4428,1.0903,0.0004,3478859.0477,0.0007,14203253.2542
2026-08-02T14:52:00+05:30,1324.43,259.5420,1064.8855,0.9221,0.0004,3201676.8559,0.0007,12237344.4448
2026-08-02T14:53:00+05:30,1410.79,244.7548,1166.0306,1.0024,0.0005,2246636.1364,0.0008,15721060.4273
2026-08-02T14:54:00+05:30,1450.87,236.7412,1214.1238,1.0366,0.0004,2181907.2985,0.0007,16266647.6441
2026-08-02T14:55:00+05:30,3640.40,2081.7211,1558.6829,3.8465,0.0009,137622432.9017,0.0013,17944205.4359
2026-08-02T14:56:00+05:30,2399.72,1027.1703,1372.5497,5.6924,0.0013,92211957.8610,0.0031,14769278.0371
2026-08-02T14:57:00+05:30,1328.02,260.8710,1067.1511,0.9203,0.0004,2258025.9004,0.0007,12049813.6302
2026-08-02T14:58:00+05:30,1421.06,253.8331,1167.2222,1.0038,0.0004,2234150.7899,0.0007,14972953.8031
2026-08-02T14:59:00+05:30,1419.41,246.2328,1173.1731,0.9991,0.0005,2209577.3033,0.0007,14023189.3451
2026-08-02T15:00:00+05:30,1528.95,244.5341,1284.4121,1.0755,0.0005,2217719.6087,0.0008,13819469.4796
2026-08-02T15:01:00+05:30,4547.14,3060.0930,1487.0432,10.0395,0.0011,218073330.8003,0.0045,15837989.5344
2026-08-02T15:02:00+05:30,1888.74,608.6109,1280.1280,1.4859,0.0008,46506197.2864,0.0008,13733827.7828
2026-08-02T15:03:00+05:30,1380.35,267.9890,1112.3594,0.9590,0.0005,2353445.4297,0.0007,12791431.9621
2026-08-02T15:04:00+05:30,1432.09,259.2025,1172.8850,0.9964,0.0004,2329280.0533,0.0007,12561430.6949
2026-08-02T15:05:00+05:30,1330.47,250.2292,1080.2421,0.9250,0.0005,2309403.2210,0.0007,12131622.4201
2026-08-02T15:06:00+05:30,1293.32,241.4305,1051.8922,0.8979,0.0004,2262222.7999,0.0007,11539158.7262
2026-08-02T15:07:00+05:30,5070.56,3512.4507,1558.1058,11.8392,0.0011,270980345.2710,0.0051,16574560.8155
2026-08-02T15:08:00+05:30,1619.35,272.8167,1346.5375,1.1220,0.0004,2371332.4661,0.0007,14633919.4770
2026-08-02T15:09:00+05:30,1671.79,603.0892,1068.6983,1.4479,0.0010,5210069.4137,0.0008,11688993.1853
2026-08-02T15:10:00+05:30,1327.97,257.4886,1070.4772,0.9178,0.0004,2340434.8725,0.0008,11772637.3062
2026-08-02T15:11:00+05:30,1272.78,247.3749,1025.4008,0.8827,0.0004,2278953.8318,0.0007,11652484.4161
2026-08-02T15:12:00+05:30,1310.91,353.5215,957.3848,0.8820,0.0005,3776118.3941,0.0007,11328969.5515
2026-08-02T15:13:00+05:30,5668.84,3803.2511,1865.5918,15.3763,0.0011,278184102.7298,0.0060,19896650.3556
2026-08-02T15:14:00+05:30,1474.29,278.0715,1196.2210,1.0072,0.0004,2838140.9559,0.0007,12730853.2737
2026-08-02T15:15:00+05:30,1258.18,266.3955,991.7814,0.8648,0.0004,2330894.8088,0.0007,11250036.2084
2026-08-02T15:16:00+05:30,1247.56,262.3582,985.2052,0.8561,0.0004,2317008.5635,0.0007,10760206.0578
2026-08-02T15:17:00+05:30,1250.36,251.4087,998.9498,0.8663,0.0004,2267702.9257,0.0007,11827084.7712
2026-08-02T15:18:00+05:30,1410.80,244.7674,1166.0279,0.9924,0.0004,2278164.5114,0.0007,13940174.3767
2026-08-02T15:19:00+05:30,5825.18,3843.1474,1982.0316,14.4032,0.0011,270919798.1716,0.0051,20361998.9675
2026-08-02T15:20:00+05:30,1426.27,403.7397,1022.5347,1.0280,0.0006,18397804.6071,0.0008,11633744.0910
2026-08-02T15:21:00+05:30,1269.17,271.5907,997.5830,0.8690,0.0005,2343400.0433,0.0007,10838412.9619
2026-08-02T15:22:00+05:30,1230.76,266.3534,964.4107,0.8469,0.0004,2318352.7883,0.0007,11397333.7776
2026-08-02T15:23:00+05:30,1431.67,260.0237,1171.6486,1.0023,0.0005,2316398.1795,0.0007,13744608.9725
2026-08-02T15:24:00+05:30,1517.69,249.9542,1267.7378,1.0652,0.0004,2308475.8079,0.0007,13694453.3076
2026-08-02T15:25:00+05:30,5520.47,3815.7566,1704.7177,12.7117,0.0011,273493978.4846,0.0050,18221777.3189
2026-08-02T15:26:00+05:30,1453.39,408.4989,1044.8958,1.0550,0.0006,18810232.0803,0.0008,11285278.5431
2026-08-02T15:27:00+05:30,1264.46,273.6805,990.7812,0.8689,0.0004,2360597.7395,0.0007,11489503.2841
2026-08-02T15:28:00+05:30,1377.22,267.9967,1109.2221,0.9574,0.0005,2352762.7175,0.0007,13006759.3840
2026-08-02T15:29:00+05:30,1491.19,262.6975,1228.4876,1.0403,0.0004,2377320.8025,0.0007,13186346.1974
2026-08-02T15:30:00+05:30,1419.04,251.9542,1167.0861,0.9913,0.0004,2318745.6000,0.0007,12942404.2667
2026-08-02T15:31:00+05:30,5510.95,3855.8799,1655.0673,12.3163,0.0011,276918516.1505,0.0048,17209883.4499
2026-08-02T15:32:00+05:30,1833.39,792.4251,1040.9610,1.6927,0.0010,20223931.6604,0.0008,11789394.5542
2026-08-02T15:33:00+05:30,1351.56,280.4354,1071.1214,0.9343,0.0004,2436981.7485,0.0007,12527909.0591
2026-08-02T15:34:00+05:30,1424.25,271.4000,1152.8500,0.9873,0.0004,2423016.6831,0.0007,12425555.0407
2026-08-02T15:35:00+05:30,1572.80,465.8023,1106.9929,1.0407,0.0004,3922341.1773,0.0007,12405001.2666
2026-08-02T15:36:00+05:30,1378.64,252.5126,1126.1230,0.9586,0.0004,2342619.5310,0.0007,12120874.8437
2026-08-02T15:37:00+05:30,5595.91,3940.1705,1655.7432,15.2346,0.0011,274245322.1434,0.0066,17586254.5043
2026-08-02T15:38:00+05:30,1609.77,421.8727,1187.8993,1.1842,0.0006,20222270.4723,0.0008,13349391.9629
2026-08-02T15:39:00+05:30,1366.78,283.5433,1083.2334,0.9399,0.0004,2499288.9422,0.0007,11760267.6798
2026-08-02T15:40:00+05:30,1325.29,270.5527,1054.7406,0.9154,0.0004,2424267.7690,0.0007,12011619.6826
2026-08-02T15:41:00+05:30,1323.70,260.1363,1063.5593,0.9159,0.0004,2397996.5004,0.0007,11786162.0144
2026-08-02T15:42:00+05:30,1532.23,608.6355,923.5935,1.3062,0.0010,5347796.3571,0.0008,10934361.6578
2026-08-02T15:43:00+05:30,5587.01,3617.7436,1969.2662,16.0023,0.0010,242552832.0000,0.0062,20884002.1333
2026-08-02T15:44:00+05:30,1778.05,686.4167,1091.6333,1.4497,0.0009,53727641.6000,0.0008,11938133.3333
2026-08-02T15:45:00+05:30,1268.94,287.5911,981.3441,0.8668,0.0004,2488466.8223,0.0007,11167711.9040
2026-08-02T15:46:00+05:30,1283.17,276.7046,1006.4668,0.8789,0.0004,2420981.1497,0.0008,11005794.0966
2026-08-02T15:47:00+05:30,1252.00,263.2096,988.7858,0.8637,0.0005,2349531.7759,0.0008,11632861.1324
2026-08-02T15:48:00+05:30,1412.58,253.1424,1159.4372,0.9911,0.0004,2323178.8751,0.0007,13928079.7519
2026-08-02T15:49:00+05:30,5169.03,3218.5146,1950.5134,17.8694,0.0011,190329505.7004,0.0073,20057332.8889
2026-08-02T15:50:00+05:30,2094.64,1111.8127,982.8224,1.9714,0.0010,108108903.6472,0.0008,11344716.8397
2026-08-02T15:51:00+05:30,1291.66,291.5958,1000.0667,0.8804,0.0004,2498563.4136,0.0007,10988026.0688
2026-08-02T15:52:00+05:30,1249.64,275.3775,974.2641,0.8580,0.0004,2395375.5376,0.0007,11427071.2405
2026-08-02T15:53:00+05:30,1397.28,265.3925,1131.8881,0.9746,0.0005,2356844.8977,0.0007,13390217.9564
2026-08-02T15:54:00+05:30,1483.08,256.5504,1226.5318,1.0367,0.0004,2358731.2699,0.0007,13336082.2708
2026-08-02T15:55:00+05:30,4804.65,3020.5820,1784.0644,14.8409,0.0011,158742526.4982,0.0063,18979871.7419
2026-08-02T15:56:00+05:30,2390.99,1387.1274,1003.8674,2.4017,0.0011,143365121.1096,0.0009,10984028.9396
2026-08-02T15:57:00+05:30,1280.97,292.8061,988.1684,0.8751,0.0004,2512340.7432,0.0008,11451599.6667
2026-08-02T15:58:00+05:30,1385.36,280.5620,1104.7983,0.9598,0.0005,2446226.9629,0.0007,12963965.2672
2026-08-02T15:59:00+05:30,1464.44,269.1404,1195.2960,1.0179,0.0005,2420894.3342,0.0007,12878868.3636
2026-08-02T16:00:00+05:30,1419.80,292.1090,1127.6894,0.9913,0.0004,2893787.6510,0.0007,14565186.2345
2026-08-02T16:01:00+05:30,4615.49,2751.4166,1864.0757,15.3097,0.0009,105199544.2895,0.0068,27748876.0229
2026-08-02T16:02:00+05:30,2807.26,1846.7141,960.5493,2.9868,0.0011,199795848.5333,0.0010,11081728.0000
2026-08-02T16:03:00+05:30,1371.78,305.2347,1066.5467,0.9409,0.0004,2586426.4120,0.0007,12433264.2035
2026-08-02T16:04:00+05:30,1420.88,287.4602,1133.4178,0.9793,0.0005,2518408.9636,0.0007,12244906.4959
2026-08-02T16:05:00+05:30,1345.03,268.5853,1076.4411,0.9308,0.0004,2406528.8383,0.0007,12132233.6394
2026-08-02T16:06:00+05:30,1364.08,256.1961,1107.8887,0.9471,0.0005,2366065.0022,0.0007,12153237.1079
2026-08-02T16:07:00+05:30,3917.68,2219.6500,1698.0333,15.6722,0.0011,54903084.6514,0.0079,17888485.8748
2026-08-02T16:08:00+05:30,3399.20,2281.1432,1118.0568,5.0135,0.0012,250410474.6859,0.0021,12898584.2749
2026-08-02T16:09:00+05:30,1378.92,298.5602,1080.3560,0.9435,0.0004,2581637.6483,0.0007,11769583.7888
2026-08-02T16:10:00+05:30,1286.10,281.4521,1004.6503,0.8825,0.0005,2476333.6222,0.0007,11567260.7507
2026-08-02T16:11:00+05:30,1303.14,274.5895,1028.5524,0.8959,0.0004,2456302.8252,0.0007,11534955.9130
2026-08-02T16:12:00+05:30,1211.58,256.9295,954.6477,0.8330,0.0004,2354771.6052,0.0008,10823811.5906
2026-08-02T16:13:00+05:30,3722.83,1923.5256,1799.3067,15.8123,0.0012,51588562.6677,0.0075,19497552.4855
2026-08-02T16:14:00+05:30,3849.10,2603.8729,1245.2255,7.3886,0.0012,256168297.4419,0.0035,13539360.2533
2026-08-02T16:15:00+05:30,1285.74,301.6884,984.0497,0.8710,0.0004,2574720.2453,0.0008,11441752.2959
2026-08-02T16:16:00+05:30,1594.98,631.6482,963.3315,1.3444,0.0009,5405761.4881,0.0009,10783805.3236
2026-08-02T16:17:00+05:30,1254.38,273.1182,981.2654,0.8607,0.0005,2391500.9084,0.0007,11252615.9641
2026-08-02T16:18:00+05:30,1410.94,261.5608,1149.3776,0.9871,0.0004,2349015.8646,0.0007,13727825.0900
2026-08-02T16:19:00+05:30,3158.16,1825.0550,1333.1055,3.9526,0.0007,48511558.3779,0.0020,14438507.5254
2026-08-02T16:20:00+05:30,5379.91,4000.8001,1379.1069,25.6128,0.0029,200128971.8791,0.0101,15512172.1592
2026-08-02T16:21:00+05:30,1293.67,302.0368,991.6328,0.8631,0.0004,2588981.1321,0.0007,11021568.9046
2026-08-02T16:22:00+05:30,1251.42,286.1452,965.2713,0.8549,0.0004,2471879.4827,0.0007,11126597.5203
2026-08-02T16:23:00+05:30,1394.13,277.3916,1116.7342,0.9677,0.0004,2431955.1933,0.0007,13133677.7850
2026-08-02T16:24:00+05:30,1478.55,263.1140,1215.4402,1.0310,0.0004,2366967.6043,0.0007,13155348.8868
2026-08-02T16:25:00+05:30,1420.75,255.2206,1165.5251,0.9923,0.0005,2362706.7509,0.0007,13101097.6719
2026-08-02T16:26:00+05:30,5821.68,4680.2933,1141.3882,11.8985,0.0016,234010101.2916,0.0040,12405750.1875
2026-08-02T16:27:00+05:30,2118.32,1050.4318,1067.8870,7.1671,0.0049,7212011.0700,0.0018,12040185.9224
2026-08-02T16:28:00+05:30,1393.25,241.5845,1151.6631,0.9788,0.0004,2116462.3384,0.0008,13457047.3270
2026-08-02T16:29:00+05:30,1458.45,234.1351,1224.3170,1.0260,0.0005,2112350.9860,0.0007,13420918.7378
2026-08-02T16:30:00+05:30,1415.78,227.9333,1187.8500,0.9980,0.0005,2119406.9333,0.0007,13382792.5333
2026-08-02T16:31:00+05:30,1492.77,223.9701,1268.7975,1.0530,0.0004,2100183.7786,0.0007,13074681.5538
2026-08-02T16:32:00+05:30,4604.80,3605.2711,999.5332,12.1205,0.0025,213117567.5135,0.0030,11865754.4842
2026-08-02T16:33:00+05:30,1860.05,676.0697,1183.9843,2.6498,0.0025,5749086.8254,0.0009,13617116.7503
2026-08-02T16:34:00+05:30,1477.17,237.0101,1240.1607,1.0392,0.0005,2121843.9381,0.0007,13497838.8705
2026-08-02T16:35:00+05:30,1552.55,234.9285,1317.6259,1.0990,0.0005,2169895.8243,0.0007,14355519.7121
2026-08-02T16:36:00+05:30,1323.64,228.9586,1094.6840,0.9248,0.0004,2139801.3636,0.0007,11774062.5781
2026-08-02T16:37:00+05:30,1218.94,223.2443,995.7004,0.8526,0.0004,2110662.5337,0.0008,11921103.3563
2026-08-02T16:38:00+05:30,5292.79,4092.2241,1200.5633,16.5420,0.0028,225449423.7480,0.0042,16180104.4580
2026-08-02T16:39:00+05:30,2143.69,649.3442,1494.3416,2.2479,0.0008,17882043.7333,0.0011,39329792.0000
2026-08-02T16:40:00+05:30,1373.58,254.9340,1118.6492,0.9590,0.0004,2261293.5058,0.0008,12896815.0420
2026-08-02T16:41:00+05:30,1250.26,234.8148,1015.4477,0.8738,0.0004,2107930.1426,0.0008,12079268.3642
2026-08-02T16:42:00+05:30,1241.18,226.9985,1014.1843,0.8793,0.0004,2060049.6692,0.0008,14083025.2179
2026-08-02T16:43:00+05:30,1396.59,219.5736,1177.0158,0.9894,0.0004,2034583.1402,0.0008,13979821.6340
2026-08-02T16:44:00+05:30,5382.08,3634.0399,1748.0392,16.5954,0.0018,257068828.6680,0.0057,33207658.5683
2026-08-02T16:45:00+05:30,1657.16,439.6491,1217.5066,1.8552,0.0006,26286434.8464,0.0012,39274838.1416
2026-08-02T16:46:00+05:30,1340.82,252.4672,1088.3510,0.9959,0.0004,2187974.6616,0.0008,19987494.0321
2026-08-02T16:47:00+05:30,1236.57,237.4737,999.0999,0.8674,0.0004,2078927.8928,0.0007,13097245.7246
2026-08-02T16:48:00+05:30,1473.98,227.2341,1246.7465,1.0456,0.0005,2020084.5164,0.0007,14626416.5833
2026-08-02T16:49:00+05:30,1765.34,351.7870,1413.5494,1.2233,0.0004,3863505.5011,0.0007,15141502.9673
2026-08-02T16:50:00+05:30,4568.25,2948.5060,1619.7444,14.3251,0.0024,61412013.9317,0.0044,17243786.6249
2026-08-02T16:51:00+05:30,1309.44,285.1428,1024.3008,0.8945,0.0004,2465464.5822,0.0008,11231401.5801
2026-08-02T16:52:00+05:30,1275.98,276.5333,999.4500,0.8763,0.0004,2419916.8000,0.0007,11538773.3333
2026-08-02T16:53:00+05:30,1421.62,268.2167,1153.4000,0.9910,0.0004,2394072.0988,0.0007,13387279.8120
2026-08-02T16:54:00+05:30,1559.70,262.5948,1297.1086,1.0920,0.0005,2391318.5901,0.0007,13725780.9849
2026-08-02T16:55:00+05:30,2453.01,1237.9619,1215.0441,1.9718,0.0006,23797174.9254,0.0010,13360386.4193
2026-08-02T16:56:00+05:30,2474.83,876.4541,1598.3801,10.0423,0.0042,31031256.6791,0.0040,16221596.3067
2026-08-02T16:57:00+05:30,1298.19,274.9079,1023.2868,0.8943,0.0004,2458815.3087,0.0007,11854653.6872
2026-08-02T16:58:00+05:30,1349.78,263.5833,1086.2000,0.9379,0.0005,2416338.9390,0.0007,12637053.2842
2026-08-02T16:59:00+05:30,1412.64,251.9126,1160.7247,0.9846,0.0005,2359989.0663,0.0007,12536840.2947
2026-08-02T17:00:00+05:30,1369.14,246.5795,1122.5565,0.9555,0.0004,2357188.1010,0.0007,12585959.1701
2026-08-02T17:01:00+05:30,3371.19,1677.6311,1693.5613,10.2980,0.0008,30376988.7521,0.0052,17849348.4195
2026-08-02T17:02:00+05:30,1326.19,247.0453,1079.1478,2.7047,0.0007,2355456.0427,0.0024,12407213.4689
2026-08-02T17:03:00+05:30,1307.62,247.7500,1059.8667,0.9110,0.0004,2347144.5333,0.0007,12296396.8000
2026-08-02T17:04:00+05:30,1375.29,247.0041,1128.2855,0.9579,0.0005,2381630.3210,0.0007,12176380.2793
2026-08-02T17:05:00+05:30,1753.34,719.5593,1033.7822,1.7575,0.0012,6402517.2494,0.0009,11819706.2765
2026-08-02T17:06:00+05:30,2748.07,1496.7175,1251.3496,2.1746,0.0006,25866898.2455,0.0010,13768762.3173
2026-08-02T17:07:00+05:30,1812.43,235.1696,1577.2617,10.4247,0.0017,2361732.1018,0.0062,16999444.8631
2026-08-02T17:08:00+05:30,1292.77,244.0967,1048.6760,0.9009,0.0005,2368742.3010,0.0007,12200903.3462
2026-08-02T17:09:00+05:30,1743.45,666.9500,1076.5038,1.6107,0.0011,5887202.0934,0.0008,11762252.1126
2026-08-02T17:10:00+05:30,1305.43,241.3534,1064.0720,0.9079,0.0005,2371537.3025,0.0007,12051986.3991
2026-08-02T17:11:00+05:30,1561.71,325.1804,1236.5251,2.7593,0.0006,3869832.1170,0.0020,13419521.8768
2026-08-02T17:12:00+05:30,1813.13,215.4536,1597.6766,8.5579,0.0015,2182144.0000,0.0052,17374344.5333
2026-08-02T17:13:00+05:30,1258.28,209.3128,1048.9647,0.8861,0.0004,2152752.4924,0.0008,12149377.0798
2026-08-02T17:14:00+05:30,1307.52,203.3500,1104.1667,0.9211,0.0005,2093568.7595,0.0007,11949391.6899
2026-08-02T17:15:00+05:30,1240.84,193.7435,1047.0984,0.8760,0.0004,2010830.6585,0.0007,11859238.5047
2026-08-02T17:16:00+05:30,1256.89,188.1437,1068.7477,0.8888,0.0005,1997620.8793,0.0007,11872747.7084
2026-08-02T17:17:00+05:30,2280.60,466.7333,1813.8667,10.0863,0.0009,5433002.6667,0.0052,19459891.2000
2026-08-02T17:18:00+05:30,1218.94,183.1545,1035.7809,0.8642,0.0005,1914752.3498,0.0007,12015497.6335
2026-08-02T17:19:00+05:30,1287.72,176.6284,1111.0907,0.9136,0.0005,1867931.6610,0.0007,12030818.0348
2026-08-02T17:20:00+05:30,1208.81,170.2996,1038.5128,0.8594,0.0004,1782780.8089,0.0007,11872645.7913
2026-08-02T17:21:00+05:30,1203.92,166.6889,1037.2346,0.8559,0.0005,1771647.3216,0.0007,11635280.6427
2026-08-02T17:22:00+05:30,1952.32,174.4891,1777.8259,12.7866,0.0017,2451742.5248,0.0069,18907356.6452
2026-08-02T17:23:00+05:30,1190.80,160.5845,1030.2106,0.8500,0.0005,1723252.1496,0.0007,11945779.3775
2026-08-02T17:24:00+05:30,1248.52,160.8601,1087.6646,0.8896,0.0005,1721562.6604,0.0008,11808756.3927
2026-08-02T17:25:00+05:30,1189.43,156.6510,1032.7801,0.8490,0.0005,1683355.9311,0.0007,11803013.8320
2026-08-02T17:26:00+05:30,1454.66,430.9075,1023.7532,1.1212,0.0007,4066436.0987,0.0008,11734820.4897
2026-08-02T17:27:00+05:30,4239.53,2646.2059,1593.3234,18.5269,0.0030,220295402.4199,0.0069,16747098.2967
2026-08-02T17:28:00+05:30,1379.59,176.0461,1203.5429,0.9711,0.0004,1772542.0034,0.0008,13361026.8135
2026-08-02T17:29:00+05:30,1225.22,168.9087,1056.3084,0.8708,0.0004,2105421.8370,0.0007,11583438.8398
2026-08-02T17:30:00+05:30,1195.94,175.1508,1020.7854,0.8512,0.0004,2552541.1208,0.0007,11836370.8371
2026-08-02T17:31:00+05:30,1216.60,155.4841,1061.1140,0.8688,0.0005,1547772.0760,0.0007,11884473.7088
2026-08-02T17:32:00+05:30,1306.94,323.1392,983.8005,0.9342,0.0006,17886592.5568,0.0008,11525337.5110
2026-08-02T17:33:00+05:30,4404.45,2584.5641,1819.8866,20.4041,0.0035,207921825.0738,0.0063,20283430.7813
2026-08-02T17:34:00+05:30,1228.56,159.3285,1069.2363,0.8633,0.0004,1529265.2918,0.0007,11691931.3806
2026-08-02T17:35:00+05:30,1194.00,155.6844,1038.3128,0.8497,0.0005,1478985.9681,0.0007,11404376.3624
2026-08-02T17:36:00+05:30,1179.46,152.6144,1026.8437,0.8424,0.0004,1489367.6809,0.0007,11745338.3544
2026-08-02T17:37:00+05:30,1115.50,144.8669,970.6299,0.7984,0.0005,1422935.3247,0.0008,11680072.5430
2026-08-02T17:38:00+05:30,3082.84,1224.9033,1857.9356,15.6101,0.0021,108699422.4770,0.0070,20286626.3165
2026-08-02T17:39:00+05:30,2963.67,1823.1696,1140.4977,8.0026,0.0034,125088079.9973,0.0017,12488355.9881
2026-08-02T17:40:00+05:30,1120.72,150.9148,969.8070,0.7940,0.0004,1436292.5366,0.0008,11119254.8281
2026-08-02T17:41:00+05:30,1097.87,147.2201,950.6543,0.7804,0.0005,1406371.8596,0.0008,10554685.6047
2026-08-02T17:42:00+05:30,1124.11,144.3095,979.8010,0.8063,0.0005,1415210.1860,0.0008,11829961.2026
2026-08-02T17:43:00+05:30,1294.94,139.4209,1155.5233,0.9385,0.0005,1371409.9782,0.0007,13898515.7107
2026-08-02T17:44:00+05:30,4560.83,2699.2936,1861.5341,22.4259,0.0030,221592296.5629,0.0077,19615022.7420
2026-08-02T17:45:00+05:30,1476.42,512.9295,963.4872,1.1878,0.0009,18615561.9873,0.0008,11251981.0604
2026-08-02T17:46:00+05:30,1121.29,153.6987,967.5871,0.7940,0.0004,1456162.9143,0.0008,10738663.9559
2026-08-02T17:47:00+05:30,1123.36,146.2240,977.1322,0.8043,0.0005,1403496.3081,0.0008,11626121.5727
2026-08-02T17:48:00+05:30,1286.09,146.0125,1140.0780,0.9287,0.0004,1427423.9419,0.0007,13532702.7523
2026-08-02T17:49:00+05:30,1363.73,138.7223,1225.0050,0.9841,0.0005,1352001.4663,0.0007,13434972.8226
2026-08-02T17:50:00+05:30,4696.82,3037.8563,1658.9598,20.8811,0.0027,237437588.9315,0.0077,18244167.0945
2026-08-02T17:51:00+05:30,1104.76,153.8308,950.9342,0.7711,0.0003,1443611.1398,0.0008,10606756.5541
2026-08-02T17:52:00+05:30,1125.80,149.6251,976.1706,0.8041,0.0004,1424852.9387,0.0007,11508989.3849
2026-08-02T17:53:00+05:30,1261.65,143.8525,1117.7990,0.9100,0.0004,1381400.6301,0.0007,13192229.2267
2026-08-02T17:54:00+05:30,1342.11,143.4596,1198.6466,0.9660,0.0005,1377940.9617,0.0007,13080915.1429
2026-08-02T17:55:00+05:30,2470.25,925.6475,1544.6015,9.5732,0.0016,40578444.8815,0.0051,17183497.5833
2026-08-02T17:56:00+05:30,3785.73,2575.0850,1210.6412,9.0349,0.0021,208071708.3250,0.0030,12891015.3969
2026-08-02T17:57:00+05:30,1126.42,150.6735,975.7435,0.7944,0.0004,1426539.3438,0.0007,11390873.2995
2026-08-02T17:58:00+05:30,1238.90,143.4833,1095.4167,0.8922,0.0004,1362443.4259,0.0007,12862113.0981
2026-08-02T17:59:00+05:30,1309.90,137.3242,1172.5718,0.9431,0.0005,1330041.2313,0.0007,12775467.8933
2026-08-02T18:00:00+05:30,1470.80,377.2371,1093.5677,1.1142,0.0006,26783748.8460,0.0008,21381432.6040
2026-08-02T18:01:00+05:30,4977.17,2038.8282,2938.3416,33.5952,0.0026,50396356.1584,0.0097,78672660.4563
2026-08-02T18:02:00+05:30,6719.35,4197.6560,2521.6978,31.1021,0.0020,236826482.1699,0.0089,72091047.6635
2026-08-02T18:03:00+05:30,6355.33,3751.9456,2603.3796,19.7202,0.0012,82812535.9285,0.0058,63068762.0317
2026-08-02T18:04:00+05:30,3978.42,1534.6988,2443.7185,14.5605,0.0012,46734103.2316,0.0051,87170506.6249
2026-08-02T18:05:00+05:30,4154.17,873.7421,3280.4232,20.6234,0.0020,45239777.8111,0.0058,84706148.0482
2026-08-02T18:06:00+05:30,3198.00,700.6834,2497.3162,11.7591,0.0013,33142306.4895,0.0043,76453568.4876
2026-08-02T18:07:00+05:30,2392.03,558.4686,1833.5611,3.5060,0.0007,26497565.9189,0.0016,62256906.1635
2026-08-02T18:08:00+05:30,5198.89,3374.9521,1823.9412,14.8735,0.0013,230278393.9197,0.0057,99901178.5256
2026-08-02T18:09:00+05:30,3020.93,1561.5126,1459.4194,5.8713,0.0013,63866609.5159,0.0026,63602371.2691
2026-08-02T18:10:00+05:30,2311.66,1006.4669,1305.1935,2.2337,0.0005,29908350.5450,0.0012,48782323.6775
2026-08-02T18:11:00+05:30,3145.85,1139.9660,2005.8847,10.2817,0.0010,41890161.0736,0.0045,58085083.4042
2026-08-02T18:12:00+05:30,2902.28,890.9397,2011.3441,7.1311,0.0008,23262204.1279,0.0031,49836429.3115
2026-08-02T18:13:00+05:30,2475.81,635.0103,1840.8015,3.4043,0.0006,20018288.4577,0.0016,47996218.9771
2026-08-02T18:14:00+05:30,4887.08,3394.7092,1492.3739,16.3231,0.0013,42655560.4747,0.0080,26403127.8837
2026-08-02T18:15:00+05:30,5642.57,3910.4555,1732.1161,18.6307,0.0014,253574437.8509,0.0076,63172637.0012
2026-08-02T18:16:00+05:30,2270.41,1119.5446,1150.8685,4.3455,0.0027,25678745.5949,0.0013,29881674.3628
2026-08-02T18:17:00+05:30,2177.38,795.4121,1381.9685,3.4712,0.0012,18017811.1798,0.0018,31431164.6967
2026-08-02T18:18:00+05:30,2167.48,789.2526,1378.2252,1.8844,0.0009,18450706.3138,0.0009,35669117.1411
2026-08-02T18:19:00+05:30,2323.65,775.2670,1548.3844,3.0918,0.0010,18632912.7964,0.0015,33646733.2567
2026-08-02T18:20:00+05:30,1831.82,755.8248,1075.9975,1.5693,0.0009,18022522.8739,0.0010,17768856.6238
2026-08-02T18:21:00+05:30,5514.98,3673.4602,1841.5211,21.0345,0.0018,197406217.2747,0.0079,57507957.4050
2026-08-02T18:22:00+05:30,3147.41,1816.3847,1331.0276,7.1618,0.0029,69886792.4327,0.0014,31805974.2312
2026-08-02T18:23:00+05:30,1922.21,834.5778,1087.6363,1.7761,0.0010,16627989.1332,0.0009,24853781.6964
2026-08-02T18:24:00+05:30,1896.03,802.2934,1093.7365,1.6668,0.0010,16169772.0591,0.0009,19038979.1660
2026-08-02T18:25:00+05:30,1993.68,775.5245,1218.1600,2.4964,0.0010,15761648.2586,0.0014,21619863.3561
2026-08-02T18:26:00+05:30,2456.62,780.9760,1675.6392,7.6365,0.0015,16295320.1220,0.0038,22999901.1984
2026-08-02T18:27:00+05:30,4994.05,3439.2045,1554.8443,16.0646,0.0020,161683739.7436,0.0059,41180480.8375
2026-08-02T18:28:00+05:30,3409.25,2307.4769,1101.7701,15.7701,0.0053,78123490.8582,0.0031,40461098.8850
2026-08-02T18:29:00+05:30,1384.89,362.9696,1021.9189,0.9818,0.0005,11740036.9370,0.0008,19245342.1342
2026-08-02T18:30:00+05:30,1742.79,787.1046,955.6878,1.5673,0.0010,15072728.4605,0.0008,16678677.7322
2026-08-02T18:31:00+05:30,1835.77,757.4485,1078.3177,1.7867,0.0009,14688322.0689,0.0010,23567698.1937
2026-08-02T18:32:00+05:30,2957.26,953.0430,2004.2173,6.6126,0.0013,28138611.9020,0.0027,22799883.1805
2026-08-02T18:33:00+05:30,5065.00,3446.7869,1618.2088,16.9148,0.0020,151097374.3084,0.0062,37088514.0991
2026-08-02T18:34:00+05:30,4761.51,3328.9776,1432.5311,41.0025,0.0091,134186513.7752,0.0079,42614811.5802
2026-08-02T18:35:00+05:30,2271.23,839.0780,1432.1477,1.7206,0.0006,61461095.4548,0.0010,27232934.9801
2026-08-02T18:36:00+05:30,2035.67,741.6575,1294.0127,1.6213,0.0006,52958320.3934,0.0011,26679880.9234
2026-08-02T18:37:00+05:30,2327.47,718.3359,1609.1305,1.7471,0.0006,57344955.7971,0.0009,28953550.5034
2026-08-02T18:38:00+05:30,2596.58,599.3433,1997.2331,2.0126,0.0006,40809595.9997,0.0009,38965559.6633
2026-08-02T18:39:00+05:30,3051.81,1775.8009,1276.0091,2.5504,0.0007,54200931.0632,0.0013,47765217.4724
2026-08-02T18:40:00+05:30,5625.10,5078.6017,546.4942,54.8067,0.0101,189538615.5000,0.0083,33650674.4461
2026-08-02T18:41:00+05:30,2730.65,1661.2892,1069.3620,17.5479,0.0097,26558774.4613,0.0019,40024656.9005
2026-08-02T18:42:00+05:30,3267.57,1403.0067,1864.5644,2.7207,0.0005,31633544.5333,0.0011,43619123.2000
2026-08-02T18:43:00+05:30,3151.77,1522.8561,1628.9177,3.6082,0.0008,28392578.2875,0.0016,48403051.4804
2026-08-02T18:44:00+05:30,1801.63,426.5167,1375.1167,3.2165,0.0007,23064917.3333,0.0020,41124795.7333
2026-08-02T18:45:00+05:30,2350.38,903.3312,1447.0496,3.5242,0.0007,30209066.5067,0.0019,43492586.5120
2026-08-02T18:46:00+05:30,4715.58,3609.5289,1106.0543,29.6006,0.0067,175394014.1650,0.0051,33109430.0332
2026-08-02T18:47:00+05:30,3950.90,2870.8414,1080.0553,44.4405,0.0132,29133384.5820,0.0068,21583759.1799
2026-08-02T18:48:00+05:30,2911.51,1111.2111,1800.2967,2.0829,0.0005,19626390.7326,0.0008,45495059.5216
2026-08-02T18:49:00+05:30,2498.22,844.0303,1654.1860,3.0978,0.0009,27496241.9231,0.0014,50333698.6630
2026-08-02T18:50:00+05:30,2343.17,786.7724,1556.3980,1.8915,0.0006,21070408.2653,0.0009,46880941.7097
2026-08-02T18:51:00+05:30,1702.70,404.3695,1298.3319,1.9737,0.0007,28650840.1546,0.0013,50011021.4638
2026-08-02T18:52:00+05:30,3511.66,2447.8460,1063.8113,16.7807,0.0052,138033937.1719,0.0039,36976221.0482
2026-08-02T18:53:00+05:30,3315.62,2265.3953,1050.2284,24.3929,0.0094,32637170.5398,0.0031,21871531.0906
2026-08-02T18:54:00+05:30,2134.10,927.8323,1206.2720,2.9943,0.0011,21487397.7305,0.0017,35644065.9191
2026-08-02T18:55:00+05:30,1524.17,169.9390,1354.2285,1.0752,0.0004,1714125.1729,0.0008,13206915.2791
2026-08-02T18:56:00+05:30,1771.85,617.6196,1154.2257,1.8709,0.0013,5553872.8455,0.0010,12636149.7583
2026-08-02T18:57:00+05:30,1292.20,190.2778,1101.9214,0.9068,0.0004,2184924.6767,0.0008,12411614.4514
2026-08-02T18:58:00+05:30,3193.61,1965.7534,1227.8605,30.5243,0.0122,36543651.2291,0.0056,12391961.4699
2026-08-02T18:59:00+05:30,1958.82,633.0728,1325.7446,2.3076,0.0014,5647265.8789,0.0011,15983895.7351
2026-08-02T19:00:00+05:30,1219.03,167.7779,1051.2534,0.8563,0.0004,1702860.6097,0.0007,11349559.4780
2026-08-02T19:01:00+05:30,1593.98,614.9257,979.0514,1.5088,0.0012,5494236.2215,0.0009,10806892.1887
2026-08-02T19:02:00+05:30,1202.49,163.0326,1039.4579,0.8452,0.0004,1669357.7823,0.0008,11413070.5296
2026-08-02T19:03:00+05:30,1748.87,608.6667,1140.2000,1.7749,0.0012,5478877.8667,0.0009,12341998.9333
2026-08-02T19:04:00+05:30,1373.50,157.6509,1215.8451,0.9743,0.0004,1626017.6649,0.0007,12678309.7690
2026-08-02T19:05:00+05:30,1832.38,603.1167,1229.2667,1.8134,0.0012,5400029.8667,0.0009,12238711.4667
2026-08-02T19:06:00+05:30,1331.75,151.5000,1180.2500,0.9447,0.0004,1595077.2513,0.0007,12476965.2828
2026-08-02T19:07:00+05:30,1597.82,590.3902,1007.4332,1.4931,0.0011,5315133.7622,0.0008,11128256.2581
2026-08-02T19:08:00+05:30,1393.42,148.2913,1245.1305,0.9900,0.0004,1570985.2875,0.0007,12706970.3584
2026-08-02T19:09:00+05:30,1824.91,587.3026,1237.6086,1.6651,0.0011,5274060.9537,0.0008,12849270.8236
2026-08-02T19:10:00+05:30,1507.10,144.0689,1363.0304,1.0740,0.0004,1532296.9036,0.0007,13027595.3738
2026-08-02T19:11:00+05:30,1578.94,575.8202,1003.1175,1.4731,0.0011,5189290.9227,0.0009,10975654.8470
2026-08-02T19:12:00+05:30,1254.60,139.5721,1115.0270,0.8893,0.0004,1514286.6474,0.0007,11915878.3556
2026-08-02T19:13:00+05:30,1548.22,166.7805,1381.4388,1.1125,0.0004,2057863.3826,0.0007,14202724.8821
2026-08-02T19:14:00+05:30,1548.79,367.9947,1180.7968,1.2341,0.0009,3448109.6183,0.0008,12295851.9753
2026-08-02T19:15:00+05:30,1496.78,346.2602,1150.5233,1.4080,0.0013,3269564.3363,0.0008,11363132.0057
2026-08-02T19:16:00+05:30,1230.76,131.4811,1099.2817,0.8799,0.0004,1443884.2019,0.0007,11732591.6568
2026-08-02T19:17:00+05:30,1554.14,555.3907,998.7498,1.4124,0.0011,5042575.2767,0.0008,11304555.8074
2026-08-02T19:18:00+05:30,1351.14,124.6292,1226.5091,0.9686,0.0004,1389817.9030,0.0007,13179069.9488
2026-08-02T19:19:00+05:30,1742.61,547.0726,1195.5402,1.7248,0.0012,4946682.4878,0.0009,12629174.0551
2026-08-02T19:20:00+05:30,1858.49,588.0373,1270.4531,1.9490,0.0013,5311222.4389,0.0009,12553134.4766
2026-08-02T19:21:00+05:30,1792.70,608.4754,1184.2224,1.4277,0.0008,5428228.9657,0.0008,12581912.1798
2026-08-02T19:22:00+05:30,1303.17,323.1572,980.0090,1.1856,0.0013,3061841.4392,0.0009,11257187.7887
2026-08-02T19:23:00+05:30,1346.61,110.0447,1236.5694,0.9691,0.0004,1259882.4235,0.0007,12667828.0344
2026-08-02T19:24:00+05:30,1707.79,525.8158,1181.9773,1.5750,0.0011,4767721.6093,0.0008,12392854.1049
2026-08-02T19:25:00+05:30,1389.43,107.5072,1281.9188,0.9953,0.0003,1228745.3830,0.0007,12608328.5552
2026-08-02T19:26:00+05:30,1479.59,315.6324,1163.9582,1.1031,0.0007,3022639.9093,0.0007,12427546.3698
2026-08-02T19:27:00+05:30,1329.61,305.7051,1023.9004,1.1818,0.0013,2934988.8000,0.0009,11208977.0667
2026-08-02T19:28:00+05:30,1347.37,102.2231,1245.1422,0.9730,0.0004,1212110.1908,0.0007,12725621.1316
2026-08-02T19:29:00+05:30,1694.36,508.1423,1186.2155,1.4998,0.0011,4657198.7666,0.0008,12413757.6798
2026-08-02T19:30:00+05:30,1379.40,98.2574,1281.1448,0.9910,0.0004,1165011.9615,0.0007,12553715.2567
2026-08-02T19:31:00+05:30,1272.70,99.8349,1172.8605,0.9245,0.0005,1210566.7222,0.0008,12447455.8186
2026-08-02T19:32:00+05:30,1505.23,500.0834,1005.1510,1.3274,0.0010,4589393.6121,0.0008,11127575.9152
2026-08-02T19:33:00+05:30,1709.48,335.9380,1373.5422,1.2153,0.0006,18922469.0437,0.0007,14509476.0413
2026-08-02T19:34:00+05:30,1877.70,568.5614,1309.1349,1.2650,0.0005,13728554.2349,0.0007,14164175.4322
2026-08-02T19:35:00+05:30,1280.03,89.8772,1190.1555,0.9286,0.0005,1037979.2309,0.0007,11657074.1253
2026-08-02T19:36:00+05:30,1561.24,497.2924,1063.9485,1.3927,0.0011,4493875.3041,0.0008,11546573.3613
2026-08-02T19:37:00+05:30,1190.56,95.8874,1094.6705,0.8588,0.0004,1152454.4985,0.0008,12286429.5264
2026-08-02T19:38:00+05:30,1191.25,92.9577,1098.2915,0.8728,0.0004,1148409.3008,0.0008,14131626.7022
2026-08-02T19:39:00+05:30,2679.06,1554.9260,1124.1334,13.7195,0.0073,12031146.7804,0.0021,13265448.3402
2026-08-02T19:40:00+05:30,1468.11,102.6586,1365.4471,1.0607,0.0004,1276829.6025,0.0008,14007712.3760
2026-08-02T19:41:00+05:30,1410.89,104.1108,1306.7835,1.0228,0.0004,1281723.3887,0.0007,13640638.2723
2026-08-02T19:42:00+05:30,1527.99,484.4818,1043.5044,1.3220,0.0010,4513007.5506,0.0008,11630264.1220
2026-08-02T19:43:00+05:30,1196.79,102.3615,1094.4286,0.8683,0.0004,1265212.2263,0.0008,13551573.8809
2026-08-02T19:44:00+05:30,1448.60,100.1900,1348.4066,1.0550,0.0004,1254551.9035,0.0007,13607546.1031
2026-08-02T19:45:00+05:30,1793.67,485.2833,1308.3833,1.6935,0.0011,4497749.3333,0.0009,13339443.2000
2026-08-02T19:46:00+05:30,1335.95,101.5152,1234.4352,0.9645,0.0004,1257707.9611,0.0007,12949523.9365
2026-08-02T19:47:00+05:30,1577.88,565.8507,1012.0319,1.6885,0.0014,5224062.1271,0.0009,11060756.3244
2026-08-02T19:48:00+05:30,1733.03,469.2167,1263.8167,1.5106,0.0010,4372680.1887,0.0008,12817057.8490
2026-08-02T19:49:00+05:30,1733.29,447.0114,1286.2786,1.6714,0.0011,4176494.4494,0.0009,13212286.5620
2026-08-02T19:50:00+05:30,1324.35,101.4114,1222.9350,0.9552,0.0004,1273942.5448,0.0008,11919160.7012
2026-08-02T19:51:00+05:30,1540.13,471.0216,1069.1081,1.3241,0.0010,4403503.8170,0.0008,11535284.7285
2026-08-02T19:52:00+05:30,1151.61,102.9132,1048.6984,0.8260,0.0004,1287283.0786,0.0007,11400752.9208
2026-08-02T19:53:00+05:30,1363.31,101.9085,1261.4051,0.9905,0.0005,1305755.3170,0.0007,12845775.8517
2026-08-02T19:54:00+05:30,1723.76,466.2366,1257.5220,1.5134,0.0010,4349716.9909,0.0008,13032559.6840
2026-08-02T19:55:00+05:30,1375.44,104.0184,1271.4212,0.9886,0.0004,1299136.3189,0.0008,12395726.5954
2026-08-02T19:56:00+05:30,1226.70,104.4010,1122.2983,0.8892,0.0004,1341465.9379,0.0008,11964254.3661
2026-08-02T19:57:00+05:30,1513.47,466.2522,1047.2135,1.2687,0.0010,4362085.7276,0.0008,11387759.2161
2026-08-02T19:58:00+05:30,1437.51,104.9737,1332.5388,1.0353,0.0004,1319182.7591,0.0008,13365711.4856
2026-08-02T19:59:00+05:30,1597.85,270.5410,1327.3058,1.1580,0.0006,16214769.7538,0.0008,14547520.7413
2026-08-02T20:00:00+05:30,2000.45,786.7273,1213.7226,1.2793,0.0005,13492211.9859,0.0007,12536132.7911
2026-08-02T20:01:00+05:30,1177.96,94.9119,1083.0458,0.8559,0.0005,1154604.6698,0.0007,11678613.9360
2026-08-02T20:02:00+05:30,1209.16,93.8443,1115.3135,0.8827,0.0005,1177669.1281,0.0007,12498968.6130
2026-08-02T20:03:00+05:30,1617.58,485.1576,1132.4233,1.4969,0.0011,4504671.5114,0.0009,15161330.7554
2026-08-02T20:04:00+05:30,1574.75,96.6064,1478.1485,1.1507,0.0004,1239579.8457,0.0008,16264390.8195
2026-08-02T20:05:00+05:30,1451.18,97.9085,1353.2706,1.0564,0.0004,1230540.6549,0.0008,13954455.2621
2026-08-02T20:06:00+05:30,1620.50,473.0308,1147.4680,1.3373,0.0009,4431531.8270,0.0008,12203434.5131
2026-08-02T20:07:00+05:30,1233.55,99.4382,1134.1124,0.8896,0.0004,1284830.8328,0.0007,12004158.6984
2026-08-02T20:08:00+05:30,1282.82,97.6227,1185.2000,0.9360,0.0004,1247715.3234,0.0008,14403486.4892
2026-08-02T20:09:00+05:30,1552.14,97.8009,1454.3424,1.1332,0.0005,1283043.1985,0.0007,14486546.5580
2026-08-02T20:10:00+05:30,1721.54,462.4165,1259.1272,1.5609,0.0010,4342726.4305,0.0009,12803975.6057
2026-08-02T20:11:00+05:30,1228.99,97.7960,1131.1894,0.8850,0.0004,1276581.3174,0.0008,12035401.6105
2026-08-02T20:12:00+05:30,1179.98,93.2407,1086.7413,0.8526,0.0004,1219393.7940,0.0007,11689361.1972
2026-08-02T20:13:00+05:30,1466.50,95.1937,1371.3086,1.0692,0.0005,1259551.5707,0.0008,13692606.1495
2026-08-02T20:14:00+05:30,1713.79,447.9649,1265.8255,1.6127,0.0010,4213490.8497,0.0009,13048038.1346
2026-08-02T20:15:00+05:30,1269.56,89.4938,1180.0710,0.9132,0.0003,1180878.0358,0.0008,11477853.2162
2026-08-02T20:16:00+05:30,1561.27,549.2859,1011.9819,1.5736,0.0013,5105614.4783,0.0008,11046647.2245
2026-08-02T20:17:00+05:30,1569.56,428.7262,1140.8312,1.4534,0.0009,4027059.8587,0.0009,12110120.7839
2026-08-02T20:18:00+05:30,1850.42,522.4689,1327.9495,1.9025,0.0013,4799148.7149,0.0009,13521702.0369
2026-08-02T20:19:00+05:30,1359.28,92.6198,1266.6589,0.9835,0.0003,1198071.6369,0.0007,13001558.8779
2026-08-02T20:20:00+05:30,1271.84,85.2071,1186.6322,0.9165,0.0004,1121627.8419,0.0007,11529438.4959
2026-08-02T20:21:00+05:30,1497.33,420.5466,1076.7872,1.2639,0.0009,3974230.5321,0.0008,11553765.6018
2026-08-02T20:22:00+05:30,1218.39,85.4504,1132.9433,0.8822,0.0004,1126761.8857,0.0007,12089304.2609
2026-08-02T20:23:00+05:30,1434.49,85.1110,1349.3767,1.0459,0.0005,1140933.0045,0.0008,13477808.6794
2026-08-02T20:24:00+05:30,1344.19,96.9710,1247.2202,0.9797,0.0005,1212863.3727,0.0007,12924099.4866
2026-08-02T20:25:00+05:30,1563.09,409.5711,1153.5142,1.2437,0.0008,3847430.7995,0.0008,11279458.7929
2026-08-02T20:26:00+05:30,1131.42,80.5446,1050.8799,0.8195,0.0004,1081476.7016,0.0007,11406531.2979
2026-08-02T20:27:00+05:30,1179.10,80.0233,1099.0749,0.8572,0.0004,1052145.2788,0.0007,11780599.8500
2026-08-02T20:28:00+05:30,1426.52,79.4640,1347.0551,1.0443,0.0004,1063099.0817,0.0007,13502853.3524
2026-08-02T20:29:00+05:30,1722.35,398.3997,1323.9540,1.4780,0.0009,3728328.8493,0.0009,13514662.9328
2026-08-02T20:30:00+05:30,1285.35,82.1516,1203.1961,0.9325,0.0004,1082392.4013,0.0008,11739500.4833
2026-08-02T20:31:00+05:30,1180.59,75.6371,1104.9552,0.8609,0.0004,1027447.5816,0.0007,11790455.9485
2026-08-02T20:32:00+05:30,1701.98,432.6117,1269.3699,1.1744,0.0005,10955296.5018,0.0007,14678988.7172
2026-08-02T20:33:00+05:30,1275.62,67.7644,1207.8597,0.9511,0.0004,935085.6305,0.0007,14689950.8683
2026-08-02T20:34:00+05:30,1500.43,89.8470,1410.5863,1.0997,0.0005,1085881.6706,0.0007,14511166.4278
2026-08-02T20:35:00+05:30,1338.64,67.1655,1271.4788,0.9835,0.0005,928563.2000,0.0007,12961518.9333
2026-08-02T20:36:00+05:30,1207.40,64.6221,1142.7786,0.8870,0.0005,914902.5935,0.0008,12103735.9824
2026-08-02T20:37:00+05:30,1663.50,390.1057,1273.3940,1.3531,0.0008,3656250.4250,0.0008,13046518.5185
2026-08-02T20:38:00+05:30,1252.09,64.4936,1187.5979,0.9280,0.0004,928827.1311,0.0007,14741367.8193
2026-08-02T20:39:00+05:30,1608.36,190.1920,1418.1724,1.1481,0.0004,1837475.1721,0.0007,14628317.8371
2026-08-02T20:40:00+05:30,1322.42,61.3167,1261.1000,0.9728,0.0005,870482.7747,0.0007,12876809.8135
2026-08-02T20:41:00+05:30,1481.36,381.6643,1099.6950,1.1885,0.0008,3590928.6048,0.0008,11807298.1801
2026-08-02T20:42:00+05:30,1192.22,62.3511,1129.8675,0.8758,0.0004,892446.6958,0.0008,12650206.6851
2026-08-02T20:43:00+05:30,1421.90,60.7859,1361.1144,1.0481,0.0004,868339.4352,0.0007,13932627.7883
2026-08-02T20:44:00+05:30,1499.51,196.5836,1302.9248,1.0656,0.0004,1883693.0871,0.0007,13489276.7149
2026-08-02T20:45:00+05:30,1528.38,382.7206,1145.6618,1.2557,0.0008,3580680.6993,0.0008,11253879.9727
2026-08-02T20:46:00+05:30,1590.11,517.7482,1072.3594,1.6034,0.0013,4755810.6158,0.0009,11555286.6594
2026-08-02T20:47:00+05:30,1281.09,68.4603,1212.6319,0.9354,0.0004,948350.4467,0.0008,12695811.1748
2026-08-02T20:48:00+05:30,1411.00,69.1660,1341.8312,1.0303,0.0003,947236.2576,0.0007,13426403.3992
2026-08-02T20:49:00+05:30,2814.15,1665.4886,1148.6588,3.4347,0.0014,107407618.2918,0.0010,12109295.5004
2026-08-02T20:50:00+05:30,2535.70,1485.7676,1049.9300,3.3804,0.0015,129761230.8513,0.0011,11713232.9845
2026-08-02T20:51:00+05:30,1212.10,138.4144,1073.6821,0.8816,0.0004,1569151.4475,0.0007,13869370.9772
2026-08-02T20:52:00+05:30,1287.10,135.7675,1151.3323,0.9256,0.0005,1577280.1387,0.0007,12239740.2926
2026-08-02T20:53:00+05:30,1521.37,137.4896,1383.8806,1.0983,0.0005,1636488.2147,0.0007,13837297.1495
2026-08-02T20:54:00+05:30,1849.89,563.1906,1286.6952,2.1444,0.0013,5247005.8998,0.0011,13329578.0807
2026-08-02T20:55:00+05:30,3670.18,2588.8559,1081.3221,4.0212,0.0012,211318030.1025,0.0010,10774333.5945
2026-08-02T20:56:00+05:30,1303.44,144.2378,1159.2015,0.9295,0.0004,1579211.9707,0.0007,12439996.9340
2026-08-02T20:57:00+05:30,1301.69,144.3476,1157.3474,0.9341,0.0004,1642127.2979,0.0008,12221577.6404
2026-08-02T20:58:00+05:30,1475.05,143.4121,1331.6384,1.0612,0.0004,1651484.0366,0.0007,13318128.8741
2026-08-02T20:59:00+05:30,1771.76,583.4625,1188.2927,1.8401,0.0013,5386441.0554,0.0010,12491513.1090
2026-08-02T21:00:00+05:30,2857.75,1778.2202,1079.5296,2.6581,0.0010,145828121.8098,0.0008,10701881.5220
2026-08-02T21:01:00+05:30,1920.00,940.3017,979.6949,2.0679,0.0013,66292310.6777,0.0008,11498298.5746
2026-08-02T21:02:00+05:30,1290.56,161.2285,1129.3328,0.9476,0.0005,4352580.1893,0.0008,16218543.6608
2026-08-02T21:03:00+05:30,1614.26,133.2122,1481.0506,1.1939,0.0005,1566462.9846,0.0007,19221204.6265
2026-08-02T21:04:00+05:30,1685.19,569.5120,1115.6756,1.7615,0.0012,5247035.7976,0.0009,16482911.8059
2026-08-02T21:05:00+05:30,1433.32,130.2927,1303.0273,1.0359,0.0003,1519578.5824,0.0007,15645206.9080
2026-08-02T21:06:00+05:30,1636.32,211.8333,1424.4833,1.1988,0.0005,10713702.4000,0.0007,16857770.6667
2026-08-02T21:07:00+05:30,1430.05,137.0258,1293.0195,1.0454,0.0005,1633661.9775,0.0007,15961537.7025
2026-08-02T21:08:00+05:30,1863.70,132.2833,1731.4167,1.3620,0.0005,1609932.8000,0.0007,17688507.7333
2026-08-02T21:09:00+05:30,1691.53,550.9150,1140.6120,1.5742,0.0011,5167750.9416,0.0008,11723726.5424
2026-08-02T21:10:00+05:30,1180.57,123.9271,1056.6472,0.8340,0.0004,1533491.2836,0.0007,10752938.6354
2026-08-02T21:11:00+05:30,1237.99,288.4481,949.5416,0.8691,0.0005,9131027.9713,0.0008,12391850.9085
2026-08-02T21:12:00+05:30,2148.33,913.9977,1234.3276,1.3919,0.0005,25990386.1356,0.0007,14021274.8542
2026-08-02T21:13:00+05:30,1187.11,92.1211,1094.9873,0.8787,0.0004,1169164.3587,0.0008,14560939.0591
2026-08-02T21:14:00+05:30,1465.07,90.7848,1374.2896,1.0749,0.0005,1145757.6586,0.0007,14751894.3965
2026-08-02T21:15:00+05:30,1470.61,91.8850,1378.7257,1.0775,0.0005,1203966.8606,0.0007,14419334.7447
2026-08-02T21:16:00+05:30,1496.70,172.4328,1324.2676,1.0720,0.0004,1585198.2802,0.0008,14035178.8821
2026-08-02T21:17:00+05:30,1252.85,91.5167,1161.3333,0.9115,0.0005,1226158.0360,0.0007,12111595.9933
2026-08-02T21:18:00+05:30,1497.69,472.8764,1024.8154,1.3465,0.0011,4471100.3266,0.0008,13781711.6192
2026-08-02T21:19:00+05:30,1569.20,89.2789,1479.9260,1.1443,0.0004,1206075.1629,0.0008,15038053.4307
2026-08-02T21:20:00+05:30,1603.69,88.4270,1515.2601,1.1698,0.0004,1189344.0901,0.0007,14820033.0039
2026-08-02T21:21:00+05:30,1179.55,88.4000,1091.1500,0.8595,0.0004,1251191.4667,0.0008,11759138.1333
2026-08-02T21:22:00+05:30,1199.17,86.3856,1112.7812,0.8740,0.0005,1191600.8665,0.0007,11782160.0400
2026-08-02T21:23:00+05:30,2080.84,907.6238,1173.2157,2.9160,0.0018,8156559.5585,0.0011,12101647.4668
2026-08-02T21:24:00+05:30,1276.57,87.8637,1188.7104,0.9239,0.0004,1186912.9696,0.0008,12368756.7748
2026-08-02T21:25:00+05:30,1293.86,85.5281,1208.3278,0.9332,0.0004,1151812.2416,0.0008,11840998.5331
2026-08-02T21:26:00+05:30,1588.55,539.6368,1048.9170,1.5817,0.0013,4971038.1046,0.0008,11466807.2444
2026-08-02T21:27:00+05:30,1156.93,83.3806,1073.5456,0.8367,0.0004,1137561.5676,0.0007,11502952.1095
2026-08-02T21:28:00+05:30,1339.27,83.3792,1255.8860,0.9709,0.0004,1142312.6604,0.0007,12778040.3239
2026-08-02T21:29:00+05:30,1724.81,449.7966,1275.0100,1.6060,0.0011,4234566.1837,0.0009,13187416.7764
2026-08-02T21:30:00+05:30,1394.93,85.9690,1308.9652,1.0095,0.0004,1159793.9010,0.0007,12695006.2990
2026-08-02T21:31:00+05:30,1121.23,85.9319,1035.2994,0.8142,0.0004,1157529.6000,0.0007,11325098.6667
2026-08-02T21:32:00+05:30,1185.05,80.8315,1104.2191,0.8651,0.0005,1118549.6008,0.0007,11749755.1885
2026-08-02T21:33:00+05:30,1369.23,77.9755,1291.2542,1.0023,0.0005,1078487.5098,0.0007,13069016.0815
2026-08-02T21:34:00+05:30,1296.24,77.9513,1218.2870,0.9487,0.0005,1082659.1110,0.0008,12659308.5885
2026-08-02T21:35:00+05:30,1642.52,428.8047,1213.7108,1.4527,0.0011,4026244.2552,0.0008,11995394.4444
2026-08-02T21:36:00+05:30,1187.45,78.6654,1108.7815,0.8631,0.0004,1092676.2667,0.0007,12030702.9333
2026-08-02T21:37:00+05:30,1143.30,78.0284,1065.2765,0.8340,0.0005,1067441.1828,0.0008,11471817.8393
2026-08-02T21:38:00+05:30,1324.43,76.6436,1247.7830,0.9686,0.0004,1057864.7820,0.0007,12731314.5753
2026-08-02T21:39:00+05:30,1286.02,73.4422,1212.5791,0.9424,0.0004,1016135.0194,0.0007,12670569.0342
2026-08-02T21:40:00+05:30,1676.52,425.1762,1251.3458,1.4830,0.0011,3974758.4000,0.0008,12457096.5333
2026-08-02T21:41:00+05:30,1199.27,73.4463,1125.8270,0.8738,0.0004,1024887.4075,0.0007,12229908.9394
2026-08-02T21:42:00+05:30,1148.20,73.1150,1075.0825,0.8350,0.0004,1020004.6687,0.0008,11557025.1109
2026-08-02T21:43:00+05:30,1323.38,67.2076,1256.1685,0.9707,0.0004,957619.0460,0.0007,12856170.4680
2026-08-02T21:44:00+05:30,1290.37,67.4036,1222.9669,0.9470,0.0005,961225.9882,0.0007,12716645.6044
2026-08-02T21:45:00+05:30,1420.49,64.4199,1356.0678,1.0432,0.0004,918626.8876,0.0008,13162456.8819
2026-08-02T21:46:00+05:30,1491.49,423.8263,1067.6655,1.2523,0.0010,3947383.4667,0.0008,11753745.0667
2026-08-02T21:47:00+05:30,1182.15,58.9784,1123.1731,0.8657,0.0004,861317.0236,0.0008,11963146.0045
2026-08-02T21:48:00+05:30,1375.01,57.5651,1317.4495,1.0088,0.0004,850265.1494,0.0007,13330716.2065
2026-08-02T21:49:00+05:30,1275.91,54.0923,1221.8203,0.9381,0.0005,820565.5609,0.0007,12676092.4154
2026-08-02T21:50:00+05:30,1250.20,52.3947,1197.8095,0.9185,0.0005,798483.4047,0.0007,11764964.0089
2026-08-02T21:51:00+05:30,1149.75,51.4124,1098.3418,0.8487,0.0005,779608.6326,0.0008,11907376.7853
2026-08-02T21:52:00+05:30,1455.09,400.3933,1054.6945,1.1872,0.0009,3694434.0494,0.0008,11415995.0672
2026-08-02T21:53:00+05:30,1296.38,44.6500,1251.7333,0.9546,0.0004,709427.2000,0.0008,12783069.8667
2026-08-02T21:54:00+05:30,1266.71,44.7704,1221.9352,0.9337,0.0005,706562.3896,0.0007,12728500.5834
2026-08-02T21:55:00+05:30,1317.51,42.3493,1275.1621,0.9711,0.0004,681756.4748,0.0008,12599626.9458
2026-08-02T21:56:00+05:30,1190.36,41.7049,1148.6507,0.8818,0.0005,662605.3040,0.0007,12382423.8161
2026-08-02T21:57:00+05:30,1310.11,234.0355,1076.0732,1.0222,0.0008,2307242.2344,0.0008,11535733.3689
2026-08-02T21:58:00+05:30,1902.72,635.8243,1266.8989,2.2522,0.0013,5668144.7903,0.0011,12972464.2357
2026-08-02T21:59:00+05:30,1373.41,39.8074,1333.6055,1.0161,0.0004,653569.1005,0.0008,13575413.7368
2026-08-02T22:00:00+05:30,1638.65,500.1334,1138.5157,1.7043,0.0014,4468754.7094,0.0009,11202648.0846
2026-08-02T22:01:00+05:30,2435.50,1386.7313,1048.7663,1.8211,0.0007,33458969.6768,0.0008,13328856.2479
2026-08-02T22:02:00+05:30,1361.45,98.6627,1262.7893,1.0037,0.0005,2738794.0573,0.0007,14369977.9567
2026-08-02T22:03:00+05:30,1174.88,68.7333,1106.1500,0.8861,0.0005,931498.6667,0.0008,16286515.2000
2026-08-02T22:04:00+05:30,1409.07,70.3049,1338.7602,1.0490,0.0005,938168.9718,0.0008,16111047.0922
2026-08-02T22:05:00+05:30,1535.70,73.5468,1462.1514,1.1339,0.0004,987248.7289,0.0008,15534675.2238
2026-08-02T22:06:00+05:30,1294.24,74.7393,1219.5028,0.9512,0.0005,1025143.0666,0.0008,13130866.5967
2026-08-02T22:07:00+05:30,1272.89,71.4190,1201.4704,0.9332,0.0005,989294.7904,0.0007,12480901.5587
2026-08-02T22:08:00+05:30,1257.64,70.2070,1187.4354,0.9372,0.0004,982387.3054,0.0007,15121213.4547
2026-08-02T22:09:00+05:30,1813.43,416.0196,1397.4073,1.8459,0.0012,3896366.5811,0.0010,15110918.9189
2026-08-02T22:10:00+05:30,1359.81,74.8375,1284.9692,0.9916,0.0004,1009290.9848,0.0007,13160507.3821
2026-08-02T22:11:00+05:30,1179.16,73.0922,1106.0705,0.8585,0.0004,1004485.9701,0.0008,11945454.5091
2026-08-02T22:12:00+05:30,1194.48,69.0667,1125.4167,0.8754,0.0005,951653.1942,0.0008,11889042.9507
2026-08-02T22:13:00+05:30,1424.68,70.7655,1353.9108,1.0461,0.0005,981521.7746,0.0008,13560059.8657
2026-08-02T22:14:00+05:30,1327.36,70.0880,1257.2672,0.9746,0.0005,962608.1304,0.0007,12908506.7587
2026-08-02T22:15:00+05:30,1263.33,68.2402,1195.0862,0.9234,0.0005,927700.2367,0.0007,11687807.7141
2026-08-02T22:16:00+05:30,1443.36,423.6102,1019.7474,1.2606,0.0011,3941874.4167,0.0008,11349117.1844
2026-08-02T22:17:00+05:30,1257.91,66.1822,1191.7301,0.9198,0.0004,911890.9352,0.0007,12482351.9608
2026-08-02T22:18:00+05:30,1440.37,63.2312,1377.1374,1.0559,0.0004,894400.0533,0.0008,13811388.1537
2026-08-02T22:19:00+05:30,1349.57,62.2708,1287.3025,0.9937,0.0004,873954.4295,0.0007,13226676.6231
2026-08-02T22:20:00+05:30,1192.82,64.4355,1128.3876,0.8716,0.0005,885038.5680,0.0007,11100461.7487
2026-08-02T22:21:00+05:30,1082.82,60.6864,1022.1344,0.7955,0.0005,862865.5433,0.0008,11240805.2403
2026-08-02T22:22:00+05:30,1196.59,57.9041,1138.6866,0.8804,0.0005,829383.0106,0.0007,12035267.5042
2026-08-02T22:23:00+05:30,1707.96,406.2531,1301.7066,1.5870,0.0011,3760343.9885,0.0009,13261791.5403
2026-08-02T22:24:00+05:30,1303.15,53.4869,1249.6666,0.9572,0.0004,780203.4802,0.0008,12954668.4446
2026-08-02T22:25:00+05:30,1262.97,52.3833,1210.5833,0.9240,0.0004,756748.6125,0.0008,11845692.8949
2026-08-02T22:26:00+05:30,1144.63,67.0412,1077.5924,0.8370,0.0004,821125.3125,0.0007,11710474.5141
2026-08-02T22:27:00+05:30,1208.65,52.5509,1156.1026,0.8915,0.0005,764816.9606,0.0008,12188463.8821
2026-08-02T22:28:00+05:30,1471.28,55.2472,1416.0292,1.0865,0.0005,810066.5289,0.0008,14148074.3950
2026-08-02T22:29:00+05:30,1409.65,108.2653,1301.3831,1.0251,0.0005,1230233.3611,0.0008,13297837.0272
2026-08-02T22:30:00+05:30,1428.01,346.4757,1081.5384,1.3547,0.0012,3240171.3819,0.0009,10769114.1824
2026-08-02T22:31:00+05:30,1281.94,246.0295,1035.9137,0.8802,0.0004,1662604.9395,0.0007,11366560.4106
2026-08-02T22:32:00+05:30,1226.53,61.0606,1165.4668,0.9024,0.0004,854217.8818,0.0007,12277692.5923
2026-08-02T22:33:00+05:30,1811.86,519.7493,1292.1069,1.9465,0.0014,4742794.3270,0.0009,13099445.2944
2026-08-02T22:34:00+05:30,1332.52,58.7098,1273.8123,0.9771,0.0004,831763.1605,0.0008,13128502.7505
2026-08-02T22:35:00+05:30,1679.22,522.8508,1156.3719,1.7030,0.0014,4691178.5589,0.0009,11355294.1647
2026-08-02T22:36:00+05:30,1134.46,71.5631,1062.8969,0.8258,0.0003,947562.2219,0.0007,11587619.0190
2026-08-02T22:37:00+05:30,1586.28,402.2263,1184.0496,1.4368,0.0010,3712616.4203,0.0009,12440343.2704
2026-08-02T22:38:00+05:30,1412.70,57.0466,1355.6497,1.0371,0.0004,797950.4551,0.0008,13678233.7212
2026-08-02T22:39:00+05:30,1315.77,57.6452,1258.1285,0.9655,0.0004,820346.7653,0.0008,13012168.6498
2026-08-02T22:40:00+05:30,1192.10,55.6296,1136.4742,0.8741,0.0005,792809.4262,0.0008,11187596.3535
2026-08-02T22:41:00+05:30,1103.05,66.4511,1036.6006,0.8100,0.0004,942489.6000,0.0007,11455965.8667
2026-08-02T22:42:00+05:30,1237.42,50.7910,1186.6280,0.9138,0.0005,746198.3297,0.0008,12443125.1354
2026-08-02T22:43:00+05:30,1420.26,49.6625,1370.6024,1.0493,0.0004,735046.4636,0.0008,13754201.9865
2026-08-02T22:44:00+05:30,1666.34,388.9593,1277.3852,1.4552,0.0010,3585408.0704,0.0008,13185478.4739
2026-08-02T22:45:00+05:30,1176.88,52.4886,1124.3897,0.8597,0.0004,744696.2491,0.0007,11094069.8849
2026-08-02T22:46:00+05:30,1131.65,60.3317,1071.3178,0.8291,0.0004,828486.5883,0.0007,11731897.2410
2026-08-02T22:47:00+05:30,1228.98,47.6325,1181.3502,0.9050,0.0004,710190.7967,0.0008,12387291.5931
2026-08-02T22:48:00+05:30,1394.43,48.0683,1346.3615,1.0306,0.0005,715948.3307,0.0008,13550723.4028
2026-08-02T22:49:00+05:30,1324.54,45.8841,1278.6546,0.9809,0.0005,695773.8667,0.0007,13165704.5333
2026-08-02T22:50:00+05:30,1190.58,45.2621,1145.3221,0.8758,0.0005,673835.1560,0.0008,11223165.6442
2026-08-02T22:51:00+05:30,1152.84,43.5478,1109.2945,0.8543,0.0005,674031.3651,0.0007,12056177.9911
2026-08-02T22:52:00+05:30,1567.93,387.3646,1180.5634,1.4302,0.0010,3567937.5896,0.0009,12406667.2445
2026-08-02T22:53:00+05:30,1363.48,44.4730,1319.0089,1.0051,0.0004,673782.5471,0.0007,13314781.2641
2026-08-02T22:54:00+05:30,1337.32,40.8939,1296.4222,0.9882,0.0004,628699.4834,0.0008,13352987.3021
2026-08-02T22:55:00+05:30,1159.28,41.9042,1117.3784,0.8520,0.0005,646140.3474,0.0007,11019205.3872
2026-08-02T22:56:00+05:30,1193.80,39.6993,1154.0974,0.8852,0.0005,628111.1315,0.0007,12389237.7794
2026-08-02T22:57:00+05:30,1228.84,43.9022,1184.9426,0.9095,0.0004,650613.8640,0.0008,12405014.9174
2026-08-02T22:58:00+05:30,1400.27,38.6686,1361.6014,1.0375,0.0005,612051.4701,0.0008,13656906.1937
2026-08-02T22:59:00+05:30,1636.23,371.4019,1264.8299,1.3831,0.0009,3414596.3298,0.0008,13164860.9097
2026-08-02T23:00:00+05:30,1148.17,33.4900,1114.6823,0.8449,0.0004,574905.9282,0.0007,10979583.9915
2026-08-02T23:01:00+05:30,1143.62,34.6684,1108.9554,0.8468,0.0004,566709.9355,0.0008,12022907.2787
2026-08-02T23:02:00+05:30,1220.06,31.1917,1188.8670,0.9039,0.0004,539040.8109,0.0008,12416990.1307
2026-08-02T23:03:00+05:30,1389.24,30.0415,1359.1982,1.0312,0.0005,529795.1948,0.0007,13612931.5872
2026-08-02T23:04:00+05:30,1705.59,415.7457,1289.8435,1.2673,0.0007,4721348.2022,0.0008,15597381.7406
2026-08-02T23:05:00+05:30,1344.36,41.2882,1303.0687,1.0220,0.0005,553238.5651,0.0007,13718104.2806
2026-08-02T23:06:00+05:30,1146.75,20.4997,1126.2479,0.8565,0.0005,406104.8632,0.0008,12239054.4315
2026-08-02T23:07:00+05:30,1554.71,134.7522,1419.9570,1.1354,0.0005,3772956.7493,0.0007,14869820.0970
2026-08-02T23:08:00+05:30,1197.71,34.3150,1163.3918,0.9111,0.0005,524270.5243,0.0008,16367616.5461
2026-08-02T23:09:00+05:30,1222.02,41.5174,1180.5030,0.9234,0.0005,636313.6000,0.0008,15812130.1333
2026-08-02T23:10:00+05:30,1530.31,48.4707,1481.8402,1.1344,0.0005,700884.0070,0.0008,15199474.6229
2026-08-02T23:11:00+05:30,1544.43,502.3251,1042.1021,1.5542,0.0013,4554774.9387,0.0008,12070696.3348
2026-08-02T23:12:00+05:30,1834.12,492.7848,1341.3317,1.8477,0.0011,10995765.6469,0.0010,14863527.5612
2026-08-02T23:13:00+05:30,1721.46,541.7222,1179.7406,1.6421,0.0013,4873319.6426,0.0008,14222525.6701
2026-08-02T23:14:00+05:30,1390.21,83.4319,1306.7782,1.0086,0.0004,1068628.5895,0.0008,13180913.1181
2026-08-02T23:15:00+05:30,1127.35,83.2417,1044.1123,0.8137,0.0004,1020075.0592,0.0007,10982257.5076
2026-08-02T23:16:00+05:30,1070.30,78.0667,992.2333,0.7812,0.0005,1006387.2000,0.0007,11021448.5333
2026-08-02T23:17:00+05:30,4062.33,3231.1513,831.1747,18.5719,0.0051,230961594.6392,0.0025,9275554.5332
2026-08-02T23:18:00+05:30,1421.12,132.4179,1288.6997,1.0128,0.0003,1588243.5049,0.0007,13122121.3525
2026-08-02T23:19:00+05:30,1312.33,129.2167,1183.1167,0.9419,0.0005,1573888.0000,0.0007,12405350.4000
2026-08-02T23:20:00+05:30,1362.21,126.6418,1235.5657,0.9803,0.0005,1538218.8146,0.0007,12218022.0015
2026-08-02T23:21:00+05:30,1605.96,518.9160,1087.0471,1.5079,0.0012,4863906.1365,0.0009,11966542.9819
2026-08-02T23:22:00+05:30,1525.51,469.0749,1056.4350,1.0963,0.0006,30734263.9296,0.0007,11455027.4593
2026-08-02T23:23:00+05:30,4044.35,3112.2485,932.0974,19.2983,0.0056,194939840.9549,0.0022,10022270.0432
2026-08-02T23:24:00+05:30,1335.42,119.9020,1215.5203,0.9538,0.0004,1464505.3502,0.0007,12684710.8237
2026-08-02T23:25:00+05:30,1520.87,120.2240,1400.6465,1.1012,0.0004,1463295.8976,0.0007,13623052.7544
2026-08-02T23:26:00+05:30,1348.28,120.8419,1227.4348,1.0012,0.0005,1501450.2608,0.0008,17018506.9413
2026-08-02T23:27:00+05:30,1275.04,121.3637,1153.6718,0.9224,0.0004,1501875.7710,0.0007,12469222.0185
2026-08-02T23:28:00+05:30,3227.93,2001.6833,1226.2425,3.2888,0.0011,191807852.8049,0.0009,12675946.5351
2026-08-02T23:29:00+05:30,2935.83,2018.1467,917.6818,18.4687,0.0081,34164957.7577,0.0024,10173349.8192
2026-08-02T23:30:00+05:30,1300.01,123.9893,1176.0224,0.9221,0.0004,1466447.2157,0.0007,11655093.5645
2026-08-02T23:31:00+05:30,1177.83,119.1647,1058.6657,0.8478,0.0004,1433825.2725,0.0007,11799500.0167
2026-08-02T23:32:00+05:30,1184.20,122.1361,1062.0678,0.8538,0.0005,1468594.9846,0.0007,11702486.6450
2026-08-02T23:33:00+05:30,1531.12,122.6289,1408.4908,1.1105,0.0004,1503407.3975,0.0007,14119808.3776
2026-08-02T23:34:00+05:30,4531.02,3457.3929,1073.6289,19.8564,0.0051,220843980.9971,0.0023,11351104.2656
2026-08-02T23:35:00+05:30,1329.28,171.3081,1157.9754,1.3760,0.0027,1635451.0274,0.0008,11399075.9129
2026-08-02T23:36:00+05:30,1250.95,123.1605,1127.7936,0.8974,0.0004,1466021.6323,0.0007,12128468.7766
2026-08-02T23:37:00+05:30,1261.05,126.8167,1134.2333,0.9096,0.0005,1524940.8000,0.0008,12208128.0000
2026-08-02T23:38:00+05:30,1734.41,533.7699,1200.6366,1.6721,0.0012,4989081.9891,0.0009,15671800.5599
2026-08-02T23:39:00+05:30,1299.92,125.9668,1173.9565,0.9293,0.0004,1554954.7447,0.0007,12391231.2436
2026-08-02T23:40:00+05:30,4441.49,3530.1470,911.3422,19.7629,0.0051,222470855.9620,0.0022,11712491.6924
2026-08-02T23:41:00+05:30,1426.86,136.0023,1290.8548,1.0685,0.0004,2364279.4667,0.0007,21819733.3333
2026-08-02T23:42:00+05:30,1591.20,126.3851,1464.8171,1.1701,0.0004,1492438.9642,0.0007,17619406.6718
2026-08-02T23:43:00+05:30,1618.78,130.3029,1488.4733,1.2062,0.0004,1540984.1312,0.0007,20639560.4747
2026-08-02T23:44:00+05:30,1600.16,128.1295,1472.0305,1.1864,0.0005,1544167.3529,0.0007,19144753.0212
2026-08-02T23:45:00+05:30,1453.25,234.8078,1218.4406,1.0512,0.0006,12997848.6308,0.0007,13275357.2560
2026-08-02T23:46:00+05:30,1145.19,129.2861,1015.9024,0.8243,0.0005,1574491.7486,0.0008,11676979.7633
2026-08-02T23:47:00+05:30,1591.98,529.6107,1062.3709,1.4682,0.0011,4953940.4119,0.0009,11634409.1182
2026-08-02T23:48:00+05:30,1381.27,121.6622,1259.6093,0.9907,0.0003,1522132.1777,0.0007,12985606.9339
2026-08-02T23:49:00+05:30,1316.55,121.5964,1194.9508,0.9524,0.0004,1533790.1981,0.0007,12583550.3341
2026-08-02T23:50:00+05:30,1407.74,124.9854,1282.7547,1.0156,0.0004,1536435.2073,0.0008,12608039.4673
2026-08-02T23:51:00+05:30,1197.78,118.6234,1079.1601,0.8649,0.0005,1493686.7261,0.0007,11815907.0744
2026-08-02T23:52:00+05:30,1228.26,115.5866,1112.6690,0.8887,0.0005,1493440.0320,0.0007,12029601.4138
2026-08-02T23:53:00+05:30,1665.24,112.4371,1552.8018,1.2157,0.0005,1472653.8994,0.0007,15313798.2232
2026-08-02T23:54:00+05:30,1343.22,110.0298,1233.1906,0.9747,0.0005,1436111.7110,0.0008,12755737.9191
2026-08-02T23:55:00+05:30,1757.14,692.6654,1064.4774,1.6553,0.0011,6818632.4826,0.0008,10690676.7574
2026-08-02T23:56:00+05:30,1499.34,492.9434,1006.3984,1.3470,0.0011,4649699.8134,0.0008,11191042.3887
2026-08-02T23:57:00+05:30,1208.81,103.6207,1105.1877,0.8690,0.0004,1383587.2439,0.0008,11933687.4990
2026-08-02T23:58:00+05:30,1769.22,531.7780,1237.4438,1.7416,0.0013,4928100.2500,0.0009,12749610.5316
2026-08-02T23:59:00+05:30,1299.41,96.1263,1203.2870,0.9389,0.0004,1298813.3011,0.0008,12653188.8324
2026-08-03T00:00:00+05:30,1533.29,286.9549,1246.3328,1.0552,0.0004,2067595.1460,0.0008,12324049.6066
2026-08-03T00:01:00+05:30,1210.23,95.3444,1114.8899,0.8811,0.0005,1295603.8258,0.0007,12115871.6300
2026-08-03T00:02:00+05:30,1147.13,91.1758,1055.9492,0.8346,0.0005,1242190.8874,0.0007,11505783.7054
2026-08-03T00:03:00+05:30,1327.40,90.7121,1236.6882,0.9677,0.0004,1234424.9858,0.0007,12751720.0093
2026-08-03T00:04:00+05:30,1291.28,86.1885,1205.0893,0.9434,0.0005,1190207.1724,0.0007,12668808.9588
2026-08-03T00:05:00+05:30,1702.74,462.5317,1240.2039,1.5600,0.0011,4358175.6631,0.0009,12473474.6102
2026-08-03T00:06:00+05:30,1252.41,86.3722,1166.0414,0.9104,0.0004,1175037.1828,0.0007,12635764.5646
2026-08-03T00:07:00+05:30,1155.49,84.8610,1070.6286,0.8426,0.0004,1172470.1020,0.0007,11596641.2906
2026-08-03T00:08:00+05:30,1445.85,82.1238,1363.7242,1.0595,0.0004,1133094.4723,0.0007,13781841.7185
2026-08-03T00:09:00+05:30,1442.22,79.7953,1362.4210,1.0598,0.0005,1113683.2139,0.0008,13861672.4121
2026-08-03T00:10:00+05:30,1223.01,79.4854,1143.5237,0.8900,0.0005,1101603.6793,0.0007,11319762.7141
2026-08-03T00:11:00+05:30,1122.14,75.6560,1046.4806,0.8211,0.0005,1106065.4541,0.0007,11498382.4878
2026-08-03T00:12:00+05:30,1152.08,71.2976,1080.7806,0.8439,0.0005,1012821.8922,0.0007,11676907.3546
2026-08-03T00:13:00+05:30,1402.43,72.2153,1330.2174,1.0299,0.0004,1040192.2186,0.0007,13520519.6034
2026-08-03T00:14:00+05:30,1664.88,429.2881,1235.5951,1.5271,0.0011,4019331.4221,0.0008,12919235.6824
2026-08-03T00:15:00+05:30,1304.40,71.7489,1232.6504,0.9473,0.0004,1019561.7790,0.0008,12154853.3707
2026-08-03T00:16:00+05:30,1165.66,67.9762,1097.6825,0.8525,0.0004,976827.1772,0.0007,12008614.0517
2026-08-03T00:17:00+05:30,1175.45,68.4182,1107.0285,0.8624,0.0005,988644.9161,0.0008,11933254.1553
2026-08-03T00:18:00+05:30,1446.61,63.1198,1383.4858,1.0662,0.0005,913984.5995,0.0007,13928775.7592
2026-08-03T00:19:00+05:30,1352.80,62.8739,1289.9232,0.9975,0.0005,923115.3180,0.0007,13292546.5938
2026-08-03T00:20:00+05:30,1479.62,294.2902,1185.3297,1.0243,0.0005,4831006.1515,0.0008,11917560.7235
2026-08-03T00:21:00+05:30,2025.43,920.7053,1104.7264,1.3217,0.0005,21253328.6226,0.0008,18726580.2516
2026-08-03T00:22:00+05:30,1438.44,64.2812,1374.1542,1.0649,0.0005,869156.7141,0.0007,14896971.9838
2026-08-03T00:23:00+05:30,1247.82,67.7209,1180.1003,0.9471,0.0004,909607.9451,0.0008,17994771.1791
2026-08-03T00:24:00+05:30,1292.68,74.5649,1218.1103,0.9755,0.0004,985285.0570,0.0008,17730146.5626
2026-08-03T00:25:00+05:30,1709.41,73.6130,1635.8015,1.2698,0.0005,971607.0798,0.0008,17849977.8007
2026-08-03T00:26:00+05:30,1242.37,73.7191,1168.6556,0.9161,0.0005,995019.8340,0.0007,13270390.0797
2026-08-03T00:27:00+05:30,1397.17,72.4773,1324.6896,1.0269,0.0005,1031474.4526,0.0008,13585824.3509
2026-08-03T00:28:00+05:30,1336.77,73.2585,1263.5141,0.9957,0.0005,1026509.0927,0.0008,15838690.5139
2026-08-03T00:29:00+05:30,1235.82,73.6365,1162.1869,0.9224,0.0005,1029494.5509,0.0008,15307204.5326
2026-08-03T00:30:00+05:30,1842.54,426.9429,1415.5931,1.8618,0.0012,4032171.7305,0.0010,14666507.5582
2026-08-03T00:31:00+05:30,1220.84,75.0254,1145.8170,0.8910,0.0004,1037142.6476,0.0007,12705697.2364
2026-08-03T00:32:00+05:30,1188.54,75.8141,1112.7296,0.8731,0.0005,1056886.9186,0.0008,12653357.1107
2026-08-03T00:33:00+05:30,1442.17,77.7717,1364.3953,1.0615,0.0005,1062325.3458,0.0008,14230818.5969
2026-08-03T00:34:00+05:30,1426.72,74.2160,1352.5011,1.0494,0.0005,1038093.7781,0.0008,14014266.0046
2026-08-03T00:35:00+05:30,1211.25,77.2579,1133.9881,0.8820,0.0005,1072034.9526,0.0007,11214189.1374
2026-08-03T00:36:00+05:30,1171.99,80.2479,1091.7453,0.8573,0.0004,1080595.9843,0.0007,11856594.2514
2026-08-03T00:37:00+05:30,1645.12,543.4471,1101.6766,1.6468,0.0014,5052761.8159,0.0008,11842794.4804
2026-08-03T00:38:00+05:30,1369.27,78.8158,1290.4581,0.9965,0.0004,1075501.2919,0.0008,13157018.1539
2026-08-03T00:39:00+05:30,1763.29,539.0462,1224.2428,1.8648,0.0014,4926683.6017,0.0009,12808858.4858
2026-08-03T00:40:00+05:30,1589.87,445.8387,1144.0356,1.4936,0.0011,4191497.1086,0.0009,11390299.8750
2026-08-03T00:41:00+05:30,1111.88,84.6444,1027.2315,0.8027,0.0004,1131649.3567,0.0007,11355880.8079
2026-08-03T00:42:00+05:30,1280.51,82.9846,1197.5261,0.9369,0.0005,1113105.8212,0.0008,12635683.4033
2026-08-03T00:43:00+05:30,1447.58,81.5197,1366.0557,1.0608,0.0005,1109216.7305,0.0008,13809410.4316
2026-08-03T00:44:00+05:30,1334.62,78.5180,1256.1043,0.9783,0.0005,1058765.3794,0.0008,13032870.0145
2026-08-03T00:45:00+05:30,1247.02,76.4847,1170.5326,0.9090,0.0004,1043810.7680,0.0007,11559250.4041
2026-08-03T00:46:00+05:30,1103.00,76.3025,1026.7009,0.8061,0.0004,1051887.8629,0.0008,11356743.3581
2026-08-03T00:47:00+05:30,1224.54,74.6075,1149.9317,0.8976,0.0005,1033097.2914,0.0008,12250586.7489
2026-08-03T00:48:00+05:30,1410.98,65.8945,1345.0879,1.0386,0.0005,938998.0168,0.0008,13634652.5790
2026-08-03T00:49:00+05:30,1366.46,65.9322,1300.5283,1.0067,0.0005,934843.7333,0.0007,13444505.6000
2026-08-03T00:50:00+05:30,1589.32,428.8620,1160.4628,1.4195,0.0011,3964701.3169,0.0008,11569032.1720
2026-08-03T00:51:00+05:30,1165.66,67.7455,1097.9101,0.8508,0.0004,1031781.8812,0.0008,11965871.0753
2026-08-03T00:52:00+05:30,1241.83,58.4667,1183.3667,0.9111,0.0003,855190.7865,0.0007,12517243.2874
2026-08-03T00:53:00+05:30,1400.01,58.4255,1341.5878,1.0316,0.0004,852946.5405,0.0007,13595132.3823
2026-08-03T00:54:00+05:30,1322.28,54.0942,1268.1870,0.9772,0.0005,813887.8794,0.0007,13212431.8792
2026-08-03T00:55:00+05:30,1176.39,53.9676,1122.4187,0.8628,0.0005,800440.0073,0.0008,11121576.2929
2026-08-03T00:56:00+05:30,1163.92,57.5161,1106.4014,0.8589,0.0005,953688.1883,0.0008,12010847.5932
2026-08-03T00:57:00+05:30,1238.68,49.8466,1188.8337,0.9160,0.0004,757676.3524,0.0008,12550277.8361
2026-08-03T00:58:00+05:30,1394.12,45.6447,1348.4705,1.0324,0.0005,724422.1722,0.0008,13645617.2710
2026-08-03T00:59:00+05:30,1330.89,44.1431,1286.7471,0.9866,0.0005,709470.2404,0.0008,13336443.9040
2026-08-03T01:00:00+05:30,1120.25,41.3347,1078.9193,0.8249,0.0004,684327.8776,0.0008,10789155.3718
2026-08-03T01:01:00+05:30,1611.64,464.5941,1147.0412,1.3487,0.0009,12300153.2897,0.0008,12526286.4096
2026-08-03T01:02:00+05:30,1202.15,41.3729,1160.7741,0.8881,0.0004,680447.6672,0.0008,12337091.0970
2026-08-03T01:03:00+05:30,1480.20,38.3526,1441.8461,1.0962,0.0004,658748.9833,0.0008,14430555.6370
2026-08-03T01:04:00+05:30,1197.17,37.8078,1159.3628,0.8846,0.0003,641556.9700,0.0008,12331748.7253
2026-08-03T01:05:00+05:30,1112.00,36.8210,1075.1754,0.8181,0.0004,624576.3339,0.0007,10768274.9654
2026-08-03T01:06:00+05:30,1414.30,200.0267,1214.2750,1.0095,0.0005,4504733.1145,0.0008,12905263.4526
2026-08-03T01:07:00+05:30,1344.79,40.4047,1304.3855,0.9985,0.0005,669501.0418,0.0007,13476729.6185
2026-08-03T01:08:00+05:30,1340.40,41.7056,1298.6898,0.9931,0.0004,680368.0491,0.0008,13203919.4559
2026-08-03T01:09:00+05:30,1271.73,40.9425,1230.7910,0.9430,0.0005,669573.2449,0.0007,12897304.8274
2026-08-03T01:10:00+05:30,1068.10,40.4086,1027.6945,0.7857,0.0005,659870.1593,0.0007,10348317.5365
2026-08-03T01:11:00+05:30,1186.17,40.3007,1145.8691,0.8807,0.0005,695648.9275,0.0008,12327663.5944
2026-08-03T01:12:00+05:30,1647.52,404.6909,1242.8279,1.6886,0.0012,3718614.6563,0.0009,12997432.5532
2026-08-03T01:13:00+05:30,1413.96,41.9812,1371.9814,1.0446,0.0004,677228.4514,0.0008,13846697.1535
2026-08-03T01:14:00+05:30,1218.33,41.7201,1176.6147,0.8980,0.0005,658077.2398,0.0007,12341798.6166
2026-08-03T01:15:00+05:30,1096.86,38.5622,1058.2932,0.8051,0.0004,647581.1086,0.0007,10771266.3400
2026-08-03T01:16:00+05:30,1162.82,41.0932,1121.7297,0.8619,0.0004,720161.5731,0.0007,12124323.8127
2026-08-03T01:17:00+05:30,1526.18,37.2630,1488.9211,1.1365,0.0004,644583.9280,0.0008,14969657.6192
2026-08-03T01:18:00+05:30,1224.04,35.3882,1188.6538,0.9070,0.0005,611601.9993,0.0007,12300761.6128
2026-08-03T01:19:00+05:30,1180.11,34.6247,1145.4839,0.8756,0.0005,603208.4820,0.0007,12221561.0309
2026-08-03T01:20:00+05:30,1514.87,489.0663,1025.8009,1.4968,0.0014,4462126.3375,0.0008,10398930.0977
2026-08-03T01:21:00+05:30,1183.48,44.1245,1139.3555,0.8772,0.0004,1525070.8037,0.0007,12311820.6995
2026-08-03T01:22:00+05:30,1584.98,91.9837,1492.9974,1.1530,0.0003,1080220.2104,0.0008,14967448.7404
2026-08-03T01:23:00+05:30,1928.42,782.5551,1145.8687,2.0836,0.0013,6849806.7527,0.0009,11979943.3390
2026-08-03T01:24:00+05:30,1235.83,43.4304,1192.4038,0.9097,0.0004,677990.6338,0.0007,12518866.3234
2026-08-03T01:25:00+05:30,1104.79,43.9304,1060.8626,0.8085,0.0004,679538.0385,0.0007,10859092.9423
2026-08-03T01:26:00+05:30,2140.51,1166.3335,974.1796,1.9723,0.0010,113484425.9941,0.0008,10996677.4726
2026-08-03T01:27:00+05:30,2420.91,1408.7347,1012.1732,2.9781,0.0015,131607350.7312,0.0008,11117714.2857
2026-08-03T01:28:00+05:30,1313.79,94.6858,1219.1005,0.9477,0.0004,1216349.8200,0.0008,12700890.0147
2026-08-03T01:29:00+05:30,1403.08,95.3826,1307.7013,1.0238,0.0005,1268537.8230,0.0007,13507377.6296
2026-08-03T01:30:00+05:30,1352.53,95.7207,1256.8056,0.9823,0.0005,1232664.6663,0.0007,12434188.1710
2026-08-03T01:31:00+05:30,1208.74,91.6074,1117.1335,0.8809,0.0004,1219989.2697,0.0007,12266502.0911
2026-08-03T01:32:00+05:30,4942.08,4170.8651,771.2185,15.5398,0.0033,225799041.9952,0.0022,9009178.7340
2026-08-03T01:33:00+05:30,1665.32,132.0745,1533.2478,1.1959,0.0004,1563407.2395,0.0008,15296447.9701
2026-08-03T01:34:00+05:30,1777.88,461.0936,1316.7842,1.8346,0.0012,4371032.6484,0.0010,13531278.6361
2026-08-03T01:35:00+05:30,1315.87,213.0536,1102.8184,1.1349,0.0010,2289057.6353,0.0008,11065098.4366
2026-08-03T01:36:00+05:30,1207.86,134.6487,1073.2069,0.8670,0.0004,1587166.7250,0.0007,11817371.9275
2026-08-03T01:37:00+05:30,1724.11,610.8361,1113.2777,1.2058,0.0006,30551696.9485,0.0007,11966684.8658
2026-08-03T01:38:00+05:30,4712.10,3722.4380,989.6637,16.5328,0.0038,196891455.2457,0.0023,10670987.1797
2026-08-03T01:39:00+05:30,1383.37,136.5825,1246.7883,0.9842,0.0004,1566806.1651,0.0008,12950908.4062
2026-08-03T01:40:00+05:30,1381.67,133.4233,1248.2457,0.9923,0.0005,1574103.2385,0.0008,12252840.9087
2026-08-03T01:41:00+05:30,1273.96,135.8204,1138.1374,0.9164,0.0004,1614366.1277,0.0007,12267584.8641
2026-08-03T01:42:00+05:30,1246.33,134.5609,1111.7647,0.8964,0.0004,1629226.6418,0.0008,12178042.5589
2026-08-03T01:43:00+05:30,3840.59,2558.4515,1282.1338,4.6752,0.0013,173842220.8076,0.0011,13183895.4789
2026-08-03T01:44:00+05:30,2795.06,1780.1410,1014.9184,13.3704,0.0064,53300981.1145,0.0020,11056871.8350
2026-08-03T01:45:00+05:30,1289.06,135.5726,1153.4922,0.9138,0.0004,1555920.1200,0.0007,11420663.9773
2026-08-03T01:46:00+05:30,1638.75,537.2821,1101.4633,1.5842,0.0012,4983164.0279,0.0009,12041702.0766
2026-08-03T01:47:00+05:30,1258.13,139.5070,1118.6226,0.8900,0.0003,1629907.0605,0.0008,12236660.0440
2026-08-03T01:48:00+05:30,1397.63,135.1500,1262.4833,1.0071,0.0004,1616213.3333,0.0007,12979268.2667
2026-08-03T01:49:00+05:30,4960.54,3956.4739,1004.0660,14.4981,0.0031,225899211.9980,0.0022,11023365.9723
2026-08-03T01:50:00+05:30,1528.72,399.3700,1129.3457,3.6347,0.0063,2781113.2110,0.0010,11266372.1481
2026-08-03T01:51:00+05:30,1227.76,136.3348,1091.4289,0.8771,0.0004,1547948.2598,0.0008,11920539.8053
2026-08-03T01:52:00+05:30,1385.26,136.3629,1248.8960,1.0007,0.0004,1585418.4775,0.0008,13259646.4471
2026-08-03T01:53:00+05:30,1370.72,137.6356,1233.0872,0.9856,0.0004,1640516.2667,0.0007,12744157.8667
2026-08-03T01:54:00+05:30,1316.98,133.4278,1183.5486,0.9475,0.0004,1583850.3875,0.0007,12564980.9484
2026-08-03T01:55:00+05:30,5228.23,4323.3697,904.8619,14.5871,0.0030,227119439.6348,0.0020,9403506.4147
2026-08-03T01:56:00+05:30,1482.06,405.7290,1076.3305,1.0126,0.0005,15954772.3089,0.0007,12455730.0253
2026-08-03T01:57:00+05:30,2171.70,879.1322,1292.5720,1.4512,0.0005,32280159.9573,0.0008,17477408.6910
2026-08-03T01:58:00+05:30,1764.81,108.4040,1656.4068,1.3168,0.0005,1245516.5564,0.0008,19790791.8743
2026-08-03T01:59:00+05:30,1251.08,109.1343,1141.9496,0.9252,0.0004,1268325.0238,0.0008,15850989.3115
2026-08-03T02:00:00+05:30,3143.35,1771.0030,1372.3491,3.5753,0.0013,105329028.6038,0.0009,14784753.7941
2026-08-03T02:01:00+05:30,3610.56,2638.0489,972.5103,12.7468,0.0040,124586695.1173,0.0021,12208110.6906
2026-08-03T02:02:00+05:30,1489.57,121.8849,1367.6885,1.0704,0.0004,1329487.9565,0.0008,14229522.1617
2026-08-03T02:03:00+05:30,1363.02,123.0879,1239.9274,0.9997,0.0004,1371362.1488,0.0008,15856694.7712
2026-08-03T02:04:00+05:30,1537.78,124.1292,1413.6529,1.1304,0.0005,1461677.1441,0.0008,16695490.4170
2026-08-03T02:05:00+05:30,1915.56,527.1018,1388.4592,1.9407,0.0012,4892806.6672,0.0009,14627830.1858
2026-08-03T02:06:00+05:30,4574.50,3571.8977,1002.6002,6.7676,0.0016,226361024.4854,0.0011,11912228.9524
2026-08-03T02:07:00+05:30,2129.25,1304.1551,825.0971,7.9191,0.0054,9578018.1333,0.0011,10971340.8000
2026-08-03T02:08:00+05:30,1239.37,119.9833,1119.3833,0.9033,0.0004,1369452.1575,0.0008,15200372.8062
2026-08-03T02:09:00+05:30,1876.81,431.4954,1445.3130,1.6363,0.0010,3984035.2023,0.0008,15409428.3619
2026-08-03T02:10:00+05:30,1498.76,127.1185,1371.6400,1.0858,0.0004,1482349.5534,0.0007,13988022.9303
2026-08-03T02:11:00+05:30,1195.50,125.6876,1069.8116,0.8604,0.0005,1492421.5369,0.0007,11800221.6369
2026-08-03T02:12:00+05:30,5503.62,4669.4109,834.2138,14.9830,0.0028,229648638.8907,0.0023,9619019.5320
2026-08-03T02:13:00+05:30,1484.87,121.5090,1363.3607,1.0640,0.0004,1402189.9620,0.0007,13850857.5618
2026-08-03T02:14:00+05:30,1379.60,123.2667,1256.3333,0.9940,0.0004,1421766.1706,0.0008,13006904.2849
2026-08-03T02:15:00+05:30,1330.84,126.2146,1204.6299,0.9562,0.0004,1472009.5998,0.0008,11899773.9371
2026-08-03T02:16:00+05:30,1192.82,127.3982,1065.4243,0.8573,0.0004,1522797.3930,0.0008,11793691.6640
2026-08-03T02:17:00+05:30,2426.96,1365.6337,1061.3279,2.3208,0.0010,70864780.6765,0.0009,11591415.7596
2026-08-03T02:18:00+05:30,4779.53,3832.5918,946.9413,17.0364,0.0037,164262575.5470,0.0030,10418729.4572
2026-08-03T02:19:00+05:30,1440.38,124.1126,1316.2640,1.0312,0.0003,1419324.1680,0.0007,13598864.7036
2026-08-03T02:20:00+05:30,1306.78,123.2123,1183.5684,0.9393,0.0005,1409414.5179,0.0007,11821768.0807
2026-08-03T02:21:00+05:30,1201.58,122.0728,1079.5040,0.8658,0.0004,1450353.7569,0.0007,11871545.5697
2026-08-03T02:22:00+05:30,1169.60,121.4308,1048.1723,0.8428,0.0005,1450494.5577,0.0007,11735658.2268
2026-08-03T02:23:00+05:30,3757.72,2541.5938,1216.1244,5.2633,0.0014,150371965.4793,0.0014,12763644.2638
2026-08-03T02:24:00+05:30,3263.94,2236.5030,1027.4356,12.5196,0.0046,80355308.0641,0.0022,11156503.3837
2026-08-03T02:25:00+05:30,1356.35,116.9048,1239.4439,0.9683,0.0003,1339410.4351,0.0007,12292779.4632
2026-08-03T02:26:00+05:30,1236.05,117.2578,1118.7913,0.8928,0.0004,1355456.7638,0.0007,12225941.4628
2026-08-03T02:27:00+05:30,1146.41,117.2668,1029.1417,0.8266,0.0004,1385762.0341,0.0008,11525472.5828
2026-08-03T02:28:00+05:30,1452.26,117.8961,1334.3669,1.0532,0.0005,1401478.7943,0.0007,13659160.3094
2026-08-03T02:29:00+05:30,5244.31,4160.7339,1083.5750,10.7842,0.0021,225817742.0634,0.0018,11750189.6779
2026-08-03T02:30:00+05:30,1747.74,594.0921,1153.6462,5.8352,0.0075,3603014.1450,0.0012,11457758.3179
2026-08-03T02:31:00+05:30,1564.43,532.1298,1032.3048,1.5827,0.0012,4863240.4067,0.0010,11534346.9245
2026-08-03T02:32:00+05:30,1256.02,119.6913,1136.3258,0.9035,0.0004,1391890.3945,0.0008,12388152.2076
2026-08-03T02:33:00+05:30,1451.86,121.9439,1329.9168,1.0520,0.0004,1427954.5348,0.0007,13616561.5813
2026-08-03T02:34:00+05:30,1411.85,123.7375,1288.1096,1.0230,0.0005,1476086.4681,0.0008,13392163.4694
2026-08-03T02:35:00+05:30,5554.29,4644.4689,909.8257,14.7437,0.0028,227594827.7172,0.0023,14144940.7059
2026-08-03T02:36:00+05:30,1191.78,123.0056,1068.7718,0.8471,0.0003,1360985.6455,0.0008,11903195.4786
2026-08-03T02:37:00+05:30,1231.83,124.8771,1106.9519,0.8879,0.0005,1420467.9894,0.0007,12281108.1680
2026-08-03T02:38:00+05:30,1534.95,121.6496,1413.3051,1.1156,0.0005,1407982.9311,0.0007,14392532.3376
2026-08-03T02:39:00+05:30,1436.27,127.0154,1309.2519,1.0403,0.0005,1487827.9340,0.0007,13581056.7384
2026-08-03T02:40:00+05:30,2574.55,1438.3112,1136.2402,2.0037,0.0008,67821390.4264,0.0008,11424017.5944
2026-08-03T02:41:00+05:30,4363.23,3631.3649,731.8699,14.8791,0.0038,161270476.1651,0.0017,9212245.0830
2026-08-03T02:42:00+05:30,1264.07,124.9354,1139.1375,0.9012,0.0004,1382857.4477,0.0007,12327463.3951
2026-08-03T02:43:00+05:30,1479.93,127.7390,1352.1904,1.0712,0.0005,1436019.5291,0.0007,13807013.8137
2026-08-03T02:44:00+05:30,1801.67,541.5903,1260.0767,1.9641,0.0013,4964238.1103,0.0010,13226633.9496
2026-08-03T02:45:00+05:30,1298.94,131.9522,1166.9861,0.9261,0.0004,1523396.0566,0.0008,11639182.7864
2026-08-03T02:46:00+05:30,4155.72,3204.0922,951.6304,4.6403,0.0012,202116627.9449,0.0009,10835379.7861
2026-08-03T02:47:00+05:30,2627.89,1724.4282,903.4640,9.9933,0.0052,22389868.9071,0.0012,10336411.8157
2026-08-03T02:48:00+05:30,1494.10,128.8581,1365.2423,1.0732,0.0004,1424995.4169,0.0008,13910754.0623
2026-08-03T02:49:00+05:30,1407.97,130.9841,1276.9869,1.0174,0.0005,1479169.9032,0.0008,13272315.3701
2026-08-03T02:50:00+05:30,1356.90,134.7545,1222.1407,0.9740,0.0005,1533141.1904,0.0007,12059158.6913
2026-08-03T02:51:00+05:30,1153.03,133.8500,1019.1833,0.8270,0.0004,1568332.2611,0.0008,11369009.4498
2026-08-03T02:52:00+05:30,5605.35,4787.7571,817.5897,15.7971,0.0028,223121743.5453,0.0029,11768034.3805
2026-08-03T02:53:00+05:30,1733.50,266.0041,1467.4915,1.7230,0.0006,14203291.5124,0.0011,35081621.8776
2026-08-03T02:54:00+05:30,1440.21,130.7674,1309.4413,1.0371,0.0004,1469021.4695,0.0007,14133289.2386
2026-08-03T02:55:00+05:30,1321.49,134.6151,1186.8784,0.9548,0.0005,1525721.2735,0.0007,13083070.1564
2026-08-03T02:56:00+05:30,1291.48,136.1931,1155.2825,0.9389,0.0005,1574523.1323,0.0007,14105766.0259
2026-08-03T02:57:00+05:30,1808.33,537.5731,1270.7531,2.1629,0.0014,4980691.7654,0.0011,14634617.6025
2026-08-03T02:58:00+05:30,2197.26,439.4626,1757.8005,1.5580,0.0005,14644488.6407,0.0007,20309660.4717
2026-08-03T02:59:00+05:30,1214.75,146.0021,1068.7431,0.8942,0.0004,1722849.6675,0.0008,16282567.5671
2026-08-03T03:00:00+05:30,1147.79,143.3762,1004.4170,0.8296,0.0005,1682271.0847,0.0008,12982932.7288
2026-08-03T03:01:00+05:30,1544.84,572.2165,972.6231,1.5191,0.0012,5362051.2547,0.0009,13469283.8338
2026-08-03T03:02:00+05:30,1514.19,513.5698,1000.6168,1.3311,0.0010,4773909.6456,0.0008,11383050.7118
2026-08-03T03:03:00+05:30,2075.09,327.6552,1747.4332,1.4595,0.0004,4021378.3149,0.0008,17166537.7448
2026-08-03T03:04:00+05:30,1469.62,135.7607,1333.8610,1.0649,0.0004,1675803.8994,0.0008,13817874.0877
2026-08-03T03:05:00+05:30,1117.78,133.3622,984.4172,0.7955,0.0005,1645280.9360,0.0007,10050808.3929
2026-08-03T03:06:00+05:30,1107.25,128.1508,979.0944,0.7947,0.0005,1593427.5807,0.0008,10994684.4492
2026-08-03T03:07:00+05:30,1142.80,123.8192,1018.9761,0.8237,0.0005,1579248.1423,0.0007,11472648.8288
2026-08-03T03:08:00+05:30,1358.97,121.1363,1237.8380,0.9840,0.0005,1564842.3053,0.0008,12961368.3877
2026-08-03T03:09:00+05:30,1316.29,115.4513,1200.8399,0.9543,0.0005,1489814.4550,0.0008,12739804.3562
2026-08-03T03:10:00+05:30,1384.52,115.5673,1268.9570,1.0022,0.0004,1470001.8336,0.0008,12706605.7242
2026-08-03T03:11:00+05:30,1614.31,505.6330,1108.6761,1.5326,0.0012,4811375.0521,0.0008,12279535.6387
2026-08-03T03:12:00+05:30,1147.45,113.8220,1033.6300,0.8215,0.0004,1459941.4725,0.0008,11596186.5147
2026-08-03T03:13:00+05:30,1777.80,233.5844,1544.2137,1.2643,0.0004,1967620.0190,0.0008,15540539.2397
2026-08-03T03:14:00+05:30,1622.86,119.7793,1503.0832,1.1846,0.0004,1531417.8291,0.0008,15145636.3182
2026-08-03T03:15:00+05:30,1166.83,116.8392,1049.9858,0.8379,0.0005,1511704.3852,0.0007,10604255.0128
2026-08-03T03:16:00+05:30,1150.29,116.6861,1033.6056,0.8304,0.0005,1495382.4201,0.0007,11440245.6450
2026-08-03T03:17:00+05:30,1147.75,111.9073,1035.8470,0.8307,0.0005,1444173.4493,0.0007,11585401.4599
2026-08-03T03:18:00+05:30,1414.39,115.1615,1299.2299,1.0272,0.0004,1497374.2708,0.0007,13442368.2368
2026-08-03T03:19:00+05:30,1421.83,116.9727,1304.8622,1.0342,0.0004,1515848.9686,0.0007,13648851.5346
2026-08-03T03:20:00+05:30,1459.17,117.5520,1341.6224,1.0581,0.0005,1511107.8518,0.0007,13053555.1593
2026-08-03T03:21:00+05:30,1187.64,110.5758,1077.0680,0.8607,0.0004,1461340.2684,0.0008,11823602.3006
2026-08-03T03:22:00+05:30,1189.26,113.5368,1075.7245,0.8614,0.0005,1514089.3214,0.0008,11917156.6458
2026-08-03T03:23:00+05:30,1686.96,281.3234,1405.6338,1.1805,0.0005,2265959.4966,0.0007,14291588.8324
2026-08-03T03:24:00+05:30,1356.10,106.5418,1249.5584,0.9873,0.0004,1408081.0478,0.0008,13159015.9629
2026-08-03T03:25:00+05:30,1727.09,498.6498,1228.4381,1.8648,0.0013,4722314.5191,0.0010,12139085.5809
2026-08-03T03:26:00+05:30,1122.55,106.8125,1015.7352,0.8060,0.0004,1407413.2649,0.0008,11316793.3592
2026-08-03T03:27:00+05:30,1160.18,104.3003,1055.8823,0.8430,0.0005,1397726.9865,0.0008,11780188.5403
2026-08-03T03:28:00+05:30,1766.14,267.1379,1498.9997,1.2448,0.0005,2286928.7810,0.0008,15037763.6703
2026-08-03T03:29:00+05:30,1526.90,102.9409,1423.9607,1.1176,0.0005,1391268.1830,0.0007,14585145.1804
2026-08-03T03:30:00+05:30,1139.27,99.4564,1039.8159,0.8223,0.0005,1334942.5103,0.0007,10513585.7009
2026-08-03T03:31:00+05:30,1077.05,92.9136,984.1339,0.7825,0.0004,1264734.3755,0.0007,11059445.7518
2026-08-03T03:32:00+05:30,1169.39,90.6455,1078.7483,0.8536,0.0005,1226329.3232,0.0008,11959918.6856
2026-08-03T03:33:00+05:30,1591.28,129.7559,1461.5282,1.1584,0.0005,2018374.2417,0.0008,14753422.8385
2026-08-03T03:34:00+05:30,1624.96,91.0834,1533.8812,1.1959,0.0004,1264509.4182,0.0008,15476584.7641
2026-08-03T03:35:00+05:30,1088.16,87.7608,1000.4000,0.7875,0.0005,1196566.6289,0.0007,10198223.5851
2026-08-03T03:36:00+05:30,1075.65,85.8024,989.8517,0.7843,0.0004,1195559.6734,0.0007,11106227.8954
2026-08-03T03:37:00+05:30,1089.26,84.9074,1004.3512,0.7957,0.0004,1179299.4682,0.0007,11330493.5065
2026-08-03T03:38:00+05:30,1545.66,137.6972,1407.9603,1.1211,0.0004,2245590.3904,0.0007,14326071.0061
2026-08-03T03:39:00+05:30,2018.70,458.0055,1560.6995,2.0445,0.0013,4345039.0944,0.0010,15758226.9643
2026-08-03T03:40:00+05:30,1104.78,93.2973,1011.4851,0.7889,0.0003,1253543.1391,0.0008,10285266.8356
2026-08-03T03:41:00+05:30,1074.15,93.0965,981.0541,0.7796,0.0005,1280063.9861,0.0007,11045611.0509
2026-08-03T03:42:00+05:30,1110.89,86.4535,1024.4390,0.8110,0.0005,1194740.6395,0.0007,11539827.5598
2026-08-03T03:43:00+05:30,1530.18,112.4146,1417.7637,1.1184,0.0005,1736033.9949,0.0008,14398010.9650
2026-08-03T03:44:00+05:30,1704.22,88.3652,1615.8564,1.2579,0.0005,1201131.9811,0.0008,16151555.8741
2026-08-03T03:45:00+05:30,1112.37,86.7935,1025.5765,0.8060,0.0005,1179382.1084,0.0008,10420343.5693
2026-08-03T03:46:00+05:30,1078.32,84.7336,993.5820,0.7865,0.0004,1172236.5806,0.0008,11150313.2627
2026-08-03T03:47:00+05:30,1076.41,83.4458,992.9670,0.7866,0.0004,1158563.9385,0.0008,11259682.3492
2026-08-03T03:48:00+05:30,1531.86,113.0522,1418.8031,1.1201,0.0005,1827803.3006,0.0008,14424078.6798
2026-08-03T03:49:00+05:30,1705.19,90.6636,1614.5295,1.2586,0.0004,1227004.6166,0.0008,16165140.7143
2026-08-03T03:50:00+05:30,1112.63,86.6457,1025.9820,0.8060,0.0005,1176565.8289,0.0007,10406286.5142
2026-08-03T03:51:00+05:30,1080.78,91.0788,989.7005,0.7867,0.0005,1227987.6673,0.0007,11114622.9355
2026-08-03T03:52:00+05:30,1534.97,554.5389,980.4343,1.4834,0.0012,5152937.5687,0.0008,11177406.6198
2026-08-03T03:53:00+05:30,1891.13,550.6684,1340.4613,1.6961,0.0011,5556316.6053,0.0008,13765110.4852
2026-08-03T03:54:00+05:30,2098.75,476.6994,1622.0551,2.1252,0.0012,4502410.7241,0.0010,16286136.3523
2026-08-03T03:55:00+05:30,1122.97,98.1941,1024.7734,0.8020,0.0003,1277189.3441,0.0007,10443527.3145
2026-08-03T03:56:00+05:30,1051.79,93.0942,958.6952,0.7603,0.0004,1231926.9260,0.0007,10882180.4847
2026-08-03T03:57:00+05:30,1120.60,96.9076,1023.6893,0.8149,0.0005,1273649.5065,0.0007,11558102.9608
2026-08-03T03:58:00+05:30,1465.67,158.6490,1307.0168,1.0534,0.0005,2156859.9327,0.0007,13494741.3603
2026-08-03T03:59:00+05:30,2252.86,535.1911,1717.6714,2.1361,0.0006,29278334.4278,0.0011,20635713.6714
2026-08-03T04:00:00+05:30,2170.23,765.7266,1404.5071,3.4286,0.0005,16836653.2653,0.0021,19995599.5600
2026-08-03T04:01:00+05:30,1136.23,63.4960,1072.7312,0.8499,0.0004,863472.9613,0.0008,14214529.3059
2026-08-03T04:02:00+05:30,1416.16,64.2414,1351.9197,1.0486,0.0004,863048.6602,0.0008,14847317.4243
2026-08-03T04:03:00+05:30,1628.52,394.2470,1234.2716,2.1316,0.0023,8111039.7813,0.0010,20060522.3072
2026-08-03T04:04:00+05:30,1775.08,73.6858,1701.3900,1.3427,0.0003,941906.5969,0.0008,22677645.5215
2026-08-03T04:05:00+05:30,1681.28,85.4624,1595.8202,1.2487,0.0004,1020057.7971,0.0008,18322812.9260
2026-08-03T04:06:00+05:30,1137.91,71.9404,1065.9745,0.8526,0.0005,955332.8889,0.0008,14884722.5703
2026-08-03T04:07:00+05:30,1348.05,84.0125,1264.0368,0.9882,0.0005,1116718.5641,0.0007,13389768.9116
2026-08-03T04:08:00+05:30,1349.73,70.3920,1279.3356,1.0120,0.0004,1073663.6844,0.0008,16954304.9266
2026-08-03T04:09:00+05:30,1709.69,201.6741,1508.0119,1.2435,0.0004,1621585.1800,0.0008,18944674.4368
2026-08-03T04:10:00+05:30,1571.74,73.3350,1498.4079,1.1612,0.0004,1047148.5730,0.0008,15521288.8770
2026-08-03T04:11:00+05:30,1100.74,67.2976,1033.4405,0.8080,0.0005,978598.4638,0.0008,11477972.4411
2026-08-03T04:12:00+05:30,1172.90,65.0178,1107.8851,0.8684,0.0004,977458.4243,0.0008,12912718.6786
2026-08-03T04:13:00+05:30,1055.62,64.0252,991.5989,0.7869,0.0005,954768.3691,0.0008,13259154.5539
2026-08-03T04:14:00+05:30,1794.86,61.5687,1733.2911,1.3308,0.0004,1003416.9139,0.0008,17032486.6829
2026-08-03T04:15:00+05:30,1287.73,58.1953,1229.5325,0.9499,0.0005,894920.9290,0.0008,12855088.0677
2026-08-03T04:16:00+05:30,1441.70,454.1256,987.5790,1.3099,0.0011,4211067.6892,0.0008,11147907.9693
2026-08-03T04:17:00+05:30,1084.57,54.7603,1029.8132,0.7946,0.0004,845329.8670,0.0007,11537141.7525
2026-08-03T04:18:00+05:30,1270.30,52.2394,1218.0588,0.9329,0.0003,817520.4441,0.0007,12635449.6025
2026-08-03T04:19:00+05:30,1687.66,54.1955,1633.4639,1.2588,0.0004,897017.5152,0.0008,16368163.4530
2026-08-03T04:20:00+05:30,1185.70,50.6559,1135.0491,0.8725,0.0005,785213.4547,0.0007,11356749.5416
2026-08-03T04:21:00+05:30,1042.19,49.2025,992.9830,0.7695,0.0005,780531.8266,0.0008,11148981.9824
2026-08-03T04:22:00+05:30,1064.95,48.9642,1015.9825,0.7869,0.0005,772262.1869,0.0007,11413684.2491
2026-08-03T04:23:00+05:30,1248.81,44.5766,1204.2360,0.9233,0.0004,746042.7603,0.0007,12557749.4043
2026-08-03T04:24:00+05:30,1772.75,51.6500,1721.1000,1.3311,0.0005,916222.2037,0.0008,17158976.1163
2026-08-03T04:25:00+05:30,1166.71,38.8693,1127.8419,0.8619,0.0005,675407.1605,0.0007,11277654.2436
2026-08-03T04:26:00+05:30,988.14,36.9605,951.1748,0.7336,0.0005,637913.9477,0.0008,10810272.9545
2026-08-03T04:27:00+05:30,1048.93,36.7500,1012.1833,0.7791,0.0005,656099.9983,0.0007,11409490.9085
2026-08-03T04:28:00+05:30,1237.63,34.2212,1203.4105,0.9183,0.0005,638525.6455,0.0007,12556396.5261
2026-08-03T04:29:00+05:30,1816.76,37.9846,1778.7760,1.8026,0.0005,716811.9469,0.0010,17648319.7387
2026-08-03T04:30:00+05:30,1101.40,36.0613,1065.3402,0.8131,0.0005,639095.5873,0.0007,10758552.7263
2026-08-03T04:31:00+05:30,1006.10,33.2550,972.8459,0.7472,0.0004,616813.5887,0.0008,10987666.2833
2026-08-03T04:32:00+05:30,1408.24,416.0236,992.2165,1.2554,0.0011,3838220.7703,0.0008,11273130.8188
2026-08-03T04:33:00+05:30,1240.45,34.4615,1205.9858,0.9173,0.0004,635866.2890,0.0007,12590916.9805
2026-08-03T04:34:00+05:30,1824.59,50.4700,1774.1183,6.7524,0.0010,916199.7466,0.0038,17754339.8893
2026-08-03T04:35:00+05:30,1013.55,32.8617,980.6862,0.7453,0.0004,602714.3048,0.0008,10076045.3273
2026-08-03T04:36:00+05:30,984.98,34.2006,950.7825,0.7320,0.0005,604852.7475,0.0007,10832666.9444
2026-08-03T04:37:00+05:30,1067.16,34.5224,1032.6388,0.7933,0.0005,627406.9678,0.0007,11548480.4801
2026-08-03T04:38:00+05:30,1291.64,33.0284,1258.6112,0.9590,0.0004,601875.1541,0.0007,12956833.5944
2026-08-03T04:39:00+05:30,1779.03,55.7834,1723.2503,5.6642,0.0009,999314.1943,0.0033,17338381.2477
2026-08-03T04:40:00+05:30,1022.63,34.0949,988.5351,0.7545,0.0005,606731.3903,0.0007,10234027.5625
2026-08-03T04:41:00+05:30,1006.27,31.1281,975.1375,0.7476,0.0005,589316.1806,0.0007,10937023.0295
2026-08-03T04:42:00+05:30,1043.48,26.8225,1016.6536,0.7775,0.0004,541745.1114,0.0007,11429702.0354
2026-08-03T04:43:00+05:30,1221.84,27.3486,1194.4903,0.9082,0.0004,556286.5238,0.0007,12467603.6132
2026-08-03T04:44:00+05:30,1771.39,46.3492,1725.0379,8.3018,0.0010,763605.4798,0.0048,17719319.7560
2026-08-03T04:45:00+05:30,1405.95,480.5307,925.4234,1.3668,0.0013,4399622.3496,0.0008,9654330.4441
2026-08-03T04:46:00+05:30,1370.63,450.4057,920.2226,1.2943,0.0013,4079825.3828,0.0008,10553425.8627
2026-08-03T04:47:00+05:30,1049.85,29.3927,1020.4616,0.7794,0.0004,570839.6901,0.0008,11497396.5842
2026-08-03T04:48:00+05:30,1593.94,415.3136,1178.6250,1.4813,0.0013,3828741.9064,0.0008,12387829.1601
2026-08-03T04:49:00+05:30,3775.32,2535.8274,1239.4885,7.0889,0.0021,212027905.9035,0.0015,13108210.6667
2026-08-03T04:50:00+05:30,2273.13,1139.9217,1133.2056,9.5905,0.0061,14132244.3756,0.0023,11269563.1770
2026-08-03T04:51:00+05:30,1206.47,117.5441,1088.9289,0.8661,0.0004,1495604.5465,0.0007,11955006.2998
2026-08-03T04:52:00+05:30,1165.79,120.0866,1045.7052,0.8414,0.0005,1529132.3836,0.0007,11690201.7162
2026-08-03T04:53:00+05:30,1343.34,118.4754,1224.8683,0.9719,0.0005,1485973.2356,0.0007,12737430.2808
2026-08-03T04:54:00+05:30,1385.23,115.7751,1269.4584,1.0068,0.0005,1486487.4056,0.0007,13428095.5540
2026-08-03T04:55:00+05:30,4697.88,3627.8004,1070.0760,12.9387,0.0030,207708206.4275,0.0018,10834955.0607
2026-08-03T04:56:00+05:30,1384.31,151.2849,1233.0267,0.9825,0.0003,1775741.0882,0.0007,13135391.7840
2026-08-03T04:57:00+05:30,1251.53,152.0753,1099.4499,0.8962,0.0004,1824048.0080,0.0007,12070329.5883
2026-08-03T04:58:00+05:30,1369.17,146.9500,1222.2167,0.9826,0.0004,1781213.8667,0.0008,12642508.8000
2026-08-03T04:59:00+05:30,1369.45,145.8854,1223.5610,0.9833,0.0005,1797622.9044,0.0008,12560834.5832
2026-08-03T05:00:00+05:30,1698.60,558.9568,1139.6434,1.1446,0.0005,18334976.7209,0.0007,12010751.6289
2026-08-03T05:01:00+05:30,4597.18,3412.0755,1185.1006,13.7222,0.0032,195458656.4870,0.0025,12663467.2357
2026-08-03T05:02:00+05:30,1199.77,155.1730,1044.5970,0.8455,0.0004,1795976.2682,0.0008,11590839.0107
2026-08-03T05:03:00+05:30,1360.07,152.4359,1207.6368,0.9743,0.0005,1808141.0690,0.0007,12525845.0308
2026-08-03T05:04:00+05:30,1342.24,154.3770,1187.8625,0.9592,0.0005,1844824.8550,0.0008,12242531.3688
2026-08-03T05:05:00+05:30,1605.36,530.2490,1075.1142,1.4903,0.0011,5040248.7959,0.0008,11648761.5873
2026-08-03T05:06:00+05:30,3316.92,2356.9608,959.9600,3.1873,0.0010,197825982.4377,0.0008,10938978.3221
2026-08-03T05:07:00+05:30,2377.05,1461.8617,915.1870,9.2520,0.0057,16722237.5458,0.0010,10573320.7069
2026-08-03T05:08:00+05:30,1823.60,139.2194,1684.3816,1.3218,0.0004,1654100.0250,0.0007,16584892.0590
2026-08-03T05:09:00+05:30,1381.98,140.0193,1241.9591,0.9964,0.0005,1715369.7964,0.0007,12970530.1470
2026-08-03T05:10:00+05:30,1143.37,137.4333,1005.9333,0.8139,0.0005,1702843.7333,0.0007,10310724.2667
2026-08-03T05:11:00+05:30,1141.29,134.0034,1007.2844,0.8192,0.0005,1644626.7502,0.0008,11435986.6649
2026-08-03T05:12:00+05:30,4686.77,3857.2667,829.5032,12.9816,0.0029,219350745.4588,0.0021,9808393.0274
2026-08-03T05:13:00+05:30,1413.49,120.9859,1292.4992,1.0119,0.0003,1453500.8249,0.0007,13467442.1318
2026-08-03T05:14:00+05:30,1365.14,127.5879,1237.5563,0.9833,0.0004,1565179.8436,0.0008,13063557.4003
2026-08-03T05:15:00+05:30,1402.89,128.1521,1274.7379,1.0128,0.0004,1568657.6110,0.0008,12720203.4701
2026-08-03T05:16:00+05:30,1239.40,127.1227,1112.2740,0.8951,0.0004,1581564.9623,0.0007,12204925.0050
2026-08-03T05:17:00+05:30,1230.87,145.8903,1084.9777,0.8820,0.0004,1780997.1836,0.0007,11942872.4940
2026-08-03T05:18:00+05:30,4814.95,3608.0556,1206.8920,11.6481,0.0025,222690662.6211,0.0020,12601227.9479
2026-08-03T05:19:00+05:30,1420.95,119.7607,1301.1849,1.0201,0.0004,1460994.5002,0.0007,13565431.5523
2026-08-03T05:20:00+05:30,1232.82,121.4358,1111.3870,0.8860,0.0004,1489814.4550,0.0007,11226031.0964
2026-08-03T05:21:00+05:30,1256.13,122.1333,1134.0000,0.9094,0.0005,1527714.2714,0.0008,12478870.4188
2026-08-03T05:22:00+05:30,1524.18,499.7667,1024.4175,1.3482,0.0011,4749333.7778,0.0008,11748060.9354
2026-08-03T05:23:00+05:30,3245.88,2003.3662,1242.5136,3.1068,0.0010,168663613.5246,0.0008,13121752.2705
2026-08-03T05:24:00+05:30,2945.17,1878.6464,1066.5278,9.9072,0.0043,51362538.5987,0.0018,11676081.9484
2026-08-03T05:25:00+05:30,1353.93,120.9051,1233.0290,0.9694,0.0004,1448348.9852,0.0007,12191766.4545
2026-08-03T05:26:00+05:30,1269.98,121.7617,1148.2179,0.9192,0.0005,1467710.0038,0.0007,12509300.2150
2026-08-03T05:27:00+05:30,1298.93,127.5908,1171.3429,0.9402,0.0005,1562512.7624,0.0008,12810134.2219
2026-08-03T05:28:00+05:30,1400.23,123.4578,1276.7756,1.0142,0.0004,1536674.3694,0.0007,13199610.7971
2026-08-03T05:29:00+05:30,4715.94,3704.8306,1011.1143,11.6179,0.0026,220468254.4740,0.0018,11340816.2096
2026-08-03T05:30:00+05:30,1278.47,124.2999,1154.1706,0.9067,0.0003,1459394.5859,0.0008,11631118.8158
2026-08-03T05:31:00+05:30,1163.48,125.6374,1037.8462,0.8349,0.0004,1502424.1313,0.0007,11574331.4724
2026-08-03T05:32:00+05:30,1381.34,126.3189,1255.0216,1.0025,0.0004,1528557.9411,0.0007,13483645.2860
2026-08-03T05:33:00+05:30,1378.16,129.2522,1248.9041,0.9954,0.0004,1581108.7036,0.0008,13017453.6485
2026-08-03T05:34:00+05:30,1330.98,127.4142,1203.5695,0.9620,0.0005,1577038.4936,0.0007,12851447.4254
2026-08-03T05:35:00+05:30,5028.72,4027.9176,1000.8000,12.8588,0.0028,222245855.1285,0.0016,10217949.1316
2026-08-03T05:36:00+05:30,1207.30,133.7890,1073.5123,0.8550,0.0004,1521917.6529,0.0008,11933978.3297
2026-08-03T05:37:00+05:30,1414.66,134.0978,1280.5620,1.0248,0.0005,1553928.2345,0.0008,13627574.4738
2026-08-03T05:38:00+05:30,1363.06,133.8612,1229.2024,0.9823,0.0005,1566262.2262,0.0008,12786464.7798
2026-08-03T05:39:00+05:30,1755.07,513.4842,1241.5828,1.7808,0.0012,4826899.4783,0.0009,13200088.2711
2026-08-03T05:40:00+05:30,2601.22,1473.7807,1127.4391,2.2507,0.0009,111377114.4438,0.0008,11427329.4674
2026-08-03T05:41:00+05:30,3659.41,2904.7635,754.6418,11.3899,0.0035,112751515.4586,0.0014,9176626.5438
2026-08-03T05:42:00+05:30,1422.49,138.8148,1283.6788,1.0166,0.0004,1568012.7983,0.0008,13631923.2102
2026-08-03T05:43:00+05:30,1780.53,428.2095,1352.3186,1.4353,0.0008,4006423.6828,0.0008,13835854.1830
2026-08-03T05:44:00+05:30,1431.91,142.6024,1289.3044,1.0340,0.0005,1660147.5852,0.0007,13527530.4470
2026-08-03T05:45:00+05:30,1163.47,140.4906,1022.9818,0.8284,0.0005,1632051.7290,0.0007,10455602.2998
2026-08-03T05:46:00+05:30,4359.97,3375.4602,984.5065,5.7529,0.0014,207425329.5793,0.0010,11139755.2353
2026-08-03T05:47:00+05:30,2192.87,1186.7298,1006.1365,7.7890,0.0057,13495920.0920,0.0011,11304042.0217
2026-08-03T05:48:00+05:30,1530.21,146.0122,1384.1987,1.0995,0.0004,1612115.1429,0.0007,14118723.2269
2026-08-03T05:49:00+05:30,1508.45,152.6986,1355.7522,1.0879,0.0005,1715644.6311,0.0007,14031978.1311
2026-08-03T05:50:00+05:30,1244.24,147.5921,1096.6506,0.8864,0.0004,1689591.4681,0.0007,11052988.7685
2026-08-03T05:51:00+05:30,1251.56,146.8671,1104.6955,0.8978,0.0005,1722637.2410,0.0008,12135542.7467
2026-08-03T05:52:00+05:30,5016.80,4187.3188,829.4784,12.8812,0.0027,215681190.2016,0.0017,9768492.4513
2026-08-03T05:53:00+05:30,1496.50,145.5764,1350.9234,1.0646,0.0004,1597136.8758,0.0008,13855097.5398
2026-08-03T05:54:00+05:30,1508.94,150.3591,1358.5821,1.0904,0.0005,1665828.1753,0.0007,14080046.9310
2026-08-03T05:55:00+05:30,1305.06,151.5293,1153.5295,0.9316,0.0005,1680182.6819,0.0007,11517546.4622
2026-08-03T05:56:00+05:30,1151.72,150.2500,1001.4667,0.8219,0.0005,1727488.0000,0.0007,11365580.8000
2026-08-03T05:57:00+05:30,1974.42,875.5228,1098.8985,1.5861,0.0008,13152507.1070,0.0008,12142072.6200
2026-08-03T05:58:00+05:30,5124.17,3956.6869,1167.4860,14.7651,0.0028,211734223.2147,0.0031,12310389.6009
2026-08-03T05:59:00+05:30,1529.19,150.9236,1378.2675,1.0929,0.0004,1658052.7149,0.0008,14151457.0462
2026-08-03T06:00:00+05:30,1212.41,155.6104,1056.8038,0.8603,0.0005,1720406.0203,0.0007,10755746.3206
2026-08-03T06:01:00+05:30,1240.98,153.4077,1087.5710,0.8882,0.0004,1730441.7221,0.0007,11985768.3551
2026-08-03T06:02:00+05:30,1266.90,150.3316,1116.5728,0.9091,0.0005,1718445.8034,0.0007,12408328.0623
2026-08-03T06:03:00+05:30,3630.87,2380.3944,1250.4792,3.3716,0.0010,170068285.0333,0.0009,13099990.1989
2026-08-03T06:04:00+05:30,3064.58,1921.7052,1142.8738,11.9762,0.0049,47518992.6173,0.0021,12305406.5495
2026-08-03T06:05:00+05:30,1352.41,155.7015,1196.7063,0.9595,0.0004,1687134.4324,0.0007,11909553.7146
2026-08-03T06:06:00+05:30,1203.38,156.4021,1046.9739,0.8580,0.0005,1736356.7287,0.0007,11672972.0723
2026-08-03T06:07:00+05:30,1195.35,151.1233,1044.2304,0.8546,0.0004,1703850.8075,0.0008,11785241.1379
2026-08-03T06:08:00+05:30,1391.35,148.9241,1242.4288,0.9993,0.0004,1708839.8947,0.0007,12973488.4496
2026-08-03T06:09:00+05:30,5109.00,3826.0862,1282.9120,10.7072,0.0018,217201459.2000,0.0028,13598378.6667
2026-08-03T06:10:00+05:30,1996.12,769.4539,1226.6611,7.6973,0.0073,5247436.5746,0.0017,12090357.2096
2026-08-03T06:11:00+05:30,1168.73,159.9480,1008.7823,0.8293,0.0004,1751791.3577,0.0007,11327463.5293
2026-08-03T06:12:00+05:30,1237.29,158.6402,1078.6536,0.8837,0.0005,1769752.6704,0.0007,12007466.0801
2026-08-03T06:13:00+05:30,1401.33,153.5411,1247.7920,1.0052,0.0005,1727853.8935,0.0007,12967743.1138
2026-08-03T06:14:00+05:30,1388.32,151.9184,1236.4064,0.9963,0.0005,1746432.8281,0.0007,12952260.5172
2026-08-03T06:15:00+05:30,5815.54,4834.7855,980.7580,17.6127,0.0030,223160315.7351,0.0036,10453892.7447
2026-08-03T06:16:00+05:30,1386.86,160.1987,1226.6620,0.9794,0.0003,1694199.6099,0.0007,13141927.9511
2026-08-03T06:17:00+05:30,1206.77,166.6250,1040.1480,0.8578,0.0004,1805874.2750,0.0008,11636506.3662
2026-08-03T06:18:00+05:30,1422.50,161.8468,1260.6551,1.0188,0.0005,1773062.6396,0.0008,13061197.3197
2026-08-03T06:19:00+05:30,1424.04,161.5968,1262.4385,1.0191,0.0005,1800994.7330,0.0008,12986209.7473
2026-08-03T06:20:00+05:30,1264.28,159.9740,1104.3055,0.9001,0.0005,1807697.1474,0.0007,11618550.7865
2026-08-03T06:21:00+05:30,5619.54,4555.8667,1063.6762,14.0620,0.0024,218496234.7058,0.0028,11755636.0727
2026-08-03T06:22:00+05:30,1340.71,170.2713,1170.4379,0.9444,0.0004,1806575.0704,0.0008,12693730.3764
2026-08-03T06:23:00+05:30,1357.06,171.7630,1185.3013,0.9658,0.0004,1826803.1612,0.0008,12423217.5798
2026-08-03T06:24:00+05:30,1435.00,171.6886,1263.3158,1.0248,0.0005,1886901.4066,0.0007,12935397.9068
2026-08-03T06:25:00+05:30,1263.83,168.0889,1095.7365,0.8988,0.0005,1845923.9308,0.0008,11709352.4451
2026-08-03T06:26:00+05:30,2244.71,1142.2050,1102.5009,1.5345,0.0006,46135313.5393,0.0008,12134377.8200
2026-08-03T06:27:00+05:30,4796.27,3600.5669,1195.6986,13.9844,0.0029,173852459.6199,0.0028,12772991.5305
2026-08-03T06:28:00+05:30,1415.29,173.4089,1241.8860,0.9997,0.0004,1840576.0650,0.0007,12941629.3631
2026-08-03T06:29:00+05:30,1390.47,174.6032,1215.8697,0.9918,0.0005,1884299.3197,0.0008,12907972.7891
2026-08-03T06:30:00+05:30,1455.77,380.3272,1075.4390,1.0272,0.0006,20683295.2467,0.0007,11996535.0794
2026-08-03T06:31:00+05:30,1879.23,679.6613,1199.5700,1.4052,0.0005,26451285.3333,0.0008,21532262.4000
2026-08-03T06:32:00+05:30,4503.25,2626.8749,1876.3749,6.9374,0.0010,146022495.5670,0.0023,22686504.6330
2026-08-03T06:33:00+05:30,3603.82,2317.5696,1286.2477,14.7173,0.0042,78351516.1860,0.0039,20321458.3764
2026-08-03T06:34:00+05:30,1533.42,163.8330,1369.5870,1.1350,0.0004,1655181.9046,0.0008,21580450.5192
2026-08-03T06:35:00+05:30,1608.78,165.8195,1442.9631,1.1882,0.0005,1730864.7802,0.0008,20487303.8030
2026-08-03T06:36:00+05:30,1378.34,184.9123,1193.4296,0.9982,0.0004,1944364.2910,0.0008,16129757.9839
2026-08-03T06:37:00+05:30,1733.27,207.4937,1525.7763,1.2517,0.0004,2233114.3224,0.0008,17659148.5574
2026-08-03T06:38:00+05:30,4738.17,3198.5137,1539.6561,6.6905,0.0013,204452820.0480,0.0016,24160844.5748
2026-08-03T06:39:00+05:30,2565.33,1536.3853,1028.9415,13.3110,0.0065,13282124.3706,0.0033,14342214.1309
2026-08-03T06:40:00+05:30,2023.25,642.5179,1380.7310,1.9225,0.0012,6386535.2976,0.0009,14975138.1908
2026-08-03T06:41:00+05:30,1555.62,542.8714,1012.7489,1.2996,0.0009,5671053.8122,0.0008,12848422.6314
2026-08-03T06:42:00+05:30,1786.29,519.6260,1266.6633,1.6562,0.0010,4897094.4730,0.0009,13475850.9234
2026-08-03T06:43:00+05:30,1295.37,162.2252,1133.1433,0.9409,0.0004,1791266.1823,0.0008,15976679.9547
2026-08-03T06:44:00+05:30,5215.56,4474.8130,740.7475,13.7185,0.0028,208347577.8774,0.0015,14830944.9934
2026-08-03T06:45:00+05:30,1806.08,150.7792,1655.3046,1.2997,0.0003,1603785.9155,0.0007,17257203.4336
2026-08-03T06:46:00+05:30,1628.30,154.3489,1473.9501,1.1777,0.0004,1695461.6962,0.0007,15271652.0231
2026-08-03T06:47:00+05:30,1327.07,152.1978,1174.8759,0.9562,0.0005,1727358.0165,0.0008,13337832.9057
2026-08-03T06:48:00+05:30,1224.96,150.5276,1074.4303,0.8853,0.0005,1726399.6799,0.0007,13541490.1647
2026-08-03T06:49:00+05:30,1447.44,146.7902,1300.6466,1.0417,0.0005,1713720.4186,0.0008,13443472.8351
2026-08-03T06:50:00+05:30,5546.55,4655.7235,890.8294,15.0287,0.0028,210327361.1518,0.0021,10152220.7706
2026-08-03T06:51:00+05:30,1245.50,150.1767,1095.3230,0.8794,0.0004,1603213.0142,0.0008,12110358.2906
2026-08-03T06:52:00+05:30,1420.03,150.6217,1269.4090,1.0240,0.0004,1620977.7659,0.0007,13557802.3267
2026-08-03T06:53:00+05:30,1483.34,151.5409,1331.7999,1.0674,0.0004,1677054.5194,0.0007,13679822.1244
2026-08-03T06:54:00+05:30,1362.84,146.9873,1215.8568,0.9792,0.0005,1643423.5057,0.0008,12949655.7631
2026-08-03T06:55:00+05:30,2578.94,1424.5808,1154.3551,2.1556,0.0008,79096806.1602,0.0008,11621012.4337
2026-08-03T06:56:00+05:30,4315.28,3483.4753,831.8028,13.2267,0.0034,135735072.2976,0.0015,9827410.0197
2026-08-03T06:57:00+05:30,1391.49,154.0808,1237.4141,0.9918,0.0004,1648997.2827,0.0007,13244964.6757
2026-08-03T06:58:00+05:30,1419.52,156.5870,1262.9281,1.0179,0.0004,1684817.4652,0.0007,13141740.0550
2026-08-03T06:59:00+05:30,1426.21,156.7255,1269.4865,1.0251,0.0005,1733175.1217,0.0007,13421765.4823
2026-08-03T07:00:00+05:30,1246.32,187.4646,1058.8598,0.9140,0.0005,4179094.3824,0.0008,16494542.1570
2026-08-03T07:01:00+05:30,5029.89,3753.7451,1276.1494,8.0728,0.0012,202883323.1795,0.0034,44182127.5121
2026-08-03T07:02:00+05:30,2585.46,1424.3041,1161.1602,10.7856,0.0065,12228052.8746,0.0013,13292831.2580
2026-08-03T07:03:00+05:30,1617.77,180.3593,1437.4083,1.1741,0.0004,1860527.4718,0.0008,18015109.9705
2026-08-03T07:04:00+05:30,1232.02,180.6713,1051.3466,0.8989,0.0004,1871033.4139,0.0008,16589533.8055
2026-08-03T07:05:00+05:30,1217.59,175.6196,1041.9674,0.8842,0.0005,1845961.4327,0.0008,15408111.7352
2026-08-03T07:06:00+05:30,1278.47,173.4949,1104.9737,0.9150,0.0004,1870321.1934,0.0008,13080505.5088
2026-08-03T07:07:00+05:30,2150.60,563.9970,1586.5989,5.7254,0.0007,21945875.7563,0.0034,16234073.9062
2026-08-03T07:08:00+05:30,1316.01,185.3272,1130.6790,0.9315,0.0005,2016871.4376,0.0007,11934936.5688
2026-08-03T07:09:00+05:30,1314.97,181.7349,1133.2389,0.9309,0.0005,2026088.5911,0.0007,11775095.5571
2026-08-03T07:10:00+05:30,1257.01,176.4784,1080.5326,0.8907,0.0005,1993397.5871,0.0007,11641302.6728
2026-08-03T07:11:00+05:30,1156.72,170.0762,986.6453,0.8201,0.0004,1947955.9853,0.0007,11310983.1277
2026-08-03T07:12:00+05:30,1572.28,297.0167,1275.2667,1.0926,0.0005,2758382.9333,0.0008,13574621.8667
2026-08-03T07:13:00+05:30,1872.48,159.6154,1712.8622,1.3588,0.0005,1869723.1220,0.0008,16902927.6811
2026-08-03T07:14:00+05:30,1261.47,153.6320,1107.8341,0.9022,0.0004,1837433.0538,0.0007,11925116.0201
2026-08-03T07:15:00+05:30,1129.94,146.5873,983.3533,0.8022,0.0005,1776664.6560,0.0008,10213620.6489
2026-08-03T07:16:00+05:30,1161.13,148.8266,1012.3008,0.8294,0.0004,1814952.3127,0.0008,11400732.4610
2026-08-03T07:17:00+05:30,1666.15,414.2045,1251.9455,1.1730,0.0005,3055772.0342,0.0008,13434230.1988
2026-08-03T07:18:00+05:30,1817.37,144.4811,1672.8840,1.3224,0.0005,1801229.5691,0.0008,16609298.7749
2026-08-03T07:19:00+05:30,1253.60,141.7360,1111.8591,0.9000,0.0005,1745814.8068,0.0007,12067205.1722
2026-08-03T07:20:00+05:30,1133.32,144.5359,988.7818,0.8048,0.0004,1773258.3011,0.0007,10227710.3614
2026-08-03T07:21:00+05:30,1482.98,523.6389,959.3381,1.3374,0.0011,5026024.8304,0.0008,11030947.7228
2026-08-03T07:22:00+05:30,1535.22,154.2002,1381.0151,2.0988,0.0006,1978406.1093,0.0014,14671539.5338
2026-08-03T07:23:00+05:30,1757.34,146.6496,1610.6954,1.2768,0.0005,1822985.1851,0.0008,16146186.6782
2026-08-03T07:24:00+05:30,1241.94,138.7116,1103.2253,0.8926,0.0005,1739852.7211,0.0007,11956537.7115
2026-08-03T07:25:00+05:30,1101.29,134.2331,967.0582,0.7843,0.0005,1647504.6489,0.0007,10107457.0600
2026-08-03T07:26:00+05:30,1111.75,133.5133,978.2366,0.7976,0.0004,1658262.2896,0.0007,11141038.0937
2026-08-03T07:27:00+05:30,1298.66,153.2140,1145.4458,0.9344,0.0005,2150693.6054,0.0008,12749643.2620
2026-08-03T07:28:00+05:30,1930.27,127.6248,1802.6465,3.2341,0.0007,1630058.2304,0.0018,17738138.1598
2026-08-03T07:29:00+05:30,1281.12,129.7290,1151.3950,0.9245,0.0005,1676682.0326,0.0007,12400019.9990
2026-08-03T07:30:00+05:30,1090.09,124.3624,965.7253,0.7785,0.0005,1602277.9028,0.0007,10060038.2096
2026-08-03T07:31:00+05:30,1106.72,125.7145,981.0028,0.7956,0.0004,1644706.8940,0.0007,11129483.6441
2026-08-03T07:32:00+05:30,1264.22,149.4284,1114.7962,0.9086,0.0004,1909628.0791,0.0007,12501804.0732
2026-08-03T07:33:00+05:30,2031.36,185.8524,1845.5091,1.4936,0.0004,1941421.1395,0.0008,18119566.6128
2026-08-03T07:34:00+05:30,1276.63,134.7039,1141.9234,0.9200,0.0005,1725037.7484,0.0007,12318390.8230
2026-08-03T07:35:00+05:30,1101.69,136.5568,965.1316,0.7835,0.0005,1718864.4576,0.0007,10037712.3808
2026-08-03T07:36:00+05:30,1111.18,134.5667,976.6167,0.7963,0.0004,1717355.9107,0.0007,11097244.3793
2026-08-03T07:37:00+05:30,1358.89,160.5745,1198.3106,1.6619,0.0005,2202226.1171,0.0013,13300501.2829
2026-08-03T07:38:00+05:30,1932.36,134.4426,1797.9193,2.2149,0.0006,1725371.9678,0.0012,17726138.0771
2026-08-03T07:39:00+05:30,1246.41,135.1941,1111.2148,0.8969,0.0005,1712183.9693,0.0007,12066579.8367
2026-08-03T07:40:00+05:30,1096.41,136.3598,960.0520,0.7802,0.0005,1746720.1307,0.0007,10015106.7113
2026-08-03T07:41:00+05:30,1454.45,507.1660,947.2886,1.2999,0.0011,4871376.4520,0.0008,10918275.2104
2026-08-03T07:42:00+05:30,1213.51,169.7198,1043.7884,0.8529,0.0004,2271186.0519,0.0007,11968206.9540
2026-08-03T07:43:00+05:30,2038.12,135.8181,1902.3036,5.2664,0.0011,1743177.7433,0.0027,18831180.9438
2026-08-03T07:44:00+05:30,1216.52,132.7078,1083.8111,0.8758,0.0004,1690346.6044,0.0007,11827647.9627
2026-08-03T07:45:00+05:30,1103.56,134.3587,969.2056,0.7863,0.0005,1705631.4614,0.0007,10106287.8854
2026-08-03T07:46:00+05:30,1100.33,125.3542,974.9792,0.7914,0.0004,1621781.4005,0.0007,11054919.0379
2026-08-03T07:47:00+05:30,1598.02,622.2467,975.7739,1.5249,0.0012,6005150.8073,0.0008,11409793.3585
2026-08-03T07:48:00+05:30,2009.63,134.6811,1874.9521,6.9860,0.0011,1758315.2281,0.0037,18778072.0988
2026-08-03T07:49:00+05:30,1596.84,518.2944,1078.5451,1.4594,0.0011,4872171.8925,0.0008,11814772.7492
2026-08-03T07:50:00+05:30,1092.59,130.8464,961.7462,0.7757,0.0004,1647207.1339,0.0007,10028594.6496
2026-08-03T07:51:00+05:30,1104.18,126.2710,977.9130,0.7936,0.0004,1607060.3767,0.0007,11100371.6619
2026-08-03T07:52:00+05:30,1141.52,121.3525,1020.1643,0.8243,0.0005,1547151.7656,0.0007,11702545.1031
2026-08-03T07:53:00+05:30,2016.11,158.7542,1857.3595,7.5628,0.0013,2214028.2282,0.0040,18818557.3978
2026-08-03T07:54:00+05:30,1205.23,122.8953,1082.3359,0.8698,0.0005,1565856.5665,0.0008,11825180.5421
2026-08-03T07:55:00+05:30,1074.60,119.9660,954.6295,0.7690,0.0005,1542074.1136,0.0007,9958406.8248
2026-08-03T07:56:00+05:30,1084.59,115.6033,968.9902,0.7824,0.0005,1497698.8046,0.0007,10997761.0243
2026-08-03T07:57:00+05:30,1128.96,108.0221,1020.9344,0.8191,0.0005,1416672.4336,0.0008,11672340.4170
2026-08-03T07:58:00+05:30,2398.79,571.8785,1826.9115,10.1004,0.0007,8935374.4417,0.0054,18508043.9971
2026-08-03T07:59:00+05:30,1208.53,106.2479,1102.2826,0.8777,0.0005,1427980.2069,0.0007,11960434.6479
2026-08-03T08:00:00+05:30,1073.01,105.9002,967.1063,0.7720,0.0005,1411679.0930,0.0007,10079451.5505
2026-08-03T08:01:00+05:30,1074.49,102.4564,972.0361,0.7790,0.0005,1373979.4357,0.0007,11007944.5398
2026-08-03T08:02:00+05:30,1492.05,470.8696,1021.1812,1.3568,0.0011,4506787.7212,0.0008,11826836.5163
2026-08-03T08:03:00+05:30,2125.72,280.5226,1845.2002,8.3891,0.0008,4077640.2446,0.0045,18690708.7464
2026-08-03T08:04:00+05:30,1163.21,95.5128,1067.6994,0.8468,0.0005,1287039.1356,0.0007,11591548.1816
2026-08-03T08:05:00+05:30,1059.93,94.2170,965.7120,0.7655,0.0005,1265630.6293,0.0007,10073521.7341
2026-08-03T08:06:00+05:30,1064.66,87.2754,977.3811,0.7760,0.0004,1208167.7501,0.0007,11061876.3210
2026-08-03T08:07:00+05:30,1146.48,89.3860,1057.0957,0.8378,0.0005,1211743.0067,0.0007,11958946.1541
2026-08-03T08:08:00+05:30,2004.08,167.3082,1836.7745,8.7584,0.0010,2290647.5587,0.0047,18655058.2903
2026-08-03T08:09:00+05:30,1182.70,84.9333,1097.7667,0.8637,0.0005,1158231.5705,0.0007,11768755.0793
2026-08-03T08:10:00+05:30,1100.72,83.2958,1017.4193,0.7996,0.0004,1132695.0260,0.0008,10505934.1245
2026-08-03T08:11:00+05:30,1048.90,75.7038,973.1987,0.7673,0.0005,1078940.3470,0.0007,11008960.0480
2026-08-03T08:12:00+05:30,1089.11,72.0475,1017.0621,0.7996,0.0005,1052664.3562,0.0008,11589476.9395
2026-08-03T08:13:00+05:30,1785.65,368.0587,1417.5877,2.4995,0.0011,3824089.6239,0.0015,14711157.1086
2026-08-03T08:14:00+05:30,1615.00,66.8022,1548.1979,7.7038,0.0016,977487.1197,0.0050,15995585.0302
2026-08-03T08:15:00+05:30,1022.77,65.8289,956.9362,0.7459,0.0005,979834.4110,0.0007,10006133.9911
2026-08-03T08:16:00+05:30,1034.01,65.8575,968.1550,0.7593,0.0005,976844.5763,0.0007,10982740.6049
2026-08-03T08:17:00+05:30,1066.94,60.9701,1005.9654,0.7865,0.0004,909046.7732,0.0008,11480512.0224
2026-08-03T08:18:00+05:30,1922.56,70.0058,1852.5544,9.9642,0.0016,1108966.3633,0.0054,18665495.3495
2026-08-03T08:19:00+05:30,1181.11,57.7199,1123.3879,0.8715,0.0005,892310.1943,0.0008,12044276.6021
2026-08-03T08:20:00+05:30,1005.75,51.5060,954.2447,0.7378,0.0005,831243.6451,0.0007,9980658.8102
2026-08-03T08:21:00+05:30,1025.98,51.6009,974.3829,0.7571,0.0005,809915.7333,0.0007,11017557.3333
2026-08-03T08:22:00+05:30,1057.86,47.6452,1010.2156,0.7837,0.0005,781438.6561,0.0007,11505469.1864
2026-08-03T08:23:00+05:30,1901.10,416.4903,1484.6081,4.4824,0.0012,3892493.6749,0.0027,15367082.7847
2026-08-03T08:24:00+05:30,1521.79,41.2541,1480.5314,6.5647,0.0011,697413.7414,0.0044,15322551.9885
2026-08-03T08:25:00+05:30,1004.37,43.9493,960.4173,0.7350,0.0004,735219.7463,0.0007,10020014.3331
2026-08-03T08:26:00+05:30,1016.00,41.0285,974.9696,0.7504,0.0003,704225.0404,0.0007,11021391.5043
2026-08-03T08:27:00+05:30,1051.93,40.7901,1011.1352,0.7809,0.0005,704572.9050,0.0008,11505725.3830
2026-08-03T08:28:00+05:30,1366.52,108.4333,1258.0833,0.9941,0.0005,1277589.3735,0.0007,13123843.1359
2026-08-03T08:29:00+05:30,1799.68,33.5116,1766.1684,7.8654,0.0015,627833.0889,0.0045,18051191.0412
2026-08-03T08:30:00+05:30,998.17,37.1685,960.9980,0.7367,0.0005,676408.6803,0.0007,10025908.5970
2026-08-03T08:31:00+05:30,1001.38,35.2029,966.1805,0.7450,0.0004,632133.7445,0.0007,10939894.0578
2026-08-03T08:32:00+05:30,1040.53,31.9995,1008.5332,0.7753,0.0005,618485.6919,0.0007,11496188.1302
2026-08-03T08:33:00+05:30,1480.23,229.2233,1251.0040,1.0472,0.0005,4148490.9427,0.0007,13119868.8153
2026-08-03T08:34:00+05:30,1745.81,28.7710,1717.0409,10.5512,0.0020,566015.5690,0.0061,17548940.6078
2026-08-03T08:35:00+05:30,997.57,30.9364,966.6300,0.7375,0.0004,591385.0052,0.0007,10111645.8312
2026-08-03T08:36:00+05:30,994.19,26.3574,967.8279,0.7407,0.0004,553048.7171,0.0008,10928785.8714
2026-08-03T08:37:00+05:30,1043.32,28.9862,1014.3348,0.7775,0.0005,575194.5995,0.0007,11506076.7064
2026-08-03T08:38:00+05:30,1885.96,684.0641,1201.8919,1.7696,0.0010,11870596.2762,0.0009,12695103.3541
2026-08-03T08:39:00+05:30,1827.09,37.0185,1790.0672,9.8348,0.0017,652498.2734,0.0055,18216174.6993
2026-08-03T08:40:00+05:30,997.62,39.3088,958.3083,0.7356,0.0005,674612.8108,0.0007,10052713.7239
2026-08-03T08:41:00+05:30,1009.27,34.8087,974.4603,0.7493,0.0004,630180.1087,0.0007,10969872.7036
2026-08-03T08:42:00+05:30,1037.82,32.1420,1005.6819,0.7730,0.0004,611038.7070,0.0008,11415224.0607
2026-08-03T08:43:00+05:30,1228.92,32.6699,1196.2530,0.9133,0.0005,618226.7931,0.0007,12589705.5990
2026-08-03T08:44:00+05:30,1957.19,152.0637,1805.1277,8.3443,0.0007,1830254.0508,0.0046,18477474.6949
2026-08-03T08:45:00+05:30,996.33,33.5899,962.7445,0.7362,0.0004,613669.7657,0.0007,10047886.9672
2026-08-03T08:46:00+05:30,1333.75,383.7459,950.0042,1.1520,0.0011,3648331.8163,0.0008,10817441.4270
2026-08-03T08:47:00+05:30,1046.19,38.8935,1007.2988,0.7737,0.0004,673543.2095,0.0007,11441293.1178
2026-08-03T08:48:00+05:30,1229.82,37.4037,1192.4192,0.9091,0.0004,669000.8167,0.0007,12533985.2988
2026-08-03T08:49:00+05:30,1990.07,141.2835,1848.7843,8.4594,0.0008,1224492.8758,0.0046,18942063.1593
2026-08-03T08:50:00+05:30,1001.87,37.1352,964.7316,0.7390,0.0004,646722.4695,0.0007,10067583.9125
2026-08-03T08:51:00+05:30,1008.73,34.6684,974.0654,0.7494,0.0005,638871.4102,0.0007,10975575.9788
2026-08-03T08:52:00+05:30,1456.85,488.7593,968.0860,1.3865,0.0013,4495872.8106,0.0008,11101351.1541
2026-08-03T08:53:00+05:30,1222.55,40.5840,1181.9697,0.9022,0.0004,672301.3384,0.0007,12415660.7943
2026-08-03T08:54:00+05:30,2965.15,1302.3783,1662.7723,15.8018,0.0024,9013111.4667,0.0078,17301640.5333
2026-08-03T08:55:00+05:30,1039.86,77.4142,962.4431,0.7478,0.0004,1040352.5921,0.0007,10064252.3087
2026-08-03T08:56:00+05:30,1049.54,76.6501,972.8892,0.7598,0.0004,1034152.4670,0.0007,10942414.2103
2026-08-03T08:57:00+05:30,1078.40,72.1012,1006.3001,0.7905,0.0005,998228.4743,0.0007,11392994.1665
2026-08-03T08:58:00+05:30,1255.41,69.0310,1186.3771,0.9211,0.0005,956247.5917,0.0007,12423846.1385
2026-08-03T08:59:00+05:30,3081.93,1482.6259,1599.3034,12.7232,0.0020,119352896.4736,0.0061,16627286.1809
2026-08-03T09:00:00+05:30,3142.05,2126.3561,1015.6987,6.3769,0.0025,124513826.5145,0.0011,10500859.3284
2026-08-03T09:01:00+05:30,1281.07,192.0884,1088.9845,0.9013,0.0004,2163188.9044,0.0007,11895319.8640
2026-08-03T09:02:00+05:30,1192.16,182.7910,1009.3679,0.8423,0.0005,2084425.7305,0.0008,11364213.4320
2026-08-03T09:03:00+05:30,1330.61,179.3979,1151.2087,0.9444,0.0004,2066322.5763,0.0007,12054685.7038
2026-08-03T09:04:00+05:30,1300.21,174.7133,1125.5001,0.9242,0.0005,2050424.0727,0.0007,12071881.9705
2026-08-03T09:05:00+05:30,4231.55,3038.5827,1192.9635,5.7226,0.0013,218755140.2667,0.0015,12194747.7333
2026-08-03T09:06:00+05:30,2686.10,1540.4167,1145.6833,8.3005,0.0037,31625235.0461,0.0022,12468016.1997
2026-08-03T09:07:00+05:30,1208.03,171.6443,1036.3821,0.8525,0.0004,1948743.5752,0.0008,11652731.5756
2026-08-03T09:08:00+05:30,1716.86,514.2429,1202.6169,1.5266,0.0011,4922983.0486,0.0008,12757645.5371
2026-08-03T09:09:00+05:30,1372.98,165.2335,1207.7459,0.9723,0.0004,1928304.3746,0.0008,12511076.8769
2026-08-03T09:10:00+05:30,1292.12,161.5774,1130.5420,0.9220,0.0005,1903915.9958,0.0007,12064756.8378
2026-08-03T09:11:00+05:30,4584.42,3504.1415,1080.2793,9.6617,0.0021,239876663.2335,0.0021,11999109.9112
2026-08-03T09:12:00+05:30,1624.35,387.3237,1237.0220,2.1232,0.0022,2897162.4046,0.0010,13252491.7147
2026-08-03T09:13:00+05:30,1328.39,157.8719,1170.5184,0.9483,0.0004,1824418.0219,0.0008,12431799.5201
2026-08-03T09:14:00+05:30,1357.25,159.9153,1197.3395,0.9699,0.0005,1852345.9968,0.0007,12436302.3888
2026-08-03T09:15:00+05:30,1269.68,156.6396,1113.0425,0.9072,0.0004,1858876.6562,0.0007,11960404.6464
2026-08-03T09:16:00+05:30,1202.14,151.4384,1050.7017,0.8601,0.0004,1830973.0324,0.0008,11772023.3341
2026-08-03T09:17:00+05:30,4657.18,3456.8014,1200.3767,11.0583,0.0024,238615926.6691,0.0025,13000953.3016
2026-08-03T09:18:00+05:30,1525.72,155.1500,1370.5667,1.0864,0.0004,1730804.2199,0.0008,14171582.4736
2026-08-03T09:19:00+05:30,1305.24,150.4224,1154.8216,0.9366,0.0005,1751976.8039,0.0007,12545527.2121
2026-08-03T09:20:00+05:30,1201.22,156.1906,1045.0332,0.8527,0.0005,1843056.5874,0.0007,10776431.3582
2026-08-03T09:21:00+05:30,1178.80,151.6222,1027.1784,0.8426,0.0005,1820580.9505,0.0007,11677681.5304
2026-08-03T09:22:00+05:30,2558.91,1217.2855,1341.6272,2.6699,0.0010,76027584.2208,0.0011,14178414.2793
2026-08-03T09:23:00+05:30,4050.43,2714.7476,1335.6832,11.0458,0.0028,166537012.8827,0.0025,13877987.7006
2026-08-03T09:24:00+05:30,1299.48,161.8689,1137.6161,0.9192,0.0004,1747352.6578,0.0007,12347057.5567
2026-08-03T09:25:00+05:30,1176.04,163.1891,1012.8491,0.8329,0.0004,1863183.4014,0.0008,10470824.4980
2026-08-03T09:26:00+05:30,1232.02,160.5967,1071.4226,0.8797,0.0005,1884211.8879,0.0007,11921849.2516
2026-08-03T09:27:00+05:30,1231.60,151.8131,1079.7894,0.8831,0.0005,1789849.8867,0.0007,12215169.1774
2026-08-03T09:28:00+05:30,3558.59,2243.5207,1315.0719,4.7432,0.0012,127152947.2000,0.0016,13917115.7333
2026-08-03T09:29:00+05:30,3671.38,2321.0327,1350.3509,10.5196,0.0031,127293114.5224,0.0025,14210758.5379
2026-08-03T09:30:00+05:30,1170.01,174.6929,995.3160,0.8152,0.0004,1834463.9696,0.0008,10338352.8863
2026-08-03T09:31:00+05:30,1524.01,505.3247,1018.6824,1.3481,0.0010,4746480.5426,0.0008,11559835.8749
2026-08-03T09:32:00+05:30,1233.88,167.6917,1066.1866,0.8709,0.0004,1916614.2307,0.0008,12065849.1591
2026-08-03T09:33:00+05:30,1353.47,165.5197,1187.9489,0.9674,0.0005,1919816.5639,0.0007,12715960.6732
2026-08-03T09:34:00+05:30,3858.00,2512.9171,1345.0782,5.3314,0.0013,206176552.0092,0.0015,14070131.0355
2026-08-03T09:35:00+05:30,2840.69,1632.7895,1207.8965,8.6130,0.0035,35980629.3333,0.0025,12217958.4000
2026-08-03T09:36:00+05:30,1187.14,184.1184,1003.0170,0.8333,0.0004,1883361.2134,0.0007,11385029.8192
2026-08-03T09:37:00+05:30,1196.31,181.2136,1015.0997,0.8464,0.0004,1898464.3589,0.0007,11581110.4482
2026-08-03T09:38:00+05:30,1417.24,176.5931,1240.6512,1.0110,0.0005,1860223.4369,0.0007,13099309.4254
2026-08-03T09:39:00+05:30,1438.37,176.7696,1261.6044,1.0270,0.0005,1886202.6068,0.0007,13245267.1089
2026-08-03T09:40:00+05:30,4832.61,3569.0233,1263.5904,7.9558,0.0013,241812373.1413,0.0027,19164647.8629
2026-08-03T09:41:00+05:30,2970.29,1740.4723,1229.8155,8.5877,0.0034,35374210.3720,0.0022,24065706.4391
2026-08-03T09:42:00+05:30,2431.70,908.1440,1523.5556,1.6571,0.0005,34373690.9745,0.0008,20887907.2124
2026-08-03T09:43:00+05:30,2120.39,128.5679,1991.8187,6.0704,0.0012,1381736.2615,0.0030,26932629.8530
2026-08-03T09:44:00+05:30,1565.21,130.5856,1434.6238,1.1706,0.0005,1404124.3164,0.0007,20742453.7815
2026-08-03T09:45:00+05:30,1751.58,126.6667,1624.9167,1.3110,0.0004,1376983.9836,0.0007,22201793.1701
2026-08-03T09:46:00+05:30,4627.72,3423.7494,1203.9738,9.0387,0.0022,225122965.7288,0.0012,16254344.3126
2026-08-03T09:47:00+05:30,1478.08,200.9998,1277.0807,1.0337,0.0004,1963781.3916,0.0008,13437167.6886
2026-08-03T09:48:00+05:30,1643.14,262.4402,1380.6992,1.1651,0.0004,3118876.0044,0.0008,16134017.4041
2026-08-03T09:49:00+05:30,1616.78,264.1340,1352.6452,1.1467,0.0005,3456238.8696,0.0008,16103362.3034
2026-08-03T09:50:00+05:30,1949.26,216.7195,1732.5388,1.4098,0.0005,3921959.2599,0.0007,18038923.2872
2026-08-03T09:51:00+05:30,1806.76,298.2138,1508.5480,1.2771,0.0005,3311525.9773,0.0008,16617008.0315
2026-08-03T09:52:00+05:30,4438.84,3507.6110,931.2259,9.1030,0.0022,225130307.0741,0.0015,11780396.2053
2026-08-03T09:53:00+05:30,1332.40,229.5041,1102.8961,0.9481,0.0004,3109743.9179,0.0008,15812107.9784
2026-08-03T09:54:00+05:30,1249.72,203.6938,1046.0228,0.9064,0.0005,3627696.4929,0.0008,16006298.4398
2026-08-03T09:55:00+05:30,1592.09,192.9018,1399.1835,1.1451,0.0005,2366350.2791,0.0008,15715563.3758
2026-08-03T09:56:00+05:30,1395.35,179.2115,1216.1374,0.9996,0.0005,1937414.4870,0.0008,13909533.9168
2026-08-03T09:57:00+05:30,2875.77,1800.5798,1075.1929,2.8716,0.0010,161114497.2092,0.0009,14127340.7421
2026-08-03T09:58:00+05:30,3135.72,1860.4271,1275.2947,8.7096,0.0033,64884892.8530,0.0020,16472225.5306
2026-08-03T09:59:00+05:30,1616.45,178.6940,1437.7521,1.1553,0.0005,1778014.3329,0.0008,14918295.2568
2026-08-03T10:00:00+05:30,1264.20,176.4500,1087.7500,0.8959,0.0005,1781516.6253,0.0008,11693523.9587
2026-08-03T10:01:00+05:30,1956.79,974.6013,982.1842,2.1060,0.0012,8597415.4626,0.0009,11274836.7915
2026-08-03T10:02:00+05:30,1168.77,169.8192,998.9501,0.8194,0.0004,1864176.2490,0.0007,12025131.3535
2026-08-03T10:03:00+05:30,4718.85,3506.9171,1211.9308,11.6718,0.0020,214475967.9307,0.0040,13592275.0896
2026-08-03T10:04:00+05:30,2304.93,840.8163,1464.1136,5.2770,0.0034,8615387.4060,0.0016,15096219.4028
2026-08-03T10:05:00+05:30,1195.64,185.3222,1010.3151,0.8398,0.0004,1813982.8359,0.0007,10681243.6801
2026-08-03T10:06:00+05:30,1265.12,182.2409,1082.8792,0.8975,0.0005,1835704.8197,0.0007,12107719.7520
2026-08-03T10:07:00+05:30,1246.35,177.3030,1069.0512,0.8850,0.0004,1802952.7159,0.0008,12070089.1682
2026-08-03T10:08:00+05:30,1426.63,174.0435,1252.5830,1.0186,0.0004,1816978.4192,0.0007,13248263.4359
2026-08-03T10:09:00+05:30,4943.65,3667.7500,1275.9000,10.9712,0.0022,216577160.5333,0.0022,13556804.2667
2026-08-03T10:10:00+05:30,1420.50,190.0158,1230.4859,0.9943,0.0004,1812289.6908,0.0007,12405155.3629
2026-08-03T10:11:00+05:30,1202.88,190.2754,1012.6017,0.8477,0.0005,1854301.6402,0.0007,11461112.1483
2026-08-03T10:12:00+05:30,1283.78,186.0845,1097.6919,0.9101,0.0004,1829090.6909,0.0008,12256532.2134
2026-08-03T10:13:00+05:30,1452.47,182.5725,1269.8934,1.0362,0.0005,1846438.2279,0.0008,13390430.6303
2026-08-03T10:14:00+05:30,2173.51,874.4665,1299.0464,1.6736,0.0008,54529160.8429,0.0008,13586641.7711
2026-08-03T10:15:00+05:30,4085.32,2982.5985,1102.7252,9.9615,0.0025,164698661.4218,0.0024,11535160.7301
2026-08-03T10:16:00+05:30,1306.21,190.1453,1116.0601,0.9180,0.0004,1842148.9036,0.0007,12331545.4242
2026-08-03T10:17:00+05:30,1274.87,191.1573,1083.7084,0.9016,0.0005,1854405.9218,0.0008,12109087.6596
2026-08-03T10:18:00+05:30,1466.58,187.3355,1279.2457,1.0446,0.0004,1838890.8991,0.0008,13431839.4056
2026-08-03T10:19:00+05:30,1462.42,186.2412,1276.1771,1.0411,0.0005,1906289.9827,0.0008,13242818.1939
2026-08-03T10:20:00+05:30,3858.78,2672.1544,1186.6262,3.8804,0.0010,205269709.4296,0.0010,12428462.3665
2026-08-03T10:21:00+05:30,2274.12,1160.3447,1113.7795,6.8742,0.0041,12980473.9842,0.0018,12283221.4926
2026-08-03T10:22:00+05:30,1211.59,194.3694,1017.2184,0.8528,0.0004,1876391.7124,0.0008,11496287.3669
2026-08-03T10:23:00+05:30,1476.45,196.4762,1279.9707,1.0493,0.0005,1918039.2379,0.0007,13449351.4910
2026-08-03T10:24:00+05:30,1465.48,192.1109,1273.3681,1.0417,0.0004,1925268.8065,0.0008,13148688.3312
2026-08-03T10:25:00+05:30,1256.71,188.0063,1068.7023,0.8873,0.0005,1908904.3484,0.0007,11575488.9248
2026-08-03T10:26:00+05:30,5145.81,4042.9529,1102.8569,10.8612,0.0020,219015296.4864,0.0024,12292642.4428
2026-08-03T10:27:00+05:30,1382.60,199.2801,1183.3150,0.9662,0.0004,1908954.7045,0.0007,12842065.1268
2026-08-03T10:28:00+05:30,1396.22,199.5432,1196.6759,0.9878,0.0004,1938305.8329,0.0008,12706223.9485
2026-08-03T10:29:00+05:30,1439.03,194.0691,1244.9646,1.0208,0.0004,1929436.0683,0.0007,12833837.6343
2026-08-03T10:30:00+05:30,1293.27,191.1184,1102.1521,0.9140,0.0005,1959407.7581,0.0008,11896965.1103
2026-08-03T10:31:00+05:30,1799.92,708.2583,1091.6650,1.2563,0.0006,34757403.8093,0.0007,12145212.3111
2026-08-03T10:32:00+05:30,4505.70,3265.3422,1240.3580,12.0534,0.0028,185504924.2821,0.0022,13237809.9635
2026-08-03T10:33:00+05:30,1439.17,202.3307,1236.8417,1.0106,0.0004,1964244.4107,0.0008,13068125.4397
2026-08-03T10:34:00+05:30,1421.78,202.8657,1218.9104,1.0063,0.0005,2017869.8079,0.0008,12904798.8137
2026-08-03T10:35:00+05:30,1260.80,199.2532,1061.5446,0.8853,0.0005,2007101.4502,0.0008,11147142.1237
2026-08-03T10:36:00+05:30,1228.76,190.9348,1037.8270,0.8683,0.0005,1962440.5672,0.0008,11827473.8789
2026-08-03T10:37:00+05:30,3621.49,2394.2465,1227.2409,3.5267,0.0010,189524805.6801,0.0009,13248254.9376
2026-08-03T10:38:00+05:30,2911.47,1511.6934,1399.7766,8.8944,0.0038,26018008.3012,0.0022,14433123.9019
2026-08-03T10:39:00+05:30,1362.57,211.6596,1150.9116,0.9585,0.0005,2055372.5542,0.0008,12520303.7232
2026-08-03T10:40:00+05:30,1250.27,205.0927,1045.1781,0.8741,0.0005,2010661.8671,0.0008,10761914.7419
2026-08-03T10:41:00+05:30,1257.62,196.5557,1061.0673,0.8871,0.0004,1977325.1534,0.0007,11855347.0259
2026-08-03T10:42:00+05:30,1274.26,193.5742,1080.6892,0.9019,0.0004,1984383.9488,0.0008,12233530.4626
2026-08-03T10:43:00+05:30,5076.40,3764.0738,1312.3303,11.8250,0.0021,213775469.2701,0.0029,13851935.9579
2026-08-03T10:44:00+05:30,1720.50,323.1965,1397.3057,1.7832,0.0016,2578489.9797,0.0009,14630815.2989
2026-08-03T10:45:00+05:30,1205.27,210.5991,994.6671,0.8387,0.0005,2037044.1130,0.0007,10412529.6225
2026-08-03T10:46:00+05:30,1294.10,203.4107,1090.6863,0.9128,0.0005,2011128.6257,0.0007,12175542.3085
2026-08-03T10:47:00+05:30,1283.51,198.5900,1084.9195,0.9071,0.0005,1983485.8495,0.0008,12272776.0259
2026-08-03T10:48:00+05:30,1457.32,192.0622,1265.2582,1.0366,0.0005,1954740.0237,0.0008,13374019.7611
2026-08-03T10:49:00+05:30,5300.99,3945.1991,1355.7893,12.5373,0.0021,213044156.6026,0.0031,14150072.6345
2026-08-03T10:50:00+05:30,1315.46,216.0621,1099.3966,0.9092,0.0004,2034549.6733,0.0007,11374401.9203
2026-08-03T10:51:00+05:30,1560.64,561.2760,999.3667,1.3605,0.0010,4980970.2990,0.0008,11435935.3312
2026-08-03T10:52:00+05:30,1293.06,201.1633,1091.8985,0.9137,0.0004,1980314.7281,0.0007,12210859.9523
2026-08-03T10:53:00+05:30,1434.62,197.6866,1236.9373,1.0180,0.0005,1961334.0222,0.0007,13131380.4563
2026-08-03T10:54:00+05:30,2520.11,1226.1381,1293.9745,2.2504,0.0007,52755759.2482,0.0010,13512663.8672
2026-08-03T10:55:00+05:30,4318.37,3105.2412,1213.1331,10.4311,0.0023,164441696.2342,0.0026,12538114.9916
2026-08-03T10:56:00+05:30,1239.21,212.6539,1026.5609,0.8627,0.0004,2021961.9083,0.0008,11576542.4158
2026-08-03T10:57:00+05:30,1249.30,206.2211,1043.0746,0.8783,0.0005,1985796.6260,0.0008,11746741.8817
2026-08-03T10:58:00+05:30,1432.07,202.8961,1229.1747,1.0142,0.0004,2005921.3144,0.0007,13028830.5811
2026-08-03T10:59:00+05:30,1408.50,196.0160,1212.4854,0.9979,0.0004,1990067.0434,0.0007,12690765.4815
2026-08-03T11:00:00+05:30,3629.93,2423.7192,1206.2098,4.3001,0.0009,142650652.8891,0.0017,12636017.6664
2026-08-03T11:01:00+05:30,3316.06,2136.5250,1179.5329,10.5166,0.0031,77698707.6964,0.0033,12786984.2805
2026-08-03T11:02:00+05:30,1215.31,210.5421,1004.7661,0.8460,0.0004,1998478.3109,0.0007,11358452.9805
2026-08-03T11:03:00+05:30,1421.88,207.8472,1214.0309,1.0040,0.0005,2018268.3801,0.0007,12816273.8804
2026-08-03T11:04:00+05:30,1408.11,205.2987,1202.8160,0.9937,0.0005,2037591.9353,0.0007,12494386.8033
2026-08-03T11:05:00+05:30,1414.74,201.2535,1213.4880,1.0018,0.0004,2022943.6277,0.0007,12764958.6292
2026-08-03T11:06:00+05:30,4430.83,3207.4714,1223.3576,7.1732,0.0010,200898937.0718,0.0032,13290611.5455
2026-08-03T11:07:00+05:30,2483.04,1406.6082,1076.4296,8.2010,0.0041,16080971.7571,0.0023,11934876.5475
2026-08-03T11:08:00+05:30,1391.14,223.3131,1167.8224,0.9760,0.0005,2119075.0767,0.0008,12377236.4315
2026-08-03T11:09:00+05:30,1376.73,218.6500,1158.0833,0.9657,0.0005,2131899.7333,0.0007,12079854.9333
2026-08-03T11:10:00+05:30,1368.11,214.1476,1153.9577,0.9633,0.0004,2096461.2565,0.0008,12301514.5476
2026-08-03T11:11:00+05:30,1239.60,208.5529,1031.0437,0.8712,0.0005,2116562.5875,0.0008,11815027.4091
2026-08-03T11:12:00+05:30,5145.65,3776.7390,1368.9131,10.5846,0.0013,210723285.4834,0.0042,14379583.1820
2026-08-03T11:13:00+05:30,2731.28,1567.4018,1163.8746,8.2194,0.0035,16006223.8669,0.0023,12448177.6266
2026-08-03T11:14:00+05:30,1423.76,233.1717,1190.5905,0.9959,0.0004,2249274.2030,0.0007,12659829.9418
2026-08-03T11:15:00+05:30,1601.70,494.8929,1106.8066,1.1617,0.0007,4478545.4061,0.0007,11483323.7578
2026-08-03T11:16:00+05:30,1595.98,580.8135,1015.1692,1.4019,0.0010,5262988.9150,0.0008,11590346.5520
2026-08-03T11:17:00+05:30,1279.63,214.4631,1065.1656,0.8884,0.0004,2258466.1333,0.0008,11801190.4000
2026-08-03T11:18:00+05:30,5461.73,3989.5852,1472.1468,13.2242,0.0014,210136771.5790,0.0051,15338568.5530
2026-08-03T11:19:00+05:30,2223.80,1114.3181,1109.4854,7.3021,0.0044,11487407.0124,0.0023,12144932.1424
2026-08-03T11:20:00+05:30,1214.79,234.6626,980.1280,0.8376,0.0004,2224789.5439,0.0007,10242663.1102
2026-08-03T11:21:00+05:30,1453.25,227.9082,1225.3420,1.0245,0.0005,2200209.2985,0.0008,13192519.1135
2026-08-03T11:22:00+05:30,1222.31,217.7921,1004.5172,0.8550,0.0004,2150172.9868,0.0008,11551999.4666
2026-08-03T11:23:00+05:30,1413.64,210.2956,1203.3463,0.9976,0.0005,2110490.8427,0.0007,12804104.0545
2026-08-03T11:24:00+05:30,5557.43,4010.0944,1547.3323,14.4932,0.0014,212313791.0448,0.0059,15731240.9382
2026-08-03T11:25:00+05:30,1999.32,1118.6192,880.6971,5.5055,0.0039,11474141.4802,0.0014,9816096.8549
2026-08-03T11:26:00+05:30,1361.99,238.3945,1123.5978,0.9518,0.0005,2217082.1262,0.0008,12286907.6059
2026-08-03T11:27:00+05:30,1372.88,233.6550,1139.2264,0.9624,0.0004,2218487.4756,0.0007,12555796.7435
2026-08-03T11:28:00+05:30,1412.98,227.4584,1185.5173,0.9911,0.0005,2229725.0496,0.0008,12509634.2329
2026-08-03T11:29:00+05:30,1389.33,217.2391,1172.0914,0.9765,0.0005,2179099.5784,0.0008,12361246.4710
2026-08-03T11:30:00+05:30,5568.75,4188.9594,1379.7857,14.6254,0.0016,211652745.8373,0.0058,14327773.4553
2026-08-03T11:31:00+05:30,1869.70,946.1554,923.5410,3.8376,0.0031,9717880.4786,0.0009,10593176.4157
2026-08-03T11:32:00+05:30,1499.60,238.8341,1260.7659,1.0588,0.0005,2242243.0878,0.0007,13475780.6110
2026-08-03T11:33:00+05:30,1410.43,235.4520,1174.9762,0.9884,0.0004,2267506.6009,0.0007,12276393.1191
2026-08-03T11:34:00+05:30,1419.35,230.0243,1189.3230,1.0486,0.0004,2277762.9548,0.0008,21141127.4564
2026-08-03T11:35:00+05:30,1300.26,220.2783,1079.9800,1.0523,0.0006,2198661.0014,0.0008,11402461.3847
2026-08-03T11:36:00+05:30,5793.95,4475.0604,1318.8901,17.5406,0.0019,216952845.5154,0.0068,14285760.7573
2026-08-03T11:37:00+05:30,1880.42,674.9221,1205.4966,3.0379,0.0030,4922149.4308,0.0008,12984444.9259
2026-08-03T11:38:00+05:30,1415.80,244.8156,1170.9842,1.0866,0.0006,2332562.9886,0.0008,12115521.0296
2026-08-03T11:39:00+05:30,1341.72,236.9136,1104.8079,0.9333,0.0004,2313978.9018,0.0007,11492076.9936
2026-08-03T11:40:00+05:30,1267.47,233.4506,1034.0240,0.8818,0.0004,2300637.1941,0.0007,11278885.1104
2026-08-03T11:41:00+05:30,1211.51,219.0249,992.4853,0.8457,0.0005,2208315.6492,0.0008,11251442.2821
2026-08-03T11:42:00+05:30,6012.13,4590.6856,1421.4492,19.9301,0.0021,218734374.4770,0.0073,15092448.7857
2026-08-03T11:43:00+05:30,2204.99,981.0808,1223.9132,4.5715,0.0027,7557376.7169,0.0016,12542532.0709
2026-08-03T11:44:00+05:30,1320.73,246.3046,1074.4247,0.9137,0.0005,2361790.4876,0.0007,11122190.1810
2026-08-03T11:45:00+05:30,1265.68,238.0246,1027.6509,0.8759,0.0004,2304827.7609,0.0007,10949109.5037
2026-08-03T11:46:00+05:30,1218.03,229.6139,988.4151,0.8478,0.0004,2274948.6598,0.0007,11544476.8636
2026-08-03T11:47:00+05:30,1296.18,221.0928,1075.0862,0.9077,0.0004,2290745.8966,0.0007,11997851.5939
2026-08-03T11:48:00+05:30,6068.94,4327.2997,1741.6371,18.8561,0.0014,223201756.8586,0.0073,17793412.3137
2026-08-03T11:49:00+05:30,2323.38,1419.2038,904.1810,14.1927,0.0080,13371247.5670,0.0032,10165462.7383
2026-08-03T11:50:00+05:30,1219.39,241.4109,977.9793,0.8390,0.0004,2282739.9233,0.0007,10279806.1010
2026-08-03T11:51:00+05:30,1232.46,232.3450,1000.1167,0.8562,0.0005,2251410.7039,0.0008,11360482.6908
2026-08-03T11:52:00+05:30,1230.30,223.4165,1006.8823,0.8587,0.0004,2201579.5227,0.0007,11653477.6696
2026-08-03T11:53:00+05:30,1434.95,215.8477,1219.0979,1.0109,0.0005,2177474.2070,0.0007,12967082.4875
2026-08-03T11:54:00+05:30,5207.97,3518.0309,1689.9413,15.3441,0.0012,182928159.9787,0.0067,17764714.0381
2026-08-03T11:55:00+05:30,2932.05,2031.7151,900.3383,11.6784,0.0045,55542805.7930,0.0029,9694952.0524
2026-08-03T11:56:00+05:30,1234.42,243.3735,991.0479,0.8532,0.0005,2298870.2697,0.0007,11141262.0278
2026-08-03T11:57:00+05:30,1236.89,232.7194,1004.1670,0.8597,0.0005,2236943.7453,0.0007,11469892.3577
2026-08-03T11:58:00+05:30,1405.30,228.3029,1176.9931,0.9841,0.0005,2231445.2647,0.0007,12469090.3395
2026-08-03T11:59:00+05:30,1368.96,223.4055,1145.5594,0.9601,0.0005,2232549.7058,0.0007,12451149.1759
2026-08-03T12:00:00+05:30,4669.11,3206.4592,1462.6460,10.2867,0.0011,158190841.4685,0.0046,14830568.4337
2026-08-03T12:01:00+05:30,3499.36,2390.9311,1108.4271,16.1835,0.0042,77921575.8344,0.0056,12181479.1451
2026-08-03T12:02:00+05:30,1207.95,241.4494,966.4978,0.8340,0.0004,2289065.6710,0.0008,11055090.0727
2026-08-03T12:03:00+05:30,1344.14,238.1802,1105.9578,0.9706,0.0005,2380806.3995,0.0008,18012092.5923
2026-08-03T12:04:00+05:30,1408.26,270.2428,1138.0126,1.0067,0.0005,3706938.3592,0.0008,17321843.3235
2026-08-03T12:05:00+05:30,1818.82,506.9826,1311.8355,1.9285,0.0005,12433873.7105,0.0013,39418871.8940
2026-08-03T12:06:00+05:30,3891.57,2126.2379,1765.3296,13.5009,0.0013,67410177.9504,0.0061,32049767.7008
2026-08-03T12:07:00+05:30,2934.34,1500.7499,1433.5944,15.7224,0.0057,16446386.3754,0.0050,17095027.2126
2026-08-03T12:08:00+05:30,1634.41,271.4652,1362.9425,1.1613,0.0004,2671529.9058,0.0007,17106883.7597
2026-08-03T12:09:00+05:30,1509.23,260.9428,1248.2915,1.0661,0.0005,2620404.9738,0.0007,15336616.3283
2026-08-03T12:10:00+05:30,1616.29,652.5347,963.7536,1.4513,0.0010,5947684.6982,0.0009,12453530.1137
2026-08-03T12:11:00+05:30,1311.29,234.1372,1077.1513,0.9277,0.0005,2438116.3686,0.0007,14259369.3895
2026-08-03T12:12:00+05:30,3997.60,2431.3412,1566.2582,13.8930,0.0016,72986302.0422,0.0064,16845324.9312
2026-08-03T12:13:00+05:30,1669.82,243.6273,1426.1937,1.1701,0.0004,2515428.9332,0.0007,14361215.7078
2026-08-03T12:14:00+05:30,1243.76,235.1305,1008.6302,0.8622,0.0005,2443419.6225,0.0007,11078982.9232
2026-08-03T12:15:00+05:30,1190.62,230.7115,959.9053,0.8208,0.0005,2426462.2569,0.0007,10116760.6658
2026-08-03T12:16:00+05:30,1200.44,219.2504,981.1862,0.8363,0.0004,2325837.7910,0.0007,11207637.2544
2026-08-03T12:17:00+05:30,1910.94,261.8595,1649.0816,11.3728,0.0020,2850623.1957,0.0067,17518842.0175
2026-08-03T12:18:00+05:30,1573.02,210.8824,1362.1365,1.7380,0.0005,2304900.1917,0.0012,14034320.6066
2026-08-03T12:19:00+05:30,1228.12,207.9347,1020.1867,0.8592,0.0004,2298580.4301,0.0008,11165713.7523
2026-08-03T12:20:00+05:30,1163.79,201.8329,961.9595,0.8103,0.0004,2229236.8241,0.0007,10185980.4382
2026-08-03T12:21:00+05:30,1147.70,190.5714,957.1248,0.8131,0.0005,2156292.5919,0.0008,12106374.3415
2026-08-03T12:22:00+05:30,1510.21,458.8866,1051.3188,0.9996,0.0005,5062739.5361,0.0007,12138808.8510
2026-08-03T12:23:00+05:30,2127.45,163.8658,1963.5891,10.2354,0.0017,1894080.7576,0.0051,19610909.4062
2026-08-03T12:24:00+05:30,1186.98,168.3026,1018.6818,0.8408,0.0005,1963458.7784,0.0007,11187906.0745
2026-08-03T12:25:00+05:30,1127.01,167.2639,959.7507,0.7932,0.0004,1966901.9033,0.0007,10120537.3154
2026-08-03T12:26:00+05:30,1131.05,157.3474,973.7004,0.8040,0.0004,1885184.0000,0.0007,11131904.0000
2026-08-03T12:27:00+05:30,1181.23,149.0518,1032.1801,0.8449,0.0004,1817592.7475,0.0007,11857014.5483
2026-08-03T12:28:00+05:30,2414.70,393.0125,2021.6859,9.2240,0.0009,5924531.1953,0.0045,20142859.8670
2026-08-03T12:29:00+05:30,1156.22,139.9217,1016.2986,0.8263,0.0005,1732395.3671,0.0008,11187564.7696
2026-08-03T12:30:00+05:30,1089.16,133.3389,955.8260,0.7753,0.0005,1620511.1519,0.0007,10100781.0635
2026-08-03T12:31:00+05:30,1075.70,125.2999,950.3966,0.7729,0.0004,1610417.6623,0.0008,10933040.6065
2026-08-03T12:32:00+05:30,1146.72,122.9477,1023.7694,0.8274,0.0004,1556977.0310,0.0007,11773559.2226
2026-08-03T12:33:00+05:30,2582.37,611.1167,1971.2500,11.9432,0.0016,5742250.6667,0.0056,19602158.9333
2026-08-03T12:34:00+05:30,1178.96,170.0943,1008.8664,0.8248,0.0004,2017349.2884,0.0007,11123955.6015
2026-08-03T12:35:00+05:30,1512.19,600.7298,911.4584,1.4772,0.0013,5560451.2055,0.0008,9720535.4483
2026-08-03T12:36:00+05:30,1119.74,144.9623,974.7783,0.7959,0.0004,1833357.2274,0.0007,11140666.6111
2026-08-03T12:37:00+05:30,1159.36,139.9090,1019.4536,0.8316,0.0005,1757642.7678,0.0007,11718141.9260
2026-08-03T12:38:00+05:30,2532.31,534.0222,1998.2835,10.9417,0.0022,4926872.6273,0.0049,19980056.5953
2026-08-03T12:39:00+05:30,1163.60,148.1339,1015.4685,0.8298,0.0005,1846146.0504,0.0008,11171300.1183
2026-08-03T12:40:00+05:30,1105.63,148.2284,957.4014,0.7832,0.0005,1827612.0861,0.0007,10103166.3084
2026-08-03T12:41:00+05:30,1098.79,143.8831,954.9105,0.7845,0.0005,1823318.5590,0.0007,10956496.2842
2026-08-03T12:42:00+05:30,1162.00,141.5305,1020.4735,0.8336,0.0004,1789251.3505,0.0007,11776239.0130
2026-08-03T12:43:00+05:30,2260.92,246.2377,2014.6826,10.0824,0.0012,2214769.9077,0.0049,20130486.3171
2026-08-03T12:44:00+05:30,1154.60,137.1180,1017.4793,0.8261,0.0005,1730497.5506,0.0007,11194486.6198
2026-08-03T12:45:00+05:30,1089.85,135.9097,953.9354,0.7751,0.0005,1725411.4901,0.0007,10071603.8812
2026-08-03T12:46:00+05:30,1106.57,134.9829,971.5904,0.7923,0.0005,1678053.0201,0.0007,11089263.9507
2026-08-03T12:47:00+05:30,1146.79,128.1175,1018.6716,0.8258,0.0005,1639656.4417,0.0008,11699452.6540
2026-08-03T12:48:00+05:30,2269.16,295.1508,1974.0043,11.1546,0.0011,2355148.8085,0.0056,19724959.9733
2026-08-03T12:49:00+05:30,1159.17,124.3085,1034.8597,0.8349,0.0005,1607699.7934,0.0007,11418866.0934
2026-08-03T12:50:00+05:30,1085.79,125.9562,959.8367,0.7752,0.0005,1608050.6633,0.0007,10138699.0201
2026-08-03T12:51:00+05:30,1080.16,118.6415,961.5199,0.7776,0.0004,1543435.1356,0.0007,10999835.0089
2026-08-03T12:52:00+05:30,1135.64,113.5811,1022.0630,0.8217,0.0005,1497632.6340,0.0008,11736642.9488
2026-08-03T12:53:00+05:30,2050.61,161.2258,1889.3833,10.3040,0.0013,1685347.5537,0.0054,19071232.1024
2026-08-03T12:54:00+05:30,1214.70,110.1756,1104.5234,2.0439,0.0006,1464105.9055,0.0018,12146977.6251
2026-08-03T12:55:00+05:30,1067.84,110.2798,957.5578,0.7662,0.0005,1447943.6103,0.0007,10136902.1013
2026-08-03T12:56:00+05:30,1079.03,102.9137,976.1135,0.7812,0.0005,1392689.1586,0.0007,11144858.7812
2026-08-03T12:57:00+05:30,1121.09,101.8082,1019.2817,0.8141,0.0004,1395937.0052,0.0008,11682115.5570
2026-08-03T12:58:00+05:30,1582.84,212.1455,1370.6963,2.6325,0.0006,1860490.2176,0.0018,14396205.1795
2026-08-03T12:59:00+05:30,1714.64,107.2690,1607.3690,8.8081,0.0015,1374115.9531,0.0054,16875940.4736
2026-08-03T13:00:00+05:30,1062.32,105.2921,957.0298,0.7637,0.0005,1394394.5995,0.0007,10098710.3592
2026-08-03T13:01:00+05:30,1057.80,104.9613,952.8374,0.7652,0.0005,1412927.0984,0.0008,10913175.2271
2026-08-03T13:02:00+05:30,1120.22,101.7263,1018.4957,0.8131,0.0005,1369246.3758,0.0007,11660502.6827
2026-08-03T13:03:00+05:30,2015.17,413.8954,1601.2735,7.2035,0.0013,3407962.1270,0.0042,16592999.0998
2026-08-03T13:04:00+05:30,1455.18,94.8651,1360.3107,5.1968,0.0010,1290696.3551,0.0038,14552435.8594
2026-08-03T13:05:00+05:30,1052.94,95.5230,957.4138,0.7598,0.0004,1306621.0644,0.0007,10124111.5389
2026-08-03T13:06:00+05:30,1358.91,400.9532,957.9549,1.0819,0.0008,3922005.6661,0.0008,11002121.1212
2026-08-03T13:07:00+05:30,1108.27,92.0847,1016.1806,0.8028,0.0004,1269616.6639,0.0008,11742640.2266
2026-08-03T13:08:00+05:30,2066.20,985.8298,1080.3701,5.0420,0.0038,6757153.8218,0.0012,11862865.4497
2026-08-03T13:09:00+05:30,2592.08,894.3089,1697.7709,16.4957,0.0052,5461242.3490,0.0070,17999540.1916
2026-08-03T13:10:00+05:30,1044.19,91.4562,952.7382,0.7479,0.0004,1252003.2009,0.0007,10102132.8354
2026-08-03T13:11:00+05:30,1047.88,91.5211,956.3558,0.7618,0.0005,1249502.1747,0.0007,10979592.5278
2026-08-03T13:12:00+05:30,1088.20,88.4510,999.7499,0.7936,0.0005,1218530.6395,0.0008,11455458.0249
2026-08-03T13:13:00+05:30,1279.99,85.0280,1194.9593,0.9352,0.0004,1186632.8844,0.0007,12683589.8120
2026-08-03T13:14:00+05:30,3076.85,1374.6146,1702.2316,17.9360,0.0038,13657451.9516,0.0075,17794888.4371
2026-08-03T13:15:00+05:30,1045.70,84.3430,961.3532,0.7512,0.0003,1156116.9216,0.0007,10199317.1350
2026-08-03T13:16:00+05:30,1064.23,85.6567,978.5692,0.7756,0.0004,1208042.5284,0.0008,11133131.0014
2026-08-03T13:17:00+05:30,1097.19,83.5737,1013.6205,0.8012,0.0004,1195824.6837,0.0007,11524220.9293
2026-08-03T13:18:00+05:30,1263.55,84.4068,1179.1458,0.9222,0.0005,1183810.6888,0.0007,12431889.3462
2026-08-03T13:19:00+05:30,2381.52,596.0603,1785.4643,16.4621,0.0040,5586981.1346,0.0080,18580265.3156
2026-08-03T13:20:00+05:30,1064.17,104.2441,959.9253,0.7576,0.0003,1362125.4416,0.0008,10245665.0003
2026-08-03T13:21:00+05:30,1049.38,98.5162,950.8670,0.7602,0.0004,1305603.8412,0.0007,10833800.8369
2026-08-03T13:22:00+05:30,1126.58,108.0505,1018.5306,0.8157,0.0005,1403853.3529,0.0007,11559896.5471
2026-08-03T13:23:00+05:30,1282.59,106.8589,1175.7313,0.9300,0.0005,1406137.4448,0.0007,12395392.4160
2026-08-03T13:24:00+05:30,2409.91,878.4419,1531.4688,10.8185,0.0027,11682171.3086,0.0056,16259543.6438
2026-08-03T13:25:00+05:30,1404.34,178.2566,1226.0828,6.8342,0.0046,2164684.3640,0.0050,12698289.3899
2026-08-03T13:26:00+05:30,1108.01,118.2892,989.7162,0.7971,0.0005,1519965.0649,0.0007,11064463.6232
2026-08-03T13:27:00+05:30,1123.82,115.5833,1008.2333,0.8113,0.0005,1470966.3828,0.0007,11445984.8997
2026-08-03T13:28:00+05:30,1286.03,116.3178,1169.7107,0.9293,0.0005,1511948.1411,0.0007,12325677.5484
2026-08-03T13:29:00+05:30,1236.22,117.4912,1118.7246,0.8934,0.0005,1524316.8931,0.0007,12180061.4051
2026-08-03T13:30:00+05:30,2058.05,288.7430,1769.3090,9.8013,0.0009,3190564.1094,0.0054,17895244.3874
2026-08-03T13:31:00+05:30,1115.63,132.9611,982.6652,0.7988,0.0005,1672768.8769,0.0008,10981928.0595
2026-08-03T13:32:00+05:30,1150.16,135.1432,1015.0159,0.8255,0.0004,1714636.4015,0.0007,11550961.6519
2026-08-03T13:33:00+05:30,1289.99,132.4568,1157.5352,0.9275,0.0005,1689739.9187,0.0007,12188487.1026
2026-08-03T13:34:00+05:30,1332.14,246.7126,1085.4319,0.9755,0.0006,14916564.1906,0.0008,14645891.3685
2026-08-03T13:35:00+05:30,4339.74,2795.5887,1544.1466,17.5099,0.0029,44711565.3435,0.0061,40690406.8153
2026-08-03T13:36:00+05:30,3032.86,730.6846,2302.1799,15.9174,0.0013,9090807.2795,0.0065,48743724.2850
2026-08-03T13:37:00+05:30,2584.19,626.2123,1957.9737,3.4067,0.0006,22159449.4159,0.0014,35063395.4240
2026-08-03T13:38:00+05:30,2954.57,868.5527,2086.0201,11.1844,0.0008,9338806.2548,0.0051,33031707.3984
2026-08-03T13:39:00+05:30,1669.89,106.7684,1563.1261,5.3519,0.0010,1311539.2000,0.0033,20170752.0000
2026-08-03T13:40:00+05:30,1698.24,198.4936,1499.7500,1.2370,0.0005,3968091.7165,0.0007,18383437.1699
2026-08-03T13:41:00+05:30,1566.95,124.7063,1442.2465,1.1556,0.0004,1429999.2334,0.0007,17510510.9241
2026-08-03T13:42:00+05:30,1849.27,450.6751,1398.5998,1.6305,0.0009,4068143.0215,0.0009,14387583.2041
2026-08-03T13:43:00+05:30,1772.36,274.7967,1497.5670,1.2515,0.0004,2224073.3248,0.0008,16279700.7016
2026-08-03T13:44:00+05:30,1465.56,223.4945,1242.0621,1.0418,0.0005,1909618.8540,0.0008,15181442.5814
2026-08-03T13:45:00+05:30,2102.54,505.8422,1596.6997,2.9356,0.0006,10913381.4715,0.0016,17790433.9767
2026-08-03T13:46:00+05:30,1509.13,263.6158,1245.5170,5.9769,0.0015,1984892.7256,0.0045,14530714.4405
2026-08-03T13:47:00+05:30,1290.20,115.0956,1175.1012,0.9389,0.0005,1365720.1133,0.0008,13481648.5252
2026-08-03T13:48:00+05:30,1446.75,108.2500,1338.5000,1.0661,0.0005,1337458.2424,0.0008,16433697.3050
2026-08-03T13:49:00+05:30,1683.39,113.1453,1570.2448,1.2511,0.0004,1377831.1325,0.0008,19638891.2898
2026-08-03T13:50:00+05:30,1452.37,113.4788,1338.8870,1.0712,0.0004,1421657.3142,0.0007,16536047.4508
2026-08-03T13:51:00+05:30,1895.17,123.1039,1772.0620,3.7849,0.0008,1444217.2362,0.0020,19016664.9108
2026-08-03T13:52:00+05:30,1280.47,115.9338,1164.5367,0.9330,0.0004,1413811.6867,0.0007,13621552.8267
2026-08-03T13:53:00+05:30,1753.63,659.3198,1094.3148,1.6720,0.0012,6400670.1012,0.0008,14220076.7602
2026-08-03T13:54:00+05:30,1360.78,333.6499,1027.1279,1.0799,0.0008,3214799.9933,0.0008,14131688.0009
2026-08-03T13:55:00+05:30,1598.61,357.6572,1240.9494,1.4906,0.0013,3622334.2890,0.0008,13551154.0769
2026-08-03T13:56:00+05:30,4649.27,3291.9854,1357.2821,14.9007,0.0020,227522993.9836,0.0062,15342780.5943
2026-08-03T13:57:00+05:30,1381.55,129.8738,1251.6795,0.9934,0.0003,1615895.1808,0.0007,14368876.4273
2026-08-03T13:58:00+05:30,1143.81,122.0646,1021.7496,0.8368,0.0004,1541913.5014,0.0007,14006926.0179
2026-08-03T13:59:00+05:30,1218.12,118.7695,1099.3551,0.8909,0.0004,1518210.0755,0.0008,14022112.3536
2026-08-03T14:00:00+05:30,1376.90,116.7283,1260.1760,0.9967,0.0004,1500036.9370,0.0007,12974012.0679
2026-08-03T14:01:00+05:30,2157.20,1079.1894,1078.0063,1.9324,0.0010,82135489.1348,0.0008,12627649.6467
2026-08-03T14:02:00+05:30,3410.79,2018.6368,1392.1552,6.1732,0.0022,148213147.8771,0.0013,14622806.7146
2026-08-03T14:03:00+05:30,1450.38,126.4872,1323.8911,1.0414,0.0004,1593271.8578,0.0007,13872672.1210
2026-08-03T14:04:00+05:30,1304.12,123.1244,1180.9937,0.9437,0.0005,1565372.5013,0.0007,12906555.3425
2026-08-03T14:05:00+05:30,1154.63,118.3489,1036.2779,0.8289,0.0004,1498023.8298,0.0008,10769226.2161
2026-08-03T14:06:00+05:30,1132.58,112.8059,1019.7706,0.8201,0.0005,1464637.3381,0.0007,11778688.5825
2026-08-03T14:07:00+05:30,4377.95,3209.2512,1168.6940,8.7188,0.0020,236762449.9209,0.0020,12797892.7935
2026-08-03T14:08:00+05:30,1731.92,206.2373,1525.6859,1.8014,0.0024,2020792.5591,0.0009,15666638.4412
2026-08-03T14:09:00+05:30,1279.27,125.9270,1153.3423,0.9197,0.0004,1588485.9090,0.0008,12635323.4338
2026-08-03T14:10:00+05:30,1172.63,125.3333,1047.3000,0.8404,0.0004,1556957.8667,0.0007,10888738.1333
2026-08-03T14:11:00+05:30,1106.63,118.9754,987.6508,0.7978,0.0004,1503448.0460,0.0008,11339991.5340
2026-08-03T14:12:00+05:30,1526.43,415.5736,1110.8518,1.2202,0.0008,4006432.6405,0.0008,12423375.0563
2026-08-03T14:13:00+05:30,4642.52,3123.0644,1519.4606,9.5453,0.0022,233786683.0244,0.0019,15730805.7074
2026-08-03T14:14:00+05:30,1440.84,149.5033,1291.3388,1.0267,0.0004,1800060.6737,0.0007,13715486.0067
2026-08-03T14:15:00+05:30,1133.14,144.5233,988.6201,0.8047,0.0004,1738737.2245,0.0007,10425530.3664
2026-08-03T14:16:00+05:30,1252.35,138.9282,1113.4261,0.9010,0.0005,1716748.0499,0.0008,12428911.7941
2026-08-03T14:17:00+05:30,1198.93,135.5675,1063.3593,0.8626,0.0004,1667792.6874,0.0007,12141309.6024
2026-08-03T14:18:00+05:30,3275.82,1965.4287,1310.3914,3.3868,0.0011,158107252.2461,0.0010,13939631.6237
2026-08-03T14:19:00+05:30,3016.38,1495.6333,1520.7500,7.1592,0.0032,78208273.0667,0.0016,15585280.0000
2026-08-03T14:20:00+05:30,1172.36,172.4638,999.9000,0.8222,0.0004,1888565.8572,0.0008,10674134.6311
2026-08-03T14:21:00+05:30,1147.96,167.2277,980.7359,0.8141,0.0005,1844865.4846,0.0008,11291780.8292
2026-08-03T14:22:00+05:30,1352.47,163.7530,1188.7176,0.9689,0.0004,1854650.7791,0.0007,13122285.6762
2026-08-03T14:23:00+05:30,1401.45,159.8053,1241.6414,1.0043,0.0004,1796019.3340,0.0008,13239805.5935
2026-08-03T14:24:00+05:30,4932.62,3577.1206,1355.4948,9.2114,0.0019,235115616.9645,0.0018,14047359.8293
2026-08-03T14:25:00+05:30,1470.40,244.5422,1225.8607,1.3624,0.0015,4529525.4729,0.0008,12812926.9228
2026-08-03T14:26:00+05:30,1176.05,173.3116,1002.7335,0.8331,0.0004,1881864.7599,0.0007,11502211.3772
2026-08-03T14:27:00+05:30,1288.16,168.2777,1119.8793,0.9191,0.0005,1832352.7882,0.0007,12480437.3188
2026-08-03T14:28:00+05:30,1365.07,162.2946,1202.7766,0.9755,0.0005,1808050.6650,0.0008,12891457.2181
2026-08-03T14:29:00+05:30,1366.92,160.4105,1206.5111,0.9774,0.0004,1824061.3119,0.0008,12871271.0551
2026-08-03T14:30:00+05:30,5476.97,4229.1045,1247.8617,11.9943,0.0020,241975898.6261,0.0027,13148435.9077
2026-08-03T14:31:00+05:30,1319.50,193.5167,1125.9833,0.9214,0.0004,1989085.8667,0.0007,12547208.5333
2026-08-03T14:32:00+05:30,1223.71,189.8842,1033.8305,0.8634,0.0005,1974142.8524,0.0008,11741989.5344
2026-08-03T14:33:00+05:30,1479.40,185.8686,1293.5294,1.0540,0.0004,1984915.2915,0.0008,13565260.5261
2026-08-03T14:34:00+05:30,1563.98,184.4667,1379.5167,1.1168,0.0005,2018405.9068,0.0007,13962131.3689
2026-08-03T14:35:00+05:30,1871.85,869.2972,1002.5494,2.7041,0.0017,6916803.1459,0.0012,11090813.7435
2026-08-03T14:36:00+05:30,4752.12,3511.0848,1241.0321,9.4044,0.0020,236400484.3312,0.0018,13623951.9936
2026-08-03T14:37:00+05:30,1273.79,210.6377,1063.1563,0.8853,0.0004,2140543.1786,0.0008,11924040.0700
2026-08-03T14:38:00+05:30,1393.42,203.0440,1190.3746,0.9838,0.0004,2104024.9387,0.0007,12641356.5606
2026-08-03T14:39:00+05:30,1453.03,202.6059,1250.4249,1.0281,0.0005,2130987.3705,0.0008,12973191.7758
2026-08-03T14:40:00+05:30,1299.98,200.5934,1099.3883,0.9158,0.0005,2143748.7874,0.0007,11951155.4244
2026-08-03T14:41:00+05:30,2859.50,1677.9280,1181.5697,6.0782,0.0015,62857444.4241,0.0030,13073421.0904
2026-08-03T14:42:00+05:30,4085.44,2879.9433,1205.4995,9.1639,0.0022,183519913.0739,0.0024,13083308.6576
2026-08-03T14:43:00+05:30,1582.18,389.4658,1192.7161,1.4080,0.0011,3641169.5641,0.0008,12714770.4975
2026-08-03T14:44:00+05:30,1498.95,203.7130,1295.2371,1.0623,0.0005,2139195.1472,0.0007,13264183.9816
2026-08-03T14:45:00+05:30,1289.90,201.6333,1088.2667,0.9071,0.0004,2120466.2744,0.0008,11770598.3100
2026-08-03T14:46:00+05:30,1221.69,195.0325,1026.6544,0.8617,0.0004,2135669.0115,0.0007,11859418.7031
2026-08-03T14:47:00+05:30,3862.93,2704.4239,1158.5104,6.1471,0.0013,155892875.4999,0.0023,12790513.4631
2026-08-03T14:48:00+05:30,3330.77,1872.1347,1458.6313,11.1008,0.0032,89582382.5020,0.0036,14957460.6562
2026-08-03T14:49:00+05:30,1327.50,207.9409,1119.5639,0.9303,0.0004,2151024.7025,0.0007,12246011.8012
2026-08-03T14:50:00+05:30,1286.35,201.4158,1084.9338,0.9028,0.0004,2129224.0859,0.0007,11184293.9619
2026-08-03T14:51:00+05:30,1261.74,195.5790,1066.1654,0.8913,0.0004,2104742.8400,0.0008,12067037.5088
2026-08-03T14:52:00+05:30,1223.13,189.0671,1034.0591,0.8650,0.0004,2057628.1675,0.0008,11973479.8613
2026-08-03T14:53:00+05:30,4508.98,3036.5902,1472.3907,10.6585,0.0015,192576563.0499,0.0042,15439577.7126
2026-08-03T14:54:00+05:30,2732.94,1523.1887,1209.7489,7.9651,0.0032,52429564.7651,0.0025,13046551.3953
2026-08-03T14:55:00+05:30,1184.18,206.8127,977.3689,0.8240,0.0004,2101925.2741,0.0008,10434062.7271
2026-08-03T14:56:00+05:30,1418.24,201.6434,1216.5942,1.0063,0.0004,2120878.3106,0.0008,13217224.0612
2026-08-03T14:57:00+05:30,1226.87,195.2956,1031.5740,0.8650,0.0005,2079205.1479,0.0007,11862872.5369
2026-08-03T14:58:00+05:30,1404.30,191.3585,1212.9372,0.9959,0.0004,2088029.7269,0.0008,12932843.7505
2026-08-03T14:59:00+05:30,4861.21,3304.1631,1557.0462,13.1608,0.0015,221887589.3539,0.0054,16123507.4246
2026-08-03T15:00:00+05:30,2153.17,1259.4130,893.7614,4.8764,0.0030,22943484.7828,0.0012,9932448.4149
2026-08-03T15:01:00+05:30,1429.46,215.8477,1213.6142,1.0095,0.0004,2157029.1353,0.0007,13133129.4086
2026-08-03T15:02:00+05:30,1264.70,209.7669,1054.9326,0.8882,0.0004,2154974.1249,0.0007,11939813.7257
2026-08-03T15:03:00+05:30,1396.14,201.8939,1194.2416,0.9859,0.0004,2118677.2032,0.0008,12603350.0717
2026-08-03T15:04:00+05:30,1359.46,197.2798,1162.1775,0.9606,0.0004,2084115.4744,0.0008,12389382.7589
2026-08-03T15:05:00+05:30,5233.01,3842.9552,1390.0537,12.8352,0.0016,235228130.7312,0.0049,14597013.2498
2026-08-03T15:06:00+05:30,1790.54,746.2296,1044.3115,3.4939,0.0035,9993074.1414,0.0008,11531488.7930
2026-08-03T15:07:00+05:30,1413.02,216.6761,1196.3435,0.9969,0.0004,2190499.5417,0.0007,13005788.1106
2026-08-03T15:08:00+05:30,1391.62,213.1025,1178.5214,0.9786,0.0005,2192442.6372,0.0008,12371211.5192
2026-08-03T15:09:00+05:30,1359.49,206.4908,1153.0012,0.9568,0.0004,2158024.5695,0.0007,12230854.1330
2026-08-03T15:10:00+05:30,1264.11,199.9133,1064.1989,0.8881,0.0005,2129816.2364,0.0007,11377133.0478
2026-08-03T15:11:00+05:30,5623.39,4329.1671,1294.2206,15.3591,0.0019,243679200.6000,0.0056,14317125.8395
2026-08-03T15:12:00+05:30,1543.42,219.9313,1323.4882,1.0782,0.0003,2194883.0775,0.0007,13991338.5003
2026-08-03T15:13:00+05:30,1353.98,217.1862,1136.7895,0.9489,0.0004,2225696.5777,0.0007,11903861.3079
2026-08-03T15:14:00+05:30,1630.99,541.4576,1089.5318,1.3971,0.0009,4978044.1985,0.0008,11520571.7143
2026-08-03T15:15:00+05:30,1250.02,207.1155,1042.9095,0.8761,0.0005,2171405.5657,0.0007,11433307.2488
2026-08-03T15:16:00+05:30,1715.93,762.6000,953.3333,1.5222,0.0010,6946726.9788,0.0008,11177282.8214
2026-08-03T15:17:00+05:30,5972.92,4526.1991,1446.7184,19.6491,0.0023,246986485.8757,0.0064,15391042.7145
2026-08-03T15:18:00+05:30,1815.70,520.2013,1295.5030,1.3583,0.0007,4743563.2969,0.0007,13187146.9289
2026-08-03T15:19:00+05:30,1294.03,219.0375,1074.9900,0.9029,0.0004,2269731.0070,0.0007,11261696.3455
2026-08-03T15:20:00+05:30,1217.91,207.9937,1009.9172,0.8506,0.0004,2193622.5082,0.0007,10894584.4390
2026-08-03T15:21:00+05:30,1196.28,204.0840,992.1987,0.8402,0.0004,2179708.3514,0.0007,11651375.4959
2026-08-03T15:22:00+05:30,1523.96,437.2302,1086.7261,1.0786,0.0005,4184875.7937,0.0008,12157211.9657
2026-08-03T15:23:00+05:30,6553.21,4849.5760,1703.6340,23.1718,0.0019,246006505.2484,0.0082,17773901.9627
2026-08-03T15:24:00+05:30,1669.23,654.6895,1014.5394,3.5371,0.0033,8926992.1134,0.0014,11246089.6040
2026-08-03T15:25:00+05:30,1195.27,212.8394,982.4342,0.8304,0.0005,2188078.5307,0.0007,10388679.8440
2026-08-03T15:26:00+05:30,1219.56,208.2625,1011.2989,0.8549,0.0004,2150526.2807,0.0008,11583694.9638
2026-08-03T15:27:00+05:30,1237.11,200.8599,1036.2458,0.8710,0.0005,2127282.4837,0.0007,11971074.8413
2026-08-03T15:28:00+05:30,1436.60,197.4792,1239.1257,1.0183,0.0004,2139231.6362,0.0007,13263277.1165
2026-08-03T15:29:00+05:30,6210.32,4653.6481,1556.6756,19.3821,0.0019,240224117.8333,0.0070,16886436.8429
2026-08-03T15:30:00+05:30,1708.08,660.3843,1047.6928,2.8796,0.0030,8953617.9176,0.0009,10937455.8059
2026-08-03T15:31:00+05:30,1202.71,219.1527,983.5615,0.8376,0.0004,2206016.4716,0.0007,11180177.5199
2026-08-03T15:32:00+05:30,1219.35,210.4035,1008.9501,0.8538,0.0005,2144428.2738,0.0007,11633038.6840
2026-08-03T15:33:00+05:30,1396.76,201.0232,1195.7406,0.9865,0.0005,2121890.0462,0.0007,12690589.8312
2026-08-03T15:34:00+05:30,1353.69,198.7330,1154.9554,0.9570,0.0004,2100987.2970,0.0007,12645869.1028
2026-08-03T15:35:00+05:30,6358.34,4752.2201,1606.1212,18.4112,0.0015,246379166.7583,0.0071,16616844.3711
2026-08-03T15:36:00+05:30,2026.02,1056.5270,969.4944,5.6122,0.0037,13684104.4858,0.0017,10931292.6036
2026-08-03T15:37:00+05:30,1211.52,222.0222,989.5005,0.8442,0.0004,2244700.5650,0.0007,11334908.4546
2026-08-03T15:38:00+05:30,1379.16,220.3297,1158.8307,0.9667,0.0004,2267477.3333,0.0008,12225604.2667
2026-08-03T15:39:00+05:30,1320.91,215.6657,1105.2491,0.9268,0.0004,2253206.2476,0.0007,12110957.9770
2026-08-03T15:40:00+05:30,1362.74,207.4132,1155.3307,0.9574,0.0005,2199751.7416,0.0007,11908927.8357
2026-08-03T15:41:00+05:30,5909.25,4357.6488,1551.6058,15.3734,0.0014,216420248.8542,0.0060,16479227.2386
2026-08-03T15:42:00+05:30,2515.75,1496.7162,1019.0359,6.6856,0.0030,43978062.1416,0.0021,11602101.6135
2026-08-03T15:43:00+05:30,1335.40,225.0250,1110.3799,0.9318,0.0005,2273477.9074,0.0007,11659746.4845
2026-08-03T15:44:00+05:30,1296.77,220.8626,1075.9048,0.9057,0.0005,2273484.1786,0.0007,11599733.7868
2026-08-03T15:45:00+05:30,1315.20,213.3084,1101.8881,0.9205,0.0005,2241441.9411,0.0007,11599554.1928
2026-08-03T15:46:00+05:30,1184.86,203.6633,981.2003,0.8311,0.0004,2171663.0056,0.0007,11550595.7567
2026-08-03T15:47:00+05:30,5615.82,4006.4180,1609.4052,18.5266,0.0015,171169960.9255,0.0079,17154953.1240
2026-08-03T15:48:00+05:30,3349.14,2226.4638,1122.6714,9.3254,0.0026,94353649.5093,0.0033,11898964.2911
2026-08-03T15:49:00+05:30,1233.22,224.5371,1008.6835,0.8558,0.0004,2276663.0111,0.0007,11192574.8096
2026-08-03T15:50:00+05:30,1166.31,217.3058,949.0025,0.8073,0.0004,2260226.9182,0.0007,10109141.5239
2026-08-03T15:51:00+05:30,1185.65,209.4535,976.1996,0.8290,0.0005,2200239.7413,0.0007,11303630.1210
2026-08-03T15:52:00+05:30,1248.74,202.8005,1045.9410,0.8796,0.0004,2170318.0810,0.0008,12124067.1434
2026-08-03T15:53:00+05:30,4498.38,2862.8984,1635.4847,15.7110,0.0017,93602052.5403,0.0065,17248098.1464
2026-08-03T15:54:00+05:30,4430.25,3256.2355,1174.0116,14.6845,0.0024,173409890.6328,0.0060,12857650.9714
2026-08-03T15:55:00+05:30,1200.30,228.9010,971.3957,0.8230,0.0004,2255421.7896,0.0007,10320701.9603
2026-08-03T15:56:00+05:30,1212.75,225.1462,987.6002,0.8441,0.0005,2282253.1624,0.0007,11363070.3488
2026-08-03T15:57:00+05:30,1237.18,220.3797,1016.7997,0.8649,0.0005,2273515.1747,0.0007,11799218.8130
2026-08-03T15:58:00+05:30,1434.83,211.9561,1222.8722,1.0121,0.0004,2227156.9088,0.0007,13039510.1578
2026-08-03T15:59:00+05:30,3444.23,2255.0369,1189.1946,5.9714,0.0015,42421828.3867,0.0022,13112223.8406
2026-08-03T16:00:00+05:30,5355.54,3857.6215,1497.9162,20.0877,0.0023,225119336.4006,0.0075,15559515.1030
2026-08-03T16:01:00+05:30,1211.19,230.3526,980.8359,0.8298,0.0004,2277686.7084,0.0007,11094038.6615
2026-08-03T16:02:00+05:30,1227.09,225.8774,1001.2165,0.8550,0.0004,2274622.6711,0.0007,11559257.9409
2026-08-03T16:03:00+05:30,1397.41,218.2646,1179.1453,0.9811,0.0004,2261112.1593,0.0007,12455062.4552
2026-08-03T16:04:00+05:30,1339.27,212.1712,1127.0960,0.9415,0.0005,2227013.1013,0.0007,12348080.6747
2026-08-03T16:05:00+05:30,2741.57,1573.1907,1168.3835,4.1867,0.0014,21569012.3510,0.0017,12216245.7538
2026-08-03T16:06:00+05:30,6041.90,4550.1192,1491.7760,20.8221,0.0022,245772423.0840,0.0074,15976359.0248
2026-08-03T16:07:00+05:30,1231.70,237.2460,994.4501,0.8413,0.0004,2351406.1432,0.0007,11367644.1393
2026-08-03T16:08:00+05:30,1361.65,229.0656,1132.5801,0.9506,0.0004,2321878.9182,0.0007,11925558.3662
2026-08-03T16:09:00+05:30,1310.98,223.8020,1087.1739,0.9162,0.0004,2295726.2439,0.0007,11849691.4743
2026-08-03T16:10:00+05:30,1319.78,212.8426,1106.9381,0.9241,0.0004,2219793.2920,0.0007,11568735.0803
2026-08-03T16:11:00+05:30,1946.15,951.8524,994.3003,1.5579,0.0008,12185400.3300,0.0008,11468158.3254
2026-08-03T16:12:00+05:30,6742.61,5118.8774,1623.7355,26.1402,0.0021,251055385.3641,0.0094,17118512.6077
2026-08-03T16:13:00+05:30,1457.59,406.9981,1050.5935,1.4223,0.0014,5403431.6197,0.0008,11112485.9639
2026-08-03T16:14:00+05:30,1264.21,231.1115,1033.0945,0.8761,0.0004,2317578.7632,0.0007,10900619.8404
2026-08-03T16:15:00+05:30,1235.93,226.2591,1009.6663,0.8590,0.0004,2317878.7727,0.0007,11152509.0412
2026-08-03T16:16:00+05:30,1226.44,219.5276,1006.9170,0.8562,0.0005,2297629.5481,0.0007,11624141.7404
2026-08-03T16:17:00+05:30,1272.09,207.6160,1064.4780,0.8938,0.0004,2207560.0367,0.0007,11978026.8978
2026-08-03T16:18:00+05:30,6756.90,4858.2189,1898.6802,24.1779,0.0015,253591531.7958,0.0089,19346105.3193
2026-08-03T16:19:00+05:30,2090.76,1189.5172,901.2403,5.1129,0.0035,15898767.6714,0.0011,10389065.8842
2026-08-03T16:20:00+05:30,1491.25,554.8835,936.3691,1.2096,0.0009,5006419.3812,0.0008,10129746.4385
2026-08-03T16:21:00+05:30,1213.36,229.3355,984.0285,0.8404,0.0004,2316466.4655,0.0007,11408954.1370
2026-08-03T16:22:00+05:30,1241.42,219.0895,1022.3289,0.8689,0.0005,2254260.6145,0.0008,11925849.4968
2026-08-03T16:23:00+05:30,1443.24,210.3263,1232.9160,1.0197,0.0004,2188361.9025,0.0007,13227410.6997
2026-08-03T16:24:00+05:30,5859.79,4082.8446,1776.9428,17.3258,0.0014,210447996.0010,0.0067,18812184.4206
2026-08-03T16:25:00+05:30,2908.94,1995.5670,913.3724,7.5618,0.0026,60362227.4144,0.0025,9868557.8868
2026-08-03T16:26:00+05:30,1215.50,236.1843,979.3180,0.8422,0.0004,2341800.1467,0.0007,11148910.0727
2026-08-03T16:27:00+05:30,1231.31,225.7634,1005.5507,0.8587,0.0004,2296387.2516,0.0007,11617463.6618
2026-08-03T16:28:00+05:30,1411.92,218.7292,1193.1924,0.9924,0.0004,2254875.5834,0.0007,12636342.9791
2026-08-03T16:29:00+05:30,1351.88,210.2403,1141.6381,0.9521,0.0004,2224338.6780,0.0007,12537318.1773
2026-08-03T16:30:00+05:30,5057.83,3437.9135,1619.9150,15.2317,0.0014,159671164.3224,0.0066,16693090.8606
2026-08-03T16:31:00+05:30,3584.28,2588.5793,995.7010,9.9725,0.0024,112034820.6752,0.0040,11341089.2125
2026-08-03T16:32:00+05:30,1237.88,241.0137,996.8656,0.8561,0.0004,2390539.7799,0.0007,11432879.7599
2026-08-03T16:33:00+05:30,1380.84,232.5938,1148.2506,0.9639,0.0004,2353728.7062,0.0008,12082155.4155
2026-08-03T16:34:00+05:30,1320.33,226.2774,1094.0573,0.9230,0.0004,2321078.0435,0.0007,12034478.7268
2026-08-03T16:35:00+05:30,1377.25,217.3348,1159.9187,0.9650,0.0004,2261095.1865,0.0007,12000756.5604
2026-08-03T16:36:00+05:30,4329.41,2808.8387,1520.5715,13.3028,0.0013,96993293.6567,0.0063,16347058.4980
2026-08-03T16:37:00+05:30,4352.54,3295.8469,1056.6962,13.7754,0.0021,176408620.8816,0.0066,12059735.2887
2026-08-03T16:38:00+05:30,1333.63,242.4111,1091.2167,0.9219,0.0004,2390425.8185,0.0007,11627114.7563
2026-08-03T16:39:00+05:30,1284.34,233.2700,1051.0731,0.8936,0.0004,2351043.3913,0.0007,11562606.9453
2026-08-03T16:40:00+05:30,1266.86,227.4825,1039.3774,0.8816,0.0004,2316554.9168,0.0007,11297462.7139
2026-08-03T16:41:00+05:30,1188.00,217.6399,970.3612,0.8268,0.0005,2284515.1525,0.0007,10930837.2729
2026-08-03T16:42:00+05:30,3576.06,2157.7974,1418.2597,12.1380,0.0015,48514877.8187,0.0064,15466920.8847
2026-08-03T16:43:00+05:30,5180.10,3830.4144,1349.6859,16.0850,0.0020,223974775.8244,0.0062,14369342.1539
2026-08-03T16:44:00+05:30,1257.83,244.6449,1013.1858,0.8613,0.0004,2418994.9491,0.0007,11316796.8794
2026-08-03T16:45:00+05:30,1584.58,649.5091,935.0758,1.4071,0.0011,5878855.4665,0.0008,10177358.0251
2026-08-03T16:46:00+05:30,1199.26,227.0424,972.2176,0.8315,0.0005,2323515.0828,0.0007,11041765.2745
2026-08-03T16:47:00+05:30,1523.22,513.2743,1009.9495,1.1337,0.0007,4723544.0895,0.0008,11888045.5977
2026-08-03T16:48:00+05:30,3084.62,1840.0393,1244.5830,4.0675,0.0010,33542810.0540,0.0018,13431952.5302
2026-08-03T16:49:00+05:30,6254.83,4641.3060,1613.5231,23.9510,0.0021,239642657.6890,0.0089,17510790.8202
2026-08-03T16:50:00+05:30,1206.87,243.6207,963.2494,0.8176,0.0004,2393400.9567,0.0008,10532698.2116
2026-08-03T16:51:00+05:30,1217.20,232.4333,984.7667,0.8429,0.0004,2324996.6166,0.0007,10930289.9048
2026-08-03T16:52:00+05:30,1237.12,224.6000,1012.5167,0.8636,0.0004,2271535.4744,0.0007,11776349.8608
2026-08-03T16:53:00+05:30,1421.11,214.1143,1206.9988,1.0011,0.0004,2208778.0166,0.0007,12861900.0483
2026-08-03T16:54:00+05:30,2016.58,899.2234,1117.3588,2.4283,0.0015,8436647.3461,0.0011,12583365.2529
2026-08-03T16:55:00+05:30,7161.02,5498.6583,1662.3665,22.6347,0.0016,259296544.0363,0.0084,17038584.4390
2026-08-03T16:56:00+05:30,1661.98,739.8219,922.1600,3.4034,0.0035,8963508.2525,0.0008,10541487.7797
2026-08-03T16:57:00+05:30,1231.45,234.0355,997.4170,0.8561,0.0004,2355392.8244,0.0007,11514040.3606
2026-08-03T16:58:00+05:30,1398.14,224.0259,1174.1109,0.9804,0.0004,2278430.2928,0.0008,12461462.7090
2026-08-03T16:59:00+05:30,1319.58,217.6528,1101.9279,0.9264,0.0005,2268995.9010,0.0007,12352974.7059
2026-08-03T17:00:00+05:30,1369.10,211.6574,1157.4384,0.9612,0.0004,2213160.7396,0.0007,11981511.9292
2026-08-03T17:01:00+05:30,6641.68,4960.3720,1681.3092,20.4456,0.0014,232033949.6067,0.0080,17610247.1670
2026-08-03T17:02:00+05:30,2518.27,1636.9227,881.3520,5.3484,0.0027,42099848.5333,0.0011,10662843.7333
2026-08-03T17:03:00+05:30,1343.00,237.0017,1106.0025,0.9352,0.0005,2386284.4954,0.0007,11842073.3236
2026-08-03T17:04:00+05:30,1271.51,224.9313,1046.5795,0.8876,0.0004,2276397.4269,0.0007,11731818.8181
2026-08-03T17:05:00+05:30,1325.11,221.7683,1103.3396,0.9251,0.0004,2298873.7683,0.0007,11526261.6003
2026-08-03T17:06:00+05:30,1186.36,212.9096,973.4509,0.8269,0.0005,2249106.8964,0.0007,10942235.7921
2026-08-03T17:07:00+05:30,5532.71,3694.0853,1838.6205,22.4354,0.0016,145467235.7214,0.0091,19532979.1403
2026-08-03T17:08:00+05:30,3889.03,2997.4328,891.5932,6.8458,0.0018,130950527.2809,0.0015,10144849.7841
2026-08-03T17:09:00+05:30,1231.90,238.6301,993.2672,0.8507,0.0005,2349240.7173,0.0007,11331852.5432
2026-08-03T17:10:00+05:30,1188.68,230.3704,958.3069,0.8214,0.0004,2323383.7229,0.0007,10457275.2309
2026-08-03T17:11:00+05:30,1190.38,220.9426,969.4344,0.8249,0.0005,2272551.9724,0.0007,10477044.1478
2026-08-03T17:12:00+05:30,1261.30,214.5416,1046.7612,0.8859,0.0004,2238240.1760,0.0007,12235371.6628
2026-08-03T17:13:00+05:30,4231.78,2717.6612,1514.1219,11.4560,0.0013,57744502.0246,0.0054,16388572.8759
2026-08-03T17:14:00+05:30,5525.65,4194.8760,1330.7774,17.5849,0.0018,222379625.3563,0.0074,14983619.0222
2026-08-03T17:15:00+05:30,1226.80,245.4324,981.3629,0.8361,0.0004,2394795.7592,0.0008,10708744.4155
2026-08-03T17:16:00+05:30,1225.07,236.9539,988.1165,0.8464,0.0005,2360262.1421,0.0007,10764510.2837
2026-08-03T17:17:00+05:30,1238.69,223.9811,1014.7132,0.8653,0.0004,2278103.5408,0.0008,11818579.2219
2026-08-03T17:18:00+05:30,1444.11,217.7384,1226.3726,1.0178,0.0004,2254732.1399,0.0008,13108988.7655
2026-08-03T17:19:00+05:30,2973.61,1789.1860,1184.4206,3.7301,0.0009,31453512.6218,0.0017,13076078.1805
2026-08-03T17:20:00+05:30,6655.73,5127.4755,1528.2557,23.6378,0.0019,249717800.6268,0.0091,16498232.9799
2026-08-03T17:21:00+05:30,1263.45,251.2709,1012.1835,0.8573,0.0004,2454568.9095,0.0008,11156119.8020
2026-08-03T17:22:00+05:30,1234.14,239.9053,994.2340,0.8567,0.0004,2373599.4401,0.0007,11590452.6881
2026-08-03T17:23:00+05:30,1404.08,232.9377,1171.1399,0.9818,0.0005,2356598.0629,0.0007,12409541.0006
2026-08-03T17:24:00+05:30,1345.64,224.2204,1121.4187,0.9436,0.0004,2325308.4436,0.0007,12356268.9423
2026-08-03T17:25:00+05:30,1635.48,469.8845,1165.5976,1.1502,0.0006,4532556.3479,0.0007,12181812.4625
2026-08-03T17:26:00+05:30,6970.01,5302.0837,1667.9280,21.9298,0.0015,241715071.9787,0.0084,17595320.8201
2026-08-03T17:27:00+05:30,2521.73,1611.6251,910.1032,5.4602,0.0026,41608300.0500,0.0013,11035712.3521
2026-08-03T17:28:00+05:30,1337.62,246.9043,1090.7121,0.9277,0.0004,2422485.9676,0.0007,11634663.2891
2026-08-03T17:29:00+05:30,1281.16,237.2684,1043.8941,0.8907,0.0004,2370761.2779,0.0007,11574013.9650
2026-08-03T17:30:00+05:30,1634.20,581.2919,1052.9114,1.4283,0.0010,5263379.7954,0.0008,11121848.8818
2026-08-03T17:31:00+05:30,1204.53,224.1581,980.3768,0.8374,0.0004,2310192.8944,0.0007,11061815.4416
2026-08-03T17:32:00+05:30,5276.61,3421.6982,1854.9121,22.5660,0.0016,104291921.2732,0.0093,19851316.3903
2026-08-03T17:33:00+05:30,4289.58,3397.6038,891.9716,7.6530,0.0018,183393791.1383,0.0016,10613725.6170
2026-08-03T17:34:00+05:30,1227.62,251.5418,976.0809,0.8408,0.0004,2459416.0749,0.0008,10835822.7823
2026-08-03T17:35:00+05:30,1222.36,247.6583,974.6992,0.8404,0.0005,2460576.4763,0.0007,10447158.6526
2026-08-03T17:36:00+05:30,1392.28,246.5753,1145.7021,1.8030,0.0005,2691075.9591,0.0015,43465750.4916
2026-08-03T17:37:00+05:30,1407.55,234.3969,1173.1513,1.1875,0.0004,2517222.3778,0.0009,39430862.1724
2026-08-03T17:38:00+05:30,4066.07,2773.2636,1292.8110,6.1828,0.0011,59579609.0456,0.0025,17430132.8845
2026-08-03T17:39:00+05:30,6095.85,4629.1148,1466.7400,36.2233,0.0046,210908978.0326,0.0103,17755727.8576
2026-08-03T17:40:00+05:30,2726.88,2110.8926,615.9923,22.3187,0.0101,11033730.9801,0.0019,9227690.0822
2026-08-03T17:41:00+05:30,1256.81,252.1713,1004.6343,0.8776,0.0004,2451468.4270,0.0007,13015799.9600
2026-08-03T17:42:00+05:30,1268.45,240.8673,1027.5815,0.8825,0.0004,2399686.4209,0.0007,11898496.3669
2026-08-03T17:43:00+05:30,1443.13,231.7037,1211.4244,1.0120,0.0004,2335481.7037,0.0007,12914221.4224
2026-08-03T17:44:00+05:30,1397.07,230.1923,1166.8778,0.9796,0.0004,2332389.4537,0.0007,12820462.2513
2026-08-03T17:45:00+05:30,4485.61,3045.0053,1440.6014,11.7704,0.0012,63488614.4819,0.0057,15033573.5431
2026-08-03T17:46:00+05:30,6095.06,5120.2293,974.8342,37.3788,0.0058,210472634.3789,0.0080,11255705.8765
2026-08-03T17:47:00+05:30,2079.44,1307.2859,772.1568,12.7941,0.0092,7750748.4082,0.0011,9488718.4718
2026-08-03T17:48:00+05:30,1367.54,247.9293,1119.6067,0.9500,0.0004,2442104.7579,0.0007,11929902.9081
2026-08-03T17:49:00+05:30,1314.80,242.6520,1072.1474,0.9135,0.0005,2421933.3511,0.0007,11796747.5340
2026-08-03T17:50:00+05:30,1331.69,230.5769,1101.1118,0.9276,0.0004,2332095.4794,0.0007,11545159.6213
2026-08-03T17:51:00+05:30,1207.84,223.8204,984.0164,0.8401,0.0004,2296460.6743,0.0007,11192165.2028
2026-08-03T17:52:00+05:30,5359.97,3728.5169,1631.4491,18.2299,0.0013,126982759.5266,0.0081,17561864.5774
2026-08-03T17:53:00+05:30,5700.45,5050.4241,650.0308,40.1644,0.0068,149472124.7792,0.0088,8460789.3351
2026-08-03T17:54:00+05:30,1230.28,256.3021,973.9747,0.8282,0.0004,2474221.3701,0.0007,10551838.4822
2026-08-03T17:55:00+05:30,1236.52,248.7505,987.7716,0.8532,0.0005,2424544.8487,0.0008,11028847.1278
2026-08-03T17:56:00+05:30,1214.68,235.9354,978.7468,0.8394,0.0004,2363785.9643,0.0008,10738088.3481
2026-08-03T17:57:00+05:30,1296.83,228.5009,1068.3269,0.9074,0.0004,2296562.0843,0.0007,12319407.3778
2026-08-03T17:58:00+05:30,1646.00,389.1953,1256.8029,1.1319,0.0004,3766815.7035,0.0008,13656131.7070
2026-08-03T17:59:00+05:30,6250.40,4484.3065,1766.0894,22.1407,0.0013,156792624.2062,0.0095,19005950.6942
2026-08-03T18:00:00+05:30,5122.44,4705.0470,417.3945,34.8080,0.0071,124051894.9912,0.0033,6141576.3314
2026-08-03T18:01:00+05:30,1202.71,249.5293,953.1768,0.8141,0.0004,2436278.4684,0.0007,10427621.2884
2026-08-03T18:02:00+05:30,1250.78,242.0075,1008.7675,0.8689,0.0005,2399267.1267,0.0007,11820531.3865
2026-08-03T18:03:00+05:30,1455.29,234.3213,1220.9682,1.0205,0.0004,2354315.7403,0.0007,13024769.2462
2026-08-03T18:04:00+05:30,1391.31,226.7047,1164.6004,0.9772,0.0005,2306239.5894,0.0007,12845568.1792
2026-08-03T18:05:00+05:30,2083.28,916.6083,1166.6667,1.6210,0.0007,12267999.8667,0.0008,12134347.0986
2026-08-03T18:06:00+05:30,6150.68,4534.2523,1616.4244,20.0464,0.0013,147524406.6203,0.0088,17317661.6164
2026-08-03T18:07:00+05:30,5518.68,5132.8755,385.8091,35.9458,0.0067,134420566.7044,0.0041,6427735.1823
2026-08-03T18:08:00+05:30,1358.09,250.1708,1107.9207,0.9285,0.0004,2408508.3407,0.0007,11990801.6065
2026-08-03T18:09:00+05:30,1293.27,243.3594,1049.9083,0.8976,0.0004,2403581.8627,0.0007,11650689.7299
2026-08-03T18:10:00+05:30,1354.09,238.4301,1115.6570,0.9418,0.0004,2377188.5676,0.0007,11731399.9833
2026-08-03T18:11:00+05:30,1181.69,222.8576,958.8363,0.8197,0.0005,2276253.6136,0.0008,10691419.7496
2026-08-03T18:12:00+05:30,1635.59,562.3042,1073.2882,1.2129,0.0006,6005509.5258,0.0008,12093150.6959
2026-08-03T18:13:00+05:30,5900.07,4094.8644,1805.2056,23.1280,0.0014,76200397.2539,0.0099,19233563.4206
2026-08-03T18:14:00+05:30,6035.87,5591.9153,443.9573,34.7512,0.0060,210504330.8496,0.0028,6662733.8101
2026-08-03T18:15:00+05:30,1584.85,548.7774,1036.0685,2.4375,0.0020,18715832.8583,0.0013,28909443.3388
2026-08-03T18:16:00+05:30,1682.83,437.1011,1245.7298,1.9805,0.0006,26924060.2586,0.0013,54384966.2712
2026-08-03T18:17:00+05:30,1615.66,496.6412,1119.0179,1.2648,0.0006,29716295.3110,0.0009,35186299.8116
2026-08-03T18:18:00+05:30,1765.79,428.6786,1337.1105,1.3860,0.0005,18364427.2621,0.0008,39577216.0640
2026-08-03T18:19:00+05:30,1966.86,507.6844,1459.1779,2.2208,0.0006,28873819.8123,0.0013,58632342.3066
2026-08-03T18:20:00+05:30,6819.89,3782.0336,3037.8522,42.0129,0.0022,166359276.7985,0.0113,72270904.4017
2026-08-03T18:21:00+05:30,5749.65,4832.2886,917.3613,42.2450,0.0071,144909358.0062,0.0091,33369989.4307
2026-08-03T18:22:00+05:30,1947.45,553.7351,1393.7131,2.1196,0.0006,27415489.1745,0.0013,40942932.4800
2026-08-03T18:23:00+05:30,1936.42,684.0562,1252.3618,1.4914,0.0006,41877843.0471,0.0008,32537942.0840
2026-08-03T18:24:00+05:30,1774.98,523.7127,1251.2627,2.2098,0.0006,13118821.1172,0.0016,41986509.2600
2026-08-03T18:25:00+05:30,1752.50,457.5638,1294.9363,1.8313,0.0006,25140466.4311,0.0012,35468331.4888
2026-08-03T18:26:00+05:30,2108.99,788.1282,1320.8572,2.8160,0.0006,32327321.8125,0.0017,55122588.7646
2026-08-03T18:27:00+05:30,5476.29,3600.8700,1875.4229,21.4749,0.0014,148053528.1745,0.0088,31384530.7912
2026-08-03T18:28:00+05:30,1466.46,340.2734,1126.1877,0.9818,0.0004,3004953.1938,0.0007,12058388.5851
2026-08-03T18:29:00+05:30,1564.60,591.7660,972.8311,1.1452,0.0007,5402801.1668,0.0008,10494553.4795
2026-08-03T18:30:00+05:30,1270.03,288.1449,981.8857,0.8679,0.0004,3573087.5035,0.0007,10913656.8181
2026-08-03T18:31:00+05:30,1251.54,267.9065,983.6350,0.8625,0.0005,3138587.4746,0.0007,11524786.7213
2026-08-03T18:32:00+05:30,2375.21,1325.0271,1050.1875,1.7526,0.0006,42478718.5599,0.0009,22037906.8922
2026-08-03T18:33:00+05:30,6031.70,3204.3905,2827.3132,26.4179,0.0015,160051104.4139,0.0077,88492498.7332
2026-08-03T18:34:00+05:30,5544.99,2743.3410,2801.6468,16.3751,0.0010,84650006.7006,0.0049,111616972.8811
2026-08-03T18:35:00+05:30,3448.22,1724.0994,1724.1161,12.2723,0.0025,53924945.2655,0.0046,71825605.6784
2026-08-03T18:36:00+05:30,2542.38,638.4323,1903.9443,4.6322,0.0008,34909137.4654,0.0022,77723146.6009
2026-08-03T18:37:00+05:30,3244.04,918.1246,2325.9189,13.6375,0.0014,32925919.0590,0.0053,58509898.5321
2026-08-03T18:38:00+05:30,3450.60,1330.9779,2119.6254,12.7984,0.0010,34123571.6881,0.0055,60553055.5472
2026-08-03T18:39:00+05:30,4572.20,2090.0103,2482.1947,14.0360,0.0011,119536114.7011,0.0047,112674211.8636
2026-08-03T18:40:00+05:30,2538.73,952.8847,1585.8421,1.9339,0.0005,33371723.7726,0.0009,54525052.8631
2026-08-03T18:41:00+05:30,3307.32,1368.0964,1939.2202,2.6813,0.0005,29564970.0607,0.0010,55118539.4412
2026-08-03T18:42:00+05:30,2262.12,685.3991,1576.7212,4.1980,0.0007,27066038.6981,0.0023,36012620.7023
2026-08-03T18:43:00+05:30,2403.13,634.4423,1768.6846,5.1009,0.0008,20751787.7192,0.0026,50679295.4197
2026-08-03T18:44:00+05:30,3835.98,2376.1000,1459.8833,8.9931,0.0020,64426939.7333,0.0029,55105058.1333
2026-08-03T18:45:00+05:30,5679.31,3373.6689,2305.6412,34.3989,0.0023,43627546.9635,0.0116,66829635.3576
2026-08-03T18:46:00+05:30,4762.37,3095.3436,1667.0222,10.1693,0.0012,119416585.0277,0.0040,61556864.7424
2026-08-03T18:47:00+05:30,1732.45,676.0284,1056.4204,1.1837,0.0005,13511468.1067,0.0008,17739980.3323
2026-08-03T18:48:00+05:30,1863.83,636.3303,1227.4977,1.3089,0.0005,13406338.2441,0.0010,21960673.5551
2026-08-03T18:49:00+05:30,2045.70,841.2577,1204.4379,2.8629,0.0008,14526955.4722,0.0018,24969587.4635
2026-08-03T18:50:00+05:30,2250.90,587.4298,1663.4739,1.8540,0.0006,12886702.3173,0.0009,27241160.1446
2026-08-03T18:51:00+05:30,2644.03,1230.6448,1413.3831,3.9129,0.0007,18954901.6090,0.0022,30222709.0621
2026-08-03T18:52:00+05:30,3070.42,1524.5246,1545.8909,7.6496,0.0009,69881173.3333,0.0040,36497612.8000
2026-08-03T18:53:00+05:30,1682.25,646.1000,1036.1500,1.1648,0.0006,11593876.1021,0.0007,16521486.7752
2026-08-03T18:54:00+05:30,1716.04,623.4539,1092.5821,1.2369,0.0006,11427955.3918,0.0008,22273557.6189
2026-08-03T18:55:00+05:30,2109.36,609.9309,1499.4251,2.0150,0.0008,11222027.1927,0.0010,26818644.6281
2026-08-03T18:56:00+05:30,2258.83,605.7373,1653.0929,2.1282,0.0007,11498472.1551,0.0010,25541266.7478
2026-08-03T18:57:00+05:30,3404.40,2094.3057,1310.0972,8.1739,0.0023,44160036.2624,0.0025,27895488.9930
2026-08-03T18:58:00+05:30,1886.40,634.4740,1251.9294,3.0953,0.0007,10578579.5439,0.0021,20692405.9208
2026-08-03T18:59:00+05:30,1738.51,636.0031,1102.5064,1.2508,0.0006,10717640.2753,0.0008,21397465.2291
2026-08-03T19:00:00+05:30,1978.75,596.4860,1382.2598,1.7466,0.0007,10259050.2100,0.0009,23327152.8972
2026-08-03T19:01:00+05:30,1844.80,309.3496,1535.4507,1.3582,0.0005,8060339.9320,0.0008,23885893.7546
2026-08-03T19:02:00+05:30,2420.70,1116.2391,1304.4652,3.2114,0.0008,15684368.2184,0.0018,18427937.9302
2026-08-03T19:03:00+05:30,2549.96,1149.0762,1400.8797,7.6834,0.0024,36128230.8448,0.0035,26604858.5376
2026-08-03T19:04:00+05:30,1636.35,607.0732,1029.2798,1.1873,0.0006,9806140.7633,0.0008,18808284.5280
2026-08-03T19:05:00+05:30,2048.17,627.4856,1420.6851,1.7813,0.0008,10111886.9239,0.0009,21144563.1136
2026-08-03T19:06:00+05:30,1687.75,304.2036,1383.5422,1.2455,0.0004,7583771.7181,0.0008,24252394.4263
2026-08-03T19:07:00+05:30,1889.03,600.9466,1288.0831,1.5784,0.0008,9808543.9275,0.0009,15898415.6779
2026-08-03T19:08:00+05:30,3079.45,1571.7048,1507.7431,10.3209,0.0027,25223218.3900,0.0042,28021231.0924
2026-08-03T19:09:00+05:30,1622.94,590.0631,1032.8729,1.1994,0.0006,9370543.5036,0.0008,17411378.1865
2026-08-03T19:10:00+05:30,1647.11,288.3481,1358.7598,1.2042,0.0005,6919706.8845,0.0008,21465593.5989
2026-08-03T19:11:00+05:30,1930.09,580.5962,1349.4976,1.4478,0.0006,9253915.8140,0.0008,23569575.7374
2026-08-03T19:12:00+05:30,1861.82,584.0251,1277.7944,1.3813,0.0007,9282327.6994,0.0008,15459303.7970
2026-08-03T19:13:00+05:30,2920.90,1330.0667,1590.8333,13.4239,0.0038,31675187.2000,0.0053,27985373.8667
2026-08-03T19:14:00+05:30,1687.47,613.6470,1073.8197,1.2145,0.0006,9252737.2633,0.0008,17350982.1286
2026-08-03T19:15:00+05:30,1920.68,611.4749,1309.2036,1.6834,0.0008,9183236.3685,0.0009,19834761.2318
2026-08-03T19:16:00+05:30,1642.72,318.3030,1324.4184,1.2049,0.0005,6780391.1218,0.0008,23341098.1804
2026-08-03T19:17:00+05:30,2331.76,1038.2570,1293.5038,1.9044,0.0007,53883327.2212,0.0009,14528953.7590
2026-08-03T19:18:00+05:30,3297.06,1427.1050,1869.9572,6.0318,0.0008,69496993.2846,0.0026,30390230.0578
2026-08-03T19:19:00+05:30,3775.76,1589.6974,2186.0632,17.0342,0.0022,75228671.7013,0.0060,37721712.0280
2026-08-03T19:20:00+05:30,2254.96,608.2876,1646.6754,2.8350,0.0008,32958284.5713,0.0015,26494412.5883
2026-08-03T19:21:00+05:30,2008.50,693.0370,1315.4606,1.6372,0.0006,51973775.3341,0.0010,26588580.2259
2026-08-03T19:22:00+05:30,2227.50,1099.4150,1128.0812,9.6615,0.0082,48600814.9333,0.0014,24148241.0667
2026-08-03T19:23:00+05:30,2656.11,1457.7430,1198.3664,12.0774,0.0071,32540228.2342,0.0017,39493753.3963
2026-08-03T19:24:00+05:30,3111.07,1544.8895,1566.1846,8.6934,0.0028,37808879.0095,0.0028,59230345.4252
2026-08-03T19:25:00+05:30,2038.46,411.1910,1627.2738,1.6350,0.0005,17693561.7726,0.0010,46701215.5124
2026-08-03T19:26:00+05:30,2109.26,518.5185,1590.7432,1.9182,0.0006,20620036.5212,0.0011,47029272.9090
2026-08-03T19:27:00+05:30,2365.19,1055.1777,1310.0120,2.5248,0.0005,23970773.3084,0.0015,52431039.5573
2026-08-03T19:28:00+05:30,1826.12,367.3204,1458.8006,2.9388,0.0008,22928849.9633,0.0018,42747409.9847
2026-08-03T19:29:00+05:30,3263.54,2038.1294,1225.4085,15.7733,0.0053,42890132.4441,0.0041,30156953.6512
2026-08-03T19:30:00+05:30,2364.41,537.7846,1826.6276,6.5146,0.0027,27614445.8149,0.0030,33538483.2828
2026-08-03T19:31:00+05:30,2508.34,778.9851,1729.3559,1.9400,0.0006,32737214.8119,0.0008,30797611.4389
2026-08-03T19:32:00+05:30,1863.47,476.8428,1386.6307,2.8796,0.0008,30213068.6310,0.0018,43549882.7372
2026-08-03T19:33:00+05:30,2508.77,785.9369,1722.8380,2.2527,0.0006,32001800.4733,0.0010,51170851.1050
2026-08-03T19:34:00+05:30,1820.98,364.4894,1456.4909,1.4513,0.0006,22902824.3804,0.0008,38348483.4081
2026-08-03T19:35:00+05:30,2945.19,1632.5929,1312.5969,8.1273,0.0038,32642743.1923,0.0015,46865431.8568
2026-08-03T19:36:00+05:30,2046.41,473.5772,1572.8356,1.6170,0.0006,28976170.9191,0.0008,40589615.9320
2026-08-03T19:37:00+05:30,3412.83,1463.4862,1949.3424,8.2778,0.0023,26107903.4538,0.0025,38057733.5645
2026-08-03T19:38:00+05:30,1274.87,160.5518,1114.3157,0.9063,0.0004,1683934.6185,0.0008,14632295.7829
2026-08-03T19:39:00+05:30,1648.74,242.8047,1405.9363,1.1836,0.0004,2369862.2334,0.0007,18108908.3724
2026-08-03T19:40:00+05:30,2189.85,1102.3680,1087.4869,6.9721,0.0048,7328132.2490,0.0016,11566790.5613
2026-08-03T19:41:00+05:30,1508.46,235.6529,1272.8121,1.0513,0.0004,2329436.6221,0.0008,12788081.5157
2026-08-03T19:42:00+05:30,1580.02,419.4446,1160.5774,1.3966,0.0011,3876917.6612,0.0008,12209556.3704
2026-08-03T19:43:00+05:30,1447.95,184.3372,1263.6174,1.0279,0.0004,2191563.0426,0.0007,12611639.6234
2026-08-03T19:44:00+05:30,1225.94,139.9140,1086.0253,0.8771,0.0005,1586565.8994,0.0007,11641712.3331
2026-08-03T19:45:00+05:30,1485.23,481.7592,1003.4665,1.2157,0.0008,4380311.7126,0.0008,11112662.8891
2026-08-03T19:46:00+05:30,1350.28,136.1295,1214.1464,0.9707,0.0004,1570499.7833,0.0007,13000528.9234
2026-08-03T19:47:00+05:30,1694.66,469.2626,1225.3967,1.3210,0.0008,4312157.4850,0.0008,12860482.7897
2026-08-03T19:48:00+05:30,1440.13,130.0392,1310.0908,1.0291,0.0004,1523107.2077,0.0007,12795179.0684
2026-08-03T19:49:00+05:30,1394.88,186.9229,1207.9569,0.9887,0.0004,1986762.7588,0.0007,12719391.4464
2026-08-03T19:50:00+05:30,1409.48,399.8800,1009.6003,1.1112,0.0008,3759161.0387,0.0008,11139852.9284
2026-08-03T19:51:00+05:30,1338.88,120.0307,1218.8510,0.9651,0.0005,1419725.5490,0.0007,12404018.5278
2026-08-03T19:52:00+05:30,1597.60,443.1625,1154.4400,1.2126,0.0008,4092995.1148,0.0007,12139667.9394
2026-08-03T19:53:00+05:30,1383.47,118.3077,1265.1592,0.9948,0.0004,1445414.2034,0.0007,12433510.5809
2026-08-03T19:54:00+05:30,1593.08,437.1719,1155.9078,1.1913,0.0007,4084871.9769,0.0008,12364394.2197
2026-08-03T19:55:00+05:30,1141.10,116.8989,1024.2032,0.8154,0.0004,1402316.0421,0.0007,10965566.6089
2026-08-03T19:56:00+05:30,1333.97,112.4610,1221.5056,0.9640,0.0005,1386176.7274,0.0007,12387256.4248
2026-08-03T19:57:00+05:30,1700.40,420.2510,1280.1506,1.3323,0.0007,3929656.3125,0.0008,13099036.3951
2026-08-03T19:58:00+05:30,1373.25,108.9033,1264.3485,0.9921,0.0005,1357390.1882,0.0007,12302475.1871
2026-08-03T19:59:00+05:30,1505.92,420.4922,1085.4315,1.1301,0.0007,3930489.1940,0.0007,11644453.0352
2026-08-03T20:00:00+05:30,1151.15,105.1500,1046.0000,0.8274,0.0004,1317978.2330,0.0007,11223500.1250
2026-08-03T20:01:00+05:30,1334.52,104.0892,1230.4333,0.9667,0.0004,1300057.3448,0.0007,12483759.6853
2026-08-03T20:02:00+05:30,1574.17,413.5264,1160.6473,1.1722,0.0007,3841570.1333,0.0008,12170922.6667
2026-08-03T20:03:00+05:30,1360.73,101.1981,1259.5358,0.9829,0.0004,1323698.9935,0.0007,12392222.3555
2026-08-03T20:04:00+05:30,2787.19,1670.6447,1116.5411,2.4096,0.0009,36945790.2825,0.0009,13520316.0263
2026-08-03T20:05:00+05:30,1231.39,176.8441,1054.5482,1.0389,0.0010,1744330.9168,0.0008,12036722.9639
2026-08-03T20:06:00+05:30,1163.44,81.7027,1081.7361,0.8551,0.0003,1002597.6866,0.0008,14233596.5866
2026-08-03T20:07:00+05:30,1766.59,447.3447,1319.2486,1.5638,0.0010,4026359.8753,0.0008,13998142.9833
2026-08-03T20:08:00+05:30,1433.03,87.6266,1345.4079,1.0413,0.0004,1050139.1629,0.0007,13943434.8174
2026-08-03T20:09:00+05:30,1753.16,453.0086,1300.1551,1.5174,0.0010,4061104.1014,0.0008,13619097.5659
2026-08-03T20:10:00+05:30,1133.27,91.3924,1041.8798,0.8150,0.0004,1076220.5186,0.0007,11461345.7769
2026-08-03T20:11:00+05:30,1185.11,87.7529,1097.3532,0.8651,0.0004,1082044.7007,0.0007,12926303.9717
2026-08-03T20:12:00+05:30,1695.31,439.3962,1255.9104,1.5004,0.0010,3988517.6188,0.0008,13047678.6458
2026-08-03T20:13:00+05:30,1398.62,88.3932,1310.2264,1.0108,0.0003,1122591.2206,0.0007,12963576.0658
2026-08-03T20:14:00+05:30,1326.47,87.5044,1238.9619,0.9641,0.0004,1102953.0318,0.0007,12978949.9650
2026-08-03T20:15:00+05:30,1457.47,430.2260,1027.2464,1.2397,0.0009,3914841.4018,0.0008,11092107.5208
2026-08-03T20:16:00+05:30,1334.96,90.3970,1244.5585,0.9636,0.0004,1146208.2896,0.0008,12606516.3408
2026-08-03T20:17:00+05:30,1359.74,90.0772,1269.6648,0.9905,0.0005,1064333.2389,0.0008,13009184.9382
2026-08-03T20:18:00+05:30,1667.93,422.6045,1245.3289,1.3755,0.0008,3812879.2586,0.0008,12154120.1413
2026-08-03T20:19:00+05:30,1217.51,91.1909,1126.3207,0.8769,0.0004,1051474.5859,0.0008,11937553.9779
2026-08-03T20:20:00+05:30,1171.03,123.2623,1047.7714,0.8407,0.0005,1216838.4838,0.0007,11298512.2512
2026-08-03T20:21:00+05:30,1629.70,415.4156,1214.2893,1.2823,0.0008,3767457.3537,0.0008,12418966.6261
2026-08-03T20:22:00+05:30,1309.37,91.4092,1217.9618,0.9492,0.0004,1179982.3283,0.0008,12620552.8900
2026-08-03T20:23:00+05:30,1372.65,91.1666,1281.4801,0.9969,0.0005,1125304.7216,0.0008,12473549.0320
2026-08-03T20:24:00+05:30,1548.54,399.3465,1149.1965,1.1566,0.0007,3613258.1183,0.0007,12208999.6666
2026-08-03T20:25:00+05:30,1178.45,133.6256,1044.8197,0.8392,0.0004,1221713.4476,0.0007,11299637.5758
2026-08-03T20:26:00+05:30,1332.05,86.3870,1245.6632,0.9702,0.0005,1065465.0892,0.0007,12617741.3098
2026-08-03T20:27:00+05:30,1594.28,390.8818,1203.4006,1.2493,0.0007,3636488.7481,0.0008,12476925.3542
2026-08-03T20:28:00+05:30,1378.02,89.6998,1288.3195,0.9978,0.0004,1158970.8780,0.0008,12571563.4533
2026-08-03T20:29:00+05:30,1230.17,85.1886,1144.9807,0.8966,0.0004,1091779.7627,0.0008,12084046.3938
2026-08-03T20:30:00+05:30,1248.03,135.9123,1112.1218,0.9008,0.0005,1831302.2675,0.0007,12651175.9825
2026-08-03T20:31:00+05:30,1193.82,84.8215,1108.9990,0.8791,0.0005,1107510.6465,0.0008,13466881.4300
2026-08-03T20:32:00+05:30,1912.41,518.6203,1393.7849,1.9816,0.0013,4764846.1218,0.0009,14024952.4286
2026-08-03T20:33:00+05:30,2078.97,854.6521,1224.3224,2.2409,0.0012,7475686.4405,0.0010,12549687.9407
2026-08-03T20:34:00+05:30,1243.27,98.2183,1145.0524,0.8958,0.0004,1255991.0665,0.0007,12096304.0051
2026-08-03T20:35:00+05:30,1195.41,157.5017,1037.9044,0.8511,0.0004,1481900.8884,0.0008,11643282.6496
2026-08-03T20:36:00+05:30,1370.84,98.4751,1272.3606,0.9955,0.0005,1241667.1944,0.0007,12812995.1837
2026-08-03T20:37:00+05:30,1674.29,406.8401,1267.4545,1.4349,0.0009,3801492.6915,0.0009,13056968.5495
2026-08-03T20:38:00+05:30,1331.44,98.2585,1233.1806,0.9603,0.0004,1268903.3247,0.0008,12054206.1495
2026-08-03T20:39:00+05:30,1251.35,150.0692,1101.2850,0.8937,0.0005,1825374.9792,0.0007,11748197.4732
2026-08-03T20:40:00+05:30,1401.03,421.9245,979.1021,1.0765,0.0007,3861736.1308,0.0008,11495448.1977
2026-08-03T20:41:00+05:30,1366.92,95.5938,1271.3269,0.9941,0.0004,1240552.0231,0.0007,13691755.5974
2026-08-03T20:42:00+05:30,1454.38,95.0254,1359.3534,1.0616,0.0005,1254384.6410,0.0008,13892364.5090
2026-08-03T20:43:00+05:30,1355.22,93.1167,1262.1000,0.9836,0.0005,1246071.4667,0.0007,12202052.2667
2026-08-03T20:44:00+05:30,1498.92,411.0226,1087.8941,1.1756,0.0008,3883844.8796,0.0008,11618155.0204
2026-08-03T20:45:00+05:30,1143.74,92.4123,1051.3235,0.8260,0.0004,1223590.4719,0.0007,11317853.4113
2026-08-03T20:46:00+05:30,1397.52,92.8179,1304.6992,1.0177,0.0005,1238335.1052,0.0007,13146568.9957
2026-08-03T20:47:00+05:30,1362.85,87.2210,1275.6304,0.9956,0.0005,1177610.2407,0.0008,13057689.7126
2026-08-03T20:48:00+05:30,1612.18,414.1333,1198.0500,1.3388,0.0009,3889701.5716,0.0008,11759010.4165
2026-08-03T20:49:00+05:30,1154.12,84.6862,1069.4356,0.8345,0.0005,1168442.4221,0.0008,11446844.3422
2026-08-03T20:50:00+05:30,1132.68,85.9871,1046.6930,0.8255,0.0005,1158789.3816,0.0008,11543527.1376
2026-08-03T20:51:00+05:30,1433.50,84.6197,1348.8814,1.0477,0.0005,1145216.6636,0.0008,13486203.0773
2026-08-03T20:52:00+05:30,1698.73,407.9796,1290.7521,1.4833,0.0009,3833596.0535,0.0009,13290855.4572
2026-08-03T20:53:00+05:30,1265.37,79.3754,1185.9981,0.9158,0.0004,1093950.4375,0.0007,11547027.0811
2026-08-03T20:54:00+05:30,1146.03,77.9091,1068.1246,0.8357,0.0005,1088161.0855,0.0007,11427807.9109
2026-08-03T20:55:00+05:30,1157.42,139.7577,1017.6634,0.8274,0.0005,1574119.3095,0.0007,11310207.2919
2026-08-03T20:56:00+05:30,1658.19,326.0558,1332.1389,1.3609,0.0008,3125143.8285,0.0008,13453546.2151
2026-08-03T20:57:00+05:30,1353.51,71.3357,1282.1761,0.9907,0.0004,1017070.7024,0.0007,13151192.5064
2026-08-03T20:58:00+05:30,1308.16,74.0636,1234.0929,0.9541,0.0005,1028557.6356,0.0007,12021369.7845
2026-08-03T20:59:00+05:30,1227.56,124.2688,1103.2879,0.8831,0.0004,1416391.6942,0.0007,11744105.5894
2026-08-03T21:00:00+05:30,1386.18,347.1833,1039.0000,1.0509,0.0007,3328012.7998,0.0008,11544656.6557
2026-08-03T21:01:00+05:30,2848.65,1460.6669,1387.9826,2.4225,0.0008,32925391.4550,0.0010,15849578.8842
2026-08-03T21:02:00+05:30,1842.48,533.0621,1309.4135,2.0498,0.0014,4789502.2842,0.0010,13428539.7979
2026-08-03T21:03:00+05:30,1255.67,74.6580,1181.0122,0.9091,0.0004,980588.1882,0.0007,11578530.8626
2026-08-03T21:04:00+05:30,1151.98,72.6224,1079.3548,0.8364,0.0004,953967.7376,0.0008,11554094.6540
2026-08-03T21:05:00+05:30,1368.72,166.2083,1202.5101,0.9770,0.0004,1582474.0825,0.0007,13553160.0387
2026-08-03T21:06:00+05:30,1194.28,74.4000,1119.8833,0.8900,0.0005,1008571.7333,0.0007,14939340.8000
2026-08-03T21:07:00+05:30,1773.19,413.5460,1359.6487,1.4678,0.0009,3821099.2967,0.0008,14875971.3343
2026-08-03T21:08:00+05:30,1441.18,72.4273,1368.7526,1.0538,0.0004,969699.2967,0.0007,14130537.8795
2026-08-03T21:09:00+05:30,1244.68,71.1547,1173.5282,0.9108,0.0004,965917.2931,0.0007,12251474.2895
2026-08-03T21:10:00+05:30,1242.35,96.1808,1146.1708,0.9017,0.0005,1123785.9095,0.0008,11912608.4117
2026-08-03T21:11:00+05:30,1769.74,414.7480,1354.9957,1.7036,0.0011,3830426.8352,0.0010,14014942.5985
2026-08-03T21:12:00+05:30,1420.38,71.8250,1348.5573,1.0370,0.0004,980748.7415,0.0008,13733759.5093
2026-08-03T21:13:00+05:30,1238.10,70.8441,1167.2527,0.9018,0.0004,956010.9326,0.0007,11365027.9315
2026-08-03T21:14:00+05:30,1169.68,71.1810,1098.4967,0.8561,0.0004,962102.2949,0.0007,11650284.6858
2026-08-03T21:15:00+05:30,1504.23,407.4969,1096.7366,1.3100,0.0009,3746121.6707,0.0009,11671258.3753
2026-08-03T21:16:00+05:30,1456.21,129.1494,1327.0564,1.0427,0.0004,1505625.3833,0.0007,13457047.3270
2026-08-03T21:17:00+05:30,1343.08,65.0398,1278.0445,0.9864,0.0004,905936.0925,0.0008,13034173.4536
2026-08-03T21:18:00+05:30,1257.13,63.0917,1194.0425,0.9190,0.0004,895368.4491,0.0007,11606334.7113
2026-08-03T21:19:00+05:30,1177.77,61.6187,1116.1539,0.8653,0.0005,860242.6040,0.0008,11804868.7478
2026-08-03T21:20:00+05:30,1465.60,397.1569,1068.4454,1.2297,0.0009,3648337.0442,0.0008,11788457.8361
2026-08-03T21:21:00+05:30,1421.48,80.7914,1340.6841,1.0352,0.0003,1265039.5706,0.0008,13508798.3465
2026-08-03T21:22:00+05:30,1332.90,58.1609,1274.7392,0.9801,0.0005,823486.7180,0.0007,13069506.9160
2026-08-03T21:23:00+05:30,1200.87,55.6685,1145.2048,0.8792,0.0005,802433.1478,0.0007,11232220.8074
2026-08-03T21:24:00+05:30,1464.14,383.2769,1080.8653,1.2142,0.0009,3545019.7333,0.0008,11590929.0667
2026-08-03T21:25:00+05:30,1143.50,52.4684,1091.0364,0.8396,0.0004,760174.6725,0.0007,11862547.9516
2026-08-03T21:26:00+05:30,1434.22,66.8688,1367.3537,1.0495,0.0004,999139.2532,0.0008,13739853.9650
2026-08-03T21:27:00+05:30,1384.97,49.3041,1335.6613,1.0221,0.0004,723004.2504,0.0007,13610913.4428
2026-08-03T21:28:00+05:30,1199.94,46.1151,1153.8282,0.8816,0.0005,698674.3996,0.0007,11310265.4201
2026-08-03T21:29:00+05:30,1503.58,366.7800,1136.8030,1.2125,0.0008,3379612.9720,0.0009,12061240.8093
2026-08-03T21:30:00+05:30,1121.63,46.2449,1075.3855,0.8254,0.0004,671365.7081,0.0008,11699940.4518
2026-08-03T21:31:00+05:30,1374.94,54.9361,1319.9993,1.0100,0.0004,817875.5604,0.0007,13337311.1322
2026-08-03T21:32:00+05:30,1746.30,495.6930,1250.6040,1.8793,0.0015,4507449.4410,0.0009,12942879.5548
2026-08-03T21:33:00+05:30,1627.68,499.1167,1128.5667,1.6569,0.0014,4481706.6667,0.0009,11061179.7333
2026-08-03T21:34:00+05:30,1494.66,357.5894,1137.0676,1.2583,0.0008,3293188.0970,0.0009,12160650.8294
2026-08-03T21:35:00+05:30,1189.98,52.3694,1137.6133,0.8803,0.0004,748220.4116,0.0007,13420806.9316
2026-08-03T21:36:00+05:30,3886.06,2669.7113,1216.3478,7.4905,0.0022,231803274.4304,0.0013,14802523.5928
2026-08-03T21:37:00+05:30,1432.96,134.3080,1298.6548,1.0217,0.0004,1572401.3402,0.0007,13398151.2611
2026-08-03T21:38:00+05:30,1293.90,137.0810,1156.8141,0.9241,0.0005,1631682.6720,0.0007,11384710.5215
2026-08-03T21:39:00+05:30,1635.08,548.4151,1086.6638,1.5853,0.0012,5110971.8838,0.0009,11696479.1920
2026-08-03T21:40:00+05:30,1258.38,137.7896,1120.5868,0.8946,0.0004,1620511.1519,0.0008,12113617.8696
2026-08-03T21:41:00+05:30,3245.77,1963.6503,1282.1183,3.2503,0.0011,145550133.1379,0.0008,14581031.2521
2026-08-03T21:42:00+05:30,3563.95,2340.1531,1223.8007,10.1893,0.0035,127151387.7245,0.0016,13719103.7300
2026-08-03T21:43:00+05:30,1275.71,133.7322,1141.9811,0.9088,0.0004,1398915.4960,0.0007,11239786.0321
2026-08-03T21:44:00+05:30,1140.07,132.3066,1007.7671,0.8156,0.0004,1430531.2599,0.0008,11076820.5077
2026-08-03T21:45:00+05:30,1279.46,132.3826,1147.0770,0.9193,0.0004,1466966.1963,0.0008,12274761.3415
2026-08-03T21:46:00+05:30,1196.42,127.2839,1069.1351,0.8756,0.0005,1478572.4193,0.0008,14637546.0123
2026-08-03T21:47:00+05:30,4237.32,3232.7062,1004.6161,9.2677,0.0023,227411719.2994,0.0017,14431528.0551
2026-08-03T21:48:00+05:30,2008.67,614.0795,1394.5868,2.4869,0.0016,6765591.7735,0.0011,14710402.2933
2026-08-03T21:49:00+05:30,1468.26,146.9627,1321.2976,1.0681,0.0004,2051277.4555,0.0008,17301960.6588
2026-08-03T21:50:00+05:30,1497.31,147.1515,1350.1575,1.1087,0.0004,2015477.9798,0.0007,19297467.9486
2026-08-03T21:51:00+05:30,1750.95,140.4424,1610.5119,1.3068,0.0005,1583803.9641,0.0007,22965089.1997
2026-08-03T21:52:00+05:30,1744.14,141.5714,1602.5701,1.2996,0.0004,1636447.5408,0.0007,22197959.2993
2026-08-03T21:53:00+05:30,1919.12,631.6079,1287.5142,1.7531,0.0010,14643764.8784,0.0008,16513290.6021
2026-08-03T21:54:00+05:30,1325.84,140.5854,1185.2580,0.9472,0.0004,1652314.3700,0.0007,13852922.8410
2026-08-03T21:55:00+05:30,1152.83,138.3326,1014.4947,0.8249,0.0005,1628818.7135,0.0008,11319839.6561
2026-08-03T21:56:00+05:30,1337.56,131.3184,1206.2383,0.9613,0.0005,1588757.7228,0.0007,12311421.3220
2026-08-03T21:57:00+05:30,1298.41,127.1730,1171.2419,0.9352,0.0005,1565595.5730,0.0008,12310324.6883
2026-08-03T21:58:00+05:30,1713.90,519.9533,1193.9515,1.5840,0.0011,4873145.2946,0.0008,11804869.1016
2026-08-03T21:59:00+05:30,1239.12,124.7541,1114.3691,0.8807,0.0004,1550662.7105,0.0008,12012429.8050
2026-08-03T22:00:00+05:30,1136.64,120.2753,1016.3656,0.8125,0.0004,1501928.1036,0.0007,11134146.2260
2026-08-03T22:01:00+05:30,1355.65,120.4060,1235.2451,0.9783,0.0005,1530453.1484,0.0007,12626750.4917
2026-08-03T22:02:00+05:30,1295.11,110.8834,1184.2224,0.9378,0.0005,1434204.0694,0.0007,12409701.2115
2026-08-03T22:03:00+05:30,1370.50,110.3349,1260.1657,0.9914,0.0005,1448326.3700,0.0007,12468690.8188
2026-08-03T22:04:00+05:30,1630.99,490.1595,1140.8336,1.5160,0.0011,4616472.6115,0.0009,12308477.6109
2026-08-03T22:05:00+05:30,1119.69,105.8455,1013.8472,0.8002,0.0004,1364992.0683,0.0007,11150426.9813
2026-08-03T22:06:00+05:30,1331.10,101.8718,1229.2281,0.9637,0.0004,1333178.1256,0.0008,12571935.2634
2026-08-03T22:07:00+05:30,1525.19,99.0363,1426.1563,1.1148,0.0005,1322832.4191,0.0007,14351400.0367
2026-08-03T22:08:00+05:30,1334.33,98.7687,1235.5587,0.9670,0.0005,1339355.1483,0.0008,12010588.4705
2026-08-03T22:09:00+05:30,1145.95,96.5225,1049.4282,0.8313,0.0004,1311913.5798,0.0008,11337711.0659
2026-08-03T22:10:00+05:30,1892.83,901.8317,990.9998,2.1022,0.0012,8088915.6153,0.0010,10951248.1208
2026-08-03T22:11:00+05:30,1788.21,528.5748,1259.6388,1.8135,0.0013,4885335.4660,0.0009,12817249.2252
2026-08-03T22:12:00+05:30,1331.41,95.2294,1236.1815,0.9610,0.0004,1266809.7548,0.0007,12781573.7694
2026-08-03T22:13:00+05:30,1568.88,381.9985,1186.8822,1.0897,0.0005,2461245.6830,0.0008,11706738.8493
2026-08-03T22:14:00+05:30,1190.31,95.5199,1094.7865,0.8651,0.0005,1272806.1602,0.0008,11801993.3998
2026-08-03T22:15:00+05:30,1135.32,97.6402,1037.6796,0.8232,0.0004,1300371.6357,0.0007,11314325.4062
2026-08-03T22:16:00+05:30,1694.26,464.8155,1229.4410,1.5034,0.0010,4366135.7023,0.0008,12623194.9199
2026-08-03T22:17:00+05:30,1396.78,94.6475,1302.1287,1.0126,0.0004,1270108.2180,0.0007,13356073.4789
2026-08-03T22:18:00+05:30,1308.29,90.4107,1217.8789,0.9502,0.0005,1220282.5913,0.0007,11975080.7785
2026-08-03T22:19:00+05:30,1169.98,89.1134,1080.8621,0.8519,0.0005,1224614.6255,0.0008,11669889.1500
2026-08-03T22:20:00+05:30,1102.18,86.3471,1015.8328,0.8021,0.0005,1167662.4113,0.0007,11164231.5923
2026-08-03T22:21:00+05:30,1323.49,84.2139,1239.2754,0.9646,0.0005,1157373.7771,0.0007,12665440.1093
2026-08-03T22:22:00+05:30,1616.89,440.6859,1176.2010,1.4000,0.0010,4138658.8459,0.0009,12433995.6341
2026-08-03T22:23:00+05:30,1349.25,81.5983,1267.6491,0.9789,0.0004,1127611.9353,0.0007,12567939.9900
2026-08-03T22:24:00+05:30,1241.92,75.9331,1165.9860,0.9093,0.0005,1086376.1544,0.0007,12446893.6085
2026-08-03T22:25:00+05:30,1108.50,78.0383,1030.4621,0.8089,0.0005,1069219.1301,0.0007,11266081.7864
2026-08-03T22:26:00+05:30,1309.93,72.0808,1237.8532,0.9588,0.0005,1009531.3250,0.0008,12657497.2007
2026-08-03T22:27:00+05:30,1288.71,71.2893,1217.4181,0.9439,0.0005,1015005.1171,0.0007,12690738.6282
2026-08-03T22:28:00+05:30,1656.34,413.3258,1243.0112,1.4143,0.0010,3879346.5360,0.0008,12463685.2704
2026-08-03T22:29:00+05:30,1219.04,67.7701,1151.2742,0.8886,0.0003,952420.0140,0.0008,12368352.5451
2026-08-03T22:30:00+05:30,1092.50,69.5516,1022.9450,0.7995,0.0005,981257.2609,0.0007,11217332.7779
2026-08-03T22:31:00+05:30,1716.54,471.3119,1245.2242,1.1833,0.0005,15995293.0822,0.0007,14437666.0110
2026-08-03T22:32:00+05:30,2091.26,720.9399,1370.3191,1.3827,0.0005,15774146.2569,0.0008,15074118.2588
2026-08-03T22:33:00+05:30,1296.19,72.0761,1224.1109,0.9466,0.0006,977464.6291,0.0008,11995852.7505
2026-08-03T22:34:00+05:30,1151.28,71.7488,1079.5320,0.8424,0.0004,948617.7897,0.0008,11699755.9374
2026-08-03T22:35:00+05:30,1296.68,74.2420,1222.4426,0.9507,0.0005,983427.7999,0.0007,12981875.0854
2026-08-03T22:36:00+05:30,1206.03,79.3434,1126.6894,0.9013,0.0004,1103388.8407,0.0008,15908417.8388
2026-08-03T22:37:00+05:30,1336.60,77.1898,1259.4112,0.9924,0.0005,1092799.3065,0.0008,15657834.4170
2026-08-03T22:38:00+05:30,1516.57,78.2638,1438.3071,1.1221,0.0004,1101821.6113,0.0008,16155363.8257
2026-08-03T22:39:00+05:30,1691.98,426.1028,1265.8768,1.5501,0.0011,4033955.9407,0.0009,13350666.6222
2026-08-03T22:40:00+05:30,1123.18,83.9224,1039.2605,0.8131,0.0004,1136192.0512,0.0008,11798192.5847
2026-08-03T22:41:00+05:30,1086.71,81.5238,1005.1827,0.8055,0.0005,1140417.1583,0.0008,13648555.1445
2026-08-03T22:42:00+05:30,1472.07,76.7692,1395.2965,1.0797,0.0005,1096312.6719,0.0007,14130889.3815
2026-08-03T22:43:00+05:30,1424.88,74.0827,1350.7927,1.0459,0.0004,1054812.0093,0.0008,13728465.7009
2026-08-03T22:44:00+05:30,1255.29,72.4401,1182.8496,0.9204,0.0004,1020963.2468,0.0008,12508147.5459
2026-08-03T22:45:00+05:30,1565.00,546.8531,1018.1512,1.7998,0.0014,5045652.6435,0.0010,11128140.2760
2026-08-03T22:46:00+05:30,2169.92,890.3872,1279.5326,2.6902,0.0014,7879843.1791,0.0012,13024081.0775
2026-08-03T22:47:00+05:30,1358.17,81.4405,1276.7344,0.9866,0.0004,1106250.3666,0.0008,13102381.0159
2026-08-03T22:48:00+05:30,1238.66,83.2861,1155.3696,0.8985,0.0004,1142182.0789,0.0007,11374705.0096
2026-08-03T22:49:00+05:30,1122.97,82.9154,1040.0580,0.8182,0.0005,1118083.6471,0.0008,11288263.1386
2026-08-03T22:50:00+05:30,1155.51,84.0528,1071.4524,0.8424,0.0005,1134443.9222,0.0007,11597926.0296
2026-08-03T22:51:00+05:30,1405.80,77.7770,1328.0271,1.0293,0.0005,1071297.2513,0.0008,13385719.5339
2026-08-03T22:52:00+05:30,1662.28,401.0898,1261.1942,1.5046,0.0011,3797173.3573,0.0009,13026466.2967
2026-08-03T22:53:00+05:30,1303.65,112.9242,1190.7294,0.9781,0.0007,1374982.3322,0.0007,11761492.3662
2026-08-03T22:54:00+05:30,1128.81,80.0100,1048.7959,0.8163,0.0004,1094105.1930,0.0008,11361819.6120
2026-08-03T22:55:00+05:30,1214.14,82.0514,1132.0855,0.8874,0.0004,1110785.4464,0.0008,12095826.1304
2026-08-03T22:56:00+05:30,1377.56,77.0154,1300.5450,1.0080,0.0005,1054548.3151,0.0007,13159121.8959
2026-08-03T22:57:00+05:30,1330.82,81.5374,1249.2791,0.9731,0.0004,1117531.5688,0.0007,12930500.4334
2026-08-03T22:58:00+05:30,1260.83,79.3667,1181.4667,0.9178,0.0004,1080506.7916,0.0007,11631012.5498
2026-08-03T22:59:00+05:30,1440.86,416.4500,1024.4118,1.1852,0.0009,3894718.5016,0.0008,11161055.6731
2026-08-03T23:00:00+05:30,1128.94,97.5695,1031.3729,0.8378,0.0006,1208473.2868,0.0007,11354077.3142
2026-08-03T23:01:00+05:30,1322.37,73.5456,1248.8248,0.9667,0.0004,1018588.8746,0.0007,12806648.6856
2026-08-03T23:02:00+05:30,1398.02,73.5248,1324.4955,1.0262,0.0005,1021201.4398,0.0007,13573016.9311
2026-08-03T23:03:00+05:30,1338.39,70.8917,1267.5021,0.9785,0.0004,985587.4148,0.0008,12394961.3878
2026-08-03T23:04:00+05:30,1151.29,66.7956,1084.4988,0.8441,0.0004,933854.4066,0.0008,11672394.8724
2026-08-03T23:05:00+05:30,1247.82,62.6344,1185.1864,0.9182,0.0004,886403.9468,0.0008,12508235.6079
2026-08-03T23:06:00+05:30,1685.74,367.3044,1318.4394,1.4266,0.0009,3438340.8553,0.0008,13292647.0451
2026-08-03T23:07:00+05:30,1350.24,106.0437,1244.1971,1.0653,0.0009,1247964.8082,0.0007,12963750.5915
2026-08-03T23:08:00+05:30,1216.30,58.9990,1157.2974,0.8856,0.0004,878167.7639,0.0008,11415839.6027
2026-08-03T23:09:00+05:30,1076.52,55.0814,1021.4391,0.7918,0.0005,809517.2046,0.0007,11134941.5844
2026-08-03T23:10:00+05:30,1136.16,52.0571,1084.1012,0.8372,0.0005,787106.8971,0.0007,11719920.6812
2026-08-03T23:11:00+05:30,1414.38,51.2791,1363.1031,1.0437,0.0005,751361.1093,0.0008,13725327.1115
2026-08-03T23:12:00+05:30,1351.12,51.4270,1299.6933,0.9976,0.0005,776197.7696,0.0007,13332808.0815
2026-08-03T23:13:00+05:30,1216.84,45.0350,1171.8094,0.8955,0.0004,707223.5126,0.0007,11522563.4549
2026-08-03T23:14:00+05:30,1474.45,388.0079,1086.4389,1.2263,0.0009,3576529.9718,0.0008,11736088.7066
2026-08-03T23:15:00+05:30,1178.52,47.2874,1131.2317,0.8676,0.0003,734546.0120,0.0008,12099705.6167
2026-08-03T23:16:00+05:30,1345.21,43.1456,1302.0689,0.9913,0.0004,664969.2079,0.0008,13173942.7504
2026-08-03T23:17:00+05:30,1278.32,42.1437,1236.1812,0.9457,0.0004,666125.5833,0.0008,12879110.5186
2026-08-03T23:18:00+05:30,1175.59,41.0612,1134.5321,0.8656,0.0005,716965.5218,0.0007,11225452.1822
2026-08-03T23:19:00+05:30,1064.34,39.8707,1024.4691,0.7878,0.0005,661092.2426,0.0008,11166812.6813
2026-08-03T23:20:00+05:30,1219.71,40.4081,1179.3025,0.9038,0.0005,656515.3031,0.0008,12478843.5020
2026-08-03T23:21:00+05:30,2141.34,792.0922,1349.2510,2.4027,0.0012,6974856.8382,0.0011,13636384.9640
2026-08-03T23:22:00+05:30,1715.47,500.1000,1215.3692,1.7495,0.0014,4490913.6370,0.0009,12707220.2164
2026-08-03T23:23:00+05:30,1170.68,73.7507,1096.9290,0.8636,0.0006,1190654.0250,0.0007,10885082.6321
2026-08-03T23:24:00+05:30,1119.27,43.0579,1076.2140,0.8246,0.0004,661966.6939,0.0007,11628832.7527
2026-08-03T23:25:00+05:30,1169.33,45.2818,1124.0459,0.8611,0.0004,670288.0571,0.0007,12022656.3115
2026-08-03T23:26:00+05:30,1405.74,42.3855,1363.3515,1.0367,0.0004,660660.5774,0.0008,13704013.3342
2026-08-03T23:27:00+05:30,1347.97,46.1333,1301.8333,0.9970,0.0005,690164.4973,0.0007,13380453.2591
2026-08-03T23:28:00+05:30,1149.90,48.0946,1101.8071,0.8448,0.0005,854844.1110,0.0008,10919115.9123
2026-08-03T23:29:00+05:30,1475.67,368.6806,1106.9917,1.1805,0.0009,3378696.6592,0.0008,11912627.1765
2026-08-03T23:30:00+05:30,1149.00,41.0285,1107.9707,0.8477,0.0004,666557.3443,0.0008,11905471.8528
2026-08-03T23:31:00+05:30,1409.42,42.4369,1366.9806,1.0392,0.0003,645026.4684,0.0008,13738558.5706
2026-08-03T23:32:00+05:30,1274.00,35.6006,1238.4040,0.9453,0.0005,594066.4344,0.0008,12876809.8135
2026-08-03T23:33:00+05:30,1401.95,278.2935,1123.6564,0.9646,0.0004,2794719.2854,0.0007,11243999.2001
2026-08-03T23:34:00+05:30,2208.29,1084.8376,1123.4562,1.4041,0.0005,31231266.1089,0.0007,15081769.9257
2026-08-03T23:35:00+05:30,1492.13,44.0436,1448.0879,1.1120,0.0005,638715.4336,0.0008,14971984.1296
2026-08-03T23:36:00+05:30,1275.14,42.9262,1232.2113,0.9676,0.0005,603376.7705,0.0008,17158970.5716
2026-08-03T23:37:00+05:30,1215.58,44.4100,1171.1743,0.9224,0.0005,652736.2229,0.0008,16578803.8461
2026-08-03T23:38:00+05:30,1544.37,40.6493,1503.7249,1.1513,0.0005,601497.6000,0.0008,16197154.1333
2026-08-03T23:39:00+05:30,1137.88,41.2160,1096.6651,0.8459,0.0005,662847.2384,0.0007,12375378.4207
2026-08-03T23:40:00+05:30,1326.90,45.4545,1281.4448,0.9812,0.0005,693533.7123,0.0007,13081624.3228
2026-08-03T23:41:00+05:30,1336.77,37.7802,1298.9918,1.0042,0.0005,635635.6364,0.0008,15773483.9849
2026-08-03T23:42:00+05:30,1665.36,385.0308,1280.3301,1.6090,0.0012,3585007.1012,0.0010,15684491.4152
2026-08-03T23:43:00+05:30,1464.11,63.4365,1400.6700,1.0741,0.0004,748116.0077,0.0008,14500601.9068
2026-08-03T23:44:00+05:30,1144.64,38.7807,1105.8596,0.8448,0.0004,625963.6024,0.0007,11798014.5324
2026-08-03T23:45:00+05:30,1132.24,41.1966,1091.0424,0.8374,0.0004,649287.6046,0.0007,12138920.5079
2026-08-03T23:46:00+05:30,1382.43,36.5179,1345.9115,1.0252,0.0005,613942.5981,0.0008,13622657.8219
2026-08-03T23:47:00+05:30,1385.09,37.1019,1347.9841,1.0275,0.0005,618742.0495,0.0008,13668375.7584
2026-08-03T23:48:00+05:30,1096.81,40.3172,1056.4941,0.8087,0.0004,646966.6972,0.0007,10765332.0450
2026-08-03T23:49:00+05:30,1089.16,44.1458,1045.0128,0.8051,0.0005,649957.1205,0.0007,11366874.5957
2026-08-03T23:50:00+05:30,1435.33,385.9386,1049.3883,1.3478,0.0011,3553507.8590,0.0009,11412065.6721
2026-08-03T23:51:00+05:30,1294.86,38.9076,1255.9569,0.9546,0.0004,621969.0072,0.0008,12822539.8074
2026-08-03T23:52:00+05:30,1295.55,39.6272,1255.9182,0.9569,0.0004,636619.8986,0.0008,13065628.1675
2026-08-03T23:53:00+05:30,1214.46,41.7625,1172.6994,0.8910,0.0004,643075.9591,0.0008,11504103.9896
2026-08-03T23:54:00+05:30,1282.82,57.7500,1225.0667,0.9486,0.0005,1367540.6590,0.0007,12877287.6881
2026-08-03T23:55:00+05:30,1148.17,42.3958,1105.7728,0.8501,0.0004,659447.3311,0.0008,11813055.9435
2026-08-03T23:56:00+05:30,1288.31,41.0589,1247.2536,0.9525,0.0004,637202.5939,0.0007,12692157.9676
2026-08-03T23:57:00+05:30,1191.28,41.0326,1150.2475,0.8803,0.0005,639522.1333,0.0007,11939430.4000
2026-08-03T23:58:00+05:30,1091.37,38.9781,1052.3930,0.8051,0.0005,620324.7567,0.0007,10844352.4863
2026-08-03T23:59:00+05:30,2085.33,772.3576,1312.9729,1.7879,0.0008,14757832.7750,0.0009,13659818.3424
2026-08-04T00:00:00+05:30,1625.21,500.3334,1124.8791,1.9494,0.0014,4535747.2702,0.0011,11997520.9802
2026-08-04T00:01:00+05:30,1618.16,515.9323,1102.2265,1.6323,0.0013,4634519.8320,0.0008,11469400.7066
2026-08-04T00:02:00+05:30,1239.19,55.1325,1184.0584,0.9061,0.0004,769927.8907,0.0007,12029560.2799
2026-08-04T00:03:00+05:30,1143.11,53.9558,1089.1538,0.8368,0.0004,769630.5732,0.0007,11438053.0230
2026-08-04T00:04:00+05:30,3611.17,2739.1565,872.0111,7.6842,0.0025,225888660.1126,0.0010,9953892.8917
2026-08-04T00:05:00+05:30,1168.42,156.6657,1011.7512,0.8167,0.0004,1727660.7661,0.0007,11113013.1680
2026-08-04T00:06:00+05:30,1372.54,149.7384,1222.7998,0.9822,0.0005,1700859.9563,0.0007,12564265.1915
2026-08-04T00:07:00+05:30,1738.98,571.5405,1167.4391,1.5927,0.0012,5265027.2586,0.0008,12410372.6180
2026-08-04T00:08:00+05:30,1413.60,142.3026,1271.2929,1.0024,0.0004,1654601.3762,0.0007,12591963.4782
2026-08-04T00:09:00+05:30,2344.24,1207.0512,1137.1895,2.0372,0.0009,94801462.8861,0.0008,12317495.6243
2026-08-04T00:10:00+05:30,2728.09,1809.6920,918.3942,6.5976,0.0032,127746286.6284,0.0009,10366959.0721
2026-08-04T00:11:00+05:30,1625.49,133.0677,1492.4221,1.1693,0.0004,1521291.4284,0.0007,14809508.4449
2026-08-04T00:12:00+05:30,1597.42,137.4019,1460.0223,1.1640,0.0005,1595311.5076,0.0007,16002045.1509
2026-08-04T00:13:00+05:30,1247.63,139.2682,1108.3604,0.9047,0.0004,1635941.7854,0.0007,13707892.0397
2026-08-04T00:14:00+05:30,1194.11,133.3867,1060.7273,0.8572,0.0004,1606768.3898,0.0007,11651203.9463
2026-08-04T00:15:00+05:30,3886.11,3012.9502,873.1646,10.4717,0.0030,220147882.2627,0.0016,9842469.9490
2026-08-04T00:16:00+05:30,1795.20,564.4457,1230.7513,1.7738,0.0012,5142713.8405,0.0009,12765895.1087
2026-08-04T00:17:00+05:30,1406.18,136.0159,1270.1649,1.0014,0.0004,1530879.3172,0.0007,13169303.6405
2026-08-04T00:18:00+05:30,1382.84,136.4629,1246.3797,0.9925,0.0005,1548943.1252,0.0007,12297828.9257
2026-08-04T00:19:00+05:30,1259.09,139.5229,1119.5672,0.9046,0.0004,1627774.8733,0.0007,12230777.2739
2026-08-04T00:20:00+05:30,1801.23,573.9516,1227.2780,1.3383,0.0007,36223577.7267,0.0007,12840998.9003
2026-08-04T00:21:00+05:30,3640.71,2535.1791,1105.5290,10.1779,0.0034,185010245.0245,0.0015,11505380.9381
2026-08-04T00:22:00+05:30,1378.63,136.8379,1241.7914,0.9817,0.0004,1546291.5431,0.0007,12969870.1957
2026-08-04T00:23:00+05:30,1271.41,137.6615,1133.7445,0.9079,0.0005,1561457.0548,0.0007,11234421.0018
2026-08-04T00:24:00+05:30,1192.95,140.9190,1052.0342,0.8529,0.0004,1616035.4673,0.0008,11458068.3011
2026-08-04T00:25:00+05:30,1607.57,565.5630,1042.0090,1.5138,0.0012,5235366.5828,0.0009,11676442.7855
2026-08-04T00:26:00+05:30,3837.74,2674.9633,1162.7767,8.4545,0.0026,215587917.8448,0.0014,12124662.5767
2026-08-04T00:27:00+05:30,1746.80,442.0434,1304.7535,3.4514,0.0050,7582230.4270,0.0010,13437246.7385
2026-08-04T00:28:00+05:30,1338.48,135.6508,1202.8263,0.9553,0.0004,1542100.6216,0.0007,11771008.5823
2026-08-04T00:29:00+05:30,1312.47,141.8783,1170.5874,0.9734,0.0004,1670331.6050,0.0008,17791831.4133
2026-08-04T00:30:00+05:30,1254.75,137.8052,1116.9403,0.9019,0.0005,1608433.4305,0.0008,12371619.6984
2026-08-04T00:31:00+05:30,1650.58,184.9882,1465.5877,1.2443,0.0005,6264334.0390,0.0008,23292846.5654
2026-08-04T00:32:00+05:30,1593.52,266.7033,1326.8170,1.1800,0.0006,13183477.3595,0.0007,20068236.0549
2026-08-04T00:33:00+05:30,1469.12,138.2046,1330.9110,1.0835,0.0005,1675592.9198,0.0007,18022932.4977
2026-08-04T00:34:00+05:30,1976.97,550.7099,1426.2598,2.0226,0.0013,5168462.8716,0.0009,17112512.9983
2026-08-04T00:35:00+05:30,1211.03,130.7732,1080.2540,0.8605,0.0003,1591879.9920,0.0007,12285678.7786
2026-08-04T00:36:00+05:30,1368.29,127.8081,1240.4840,0.9862,0.0004,1616037.3308,0.0007,12821263.6491
2026-08-04T00:37:00+05:30,1501.00,300.7300,1200.2700,1.0360,0.0005,3556601.7499,0.0008,12803506.9078
2026-08-04T00:38:00+05:30,1383.80,122.5602,1261.2384,0.9975,0.0005,1551378.6045,0.0007,12470426.7760
2026-08-04T00:39:00+05:30,1202.69,121.0788,1081.6082,0.8705,0.0005,1563095.5913,0.0007,12464210.9509
2026-08-04T00:40:00+05:30,1293.45,120.1687,1173.2862,0.9360,0.0004,1518164.7388,0.0007,12589407.3802
2026-08-04T00:41:00+05:30,1778.72,118.0803,1660.6399,1.2980,0.0004,1521956.4739,0.0008,16209471.2215
2026-08-04T00:42:00+05:30,1293.27,129.2290,1164.0445,0.9316,0.0005,1691768.2116,0.0008,12324247.7876
2026-08-04T00:43:00+05:30,1161.42,109.8886,1051.5270,0.8340,0.0004,1459423.6181,0.0008,10504449.6899
2026-08-04T00:44:00+05:30,1509.93,510.1316,999.8000,1.4205,0.0011,4842315.7860,0.0009,11073035.5780
2026-08-04T00:45:00+05:30,1584.69,542.6890,1042.0056,1.5717,0.0012,5114998.8832,0.0008,11528786.0917
2026-08-04T00:46:00+05:30,1746.13,518.6167,1227.5167,1.6823,0.0012,4831573.3333,0.0009,12702993.0667
2026-08-04T00:47:00+05:30,1283.26,98.1981,1185.0611,0.9251,0.0003,1297056.4251,0.0008,12549705.3891
2026-08-04T00:48:00+05:30,1341.10,96.8682,1244.2279,0.9730,0.0005,1311702.5487,0.0007,12274558.1876
2026-08-04T00:49:00+05:30,1227.68,94.5076,1133.1744,0.8934,0.0005,1290594.4576,0.0007,12192453.5299
2026-08-04T00:50:00+05:30,1122.83,90.9318,1031.8936,0.8166,0.0005,1228779.5238,0.0007,11440351.6689
2026-08-04T00:51:00+05:30,1644.11,404.8770,1239.2326,1.1501,0.0005,15686484.5909,0.0008,14543302.0984
2026-08-04T00:52:00+05:30,2165.86,889.2297,1276.6340,1.4268,0.0005,28235286.3358,0.0007,15716570.9713
2026-08-04T00:53:00+05:30,1376.27,88.0148,1288.2514,1.0024,0.0005,1123375.2395,0.0007,12860333.1390
2026-08-04T00:54:00+05:30,1295.53,87.2008,1208.3250,0.9522,0.0005,1142534.6403,0.0008,13956224.8450
2026-08-04T00:55:00+05:30,1345.61,86.6282,1258.9845,0.9855,0.0004,1116923.3231,0.0007,13626956.1275
2026-08-04T00:56:00+05:30,1286.34,84.9025,1201.4331,0.9688,0.0005,1114795.0876,0.0008,17998551.9988
2026-08-04T00:57:00+05:30,1322.01,84.0014,1238.0040,1.0051,0.0005,1117680.4947,0.0008,19744209.6035
2026-08-04T00:58:00+05:30,1734.81,86.3949,1648.4198,1.2801,0.0005,1195030.8041,0.0007,17659801.0401
2026-08-04T00:59:00+05:30,1607.04,439.5874,1167.4555,1.4205,0.0011,4164536.3065,0.0008,12531768.0783
2026-08-04T01:00:00+05:30,1277.68,88.9426,1188.7343,0.9232,0.0004,1221714.6285,0.0007,12382130.3203
2026-08-04T01:01:00+05:30,1354.95,90.7470,1264.2079,0.9969,0.0004,1244070.9988,0.0007,15231541.3410
2026-08-04T01:02:00+05:30,1391.08,88.1132,1302.9621,1.0279,0.0005,1220224.5633,0.0008,15410319.2426
2026-08-04T01:03:00+05:30,1473.13,90.3970,1382.7372,1.0774,0.0004,1240452.9258,0.0008,14104067.8655
2026-08-04T01:04:00+05:30,1293.59,92.3472,1201.2469,0.9435,0.0005,1270680.3574,0.0007,12723121.4829
2026-08-04T01:05:00+05:30,1157.19,93.1287,1064.0635,0.8450,0.0005,1251081.4973,0.0008,12162939.6353
2026-08-04T01:06:00+05:30,1471.28,91.2530,1380.0263,1.0757,0.0005,1259058.0746,0.0007,14044169.6412
2026-08-04T01:07:00+05:30,1398.91,88.9163,1309.9902,1.0242,0.0005,1222675.3571,0.0008,13614254.8801
2026-08-04T01:08:00+05:30,1272.47,87.3615,1185.1037,0.9242,0.0005,1205697.5090,0.0007,11654029.4260
2026-08-04T01:09:00+05:30,1456.85,438.6468,1018.1985,1.2791,0.0011,4163031.1636,0.0008,11239051.0282
2026-08-04T01:10:00+05:30,1240.08,92.1213,1147.9574,0.8965,0.0004,1284181.6121,0.0008,12393479.0319
2026-08-04T01:11:00+05:30,1447.71,85.8781,1361.8316,1.0559,0.0004,1184223.4927,0.0008,13767169.9032
2026-08-04T01:12:00+05:30,1349.74,84.0318,1265.7091,0.9877,0.0005,1164601.2131,0.0007,13201293.6079
2026-08-04T01:13:00+05:30,1280.49,79.9547,1200.5368,0.9326,0.0005,1131275.5401,0.0008,11826940.5175
2026-08-04T01:14:00+05:30,1104.68,80.8712,1023.8131,0.8054,0.0005,1141501.4831,0.0008,11236800.2666
2026-08-04T01:15:00+05:30,1180.98,81.8735,1099.1083,0.8635,0.0004,1133817.9151,0.0007,12011628.8962
2026-08-04T01:16:00+05:30,1403.61,77.7024,1325.9069,1.0285,0.0004,1101826.7984,0.0007,13518212.8610
2026-08-04T01:17:00+05:30,1326.68,80.8743,1245.8071,0.9714,0.0004,1128221.5294,0.0007,13044950.4693
2026-08-04T01:18:00+05:30,1294.42,82.9362,1211.4814,0.9421,0.0005,1163908.6137,0.0008,11952246.6297
2026-08-04T01:19:00+05:30,1167.93,76.1141,1091.8136,0.8544,0.0004,1077671.9831,0.0008,11828110.4611
2026-08-04T01:20:00+05:30,1438.24,421.9052,1016.3322,1.2061,0.0010,3978043.0638,0.0008,11397315.9123
2026-08-04T01:21:00+05:30,1461.42,70.8630,1390.5549,1.0695,0.0004,1015243.1946,0.0008,14048237.3769
2026-08-04T01:22:00+05:30,1429.37,69.7516,1359.6221,1.0524,0.0005,1022140.1363,0.0008,13972934.1309
2026-08-04T01:23:00+05:30,1282.03,67.5779,1214.4524,0.9375,0.0005,972962.1604,0.0008,11903321.4869
2026-08-04T01:24:00+05:30,1151.09,67.0923,1083.9945,0.8443,0.0004,974038.3724,0.0008,11733523.2285
2026-08-04T01:25:00+05:30,1180.92,62.2459,1118.6754,0.8695,0.0004,906247.8501,0.0008,12164104.2597
2026-08-04T01:26:00+05:30,1390.07,61.1697,1328.8998,1.0230,0.0005,906012.2339,0.0007,13482794.6731
2026-08-04T01:27:00+05:30,1707.60,527.3200,1180.2836,1.8550,0.0015,4873265.3469,0.0009,12550023.3287
2026-08-04T01:28:00+05:30,1659.56,512.8637,1146.6991,1.7070,0.0014,4652457.5675,0.0009,11429050.1058
2026-08-04T01:29:00+05:30,1132.32,53.9811,1078.3376,0.8293,0.0004,828076.8859,0.0008,11684713.1783
2026-08-04T01:30:00+05:30,1592.69,425.2096,1167.4805,1.6636,0.0012,3950253.0958,0.0010,12606185.6302
2026-08-04T01:31:00+05:30,1424.52,51.3043,1373.2144,1.0482,0.0004,793406.2740,0.0008,13906696.2696
2026-08-04T01:32:00+05:30,1318.06,50.8184,1267.2422,0.9700,0.0004,775317.4553,0.0007,13246957.8493
2026-08-04T01:33:00+05:30,1179.52,46.6547,1132.8633,0.8630,0.0004,757084.7751,0.0008,11225049.9717
2026-08-04T01:34:00+05:30,1133.94,46.2136,1087.7275,0.8374,0.0005,731577.2878,0.0008,11765649.5842
2026-08-04T01:35:00+05:30,1191.59,44.8107,1146.7804,0.8824,0.0005,715748.8335,0.0007,12375710.9719
2026-08-04T01:36:00+05:30,1396.37,42.1665,1354.2083,1.0333,0.0005,689627.0825,0.0008,13703898.7072
2026-08-04T01:37:00+05:30,1320.07,61.3933,1258.6788,0.9773,0.0005,2550959.4331,0.0008,13190861.5256
2026-08-04T01:38:00+05:30,1202.33,38.6552,1163.6718,0.8866,0.0005,657017.7357,0.0008,11489446.5929
2026-08-04T01:39:00+05:30,1164.39,37.7098,1126.6768,0.8633,0.0004,657628.7681,0.0008,12105829.6646
2026-08-04T01:40:00+05:30,1211.79,36.0679,1175.7225,0.9004,0.0004,619267.5756,0.0007,12614735.1578
2026-08-04T01:41:00+05:30,1617.41,391.4565,1225.9538,1.4665,0.0011,3609856.8619,0.0009,12673856.0619
2026-08-04T01:42:00+05:30,1424.89,130.6232,1294.2647,1.0335,0.0004,5079687.1896,0.0008,13553433.1144
2026-08-04T01:43:00+05:30,1235.29,39.6480,1195.6402,0.9083,0.0003,670561.1146,0.0008,11740109.9963
2026-08-04T01:44:00+05:30,1256.93,40.2513,1216.6739,0.9301,0.0004,671345.5891,0.0008,12822468.6411
2026-08-04T01:45:00+05:30,1110.10,39.5721,1070.5300,0.8225,0.0005,645766.9955,0.0008,11723243.9350
2026-08-04T01:46:00+05:30,1247.41,35.8417,1211.5660,0.9235,0.0005,617069.8496,0.0008,12465603.0407
2026-08-04T01:47:00+05:30,1469.18,204.3507,1264.8275,1.0546,0.0005,7149684.7194,0.0008,13080831.4581
2026-08-04T01:48:00+05:30,1338.26,39.1657,1299.0987,0.9879,0.0004,654792.2768,0.0008,12818125.1770
2026-08-04T01:49:00+05:30,1297.48,39.1611,1258.3232,0.9629,0.0005,645245.3069,0.0008,13166514.2209
2026-08-04T01:50:00+05:30,1046.22,38.7013,1007.5169,0.7750,0.0004,633730.0288,0.0008,11196261.2710
2026-08-04T01:51:00+05:30,1225.97,39.8667,1186.1000,0.9057,0.0005,650717.8667,0.0007,12260352.0000
2026-08-04T01:52:00+05:30,1696.22,416.5292,1279.6908,1.4037,0.0010,3817597.2812,0.0008,13186667.5996
2026-08-04T01:53:00+05:30,1509.27,46.2762,1462.9957,1.1131,0.0004,715908.6149,0.0007,14274798.3858
2026-08-04T01:54:00+05:30,1133.10,47.9992,1085.0986,0.8331,0.0004,735083.2153,0.0007,11754231.8295
2026-08-04T01:55:00+05:30,1076.39,47.9683,1028.4176,0.7933,0.0004,723104.6368,0.0008,11362000.0667
2026-08-04T01:56:00+05:30,1213.57,40.1333,1173.4333,0.8967,0.0004,656657.0667,0.0007,12142933.3333
2026-08-04T01:57:00+05:30,1225.67,42.5138,1183.1545,0.9047,0.0005,686239.0507,0.0007,12200419.7054
2026-08-04T01:58:00+05:30,1507.18,44.1230,1463.0586,1.1179,0.0005,728849.6684,0.0008,14445951.9445
2026-08-04T01:59:00+05:30,1223.15,44.6467,1178.5036,0.9059,0.0005,701650.4951,0.0008,12557870.8279
2026-08-04T02:00:00+05:30,1040.92,43.0355,997.8832,0.7692,0.0005,670070.8369,0.0007,11097642.8821
2026-08-04T02:01:00+05:30,1224.94,45.8719,1179.0719,0.9035,0.0004,694166.7250,0.0007,12207738.4654
2026-08-04T02:02:00+05:30,1217.86,42.2056,1175.6568,0.8991,0.0004,676681.1575,0.0007,12211872.5163
2026-08-04T02:03:00+05:30,1553.82,52.4755,1501.3415,1.1506,0.0005,1196896.4138,0.0008,14643295.5606
2026-08-04T02:04:00+05:30,1550.03,399.7500,1150.2792,1.3010,0.0010,3672718.4479,0.0008,12356953.9303
2026-08-04T02:05:00+05:30,1065.39,47.7016,1017.6839,0.7821,0.0004,717370.0457,0.0007,11270110.0703
2026-08-04T02:06:00+05:30,1231.33,45.4470,1185.8876,0.9045,0.0004,708640.8346,0.0007,12250318.6841
2026-08-04T02:07:00+05:30,1225.58,46.8357,1178.7423,0.9025,0.0004,706924.8975,0.0007,12205872.4624
2026-08-04T02:08:00+05:30,1595.38,90.3819,1504.9990,1.1750,0.0005,1800885.8376,0.0008,14721670.0938
2026-08-04T02:09:00+05:30,1181.05,43.9044,1137.1470,0.8743,0.0005,699598.4932,0.0007,12189139.9807
2026-08-04T02:10:00+05:30,1059.27,43.0384,1016.2352,0.7834,0.0005,673802.3436,0.0008,11254390.3455
2026-08-04T02:11:00+05:30,1235.85,40.7827,1195.0634,0.9129,0.0005,662232.8589,0.0007,12334283.2572
2026-08-04T02:12:00+05:30,2017.10,917.2847,1099.8150,2.2150,0.0013,8030481.0667,0.0009,11522116.2667
2026-08-04T02:13:00+05:30,3937.43,2860.7551,1076.6731,5.9295,0.0017,239633750.5167,0.0011,11278814.8543
2026-08-04T02:14:00+05:30,1205.99,134.8734,1071.1202,0.8527,0.0004,1616730.7154,0.0007,11672808.0539
2026-08-04T02:15:00+05:30,1518.64,526.5701,992.0681,1.4745,0.0011,4935116.5620,0.0009,11168154.1051
2026-08-04T02:16:00+05:30,1362.67,130.7754,1231.8988,0.9702,0.0004,1567412.7706,0.0007,12821667.2167
2026-08-04T02:17:00+05:30,1458.94,132.0535,1326.8840,1.0511,0.0004,1617143.8856,0.0008,13717770.6229
2026-08-04T02:18:00+05:30,3336.71,2093.1271,1243.5838,3.7894,0.0013,134248304.5130,0.0009,12371279.7813
2026-08-04T02:19:00+05:30,2794.75,1768.3960,1026.3561,6.9464,0.0032,94342382.3956,0.0011,11320624.2894
2026-08-04T02:20:00+05:30,1349.38,155.6344,1193.7473,0.9600,0.0004,1671587.3815,0.0007,12770520.7726
2026-08-04T02:21:00+05:30,1501.79,156.1183,1345.6726,1.0777,0.0005,1699092.0965,0.0008,13653674.5302
2026-08-04T02:22:00+05:30,1453.94,154.3413,1299.5948,1.0447,0.0005,1717639.9653,0.0007,13540390.3155
2026-08-04T02:23:00+05:30,1266.64,157.2886,1109.3536,0.8987,0.0004,1776592.2963,0.0007,11074567.5950
2026-08-04T02:24:00+05:30,4612.65,3746.7000,865.9500,9.2275,0.0022,226517585.7736,0.0012,9995711.8048
2026-08-04T02:25:00+05:30,1335.45,148.0519,1187.3979,0.9443,0.0004,1593389.4611,0.0008,12708753.6580
2026-08-04T02:26:00+05:30,1493.41,148.9858,1344.4224,1.0744,0.0005,1625115.0853,0.0007,13696296.5383
2026-08-04T02:27:00+05:30,1970.52,599.0635,1371.4590,1.3937,0.0006,33933147.2372,0.0007,17189317.3365
2026-08-04T02:28:00+05:30,2033.51,761.6277,1271.8801,1.3347,0.0005,15796633.0811,0.0007,14644910.4791
2026-08-04T02:29:00+05:30,2090.45,962.0217,1128.4329,1.6711,0.0008,55349958.5048,0.0008,13345668.6053
2026-08-04T02:30:00+05:30,4157.92,2906.7527,1251.1710,10.2206,0.0028,173640781.9709,0.0017,13889886.1181
2026-08-04T02:31:00+05:30,1446.24,147.6686,1298.5701,1.0611,0.0004,1523013.5653,0.0008,18988522.4811
2026-08-04T02:32:00+05:30,1391.97,148.6784,1243.2919,1.0262,0.0005,1556086.7971,0.0008,18181401.4200
2026-08-04T02:33:00+05:30,1727.88,163.9303,1563.9470,1.2573,0.0004,1772516.4516,0.0007,18025636.1636
2026-08-04T02:34:00+05:30,1701.37,547.5714,1153.7987,1.5450,0.0011,5001564.5304,0.0008,15721894.6912
2026-08-04T02:35:00+05:30,4344.47,3260.0820,1084.3887,5.5303,0.0013,219426026.3965,0.0013,12748806.8258
2026-08-04T02:36:00+05:30,1857.56,831.0310,1026.5285,6.2741,0.0059,14958488.2520,0.0013,14949819.8300
2026-08-04T02:37:00+05:30,1429.70,148.1630,1281.5396,1.0371,0.0004,1602948.8564,0.0008,16173082.0831
2026-08-04T02:38:00+05:30,1715.27,149.3149,1565.9566,1.2410,0.0005,1646551.8552,0.0007,15700309.2309
2026-08-04T02:39:00+05:30,1222.92,147.8735,1075.0450,0.8735,0.0004,1682633.1139,0.0007,11649282.0265
2026-08-04T02:40:00+05:30,1218.05,148.9234,1069.1287,0.8697,0.0004,1695699.2201,0.0008,11664971.6686
2026-08-04T02:41:00+05:30,5060.42,3947.7597,1112.6650,10.8134,0.0022,230960202.6937,0.0018,11826797.1730
2026-08-04T02:42:00+05:30,1442.48,144.3713,1298.1085,1.0250,0.0003,1639997.3335,0.0007,13409136.9909
2026-08-04T02:43:00+05:30,1311.06,144.6640,1166.3945,0.9352,0.0004,1599684.3088,0.0007,11640713.5049
2026-08-04T02:44:00+05:30,1252.46,145.1188,1107.3393,0.8966,0.0005,1623396.7370,0.0007,12054896.5287
2026-08-04T02:45:00+05:30,1240.94,147.0436,1093.9005,0.8899,0.0004,1679121.7056,0.0007,12260142.0927
2026-08-04T02:46:00+05:30,2868.24,1722.9649,1145.2764,4.7698,0.0021,84037158.7439,0.0011,12152754.7170
2026-08-04T02:47:00+05:30,3828.37,2778.5057,1049.8600,9.2668,0.0027,153160820.9642,0.0018,11607040.3414
2026-08-04T02:48:00+05:30,1389.99,137.3771,1252.6079,0.9870,0.0004,1490037.8277,0.0008,12382262.1273
2026-08-04T02:49:00+05:30,1264.13,135.4135,1128.7129,0.9079,0.0004,1497212.7677,0.0008,12207165.5305
2026-08-04T02:50:00+05:30,1136.48,135.7130,1000.7666,0.8149,0.0005,1498569.8812,0.0008,11543868.4197
2026-08-04T02:51:00+05:30,1407.01,133.2411,1273.7651,1.0133,0.0005,1506843.0578,0.0008,13147570.8881
2026-08-04T02:52:00+05:30,4688.41,3623.2314,1065.1779,9.0558,0.0021,215967291.2591,0.0014,11709761.2532
2026-08-04T02:53:00+05:30,1783.36,390.3455,1393.0125,2.0887,0.0022,10749251.9919,0.0008,13600284.8285
2026-08-04T02:54:00+05:30,1219.77,132.2189,1087.5515,0.8703,0.0004,1455469.5912,0.0007,11833199.8867
2026-08-04T02:55:00+05:30,1320.04,133.7812,1186.2601,0.9526,0.0005,1489926.3161,0.0007,12811932.3842
2026-08-04T02:56:00+05:30,1481.49,138.8158,1342.6744,1.0683,0.0005,1547242.8110,0.0007,13709132.2515
2026-08-04T02:57:00+05:30,1342.22,134.0634,1208.1541,0.9664,0.0005,1543800.2467,0.0007,12756629.2629
2026-08-04T02:58:00+05:30,5196.15,4238.0976,958.0563,10.4118,0.0021,226969551.3673,0.0016,9909195.2207
2026-08-04T02:59:00+05:30,1959.36,942.0374,1017.3204,1.9142,0.0011,8238841.0822,0.0009,11334107.9901
2026-08-04T03:00:00+05:30,1195.37,139.1306,1056.2390,0.8553,0.0004,1479213.5214,0.0007,11756012.9346
2026-08-04T03:01:00+05:30,1473.73,137.4500,1336.2833,1.0627,0.0004,1497429.3333,0.0007,13657565.8667
2026-08-04T03:02:00+05:30,1535.30,140.9455,1394.3575,1.1094,0.0005,1536204.7727,0.0007,14244330.0893
2026-08-04T03:03:00+05:30,3796.19,2732.2768,1063.9103,4.6114,0.0013,156073600.1067,0.0010,10785737.4263
2026-08-04T03:04:00+05:30,2651.45,1699.8850,951.5642,6.7258,0.0033,66843623.3208,0.0013,10679583.7195
2026-08-04T03:05:00+05:30,1251.38,138.9093,1112.4742,0.8913,0.0004,1442229.4820,0.0007,12094382.8255
2026-08-04T03:06:00+05:30,1510.91,140.4909,1370.4154,1.0894,0.0005,1494859.1235,0.0007,13926946.0423
2026-08-04T03:07:00+05:30,1459.39,142.1998,1317.1944,1.0521,0.0005,1544869.2376,0.0007,13636533.8535
2026-08-04T03:08:00+05:30,1260.11,142.1814,1117.9292,0.8979,0.0005,1572713.3601,0.0007,11189788.6970
2026-08-04T03:09:00+05:30,5107.10,4249.6541,857.4429,9.9079,0.0021,221685773.9989,0.0012,9958930.0790
2026-08-04T03:10:00+05:30,1199.90,139.4473,1060.4560,0.8470,0.0004,1459823.8491,0.0007,11682550.6551
2026-08-04T03:11:00+05:30,1472.91,139.5640,1333.3500,1.0585,0.0004,1391049.2541,0.0007,13631736.5114
2026-08-04T03:12:00+05:30,1606.41,268.1931,1338.2159,1.1232,0.0005,2551152.2605,0.0007,13819947.2746
2026-08-04T03:13:00+05:30,1631.23,430.1979,1201.0302,1.6820,0.0015,3947634.2785,0.0009,11975974.5295
2026-08-04T03:14:00+05:30,2284.93,1268.4715,1016.4598,1.7743,0.0008,62262611.9117,0.0007,11320518.3174
2026-08-04T03:15:00+05:30,3903.78,2997.1151,906.6669,8.2781,0.0025,151967897.5454,0.0010,10425374.5998
2026-08-04T03:16:00+05:30,1540.03,138.4103,1401.6164,1.1026,0.0004,1380008.4654,0.0008,14185596.9605
2026-08-04T03:17:00+05:30,1408.20,143.1667,1265.0309,1.0124,0.0004,1435747.2372,0.0007,13210526.8281
2026-08-04T03:18:00+05:30,1327.47,139.6077,1187.8656,0.9493,0.0004,1479681.7917,0.0007,11793225.6420
2026-08-04T03:19:00+05:30,1211.40,141.5594,1069.8380,0.8677,0.0004,1551778.9223,0.0007,11835983.7992
2026-08-04T03:20:00+05:30,4749.26,3838.0437,911.2148,9.5858,0.0020,204001071.8214,0.0019,10412617.6304
2026-08-04T03:21:00+05:30,1694.23,350.7058,1343.5224,1.3366,0.0008,10849709.9237,0.0008,13730727.5576
2026-08-04T03:22:00+05:30,1458.41,141.9355,1316.4791,1.0477,0.0004,1455467.8670,0.0008,13598979.4782
2026-08-04T03:23:00+05:30,1378.90,143.8239,1235.0784,1.0155,0.0004,1482187.0062,0.0008,16795661.7221
2026-08-04T03:24:00+05:30,1233.90,143.2094,1090.6910,0.8887,0.0005,1493549.4535,0.0008,12925781.9248
2026-08-04T03:25:00+05:30,1203.81,140.6161,1063.1981,0.8614,0.0004,1476269.7963,0.0007,11609817.2240
2026-08-04T03:26:00+05:30,5884.77,4790.9139,1093.8604,15.4828,0.0025,215773361.8198,0.0031,12024307.8410
2026-08-04T03:27:00+05:30,1437.85,143.9096,1293.9363,1.0206,0.0003,1408776.5851,0.0007,13535246.8831
2026-08-04T03:28:00+05:30,1341.04,145.9431,1195.0963,0.9577,0.0004,1481007.5338,0.0007,11926776.9851
2026-08-04T03:29:00+05:30,1181.33,147.2397,1034.0937,0.8438,0.0005,1514354.9016,0.0007,11693301.5614
2026-08-04T03:30:00+05:30,1268.12,149.6633,1118.4570,0.9086,0.0004,1514730.6795,0.0008,12387962.3925
2026-08-04T03:31:00+05:30,2594.55,1329.2626,1265.2861,2.3053,0.0009,64166299.1286,0.0009,13136598.9904
2026-08-04T03:32:00+05:30,4100.26,3010.6512,1089.6105,11.4921,0.0030,147533968.3302,0.0022,11800663.7997
2026-08-04T03:33:00+05:30,1382.69,145.6736,1237.0175,0.9784,0.0004,1470936.5865,0.0007,12183352.4324
2026-08-04T03:34:00+05:30,1208.40,150.1492,1058.2460,0.8617,0.0004,1556817.3104,0.0007,11598562.0885
2026-08-04T03:35:00+05:30,1315.21,150.4375,1164.7696,0.9435,0.0005,1586222.1778,0.0007,12698582.9417
2026-08-04T03:36:00+05:30,1456.89,149.5634,1307.3257,1.0461,0.0004,1618823.4039,0.0008,13395497.4586
2026-08-04T03:37:00+05:30,4721.40,3624.4166,1096.9796,7.2831,0.0016,194818453.6196,0.0013,11926212.7248
2026-08-04T03:38:00+05:30,1979.62,853.9264,1125.6916,4.8466,0.0043,13840621.8252,0.0010,11292670.0887
2026-08-04T03:39:00+05:30,1220.84,149.8125,1071.0226,0.8667,0.0004,1529573.8645,0.0007,11701608.7341
2026-08-04T03:40:00+05:30,1637.47,557.2929,1080.1800,1.5781,0.0012,5009833.3722,0.0008,12034005.6676
2026-08-04T03:41:00+05:30,1605.51,156.2313,1449.2836,1.1507,0.0004,1654505.5648,0.0007,14627947.4842
2026-08-04T03:42:00+05:30,1372.55,151.4646,1221.0867,0.9838,0.0005,1640243.8146,0.0007,12881708.3028
2026-08-04T03:43:00+05:30,5254.98,4310.3667,944.6167,10.9919,0.0022,206689999.4333,0.0017,9795147.6809
2026-08-04T03:44:00+05:30,1229.48,151.9000,1077.5833,0.8642,0.0004,1566173.8667,0.0008,11752584.5333
2026-08-04T03:45:00+05:30,1249.46,155.7433,1093.7193,0.8938,0.0005,1574948.8243,0.0008,12337963.7054
2026-08-04T03:46:00+05:30,1565.05,155.4870,1409.5659,1.1467,0.0005,1568637.2802,0.0008,18073390.9508
2026-08-04T03:47:00+05:30,1389.82,152.7461,1237.0698,0.9966,0.0004,1625223.4353,0.0008,13040224.8187
2026-08-04T03:48:00+05:30,2783.98,1640.7586,1143.2166,2.5797,0.0010,70317874.8792,0.0008,11459393.7940
2026-08-04T03:49:00+05:30,4041.47,3157.8553,883.6128,9.0430,0.0025,142030257.5419,0.0015,12228469.4823
2026-08-04T03:50:00+05:30,1541.83,265.1809,1276.6489,1.0787,0.0004,2454773.4773,0.0008,13754787.7454
2026-08-04T03:51:00+05:30,1612.29,156.7255,1455.5606,1.1706,0.0004,1515853.8073,0.0007,16484961.3519
2026-08-04T03:52:00+05:30,1321.59,159.3193,1162.2694,0.9659,0.0004,1612102.8034,0.0008,16390622.0874
2026-08-04T03:53:00+05:30,1657.80,589.9423,1067.8568,1.5949,0.0012,5337942.4285,0.0008,14764989.3491
2026-08-04T03:54:00+05:30,4977.09,4039.1121,937.9739,7.6779,0.0016,193331787.0248,0.0015,10673476.8944
2026-08-04T03:55:00+05:30,2124.60,1096.6796,1027.9204,6.4068,0.0049,18362973.1964,0.0010,11434621.1495
2026-08-04T03:56:00+05:30,1499.59,159.1542,1340.4376,1.0723,0.0004,1537629.5679,0.0008,13703522.8875
2026-08-04T03:57:00+05:30,1505.95,163.2888,1342.6614,1.0822,0.0004,2195597.4532,0.0007,14001891.7964
2026-08-04T03:58:00+05:30,1624.80,339.3836,1285.4143,1.7345,0.0006,15006013.7342,0.0012,32390391.8928
2026-08-04T03:59:00+05:30,1344.50,157.1176,1187.3813,1.0282,0.0005,1674112.9535,0.0008,18139682.1038
2026-08-04T04:00:00+05:30,1688.71,309.4385,1379.2730,1.2192,0.0006,16545524.3175,0.0006,15413556.9852
2026-08-04T04:01:00+05:30,1595.59,165.7889,1429.8047,1.1466,0.0004,1778910.7393,0.0007,14682908.0728
2026-08-04T04:02:00+05:30,1295.08,162.4581,1132.6233,0.9227,0.0004,1805576.9859,0.0008,12191262.9088
2026-08-04T04:03:00+05:30,1178.05,156.3313,1021.7210,0.8328,0.0005,1791265.9865,0.0007,10427224.6449
2026-08-04T04:04:00+05:30,1136.51,151.9580,984.5526,0.8107,0.0005,1754736.2562,0.0007,11491925.2779
2026-08-04T04:05:00+05:30,1396.85,368.1860,1028.6643,0.9395,0.0005,4376211.3157,0.0008,11367432.4473
2026-08-04T04:06:00+05:30,1575.00,150.2400,1424.7550,1.1352,0.0005,1763112.8073,0.0007,14428527.7560
2026-08-04T04:07:00+05:30,1707.73,148.5457,1559.1799,1.2374,0.0005,1775695.7080,0.0008,15586920.2434
2026-08-04T04:08:00+05:30,1682.87,534.2534,1148.6149,1.5300,0.0012,5044318.8319,0.0008,11500874.8875
2026-08-04T04:09:00+05:30,1155.47,139.1352,1016.3355,0.8126,0.0004,1670912.9217,0.0007,11306877.1836
2026-08-04T04:10:00+05:30,1546.50,451.4850,1095.0135,1.1813,0.0005,3025528.2412,0.0009,11963533.9411
2026-08-04T04:11:00+05:30,1407.53,134.5811,1272.9455,1.0144,0.0005,1560523.9825,0.0008,13141714.4762
2026-08-04T04:12:00+05:30,1529.50,132.3167,1397.1833,1.1084,0.0005,1536955.7333,0.0008,14412663.4667
2026-08-04T04:13:00+05:30,1268.90,132.1667,1136.7333,0.9091,0.0005,1562419.2000,0.0007,11371997.8667
2026-08-04T04:14:00+05:30,1224.30,131.5689,1092.7349,0.8800,0.0005,1611624.9208,0.0007,11929997.6666
2026-08-04T04:15:00+05:30,1355.24,154.2922,1200.9464,0.9729,0.0004,2057691.2823,0.0008,12753249.8001
2026-08-04T04:16:00+05:30,1502.58,137.9236,1364.6516,1.0850,0.0005,1724024.3346,0.0007,13845786.6893
2026-08-04T04:17:00+05:30,1477.25,133.0177,1344.2292,1.0690,0.0004,1662037.0716,0.0008,13878210.9615
2026-08-04T04:18:00+05:30,1136.12,132.6076,1003.5173,0.8090,0.0004,1688885.6290,0.0008,10240990.0482
2026-08-04T04:19:00+05:30,1261.57,127.5185,1134.0510,0.9098,0.0004,1620093.3209,0.0007,12222404.4794
2026-08-04T04:20:00+05:30,1409.59,189.4802,1220.1130,1.0042,0.0005,2793698.5050,0.0008,13004173.6638
2026-08-04T04:21:00+05:30,1627.74,127.8308,1499.9083,1.1831,0.0004,1653648.4861,0.0008,14984606.7090
2026-08-04T04:22:00+05:30,1347.75,128.8553,1218.8990,0.9731,0.0004,1663133.6067,0.0008,12886332.0329
2026-08-04T04:23:00+05:30,1466.03,499.6751,966.3595,1.2804,0.0011,4773570.7811,0.0008,9987412.4234
2026-08-04T04:24:00+05:30,1100.66,128.6645,972.0005,0.7784,0.0004,1648339.4610,0.0007,10929174.6471
2026-08-04T04:25:00+05:30,1689.73,505.5418,1184.1864,1.6626,0.0011,3895087.8515,0.0009,12857763.0961
2026-08-04T04:26:00+05:30,1849.82,135.1779,1714.6429,1.3471,0.0005,1728246.4205,0.0008,16791381.1484
2026-08-04T04:27:00+05:30,1290.04,139.8590,1150.1775,0.9265,0.0005,1779287.2693,0.0007,12294896.1976
2026-08-04T04:28:00+05:30,1467.71,493.0519,974.6568,0.9999,0.0005,21241571.9546,0.0008,11279236.2164
2026-08-04T04:29:00+05:30,1988.88,831.4942,1157.3877,1.5850,0.0005,35198890.5187,0.0010,17816016.0021
2026-08-04T04:30:00+05:30,1703.88,162.0545,1541.8256,1.2584,0.0005,2026947.8033,0.0007,18135802.0759
2026-08-04T04:31:00+05:30,1755.31,122.7123,1632.5966,1.3191,0.0004,1371091.1606,0.0008,23137043.8551
2026-08-04T04:32:00+05:30,1570.81,123.0790,1447.7281,1.1745,0.0004,1384085.4738,0.0008,20851401.6168
2026-08-04T04:33:00+05:30,1595.09,131.3763,1463.7094,1.1708,0.0005,1446791.7584,0.0008,17884596.6527
2026-08-04T04:34:00+05:30,1229.27,136.8044,1092.4692,0.8936,0.0004,1493245.1849,0.0008,13925103.3655
2026-08-04T04:35:00+05:30,1426.20,164.1550,1262.0445,1.0312,0.0004,1973503.6842,0.0007,15017870.0363
2026-08-04T04:36:00+05:30,1850.86,140.0027,1710.8622,1.3610,0.0005,1657144.1523,0.0008,19438286.5713
2026-08-04T04:37:00+05:30,1341.04,123.7875,1217.2572,0.9882,0.0004,1468967.3150,0.0008,16291835.3918
2026-08-04T04:38:00+05:30,1397.08,118.5568,1278.5268,1.0129,0.0005,1508021.5315,0.0008,13504342.3715
2026-08-04T04:39:00+05:30,1112.82,115.4750,997.3494,0.8010,0.0004,1473352.8039,0.0007,11047892.7786
2026-08-04T04:40:00+05:30,1224.64,122.2061,1102.4385,0.8877,0.0005,1520033.3350,0.0007,12769235.7951
2026-08-04T04:41:00+05:30,1114.99,112.3202,1002.6664,0.8209,0.0005,1455982.4018,0.0008,14230470.2863
2026-08-04T04:42:00+05:30,1722.46,108.0883,1614.3729,1.2623,0.0005,1438301.0219,0.0007,16669065.5954
2026-08-04T04:43:00+05:30,1705.07,105.1746,1599.9000,1.2483,0.0005,1414777.0352,0.0008,15857639.5967
2026-08-04T04:44:00+05:30,1582.60,566.5383,1016.0659,1.5419,0.0013,5318137.3954,0.0008,11266559.9147
2026-08-04T04:45:00+05:30,1517.06,505.1995,1011.8655,1.4280,0.0011,4904592.5975,0.0008,11392241.0385
2026-08-04T04:46:00+05:30,1817.64,503.6919,1313.9490,1.6915,0.0012,4703955.1970,0.0008,13407033.5356
2026-08-04T04:47:00+05:30,1550.74,99.0483,1451.6925,1.1263,0.0004,1333544.8818,0.0008,14823680.8106
2026-08-04T04:48:00+05:30,1128.95,97.2850,1031.6672,0.8104,0.0004,1317931.9311,0.0008,10548916.9639
2026-08-04T04:49:00+05:30,1121.53,94.8953,1026.6320,0.8146,0.0005,1306536.8975,0.0007,11384414.3724
2026-08-04T04:50:00+05:30,1156.22,94.4962,1061.7200,0.8426,0.0005,1287981.2041,0.0007,11990421.8086
2026-08-04T04:51:00+05:30,1671.84,93.0236,1578.8175,1.2268,0.0005,1402327.1418,0.0008,15709096.3417
2026-08-04T04:52:00+05:30,1460.97,89.3515,1371.6229,1.0702,0.0005,1198782.6464,0.0008,14190828.5138
2026-08-04T04:53:00+05:30,1071.85,86.3776,985.4676,0.7746,0.0004,1157793.7471,0.0007,10109551.0966
2026-08-04T04:54:00+05:30,1047.59,84.6955,962.8926,0.7625,0.0005,1179168.0608,0.0007,10857532.7090
2026-08-04T04:55:00+05:30,1096.40,86.6457,1009.7495,0.7995,0.0005,1162708.6194,0.0007,11525716.9522
2026-08-04T04:56:00+05:30,1816.63,92.3697,1724.2575,1.3389,0.0005,1421291.1097,0.0008,16999717.5906
2026-08-04T04:57:00+05:30,1455.63,82.9263,1372.7014,1.0688,0.0004,1176538.9707,0.0008,14167157.1998
2026-08-04T04:58:00+05:30,1071.01,81.1419,989.8677,0.7763,0.0005,1160417.2916,0.0007,10143753.6246
2026-08-04T04:59:00+05:30,1057.85,79.7134,978.1388,0.7714,0.0005,1135195.6677,0.0007,10955972.4735
2026-08-04T05:00:00+05:30,1080.43,76.4808,1003.9499,0.7908,0.0004,1091547.6151,0.0007,11476472.9176
2026-08-04T05:01:00+05:30,2171.88,474.2290,1697.6496,2.3854,0.0014,4633015.7862,0.0010,16845157.6122
2026-08-04T05:02:00+05:30,1429.74,83.7140,1346.0243,1.0411,0.0004,1159907.4512,0.0008,13941284.6141
2026-08-04T05:03:00+05:30,1065.06,81.7673,983.2900,0.7689,0.0004,1108753.2987,0.0007,10096287.8848
2026-08-04T05:04:00+05:30,1028.12,77.2514,950.8719,0.7503,0.0005,1080349.2757,0.0007,10734460.1997
2026-08-04T05:05:00+05:30,1078.74,76.9026,1001.8338,0.7895,0.0005,1048701.6421,0.0008,11449543.9860
2026-08-04T05:06:00+05:30,1822.45,82.3084,1740.1427,1.3543,0.0004,1319075.1437,0.0008,17173984.3013
2026-08-04T05:07:00+05:30,1437.56,71.7595,1365.7968,1.0575,0.0005,949630.9036,0.0007,14099752.6914
2026-08-04T05:08:00+05:30,1044.92,68.5069,976.4143,0.7601,0.0004,927358.8692,0.0007,10057778.0445
2026-08-04T05:09:00+05:30,1041.43,67.8421,973.5864,0.7625,0.0005,900112.5183,0.0007,10942438.6082
2026-08-04T05:10:00+05:30,1074.03,67.1279,1006.9012,0.7885,0.0004,960330.7218,0.0007,11500685.8476
2026-08-04T05:11:00+05:30,1871.69,79.6661,1792.0284,1.3985,0.0004,1160008.9314,0.0008,17569535.1341
2026-08-04T05:12:00+05:30,1383.56,62.7594,1320.7981,1.0199,0.0004,891423.3135,0.0007,13738201.5302
2026-08-04T05:13:00+05:30,1028.43,60.2793,968.1521,0.7504,0.0004,855187.7875,0.0007,9976781.2812
2026-08-04T05:14:00+05:30,998.30,55.4926,942.8071,0.7346,0.0004,822081.3816,0.0007,10671422.0274
2026-08-04T05:15:00+05:30,1060.68,54.1946,1006.4827,0.7826,0.0005,771609.2391,0.0007,11489905.9427
2026-08-04T05:16:00+05:30,1940.55,67.6774,1872.8757,2.1444,0.0006,1002008.7636,0.0012,18295002.6158
2026-08-04T05:17:00+05:30,1638.98,431.4647,1207.5145,1.6599,0.0013,3949955.6934,0.0010,12828206.8977
2026-08-04T05:18:00+05:30,1016.40,55.6398,960.7621,0.7379,0.0004,791644.3585,0.0007,9954441.3515
2026-08-04T05:19:00+05:30,1025.35,52.5579,972.7879,0.7507,0.0004,768213.2978,0.0007,10938729.4118
2026-08-04T05:20:00+05:30,1059.06,52.1280,1006.9348,0.7789,0.0004,785249.8916,0.0008,11515314.1066
2026-08-04T05:21:00+05:30,1925.47,56.2535,1869.2139,5.4098,0.0010,828564.0017,0.0029,18362657.2466
2026-08-04T05:22:00+05:30,1226.81,50.3334,1176.4755,0.9057,0.0005,738537.8703,0.0008,12556441.2731
2026-08-04T05:23:00+05:30,997.92,52.4193,945.4973,0.7303,0.0004,753018.9843,0.0007,9806246.0456
2026-08-04T05:24:00+05:30,1011.15,46.9081,964.2399,0.7459,0.0004,683701.8547,0.0008,10832753.1952
2026-08-04T05:25:00+05:30,1057.42,48.1681,1009.2471,0.7818,0.0005,693517.8113,0.0007,11546163.8842
2026-08-04T05:26:00+05:30,1905.97,48.2050,1857.7693,7.3249,0.0013,721686.5975,0.0040,18482744.1225
2026-08-04T05:27:00+05:30,1175.06,46.4264,1128.6307,0.8684,0.0005,675681.6424,0.0007,12132987.0684
2026-08-04T05:28:00+05:30,1009.92,44.2341,965.6828,0.7413,0.0004,666430.3072,0.0007,9972833.9472
2026-08-04T05:29:00+05:30,1008.55,39.5599,968.9922,0.7463,0.0004,620699.1748,0.0007,10869063.9326
2026-08-04T05:30:00+05:30,1046.37,38.5916,1007.7816,0.7763,0.0005,602176.2922,0.0008,11493493.1183
2026-08-04T05:31:00+05:30,1871.56,40.5354,1831.0249,8.2778,0.0017,615874.6583,0.0045,18397113.4076
2026-08-04T05:32:00+05:30,1150.25,36.4209,1113.8299,0.8527,0.0005,562641.8642,0.0008,12047267.6601
2026-08-04T05:33:00+05:30,1324.79,400.5931,924.1932,1.1446,0.0010,3648054.3810,0.0008,9620526.1492
2026-08-04T05:34:00+05:30,1018.92,41.7757,977.1450,0.7505,0.0004,628667.4113,0.0008,11007312.9178
2026-08-04T05:35:00+05:30,1046.48,40.7847,1005.7002,0.7723,0.0004,607252.2417,0.0008,11471298.6433
2026-08-04T05:36:00+05:30,2238.21,374.9625,1863.2454,7.4785,0.0006,5130137.9379,0.0040,18740507.3502
2026-08-04T05:37:00+05:30,1160.29,41.2564,1119.0369,0.8584,0.0005,589471.8320,0.0007,12017526.8183
2026-08-04T05:38:00+05:30,1003.02,40.2274,962.7901,0.7376,0.0004,598585.2227,0.0007,9979834.6226
2026-08-04T05:39:00+05:30,1432.03,493.8846,938.1457,1.3875,0.0013,4449209.3581,0.0008,10662690.9285
2026-08-04T05:40:00+05:30,1498.30,493.8833,1004.4167,1.4765,0.0013,4373303.8217,0.0008,11427689.1282
2026-08-04T05:41:00+05:30,3260.10,1935.7445,1324.3594,3.2658,0.0011,185285743.5487,0.0009,13599153.9807
2026-08-04T05:42:00+05:30,2858.84,1554.4163,1304.4247,9.9201,0.0043,42940327.4316,0.0025,13549400.2868
2026-08-04T05:43:00+05:30,1304.30,178.2749,1126.0294,0.9171,0.0004,1889684.1544,0.0007,11298158.9397
2026-08-04T05:44:00+05:30,1191.66,173.2276,1018.4327,0.8436,0.0004,1911848.9409,0.0008,11344192.2571
2026-08-04T05:45:00+05:30,1215.42,169.9557,1045.4682,0.8633,0.0005,1885483.0742,0.0008,11799322.7661
2026-08-04T05:46:00+05:30,1611.57,162.0482,1449.5193,1.1626,0.0005,1859423.2013,0.0007,14675410.9374
2026-08-04T05:47:00+05:30,4505.79,3234.5665,1271.2268,9.2565,0.0022,214159349.4157,0.0017,13451661.9709
2026-08-04T05:48:00+05:30,1320.06,178.3792,1141.6835,0.9173,0.0004,1862469.7530,0.0008,11424990.8342
2026-08-04T05:49:00+05:30,1258.84,174.6529,1084.1847,0.8925,0.0004,1842995.2000,0.0008,11853550.9333
2026-08-04T05:50:00+05:30,1562.37,557.8234,1004.5486,1.4965,0.0011,5137283.0604,0.0009,11407911.7613
2026-08-04T05:51:00+05:30,1396.69,168.9368,1227.7555,0.9801,0.0003,1775905.3033,0.0008,12895697.5042
2026-08-04T05:52:00+05:30,1743.73,519.8813,1223.8443,1.2070,0.0006,20626690.3976,0.0008,12920973.5026
2026-08-04T05:53:00+05:30,4325.84,3016.1836,1309.6552,9.7115,0.0024,199020214.8072,0.0020,12996085.4695
2026-08-04T05:54:00+05:30,1291.35,168.9697,1122.3809,0.9096,0.0004,1776915.5735,0.0007,12169953.1612
2026-08-04T05:55:00+05:30,1207.81,170.1968,1037.6123,0.8565,0.0005,1822886.5485,0.0008,11617232.9023
2026-08-04T05:56:00+05:30,1367.85,163.8945,1203.9599,0.9755,0.0004,1814399.2534,0.0007,12605565.9478
2026-08-04T05:57:00+05:30,1364.30,159.4746,1204.8269,0.9736,0.0005,1814004.3002,0.0008,12441334.6001
2026-08-04T05:58:00+05:30,3529.72,2441.2980,1088.4196,3.4686,0.0010,211261996.7332,0.0009,11614458.6153
2026-08-04T05:59:00+05:30,2039.04,938.1467,1100.8948,5.9631,0.0049,11186259.8147,0.0013,12053277.8778
2026-08-04T06:00:00+05:30,1508.40,162.4158,1345.9859,1.0808,0.0004,1780272.8546,0.0007,14086571.9811
2026-08-04T06:01:00+05:30,1340.40,157.0464,1183.3486,0.9574,0.0004,1787097.1914,0.0007,12428914.1428
2026-08-04T06:02:00+05:30,1352.39,151.1880,1201.2063,0.9666,0.0005,1748165.3476,0.0007,12376445.5922
2026-08-04T06:03:00+05:30,1228.86,148.3661,1080.4935,0.8770,0.0005,1741955.8179,0.0007,11483400.5235
2026-08-04T06:04:00+05:30,4258.22,3355.2945,902.9243,7.7839,0.0020,228070316.8208,0.0011,10404583.9207
2026-08-04T06:05:00+05:30,1198.10,145.1599,1052.9430,0.8438,0.0004,1591519.5119,0.0008,11764913.1674
2026-08-04T06:06:00+05:30,1423.99,144.3189,1279.6720,1.0229,0.0004,1625608.1059,0.0008,13299269.5397
2026-08-04T06:07:00+05:30,1684.30,147.3833,1536.9167,1.2200,0.0004,1671686.2719,0.0007,15532046.1992
2026-08-04T06:08:00+05:30,1629.64,522.2080,1107.4315,1.4681,0.0011,4891361.6773,0.0008,11230840.0193
2026-08-04T06:09:00+05:30,2314.57,1231.9821,1082.5888,2.0898,0.0010,99168054.9379,0.0008,11871606.9006
2026-08-04T06:10:00+05:30,3210.74,2184.6808,1026.0543,7.1991,0.0027,131014510.8433,0.0013,11521318.5978
2026-08-04T06:11:00+05:30,1381.03,140.3339,1240.6938,0.9846,0.0004,1563829.2398,0.0007,12955287.4996
2026-08-04T06:12:00+05:30,1535.31,141.2996,1394.0086,1.1099,0.0005,1625221.2386,0.0008,14430060.8485
2026-08-04T06:13:00+05:30,1253.97,143.6356,1110.3390,0.8942,0.0004,1655683.1036,0.0007,11197021.1475
2026-08-04T06:14:00+05:30,1178.25,142.9024,1035.3506,0.8431,0.0005,1664328.5443,0.0008,11618827.8276
2026-08-04T06:15:00+05:30,4374.08,3260.5370,1113.5443,7.9236,0.0020,227249599.6534,0.0013,12172976.4178
2026-08-04T06:16:00+05:30,1450.66,192.3859,1258.2758,1.0555,0.0005,1868614.3845,0.0008,13089517.4598
2026-08-04T06:17:00+05:30,1553.42,141.8336,1411.5873,1.1202,0.0004,1594610.3243,0.0007,14551535.8416
2026-08-04T06:18:00+05:30,1222.18,144.2288,1077.9489,0.8700,0.0005,1654596.3625,0.0007,10959242.7693
2026-08-04T06:19:00+05:30,1162.66,145.8715,1016.7839,0.8297,0.0004,1698872.6291,0.0007,11328138.6713
2026-08-04T06:20:00+05:30,1201.20,146.4923,1054.7075,0.8582,0.0004,1710545.8424,0.0008,11693564.6726
2026-08-04T06:21:00+05:30,4735.71,3417.7639,1317.9439,8.0802,0.0018,228399155.9859,0.0014,13664415.4736
2026-08-04T06:22:00+05:30,1622.50,146.1817,1476.3199,1.1620,0.0004,1634412.2962,0.0007,15018689.4275
2026-08-04T06:23:00+05:30,1210.24,148.1278,1062.1074,0.8603,0.0004,1680718.2803,0.0008,10769456.2906
2026-08-04T06:24:00+05:30,1245.05,146.9622,1098.0915,0.8917,0.0005,1697387.3156,0.0008,12042219.5183
2026-08-04T06:25:00+05:30,1205.98,146.0468,1059.9350,0.8642,0.0004,1685833.4750,0.0008,11997393.1850
2026-08-04T06:26:00+05:30,3533.78,2353.1442,1180.6315,3.7004,0.0011,175605484.1291,0.0009,12656465.1907
2026-08-04T06:27:00+05:30,2606.11,1327.0567,1279.0488,4.1447,0.0021,56468967.1721,0.0010,13509496.6839
2026-08-04T06:28:00+05:30,1368.28,146.1476,1222.1296,0.9741,0.0004,1623490.8085,0.0008,12199664.4056
2026-08-04T06:29:00+05:30,1370.64,151.6909,1218.9443,0.9846,0.0005,1726385.0128,0.0007,13020252.6751
2026-08-04T06:30:00+05:30,1165.94,149.0865,1016.8522,0.8326,0.0004,1685592.2123,0.0007,11601282.3043
2026-08-04T06:31:00+05:30,1357.14,146.5662,1210.5754,0.9733,0.0005,1720938.4239,0.0007,12750998.7835
2026-08-04T06:32:00+05:30,4545.95,3293.3589,1252.5956,6.4472,0.0015,228489494.6754,0.0012,13098121.2899
2026-08-04T06:33:00+05:30,1289.22,148.1796,1141.0449,0.9072,0.0004,1624347.6753,0.0008,11767968.3932
2026-08-04T06:34:00+05:30,1383.65,153.8051,1229.8412,0.9938,0.0005,1699255.4032,0.0007,13121178.4506
2026-08-04T06:35:00+05:30,1685.19,597.2532,1087.9363,1.9090,0.0013,5497606.2934,0.0010,12085517.6920
2026-08-04T06:36:00+05:30,1437.26,152.7359,1284.5214,1.0171,0.0003,1727243.7207,0.0008,13324237.0040
2026-08-04T06:37:00+05:30,2247.83,1010.9637,1236.8702,1.8771,0.0009,77935792.8518,0.0008,13034172.9234
2026-08-04T06:38:00+05:30,3646.21,2596.2417,1049.9717,5.7252,0.0016,153181343.9157,0.0013,10920367.3592
2026-08-04T06:39:00+05:30,1344.09,160.3733,1183.7194,0.9616,0.0004,1716552.3079,0.0007,12676713.8810
2026-08-04T06:40:00+05:30,1284.59,162.9864,1121.6065,0.9167,0.0005,1766321.0732,0.0007,12321516.1403
2026-08-04T06:41:00+05:30,1352.97,156.7578,1196.2098,0.9664,0.0005,1742837.8279,0.0007,12582307.4102
2026-08-04T06:42:00+05:30,1353.17,151.4914,1201.6831,0.9677,0.0005,1724839.9407,0.0008,12430928.9607
2026-08-04T06:43:00+05:30,4836.08,3677.4113,1158.6693,7.5852,0.0015,230568277.3333,0.0017,12227106.1333
2026-08-04T06:44:00+05:30,1924.03,583.8597,1340.1723,1.9705,0.0011,5905984.2997,0.0010,14116894.4816
2026-08-04T06:45:00+05:30,1185.83,168.4333,1017.4000,0.8282,0.0004,1781418.6667,0.0007,11466615.4667
2026-08-04T06:46:00+05:30,1418.23,165.5053,1252.7256,1.0130,0.0005,1798836.7953,0.0007,13050853.1991
2026-08-04T06:47:00+05:30,1403.17,161.9833,1241.1833,1.0017,0.0005,1805516.8000,0.0007,12747298.1333
2026-08-04T06:48:00+05:30,1276.25,155.2667,1120.9833,0.9097,0.0004,1762401.6400,0.0008,11828079.8013
2026-08-04T06:49:00+05:30,4817.75,3670.5437,1147.2063,6.5456,0.0015,231271454.5091,0.0010,12439248.6836
2026-08-04T06:50:00+05:30,1399.02,170.6691,1228.3476,0.9909,0.0004,1789423.1051,0.0007,13095677.3548
2026-08-04T06:51:00+05:30,1328.58,167.3224,1161.2538,0.9449,0.0004,1780344.0423,0.0007,12252285.2237
2026-08-04T06:52:00+05:30,1333.62,164.4338,1169.1828,0.9489,0.0004,1800135.0419,0.0007,12106375.6978
2026-08-04T06:53:00+05:30,1327.53,161.0081,1166.5250,0.9470,0.0004,1795025.2179,0.0008,12322271.5802
2026-08-04T06:54:00+05:30,3855.26,2670.2099,1185.0550,3.6695,0.0010,192496849.8500,0.0009,12787954.9484
2026-08-04T06:55:00+05:30,2527.89,1228.1413,1299.7532,4.7207,0.0025,40457569.5350,0.0013,13656725.2113
2026-08-04T06:56:00+05:30,1349.88,174.4209,1175.4541,0.9564,0.0004,1844599.2335,0.0007,12394409.9983
2026-08-04T06:57:00+05:30,1378.11,175.2459,1202.8671,0.9786,0.0004,1882798.5131,0.0007,12417115.9379
2026-08-04T06:58:00+05:30,1269.17,168.9303,1100.2383,0.9005,0.0004,1857015.3313,0.0008,11682145.8472
2026-08-04T06:59:00+05:30,1208.33,168.2611,1040.0653,0.8574,0.0005,1854948.3017,0.0007,11667681.4773
2026-08-04T07:00:00+05:30,5397.47,4145.5691,1251.9042,8.2007,0.0015,255042801.1600,0.0017,14510358.8786
2026-08-04T07:01:00+05:30,2210.08,696.9136,1513.1654,1.5409,0.0005,26383384.0616,0.0007,21479801.8865
2026-08-04T07:02:00+05:30,1778.78,341.5236,1437.2562,2.4719,0.0006,11652877.6129,0.0016,19766016.4694
2026-08-04T07:03:00+05:30,1305.80,129.6037,1176.1990,0.9486,0.0005,1385856.4501,0.0007,13805595.7472
2026-08-04T07:04:00+05:30,1470.32,126.4483,1343.8693,1.0779,0.0005,1371478.8697,0.0006,15946301.2420
2026-08-04T07:05:00+05:30,2677.97,1155.8158,1522.1571,2.9705,0.0009,77206590.7440,0.0012,17056408.3564
2026-08-04T07:06:00+05:30,3835.36,2600.5501,1234.8087,8.9816,0.0019,152753199.2531,0.0032,19438041.0776
2026-08-04T07:07:00+05:30,1410.60,209.6605,1200.9434,1.0409,0.0004,2043494.2498,0.0008,22126851.6951
2026-08-04T07:08:00+05:30,1757.92,213.9285,1543.9892,1.2923,0.0004,2148332.9166,0.0008,22872491.1403
2026-08-04T07:09:00+05:30,1664.41,225.7086,1438.7029,1.2005,0.0004,2417658.3350,0.0008,18381561.0211
2026-08-04T07:10:00+05:30,1971.75,579.4193,1392.3297,1.9024,0.0011,5428951.0984,0.0009,14551525.0508
2026-08-04T07:11:00+05:30,4628.48,3511.0715,1117.4128,6.2946,0.0015,221092072.3783,0.0011,16728711.5199
2026-08-04T07:12:00+05:30,1457.13,335.4120,1121.7194,1.0964,0.0007,9337514.0975,0.0007,13883510.6628
2026-08-04T07:13:00+05:30,1494.76,180.9062,1313.8529,1.0665,0.0005,1873775.4670,0.0007,13794009.8319
2026-08-04T07:14:00+05:30,1276.35,175.2117,1101.1401,0.9059,0.0004,1862538.1448,0.0007,12024127.3439
2026-08-04T07:15:00+05:30,1233.70,171.1414,1062.5635,0.8793,0.0005,1858944.9194,0.0008,12521665.1167
2026-08-04T07:16:00+05:30,1170.64,167.7583,1002.8832,0.8479,0.0004,1817615.3590,0.0008,14788782.6145
2026-08-04T07:17:00+05:30,4665.63,3640.3781,1025.2551,6.0480,0.0014,224303506.8265,0.0009,13952019.2042
2026-08-04T07:18:00+05:30,1746.07,157.0229,1589.0441,1.2536,0.0004,1678673.9772,0.0007,16253007.1827
2026-08-04T07:19:00+05:30,1476.43,155.2362,1321.1916,1.0619,0.0005,1713073.8506,0.0007,13825109.5922
2026-08-04T07:20:00+05:30,1490.41,158.3051,1332.1059,1.0724,0.0005,1752796.1744,0.0007,13894200.9097
2026-08-04T07:21:00+05:30,1371.09,154.1102,1216.9841,0.9809,0.0004,1733537.3950,0.0008,12667375.5499
2026-08-04T07:22:00+05:30,3925.54,2774.2274,1151.3151,3.6742,0.0010,205148462.1052,0.0009,12172278.3565
2026-08-04T07:23:00+05:30,2026.64,997.6663,1028.9715,3.4629,0.0025,20109517.1448,0.0010,10890393.3721
2026-08-04T07:24:00+05:30,1184.85,152.4692,1032.3839,0.8402,0.0005,1522551.4667,0.0008,11469482.6667
2026-08-04T07:25:00+05:30,1392.63,155.7641,1236.8627,1.0003,0.0004,1639055.3491,0.0007,13347207.9465
2026-08-04T07:26:00+05:30,1492.60,155.8178,1336.7830,1.0718,0.0005,1689663.9947,0.0008,13823667.2277
2026-08-04T07:27:00+05:30,1369.07,152.1061,1216.9659,0.9817,0.0005,1691355.5700,0.0008,12985038.9558
2026-08-04T07:28:00+05:30,4975.97,3830.5444,1145.4215,6.4497,0.0014,225570411.2402,0.0011,13688855.3476
2026-08-04T07:29:00+05:30,1349.78,153.3360,1196.4440,1.0317,0.0004,1515285.2096,0.0008,17624362.0609
2026-08-04T07:30:00+05:30,1678.28,547.1500,1131.1333,1.7245,0.0012,4948664.8777,0.0009,12471708.6618
2026-08-04T07:31:00+05:30,1413.51,161.6618,1251.8498,1.0063,0.0004,1726478.0950,0.0007,13236764.3520
2026-08-04T07:32:00+05:30,1489.88,159.7160,1330.1663,1.0686,0.0005,1745002.2336,0.0008,13702080.6081
2026-08-04T07:33:00+05:30,2800.44,1732.2770,1068.1595,2.4417,0.0009,121898600.5565,0.0008,11286127.7220
2026-08-04T07:34:00+05:30,3265.38,2241.7685,1023.6067,8.8591,0.0030,101738171.9487,0.0020,11504076.5550
2026-08-04T07:35:00+05:30,1706.39,590.2440,1116.1423,1.8061,0.0013,5263165.1084,0.0010,12342883.6558
2026-08-04T07:36:00+05:30,1508.96,167.0194,1341.9382,1.0665,0.0004,1768544.2122,0.0007,13902754.7912
2026-08-04T07:37:00+05:30,1358.70,162.5267,1196.1690,0.9697,0.0004,1788380.9016,0.0007,12737246.1990
2026-08-04T07:38:00+05:30,1540.27,443.4259,1096.8484,1.1367,0.0007,4112588.8000,0.0007,11287415.4667
2026-08-04T07:39:00+05:30,5086.63,4095.6833,990.9500,9.6209,0.0020,211475617.8064,0.0015,11119772.0038
2026-08-04T07:40:00+05:30,1833.22,477.9623,1355.2544,1.7144,0.0014,11328524.9050,0.0008,14245528.5724
2026-08-04T07:41:00+05:30,1407.93,170.6874,1237.2463,1.0034,0.0005,1789705.3747,0.0007,12976899.4036
2026-08-04T07:42:00+05:30,1455.80,170.1223,1285.6762,1.0433,0.0005,1824555.7519,0.0007,13473490.1830
2026-08-04T07:43:00+05:30,1205.30,170.0897,1035.2082,0.8504,0.0005,1848031.0744,0.0007,10743080.4368
2026-08-04T07:44:00+05:30,1199.55,163.4649,1036.0886,0.8525,0.0004,1797340.0866,0.0008,11550965.6781
2026-08-04T07:45:00+05:30,5317.56,4284.3569,1033.2066,10.6482,0.0020,219332783.8901,0.0019,11556376.3419
2026-08-04T07:46:00+05:30,1717.99,170.5996,1547.3953,1.2268,0.0004,1699698.3585,0.0007,15560499.5584
2026-08-04T07:47:00+05:30,1381.23,175.7333,1205.5000,0.9835,0.0004,1854091.7651,0.0008,12906622.2230
2026-08-04T07:48:00+05:30,1194.78,170.2067,1024.5749,0.8416,0.0005,1845726.7089,0.0007,10515342.9810
2026-08-04T07:49:00+05:30,1238.92,167.5414,1071.3750,0.8810,0.0004,1821225.4582,0.0008,11916548.3505
2026-08-04T07:50:00+05:30,3474.18,2337.8331,1136.3432,4.2769,0.0010,110679989.8673,0.0016,12539682.4212
2026-08-04T07:51:00+05:30,3948.98,2572.3596,1376.6169,11.8707,0.0031,113965835.1419,0.0029,14151345.1018
2026-08-04T07:52:00+05:30,1391.13,178.3041,1212.8248,0.9829,0.0004,1829183.4517,0.0007,12917891.2558
2026-08-04T07:53:00+05:30,1182.56,177.5478,1005.0157,0.8301,0.0004,1871907.2186,0.0007,10362582.4168
2026-08-04T07:54:00+05:30,1229.34,174.5857,1054.7498,0.8708,0.0004,1868746.2239,0.0007,11682566.1032
2026-08-04T07:55:00+05:30,1258.34,171.0767,1087.2630,0.8954,0.0004,1859150.1983,0.0008,12251144.5996
2026-08-04T07:56:00+05:30,4823.22,3437.1468,1386.0708,7.4225,0.0012,203791243.3279,0.0025,14399943.4563
2026-08-04T07:57:00+05:30,2469.74,1131.9991,1337.7383,8.5686,0.0051,18409133.7155,0.0021,19210136.2485
2026-08-04T07:58:00+05:30,1193.53,181.3698,1012.1646,0.8347,0.0004,1829992.6012,0.0007,10433435.4941
2026-08-04T07:59:00+05:30,1248.38,179.7923,1068.5868,0.8968,0.0004,1891012.9506,0.0008,13891868.9934
2026-08-04T08:00:00+05:30,1401.34,178.8214,1222.5185,1.0018,0.0005,1878983.0011,0.0007,13750993.6671
2026-08-04T08:01:00+05:30,1508.86,174.9146,1333.9445,1.0904,0.0004,1912172.1477,0.0008,15997578.4649
2026-08-04T08:02:00+05:30,5589.90,4432.2383,1157.6579,12.5748,0.0020,219845974.6987,0.0031,16992696.0348
2026-08-04T08:03:00+05:30,1424.74,185.0568,1239.6853,1.0227,0.0004,1835951.9229,0.0008,17609242.5359
2026-08-04T08:04:00+05:30,1205.70,186.1364,1019.5670,0.8523,0.0005,1907197.6533,0.0007,11922425.9071
2026-08-04T08:05:00+05:30,1289.00,183.1239,1105.8753,0.9148,0.0004,1890031.0266,0.0007,12355637.6119
2026-08-04T08:06:00+05:30,1439.75,178.9547,1260.7993,1.0254,0.0004,1883115.6070,0.0008,13241810.6491
2026-08-04T08:07:00+05:30,1669.87,399.4634,1270.4031,1.1333,0.0004,4812354.5823,0.0008,13266963.3185
2026-08-04T08:08:00+05:30,5528.14,4289.0337,1239.1112,13.0902,0.0021,217328740.3654,0.0032,12619137.4850
2026-08-04T08:09:00+05:30,1249.87,187.8239,1062.0469,0.8719,0.0004,1803242.1046,0.0008,11742235.2882
2026-08-04T08:10:00+05:30,1785.73,721.7768,1063.9553,2.1065,0.0009,17005824.6187,0.0014,28846845.5038
2026-08-04T08:11:00+05:30,1439.70,183.9109,1255.7884,1.2873,0.0004,1954904.4357,0.0009,25213501.4919
2026-08-04T08:12:00+05:30,1369.42,177.2186,1192.2006,0.9729,0.0005,1900658.6784,0.0007,12640363.1697
2026-08-04T08:13:00+05:30,1714.51,332.7444,1381.7627,1.2432,0.0006,20510994.0998,0.0007,14240150.4050
2026-08-04T08:14:00+05:30,1570.98,184.1237,1386.8597,1.1289,0.0004,2012373.1129,0.0007,15001035.2251
2026-08-04T08:15:00+05:30,1217.46,180.6377,1036.8210,0.8609,0.0004,1991229.6435,0.0008,11636591.7357
2026-08-04T08:16:00+05:30,1345.89,172.9926,1172.8926,0.9570,0.0004,1916705.6941,0.0007,12487911.4549
2026-08-04T08:17:00+05:30,1368.24,169.5192,1198.7168,0.9741,0.0005,1925710.4575,0.0007,12450324.6063
2026-08-04T08:18:00+05:30,1640.39,475.6183,1164.7723,1.0900,0.0005,5897642.0239,0.0007,12426640.3573
2026-08-04T08:19:00+05:30,1683.83,163.6021,1520.2294,1.4671,0.0005,1913792.7884,0.0009,15709447.4469
2026-08-04T08:20:00+05:30,1191.83,155.4367,1036.3891,0.8491,0.0004,1813399.8034,0.0007,11542602.6626
2026-08-04T08:21:00+05:30,1277.42,148.9699,1128.4505,0.9129,0.0005,1787429.8668,0.0007,12011829.1134
2026-08-04T08:22:00+05:30,1313.94,143.7619,1170.1777,0.9406,0.0004,1740332.3889,0.0007,12145395.6868
2026-08-04T08:23:00+05:30,1301.81,159.2590,1142.5501,0.9294,0.0005,2080002.1323,0.0007,12191174.7851
2026-08-04T08:24:00+05:30,1694.42,138.8477,1555.5741,2.2584,0.0006,1702129.9758,0.0014,15847520.6537
2026-08-04T08:25:00+05:30,1153.99,130.1957,1023.7992,0.8289,0.0005,1613865.3689,0.0007,11418092.3651
2026-08-04T08:26:00+05:30,1272.87,122.0963,1150.7749,0.9180,0.0005,1542202.5962,0.0007,12251961.8070
2026-08-04T08:27:00+05:30,1287.07,119.6746,1167.3945,0.9284,0.0005,1526706.4255,0.0007,12115885.3904
2026-08-04T08:28:00+05:30,1252.68,116.2578,1136.4258,0.9047,0.0005,1493066.6533,0.0007,12131798.0566
2026-08-04T08:29:00+05:30,1709.29,121.7935,1587.4990,1.5832,0.0005,1650552.4794,0.0010,16179387.7490
2026-08-04T08:30:00+05:30,1136.66,110.5408,1026.1145,0.8214,0.0004,1448044.2637,0.0007,11443802.4132
2026-08-04T08:31:00+05:30,1571.95,469.0870,1102.8654,1.3757,0.0011,4479641.5522,0.0008,11886743.2991
2026-08-04T08:32:00+05:30,1287.40,116.0915,1171.3129,0.9216,0.0004,1500108.0433,0.0007,12150677.2199
2026-08-04T08:33:00+05:30,1235.19,107.9279,1127.2603,0.8896,0.0004,1402741.5963,0.0007,12035835.5416
2026-08-04T08:34:00+05:30,1973.15,419.9603,1553.1848,4.8666,0.0007,2799514.8444,0.0030,16075036.6901
2026-08-04T08:35:00+05:30,1104.06,107.3589,996.6997,0.7984,0.0005,1426687.4240,0.0008,11230461.2051
2026-08-04T08:36:00+05:30,1252.91,105.3035,1147.6049,0.9080,0.0005,1416512.2837,0.0007,12200752.2917
2026-08-04T08:37:00+05:30,1265.38,101.6630,1163.7173,0.9172,0.0005,1363831.7670,0.0007,12120097.5805
2026-08-04T08:38:00+05:30,1214.68,95.1841,1119.4968,0.8832,0.0005,1306564.5487,0.0007,11993746.5380
2026-08-04T08:39:00+05:30,1657.34,106.5529,1550.7843,4.8052,0.0010,1438550.1584,0.0030,16185925.3876
2026-08-04T08:40:00+05:30,1098.48,104.1615,994.3170,0.7948,0.0005,1384470.1177,0.0007,11169010.0997
2026-08-04T08:41:00+05:30,1222.16,105.9106,1116.2450,0.8849,0.0005,1392414.7012,0.0007,11936192.5494
2026-08-04T08:42:00+05:30,1274.72,107.8018,1166.9194,0.9223,0.0005,1430483.5747,0.0007,12107772.9962
2026-08-04T08:43:00+05:30,1661.52,587.5227,1074.0006,1.5863,0.0013,5517140.6195,0.0008,11592035.5923
2026-08-04T08:44:00+05:30,1870.15,346.5276,1523.6246,7.2010,0.0007,4028690.1885,0.0046,15901908.8349
2026-08-04T08:45:00+05:30,1141.24,134.6369,1006.6010,0.8178,0.0004,1673603.5739,0.0007,11235511.4601
2026-08-04T08:46:00+05:30,1665.61,548.7016,1116.9039,1.5172,0.0011,5138211.0439,0.0008,11905209.6605
2026-08-04T08:47:00+05:30,1289.94,140.5117,1149.4291,0.9183,0.0004,1782493.2329,0.0007,11885814.2543
2026-08-04T08:48:00+05:30,1242.98,136.4500,1106.5333,0.8917,0.0004,1705301.3333,0.0007,11851980.8000
2026-08-04T08:49:00+05:30,2294.12,727.8969,1566.2217,6.4905,0.0008,11041219.1594,0.0038,16316076.9308
2026-08-04T08:50:00+05:30,1141.25,142.5166,998.7332,0.8154,0.0005,1753809.5143,0.0007,11175210.3210
2026-08-04T08:51:00+05:30,1257.66,139.7767,1117.8804,0.9013,0.0005,1738559.4827,0.0007,11908357.7463
2026-08-04T08:52:00+05:30,1639.34,502.2503,1137.0849,1.4972,0.0011,4811245.0453,0.0008,11890027.1698
2026-08-04T08:53:00+05:30,1250.94,143.7453,1107.1923,0.8855,0.0004,1779821.7155,0.0007,11883684.3684
2026-08-04T08:54:00+05:30,1801.86,236.7426,1565.1167,6.1326,0.0009,3582908.1701,0.0038,16359979.7414
2026-08-04T08:55:00+05:30,1308.87,142.3571,1166.5111,0.9416,0.0005,1752424.3374,0.0008,12521101.2502
2026-08-04T08:56:00+05:30,1273.07,135.3274,1137.7437,0.9132,0.0005,1680650.0250,0.0007,11852189.9683
2026-08-04T08:57:00+05:30,1242.10,129.0532,1113.0487,0.8908,0.0005,1640940.2821,0.0007,11455033.3100
2026-08-04T08:58:00+05:30,1195.15,122.8790,1072.2739,0.8600,0.0005,1583577.2981,0.0007,11507988.3324
2026-08-04T08:59:00+05:30,1458.68,234.5453,1224.1310,1.9500,0.0006,2718290.5322,0.0015,13192322.3248
2026-08-04T09:00:00+05:30,1574.03,118.7698,1455.2592,5.3248,0.0011,1512247.3787,0.0036,15160778.4094
2026-08-04T09:01:00+05:30,1276.81,112.8532,1163.9563,0.9233,0.0005,1472597.1741,0.0007,12063530.7918
2026-08-04T09:02:00+05:30,1211.20,111.1093,1100.0917,0.8729,0.0005,1463895.8580,0.0008,11283372.2810
2026-08-04T09:03:00+05:30,1168.41,109.7596,1058.6540,0.8437,0.0005,1467663.9451,0.0008,11376579.5981
2026-08-04T09:04:00+05:30,1220.43,126.4837,1093.9417,0.8804,0.0005,1917097.8928,0.0007,11960300.8802
2026-08-04T09:05:00+05:30,1859.02,97.0113,1762.0056,8.1179,0.0015,1300243.7658,0.0046,17854455.2607
2026-08-04T09:06:00+05:30,1168.26,102.1394,1066.1157,0.8443,0.0005,1375070.1146,0.0008,11166063.4497
2026-08-04T09:07:00+05:30,1158.41,97.2715,1061.1364,0.8377,0.0005,1318158.7079,0.0007,10996125.2729
2026-08-04T09:08:00+05:30,1156.46,99.4733,1056.9871,0.8379,0.0004,1343236.2157,0.0007,11403341.5561
2026-08-04T09:09:00+05:30,1279.16,195.5431,1083.6208,0.9027,0.0004,2136135.2045,0.0008,11872720.0240
2026-08-04T09:10:00+05:30,1855.47,89.8333,1765.6333,8.2586,0.0015,1224840.5333,0.0047,17919931.7333
2026-08-04T09:11:00+05:30,1135.52,90.8439,1044.6804,0.8232,0.0005,1248923.6718,0.0008,10916750.6166
2026-08-04T09:12:00+05:30,1149.13,82.3139,1066.8144,0.8348,0.0004,1155462.3423,0.0007,11002082.2320
2026-08-04T09:13:00+05:30,1132.36,81.2802,1051.0752,0.8251,0.0004,1145208.5813,0.0007,11305290.4602
2026-08-04T09:14:00+05:30,1726.73,713.0478,1013.6811,1.6290,0.0012,6225805.3292,0.0008,11387356.4299
2026-08-04T09:15:00+05:30,1872.57,78.3320,1794.2368,9.2019,0.0018,1090864.9712,0.0051,18108631.5789
2026-08-04T09:16:00+05:30,1143.45,76.2667,1067.1833,0.8331,0.0004,1102916.2667,0.0008,11108966.4000
2026-08-04T09:17:00+05:30,1130.36,73.9340,1056.4211,0.8235,0.0004,1067459.3838,0.0008,10925965.5075
2026-08-04T09:18:00+05:30,1124.31,72.8422,1051.4680,0.8217,0.0005,1060211.0739,0.0007,11320186.0651
2026-08-04T09:19:00+05:30,1100.61,79.1091,1021.5056,0.8050,0.0004,1065501.7574,0.0008,11504566.9071
2026-08-04T09:20:00+05:30,1902.51,66.5388,1835.9710,9.3762,0.0017,970020.7788,0.0051,18427457.6169
2026-08-04T09:21:00+05:30,1091.00,63.7738,1027.2292,0.7982,0.0005,958456.7648,0.0007,10759260.7776
2026-08-04T09:22:00+05:30,1105.52,61.4408,1044.0767,0.8091,0.0004,928166.3778,0.0007,10823329.1561
2026-08-04T09:23:00+05:30,1093.26,57.9077,1035.3547,0.8030,0.0005,895846.3795,0.0007,11167799.4399
2026-08-04T09:24:00+05:30,1064.52,54.1176,1010.4002,0.7848,0.0005,858467.6411,0.0007,11396285.9381
2026-08-04T09:25:00+05:30,2125.95,277.9676,1847.9844,10.6045,0.0007,4306233.3022,0.0057,18544624.9833
2026-08-04T09:26:00+05:30,1086.09,58.9177,1027.1748,0.7961,0.0005,888157.5165,0.0008,10770907.3207
2026-08-04T09:27:00+05:30,1104.48,54.6964,1049.7800,0.8096,0.0004,858040.4966,0.0007,10860799.4667
2026-08-04T09:28:00+05:30,1082.45,51.1564,1031.2937,0.7965,0.0004,830789.5552,0.0007,11128839.7127
2026-08-04T09:29:00+05:30,1069.58,48.7565,1020.8194,0.7901,0.0005,789131.3508,0.0007,11480092.8124
2026-08-04T09:30:00+05:30,2579.96,710.5640,1869.3913,10.4274,0.0010,12164838.7226,0.0052,18726248.9499
2026-08-04T09:31:00+05:30,1099.44,58.4442,1040.9959,0.8051,0.0005,901507.7159,0.0007,10902325.2341
2026-08-04T09:32:00+05:30,1091.21,55.3602,1035.8458,0.7995,0.0005,857451.5398,0.0007,10731659.2454
2026-08-04T09:33:00+05:30,1070.24,55.2194,1015.0174,0.7867,0.0004,850781.7391,0.0008,11043299.8983
2026-08-04T09:34:00+05:30,1057.35,49.5541,1007.8007,0.7808,0.0005,803019.4516,0.0007,11367688.6407
2026-08-04T09:35:00+05:30,2118.96,214.8309,1904.1326,8.6756,0.0007,2549036.3112,0.0045,19155688.7800
2026-08-04T09:36:00+05:30,1138.07,50.0233,1088.0451,0.8373,0.0005,806541.6722,0.0007,11246657.9544
2026-08-04T09:37:00+05:30,1387.17,389.6686,997.4997,1.1909,0.0011,3714065.3420,0.0008,10458960.3947
2026-08-04T09:38:00+05:30,1054.11,51.4248,1002.6829,0.7717,0.0004,815514.2143,0.0007,10866242.2930
2026-08-04T09:39:00+05:30,1053.22,52.6851,1000.5334,0.7724,0.0004,812386.8731,0.0007,11347542.7257
2026-08-04T09:40:00+05:30,1653.56,323.0538,1330.5051,2.6033,0.0014,2628134.0913,0.0017,13915639.2005
2026-08-04T09:41:00+05:30,1627.41,46.1341,1581.2764,10.7139,0.0020,732296.5333,0.0067,15888315.7333
2026-08-04T09:42:00+05:30,1069.73,47.8635,1021.8652,0.7862,0.0005,777915.0723,0.0007,10646364.3757
2026-08-04T09:43:00+05:30,1039.19,46.3430,992.8511,0.7660,0.0005,755747.7670,0.0007,10774866.2845
2026-08-04T09:44:00+05:30,1036.97,48.3922,988.5812,0.7660,0.0005,773112.3187,0.0008,11216785.7310
2026-08-04T09:45:00+05:30,2134.12,740.9500,1393.1667,8.0551,0.0020,4784822.1470,0.0048,14746733.2456
2026-08-04T09:46:00+05:30,1590.33,61.4949,1528.8393,6.3188,0.0011,902395.0938,0.0041,15557578.1089
2026-08-04T09:47:00+05:30,1067.19,67.1777,1000.0167,0.7762,0.0004,955601.3599,0.0007,10969926.8049
2026-08-04T09:48:00+05:30,1021.80,62.7656,959.0340,0.7403,0.0004,925801.6733,0.0007,10050361.5213
2026-08-04T09:49:00+05:30,1037.73,64.5414,973.1869,0.7598,0.0004,933422.2104,0.0007,10936636.7151
2026-08-04T09:50:00+05:30,2641.39,969.8420,1671.5457,12.7262,0.0013,6963671.1735,0.0069,18038501.8422
2026-08-04T09:51:00+05:30,1278.46,72.9309,1205.5265,3.0966,0.0007,1025041.0146,0.0025,12427803.1432
2026-08-04T09:52:00+05:30,1246.51,243.2423,1003.2663,0.9050,0.0007,2452917.3749,0.0008,10933997.8002
2026-08-04T09:53:00+05:30,1305.73,384.6167,921.1162,1.3058,0.0015,3649575.8081,0.0008,9718363.7788
2026-08-04T09:54:00+05:30,1061.78,84.7398,977.0406,0.7662,0.0004,1160780.1530,0.0007,10978718.6058
2026-08-04T09:55:00+05:30,1359.46,193.0079,1166.4499,2.3302,0.0008,2386266.0509,0.0019,13119205.0816
2026-08-04T09:56:00+05:30,4481.09,2729.4649,1751.6290,16.4685,0.0020,232266892.5959,0.0063,17521872.5815
2026-08-04T09:57:00+05:30,1225.74,198.6599,1027.0847,0.8505,0.0004,2117361.2454,0.0008,11156783.6261
2026-08-04T09:58:00+05:30,1163.87,191.1007,972.7689,0.8122,0.0005,2047453.9031,0.0008,10123954.4030
2026-08-04T09:59:00+05:30,1178.01,187.1772,990.8361,0.8285,0.0005,2056530.7741,0.0007,11081270.8188
2026-08-04T10:00:00+05:30,1493.63,533.8935,959.7379,1.2833,0.0010,5077406.5985,0.0008,11283103.0125
2026-08-04T10:01:00+05:30,2943.26,1731.0826,1212.1778,6.2933,0.0022,33944243.4261,0.0021,13093480.6866
2026-08-04T10:02:00+05:30,4311.15,2834.5169,1476.6287,8.3867,0.0017,221125143.3429,0.0023,15171839.6373
2026-08-04T10:03:00+05:30,1334.09,173.2205,1160.8738,0.9373,0.0004,1893144.2282,0.0007,11730205.2786
2026-08-04T10:04:00+05:30,1174.55,169.5288,1005.0185,0.8316,0.0005,1852754.0098,0.0008,11212473.9071
2026-08-04T10:05:00+05:30,1244.49,163.9757,1080.5132,0.8881,0.0004,1898257.8732,0.0007,12223161.7956
2026-08-04T10:06:00+05:30,1444.58,159.1220,1285.4595,1.0362,0.0004,1898118.0353,0.0008,13563037.7840
2026-08-04T10:07:00+05:30,3743.80,2373.2020,1370.6019,4.8616,0.0011,175516562.9709,0.0016,14231818.1212
2026-08-04T10:08:00+05:30,2691.23,1434.9051,1256.3295,4.6437,0.0021,73359068.4868,0.0013,12707929.2631
2026-08-04T10:09:00+05:30,1312.80,309.4194,1003.3837,0.9439,0.0006,16748717.0050,0.0008,14291417.4084
2026-08-04T10:10:00+05:30,2470.96,963.7288,1507.2309,2.4062,0.0005,28868610.7298,0.0013,42668281.7727
2026-08-04T10:11:00+05:30,2211.50,657.3424,1554.1534,1.5658,0.0005,24770127.4297,0.0007,24664630.8139
2026-08-04T10:12:00+05:30,2534.24,508.8921,2025.3513,5.8495,0.0011,10043416.3041,0.0026,30414115.9058
2026-08-04T10:13:00+05:30,4520.82,3204.9094,1315.9131,6.7731,0.0015,242131564.3248,0.0013,16931016.1312
2026-08-04T10:14:00+05:30,1476.64,156.9892,1319.6466,1.0678,0.0004,1602004.7679,0.0007,17750562.4406
2026-08-04T10:15:00+05:30,1777.25,168.0802,1609.1680,1.2940,0.0005,1630673.8873,0.0007,18360301.4014
2026-08-04T10:16:00+05:30,1912.18,163.4394,1748.7419,1.4105,0.0005,1734464.0971,0.0007,22354321.5184
2026-08-04T10:17:00+05:30,1871.21,266.8245,1604.3809,1.3329,0.0004,2431257.4515,0.0007,18056594.7856
2026-08-04T10:18:00+05:30,2130.17,692.7833,1437.3833,1.7091,0.0008,51647078.4000,0.0008,18637960.5333
2026-08-04T10:19:00+05:30,3925.16,2628.6390,1296.5222,6.2394,0.0017,190415810.1586,0.0013,14687731.2358
2026-08-04T10:20:00+05:30,1510.68,279.4206,1231.2642,1.0483,0.0005,2747985.6650,0.0007,13876477.5891
2026-08-04T10:21:00+05:30,1831.91,172.5362,1659.3777,1.3401,0.0005,3428807.6269,0.0007,19489827.2609
2026-08-04T10:22:00+05:30,1724.74,222.0722,1502.6669,1.2572,0.0004,2314432.8694,0.0008,20671572.2310
2026-08-04T10:23:00+05:30,1668.64,155.5793,1513.0649,1.2174,0.0005,2155915.2113,0.0007,17769219.0375
2026-08-04T10:24:00+05:30,3781.41,2807.3462,974.0684,5.1807,0.0015,234232166.9222,0.0009,11946757.6828
2026-08-04T10:25:00+05:30,1352.09,346.9602,1005.1330,1.1645,0.0011,6946079.8613,0.0008,12997652.9565
2026-08-04T10:26:00+05:30,1227.45,139.1852,1088.2618,0.8991,0.0004,1501725.5634,0.0008,15937408.1878
2026-08-04T10:27:00+05:30,1434.79,143.1238,1291.6646,1.0546,0.0005,1555491.4328,0.0007,17274529.7687
2026-08-04T10:28:00+05:30,1698.17,144.4809,1553.6908,1.2334,0.0005,1631382.4206,0.0008,16412671.0443
2026-08-04T10:29:00+05:30,1252.84,142.2501,1110.5871,0.8985,0.0004,1704448.2218,0.0007,12070865.4468
2026-08-04T10:30:00+05:30,4373.63,3268.6366,1104.9948,5.8875,0.0014,240666758.7494,0.0011,12767541.3639
2026-08-04T10:31:00+05:30,1527.79,140.5687,1387.2183,1.0922,0.0004,1527806.9076,0.0008,14401066.8089
2026-08-04T10:32:00+05:30,1711.82,498.9083,1212.9106,1.5327,0.0011,4517840.8254,0.0008,12648056.4028
2026-08-04T10:33:00+05:30,1262.75,147.6260,1115.1276,0.8913,0.0004,1625621.1189,0.0007,11890503.0748
2026-08-04T10:34:00+05:30,1238.07,146.0566,1092.0165,0.8873,0.0004,1651505.0158,0.0007,12101663.0562
2026-08-04T10:35:00+05:30,2724.88,1605.0377,1119.8406,2.4700,0.0010,125468507.0347,0.0008,12366590.6515
2026-08-04T10:36:00+05:30,3111.05,1865.4369,1245.6132,4.7057,0.0018,114697282.7195,0.0011,13209582.9362
2026-08-04T10:37:00+05:30,1555.38,151.9456,1403.4377,1.1146,0.0004,1622912.4737,0.0008,14622601.1804
2026-08-04T10:38:00+05:30,1202.54,153.8692,1048.6736,0.8529,0.0005,1682232.0869,0.0007,10804588.9489
2026-08-04T10:39:00+05:30,1212.73,148.1667,1064.5667,0.8670,0.0004,1650783.7797,0.0007,11784593.2099
2026-08-04T10:40:00+05:30,1244.00,146.6789,1097.3248,0.8934,0.0004,1636802.4535,0.0008,12361186.7458
2026-08-04T10:41:00+05:30,4403.82,3109.9372,1293.8824,6.6747,0.0016,236135659.3731,0.0013,13763753.1621
2026-08-04T10:42:00+05:30,1546.78,149.8084,1396.9672,1.1038,0.0004,1600067.1899,0.0008,14547560.7992
2026-08-04T10:43:00+05:30,1248.43,152.7484,1095.6803,0.8843,0.0004,1648315.2946,0.0007,11246347.7710
2026-08-04T10:44:00+05:30,1139.86,149.1542,990.7008,0.8119,0.0004,1625798.8134,0.0008,11202768.8821
2026-08-04T10:45:00+05:30,1199.49,144.0477,1055.4389,0.8600,0.0004,1592725.7938,0.0007,12043994.5995
2026-08-04T10:46:00+05:30,1617.89,299.6401,1318.2530,1.1230,0.0004,2765612.2109,0.0007,13946548.2903
2026-08-04T10:47:00+05:30,4706.22,3204.1204,1502.1002,7.5095,0.0016,236540279.0946,0.0016,15474460.5127
2026-08-04T10:48:00+05:30,1284.76,152.4873,1132.2723,0.9037,0.0004,1630481.7265,0.0008,11463475.6437
2026-08-04T10:49:00+05:30,1155.83,152.4794,1003.3503,0.8226,0.0004,1660206.5540,0.0007,11265672.7006
2026-08-04T10:50:00+05:30,1211.23,148.4277,1062.8072,0.8674,0.0004,1614237.6271,0.0007,12028561.6397
2026-08-04T10:51:00+05:30,1430.18,147.7733,1282.4083,1.0287,0.0004,1642784.4007,0.0008,13569173.7833
2026-08-04T10:52:00+05:30,3247.88,1874.2876,1373.5877,3.0651,0.0010,152646901.3648,0.0009,14285046.5763
2026-08-04T10:53:00+05:30,2945.39,1689.1189,1256.2756,5.3433,0.0021,87733351.4685,0.0014,12735327.9328
2026-08-04T10:54:00+05:30,1157.74,156.6536,1001.0832,0.8180,0.0004,1665540.1127,0.0008,11272498.3502
2026-08-04T10:55:00+05:30,1223.86,156.9369,1066.9278,0.8733,0.0005,1675260.9283,0.0008,12007652.1623
2026-08-04T10:56:00+05:30,1430.97,154.9373,1276.0368,1.0275,0.0005,1695588.7383,0.0007,13512614.6255
2026-08-04T10:57:00+05:30,1739.12,499.1751,1239.9467,1.6052,0.0011,4544269.8442,0.0009,13000439.8300
2026-08-04T10:58:00+05:30,4597.88,3383.5139,1214.3691,6.8377,0.0015,237583498.8582,0.0016,12651301.4285
2026-08-04T10:59:00+05:30,1732.02,605.4329,1126.5895,1.5869,0.0011,5453983.9013,0.0007,12307659.1617
2026-08-04T11:00:00+05:30,1184.06,165.5168,1018.5481,0.8266,0.0004,1725540.5126,0.0007,11571476.4524
2026-08-04T11:01:00+05:30,1446.87,163.8582,1283.0142,1.0358,0.0005,1733582.1458,0.0008,13493990.9662
2026-08-04T11:02:00+05:30,1720.79,486.7369,1234.0543,1.4296,0.0008,4472806.0652,0.0008,12799257.7856
2026-08-04T11:03:00+05:30,1429.58,309.0464,1120.5347,0.9799,0.0005,3240504.6006,0.0007,12030600.3467
2026-08-04T11:04:00+05:30,5000.35,3669.9612,1330.3888,7.0339,0.0014,232023835.0639,0.0014,13970323.5054
2026-08-04T11:05:00+05:30,1210.94,168.1416,1042.7979,0.8491,0.0004,1732248.3209,0.0008,11694587.5373
2026-08-04T11:06:00+05:30,1382.61,174.8092,1207.8015,0.9846,0.0005,1819223.5145,0.0007,12846905.3221
2026-08-04T11:07:00+05:30,1434.41,171.5629,1262.8464,1.0230,0.0005,1837593.2509,0.0008,13032789.3561
2026-08-04T11:08:00+05:30,1274.12,163.8527,1110.2685,0.9065,0.0004,1754170.4723,0.0007,11928905.3635
2026-08-04T11:09:00+05:30,3348.34,2213.3204,1135.0207,3.0604,0.0009,151096828.2206,0.0009,12405461.4833
2026-08-04T11:10:00+05:30,3103.75,1804.5406,1299.2066,4.9388,0.0018,84097551.1143,0.0013,13832508.7260
2026-08-04T11:11:00+05:30,1358.27,173.2349,1185.0327,0.9635,0.0004,1792217.5601,0.0007,12647221.6094
2026-08-04T11:12:00+05:30,1434.93,176.7765,1258.1554,1.0220,0.0004,1869216.9159,0.0007,13001971.6291
2026-08-04T11:13:00+05:30,1238.95,170.0780,1068.8713,0.8790,0.0005,1815157.1298,0.0007,11567999.7333
2026-08-04T11:14:00+05:30,1207.04,164.9416,1042.1021,0.8587,0.0005,1810287.5429,0.0008,11832304.8102
2026-08-04T11:15:00+05:30,5118.52,3872.0316,1246.4879,7.2626,0.0014,235808154.1154,0.0016,13423824.8204
2026-08-04T11:16:00+05:30,1626.58,175.8599,1450.7232,1.1524,0.0004,1835650.7132,0.0007,14935642.7143
2026-08-04T11:17:00+05:30,1370.79,175.6860,1195.1085,0.9763,0.0004,1843206.8287,0.0007,12933108.7326
2026-08-04T11:18:00+05:30,1231.26,174.8733,1056.3909,0.8679,0.0005,1865294.0392,0.0007,10864108.8145
2026-08-04T11:19:00+05:30,1198.97,169.3743,1029.5926,0.8503,0.0005,1828270.3991,0.0007,11500536.0660
2026-08-04T11:20:00+05:30,1513.40,371.4371,1141.9642,1.0274,0.0005,4262177.6844,0.0008,12573383.2050
2026-08-04T11:21:00+05:30,5219.58,3695.5457,1524.0381,8.0088,0.0015,230813821.6601,0.0017,15521648.2861
2026-08-04T11:22:00+05:30,1746.23,539.2193,1207.0138,1.6727,0.0011,4847939.1959,0.0009,13103909.3273
2026-08-04T11:23:00+05:30,1222.87,186.5000,1036.3667,0.8584,0.0004,1929316.4219,0.0007,10740778.4796
2026-08-04T11:24:00+05:30,1241.20,179.4350,1061.7615,0.8786,0.0004,1891375.1854,0.0008,11744915.6570
2026-08-04T11:25:00+05:30,1243.31,175.5471,1067.7655,0.8832,0.0005,1864232.2589,0.0007,12153246.0918
2026-08-04T11:26:00+05:30,3476.76,2100.7783,1375.9812,3.1849,0.0009,128600487.7171,0.0009,14451571.6143
2026-08-04T11:27:00+05:30,3555.12,2093.6625,1461.4615,6.8957,0.0019,106972420.3824,0.0020,14973241.2781
2026-08-04T11:28:00+05:30,1187.12,189.9222,997.1997,0.8281,0.0004,2030555.8315,0.0007,10650501.2251
2026-08-04T11:29:00+05:30,1224.37,183.4422,1040.9279,0.8655,0.0004,1981585.3886,0.0007,11584742.3010
2026-08-04T11:30:00+05:30,1256.38,182.4380,1073.9420,0.8911,0.0004,2003723.9011,0.0007,12147081.1595
2026-08-04T11:31:00+05:30,1460.70,174.7738,1285.9238,1.0439,0.0005,1967797.3604,0.0007,13614517.5310
2026-08-04T11:32:00+05:30,5047.23,3664.0556,1383.1769,7.2932,0.0013,226423701.6099,0.0019,14254628.8457
2026-08-04T11:33:00+05:30,1794.43,561.2357,1233.1956,2.3112,0.0019,9567320.6918,0.0010,12644132.3691
2026-08-04T11:34:00+05:30,1191.69,189.7713,1001.9171,0.8384,0.0004,2027686.2654,0.0008,11258588.6942
2026-08-04T11:35:00+05:30,1261.40,189.5221,1071.8751,0.8920,0.0005,2039807.1807,0.0008,12085295.9963
2026-08-04T11:36:00+05:30,1401.53,178.0685,1223.4647,0.9978,0.0005,1953798.2801,0.0008,13064891.1406
2026-08-04T11:37:00+05:30,1405.15,178.5405,1226.6135,0.9993,0.0005,2007820.3790,0.0008,12861780.0077
2026-08-04T11:38:00+05:30,5742.61,4430.4234,1312.1824,11.7726,0.0014,239567234.0326,0.0041,13454697.6155
2026-08-04T11:39:00+05:30,1311.71,191.8980,1119.8133,0.9142,0.0004,2011535.8762,0.0007,12212067.2179
2026-08-04T11:40:00+05:30,1203.72,190.5095,1013.2127,0.8482,0.0004,2026605.1750,0.0008,11538532.7979
2026-08-04T11:41:00+05:30,1400.89,189.9587,1210.9281,0.9934,0.0005,2041650.3534,0.0008,12894493.6658
2026-08-04T11:42:00+05:30,1498.32,181.5515,1316.7650,1.0680,0.0005,2027142.0999,0.0007,13437881.3528
2026-08-04T11:43:00+05:30,1860.16,715.5856,1144.5737,2.2367,0.0012,5563157.6562,0.0012,12161919.8720
2026-08-04T11:44:00+05:30,5650.60,4414.5041,1236.0951,9.4676,0.0015,240268651.0884,0.0023,13382282.8761
2026-08-04T11:45:00+05:30,1248.44,195.4638,1052.9780,0.8682,0.0004,2059843.2797,0.0007,11775155.2704
2026-08-04T11:46:00+05:30,1477.58,198.0465,1279.5353,1.0479,0.0004,2108043.5355,0.0007,13322701.3351
2026-08-04T11:47:00+05:30,1729.25,539.1655,1190.0848,1.5961,0.0011,5019491.3649,0.0009,12356143.7621
2026-08-04T11:48:00+05:30,1296.14,187.0906,1109.0445,0.9123,0.0004,2055918.4054,0.0008,11897813.7458
2026-08-04T11:49:00+05:30,2231.29,1188.8644,1042.4291,2.8022,0.0011,15884337.9662,0.0014,11653183.4817
2026-08-04T11:50:00+05:30,5103.67,3737.3246,1366.3455,8.9545,0.0015,227717446.6723,0.0024,14356719.9693
2026-08-04T11:51:00+05:30,1397.65,213.7011,1183.9487,0.9745,0.0004,2186900.1083,0.0007,12555149.7291
2026-08-04T11:52:00+05:30,1417.38,209.7046,1207.6717,0.9980,0.0005,2191431.3232,0.0007,12453374.3022
2026-08-04T11:53:00+05:30,1397.48,207.4340,1190.0492,0.9861,0.0005,2237384.3590,0.0007,12563269.5513
2026-08-04T11:54:00+05:30,1218.31,198.2437,1020.0627,0.8566,0.0004,2140450.2508,0.0008,11598155.2715
2026-08-04T11:55:00+05:30,2899.09,1740.9161,1158.1772,3.9544,0.0011,47896628.8419,0.0018,12744597.9065
2026-08-04T11:56:00+05:30,4686.00,3238.9351,1447.0635,11.9556,0.0018,197027794.4221,0.0043,14962721.3896
2026-08-04T11:57:00+05:30,1355.92,214.1607,1141.7573,0.9462,0.0004,2220134.1065,0.0007,12343557.9551
2026-08-04T11:58:00+05:30,1268.89,210.4044,1058.4892,0.8854,0.0004,2190523.2944,0.0007,10880108.8127
2026-08-04T11:59:00+05:30,1259.97,203.5062,1056.4591,0.8856,0.0005,2166117.7490,0.0007,11706045.6931
2026-08-04T12:00:00+05:30,1207.53,196.4095,1011.1181,0.8505,0.0005,2144200.5601,0.0007,11722744.8993
2026-08-04T12:01:00+05:30,3457.48,1989.9168,1467.5589,6.3929,0.0010,75261585.1069,0.0030,15301308.7115
2026-08-04T12:02:00+05:30,4193.13,2871.6436,1321.4827,10.2188,0.0016,175697618.2412,0.0043,13940163.4776
2026-08-04T12:03:00+05:30,1209.24,214.9690,994.2670,0.8348,0.0004,2197630.5580,0.0007,10569774.2817
2026-08-04T12:04:00+05:30,1400.49,212.9077,1187.5854,0.9879,0.0004,2216508.7044,0.0007,12758214.0037
2026-08-04T12:05:00+05:30,1226.05,202.6876,1023.3582,0.8618,0.0005,2150096.1019,0.0007,11751841.8087
2026-08-04T12:06:00+05:30,1403.96,202.0402,1201.9236,0.9919,0.0004,2176185.6217,0.0007,12790774.3903
2026-08-04T12:07:00+05:30,3840.34,2313.8324,1526.5097,9.4196,0.0012,99516934.2978,0.0043,15612151.3384
2026-08-04T12:08:00+05:30,3746.34,2751.4585,994.8828,7.8255,0.0016,149756202.2869,0.0035,10812404.9738
2026-08-04T12:09:00+05:30,1391.35,222.9424,1168.4105,0.9737,0.0004,2235261.3129,0.0007,12539751.8161
2026-08-04T12:10:00+05:30,1273.15,222.0185,1051.1286,0.8908,0.0005,2264046.1441,0.0007,11865740.4061
2026-08-04T12:11:00+05:30,1404.37,216.1333,1188.2333,0.9870,0.0004,2249628.9605,0.0007,12535948.6658
2026-08-04T12:12:00+05:30,1767.13,628.8162,1138.3149,1.7050,0.0012,5775108.1338,0.0009,12072309.6869
2026-08-04T12:13:00+05:30,3981.25,2571.5691,1409.6781,12.2591,0.0018,93752517.1529,0.0056,14639017.9697
2026-08-04T12:14:00+05:30,3828.79,2838.1446,990.6497,6.1895,0.0015,159000619.4873,0.0020,11153028.8343
2026-08-04T12:15:00+05:30,1700.33,498.6835,1201.6465,1.3121,0.0006,4538392.0275,0.0008,12989438.1229
2026-08-04T12:16:00+05:30,1411.97,231.9423,1180.0273,0.9869,0.0004,2312008.1329,0.0008,12290320.9506
2026-08-04T12:17:00+05:30,1378.79,224.0537,1154.7359,0.9652,0.0004,2302399.9733,0.0007,12058210.5702
2026-08-04T12:18:00+05:30,1278.34,218.7661,1059.5756,0.8926,0.0004,2303048.3906,0.0007,11371041.1228
2026-08-04T12:19:00+05:30,4310.98,2830.5698,1480.4106,11.5703,0.0013,122815767.4899,0.0055,15593824.0843
2026-08-04T12:20:00+05:30,3814.96,2645.5951,1169.3610,5.4964,0.0015,123979038.3814,0.0012,12674643.0678
2026-08-04T12:21:00+05:30,1364.35,242.6586,1121.6959,0.9477,0.0004,2420928.3691,0.0007,11672050.3983
2026-08-04T12:22:00+05:30,1331.01,235.3529,1095.6580,0.9250,0.0004,2404006.2005,0.0007,11355672.7061
2026-08-04T12:23:00+05:30,1267.25,224.7500,1042.5000,0.8828,0.0005,2333081.6000,0.0007,11364215.4667
2026-08-04T12:24:00+05:30,1220.00,216.9514,1003.0503,0.8515,0.0005,2285045.5712,0.0007,11329098.7765
2026-08-04T12:25:00+05:30,4555.59,3098.6826,1456.9044,11.3082,0.0012,145790543.9283,0.0053,15451704.8017
2026-08-04T12:26:00+05:30,3932.27,2556.6823,1375.5858,10.9145,0.0019,118698948.4639,0.0044,14098128.9569
2026-08-04T12:27:00+05:30,1255.87,235.5068,1020.3629,0.8692,0.0005,2366917.5318,0.0007,11124471.4469
2026-08-04T12:28:00+05:30,1180.55,234.2901,946.2613,0.8197,0.0004,2430058.4725,0.0007,11282467.9801
2026-08-04T12:29:00+05:30,1326.74,231.9911,1094.7532,1.3525,0.0005,2594151.5384,0.0011,39312329.0776
2026-08-04T12:30:00+05:30,1390.97,216.6842,1174.2905,1.4567,0.0005,2270277.0584,0.0011,29822052.5588
2026-08-04T12:31:00+05:30,4164.84,2634.1012,1530.7374,10.2779,0.0013,86152963.4779,0.0046,16352729.1760
2026-08-04T12:32:00+05:30,5508.07,4433.3356,1074.7308,32.4278,0.0051,169523530.2235,0.0090,13893142.1429
2026-08-04T12:33:00+05:30,1241.63,241.8097,999.8167,0.8538,0.0004,2358698.0837,0.0008,12589824.8959
2026-08-04T12:34:00+05:30,1240.76,236.2542,1004.5014,0.8722,0.0004,2337986.2290,0.0008,13364974.6420
2026-08-04T12:35:00+05:30,1236.98,230.6949,1006.2809,0.8614,0.0005,2328805.0113,0.0007,11647300.5464
2026-08-04T12:36:00+05:30,1430.52,225.2526,1205.2646,1.0043,0.0004,2328475.4522,0.0008,12841029.9908
2026-08-04T12:37:00+05:30,2028.50,875.1708,1153.3282,2.0806,0.0010,9287898.2718,0.0010,12543236.3049
2026-08-04T12:38:00+05:30,6561.07,5110.1038,1450.9641,30.8357,0.0034,237448547.2695,0.0091,14920533.4044
2026-08-04T12:39:00+05:30,1987.63,1137.7523,849.8808,9.0836,0.0070,5989097.7699,0.0016,9819326.7776
2026-08-04T12:40:00+05:30,1223.74,237.2246,986.5162,0.8486,0.0004,2375651.3275,0.0007,11312111.7352
2026-08-04T12:41:00+05:30,1715.06,582.2540,1132.8033,1.4893,0.0010,5275961.5276,0.0008,12030869.1637
2026-08-04T12:42:00+05:30,1358.89,225.0317,1133.8589,0.9509,0.0004,2325288.1740,0.0007,12178354.5962
2026-08-04T12:43:00+05:30,1397.19,219.5443,1177.6422,0.9795,0.0005,2302613.2640,0.0007,12203891.2612
2026-08-04T12:44:00+05:30,5756.61,4344.0864,1412.5204,12.2638,0.0012,209005335.8660,0.0049,14984610.1141
2026-08-04T12:45:00+05:30,3698.34,2802.1799,896.1569,27.2545,0.0074,48337086.8609,0.0075,10308876.4749
2026-08-04T12:46:00+05:30,1346.64,244.8367,1101.7986,0.9282,0.0004,2431859.1765,0.0007,11651102.3837
2026-08-04T12:47:00+05:30,1347.68,239.5200,1108.1590,0.9359,0.0004,2436463.2309,0.0007,11545140.8761
2026-08-04T12:48:00+05:30,1276.35,230.2911,1046.0582,0.8877,0.0004,2392990.6184,0.0007,11279817.9001
2026-08-04T12:49:00+05:30,1233.96,221.8555,1012.1012,0.8603,0.0004,2333519.7520,0.0007,11428231.8899
2026-08-04T12:50:00+05:30,3313.37,2001.9165,1311.4574,8.9600,0.0013,39005655.6230,0.0048,14335522.1652
2026-08-04T12:51:00+05:30,6398.68,5182.8213,1215.8585,32.8593,0.0044,223273919.9253,0.0085,12644455.9123
2026-08-04T12:52:00+05:30,1361.31,362.9742,998.3332,1.7534,0.0026,2919345.5564,0.0008,11015014.8677
2026-08-04T12:53:00+05:30,1221.81,244.4252,977.3841,0.8397,0.0005,2461204.3599,0.0007,10264779.9740
2026-08-04T12:54:00+05:30,1221.79,236.0077,985.7869,0.8466,0.0004,2401197.5872,0.0007,11128556.4035
2026-08-04T12:55:00+05:30,1239.87,227.0341,1012.8353,0.8657,0.0004,2351593.2723,0.0008,11825970.1622
2026-08-04T12:56:00+05:30,1450.49,219.4963,1230.9962,1.0222,0.0005,2322461.5590,0.0007,13266040.2327
2026-08-04T12:57:00+05:30,6674.29,4876.0121,1798.2740,21.4483,0.0015,243315829.7319,0.0079,18802307.1156
2026-08-04T12:58:00+05:30,3098.61,2476.4842,622.1303,20.3162,0.0077,20958162.5875,0.0020,7158439.4798
2026-08-04T12:59:00+05:30,1214.28,245.6924,968.5886,0.8354,0.0004,2418790.6884,0.0007,10929537.5848
2026-08-04T13:00:00+05:30,1240.60,244.3855,996.2153,0.8598,0.0005,2420872.7200,0.0008,11530918.1367
2026-08-04T13:01:00+05:30,1425.90,233.7922,1192.1103,0.9980,0.0005,2390550.7150,0.0007,12587680.6773
2026-08-04T13:02:00+05:30,1379.25,225.5387,1153.7090,0.9674,0.0004,2367057.1295,0.0008,12509647.0902
2026-08-04T13:03:00+05:30,4111.87,2626.1312,1485.7429,9.6308,0.0013,73973948.4034,0.0041,15032410.1060
2026-08-04T13:04:00+05:30,5737.89,4794.8068,943.0852,29.5095,0.0047,197649902.0382,0.0077,15025219.9390
2026-08-04T13:05:00+05:30,1581.65,500.2750,1081.3711,1.2651,0.0006,34248847.8869,0.0009,37084403.6795
2026-08-04T13:06:00+05:30,1636.05,386.9403,1249.1081,1.3334,0.0005,20467709.1321,0.0009,40348665.8887
2026-08-04T13:07:00+05:30,1761.95,382.1912,1379.7580,2.4974,0.0006,19771246.2628,0.0016,59587465.3112
2026-08-04T13:08:00+05:30,1392.24,231.5626,1160.6792,0.9890,0.0005,2415325.4907,0.0008,14837028.6933
2026-08-04T13:09:00+05:30,2222.78,1227.8646,994.9152,1.9437,0.0009,13461017.1549,0.0009,13487785.2725
2026-08-04T13:10:00+05:30,6779.96,5088.7941,1691.1706,28.0336,0.0026,250116424.3121,0.0087,17765579.9877
2026-08-04T13:11:00+05:30,2859.71,1773.9629,1085.7514,18.6586,0.0083,11256012.8000,0.0037,15004945.0667
2026-08-04T13:12:00+05:30,1512.38,245.5956,1266.7800,1.0832,0.0004,2466092.9395,0.0007,17420561.9041
2026-08-04T13:13:00+05:30,1367.16,237.6008,1129.5580,0.9628,0.0004,2439278.4481,0.0007,13712493.8337
2026-08-04T13:14:00+05:30,1282.38,231.3603,1051.0226,0.9076,0.0005,2403431.8098,0.0008,14176786.2120
2026-08-04T13:15:00+05:30,1279.93,225.5645,1054.3621,0.9008,0.0005,2395209.4659,0.0008,12996002.8664
2026-08-04T13:16:00+05:30,4786.28,3480.8814,1305.3972,6.6402,0.0010,136802535.7202,0.0025,14204095.6096
2026-08-04T13:17:00+05:30,4758.65,3634.6728,1123.9813,29.4581,0.0061,127896151.0641,0.0065,11971657.5390
2026-08-04T13:18:00+05:30,1384.36,213.5620,1170.7996,0.9610,0.0004,2171518.2401,0.0007,11861710.1908
2026-08-04T13:19:00+05:30,1196.60,218.4161,978.1801,0.8369,0.0005,3116925.4567,0.0008,11248706.2275
2026-08-04T13:20:00+05:30,1683.12,520.4747,1162.6473,1.6155,0.0006,26910924.8000,0.0011,30451643.7333
2026-08-04T13:21:00+05:30,2066.98,533.3567,1533.6233,3.0096,0.0007,26371430.1713,0.0017,54221690.8206
2026-08-04T13:22:00+05:30,3395.64,1931.4849,1464.1596,2.9059,0.0007,103853921.3197,0.0010,28988063.9174
2026-08-04T13:23:00+05:30,4845.04,3402.3699,1442.6686,13.4972,0.0023,216911334.6999,0.0040,47532044.7311
2026-08-04T13:24:00+05:30,1758.43,509.0345,1249.3999,2.6071,0.0007,27425741.5946,0.0018,50927131.3364
2026-08-04T13:25:00+05:30,1740.63,467.3456,1273.2864,1.3989,0.0006,25590629.3068,0.0009,42094109.9128
2026-08-04T13:26:00+05:30,1616.48,265.8021,1350.6801,1.4470,0.0005,6741754.3672,0.0009,27134566.2088
2026-08-04T13:27:00+05:30,1431.86,213.6050,1218.2533,1.0079,0.0005,2173701.1096,0.0007,12777087.8678
2026-08-04T13:28:00+05:30,3087.10,1660.7265,1426.3757,5.1770,0.0007,45406079.0505,0.0029,15172686.8822
2026-08-04T13:29:00+05:30,3488.35,2439.2939,1049.0549,24.0340,0.0075,28967555.9556,0.0056,12026239.4239
2026-08-04T13:30:00+05:30,1227.23,243.3833,983.8500,0.8456,0.0004,2492184.4697,0.0007,11217356.0226
2026-08-04T13:31:00+05:30,1370.82,236.2618,1134.5567,0.9552,0.0005,2438976.2325,0.0007,11947611.0537
2026-08-04T13:32:00+05:30,1356.47,231.6307,1124.8396,0.9462,0.0004,2414704.0864,0.0007,11867983.2011
2026-08-04T13:33:00+05:30,1341.73,224.6554,1117.0775,0.9372,0.0004,2349786.8142,0.0007,11848187.1875
2026-08-04T13:34:00+05:30,1737.87,433.1378,1304.7297,1.1876,0.0005,7432366.5150,0.0008,13764261.1203
2026-08-04T13:35:00+05:30,1788.71,227.3227,1561.3895,10.7940,0.0017,2381066.6889,0.0067,16236873.0728
2026-08-04T13:36:00+05:30,1325.20,230.8038,1094.3978,0.9232,0.0004,2471646.4707,0.0007,11565883.0900
2026-08-04T13:37:00+05:30,1301.98,224.6041,1077.3796,0.9079,0.0004,2427393.2888,0.0007,11439494.5740
2026-08-04T13:38:00+05:30,1610.36,559.9627,1050.3966,1.3450,0.0009,5196298.7084,0.0008,11303881.4765
2026-08-04T13:39:00+05:30,2938.58,2101.2684,837.3140,9.0112,0.0035,17975595.5933,0.0020,10130669.1112
2026-08-04T13:40:00+05:30,2524.21,845.6423,1678.5673,11.1678,0.0019,5213922.5628,0.0057,17202967.8817
2026-08-04T13:41:00+05:30,1395.45,241.8788,1153.5743,0.9718,0.0004,2497251.2626,0.0008,11944260.1463
2026-08-04T13:42:00+05:30,1286.49,232.8817,1053.6086,0.8922,0.0005,2417983.9691,0.0007,11044163.1089
2026-08-04T13:43:00+05:30,1258.38,229.2667,1029.1167,0.8750,0.0005,2443919.1320,0.0008,11257087.8848
2026-08-04T13:44:00+05:30,1251.87,225.2775,1026.5973,0.8736,0.0004,2394282.1718,0.0007,11688200.7799
2026-08-04T13:45:00+05:30,3606.87,1775.0829,1831.7914,16.7733,0.0023,29888967.6118,0.0071,18885324.5320
2026-08-04T13:46:00+05:30,1285.73,228.2409,1057.4852,0.8839,0.0004,2409512.1585,0.0007,11171070.4512
2026-08-04T13:47:00+05:30,1246.71,227.3159,1019.3971,0.8640,0.0004,2422761.9190,0.0007,10659469.8795
2026-08-04T13:48:00+05:30,1227.23,231.0282,996.1998,0.8511,0.0004,2448752.0501,0.0007,10945992.6662
2026-08-04T13:49:00+05:30,1607.72,692.6385,915.0847,1.4981,0.0011,6377464.2179,0.0008,10725223.2926
2026-08-04T13:50:00+05:30,2265.26,948.3402,1316.9244,4.3658,0.0007,13738292.6659,0.0029,14209072.9415
2026-08-04T13:51:00+05:30,1913.22,201.1167,1712.1000,11.0007,0.0017,2213851.1025,0.0063,17297051.4491
2026-08-04T13:52:00+05:30,1593.31,630.2637,963.0414,1.4417,0.0011,5779535.5506,0.0008,10689682.5540
2026-08-04T13:53:00+05:30,1155.74,195.9399,959.7987,0.7969,0.0004,2156684.1561,0.0007,10108514.0171
2026-08-04T13:54:00+05:30,1158.85,189.9325,968.9141,0.8141,0.0004,2108078.6719,0.0007,11036929.9287
2026-08-04T13:55:00+05:30,1490.41,220.4497,1269.9572,3.9954,0.0009,2732305.3125,0.0030,14273970.4289
2026-08-04T13:56:00+05:30,1868.32,176.2864,1692.0360,12.6966,0.0017,1945108.7420,0.0074,17191710.0213
2026-08-04T13:57:00+05:30,1194.10,188.3512,1005.7511,0.8395,0.0004,2092483.8887,0.0007,11055765.5570
2026-08-04T13:58:00+05:30,1134.92,180.0437,954.8766,0.7949,0.0005,2015739.1609,0.0007,10103070.6606
2026-08-04T13:59:00+05:30,1114.43,170.4159,944.0112,0.7874,0.0004,1934904.7524,0.0007,10856256.4820
2026-08-04T14:00:00+05:30,1188.17,176.1020,1012.0657,0.8422,0.0005,2004313.7020,0.0007,11745061.2272
2026-08-04T14:01:00+05:30,2144.23,172.6547,1971.5743,11.8412,0.0021,1988861.3538,0.0059,20172970.7236
2026-08-04T14:02:00+05:30,1167.68,163.4840,1004.1992,0.8281,0.0004,1887642.2109,0.0007,11119391.3319
2026-08-04T14:03:00+05:30,1118.39,155.7030,962.6913,0.7904,0.0004,1825262.1612,0.0007,10164342.8800
2026-08-04T14:04:00+05:30,1123.70,153.2153,970.4804,0.7993,0.0005,1816719.6840,0.0008,11024577.9341
2026-08-04T14:05:00+05:30,1809.26,664.3950,1144.8662,1.5616,0.0006,24173736.8325,0.0011,21740297.1924
2026-08-04T14:06:00+05:30,2978.93,539.0668,2439.8620,17.5111,0.0012,9078308.1386,0.0070,40127430.2671
2026-08-04T14:07:00+05:30,2799.34,666.2111,2133.1289,10.2224,0.0011,22746172.9942,0.0045,32773188.0937
2026-08-04T14:08:00+05:30,1823.28,162.9357,1660.3437,7.4220,0.0012,1768381.2445,0.0044,21374602.5036
2026-08-04T14:09:00+05:30,1308.58,129.4053,1179.1778,0.9545,0.0005,1412039.5908,0.0008,14835117.6725
2026-08-04T14:10:00+05:30,1709.86,123.7687,1586.0931,1.2545,0.0005,1368086.8014,0.0007,17964467.9411
2026-08-04T14:11:00+05:30,2264.00,198.3534,2065.6456,1.8512,0.0005,1997041.4813,0.0008,24255367.4983
2026-08-04T14:12:00+05:30,1805.22,407.8765,1397.3434,1.5012,0.0008,3762864.2189,0.0007,15057259.4457
2026-08-04T14:13:00+05:30,1918.10,115.8539,1802.2434,1.4113,0.0005,1342008.5001,0.0007,19266403.2401
2026-08-04T14:14:00+05:30,1302.24,112.5483,1189.6920,0.9497,0.0005,1322774.7700,0.0007,13644161.6215
2026-08-04T14:15:00+05:30,1400.14,117.0197,1283.1170,1.0175,0.0005,1396641.3252,0.0007,13850714.7499
2026-08-04T14:16:00+05:30,2142.63,149.4450,1993.1836,5.4928,0.0009,1557793.4069,0.0027,22629304.3565
2026-08-04T14:17:00+05:30,1316.77,113.0352,1203.7367,0.9724,0.0004,1368701.2117,0.0008,16254973.8496
2026-08-04T14:18:00+05:30,1502.84,109.3221,1393.5197,1.1008,0.0005,1329581.9721,0.0008,15690432.6955
2026-08-04T14:19:00+05:30,1073.80,108.7351,965.0661,0.7795,0.0004,1312585.0764,0.0007,11707655.3943
2026-08-04T14:20:00+05:30,1170.41,110.9555,1059.4530,0.8535,0.0005,1354182.7394,0.0007,13010558.4853
2026-08-04T14:21:00+05:30,1942.16,124.1023,1818.0622,10.4424,0.0018,1515209.4643,0.0057,23804369.9742
2026-08-04T14:22:00+05:30,1296.26,106.0730,1190.1912,0.9546,0.0004,1329644.8897,0.0008,14981430.5099
2026-08-04T14:23:00+05:30,1227.72,108.5685,1119.1520,0.8910,0.0004,1346877.9626,0.0008,12346574.7525
2026-08-04T14:24:00+05:30,1101.41,105.0403,996.3664,0.7988,0.0005,1332108.0072,0.0008,11458641.2427
2026-08-04T14:25:00+05:30,1415.83,115.0821,1300.7431,1.0380,0.0004,1811223.7791,0.0007,14969757.7101
2026-08-04T14:26:00+05:30,1867.87,154.9873,1712.8784,4.3935,0.0008,1940329.1105,0.0025,21422410.4547
2026-08-04T14:27:00+05:30,1451.93,105.8641,1346.0628,1.5256,0.0005,1372638.9625,0.0011,15746771.6157
2026-08-04T14:28:00+05:30,1176.73,103.8528,1072.8736,0.8523,0.0005,1361920.5119,0.0008,11651167.5249
2026-08-04T14:29:00+05:30,1056.86,102.6530,954.2061,0.7644,0.0005,1350134.6487,0.0007,10796367.4177
2026-08-04T14:30:00+05:30,1113.69,99.7700,1013.9195,0.8092,0.0004,1315647.1902,0.0008,11739221.8981
2026-08-04T14:31:00+05:30,2214.55,253.9161,1960.6386,15.1775,0.0032,2164479.5947,0.0074,20189705.4109
2026-08-04T14:32:00+05:30,1222.19,107.6792,1114.5134,0.8835,0.0004,1402975.4138,0.0007,12007322.9877
2026-08-04T14:33:00+05:30,1067.14,105.0053,962.1314,0.7669,0.0004,1387817.3212,0.0007,10153909.9940
2026-08-04T14:34:00+05:30,1077.87,103.2534,974.6158,0.7798,0.0004,1383197.0399,0.0007,11031783.1928
2026-08-04T14:35:00+05:30,1104.11,100.8150,1003.2999,0.8021,0.0005,1321552.3741,0.0007,11603433.2761
2026-08-04T14:36:00+05:30,1758.88,342.2009,1416.6750,3.4254,0.0010,2678164.3498,0.0022,14896866.7533
2026-08-04T14:37:00+05:30,1670.46,91.4499,1579.0105,11.6146,0.0018,1196202.3595,0.0073,16475186.0295
2026-08-04T14:38:00+05:30,1061.43,99.0084,962.4198,0.7647,0.0005,1325513.7657,0.0007,10183752.0165
2026-08-04T14:39:00+05:30,1043.22,97.6248,945.5955,0.7563,0.0005,1318795.1197,0.0008,10802964.4643
2026-08-04T14:40:00+05:30,1098.48,98.6467,999.8333,0.7983,0.0005,1315523.0826,0.0007,11518182.4606
2026-08-04T14:41:00+05:30,1319.56,118.2724,1201.2864,0.9549,0.0005,1493462.7254,0.0007,12790393.7081
2026-08-04T14:42:00+05:30,2741.14,968.5948,1772.5454,14.6229,0.0017,16360990.2984,0.0074,18317634.2724
2026-08-04T14:43:00+05:30,1076.62,117.1520,959.4660,0.7689,0.0004,1490788.8930,0.0007,10179104.1035
2026-08-04T14:44:00+05:30,1116.74,119.4560,997.2832,0.8042,0.0005,1501395.6031,0.0008,11276715.3024
2026-08-04T14:45:00+05:30,1119.14,115.7693,1003.3672,0.8085,0.0005,1467475.5880,0.0007,11544942.4080
2026-08-04T14:46:00+05:30,1314.33,113.9196,1200.4132,0.9520,0.0005,1467478.5391,0.0007,12746902.6926
2026-08-04T14:47:00+05:30,4235.89,3038.5757,1197.3127,25.1896,0.0050,21460964.1744,0.0086,13447253.0133
2026-08-04T14:48:00+05:30,1758.32,486.5176,1271.7985,9.2653,0.0074,8087219.3984,0.0044,13110886.0928
2026-08-04T14:49:00+05:30,1088.30,125.3771,962.9185,0.7744,0.0004,1581344.6218,0.0007,10944693.3102
2026-08-04T14:50:00+05:30,1130.99,132.8922,998.0999,0.8117,0.0004,1663564.7710,0.0007,11408803.2536
2026-08-04T14:51:00+05:30,1312.31,128.7145,1183.5969,0.9451,0.0005,1640011.0665,0.0007,12456615.8564
2026-08-04T14:52:00+05:30,1252.68,120.6178,1132.0648,0.9053,0.0005,1571830.4452,0.0007,12392010.6638
2026-08-04T14:53:00+05:30,2635.87,834.5559,1801.3137,10.2503,0.0017,10001177.6277,0.0049,18183139.9183
2026-08-04T14:54:00+05:30,1118.53,139.9117,978.6149,0.7990,0.0005,1755896.7247,0.0008,11020660.2550
2026-08-04T14:55:00+05:30,1124.70,131.9947,992.7012,0.8072,0.0004,1670917.3624,0.0007,11288521.1218
2026-08-04T14:56:00+05:30,1290.77,127.0167,1163.7500,0.9297,0.0004,1627682.1333,0.0007,12252910.9333
2026-08-04T14:57:00+05:30,1227.30,117.6000,1109.7000,0.8870,0.0005,1535180.8000,0.0007,12163822.9333
2026-08-04T14:58:00+05:30,2156.45,325.2787,1831.1697,9.8756,0.0010,4253401.9464,0.0053,18396233.0356
2026-08-04T14:59:00+05:30,1096.95,128.9360,968.0119,0.7866,0.0005,1644517.6110,0.0007,10903480.8555
2026-08-04T15:00:00+05:30,1118.36,129.7312,988.6335,0.8031,0.0005,1658442.7593,0.0007,11242513.4248
2026-08-04T15:01:00+05:30,1277.47,127.6837,1149.7866,0.9194,0.0005,1657052.9404,0.0008,12092185.0913
2026-08-04T15:02:00+05:30,1221.41,128.0457,1093.3636,0.8791,0.0004,1648858.1047,0.0008,11942582.1806
2026-08-04T15:03:00+05:30,2014.05,395.5837,1618.4651,5.8039,0.0009,5701429.9475,0.0034,16380655.2121
2026-08-04T15:04:00+05:30,1368.29,144.3263,1223.9649,5.0191,0.0010,1804271.7515,0.0040,13265985.1990
2026-08-04T15:05:00+05:30,1141.08,148.1611,992.9177,0.8144,0.0005,1856264.4981,0.0007,11309323.0236
2026-08-04T15:06:00+05:30,1278.56,140.7904,1137.7736,0.9160,0.0004,1792430.9549,0.0007,11959211.2939
2026-08-04T15:07:00+05:30,1224.70,135.0648,1089.6376,0.8793,0.0004,1731276.4432,0.0007,11878789.2043
2026-08-04T15:08:00+05:30,2026.61,421.2307,1605.3785,5.8023,0.0007,6713216.8552,0.0035,16210174.0507
2026-08-04T15:09:00+05:30,1405.63,137.5144,1268.1122,4.0155,0.0009,1731310.9333,0.0031,13829870.9333
2026-08-04T15:10:00+05:30,1107.07,130.4449,976.6283,0.7940,0.0004,1660236.0472,0.0008,11067557.5115
2026-08-04T15:11:00+05:30,1673.09,586.6062,1086.4813,1.6342,0.0012,5546513.0974,0.0008,11498585.6162
2026-08-04T15:12:00+05:30,1217.30,134.3224,1082.9805,0.8639,0.0004,1675924.9887,0.0007,11830681.2689
2026-08-04T15:13:00+05:30,2916.84,1141.2618,1775.5813,14.3278,0.0020,12012247.9540,0.0068,18098591.9493
2026-08-04T15:14:00+05:30,1254.61,205.6491,1048.9585,0.8798,0.0005,1996945.0425,0.0007,11556098.5169
2026-08-04T15:15:00+05:30,1530.79,602.8831,927.9060,1.4728,0.0012,5582407.5728,0.0008,10677696.6869
2026-08-04T15:16:00+05:30,1252.02,134.4756,1117.5412,0.8914,0.0004,1666199.5766,0.0007,11701218.6609
2026-08-04T15:17:00+05:30,1196.80,129.7812,1067.0155,0.8598,0.0005,1619353.6000,0.0007,11641992.5333
2026-08-04T15:18:00+05:30,1230.05,123.6687,1106.3851,0.8837,0.0005,1560780.8000,0.0007,11406336.0000
2026-08-04T15:19:00+05:30,4509.98,2929.2441,1580.7317,20.5341,0.0033,225989076.6897,0.0070,16416361.0968
2026-08-04T15:20:00+05:30,1114.40,139.6043,974.7962,0.7850,0.0004,1703713.6904,0.0008,11119099.3316
2026-08-04T15:21:00+05:30,1251.93,131.5816,1120.3512,0.8966,0.0004,1635328.7678,0.0007,11774080.4799
2026-08-04T15:22:00+05:30,1195.01,124.8896,1070.1202,0.8601,0.0004,1570117.4039,0.0007,11673442.9814
2026-08-04T15:23:00+05:30,1239.66,119.5893,1120.0727,0.8924,0.0005,1532142.6762,0.0007,11601942.5295
2026-08-04T15:24:00+05:30,2134.91,1243.6959,891.2185,7.0725,0.0046,6904192.2603,0.0015,10478720.5760
2026-08-04T15:25:00+05:30,4737.85,3513.4090,1224.4446,13.8718,0.0030,232331002.1501,0.0027,13363458.5729
2026-08-04T15:26:00+05:30,1496.61,147.0446,1349.5642,1.0671,0.0003,1788348.2202,0.0007,14163308.3589
2026-08-04T15:27:00+05:30,1526.43,144.9239,1381.5024,1.1021,0.0004,1773451.8726,0.0008,14206935.4134
2026-08-04T15:28:00+05:30,1184.68,135.3068,1049.3691,0.8487,0.0005,1670500.5917,0.0008,11247700.5184
2026-08-04T15:29:00+05:30,1136.41,133.9057,1002.5004,0.8158,0.0005,1670695.5159,0.0008,11539331.2219
2026-08-04T15:30:00+05:30,2621.41,1546.9950,1074.4122,3.9079,0.0013,86645571.1287,0.0017,12104758.9723
2026-08-04T15:31:00+05:30,3869.37,2443.4517,1425.9164,14.8021,0.0037,151018502.0252,0.0041,14688194.6894
2026-08-04T15:32:00+05:30,1295.45,155.2911,1140.1570,0.9167,0.0004,1858206.0137,0.0007,12437309.1539
2026-08-04T15:33:00+05:30,1110.32,150.2983,960.0260,0.7857,0.0004,1825502.5827,0.0008,10164992.4351
2026-08-04T15:34:00+05:30,1115.95,143.0096,972.9450,0.7969,0.0005,1758910.7518,0.0008,11142977.1629
2026-08-04T15:35:00+05:30,1177.33,136.5591,1040.7694,0.8467,0.0005,1667661.0441,0.0008,12116639.2426
2026-08-04T15:36:00+05:30,3677.29,2190.8650,1486.4275,10.1695,0.0023,94318981.2534,0.0034,15649244.0386
2026-08-04T15:37:00+05:30,3887.78,2680.1833,1207.6000,17.8533,0.0040,153336217.6000,0.0060,13108292.2667
2026-08-04T15:38:00+05:30,1222.51,173.1109,1049.3984,0.8533,0.0004,2032299.1900,0.0007,10899911.8696
2026-08-04T15:39:00+05:30,1259.53,170.0947,1089.4393,0.8960,0.0004,2016322.1548,0.0007,12025292.3528
2026-08-04T15:40:00+05:30,1182.10,164.4336,1017.6649,0.8418,0.0004,1958374.8292,0.0008,11822536.1464
2026-08-04T15:41:00+05:30,1363.38,161.0381,1202.3436,0.9748,0.0005,1918071.2095,0.0008,12823350.3134
2026-08-04T15:42:00+05:30,3239.17,1918.5649,1320.6079,10.5296,0.0026,61887542.4839,0.0042,14049298.4286
2026-08-04T15:43:00+05:30,4132.90,3094.8682,1038.0340,15.8278,0.0035,186551811.0635,0.0049,11262276.2379
2026-08-04T15:44:00+05:30,1393.57,188.2188,1205.3539,0.9819,0.0004,2147542.7543,0.0008,12951072.1739
2026-08-04T15:45:00+05:30,1514.97,508.0677,1006.9009,1.2985,0.0010,4860756.9009,0.0008,11717214.5619
2026-08-04T15:46:00+05:30,1368.28,181.4712,1186.8042,0.9715,0.0005,2105749.7500,0.0008,12567806.4129
2026-08-04T15:47:00+05:30,1357.24,177.7511,1179.4846,0.9638,0.0005,2109173.0506,0.0008,12361667.1000
2026-08-04T15:48:00+05:30,3135.71,2143.9905,991.7163,6.5816,0.0022,26573172.9253,0.0020,10968885.5109
2026-08-04T15:49:00+05:30,5240.58,4035.2322,1205.3432,19.5164,0.0032,247097731.3045,0.0056,13419364.6106
2026-08-04T15:50:00+05:30,1435.67,210.8772,1224.7946,1.0037,0.0004,2249908.7621,0.0008,13281875.8271
2026-08-04T15:51:00+05:30,1374.24,206.6426,1167.5971,0.9673,0.0005,2274584.7651,0.0007,12205611.7453
2026-08-04T15:52:00+05:30,1340.78,201.0399,1139.7430,0.9438,0.0005,2245277.5148,0.0007,11858289.9807
2026-08-04T15:53:00+05:30,1260.26,195.5804,1064.6769,0.8870,0.0004,2221653.0347,0.0008,11608609.8057
2026-08-04T15:54:00+05:30,2030.27,1039.7740,990.4983,2.1458,0.0010,11768600.2434,0.0011,11345064.4618
2026-08-04T15:55:00+05:30,5745.40,4385.9512,1359.4534,24.1066,0.0031,251424022.9314,0.0076,14628532.4223
2026-08-04T15:56:00+05:30,1541.39,234.4784,1306.9153,1.0697,0.0004,2427137.8902,0.0007,13328436.0218
2026-08-04T15:57:00+05:30,1313.15,226.9727,1086.1753,0.9143,0.0004,2416198.9532,0.0008,11321588.6922
2026-08-04T15:58:00+05:30,1239.75,219.0171,1020.7302,0.8639,0.0004,2364607.4422,0.0007,11095218.9172
2026-08-04T15:59:00+05:30,1202.69,213.0869,989.5998,0.8415,0.0005,2338581.9097,0.0008,11503466.3911
2026-08-04T16:00:00+05:30,1507.70,447.0018,1060.6980,1.0488,0.0005,4692572.4571,0.0008,11911993.4668
2026-08-04T16:01:00+05:30,5987.89,4382.8568,1605.0290,26.5922,0.0028,212611216.4234,0.0092,16944015.9968
2026-08-04T16:02:00+05:30,2747.25,1811.2997,935.9496,11.2547,0.0050,60822021.8725,0.0024,10514095.4921
2026-08-04T16:03:00+05:30,1190.39,217.9036,972.4829,0.8234,0.0004,2286318.9333,0.0007,10281028.2667
2026-08-04T16:04:00+05:30,1224.66,214.5893,1010.0662,0.8564,0.0004,2272589.8470,0.0007,11446641.3786
2026-08-04T16:05:00+05:30,1236.93,213.6367,1023.2892,0.8683,0.0004,2306176.5079,0.0007,11994794.5187
2026-08-04T16:06:00+05:30,1435.35,208.1750,1227.1712,1.0142,0.0004,2287742.7138,0.0007,13106503.8076
2026-08-04T16:07:00+05:30,4383.94,2981.1645,1402.7803,15.9579,0.0026,54526352.9020,0.0060,15261174.1174
2026-08-04T16:08:00+05:30,4510.90,3420.4439,1090.4546,15.0947,0.0030,218260460.2053,0.0046,11605014.7980
2026-08-04T16:09:00+05:30,1215.55,224.3813,991.1674,0.8380,0.0004,2319819.7454,0.0008,11125837.4775
2026-08-04T16:10:00+05:30,1207.97,220.3701,987.5979,0.8431,0.0005,2335001.9836,0.0007,11491276.7582
2026-08-04T16:11:00+05:30,1406.58,217.4768,1189.0987,0.9888,0.0005,2316204.6958,0.0007,12574803.9526
2026-08-04T16:12:00+05:30,1375.16,214.6797,1160.4765,0.9678,0.0005,2375603.5592,0.0008,12590828.5400
2026-08-04T16:13:00+05:30,2896.73,1774.5415,1122.1907,7.6616,0.0027,15576286.0906,0.0026,11746200.6969
2026-08-04T16:14:00+05:30,5186.05,3797.9705,1388.0798,21.0349,0.0031,243886170.0880,0.0069,14934470.8078
2026-08-04T16:15:00+05:30,1244.88,227.8236,1017.0543,0.8569,0.0004,2360813.0168,0.0008,11572442.7847
2026-08-04T16:16:00+05:30,1348.78,218.2233,1130.5573,0.9448,0.0005,2315278.8678,0.0007,11954183.0669
2026-08-04T16:17:00+05:30,1645.29,553.0504,1092.2362,1.4392,0.0010,5157233.2611,0.0008,11758065.9223
2026-08-04T16:18:00+05:30,1292.32,206.0088,1086.3161,0.9000,0.0004,2238084.6497,0.0007,11584789.1755
2026-08-04T16:19:00+05:30,2363.49,1349.2399,1014.2510,1.7835,0.0007,18796090.4060,0.0008,11541385.9591
2026-08-04T16:20:00+05:30,6039.06,4665.2830,1373.7768,27.5438,0.0033,249074014.6370,0.0091,15161243.1108
2026-08-04T16:21:00+05:30,1900.70,754.8827,1145.8139,4.0052,0.0033,15373788.0283,0.0013,11990328.7562
2026-08-04T16:22:00+05:30,1272.86,227.3212,1045.5409,0.8842,0.0005,2411170.9285,0.0007,11015433.7723
2026-08-04T16:23:00+05:30,1237.24,220.5093,1016.7328,0.8607,0.0005,2390112.6981,0.0008,10952180.1303
2026-08-04T16:24:00+05:30,1222.87,211.4769,1011.3970,0.8580,0.0005,2314676.4417,0.0007,11876605.0952
2026-08-04T16:25:00+05:30,1249.36,204.6008,1044.7575,0.8780,0.0004,2265025.3880,0.0008,11776042.6745
2026-08-04T16:26:00+05:30,5536.17,3954.6416,1581.5267,24.8091,0.0028,131416546.9664,0.0089,16697150.0558
2026-08-04T16:27:00+05:30,3608.93,2512.0845,1096.8430,10.1103,0.0028,152769023.0186,0.0029,12055464.3554
2026-08-04T16:28:00+05:30,1191.62,243.0541,948.5658,0.8170,0.0004,2446758.8920,0.0007,10079841.0614
2026-08-04T16:29:00+05:30,1227.02,242.9581,984.0661,0.8489,0.0004,2467744.5957,0.0007,11227869.2645
2026-08-04T16:30:00+05:30,1232.32,237.2048,995.1169,0.8573,0.0005,2462255.5539,0.0007,11737115.5442
2026-08-04T16:31:00+05:30,1452.81,228.4281,1224.3779,1.0209,0.0004,2426427.3618,0.0007,13098788.9859
2026-08-04T16:32:00+05:30,3786.21,2654.2794,1131.9324,11.4501,0.0028,29658731.3692,0.0038,12694542.0611
2026-08-04T16:33:00+05:30,5317.56,3839.2545,1478.3022,21.5462,0.0027,255025661.0040,0.0077,15303510.3946
2026-08-04T16:34:00+05:30,1226.41,245.0887,981.3213,0.8351,0.0004,2468342.3087,0.0007,11025949.3468
2026-08-04T16:35:00+05:30,1238.83,240.7793,998.0500,0.8600,0.0005,2462815.4864,0.0008,11576946.2509
2026-08-04T16:36:00+05:30,1414.23,234.6430,1179.5829,0.9891,0.0004,2463444.6982,0.0007,12479386.5542
2026-08-04T16:37:00+05:30,1757.13,660.0077,1097.1192,1.6062,0.0011,6101790.4330,0.0008,12057536.4468
2026-08-04T16:38:00+05:30,2309.81,1119.6585,1190.1499,2.4914,0.0007,15323174.3110,0.0014,12267990.8635
2026-08-04T16:39:00+05:30,6230.45,4837.7077,1392.7411,26.6661,0.0031,262678925.6278,0.0085,15116614.6411
2026-08-04T16:40:00+05:30,1661.20,663.0832,998.1166,2.9345,0.0027,11159632.1149,0.0012,11307641.6487
2026-08-04T16:41:00+05:30,1629.63,528.9862,1100.6434,1.2179,0.0007,4892956.4956,0.0007,11782298.2298
2026-08-04T16:42:00+05:30,1340.73,235.2745,1105.4535,0.9333,0.0005,2466283.8095,0.0007,11723552.3851
2026-08-04T16:43:00+05:30,1310.99,225.3437,1085.6453,0.9146,0.0005,2377679.7134,0.0007,11619836.3742
2026-08-04T16:44:00+05:30,1233.98,217.6500,1016.3333,0.8627,0.0005,2333939.6990,0.0007,11565726.6288
2026-08-04T16:45:00+05:30,5661.65,4127.3285,1534.3230,25.9832,0.0027,140227567.9963,0.0097,16360591.5559
2026-08-04T16:46:00+05:30,3796.33,2766.6500,1029.6815,11.5268,0.0032,148862905.0708,0.0026,11087701.4557
2026-08-04T16:47:00+05:30,1275.52,250.1916,1025.3308,0.8779,0.0005,2521791.5542,0.0007,11319119.8214
2026-08-04T16:48:00+05:30,1178.09,235.8187,942.2747,0.8111,0.0004,2425741.9946,0.0007,10108054.8749
2026-08-04T16:49:00+05:30,1210.84,230.0155,980.8195,0.8418,0.0004,2404332.6834,0.0008,11343877.0851
2026-08-04T16:50:00+05:30,1243.23,222.7445,1020.4844,0.8698,0.0004,2387677.7839,0.0008,11961737.2869
2026-08-04T16:51:00+05:30,4105.00,2954.8909,1150.1083,11.5066,0.0025,33939056.0240,0.0039,12906188.1686
2026-08-04T16:52:00+05:30,5818.64,4248.1794,1570.4644,24.9888,0.0027,255644622.9066,0.0086,16735930.1438
2026-08-04T16:53:00+05:30,1239.98,258.2248,981.7578,0.8375,0.0004,2549148.8886,0.0008,10403133.7813
2026-08-04T16:54:00+05:30,1232.14,248.7502,983.3855,0.8509,0.0004,2506459.5797,0.0008,11179956.4717
2026-08-04T16:55:00+05:30,1231.61,241.3914,990.2163,0.8553,0.0005,2467239.5747,0.0008,11674876.6292
2026-08-04T16:56:00+05:30,1452.74,232.9778,1219.7634,1.0191,0.0004,2444385.9959,0.0007,13003167.0194
2026-08-04T16:57:00+05:30,2075.77,908.5424,1167.2306,1.7500,0.0007,11031652.1043,0.0010,12826259.2549
2026-08-04T16:58:00+05:30,6355.01,4799.6200,1555.3907,27.2784,0.0026,245592203.3299,0.0095,16059533.9411
2026-08-04T16:59:00+05:30,2398.00,1512.2764,885.7200,6.4701,0.0036,35114803.9271,0.0011,10225081.9929
2026-08-04T17:00:00+05:30,1233.47,252.3326,981.1396,0.8520,0.0004,2531917.6275,0.0007,11376738.9537
2026-08-04T17:01:00+05:30,1410.38,248.6080,1161.7711,0.9816,0.0004,2517101.4570,0.0007,12264374.2207
2026-08-04T17:02:00+05:30,1367.72,239.5720,1128.1517,0.9540,0.0005,2493054.1613,0.0007,12207658.1675
2026-08-04T17:03:00+05:30,1385.47,230.1230,1155.3489,0.9682,0.0004,2454090.7424,0.0007,12045492.5493
2026-08-04T17:04:00+05:30,5111.43,3755.0922,1356.3356,20.2379,0.0026,82911587.6990,0.0077,14972127.6773
2026-08-04T17:05:00+05:30,4416.30,3321.6000,1094.7000,12.4682,0.0022,210999535.8589,0.0046,12165732.3622
2026-08-04T17:06:00+05:30,1359.45,263.3079,1096.1468,0.9353,0.0004,2595505.4247,0.0007,11735613.7526
2026-08-04T17:07:00+05:30,1339.93,253.3538,1086.5732,0.9276,0.0004,2577448.6310,0.0007,11601317.4463
2026-08-04T17:08:00+05:30,1284.02,242.4535,1041.5701,0.8905,0.0004,2517747.9457,0.0007,11349323.3769
2026-08-04T17:09:00+05:30,1217.32,237.0811,980.2363,0.8445,0.0004,2493244.1008,0.0007,11327616.0512
2026-08-04T17:10:00+05:30,3315.04,2341.9460,973.0951,8.5709,0.0024,29298519.3532,0.0031,11308073.4789
2026-08-04T17:11:00+05:30,6313.97,4659.4110,1654.5609,29.4394,0.0030,261373939.1657,0.0096,17022372.2395
2026-08-04T17:12:00+05:30,1295.38,270.7986,1024.5817,0.8751,0.0004,2656420.2387,0.0007,11417111.9259
2026-08-04T17:13:00+05:30,1239.88,261.3167,978.5667,0.8489,0.0005,2622464.0000,0.0007,10460296.5333
2026-08-04T17:14:00+05:30,1230.17,251.1790,978.9865,0.8485,0.0004,2551766.5683,0.0007,11084775.6836
2026-08-04T17:15:00+05:30,1244.56,241.8933,1002.6675,0.8652,0.0005,2501236.9456,0.0007,11887072.7576
2026-08-04T17:16:00+05:30,1656.27,414.3895,1241.8855,1.1182,0.0004,4305045.0547,0.0008,13357112.2367
2026-08-04T17:17:00+05:30,6250.87,4696.8298,1554.0369,26.3329,0.0026,176505130.2087,0.0093,16948398.1599
2026-08-04T17:18:00+05:30,3218.05,2231.7539,986.2998,8.1660,0.0026,117268548.2667,0.0024,10569318.4000
2026-08-04T17:19:00+05:30,1248.52,262.4894,986.0312,0.8584,0.0004,2586235.8393,0.0007,11081322.0870
2026-08-04T17:20:00+05:30,1242.26,254.3279,987.9368,0.8592,0.0004,2540711.5984,0.0008,11604230.0015
2026-08-04T17:21:00+05:30,1450.33,246.3867,1203.9442,1.0126,0.0004,2490593.0519,0.0007,12728612.9226
2026-08-04T17:22:00+05:30,1383.29,235.1961,1148.0975,0.9684,0.0004,2467840.0000,0.0007,12652953.6000
2026-08-04T17:23:00+05:30,4398.14,3185.5981,1212.5454,15.3278,0.0028,56585837.9495,0.0057,12920563.9436
2026-08-04T17:24:00+05:30,4999.40,3651.7827,1347.6175,15.8506,0.0022,237577622.3925,0.0059,14411750.7498
2026-08-04T17:25:00+05:30,1553.68,588.6128,965.0649,1.2683,0.0009,5275072.9024,0.0008,11212900.6967
2026-08-04T17:26:00+05:30,1400.16,262.3148,1137.8419,0.9703,0.0004,2633845.1690,0.0007,12129862.7726
2026-08-04T17:27:00+05:30,1357.78,251.0418,1106.7345,0.9426,0.0004,2543109.9998,0.0007,11955628.0109
2026-08-04T17:28:00+05:30,1337.26,237.8889,1099.3717,0.9306,0.0004,2484343.7599,0.0007,11746845.0014
2026-08-04T17:29:00+05:30,2993.27,1999.5500,993.7167,4.4295,0.0015,27597123.4187,0.0015,11248622.6770
2026-08-04T17:30:00+05:30,6364.73,4887.9833,1476.7500,29.5093,0.0030,258112988.7835,0.0100,16225897.0350
2026-08-04T17:31:00+05:30,1578.81,508.7599,1070.0462,1.3795,0.0011,11679895.4458,0.0008,11671292.1251
2026-08-04T17:32:00+05:30,1313.37,262.9149,1050.4599,0.9043,0.0004,2619657.1124,0.0007,11248778.5629
2026-08-04T17:33:00+05:30,1264.55,253.7997,1010.7493,0.8725,0.0005,2577850.5433,0.0007,11220107.4595
2026-08-04T17:34:00+05:30,1220.67,245.6500,975.0167,0.8421,0.0004,2541593.9068,0.0007,10891492.0751
2026-08-04T17:35:00+05:30,1284.26,234.1341,1050.1275,0.8948,0.0004,2462202.2472,0.0007,11809680.3921
2026-08-04T17:36:00+05:30,5871.94,4133.1756,1738.7646,27.4107,0.0027,102054907.0004,0.0094,18476672.3434
2026-08-04T17:37:00+05:30,4266.01,3310.7426,955.2629,8.5808,0.0020,195477000.1500,0.0023,11033290.6409
2026-08-04T17:38:00+05:30,1215.27,261.0050,954.2637,0.8294,0.0004,2568812.1428,0.0007,10384031.1901
2026-08-04T17:39:00+05:30,1233.27,255.2273,978.0405,0.8481,0.0004,2548611.5984,0.0008,10804058.8255
2026-08-04T17:40:00+05:30,1245.75,249.0462,996.7012,0.8637,0.0004,2531875.4436,0.0008,11735711.1678
2026-08-04T17:41:00+05:30,1480.28,236.3561,1243.9240,1.0396,0.0004,2470641.1069,0.0008,13277417.1695
2026-08-04T17:42:00+05:30,3737.75,2588.5451,1149.2032,9.8084,0.0023,33966376.3168,0.0035,12912586.7449
2026-08-04T17:43:00+05:30,6365.59,4883.1216,1482.4649,22.9582,0.0022,264097509.4843,0.0081,15529420.6754
2026-08-04T17:44:00+05:30,1257.56,269.5025,988.0536,0.8476,0.0004,2612780.7788,0.0007,10998603.1958
2026-08-04T17:45:00+05:30,1252.80,257.9328,994.8670,0.8652,0.0004,2557849.7434,0.0008,11573295.6470
2026-08-04T17:46:00+05:30,1428.10,248.9041,1179.1983,0.9961,0.0004,2535388.2259,0.0007,12644375.7584
2026-08-04T17:47:00+05:30,1356.20,240.0680,1116.1345,0.9463,0.0005,2505913.5101,0.0007,12316259.1031
2026-08-04T17:48:00+05:30,1687.33,515.4177,1171.9115,1.1556,0.0005,5418391.4529,0.0008,12047211.4272
2026-08-04T17:49:00+05:30,6303.19,4892.3928,1410.7941,22.4507,0.0022,185702082.5388,0.0079,15226188.4126
2026-08-04T17:50:00+05:30,3360.95,2333.7666,1027.1820,9.4020,0.0025,110743476.1595,0.0037,11762168.1583
2026-08-04T17:51:00+05:30,1378.66,263.1061,1115.5507,0.9547,0.0004,2607060.6434,0.0007,12175272.9455
2026-08-04T17:52:00+05:30,1320.19,255.7585,1064.4355,0.9133,0.0004,2582545.8182,0.0007,11670029.5343
2026-08-04T17:53:00+05:30,1314.69,244.2219,1070.4704,0.9109,0.0004,2536623.3420,0.0007,11325495.9675
2026-08-04T17:54:00+05:30,1221.85,236.7886,985.0632,0.8454,0.0004,2506627.7236,0.0007,10843867.2335
2026-08-04T17:55:00+05:30,4265.12,3063.8298,1201.2863,17.1687,0.0028,46417488.8619,0.0075,13408515.5701
2026-08-04T17:56:00+05:30,5783.47,4324.0432,1459.4279,19.9597,0.0021,258805029.1201,0.0075,15658308.9360
2026-08-04T17:57:00+05:30,1276.64,267.9857,1008.6512,0.8670,0.0004,2644184.0245,0.0008,11451143.8859
2026-08-04T17:58:00+05:30,1210.84,257.2995,953.5364,0.8293,0.0005,2591980.8013,0.0007,10314132.6578
2026-08-04T17:59:00+05:30,1217.80,248.5960,969.2026,0.8377,0.0004,2543719.4854,0.0007,10533049.2634
2026-08-04T18:00:00+05:30,1582.31,593.7589,988.5479,1.3524,0.0010,5359348.6914,0.0008,11774139.4232
2026-08-04T18:01:00+05:30,2230.12,976.1016,1254.0164,2.0386,0.0007,12553949.2034,0.0011,13527776.5482
2026-08-04T18:02:00+05:30,6309.13,4621.8563,1687.2719,29.9016,0.0026,183637003.3833,0.0106,18045309.9115
2026-08-04T18:03:00+05:30,3060.87,2164.4644,896.4058,6.2835,0.0025,111813933.7466,0.0011,10164512.1642
2026-08-04T18:04:00+05:30,1250.80,264.6985,986.0975,0.8590,0.0004,2626836.7867,0.0007,10973693.9772
2026-08-04T18:05:00+05:30,1227.23,255.0333,972.2000,0.8477,0.0004,2562005.2999,0.0007,11405736.3044
2026-08-04T18:06:00+05:30,1445.34,243.9821,1201.3569,1.0101,0.0004,2512442.7552,0.0007,12714547.1761
2026-08-04T18:07:00+05:30,1398.66,237.9762,1160.6839,0.9790,0.0004,2507157.4702,0.0007,12736065.0612
2026-08-04T18:08:00+05:30,4675.86,3521.2246,1154.6308,16.0206,0.0027,55691905.9349,0.0060,12239736.2711
2026-08-04T18:09:00+05:30,5819.76,4481.4327,1338.3279,19.3112,0.0020,256151420.5140,0.0077,14775583.7195
2026-08-04T18:10:00+05:30,1257.95,270.6212,987.3331,0.8516,0.0004,2637117.0186,0.0007,11406457.8410
2026-08-04T18:11:00+05:30,1366.15,256.8119,1109.3409,0.9462,0.0004,2578217.1486,0.0007,11860208.4493
2026-08-04T18:12:00+05:30,1620.37,525.9307,1094.4406,1.1949,0.0007,4861056.2944,0.0008,11851683.0984
2026-08-04T18:13:00+05:30,1344.82,239.4479,1105.3711,0.9350,0.0004,2491712.2806,0.0007,11644127.2900
2026-08-04T18:14:00+05:30,1876.61,842.9340,1033.6760,1.2721,0.0006,9880443.1114,0.0008,11359417.7165
2026-08-04T18:15:00+05:30,6302.51,4697.9217,1604.5899,26.8810,0.0022,149635445.2759,0.0102,17437200.5800
2026-08-04T18:16:00+05:30,3714.68,2721.7648,992.9162,5.6270,0.0016,150875978.3986,0.0013,11368386.6924
2026-08-04T18:17:00+05:30,1269.61,268.0479,1001.5668,0.8698,0.0004,2645734.4401,0.0007,10733344.2678
2026-08-04T18:18:00+05:30,1232.39,257.1157,975.2700,0.8476,0.0005,2606483.4022,0.0008,10793364.0848
2026-08-04T18:19:00+05:30,1236.52,251.5832,984.9343,0.8529,0.0005,2592663.4224,0.0008,11068565.5623
2026-08-04T18:20:00+05:30,1304.33,244.7718,1059.5557,0.9068,0.0004,2564718.0684,0.0007,11934784.7561
2026-08-04T18:21:00+05:30,4343.68,2957.9235,1385.7567,18.7962,0.0031,46552301.5421,0.0070,14806031.1078
2026-08-04T18:22:00+05:30,6424.46,5013.2004,1411.2637,18.1388,0.0015,263589570.7595,0.0075,15692174.0696
2026-08-04T18:23:00+05:30,1241.46,271.8455,969.6172,0.8327,0.0004,2645767.1039,0.0007,10322771.9538
2026-08-04T18:24:00+05:30,1262.30,264.4877,997.8166,0.8678,0.0004,2633337.9113,0.0007,11147840.3947
2026-08-04T18:25:00+05:30,1253.18,253.2829,999.9000,0.8673,0.0004,2528695.8956,0.0008,11670484.0941
2026-08-04T18:26:00+05:30,1466.03,247.1200,1218.9120,1.0248,0.0004,2563661.8375,0.0007,12977415.6011
2026-08-04T18:27:00+05:30,1840.37,677.6306,1162.7426,1.3053,0.0005,8105185.0568,0.0008,12822881.0611
2026-08-04T18:28:00+05:30,6323.15,4690.9961,1632.1588,27.3143,0.0023,166868802.1068,0.0104,16963612.9806
2026-08-04T18:29:00+05:30,3412.76,2483.3022,929.4594,5.4737,0.0017,138538217.3044,0.0014,10744491.6678
2026-08-04T18:30:00+05:30,1250.22,272.9531,977.2636,0.8582,0.0004,2660819.3896,0.0008,11321745.1951
2026-08-04T18:31:00+05:30,1410.61,259.5926,1151.0151,0.9792,0.0005,2597831.4193,0.0007,12225940.4284
2026-08-04T18:32:00+05:30,1374.81,251.9417,1122.8708,0.9567,0.0004,2596993.8497,0.0007,12309095.4548
2026-08-04T18:33:00+05:30,1399.86,242.0207,1157.8360,0.9749,0.0005,2508253.8667,0.0007,11977454.9333
2026-08-04T18:34:00+05:30,4504.67,3201.2230,1303.4423,17.4804,0.0025,58348856.9429,0.0073,14281676.0305
2026-08-04T18:35:00+05:30,5751.30,4487.0983,1264.2019,14.0891,0.0015,256647845.4435,0.0060,14278271.8741
2026-08-04T18:36:00+05:30,1622.52,605.7449,1016.7711,1.3498,0.0009,5403928.5143,0.0008,11207528.4076
2026-08-04T18:37:00+05:30,1310.72,267.5953,1043.1218,0.9025,0.0005,2678547.5873,0.0008,11448885.0973
2026-08-04T18:38:00+05:30,1286.10,255.7000,1030.4000,0.8861,0.0004,2607879.7353,0.0007,11017646.7726
2026-08-04T18:39:00+05:30,1216.30,245.4742,970.8285,0.8394,0.0004,2557627.3379,0.0007,10928515.8193
2026-08-04T18:40:00+05:30,2142.92,1115.0904,1027.8310,1.6008,0.0006,19397380.8849,0.0009,11628325.9062
2026-08-04T18:41:00+05:30,5873.73,4109.8557,1763.8736,29.6424,0.0026,122752078.9268,0.0108,18783578.1685
2026-08-04T18:42:00+05:30,3956.17,3041.4806,914.6890,6.2259,0.0017,181109686.1928,0.0012,10934111.7574
2026-08-04T18:43:00+05:30,1235.51,266.4877,969.0251,0.8439,0.0004,2648565.4841,0.0007,10359566.8178
2026-08-04T18:44:00+05:30,1246.34,255.7403,990.6022,0.8583,0.0004,2594347.1857,0.0007,10997037.2246
2026-08-04T18:45:00+05:30,1279.08,252.9964,1026.0881,0.9600,0.0004,2600617.5799,0.0008,19587113.1041
2026-08-04T18:46:00+05:30,1500.98,242.5520,1258.4311,1.0765,0.0005,2561433.2178,0.0008,17424243.1352
2026-08-04T18:47:00+05:30,4179.20,2853.0628,1326.1362,15.9429,0.0028,44397121.6113,0.0062,14748755.0769
2026-08-04T18:48:00+05:30,6223.41,4827.5649,1395.8441,16.4865,0.0012,250342925.1304,0.0075,15222655.5798
2026-08-04T18:49:00+05:30,2487.46,1670.3775,817.0819,11.1315,0.0059,30562519.2987,0.0015,9647553.0965
2026-08-04T18:50:00+05:30,1275.29,270.0103,1005.2839,0.8770,0.0005,2708023.0019,0.0007,11432410.8342
2026-08-04T18:51:00+05:30,1445.65,258.1554,1187.4948,1.0069,0.0004,2614595.9227,0.0007,12846300.2784
2026-08-04T18:52:00+05:30,1402.01,249.3000,1152.7065,0.9777,0.0004,2617169.5220,0.0008,12623440.0373
2026-08-04T18:53:00+05:30,1399.94,238.7761,1161.1672,0.9759,0.0004,2536330.9002,0.0007,12018646.6687
2026-08-04T18:54:00+05:30,4923.70,3748.6958,1175.0029,15.6777,0.0022,64218431.3739,0.0063,13077244.0874
2026-08-04T18:55:00+05:30,6080.70,4791.4785,1289.2207,23.2882,0.0024,236488715.0570,0.0092,14436468.4396
2026-08-04T18:56:00+05:30,2214.47,1274.8645,939.6082,5.4720,0.0036,29237747.3656,0.0009,10830401.4939
2026-08-04T18:57:00+05:30,1380.46,274.1030,1106.3613,0.9536,0.0004,2970885.0557,0.0007,12024572.1047
2026-08-04T18:58:00+05:30,1247.25,258.2796,988.9661,0.8587,0.0005,2792724.1695,0.0007,10935569.7118
2026-08-04T18:59:00+05:30,1221.23,248.5548,972.6790,0.8417,0.0004,2491882.3177,0.0007,10871739.0464
2026-08-04T19:00:00+05:30,1243.05,237.8309,1005.2177,0.8657,0.0004,2423814.8963,0.0007,11900714.0095
2026-08-04T19:01:00+05:30,5271.75,3632.0272,1639.7273,23.6720,0.0026,63953100.8000,0.0086,17729877.3333
2026-08-04T19:02:00+05:30,6490.42,5192.2526,1298.1631,15.7010,0.0016,266204906.8391,0.0058,23680032.0037
2026-08-04T19:03:00+05:30,3476.60,2284.8288,1191.7687,14.1055,0.0053,57988617.5123,0.0018,30642161.3263
2026-08-04T19:04:00+05:30,3108.47,1163.8861,1944.5824,10.7904,0.0012,12779793.0667,0.0048,34756608.0000
2026-08-04T19:05:00+05:30,2813.91,1063.5982,1750.3084,3.1954,0.0006,34715965.9921,0.0014,30778791.3180
2026-08-04T19:06:00+05:30,3071.11,286.6903,2784.4157,17.6280,0.0016,2455047.2096,0.0062,47669675.1487
2026-08-04T19:07:00+05:30,1658.10,151.2126,1506.8922,1.2212,0.0004,1455361.8135,0.0007,19479741.7118
2026-08-04T19:08:00+05:30,5132.09,3709.2791,1422.8077,19.6219,0.0037,222501210.1457,0.0041,18108584.8748
2026-08-04T19:09:00+05:30,2630.34,1283.3592,1346.9854,8.3736,0.0039,31109622.1767,0.0024,16709202.9138
2026-08-04T19:10:00+05:30,1805.38,493.1342,1312.2417,1.2075,0.0005,4929438.7655,0.0007,14063477.1277
2026-08-04T19:11:00+05:30,1965.69,425.7312,1539.9550,1.3508,0.0005,4739007.6992,0.0008,16517789.2877
2026-08-04T19:12:00+05:30,1768.29,391.5189,1376.7669,1.2166,0.0005,4216372.1892,0.0007,15926681.2689
2026-08-04T19:13:00+05:30,2150.44,474.3483,1676.0951,1.4742,0.0004,4331326.9663,0.0008,17871127.1564
2026-08-04T19:14:00+05:30,6136.85,5076.6910,1060.1560,16.6742,0.0028,254492871.6350,0.0021,13235447.0688
2026-08-04T19:15:00+05:30,1628.68,308.9218,1319.7553,1.1189,0.0004,3651644.8607,0.0008,14612313.9386
2026-08-04T19:16:00+05:30,1824.95,287.4713,1537.4796,1.2947,0.0005,3465767.3938,0.0008,17903916.5431
2026-08-04T19:17:00+05:30,3422.27,1513.8986,1908.3758,5.1179,0.0005,29559119.6734,0.0023,35559396.1837
2026-08-04T19:18:00+05:30,3921.86,1221.9963,2699.8600,10.0187,0.0009,64819867.3845,0.0033,91570414.4150
2026-08-04T19:19:00+05:30,5161.07,1155.1894,4005.8817,26.6483,0.0014,22484320.9811,0.0064,158074437.7499
2026-08-04T19:20:00+05:30,6022.69,3190.9620,2831.7248,40.0543,0.0025,42663958.3945,0.0114,98122249.9000
2026-08-04T19:21:00+05:30,6519.28,4382.0702,2137.2141,21.1585,0.0016,276029605.1448,0.0066,58682491.6197
2026-08-04T19:22:00+05:30,3016.66,1499.0246,1517.6329,6.7889,0.0010,51805582.9526,0.0035,61609306.4328
2026-08-04T19:23:00+05:30,2963.18,1349.2902,1613.8863,3.3122,0.0005,40360631.9753,0.0016,50154245.4386
2026-08-04T19:24:00+05:30,2845.44,533.8434,2311.5989,15.2105,0.0017,21710499.9250,0.0062,65744701.6351
2026-08-04T19:25:00+05:30,2592.68,799.7134,1792.9644,3.2958,0.0006,25925020.0470,0.0016,57373964.5720
2026-08-04T19:26:00+05:30,2679.66,1066.4288,1613.2291,3.3702,0.0006,24694872.0787,0.0017,68285625.2042
2026-08-04T19:27:00+05:30,5493.07,4101.0685,1392.0052,16.1576,0.0015,44213639.7006,0.0072,54309741.3192
2026-08-04T19:28:00+05:30,5482.50,4014.8475,1467.6554,17.3531,0.0014,49888623.3732,0.0082,41749726.8743
2026-08-04T19:29:00+05:30,5976.03,3901.4875,2074.5423,26.0357,0.0018,171202142.7858,0.0093,59254042.9756
2026-08-04T19:30:00+05:30,4166.00,2286.1859,1879.8166,17.1914,0.0019,131411500.7170,0.0069,70044714.3095
2026-08-04T19:31:00+05:30,2508.64,1221.7666,1286.8764,3.6677,0.0008,54981112.1483,0.0021,65065511.6682
2026-08-04T19:32:00+05:30,3010.55,1573.8448,1436.7033,4.9040,0.0011,48268791.2549,0.0022,61873959.9074
2026-08-04T19:33:00+05:30,2933.62,1164.5023,1769.1166,4.7696,0.0009,54733214.8168,0.0021,49744692.9617
2026-08-04T19:34:00+05:30,2709.50,1267.7434,1441.7608,5.7416,0.0011,48516919.9587,0.0030,38419133.6467
2026-08-04T19:35:00+05:30,5038.11,2784.7251,2253.3871,17.1274,0.0017,118283322.4124,0.0055,78657916.5764
2026-08-04T19:36:00+05:30,5875.19,4953.2101,921.9836,57.5403,0.0096,154734312.0990,0.0116,50712169.6966
2026-08-04T19:37:00+05:30,2956.72,1538.0499,1418.6740,6.0127,0.0012,49569807.2948,0.0030,54749142.8952
2026-08-04T19:38:00+05:30,2854.88,1453.2984,1401.5801,2.8288,0.0008,50556793.4397,0.0012,38893737.7536
2026-08-04T19:39:00+05:30,2897.84,1345.0006,1552.8443,5.6866,0.0009,48418655.0218,0.0029,62608081.6027
2026-08-04T19:40:00+05:30,3353.14,1443.0449,1910.0981,9.2845,0.0011,63186810.4830,0.0040,64072124.0899
2026-08-04T19:41:00+05:30,2870.08,1317.5082,1552.5680,4.6006,0.0009,54963241.3943,0.0022,55718818.8501
2026-08-04T19:42:00+05:30,5712.75,4296.4371,1416.3124,61.2294,0.0105,141404535.2629,0.0119,67559824.7357
2026-08-04T19:43:00+05:30,3531.03,1998.1838,1532.8501,16.4985,0.0058,91028099.1736,0.0032,31025207.1448
2026-08-04T19:44:00+05:30,2395.31,998.6334,1396.6802,2.3311,0.0006,40798898.7217,0.0012,31385873.9063
2026-08-04T19:45:00+05:30,2996.98,1289.1482,1707.8346,2.1263,0.0005,51431667.4112,0.0008,42622911.8186
2026-08-04T19:46:00+05:30,2551.48,774.2296,1777.2463,2.4335,0.0006,43216629.8877,0.0011,42936181.0727
2026-08-04T19:47:00+05:30,2050.66,652.0739,1398.5868,1.7071,0.0005,27402934.1910,0.0010,53438510.0405
2026-08-04T19:48:00+05:30,4928.38,3966.8322,961.5487,38.2235,0.0086,157896232.8078,0.0050,38725216.1739
2026-08-04T19:49:00+05:30,4752.03,3887.2632,864.7658,56.3493,0.0130,78018943.6075,0.0078,37992365.8179
2026-08-04T19:50:00+05:30,2411.75,484.3711,1927.3818,2.6667,0.0006,28868520.5968,0.0012,44793858.7313
2026-08-04T19:51:00+05:30,2410.68,904.7349,1505.9416,3.1744,0.0006,42315844.2667,0.0017,38529911.4667
2026-08-04T19:52:00+05:30,3982.40,2968.8182,1013.5827,3.9289,0.0008,41534435.2782,0.0017,25108248.5876
2026-08-04T19:53:00+05:30,1811.03,690.6282,1120.4020,2.1750,0.0010,23651601.0667,0.0014,35746065.0667
2026-08-04T19:54:00+05:30,3883.63,2704.9243,1178.7024,16.3817,0.0050,45016124.2915,0.0026,34171706.8747
2026-08-04T19:55:00+05:30,5719.66,4751.2081,968.4553,64.5656,0.0109,160404096.9172,0.0139,32788954.3743
2026-08-04T19:56:00+05:30,2882.84,1290.6967,1592.1414,7.8824,0.0039,36553643.1928,0.0018,37980247.0255
2026-08-04T19:57:00+05:30,2029.57,851.8272,1177.7474,2.4499,0.0009,24476920.2967,0.0014,41878279.7033
2026-08-04T19:58:00+05:30,1953.06,681.5637,1271.4957,2.8231,0.0006,18610208.6249,0.0019,52770774.9117
2026-08-04T19:59:00+05:30,3657.10,2556.6576,1100.4467,3.2111,0.0006,22886009.9682,0.0015,33516588.0215
2026-08-04T20:00:00+05:30,2279.56,928.2809,1351.2784,3.7723,0.0010,31085375.3792,0.0021,45190489.8163
2026-08-04T20:01:00+05:30,5441.20,4816.1389,625.0646,50.1879,0.0095,143548594.7693,0.0078,14037277.8944
2026-08-04T20:02:00+05:30,2359.08,1298.0877,1060.9880,9.8040,0.0066,10765734.9406,0.0012,10904296.5038
2026-08-04T20:03:00+05:30,1533.46,250.7708,1282.6859,1.0571,0.0004,2238116.3295,0.0007,12482963.1012
2026-08-04T20:04:00+05:30,1973.03,1021.1837,951.8492,2.3497,0.0014,9287680.0000,0.0010,10640384.0000
2026-08-04T20:05:00+05:30,1535.54,167.5640,1367.9807,1.1014,0.0004,1492843.3369,0.0007,14789703.9420
2026-08-04T20:06:00+05:30,1986.69,598.7269,1387.9585,1.9461,0.0012,5248255.9659,0.0009,13677109.7187
2026-08-04T20:07:00+05:30,2625.04,1672.3342,952.7096,16.7793,0.0087,33988791.1187,0.0024,10153868.6803
2026-08-04T20:08:00+05:30,1595.49,611.9408,983.5489,1.5360,0.0012,5402347.9841,0.0008,9769175.3921
2026-08-04T20:09:00+05:30,1207.50,202.4798,1005.0162,0.8371,0.0004,1987759.6867,0.0007,10854792.5006
2026-08-04T20:10:00+05:30,1629.17,524.2707,1104.9008,1.5639,0.0012,4720870.2639,0.0008,12497405.2775
2026-08-04T20:11:00+05:30,1804.60,568.2954,1236.3009,1.7720,0.0012,5106552.3632,0.0009,12445139.3907
2026-08-04T20:12:00+05:30,1673.87,460.0360,1213.8357,1.2797,0.0006,3411057.9295,0.0008,12561321.5119
2026-08-04T20:13:00+05:30,1812.95,570.5618,1242.3904,1.7607,0.0012,5165985.2642,0.0009,12147552.0587
2026-08-04T20:14:00+05:30,1167.18,136.2864,1030.8969,0.8239,0.0004,1469317.5569,0.0007,11238146.1545
2026-08-04T20:15:00+05:30,1682.44,550.6075,1131.8311,1.5320,0.0011,4989717.4094,0.0008,12227995.6001
2026-08-04T20:16:00+05:30,1378.04,150.0642,1227.9795,0.9793,0.0004,1584033.3328,0.0007,12506995.8167
2026-08-04T20:17:00+05:30,1710.43,527.9588,1182.4697,1.4851,0.0011,4778404.9734,0.0008,12135216.6536
2026-08-04T20:18:00+05:30,1426.75,157.8184,1268.9295,1.0173,0.0005,2141474.0631,0.0007,12665104.1976
2026-08-04T20:19:00+05:30,1149.40,130.7355,1018.6670,0.8222,0.0004,1405337.6000,0.0007,11037764.2667
2026-08-04T20:20:00+05:30,1613.39,535.5303,1077.8617,1.5096,0.0011,4852508.1429,0.0008,12306025.1038
2026-08-04T20:21:00+05:30,1392.55,117.9313,1274.6176,1.0012,0.0004,1329799.2236,0.0007,12819987.9368
2026-08-04T20:22:00+05:30,1736.91,540.9199,1195.9889,1.5981,0.0011,4816690.5957,0.0008,12710348.9989
2026-08-04T20:23:00+05:30,1425.30,113.5333,1311.7667,1.0288,0.0005,1298137.2977,0.0007,12783607.7399
2026-08-04T20:24:00+05:30,1512.99,496.6918,1016.2992,1.4383,0.0011,4566751.2416,0.0009,11060742.7752
2026-08-04T20:25:00+05:30,1228.36,110.5611,1117.7951,0.8898,0.0004,1286955.3622,0.0007,12822035.2702
2026-08-04T20:26:00+05:30,1739.40,476.4016,1262.9991,1.5154,0.0010,4410068.7609,0.0008,12713129.3726
2026-08-04T20:27:00+05:30,1649.02,435.7594,1213.2631,1.4155,0.0010,3978515.0247,0.0008,12618200.3633
2026-08-04T20:28:00+05:30,1786.41,475.7205,1310.6903,1.5485,0.0010,4426266.4155,0.0008,12699040.6908
2026-08-04T20:29:00+05:30,1123.29,110.7723,1012.5135,0.8053,0.0004,1331162.4621,0.0007,10967211.6506
2026-08-04T20:30:00+05:30,2059.49,934.8779,1124.6104,2.1826,0.0012,8299802.0502,0.0009,12204366.3639
2026-08-04T20:31:00+05:30,1388.22,108.4950,1279.7274,0.9981,0.0004,1270871.1591,0.0008,12910945.2776
2026-08-04T20:32:00+05:30,1667.95,455.4244,1212.5258,1.4068,0.0009,4231673.0013,0.0008,12275709.5419
2026-08-04T20:33:00+05:30,1331.35,111.2000,1220.1500,0.9514,0.0004,1328742.4000,0.0007,11854370.1333
2026-08-04T20:34:00+05:30,1453.16,448.0403,1005.1160,1.1405,0.0008,4180775.8965,0.0008,10928923.6102
2026-08-04T20:35:00+05:30,2104.38,926.7110,1177.6733,1.3656,0.0005,33217119.8134,0.0007,13910018.7302
2026-08-04T20:36:00+05:30,1325.63,98.3612,1227.2644,0.9617,0.0005,1116476.3350,0.0008,12543457.9798
2026-08-04T20:37:00+05:30,1323.29,99.0350,1224.2537,0.9602,0.0005,1127988.9331,0.0007,12490345.7724
2026-08-04T20:38:00+05:30,1706.05,452.2552,1253.7948,1.4702,0.0010,4162951.7462,0.0008,12252510.7971
2026-08-04T20:39:00+05:30,1138.12,101.6121,1036.5103,0.8135,0.0004,1218085.9243,0.0008,11194809.1959
2026-08-04T20:40:00+05:30,1151.53,104.1253,1047.4040,0.8436,0.0005,1236323.4882,0.0007,13517223.2816
2026-08-04T20:41:00+05:30,1710.36,447.4105,1262.9474,1.3621,0.0009,4157906.5171,0.0008,13705092.7330
2026-08-04T20:42:00+05:30,1394.75,104.1219,1290.6312,1.0114,0.0004,1243402.9701,0.0008,13877395.7365
2026-08-04T20:43:00+05:30,1799.41,440.1553,1359.2513,1.5455,0.0009,4099754.8544,0.0008,13217770.2218
2026-08-04T20:44:00+05:30,1199.05,106.0510,1092.9988,0.8597,0.0004,1275685.7529,0.0008,11690508.7763
2026-08-04T20:45:00+05:30,1231.78,109.0524,1122.7319,0.8950,0.0005,1314170.5850,0.0007,12712566.6395
2026-08-04T20:46:00+05:30,1782.49,437.6479,1344.8448,1.6080,0.0009,4110268.4468,0.0009,13317922.4295
2026-08-04T20:47:00+05:30,1323.30,105.0675,1218.2364,0.9558,0.0004,1297078.0463,0.0007,12498842.6071
2026-08-04T20:48:00+05:30,1623.46,424.6646,1198.8001,1.2741,0.0008,4006784.3882,0.0008,11689634.2366
2026-08-04T20:49:00+05:30,1118.57,104.3386,1014.2340,0.8002,0.0004,1291055.4861,0.0008,10985202.0601
2026-08-04T20:50:00+05:30,1275.07,104.3017,1170.7695,0.9257,0.0005,1294425.8404,0.0008,12528644.0107
2026-08-04T20:51:00+05:30,1644.26,419.6720,1224.5850,1.2901,0.0008,3967257.6495,0.0008,12539750.6833
2026-08-04T20:52:00+05:30,1339.88,103.2265,1236.6509,0.9687,0.0004,1290721.5973,0.0008,12522006.4330
2026-08-04T20:53:00+05:30,1373.04,101.9320,1271.1073,0.9940,0.0005,1308778.2371,0.0007,12347468.1958
2026-08-04T20:54:00+05:30,1816.06,833.8888,982.1690,1.6975,0.0010,7384704.3178,0.0008,10760233.7061
2026-08-04T20:55:00+05:30,1286.82,101.0517,1185.7698,0.9265,0.0003,1277768.4961,0.0007,12668661.2777
2026-08-04T20:56:00+05:30,1667.73,397.5598,1270.1680,1.3667,0.0008,3811309.0206,0.0008,12850213.4809
2026-08-04T20:57:00+05:30,1837.12,593.7896,1243.3329,2.0286,0.0013,5600945.6473,0.0010,13272522.8261
2026-08-04T20:58:00+05:30,1273.14,94.6254,1178.5185,0.9130,0.0004,1219209.3326,0.0007,11488459.1617
2026-08-04T20:59:00+05:30,1107.90,96.5151,1011.3831,0.7985,0.0004,1270899.3517,0.0007,10985152.3808
2026-08-04T21:00:00+05:30,1232.61,94.4057,1138.2005,0.9021,0.0005,1238438.2895,0.0007,13222340.6993
2026-08-04T21:01:00+05:30,1707.00,376.9022,1330.0998,1.3442,0.0007,3620771.9719,0.0008,13776219.4776
2026-08-04T21:02:00+05:30,1418.25,88.5544,1329.6998,1.0352,0.0005,1154105.7053,0.0007,13857392.6030
2026-08-04T21:03:00+05:30,1376.79,90.7348,1286.0548,1.0001,0.0004,1208661.3333,0.0007,12443101.8667
2026-08-04T21:04:00+05:30,1393.49,355.4974,1037.9884,0.9715,0.0005,3418146.8554,0.0008,11220217.4326
2026-08-04T21:05:00+05:30,1190.79,84.9387,1105.8526,0.8726,0.0005,1153192.3545,0.0007,12754396.1739
2026-08-04T21:06:00+05:30,1399.39,86.4270,1312.9665,1.0208,0.0005,1158741.7812,0.0008,13114843.9557
2026-08-04T21:07:00+05:30,1634.51,344.3804,1290.1344,1.2234,0.0006,3318274.1594,0.0008,13131207.7617
2026-08-04T21:08:00+05:30,1305.90,82.0888,1223.8149,0.9485,0.0004,1106490.0742,0.0007,11874132.9777
2026-08-04T21:09:00+05:30,1102.80,85.4234,1017.3813,0.8017,0.0004,1151163.8448,0.0007,11040661.2452
2026-08-04T21:10:00+05:30,1507.82,339.2125,1168.6060,1.0704,0.0005,3255768.6088,0.0008,12505620.2717
2026-08-04T21:11:00+05:30,1405.65,83.4167,1322.2356,1.0272,0.0005,1115167.4471,0.0008,13317170.0798
2026-08-04T21:12:00+05:30,1360.73,80.2814,1280.4514,0.9943,0.0005,1093969.0943,0.0008,12757419.3936
2026-08-04T21:13:00+05:30,1498.02,328.7728,1169.2441,1.0218,0.0005,3180992.0843,0.0007,11401319.4461
2026-08-04T21:14:00+05:30,1083.39,79.5267,1003.8663,0.7896,0.0004,1083966.2700,0.0008,10944441.5558
2026-08-04T21:15:00+05:30,1299.44,78.8360,1220.6074,0.9516,0.0004,1050676.5338,0.0008,12963395.9031
2026-08-04T21:16:00+05:30,1411.34,79.5246,1331.8165,1.0321,0.0005,1068411.9079,0.0008,13379624.8958
2026-08-04T21:17:00+05:30,1578.87,326.6612,1252.2125,1.1126,0.0005,3141185.9605,0.0007,12584677.0441
2026-08-04T21:18:00+05:30,1245.09,77.9294,1167.1583,0.9051,0.0005,1062740.0420,0.0008,11364246.2585
2026-08-04T21:19:00+05:30,1076.35,76.0321,1000.3167,0.7848,0.0005,1030928.8357,0.0008,10906670.0443
2026-08-04T21:20:00+05:30,1589.36,323.2328,1266.1300,1.1332,0.0005,3101902.7935,0.0008,13316847.2565
2026-08-04T21:21:00+05:30,1436.41,77.8422,1358.5641,1.0515,0.0005,1062173.6797,0.0008,13605392.9708
2026-08-04T21:22:00+05:30,1385.37,170.1443,1215.2262,0.9935,0.0005,3312243.4626,0.0007,12821836.4361
2026-08-04T21:23:00+05:30,2478.81,1375.6626,1103.1505,2.3124,0.0010,32654863.2772,0.0009,11708660.7768
2026-08-04T21:24:00+05:30,1127.24,86.3529,1040.8847,0.8204,0.0004,1128193.7366,0.0008,11300437.9406
2026-08-04T21:25:00+05:30,1360.32,89.8017,1270.5216,1.0056,0.0004,1159881.4844,0.0008,15443426.4194
2026-08-04T21:26:00+05:30,2112.90,829.7021,1283.2019,2.1084,0.0011,7451580.5231,0.0009,14980726.1998
2026-08-04T21:27:00+05:30,1508.04,93.4193,1414.6211,1.0967,0.0004,1209347.2421,0.0007,14763619.3968
2026-08-04T21:28:00+05:30,1291.29,92.6670,1198.6197,0.9361,0.0004,1278937.4052,0.0007,12564052.7430
2026-08-04T21:29:00+05:30,1391.50,387.0527,1004.4502,1.0159,0.0006,3682146.7740,0.0007,10945127.5230
2026-08-04T21:30:00+05:30,1367.52,96.6156,1270.9003,0.9991,0.0004,1250620.8528,0.0007,14243686.2575
2026-08-04T21:31:00+05:30,1357.87,94.7333,1263.1333,0.9969,0.0005,1234397.8667,0.0007,14410001.0667
2026-08-04T21:32:00+05:30,1464.88,94.0469,1370.8376,1.0702,0.0005,1223434.4189,0.0007,14016795.7068
2026-08-04T21:33:00+05:30,1597.22,384.4269,1212.7965,1.2131,0.0007,3650423.4667,0.0008,11803852.8000
2026-08-04T21:34:00+05:30,1163.54,93.1953,1070.3465,0.8417,0.0005,1200457.5695,0.0008,11494248.1168
2026-08-04T21:35:00+05:30,1398.22,92.2154,1306.0010,1.0220,0.0004,1214754.9717,0.0007,13643614.9294
2026-08-04T21:36:00+05:30,1442.08,91.0530,1351.0284,1.0519,0.0005,1192365.4728,0.0008,13485144.2191
2026-08-04T21:37:00+05:30,1502.70,380.3293,1122.3707,1.1306,0.0007,3610403.0134,0.0008,11451910.2637
2026-08-04T21:38:00+05:30,1281.94,194.9813,1086.9601,0.8973,0.0005,1919146.8942,0.0008,10721629.4322
2026-08-04T21:39:00+05:30,1100.25,86.2796,1013.9688,0.8001,0.0005,1141521.6282,0.0008,11005623.1101
2026-08-04T21:40:00+05:30,1387.29,87.2492,1300.0400,1.0154,0.0004,1133750.8498,0.0008,13611562.4875
2026-08-04T21:41:00+05:30,1712.94,358.7957,1354.1444,1.2920,0.0006,3433704.9880,0.0008,13504290.2107
2026-08-04T21:42:00+05:30,1287.92,85.8638,1202.0599,0.9381,0.0004,1096276.1287,0.0007,12149967.1005
2026-08-04T21:43:00+05:30,1226.09,135.4288,1090.6636,0.8743,0.0004,1588580.6473,0.0008,10745019.9660
2026-08-04T21:44:00+05:30,1142.35,79.8153,1062.5323,0.8338,0.0005,1064241.8586,0.0007,11426571.6476
2026-08-04T21:45:00+05:30,1615.39,350.3192,1265.0731,1.2197,0.0006,3332937.2739,0.0008,13331749.0957
2026-08-04T21:46:00+05:30,1438.40,77.8974,1360.5046,1.0520,0.0005,1025262.8912,0.0008,13450610.8463
2026-08-04T21:47:00+05:30,1244.65,77.0936,1167.5527,0.9088,0.0005,1025911.3392,0.0008,11926688.6208
2026-08-04T21:48:00+05:30,1171.21,82.3461,1088.8611,0.8504,0.0005,1467707.7397,0.0008,10732523.2692
2026-08-04T21:49:00+05:30,1400.57,341.3724,1059.2010,1.0220,0.0006,3219865.6000,0.0008,11408110.9333
2026-08-04T21:50:00+05:30,1360.68,77.7335,1282.9446,0.9988,0.0005,1035078.6670,0.0008,13468108.4902
2026-08-04T21:51:00+05:30,1460.85,76.7308,1384.1205,1.0695,0.0004,1032857.4524,0.0008,13646484.0253
2026-08-04T21:52:00+05:30,1195.28,71.8703,1123.4062,0.8737,0.0005,971467.0489,0.0008,11602101.9367
2026-08-04T21:53:00+05:30,1826.07,818.1182,1007.9507,2.5534,0.0019,7783929.3263,0.0010,10074095.4095
2026-08-04T21:54:00+05:30,1189.25,74.2876,1114.9642,0.8643,0.0004,987091.5665,0.0007,11852265.4847
2026-08-04T21:55:00+05:30,1328.37,73.8686,1254.4991,0.9797,0.0004,1015536.6260,0.0008,15053066.1868
2026-08-04T21:56:00+05:30,1467.45,89.6510,1377.7948,1.0809,0.0004,1635504.3351,0.0008,15709528.6114
2026-08-04T21:57:00+05:30,1608.35,382.6475,1225.7054,1.1160,0.0004,4994139.6264,0.0008,16403796.3435
2026-08-04T21:58:00+05:30,3131.68,2003.3165,1128.3602,3.3600,0.0012,210117823.6118,0.0009,11156691.9539
2026-08-04T21:59:00+05:30,1230.41,118.0314,1112.3815,0.8779,0.0004,1380761.6000,0.0007,11973154.1333
2026-08-04T22:00:00+05:30,1464.31,122.4105,1341.8996,1.0748,0.0004,1482311.8459,0.0007,16937605.7596
2026-08-04T22:01:00+05:30,2278.08,972.3171,1305.7616,3.5679,0.0022,8782223.7629,0.0010,15748789.2535
2026-08-04T22:02:00+05:30,1418.01,124.0003,1294.0049,1.0349,0.0004,1546194.7846,0.0007,16455866.8333
2026-08-04T22:03:00+05:30,2733.88,1682.0084,1051.8762,2.5604,0.0010,135014440.1140,0.0008,14895991.7318
2026-08-04T22:04:00+05:30,2020.38,921.0640,1099.3200,1.7695,0.0010,71299673.7225,0.0008,11826570.2190
2026-08-04T22:05:00+05:30,1765.74,529.5412,1236.1961,1.7596,0.0012,4939065.2312,0.0009,14452390.7870
2026-08-04T22:06:00+05:30,1497.52,134.2789,1363.2379,1.0743,0.0004,1585330.3778,0.0007,14753409.5765
2026-08-04T22:07:00+05:30,1360.46,131.9830,1228.4738,0.9837,0.0005,1609830.5605,0.0008,13579087.3871
2026-08-04T22:08:00+05:30,1359.30,205.4397,1153.8590,0.9694,0.0005,2290027.3653,0.0007,14345454.4606
2026-08-04T22:09:00+05:30,1303.72,155.3693,1148.3525,0.9505,0.0005,4518850.7808,0.0007,14349073.2846
2026-08-04T22:10:00+05:30,2092.22,513.3618,1578.8544,1.8352,0.0010,4869190.7166,0.0008,18380783.7923
2026-08-04T22:11:00+05:30,1681.19,125.7960,1555.3963,1.2261,0.0004,1580784.1032,0.0007,17706475.3363
2026-08-04T22:12:00+05:30,1302.98,122.4827,1180.4981,0.9448,0.0005,1545286.7431,0.0007,13274853.0275
2026-08-04T22:13:00+05:30,1054.15,115.7904,938.3551,0.7518,0.0005,1476509.5660,0.0007,9467545.8969
2026-08-04T22:14:00+05:30,1408.93,484.8182,924.1076,1.1740,0.0009,4623785.0882,0.0008,10741436.7897
2026-08-04T22:15:00+05:30,1278.00,111.7408,1166.2611,0.9173,0.0004,1461184.5259,0.0008,12550908.0787
2026-08-04T22:16:00+05:30,1309.40,110.1261,1199.2735,0.9470,0.0004,1437794.0779,0.0008,12515142.2525
2026-08-04T22:17:00+05:30,1340.64,103.6788,1236.9610,0.9721,0.0005,1384496.0661,0.0007,12478216.2955
2026-08-04T22:18:00+05:30,1377.15,101.9799,1275.1742,0.9981,0.0005,1371090.2970,0.0008,12549862.2046
2026-08-04T22:19:00+05:30,1432.44,454.4273,978.0137,1.1792,0.0009,4302052.8395,0.0008,10800773.6903
2026-08-04T22:20:00+05:30,1249.21,93.7552,1155.4534,0.9022,0.0004,1264670.1989,0.0007,12434524.5760
2026-08-04T22:21:00+05:30,1300.72,92.7856,1207.9297,0.9441,0.0005,1250599.4398,0.0008,12529350.9404
2026-08-04T22:22:00+05:30,1321.52,88.4009,1233.1145,0.9619,0.0005,1212497.3427,0.0008,12460239.0417
2026-08-04T22:23:00+05:30,1341.59,88.6059,1252.9835,0.9759,0.0005,1232227.2151,0.0007,12339408.2272
2026-08-04T22:24:00+05:30,1408.34,422.6565,985.6876,1.1102,0.0008,4014649.1827,0.0008,10860538.8473
2026-08-04T22:25:00+05:30,1257.99,79.5938,1178.3981,0.9142,0.0004,1099065.1014,0.0007,12650484.5251
2026-08-04T22:26:00+05:30,1268.72,73.3679,1195.3533,0.9286,0.0004,1054618.6206,0.0007,12451708.9236
2026-08-04T22:27:00+05:30,1309.84,72.2261,1237.6096,0.9579,0.0004,1035416.2681,0.0007,12475438.3989
2026-08-04T22:28:00+05:30,1311.75,67.7500,1244.0000,0.9599,0.0005,988039.9340,0.0008,12250111.3685
2026-08-04T22:29:00+05:30,1383.30,395.1632,988.1329,1.0810,0.0008,3723667.3945,0.0008,10912198.9366
2026-08-04T22:30:00+05:30,1652.46,506.5836,1145.8715,1.5553,0.0013,4605294.7981,0.0008,12396003.2668
2026-08-04T22:31:00+05:30,1289.95,65.2489,1224.6963,0.9412,0.0004,946228.4962,0.0007,12686670.6888
2026-08-04T22:32:00+05:30,1869.62,535.9708,1333.6444,2.0435,0.0014,4954899.2618,0.0010,13196045.5280
2026-08-04T22:33:00+05:30,1266.00,64.9424,1201.0599,0.9201,0.0003,951935.8741,0.0007,11709370.9734
2026-08-04T22:34:00+05:30,1560.96,535.6714,1025.2867,1.4781,0.0012,4270785.9715,0.0008,11179884.2512
2026-08-04T22:35:00+05:30,1280.19,64.4188,1215.7739,0.9357,0.0003,909258.8876,0.0008,12915312.8552
2026-08-04T22:36:00+05:30,1321.38,64.3994,1256.9809,0.9642,0.0004,940965.5908,0.0008,12785455.3214
2026-08-04T22:37:00+05:30,1272.71,64.1910,1208.5166,0.9312,0.0004,926743.4569,0.0008,12371250.6456
2026-08-04T22:38:00+05:30,2169.67,964.7930,1204.8743,1.3955,0.0005,30141529.1058,0.0008,13221869.9740
2026-08-04T22:39:00+05:30,1274.83,247.4122,1027.4199,0.8969,0.0005,6088868.2346,0.0007,11949630.9236
2026-08-04T22:40:00+05:30,1288.65,66.3657,1222.2852,0.9595,0.0005,907955.4230,0.0008,15269849.2446
2026-08-04T22:41:00+05:30,1154.40,65.6273,1088.7703,0.8661,0.0005,920140.1917,0.0008,15315727.6865
2026-08-04T22:42:00+05:30,1512.30,66.9567,1445.3445,1.1146,0.0005,942242.4909,0.0008,15089329.7330
2026-08-04T22:43:00+05:30,1793.95,392.4019,1401.5496,1.6336,0.0010,3725398.4737,0.0009,14437147.5989
2026-08-04T22:44:00+05:30,1214.07,72.2275,1141.8379,0.8860,0.0004,1021473.7965,0.0008,12657576.7436
2026-08-04T22:45:00+05:30,1232.75,72.6355,1160.1180,0.9081,0.0005,1016219.1562,0.0008,13777622.0756
2026-08-04T22:46:00+05:30,1228.09,72.2512,1155.8359,0.9074,0.0005,1028522.7420,0.0007,13809006.6834
2026-08-04T22:47:00+05:30,1469.64,73.7648,1395.8792,1.0799,0.0004,1051312.1291,0.0007,14325075.1484
2026-08-04T22:48:00+05:30,1399.42,74.1605,1325.2562,1.0231,0.0004,1036491.9672,0.0008,12820717.5522
2026-08-04T22:49:00+05:30,1431.17,410.3530,1020.8160,1.2412,0.0010,3888134.9288,0.0008,11276731.3090
2026-08-04T22:50:00+05:30,1271.28,76.8885,1194.3875,0.9241,0.0004,1073537.1028,0.0007,12691054.2085
2026-08-04T22:51:00+05:30,1365.43,77.9106,1287.5173,0.9994,0.0005,1062396.3721,0.0007,13234985.3115
2026-08-04T22:52:00+05:30,1330.36,73.2285,1257.1329,0.9722,0.0005,1032788.6009,0.0007,12448276.7769
2026-08-04T22:53:00+05:30,1275.35,74.1821,1201.1633,0.9294,0.0005,1030963.2000,0.0008,11746508.8000
2026-08-04T22:54:00+05:30,1387.33,404.5135,982.8161,1.1108,0.0009,3832144.9357,0.0008,10957392.2232
2026-08-04T22:55:00+05:30,1270.75,74.2851,1196.4607,0.9251,0.0004,1031849.0968,0.0008,12747274.5451
2026-08-04T22:56:00+05:30,1303.29,74.6211,1228.6648,0.9503,0.0004,1033167.3974,0.0007,12679756.8644
2026-08-04T22:57:00+05:30,1372.26,72.7321,1299.5283,1.0051,0.0004,1020160.0640,0.0008,12973727.2379
2026-08-04T22:58:00+05:30,1283.97,70.9430,1213.0290,0.9371,0.0005,1005505.8980,0.0007,11850010.5298
2026-08-04T22:59:00+05:30,1064.30,69.8043,994.4983,0.7789,0.0005,1006637.7019,0.0007,11034090.3953
2026-08-04T23:00:00+05:30,1620.58,390.3240,1230.2513,1.3642,0.0010,3669634.8243,0.0008,13039497.6335
2026-08-04T23:01:00+05:30,1422.04,70.9012,1351.1392,1.0386,0.0004,994645.3333,0.0008,13663914.6667
2026-08-04T23:02:00+05:30,1306.23,69.7798,1236.4548,0.9531,0.0004,979252.6916,0.0007,12338242.5919
2026-08-04T23:03:00+05:30,1632.83,530.7864,1102.0435,1.6582,0.0013,4824273.3607,0.0009,10870232.6233
2026-08-04T23:04:00+05:30,1062.91,66.9754,995.9348,0.7737,0.0003,947519.4509,0.0008,11063560.5684
2026-08-04T23:05:00+05:30,1280.25,67.1300,1213.1227,0.9355,0.0004,943534.6899,0.0007,12919776.4112
2026-08-04T23:06:00+05:30,2103.38,847.6017,1255.7810,2.3499,0.0012,7536432.4036,0.0010,12932300.0283
2026-08-04T23:07:00+05:30,1330.68,60.0440,1270.6396,0.9727,0.0005,869903.4097,0.0007,12657353.9979
2026-08-04T23:08:00+05:30,1220.60,60.8657,1159.7307,0.8883,0.0004,891221.3333,0.0007,11376913.0667
2026-08-04T23:09:00+05:30,1044.02,53.7581,990.2652,0.7642,0.0004,807852.3779,0.0007,11002140.9878
2026-08-04T23:10:00+05:30,1257.81,54.6085,1203.2029,0.9243,0.0004,792375.6707,0.0007,12844280.6199
2026-08-04T23:11:00+05:30,1391.42,54.1437,1337.2773,1.0257,0.0004,789834.6165,0.0007,13566916.3750
2026-08-04T23:12:00+05:30,1595.80,362.1618,1233.6340,1.2892,0.0008,3371192.2917,0.0008,12347336.5896
2026-08-04T23:13:00+05:30,1237.93,49.7717,1188.1561,0.9053,0.0004,757570.6073,0.0008,11635124.2856
2026-08-04T23:14:00+05:30,1046.50,48.2462,998.2495,0.7683,0.0004,747458.7133,0.0007,11058100.5952
2026-08-04T23:15:00+05:30,1246.76,46.7953,1199.9633,0.9186,0.0004,720209.5790,0.0008,12818652.0015
2026-08-04T23:16:00+05:30,1397.61,44.5493,1353.0608,1.0336,0.0004,683064.8823,0.0008,13760146.1309
2026-08-04T23:17:00+05:30,1312.68,42.3230,1270.3572,0.9685,0.0005,676624.1603,0.0007,12618391.9588
2026-08-04T23:18:00+05:30,1190.31,38.7089,1151.6030,0.8765,0.0005,634332.9612,0.0007,11314455.2014
2026-08-04T23:19:00+05:30,1325.94,340.6405,985.2968,0.9828,0.0007,3169284.0115,0.0007,10972284.5283
2026-08-04T23:20:00+05:30,1344.20,41.9688,1302.2318,0.9925,0.0004,645572.6382,0.0008,13665167.0111
2026-08-04T23:21:00+05:30,1382.78,39.0762,1343.7037,1.0229,0.0004,631545.1576,0.0008,13628011.4644
2026-08-04T23:22:00+05:30,1267.35,37.5660,1229.7795,0.9361,0.0005,613092.7151,0.0007,12297625.4396
2026-08-04T23:23:00+05:30,1161.01,34.8178,1126.1875,0.8557,0.0005,584938.0469,0.0007,11081940.7637
2026-08-04T23:24:00+05:30,1039.60,34.3862,1005.2171,0.7708,0.0004,593150.2292,0.0008,11125390.0492
2026-08-04T23:25:00+05:30,1636.70,327.1064,1309.5921,1.3216,0.0008,3023691.5129,0.0008,13738107.8172
2026-08-04T23:26:00+05:30,1382.51,34.2793,1348.2260,1.0227,0.0003,565328.0005,0.0008,13642684.7982
2026-08-04T23:27:00+05:30,1243.36,37.7204,1205.6372,0.9174,0.0004,602025.6355,0.0007,12048910.2092
2026-08-04T23:28:00+05:30,1136.24,36.3358,1099.9067,0.8371,0.0004,596154.2129,0.0007,10871553.4295
2026-08-04T23:29:00+05:30,1490.26,444.0686,1046.1915,0.9971,0.0005,6158060.1213,0.0008,12641618.8762
2026-08-04T23:30:00+05:30,2368.61,924.2283,1444.3796,1.5635,0.0005,27745202.7669,0.0008,17111510.2259
2026-08-04T23:31:00+05:30,1308.54,48.4207,1260.1217,0.9789,0.0005,686546.8122,0.0008,15305979.4983
2026-08-04T23:32:00+05:30,1522.61,46.8706,1475.7396,1.1301,0.0005,677671.4060,0.0008,15523495.2246
2026-08-04T23:33:00+05:30,1218.49,46.9977,1171.4914,0.8973,0.0005,677239.7380,0.0007,11781008.8162
2026-08-04T23:34:00+05:30,1148.05,62.9896,1085.0585,0.8501,0.0005,1189850.6209,0.0007,12816154.9462
2026-08-04T23:35:00+05:30,1416.58,45.9515,1370.6290,1.0541,0.0005,701736.4579,0.0008,15172772.4257
2026-08-04T23:36:00+05:30,1535.76,372.8172,1162.9399,1.3152,0.0010,3487360.1706,0.0008,15079430.5519
2026-08-04T23:37:00+05:30,1519.85,55.9788,1463.8672,1.1181,0.0003,806540.6171,0.0007,14793041.9591
2026-08-04T23:38:00+05:30,1684.40,514.2433,1170.1532,1.8329,0.0014,4670053.1062,0.0010,11940413.8483
2026-08-04T23:39:00+05:30,1255.64,160.4332,1095.2103,0.8817,0.0004,1669612.6883,0.0007,11854611.7553
2026-08-04T23:40:00+05:30,1388.25,67.8689,1320.3773,1.0214,0.0005,943681.5894,0.0008,13735847.7283
2026-08-04T23:41:00+05:30,1421.67,70.6869,1350.9842,1.0431,0.0005,961499.7833,0.0008,13602450.2150
2026-08-04T23:42:00+05:30,1653.25,519.2192,1134.0345,1.7300,0.0013,4779918.3891,0.0009,11512182.4243
2026-08-04T23:43:00+05:30,1457.01,383.7603,1073.2488,1.1812,0.0009,3617928.5333,0.0008,10643182.9333
2026-08-04T23:44:00+05:30,1136.57,68.9690,1067.6023,0.8290,0.0004,1414577.1763,0.0007,11614606.3768
2026-08-04T23:45:00+05:30,1334.85,65.4902,1269.3596,0.9807,0.0004,900522.0637,0.0008,13352135.4486
2026-08-04T23:46:00+05:30,1417.92,63.8351,1354.0840,1.0419,0.0005,903366.8144,0.0008,13512486.5531
2026-08-04T23:47:00+05:30,1233.69,60.3979,1173.2895,0.9066,0.0005,861683.1082,0.0007,12087605.4027
2026-08-04T23:48:00+05:30,1180.03,59.9713,1120.0593,0.8626,0.0005,849408.7849,0.0007,10996516.4300
2026-08-04T23:49:00+05:30,1201.72,109.1670,1092.5528,0.8689,0.0005,1065005.0492,0.0008,11805700.0783
2026-08-04T23:50:00+05:30,1624.32,380.6674,1243.6492,1.3917,0.0010,3548624.0269,0.0008,13131219.8163
2026-08-04T23:51:00+05:30,1383.82,59.9253,1323.8901,1.0122,0.0004,850884.6340,0.0008,13252190.3048
2026-08-04T23:52:00+05:30,1229.33,60.8870,1168.4395,0.8993,0.0004,862646.4596,0.0007,12043383.1841
2026-08-04T23:53:00+05:30,1185.17,59.6841,1125.4832,0.8661,0.0005,839373.9107,0.0008,11083912.3582
2026-08-04T23:54:00+05:30,1106.64,58.7441,1047.8983,0.8135,0.0005,839426.4865,0.0008,11438610.3993
2026-08-04T23:55:00+05:30,1421.93,77.2258,1344.7063,1.0442,0.0005,910836.9603,0.0008,13990961.1620
2026-08-04T23:56:00+05:30,1479.37,59.1980,1420.1693,1.0906,0.0004,851256.9581,0.0008,14184999.1667
2026-08-04T23:57:00+05:30,1510.76,376.0521,1134.7067,1.2460,0.0009,3530928.5464,0.0008,11570959.3480
2026-08-04T23:58:00+05:30,1157.34,56.7371,1100.6067,0.8422,0.0004,812768.8513,0.0008,10859697.8465
2026-08-04T23:59:00+05:30,1143.28,54.2167,1089.0667,0.8376,0.0004,793531.7333,0.0008,11774771.2000
2026-08-05T00:00:00+05:30,1336.99,59.8057,1277.1825,0.9855,0.0004,811268.8674,0.0007,13452279.3488
2026-08-05T00:01:00+05:30,1409.54,51.1568,1358.3811,1.0391,0.0005,756439.8660,0.0008,13512273.2410
2026-08-05T00:02:00+05:30,1267.58,55.0537,1212.5308,0.9336,0.0004,791536.5024,0.0008,12439766.9178
2026-08-05T00:03:00+05:30,1185.34,49.2552,1136.0849,0.8699,0.0005,730612.0137,0.0008,11133967.4415
2026-08-05T00:04:00+05:30,1240.09,135.0968,1104.9938,0.8903,0.0005,1445281.5948,0.0007,11882523.7190
2026-08-05T00:05:00+05:30,1539.70,298.0886,1241.6138,1.2868,0.0010,2801721.6084,0.0008,13190964.2887
2026-08-05T00:06:00+05:30,1382.44,50.4909,1331.9498,1.0159,0.0004,739029.2544,0.0008,13271324.0319
2026-08-05T00:07:00+05:30,1240.32,50.0133,1190.3040,0.9125,0.0004,730485.0757,0.0008,12252298.3184
2026-08-05T00:08:00+05:30,1174.79,45.8810,1128.9102,0.8634,0.0005,702212.3858,0.0007,11077712.6858
2026-08-05T00:09:00+05:30,1160.31,47.4635,1112.8425,0.8574,0.0005,703645.8903,0.0008,11954949.1367
2026-08-05T00:10:00+05:30,1308.15,45.3856,1262.7631,0.9691,0.0004,671515.7010,0.0008,13369620.9081
2026-08-05T00:11:00+05:30,1387.39,43.0419,1344.3522,1.0248,0.0004,667087.6327,0.0008,13361553.6182
2026-08-05T00:12:00+05:30,1546.06,361.2982,1184.7580,1.2786,0.0009,3354785.8845,0.0008,12245053.8247
2026-08-05T00:13:00+05:30,1178.26,38.4442,1139.8124,0.8657,0.0004,615877.7517,0.0008,11173986.8353
2026-08-05T00:14:00+05:30,1578.97,494.8842,1084.0860,1.6845,0.0014,4430377.0975,0.0009,11721490.5267
2026-08-05T00:15:00+05:30,3642.36,2547.3968,1094.9603,6.5347,0.0021,228971410.4393,0.0012,12036112.7925
2026-08-05T00:16:00+05:30,1370.54,132.5486,1237.9873,0.9737,0.0004,1607518.4901,0.0007,12527225.8495
2026-08-05T00:17:00+05:30,1254.57,130.2536,1124.3209,0.8997,0.0004,1583764.8235,0.0007,11800488.2178
2026-08-05T00:18:00+05:30,1243.68,129.9863,1113.6901,0.8889,0.0004,1605052.6877,0.0008,11000518.0125
2026-08-05T00:19:00+05:30,1512.12,569.9760,942.1423,1.4378,0.0013,5346764.6814,0.0008,10548167.8252
2026-08-05T00:20:00+05:30,3597.35,2503.8915,1093.4620,3.5617,0.0010,158297774.7113,0.0009,12171474.6263
2026-08-05T00:21:00+05:30,2109.50,924.1141,1185.3895,2.0722,0.0012,60838141.0047,0.0008,12461061.7687
2026-08-05T00:22:00+05:30,1367.79,114.5352,1253.2542,0.9799,0.0004,1415236.2667,0.0007,12627968.0000
2026-08-05T00:23:00+05:30,1405.45,112.4183,1293.0276,1.0151,0.0005,1401146.3996,0.0008,12718780.6756
2026-08-05T00:24:00+05:30,1148.29,115.3179,1032.9766,0.8276,0.0004,1473705.0448,0.0007,11340106.0318
2026-08-05T00:25:00+05:30,1430.03,115.1904,1314.8404,1.0408,0.0005,1439965.3362,0.0008,14102991.1507
2026-08-05T00:26:00+05:30,4364.38,2884.1944,1480.1826,7.1607,0.0013,213347527.1225,0.0022,14753010.7957
2026-08-05T00:27:00+05:30,1198.57,128.4590,1070.1140,0.8463,0.0004,1525749.2457,0.0007,11183274.2428
2026-08-05T00:28:00+05:30,1527.01,490.5912,1036.4185,1.4177,0.0012,4621338.2669,0.0008,10345443.1388
2026-08-05T00:29:00+05:30,1143.12,110.5926,1032.5312,0.8260,0.0004,1389543.6304,0.0007,12586919.8053
2026-08-05T00:30:00+05:30,1339.76,112.6408,1227.1151,0.9898,0.0005,1415671.9781,0.0008,16018953.7969
2026-08-05T00:31:00+05:30,3556.97,2304.1000,1252.8667,3.3605,0.0010,183145540.2667,0.0008,12933870.9333
2026-08-05T00:32:00+05:30,2038.34,762.7780,1275.5643,2.8726,0.0023,31170187.1770,0.0009,16197178.8084
2026-08-05T00:33:00+05:30,1267.09,115.9505,1151.1405,0.9108,0.0004,1425458.2292,0.0007,12625340.9311
2026-08-05T00:34:00+05:30,2250.37,1045.3121,1205.0628,1.5010,0.0005,47386732.2601,0.0007,17560799.6534
2026-08-05T00:35:00+05:30,1485.72,99.5967,1386.1205,1.1081,0.0005,1229735.2377,0.0008,18477294.1784
2026-08-05T00:36:00+05:30,1307.25,94.8491,1212.4021,0.9770,0.0005,1183853.3113,0.0008,17486808.6213
2026-08-05T00:37:00+05:30,4417.47,3079.8606,1337.6117,6.5065,0.0014,218163156.4735,0.0017,17393269.2571
2026-08-05T00:38:00+05:30,1315.20,104.8781,1210.3228,0.9791,0.0003,1246739.2840,0.0008,18983353.1098
2026-08-05T00:39:00+05:30,1274.46,105.1719,1169.2918,0.9287,0.0004,1311353.5569,0.0007,13643115.4077
2026-08-05T00:40:00+05:30,1613.32,110.2928,1503.0243,1.1821,0.0005,1384261.5390,0.0008,16281009.6311
2026-08-05T00:41:00+05:30,1565.45,500.8586,1064.5871,1.4080,0.0011,4720291.5590,0.0008,15092873.2765
2026-08-05T00:42:00+05:30,1869.60,267.6854,1601.9131,1.4288,0.0006,19094348.3260,0.0008,25612371.8899
2026-08-05T00:43:00+05:30,1540.80,117.1383,1423.6576,1.1311,0.0004,1480102.7914,0.0007,17436311.2407
2026-08-05T00:44:00+05:30,1397.47,115.0391,1282.4308,1.0300,0.0005,1444843.8948,0.0007,16250739.0246
2026-08-05T00:45:00+05:30,1354.25,112.0889,1242.1621,1.0002,0.0005,1408616.5642,0.0007,16126894.8781
2026-08-05T00:46:00+05:30,1328.72,106.0667,1222.6500,0.9684,0.0005,1378918.4000,0.0007,13615172.2667
2026-08-05T00:47:00+05:30,1384.33,133.2144,1251.1125,0.9982,0.0004,1670457.4924,0.0007,13149852.3025
2026-08-05T00:48:00+05:30,1311.53,102.0599,1209.4694,0.9496,0.0005,1355002.9998,0.0007,12130382.7745
2026-08-05T00:49:00+05:30,1435.58,472.9849,962.5906,1.2467,0.0010,4494913.5951,0.0008,11466614.9204
2026-08-05T00:50:00+05:30,1289.61,97.6305,1191.9783,0.9305,0.0004,1286705.8588,0.0007,12923776.8446
2026-08-05T00:51:00+05:30,1738.90,100.4150,1638.4894,1.2712,0.0004,1315135.4144,0.0008,16213336.1777
2026-08-05T00:52:00+05:30,1280.66,156.9412,1123.7229,0.9105,0.0005,1884626.9751,0.0007,11350636.1757
2026-08-05T00:53:00+05:30,1139.55,92.7318,1046.8159,0.8221,0.0004,1240978.3674,0.0007,10450322.5892
2026-08-05T00:54:00+05:30,1131.56,90.0258,1041.5299,0.8233,0.0005,1228492.8256,0.0007,11398627.7144
2026-08-05T00:55:00+05:30,1291.60,87.8430,1203.7611,0.9439,0.0004,1191337.6680,0.0008,13043255.9101
2026-08-05T00:56:00+05:30,1299.92,83.0834,1216.8400,0.9484,0.0005,1123258.6026,0.0007,12524910.1665
2026-08-05T00:57:00+05:30,1825.12,650.9725,1174.1471,1.7168,0.0011,5276427.8524,0.0009,12193249.0250
2026-08-05T00:58:00+05:30,1666.37,450.7807,1215.5915,1.4926,0.0011,4254360.1913,0.0008,12067046.5779
2026-08-05T00:59:00+05:30,1093.77,79.3632,1014.4024,0.7915,0.0003,1106718.8531,0.0007,11204154.2924
2026-08-05T01:00:00+05:30,1257.22,80.7339,1176.4814,0.9158,0.0004,1107355.3848,0.0007,12807891.8865
2026-08-05T01:01:00+05:30,1309.67,80.8382,1228.8277,0.9569,0.0005,1102322.7527,0.0008,12773983.4623
2026-08-05T01:02:00+05:30,1303.80,74.8504,1228.9504,0.9540,0.0005,1052153.4309,0.0008,12625226.9137
2026-08-05T01:03:00+05:30,1773.99,547.4663,1226.5251,1.8243,0.0014,5084524.9038,0.0009,12184185.4327
2026-08-05T01:04:00+05:30,1104.15,74.1772,1029.9777,0.8014,0.0004,1048636.6440,0.0007,11337773.3464
2026-08-05T01:05:00+05:30,1257.16,77.3474,1179.8107,0.9159,0.0004,1059991.8004,0.0008,12836222.1889
2026-08-05T01:06:00+05:30,1346.60,73.5316,1273.0651,0.9869,0.0005,1043058.7020,0.0008,13061063.2675
2026-08-05T01:07:00+05:30,1842.01,446.9929,1395.0193,1.9595,0.0012,4203807.4410,0.0010,13834719.2959
2026-08-05T01:08:00+05:30,1158.14,68.6494,1089.4875,0.8384,0.0004,975091.7729,0.0007,10818738.8180
2026-08-05T01:09:00+05:30,1089.22,70.5228,1018.6972,0.7915,0.0004,997362.9289,0.0007,11210708.7937
2026-08-05T01:10:00+05:30,1309.43,69.7965,1239.6380,0.9628,0.0005,958757.3955,0.0007,13336182.2576
2026-08-05T01:11:00+05:30,1341.15,65.0080,1276.1465,0.9843,0.0004,942894.2992,0.0007,13034725.3245
2026-08-05T01:12:00+05:30,1251.04,60.2227,1190.8191,0.9195,0.0004,896567.5234,0.0007,12344325.6326
2026-08-05T01:13:00+05:30,1276.03,60.5960,1215.4356,0.9345,0.0004,865919.3707,0.0007,11961428.5952
2026-08-05T01:14:00+05:30,1067.96,57.6763,1010.2850,0.7854,0.0005,860303.3839,0.0008,11160388.0647
2026-08-05T01:15:00+05:30,1235.83,56.5991,1179.2303,0.9118,0.0004,817943.9352,0.0008,12846197.9267
2026-08-05T01:16:00+05:30,1609.12,404.4468,1204.6735,1.4034,0.0010,3782645.5549,0.0008,12512331.7444
2026-08-05T01:17:00+05:30,1330.24,51.0406,1279.1988,0.9763,0.0004,772637.0165,0.0007,12973681.2251
2026-08-05T01:18:00+05:30,1303.52,51.7394,1251.7794,0.9545,0.0004,782563.8324,0.0007,12299128.7650
2026-08-05T01:19:00+05:30,1083.77,46.8422,1036.9272,0.7970,0.0003,731560.2066,0.0008,11371331.4448
2026-08-05T01:20:00+05:30,1364.96,47.1682,1317.7939,1.0120,0.0005,707414.5707,0.0008,14001442.4721
2026-08-05T01:21:00+05:30,1384.32,43.8066,1340.5177,1.0234,0.0005,704412.8619,0.0008,13532210.0982
2026-08-05T01:22:00+05:30,1222.83,42.0660,1180.7637,0.9036,0.0005,678206.7264,0.0007,12192293.3236
2026-08-05T01:23:00+05:30,1158.60,41.3701,1117.2264,0.8528,0.0004,665450.6542,0.0007,11086884.4404
2026-08-05T01:24:00+05:30,1034.91,36.0380,998.8670,0.7667,0.0005,613649.3169,0.0008,11071415.6614
2026-08-05T01:25:00+05:30,1473.65,264.4171,1209.2329,1.1384,0.0008,2548928.7608,0.0008,13090728.8641
2026-08-05T01:26:00+05:30,1485.38,149.8875,1335.4887,1.2614,0.0013,1564567.6955,0.0008,13600134.3910
2026-08-05T01:27:00+05:30,1291.77,34.7213,1257.0509,0.9534,0.0004,592487.2568,0.0008,12653678.9292
2026-08-05T01:28:00+05:30,1192.30,35.4506,1156.8526,0.8766,0.0004,594963.8321,0.0007,11431839.1946
2026-08-05T01:29:00+05:30,1134.30,35.0959,1099.2051,0.8396,0.0004,591120.3693,0.0008,11874079.2241
2026-08-05T01:30:00+05:30,1299.88,34.5833,1265.3000,0.9658,0.0005,570495.0251,0.0008,13513297.9784
2026-08-05T01:31:00+05:30,1368.63,32.7495,1335.8777,1.0144,0.0005,574941.8667,0.0007,13417267.2000
2026-08-05T01:32:00+05:30,1188.80,31.3698,1157.4324,0.8818,0.0005,553424.9425,0.0008,12105368.4035
2026-08-05T01:33:00+05:30,1145.27,31.6260,1113.6402,0.8457,0.0005,556994.3013,0.0007,11068017.9958
2026-08-05T01:34:00+05:30,1023.50,30.0010,993.4998,0.7603,0.0006,553592.8531,0.0007,11025570.7190
2026-08-05T01:35:00+05:30,1669.34,353.1108,1316.2281,1.4702,0.0010,3267666.0722,0.0009,13989791.3701
2026-08-05T01:36:00+05:30,1419.85,30.7844,1389.0630,1.0528,0.0005,549018.8340,0.0008,14054527.1509
2026-08-05T01:37:00+05:30,1231.87,30.7551,1201.1169,0.9113,0.0004,555432.6482,0.0008,12114508.3763
2026-08-05T01:38:00+05:30,1454.23,378.0766,1076.1552,1.3272,0.0012,3447894.4141,0.0008,10747017.1977
2026-08-05T01:39:00+05:30,1210.17,139.4333,1070.7333,1.0376,0.0014,1461496.7084,0.0008,11657909.1682
2026-08-05T01:40:00+05:30,1288.68,39.5939,1249.0831,0.9536,0.0004,635527.3406,0.0008,13400497.1993
2026-08-05T01:41:00+05:30,1382.85,38.9877,1343.8578,1.0199,0.0004,632153.9512,0.0008,13486860.8941
2026-08-05T01:42:00+05:30,1226.75,41.4916,1185.2537,0.9038,0.0004,653988.9311,0.0008,12314765.8865
2026-08-05T01:43:00+05:30,1134.27,38.7788,1095.4889,0.8325,0.0004,633850.3175,0.0007,10917638.2755
2026-08-05T01:44:00+05:30,1588.16,483.6280,1104.5308,1.7165,0.0014,4407238.9395,0.0010,11934443.4854
2026-08-05T01:45:00+05:30,1638.63,362.2222,1276.4060,1.4024,0.0010,3366837.2876,0.0008,13616637.3110
2026-08-05T01:46:00+05:30,1393.29,49.7209,1343.5641,1.0241,0.0004,740111.0408,0.0007,13477883.4272
2026-08-05T01:47:00+05:30,1206.74,52.1526,1154.5911,0.8845,0.0004,764147.0074,0.0007,12006863.8099
2026-08-05T01:48:00+05:30,1119.62,52.9922,1066.6278,0.8194,0.0004,778356.7535,0.0008,10670383.4909
2026-08-05T01:49:00+05:30,1155.98,51.3816,1104.5965,0.8531,0.0004,760943.1686,0.0007,11949681.6773
2026-08-05T01:50:00+05:30,1371.28,48.7569,1322.5188,1.0162,0.0004,720342.3315,0.0008,14021899.6201
2026-08-05T01:51:00+05:30,1447.33,49.7066,1397.6197,1.0683,0.0005,727956.2608,0.0008,13949832.2443
2026-08-05T01:52:00+05:30,1211.28,47.6373,1163.6470,0.8935,0.0004,722321.5268,0.0008,12113495.8580
2026-08-05T01:53:00+05:30,1146.55,45.1183,1101.4329,0.8432,0.0005,699090.7031,0.0008,10946938.7537
2026-08-05T01:54:00+05:30,1340.12,236.6807,1103.4374,0.9451,0.0005,5914578.1156,0.0008,12014264.1862
2026-08-05T01:55:00+05:30,2439.43,1096.7199,1342.7114,1.5921,0.0005,35057194.1731,0.0008,17709304.9768
2026-08-05T01:56:00+05:30,1494.38,57.2314,1437.1521,1.1070,0.0005,784630.9123,0.0008,14832145.5951
2026-08-05T01:57:00+05:30,1249.98,56.1408,1193.8425,0.9201,0.0004,762913.4551,0.0008,12443532.2043
2026-08-05T01:58:00+05:30,1383.46,174.2130,1209.2423,0.9862,0.0005,3663717.6329,0.0008,11825001.2165
2026-08-05T01:59:00+05:30,1209.96,53.3027,1156.6578,0.8991,0.0005,726542.3028,0.0007,13431201.5468
2026-08-05T02:00:00+05:30,1430.49,51.3115,1379.1787,1.0729,0.0005,702871.5795,0.0008,17085369.8630
2026-08-05T02:01:00+05:30,1403.32,390.9508,1012.3656,1.1733,0.0010,3637081.4432,0.0008,15849311.7574
2026-08-05T02:02:00+05:30,1248.58,63.9585,1184.6246,0.9318,0.0004,886887.4702,0.0008,16082977.1473
2026-08-05T02:03:00+05:30,1862.14,238.0691,1624.0752,1.3395,0.0005,6979396.7106,0.0008,17365358.2177
2026-08-05T02:04:00+05:30,1383.30,70.3296,1312.9740,1.0185,0.0005,961901.1169,0.0008,13648166.9612
2026-08-05T02:05:00+05:30,1048.21,71.4298,976.7845,0.7775,0.0004,965788.5106,0.0008,12990565.4051
2026-08-05T02:06:00+05:30,1070.08,64.4263,1005.6508,0.7951,0.0005,914379.5966,0.0008,13146732.9888
2026-08-05T02:07:00+05:30,1352.32,64.2280,1288.0927,0.9929,0.0004,906695.4638,0.0007,13206231.3769
2026-08-05T02:08:00+05:30,1502.15,147.9049,1354.2451,1.0932,0.0005,5629072.9203,0.0008,13785640.7487
2026-08-05T02:09:00+05:30,1403.92,63.4291,1340.4940,1.0354,0.0005,895242.7298,0.0008,13875340.7883
2026-08-05T02:10:00+05:30,1192.28,67.1500,1125.1333,0.8754,0.0005,923921.0667,0.0007,12247517.8667
2026-08-05T02:11:00+05:30,1556.50,420.1860,1136.3121,1.3338,0.0010,3869563.2406,0.0008,11694021.6330
2026-08-05T02:12:00+05:30,1175.05,67.0545,1107.9905,0.8545,0.0004,932637.5652,0.0007,11749963.4982
2026-08-05T02:13:00+05:30,1297.43,106.6500,1190.7833,0.9303,0.0004,1145651.2000,0.0008,11792452.2667
2026-08-05T02:14:00+05:30,1230.20,62.3906,1167.8082,0.9055,0.0005,883101.6681,0.0008,12419666.6500
2026-08-05T02:15:00+05:30,1432.22,62.9386,1369.2808,1.0580,0.0005,882366.6367,0.0007,14348562.3229
2026-08-05T02:16:00+05:30,1404.64,61.8198,1342.8171,1.0330,0.0005,887852.3926,0.0007,13466682.9341
2026-08-05T02:17:00+05:30,1125.13,61.9041,1063.2209,0.8251,0.0004,876997.4499,0.0008,11328737.1035
2026-08-05T02:18:00+05:30,1152.32,94.5682,1057.7510,0.8331,0.0004,1481547.8925,0.0007,10615711.8619
2026-08-05T02:19:00+05:30,1256.55,62.3052,1194.2477,0.9260,0.0005,894758.6069,0.0007,12686815.6641
2026-08-05T02:20:00+05:30,1426.75,60.1540,1366.5911,1.0538,0.0005,848938.4469,0.0008,14344772.7053
2026-08-05T02:21:00+05:30,1704.46,498.0248,1206.4339,1.7105,0.0013,4528846.7372,0.0009,12364669.8558
2026-08-05T02:22:00+05:30,1464.49,408.5350,1055.9555,1.2320,0.0010,3805173.8986,0.0008,11261338.1324
2026-08-05T02:23:00+05:30,2676.13,1662.9498,1013.1840,2.5679,0.0011,159441353.6902,0.0008,10252015.7344
2026-08-05T02:24:00+05:30,2150.57,1236.1440,914.4309,4.1180,0.0027,83979262.1230,0.0008,10394598.2336
2026-08-05T02:25:00+05:30,1272.71,119.0651,1153.6410,0.9134,0.0004,1420779.7283,0.0008,12700775.1938
2026-08-05T02:26:00+05:30,1329.50,117.1617,1212.3379,0.9611,0.0005,1451791.7757,0.0007,12804497.5914
2026-08-05T02:27:00+05:30,1780.22,568.4007,1211.8172,1.8270,0.0013,5317074.0161,0.0009,12372426.1672
2026-08-05T02:28:00+05:30,1411.47,115.2250,1296.2475,1.0090,0.0004,1440714.8096,0.0007,12816967.6602
2026-08-05T02:29:00+05:30,4435.03,3520.2793,914.7504,6.4422,0.0016,228660094.1145,0.0009,10454587.4825
2026-08-05T02:30:00+05:30,1283.40,125.7292,1157.6658,0.9132,0.0004,1438112.8780,0.0007,12675110.7111
2026-08-05T02:31:00+05:30,1579.13,128.0684,1451.0640,1.1445,0.0005,1480189.9778,0.0007,14593915.5099
2026-08-05T02:32:00+05:30,1460.07,127.9081,1332.1612,1.0545,0.0004,1526571.1381,0.0007,13289968.0349
2026-08-05T02:33:00+05:30,1692.11,529.9853,1162.1275,1.5761,0.0012,5005016.1175,0.0008,11449506.8753
2026-08-05T02:34:00+05:30,3190.13,2222.3000,967.8285,2.7863,0.0009,144196596.9562,0.0008,10894058.6421
2026-08-05T02:35:00+05:30,2525.38,1421.0439,1104.3361,4.6545,0.0026,85374651.9131,0.0009,12172508.1989
2026-08-05T02:36:00+05:30,1382.52,129.2565,1253.2627,0.9892,0.0004,1462413.3873,0.0008,12782275.3804
2026-08-05T02:37:00+05:30,1353.09,131.1798,1221.9055,0.9747,0.0005,1498125.2792,0.0008,12738331.9665
2026-08-05T02:38:00+05:30,1326.34,133.1322,1193.2076,0.9502,0.0004,1549063.0093,0.0007,11789779.7257
2026-08-05T02:39:00+05:30,1132.42,132.0708,1000.3501,0.8116,0.0005,1565977.0605,0.0007,11191413.1768
2026-08-05T02:40:00+05:30,4745.51,3508.8079,1236.7048,8.5515,0.0018,227405444.6611,0.0017,13334134.3599
2026-08-05T02:41:00+05:30,1556.38,135.4630,1420.9202,1.1132,0.0004,1518321.2905,0.0007,14392039.4614
2026-08-05T02:42:00+05:30,1338.06,133.5845,1204.4773,0.9607,0.0005,1536384.0448,0.0007,12138205.4573
2026-08-05T02:43:00+05:30,1205.48,136.5007,1068.9753,0.8593,0.0005,1576639.5254,0.0007,10687469.9285
2026-08-05T02:44:00+05:30,1516.32,532.1667,984.1500,1.3941,0.0011,4961006.9333,0.0008,10984994.1333
2026-08-05T02:45:00+05:30,3153.97,2046.3446,1107.6208,2.9308,0.0009,124824417.4180,0.0010,12646221.6741
2026-08-05T02:46:00+05:30,2872.03,1608.1471,1263.8799,5.6003,0.0026,105176612.4306,0.0011,12890210.3772
2026-08-05T02:47:00+05:30,1373.01,133.2044,1239.8080,0.9818,0.0004,1478432.2144,0.0007,12855314.9105
2026-08-05T02:48:00+05:30,1329.90,136.6963,1193.2085,0.9518,0.0005,1548785.9167,0.0007,11780182.3092
2026-08-05T02:49:00+05:30,1275.05,138.2339,1136.8174,0.9162,0.0004,1581732.5690,0.0007,12273119.8507
2026-08-05T02:50:00+05:30,1321.05,134.3500,1186.7000,0.9533,0.0004,1567334.4000,0.0008,13146112.0000
2026-08-05T02:51:00+05:30,4925.91,3737.6850,1188.2249,7.7626,0.0016,227520796.7071,0.0014,12338920.9926
2026-08-05T02:52:00+05:30,1377.34,132.6066,1244.7289,0.9791,0.0004,1450783.2928,0.0007,12857021.6341
2026-08-05T02:53:00+05:30,1267.02,137.6742,1129.3414,0.9022,0.0005,1525180.4546,0.0007,11214305.1797
2026-08-05T02:54:00+05:30,1119.90,135.1991,984.6982,0.8002,0.0005,1522617.9491,0.0008,10990282.4377
2026-08-05T02:55:00+05:30,1471.37,136.8212,1334.5445,1.0647,0.0004,1534660.2443,0.0007,14337809.0968
2026-08-05T02:56:00+05:30,3322.88,2100.7182,1222.1667,3.2723,0.0010,100464657.2347,0.0010,12766341.0488
2026-08-05T02:57:00+05:30,3296.63,2168.7335,1127.8961,5.9554,0.0021,132356975.4309,0.0012,11696068.8069
2026-08-05T02:58:00+05:30,1304.58,135.5393,1169.0448,0.9246,0.0004,1497772.1916,0.0007,11557481.0049
2026-08-05T02:59:00+05:30,1215.83,137.3898,1078.4418,0.8713,0.0005,1526138.7537,0.0007,11759109.6301
2026-08-05T03:00:00+05:30,1451.08,139.8683,1311.2111,1.0494,0.0005,1571413.6534,0.0007,14111995.1988
2026-08-05T03:01:00+05:30,1402.11,136.9144,1265.1956,1.0083,0.0005,1556112.7315,0.0007,12917066.8489
2026-08-05T03:02:00+05:30,4818.90,3765.4058,1053.4911,7.5206,0.0016,229494968.9718,0.0013,11365393.2345
2026-08-05T03:03:00+05:30,1287.45,134.0057,1153.4422,0.9077,0.0004,1463335.0892,0.0008,11445244.0740
2026-08-05T03:04:00+05:30,1118.09,131.8013,986.2849,0.7986,0.0004,1458576.2757,0.0008,11000346.3654
2026-08-05T03:05:00+05:30,1378.32,134.7635,1243.5577,0.9953,0.0005,1485128.5607,0.0007,13540524.6437
2026-08-05T03:06:00+05:30,1850.43,403.1025,1447.3233,1.5124,0.0008,3759125.5665,0.0008,14560878.6990
2026-08-05T03:07:00+05:30,2148.50,1018.2870,1130.2094,1.6188,0.0007,41781821.9644,0.0008,11742235.3804
2026-08-05T03:08:00+05:30,4630.29,3674.2380,956.0551,9.1928,0.0021,190225401.7031,0.0016,9829184.9951
2026-08-05T03:09:00+05:30,1156.64,130.6957,1025.9424,0.8185,0.0004,1420034.0786,0.0007,11326059.0540
2026-08-05T03:10:00+05:30,1443.34,136.2561,1307.0886,1.0441,0.0005,1488914.7351,0.0007,14063436.1222
2026-08-05T03:11:00+05:30,1487.60,134.4699,1353.1314,1.0739,0.0004,1503900.8099,0.0007,13737156.4177
2026-08-05T03:12:00+05:30,1751.41,576.4865,1174.9262,1.6992,0.0012,5292552.8163,0.0008,12202722.1417
2026-08-05T03:13:00+05:30,4758.00,3737.9544,1020.0497,5.9590,0.0013,216879926.6679,0.0011,10376155.5974
2026-08-05T03:14:00+05:30,1443.78,493.2753,950.5025,2.3661,0.0031,12143893.8702,0.0009,10700989.4337
2026-08-05T03:15:00+05:30,1382.55,128.7624,1253.7915,0.9957,0.0004,1407451.7607,0.0008,13583090.4455
2026-08-05T03:16:00+05:30,1525.61,133.0145,1392.5953,1.1027,0.0005,1464363.5091,0.0007,14130602.8160
2026-08-05T03:17:00+05:30,1409.04,133.6456,1275.3930,1.0142,0.0004,1492129.8926,0.0007,12879171.0342
2026-08-05T03:18:00+05:30,1223.27,133.3522,1089.9182,0.8728,0.0005,1525102.7517,0.0007,10897316.5553
2026-08-05T03:19:00+05:30,4991.58,4112.9462,878.6374,7.3780,0.0016,228260628.1124,0.0009,10167639.7453
2026-08-05T03:20:00+05:30,1777.76,522.2791,1255.4802,1.7283,0.0012,4738995.7992,0.0009,13572694.2722
2026-08-05T03:21:00+05:30,1488.02,135.7638,1352.2561,1.0654,0.0004,1455330.3119,0.0007,13825842.7086
2026-08-05T03:22:00+05:30,1368.08,137.2085,1230.8757,0.9821,0.0004,1495903.7173,0.0007,12496589.4316
2026-08-05T03:23:00+05:30,1282.18,138.2672,1143.9165,0.9156,0.0005,1540121.1192,0.0007,11355040.0453
2026-08-05T03:24:00+05:30,3957.61,3044.2196,913.3942,3.5423,0.0009,184694467.6312,0.0008,10459355.4237
2026-08-05T03:25:00+05:30,2547.62,1322.6925,1224.9246,4.8160,0.0029,45959007.2681,0.0008,13290355.1377
2026-08-05T03:26:00+05:30,1502.66,139.6717,1362.9864,1.0780,0.0004,1490794.9205,0.0007,13994018.1982
2026-08-05T03:27:00+05:30,1389.34,137.8862,1251.4582,0.9980,0.0005,1507270.6608,0.0007,12659134.9388
2026-08-05T03:28:00+05:30,1259.92,140.1023,1119.8187,0.8982,0.0005,1547835.9306,0.0007,11138165.3694
2026-08-05T03:29:00+05:30,1162.35,142.8000,1019.5523,0.8306,0.0004,1596234.2901,0.0007,11402561.0561
2026-08-05T03:30:00+05:30,5234.59,4119.7440,1114.8443,8.9580,0.0017,228341248.3584,0.0017,12385959.4014
2026-08-05T03:31:00+05:30,1486.12,138.5667,1347.5500,1.0593,0.0003,1475584.0000,0.0007,13722624.0000
2026-08-05T03:32:00+05:30,1701.35,524.4809,1176.8656,1.7041,0.0012,4784320.7626,0.0009,12140151.6490
2026-08-05T03:33:00+05:30,1250.20,142.3619,1107.8423,0.8772,0.0004,1546710.2259,0.0008,11052202.0835
2026-08-05T03:34:00+05:30,1211.50,141.5479,1069.9492,0.8947,0.0004,1565577.6722,0.0008,16275346.6300
2026-08-05T03:35:00+05:30,3390.08,2202.1668,1187.9157,3.4519,0.0010,121914134.8802,0.0011,13464284.0284
2026-08-05T03:36:00+05:30,3430.64,2233.4344,1197.2035,10.3791,0.0036,106194964.0691,0.0019,12585759.3494
2026-08-05T03:37:00+05:30,1668.62,404.5075,1264.1151,1.1671,0.0005,17987851.3086,0.0008,14703062.7771
2026-08-05T03:38:00+05:30,1996.07,808.3500,1187.7167,1.3684,0.0005,33996206.0701,0.0008,19667749.6625
2026-08-05T03:39:00+05:30,1259.41,127.6277,1131.7786,0.9135,0.0005,1328279.2605,0.0007,13169308.8169
2026-08-05T03:40:00+05:30,1591.43,126.8582,1464.5690,1.1741,0.0004,1339644.0237,0.0008,18618901.6732
2026-08-05T03:41:00+05:30,5433.44,4492.6005,940.8373,10.3589,0.0020,224567206.9862,0.0016,17786445.1703
2026-08-05T03:42:00+05:30,1429.48,139.4175,1290.0657,1.0458,0.0004,1386172.5597,0.0008,18841231.4460
2026-08-05T03:43:00+05:30,1724.91,147.6894,1577.2206,1.2963,0.0005,1992246.3282,0.0008,24427141.4520
2026-08-05T03:44:00+05:30,1247.46,142.0954,1105.3675,0.9023,0.0005,1466489.3599,0.0007,13404538.6525
2026-08-05T03:45:00+05:30,1720.43,147.3025,1573.1262,1.2608,0.0005,1567906.6651,0.0008,18706402.4400
2026-08-05T03:46:00+05:30,1408.10,146.2992,1261.8056,1.0361,0.0005,1623412.1372,0.0008,17717209.9843
2026-08-05T03:47:00+05:30,5459.51,4393.6580,1065.8542,11.7562,0.0021,223395038.2955,0.0024,17955859.8890
2026-08-05T03:48:00+05:30,1376.78,143.2737,1233.5072,0.9993,0.0004,1471652.3246,0.0008,16782133.1111
2026-08-05T03:49:00+05:30,1245.81,148.6284,1097.1801,0.8907,0.0005,1556470.4431,0.0007,11944567.5716
2026-08-05T03:50:00+05:30,1344.47,149.3816,1195.0862,0.9833,0.0005,1570453.0862,0.0007,16127697.0313
2026-08-05T03:51:00+05:30,1529.26,524.9304,1004.3343,1.3971,0.0011,4714083.7848,0.0008,14502709.1870
2026-08-05T03:52:00+05:30,3861.21,2326.5133,1534.6973,6.8553,0.0016,150059027.7907,0.0020,30310877.7074
2026-08-05T03:53:00+05:30,2955.85,1861.4371,1094.4148,7.8210,0.0033,71008168.5895,0.0016,17026262.0874
2026-08-05T03:54:00+05:30,1208.24,150.9950,1057.2481,0.8602,0.0004,1551444.8185,0.0008,12013508.8830
2026-08-05T03:55:00+05:30,1540.98,154.5948,1386.3871,1.1139,0.0005,1619667.9389,0.0007,15072277.8620
2026-08-05T03:56:00+05:30,1465.00,156.2896,1308.7128,1.0534,0.0004,1635533.0389,0.0008,14016504.4913
2026-08-05T03:57:00+05:30,1286.03,151.8920,1134.1390,0.9154,0.0005,1641745.6243,0.0007,11404550.3584
2026-08-05T03:58:00+05:30,1886.95,607.9653,1278.9868,1.5349,0.0008,19017401.2565,0.0008,13056021.3301
2026-08-05T03:59:00+05:30,1310.86,151.8702,1158.9879,0.9384,0.0004,1584176.2872,0.0007,12806409.2811
2026-08-05T04:00:00+05:30,1241.31,151.1672,1090.1471,0.8874,0.0005,1576439.9120,0.0007,12174768.2464
2026-08-05T04:01:00+05:30,1315.52,145.2930,1170.2280,0.9405,0.0005,1557676.1117,0.0008,12097455.0303
2026-08-05T04:02:00+05:30,1257.35,145.0331,1112.3202,0.8995,0.0005,1575547.3861,0.0007,11997354.4420
2026-08-05T04:03:00+05:30,1488.77,299.7350,1189.0387,1.0228,0.0005,3339243.9785,0.0007,11816836.7643
2026-08-05T04:04:00+05:30,1452.40,533.5989,918.7991,1.3316,0.0011,4915295.5925,0.0008,10489632.8599
2026-08-05T04:05:00+05:30,1718.83,596.2080,1122.6237,1.6479,0.0012,5453166.8111,0.0008,12564183.1390
2026-08-05T04:06:00+05:30,1349.88,133.1844,1216.6956,0.9649,0.0004,1586046.1395,0.0008,12839190.2920
2026-08-05T04:07:00+05:30,1369.38,130.2978,1239.0793,0.9858,0.0004,1573767.2744,0.0008,12691032.9656
2026-08-05T04:08:00+05:30,1441.29,130.6949,1310.5982,1.0388,0.0005,1612189.9683,0.0007,12905846.8922
2026-08-05T04:09:00+05:30,1476.94,127.0797,1349.8650,1.0725,0.0005,1563261.8278,0.0008,14022719.4345
2026-08-05T04:10:00+05:30,1255.06,124.9792,1130.0783,0.9065,0.0005,1537339.5324,0.0008,12476592.5111
2026-08-05T04:11:00+05:30,1314.85,121.2202,1193.6323,0.9480,0.0005,1534207.7013,0.0007,12277007.2345
2026-08-05T04:12:00+05:30,1269.07,121.5414,1147.5265,0.9155,0.0005,1522764.1382,0.0007,12209694.2180
2026-08-05T04:13:00+05:30,1572.04,460.0090,1112.0315,1.0619,0.0005,3101354.6667,0.0008,11157230.9333
2026-08-05T04:14:00+05:30,1092.03,114.0814,977.9504,0.7866,0.0004,1438535.5155,0.0008,10963670.8110
2026-08-05T04:15:00+05:30,1281.46,117.3736,1164.0863,0.9289,0.0005,1494847.1627,0.0008,12875317.4569
2026-08-05T04:16:00+05:30,1517.36,115.8225,1401.5367,1.1032,0.0004,1504058.1362,0.0007,14259776.4555
2026-08-05T04:17:00+05:30,1430.43,115.4231,1315.0098,1.0365,0.0005,1481518.8456,0.0008,13175054.8872
2026-08-05T04:18:00+05:30,1677.58,499.0166,1178.5679,1.6029,0.0012,4742276.8944,0.0008,11676132.9466
2026-08-05T04:19:00+05:30,1168.95,117.2197,1051.7273,0.8384,0.0004,1486469.7785,0.0008,11574082.2237
2026-08-05T04:20:00+05:30,1318.19,116.7136,1201.4735,0.9567,0.0005,1510781.0578,0.0008,13129621.3892
2026-08-05T04:21:00+05:30,1386.88,118.6992,1268.1858,1.0030,0.0005,1469499.3999,0.0007,12942832.9111
2026-08-05T04:22:00+05:30,1281.03,116.4705,1164.5555,0.9265,0.0004,1472902.4301,0.0007,12339543.0514
2026-08-05T04:23:00+05:30,1205.30,131.9302,1073.3723,0.8681,0.0005,3840447.9328,0.0007,10822739.2558
2026-08-05T04:24:00+05:30,1280.24,107.1780,1173.0580,0.9305,0.0004,1389088.9456,0.0008,12563237.4381
2026-08-05T04:25:00+05:30,1477.30,111.0611,1366.2366,1.0781,0.0005,1451494.4828,0.0008,14473024.9025
2026-08-05T04:26:00+05:30,1354.02,106.3904,1247.6332,0.9818,0.0005,1415467.1645,0.0008,12765079.2720
2026-08-05T04:27:00+05:30,1201.09,105.2263,1095.8603,0.8694,0.0005,1427975.2017,0.0007,11657189.7873
2026-08-05T04:28:00+05:30,1307.52,184.7290,1122.7915,0.9417,0.0006,9315967.7973,0.0007,11218308.7257
2026-08-05T04:29:00+05:30,1160.53,111.0130,1049.5150,0.8393,0.0005,1425609.7862,0.0008,11564887.3556
2026-08-05T04:30:00+05:30,1608.50,112.4371,1496.0665,1.1763,0.0005,1427640.1213,0.0008,15571531.3177
2026-08-05T04:31:00+05:30,1672.09,474.6254,1197.4634,1.5229,0.0011,4509552.5741,0.0008,12381387.2435
2026-08-05T04:32:00+05:30,1188.16,117.1823,1070.9761,0.8611,0.0005,1516430.1312,0.0008,11436586.9547
2026-08-05T04:33:00+05:30,1435.49,322.9069,1112.5850,0.9786,0.0004,6583742.0387,0.0007,11136787.0819
2026-08-05T04:34:00+05:30,1403.41,117.7157,1285.6905,1.0192,0.0005,1529310.7586,0.0007,13504213.3049
2026-08-05T04:35:00+05:30,1404.94,118.3412,1286.6024,1.0212,0.0004,1506652.3993,0.0008,13776833.9084
2026-08-05T04:36:00+05:30,1309.46,119.2206,1190.2397,0.9444,0.0005,1545745.3915,0.0007,12298445.1482
2026-08-05T04:37:00+05:30,1239.21,120.6066,1118.6068,0.8927,0.0005,1553688.1260,0.0007,11962122.0898
2026-08-05T04:38:00+05:30,1259.75,128.3021,1131.4522,0.9032,0.0005,1713618.7206,0.0007,11306975.2992
2026-08-05T04:39:00+05:30,1575.83,120.6943,1455.1335,1.1483,0.0005,1566927.0911,0.0008,14896699.7116
2026-08-05T04:40:00+05:30,1257.98,123.9817,1133.9942,0.9091,0.0005,1603079.3016,0.0007,12470608.5566
2026-08-05T04:41:00+05:30,1304.08,118.2392,1185.8426,0.9407,0.0004,1541580.9860,0.0007,12191194.6398
2026-08-05T04:42:00+05:30,1236.97,115.2686,1121.7020,0.8933,0.0004,1502437.8406,0.0008,11990488.9081
2026-08-05T04:43:00+05:30,1225.60,119.2650,1106.3373,0.8808,0.0005,1565359.0111,0.0007,11166659.7808
2026-08-05T04:44:00+05:30,1487.39,115.0441,1372.3427,1.0838,0.0005,1599076.9795,0.0007,14176092.3020
2026-08-05T04:45:00+05:30,1359.22,115.3493,1243.8691,0.9875,0.0004,1516247.9410,0.0008,13377726.3846
2026-08-05T04:46:00+05:30,1615.85,473.7377,1142.1096,1.4398,0.0011,4543269.4673,0.0008,11876905.2340
2026-08-05T04:47:00+05:30,1216.01,106.0475,1109.9647,0.8718,0.0004,1424529.4127,0.0007,11897865.7465
2026-08-05T04:48:00+05:30,1453.30,350.9924,1102.3047,1.0854,0.0006,3410694.0408,0.0007,11069534.1954
2026-08-05T04:49:00+05:30,1644.01,265.4912,1378.5207,1.3737,0.0012,3397928.3357,0.0008,14298181.5273
2026-08-05T04:50:00+05:30,1337.31,106.0702,1231.2410,0.9714,0.0004,1410572.8858,0.0007,13326985.0328
2026-08-05T04:51:00+05:30,1300.67,107.0667,1193.6000,0.9413,0.0004,1417990.5665,0.0007,12305271.7545
2026-08-05T04:52:00+05:30,1235.30,100.6132,1134.6897,0.8963,0.0005,1380872.0111,0.0008,12109248.3295
2026-08-05T04:53:00+05:30,1176.81,98.3079,1078.5030,0.8503,0.0004,1335971.3262,0.0007,10836834.0085
2026-08-05T04:54:00+05:30,1532.37,137.2431,1395.1302,1.1120,0.0005,2282245.3544,0.0008,14429827.8419
2026-08-05T04:55:00+05:30,1767.93,567.9981,1199.9367,1.9062,0.0013,5338492.4677,0.0010,13025591.2545
2026-08-05T04:56:00+05:30,1294.98,103.8270,1191.1524,0.9294,0.0004,1369224.9225,0.0007,12270112.3446
2026-08-05T04:57:00+05:30,1218.60,105.2228,1113.3746,0.8788,0.0004,1391894.3789,0.0007,11922222.3111
2026-08-05T04:58:00+05:30,1178.86,97.8353,1081.0212,0.8513,0.0005,1326176.2432,0.0007,10907832.0224
2026-08-05T04:59:00+05:30,1526.34,162.2369,1364.0999,1.1012,0.0005,2659751.7830,0.0007,14150829.5674
2026-08-05T05:00:00+05:30,1455.73,120.6888,1335.0448,1.0586,0.0005,1500571.6381,0.0007,14168067.3457
2026-08-05T05:01:00+05:30,1621.81,458.3313,1163.4755,1.4596,0.0011,4440018.1309,0.0008,12079336.6218
2026-08-05T05:02:00+05:30,1197.38,104.4226,1092.9535,0.8619,0.0004,1365469.8940,0.0007,11724755.6178
2026-08-05T05:03:00+05:30,1133.68,98.9220,1034.7568,0.8174,0.0005,1306253.8947,0.0008,10464090.1078
2026-08-05T05:04:00+05:30,1619.40,136.8402,1482.5575,1.4992,0.0005,2013216.3942,0.0010,15181012.9173
2026-08-05T05:05:00+05:30,1300.48,97.5313,1202.9471,0.9487,0.0005,1278028.4714,0.0007,13001437.3062
2026-08-05T05:06:00+05:30,1253.21,94.2651,1158.9474,0.9099,0.0005,1265758.3414,0.0007,12005112.3629
2026-08-05T05:07:00+05:30,1203.04,89.2437,1113.7966,0.8756,0.0004,1234200.5234,0.0007,11915288.7837
2026-08-05T05:08:00+05:30,1169.86,86.8819,1082.9820,0.8485,0.0004,1187683.6719,0.0007,11073692.7718
2026-08-05T05:09:00+05:30,1641.11,130.5507,1510.5557,1.2128,0.0005,1868332.9168,0.0008,15370766.3751
2026-08-05T05:10:00+05:30,1270.95,84.8432,1186.1050,0.9304,0.0005,1150515.0020,0.0008,12867388.1851
2026-08-05T05:11:00+05:30,1230.72,82.8348,1147.8896,0.8967,0.0005,1167760.3106,0.0007,11878952.8586
2026-08-05T05:12:00+05:30,1194.22,78.0463,1116.1694,0.8720,0.0005,1080978.0297,0.0007,11808551.5586
2026-08-05T05:13:00+05:30,1132.88,76.5244,1056.3601,0.8251,0.0004,1073095.0722,0.0007,10919003.4496
2026-08-05T05:14:00+05:30,1603.44,114.3481,1489.0918,3.9370,0.0007,1777877.8041,0.0026,15226372.4543
2026-08-05T05:15:00+05:30,1233.59,73.6586,1159.9353,0.9061,0.0005,1048220.4257,0.0008,12637907.4892
2026-08-05T05:16:00+05:30,1545.72,428.4119,1117.3048,1.3695,0.0011,4078793.3587,0.0008,11628958.3250
2026-08-05T05:17:00+05:30,1200.61,70.5073,1130.0993,0.8725,0.0004,1004341.8211,0.0007,11811766.9644
2026-08-05T05:18:00+05:30,1130.15,68.2258,1061.9249,0.8256,0.0004,965539.8463,0.0007,11181814.4117
2026-08-05T05:19:00+05:30,1584.47,92.0818,1492.3918,6.5131,0.0015,1301414.0431,0.0043,15342404.5599
2026-08-05T05:20:00+05:30,1175.16,69.2229,1105.9341,0.8631,0.0005,999563.7915,0.0007,12186569.2574
2026-08-05T05:21:00+05:30,1200.02,65.6287,1134.3913,0.8788,0.0005,938276.9128,0.0008,11738020.3367
2026-08-05T05:22:00+05:30,1174.82,59.2569,1115.5635,0.8614,0.0005,883064.0908,0.0007,11444057.2733
2026-08-05T05:23:00+05:30,1113.38,57.0886,1056.2887,0.8191,0.0005,859237.2192,0.0008,11458043.3247
2026-08-05T05:24:00+05:30,1544.78,66.0577,1478.7225,9.4514,0.0016,1027874.5854,0.0064,15361928.7584
2026-08-05T05:25:00+05:30,1125.98,56.4997,1069.4792,0.8296,0.0005,862509.7556,0.0007,11844870.0868
2026-08-05T05:26:00+05:30,1194.91,54.7573,1140.1520,0.8777,0.0005,822381.6509,0.0007,11733669.0225
2026-08-05T05:27:00+05:30,1173.92,56.6239,1117.2971,0.8608,0.0004,833792.7380,0.0007,11419397.6438
2026-08-05T05:28:00+05:30,1112.19,51.3847,1060.8046,0.8191,0.0004,799819.1367,0.0007,11515633.6718
2026-08-05T05:29:00+05:30,1600.93,384.9679,1215.9653,2.7733,0.0005,6674217.1486,0.0021,12987879.8100
2026-08-05T05:30:00+05:30,1464.46,56.3749,1408.0888,3.9162,0.0009,818735.8563,0.0028,14919626.5893
2026-08-05T05:31:00+05:30,1525.38,404.3504,1121.0268,1.3239,0.0011,3823866.3889,0.0008,11595923.1269
2026-08-05T05:32:00+05:30,1151.03,46.8930,1104.1344,0.8441,0.0005,775870.8194,0.0007,11299169.1246
2026-08-05T05:33:00+05:30,1095.69,44.6263,1051.0611,0.8062,0.0004,731635.8544,0.0007,11468417.6238
2026-08-05T05:34:00+05:30,1645.80,278.8361,1366.9650,5.8368,0.0006,4439159.3754,0.0042,14370984.9174
2026-08-05T05:35:00+05:30,1414.82,49.1219,1365.6980,2.4615,0.0008,769539.9330,0.0018,14316377.5849
2026-08-05T05:36:00+05:30,1159.64,46.4616,1113.1783,0.8534,0.0004,741139.3325,0.0008,11375539.6259
2026-08-05T05:37:00+05:30,1118.36,45.5871,1072.7727,0.8223,0.0004,727441.9535,0.0008,10922143.2453
2026-08-05T05:38:00+05:30,1070.59,42.6624,1027.9305,0.7914,0.0005,702530.2803,0.0007,11332157.4509
2026-08-05T05:39:00+05:30,1100.84,73.2606,1027.5810,0.8057,0.0004,1106920.0233,0.0007,11232890.0592
2026-08-05T05:40:00+05:30,2125.87,473.5570,1652.3159,10.0622,0.0014,4259302.0318,0.0057,16945043.5188
2026-08-05T05:41:00+05:30,1192.72,46.8500,1145.8667,0.8744,0.0004,744119.0687,0.0008,11620272.6045
2026-08-05T05:42:00+05:30,1713.42,527.8315,1185.5876,1.1717,0.0005,19603650.9566,0.0008,14769259.6494
2026-08-05T05:43:00+05:30,2563.89,912.1588,1651.7348,4.6546,0.0006,28175068.3598,0.0025,24625215.3451
2026-08-05T05:44:00+05:30,2251.20,897.0127,1354.1875,2.1002,0.0011,97659024.0715,0.0008,15709185.5704
2026-08-05T05:45:00+05:30,3815.94,2092.4725,1723.4656,8.7030,0.0026,141100060.2586,0.0018,19401803.4929
2026-08-05T05:46:00+05:30,1333.59,155.4626,1178.1262,0.9636,0.0004,1640502.3330,0.0008,16119297.1604
2026-08-05T05:47:00+05:30,1647.06,237.8396,1409.2182,1.1721,0.0004,2504233.9057,0.0007,16338799.9333
2026-08-05T05:48:00+05:30,2087.17,680.3340,1406.8370,2.1852,0.0012,6455413.9707,0.0009,17364426.6213
2026-08-05T05:49:00+05:30,1322.78,202.9435,1119.8393,0.9260,0.0004,2604093.9380,0.0007,13633398.4699
2026-08-05T05:50:00+05:30,4390.78,3090.9530,1299.8267,10.0403,0.0024,216485936.1979,0.0021,18091337.9779
2026-08-05T05:51:00+05:30,1461.27,329.7447,1131.5246,1.2636,0.0010,3635496.0919,0.0008,15340050.0642
2026-08-05T05:52:00+05:30,1537.31,153.9808,1383.3269,1.1068,0.0004,1692547.3151,0.0008,14556493.9835
2026-08-05T05:53:00+05:30,1604.11,533.9523,1070.1547,1.4832,0.0011,4946044.9363,0.0008,10815526.3684
2026-08-05T05:54:00+05:30,1227.36,151.8540,1075.5104,0.8742,0.0004,1706456.1953,0.0008,12889174.4355
2026-08-05T05:55:00+05:30,1568.80,150.3766,1418.4218,1.1388,0.0005,1683826.1797,0.0008,16091896.5609
2026-08-05T05:56:00+05:30,4143.85,3020.1044,1123.7435,8.4840,0.0022,213499399.5366,0.0016,15717094.9706
2026-08-05T05:57:00+05:30,1781.60,151.9500,1629.6500,1.2818,0.0004,1664983.4831,0.0007,17012063.8011
2026-08-05T05:58:00+05:30,1317.99,151.9217,1166.0722,0.9432,0.0004,1698639.5107,0.0008,12320563.7427
2026-08-05T05:59:00+05:30,1157.47,150.1017,1007.3659,0.8252,0.0005,1697991.8340,0.0007,11298966.6861
2026-08-05T06:00:00+05:30,1309.13,147.2054,1161.9243,0.9400,0.0004,1688556.2168,0.0008,12756174.7595
2026-08-05T06:01:00+05:30,3274.32,2021.2256,1253.0905,3.4930,0.0012,152804029.4559,0.0009,12893917.5636
2026-08-05T06:02:00+05:30,2508.85,1422.0496,1086.8043,5.5965,0.0031,68704809.9510,0.0010,11591719.6118
2026-08-05T06:03:00+05:30,1351.10,146.4138,1204.6894,0.9574,0.0004,1613881.8824,0.0007,11953879.2161
2026-08-05T06:04:00+05:30,1344.04,150.4283,1193.6102,0.9649,0.0005,1676545.5061,0.0007,12803114.5109
2026-08-05T06:05:00+05:30,1298.74,146.6887,1152.0561,0.9337,0.0005,1657080.5621,0.0008,13039319.0979
2026-08-05T06:06:00+05:30,1386.64,142.6810,1243.9557,0.9958,0.0005,1637581.0047,0.0007,12832222.3444
2026-08-05T06:07:00+05:30,4107.78,3064.2359,1043.5464,8.2674,0.0022,219551049.3148,0.0015,11415904.7714
2026-08-05T06:08:00+05:30,1303.75,141.9860,1161.7627,0.9179,0.0003,1506552.7491,0.0007,11610610.8630
2026-08-05T06:09:00+05:30,1502.24,523.8762,978.3656,1.3450,0.0011,4759653.4493,0.0008,11072109.8722
2026-08-05T06:10:00+05:30,1432.28,147.4486,1284.8284,1.0262,0.0004,1571524.0223,0.0007,14142350.5485
2026-08-05T06:11:00+05:30,1580.98,147.2500,1433.7333,1.1415,0.0004,1577138.5144,0.0007,14499052.2158
2026-08-05T06:12:00+05:30,1858.09,763.4337,1094.6565,1.5143,0.0009,63573070.2967,0.0008,11694043.4877
2026-08-05T06:13:00+05:30,3341.40,2317.4399,1023.9568,6.6368,0.0023,155818783.3219,0.0012,10455681.3764
2026-08-05T06:14:00+05:30,1232.26,144.1595,1088.0956,0.8741,0.0004,1545207.0063,0.0007,11947844.2078
2026-08-05T06:15:00+05:30,1361.89,144.4952,1217.3928,0.9816,0.0005,1556180.9970,0.0007,13524561.7906
2026-08-05T06:16:00+05:30,1611.18,145.0667,1466.1167,1.1635,0.0005,1573205.3333,0.0007,14659515.7333
2026-08-05T06:17:00+05:30,1260.61,145.1476,1115.4647,0.9014,0.0005,1616842.1053,0.0007,11860460.1180
2026-08-05T06:18:00+05:30,4011.30,3026.6447,984.6531,6.2969,0.0017,217796944.0779,0.0011,10181029.3941
2026-08-05T06:19:00+05:30,1142.65,139.6876,1002.9671,0.8024,0.0003,1469387.3414,0.0007,11246299.2115
2026-08-05T06:20:00+05:30,1397.36,140.8096,1256.5538,1.0069,0.0004,1499265.8367,0.0008,13855733.8800
2026-08-05T06:21:00+05:30,1494.01,141.1904,1352.8176,1.0771,0.0004,1539106.3404,0.0007,13837073.9383
2026-08-05T06:22:00+05:30,1457.27,140.7714,1316.4939,1.0498,0.0004,1548996.4833,0.0007,13356254.6042
2026-08-05T06:23:00+05:30,1278.23,178.0048,1100.2267,0.9033,0.0005,2522190.6905,0.0007,11103018.1824
2026-08-05T06:24:00+05:30,3971.31,3039.0372,932.2766,6.4521,0.0018,213909307.3756,0.0012,10667828.7191
2026-08-05T06:25:00+05:30,1771.43,519.5221,1251.9122,2.0066,0.0013,4715427.0859,0.0011,13761656.2849
2026-08-05T06:26:00+05:30,1473.82,144.3620,1329.4608,1.0478,0.0004,1548075.6730,0.0007,13553223.3019
2026-08-05T06:27:00+05:30,1355.53,143.0810,1212.4460,0.9705,0.0004,1564737.9599,0.0007,12648048.1438
2026-08-05T06:28:00+05:30,1254.02,147.1441,1106.8715,0.8923,0.0004,1625541.9888,0.0008,11135078.6457
2026-08-05T06:29:00+05:30,3533.20,2540.1170,993.0818,3.7679,0.0011,204721817.7272,0.0009,11236738.6267
2026-08-05T06:30:00+05:30,2003.98,811.5135,1192.4699,3.8213,0.0032,14109726.3621,0.0010,13263273.8546
2026-08-05T06:31:00+05:30,1586.18,144.3667,1441.8167,1.1400,0.0004,1545898.6667,0.0007,14470280.5333
2026-08-05T06:32:00+05:30,1363.83,145.4615,1218.3672,0.9796,0.0005,1580136.3129,0.0007,12721291.8062
2026-08-05T06:33:00+05:30,1193.15,147.8938,1045.2583,0.8473,0.0005,1634467.1190,0.0007,10625197.0195
2026-08-05T06:34:00+05:30,1236.76,146.0066,1090.7500,0.8867,0.0004,1629253.7910,0.0008,12079275.3208
2026-08-05T06:35:00+05:30,4726.07,3642.7000,1083.3695,8.6054,0.0019,212352670.0230,0.0016,12382298.2696
2026-08-05T06:36:00+05:30,1480.21,146.7011,1333.5055,1.0525,0.0004,1555347.1509,0.0007,13572282.3059
2026-08-05T06:37:00+05:30,1403.34,150.7358,1252.6042,1.0075,0.0005,1624227.6038,0.0007,12985287.3548
2026-08-05T06:38:00+05:30,1279.48,148.3809,1131.0978,0.9116,0.0005,1599502.9499,0.0007,11307723.3426
2026-08-05T06:39:00+05:30,1237.74,151.0878,1086.6550,0.8854,0.0005,1636829.4740,0.0007,11946581.3120
2026-08-05T06:40:00+05:30,3067.06,1857.2071,1209.8572,4.0055,0.0014,128495936.2847,0.0011,13663661.4293
2026-08-05T06:41:00+05:30,2876.80,1693.8156,1182.9805,5.3485,0.0023,83218648.4414,0.0013,12336613.9690
2026-08-05T06:42:00+05:30,1706.83,516.5037,1190.3294,1.6042,0.0012,4633661.4236,0.0009,12520932.0181
2026-08-05T06:43:00+05:30,1680.42,585.1004,1095.3191,1.7870,0.0013,5250669.2894,0.0009,11038490.9233
2026-08-05T06:44:00+05:30,1214.31,151.0928,1063.2179,0.8537,0.0004,1606428.4881,0.0007,11783093.2097
2026-08-05T06:45:00+05:30,1309.48,149.6268,1159.8574,0.9401,0.0005,1629227.4060,0.0008,13228873.3671
2026-08-05T06:46:00+05:30,4798.58,3518.2697,1280.3134,9.6540,0.0020,210768252.3087,0.0022,13236928.2880
2026-08-05T06:47:00+05:30,1347.50,151.0591,1196.4402,0.9507,0.0003,1589919.4374,0.0007,12623377.3645
2026-08-05T06:48:00+05:30,1397.85,152.8743,1244.9789,0.9984,0.0004,1615474.9071,0.0007,12253523.6095
2026-08-05T06:49:00+05:30,1185.05,155.2227,1029.8249,0.8442,0.0004,1663528.6669,0.0007,11477221.7205
2026-08-05T06:50:00+05:30,1334.76,155.8926,1178.8631,0.9589,0.0005,1690086.4811,0.0007,13329103.6506
2026-08-05T06:51:00+05:30,1858.91,544.8986,1314.0153,1.3299,0.0006,32387495.7759,0.0007,13469986.0364
2026-08-05T06:52:00+05:30,4036.17,3005.7344,1030.4389,7.4260,0.0019,179945489.2064,0.0015,11221547.4170
2026-08-05T06:53:00+05:30,1270.69,151.6551,1119.0373,0.8953,0.0004,1555985.7329,0.0007,11235839.0613
2026-08-05T06:54:00+05:30,1331.96,155.3141,1176.6471,0.9548,0.0005,1588428.8000,0.0007,12685858.1333
2026-08-05T06:55:00+05:30,1350.87,157.8491,1193.0193,0.9703,0.0005,1650443.4443,0.0007,13394986.4320
2026-08-05T06:56:00+05:30,1512.99,154.1487,1358.8415,1.0873,0.0004,1647396.3472,0.0008,13787755.2326
2026-08-05T06:57:00+05:30,4183.41,3052.5658,1130.8478,4.7736,0.0012,201413700.2667,0.0010,12074598.4000
2026-08-05T06:58:00+05:30,1737.55,719.4181,1018.1300,3.5785,0.0036,13684251.9496,0.0010,10417867.3599
2026-08-05T06:59:00+05:30,1354.79,158.6309,1196.1588,0.9685,0.0004,1662519.0224,0.0008,12836414.1242
2026-08-05T07:00:00+05:30,1731.16,524.1715,1206.9914,1.5850,0.0011,4787622.9183,0.0008,13467015.9868
2026-08-05T07:01:00+05:30,1485.48,157.9114,1327.5687,1.0606,0.0004,1701292.5476,0.0007,13504700.5548
2026-08-05T07:02:00+05:30,1334.68,157.5561,1177.1276,0.9539,0.0005,1728056.5475,0.0008,12436448.8455
2026-08-05T07:03:00+05:30,4386.64,3429.6356,957.0064,6.6355,0.0016,209740195.5040,0.0011,9950149.0776
2026-08-05T07:04:00+05:30,1280.78,162.3167,1118.4667,0.9025,0.0004,1691374.9333,0.0008,12216797.8667
2026-08-05T07:05:00+05:30,1503.08,162.5465,1340.5291,1.0825,0.0004,1690769.2615,0.0008,14530660.7101
2026-08-05T07:06:00+05:30,1503.45,164.4950,1338.9542,1.0769,0.0005,1752952.0445,0.0007,13648919.7854
2026-08-05T07:07:00+05:30,1276.83,159.2981,1117.5363,0.9102,0.0005,1733975.8362,0.0007,11964044.1948
2026-08-05T07:08:00+05:30,3012.70,1909.9957,1102.7073,3.4023,0.0013,118006944.0203,0.0009,11153757.7435
2026-08-05T07:09:00+05:30,2872.96,1897.8521,975.1046,5.4051,0.0022,94368672.9545,0.0012,11019475.4208
2026-08-05T07:10:00+05:30,1600.33,166.9583,1433.3717,1.1496,0.0004,1711189.5595,0.0007,15241841.5587
2026-08-05T07:11:00+05:30,1416.63,169.7557,1246.8749,1.0102,0.0004,1767346.3782,0.0008,12851423.5808
2026-08-05T07:12:00+05:30,1341.67,169.9198,1171.7534,0.9556,0.0004,1800713.4047,0.0008,12357229.3229
2026-08-05T07:13:00+05:30,1234.28,164.6506,1069.6291,0.8732,0.0004,1772997.3841,0.0007,10827234.1503
2026-08-05T07:14:00+05:30,4474.56,3481.9315,992.6326,7.1963,0.0016,207043770.9809,0.0016,11217830.8192
2026-08-05T07:15:00+05:30,1454.20,171.5367,1282.6663,1.0285,0.0004,1738750.0542,0.0008,13957314.7534
2026-08-05T07:16:00+05:30,1603.86,174.6116,1429.2453,1.1491,0.0005,1799591.0326,0.0007,14365049.8875
2026-08-05T07:17:00+05:30,1251.39,172.5546,1078.8369,0.8866,0.0005,1832859.3234,0.0008,11603535.9440
2026-08-05T07:18:00+05:30,1527.59,529.1696,998.4165,1.3490,0.0010,4865839.0866,0.0008,10271849.0541
2026-08-05T07:19:00+05:30,1445.43,405.2333,1040.2000,0.9584,0.0004,5113122.0187,0.0008,11728818.4136
2026-08-05T07:20:00+05:30,4972.25,3552.8522,1419.4011,10.7174,0.0020,205081630.7159,0.0027,15113590.1880
2026-08-05T07:21:00+05:30,1554.37,173.6934,1380.6785,1.1046,0.0004,1805558.5896,0.0008,14011003.5509
2026-08-05T07:22:00+05:30,1206.08,176.0971,1029.9828,0.8515,0.0004,1854842.6860,0.0007,11098131.8311
2026-08-05T07:23:00+05:30,1205.38,169.6192,1035.7637,0.8496,0.0004,1807072.8773,0.0007,10550143.7547
2026-08-05T07:24:00+05:30,1191.58,166.3806,1025.1945,0.8456,0.0004,1807203.3593,0.0007,11429854.8290
2026-08-05T07:25:00+05:30,3589.06,2288.9648,1300.1000,5.1181,0.0014,141930121.1535,0.0014,14163119.9867
2026-08-05T07:26:00+05:30,3190.23,1716.9664,1473.2615,6.6074,0.0024,68669909.6121,0.0017,14732030.3959
2026-08-05T07:27:00+05:30,1237.61,177.7296,1059.8766,0.8714,0.0004,1834593.4088,0.0007,11361110.0702
2026-08-05T07:28:00+05:30,1221.39,177.6226,1043.7681,0.8594,0.0004,1847395.0566,0.0008,10633324.9554
2026-08-05T07:29:00+05:30,1221.94,173.7515,1048.1912,0.8670,0.0004,1846169.1051,0.0008,11699912.4146
2026-08-05T07:30:00+05:30,1348.25,171.4681,1176.7864,0.9649,0.0004,1815823.6804,0.0008,13421703.3110
2026-08-05T07:31:00+05:30,4934.20,3611.3740,1322.8247,10.9404,0.0018,205449053.7366,0.0033,17423031.9753
2026-08-05T07:32:00+05:30,1913.75,436.0654,1477.6883,1.4935,0.0004,4066367.8218,0.0009,39706367.6885
2026-08-05T07:33:00+05:30,1171.94,180.1033,991.8347,0.8273,0.0004,1819208.2653,0.0007,11256389.5351
2026-08-05T07:34:00+05:30,1166.58,174.4333,992.1500,0.8304,0.0005,1792849.0808,0.0008,12241236.5539
2026-08-05T07:35:00+05:30,1375.81,174.2182,1201.5903,0.9848,0.0005,1791236.1266,0.0008,13661640.6341
2026-08-05T07:36:00+05:30,1708.28,363.5227,1344.7557,1.2214,0.0005,4945319.7553,0.0008,21795247.5208
2026-08-05T07:37:00+05:30,5991.99,4915.2031,1076.7821,24.4546,0.0038,204731612.7570,0.0055,12486746.1592
2026-08-05T07:38:00+05:30,1322.85,179.7423,1143.1072,0.9324,0.0004,1734742.7371,0.0007,13538776.1388
2026-08-05T07:39:00+05:30,1181.77,179.5483,1002.2169,0.8403,0.0004,1744973.1478,0.0007,12355589.6325
2026-08-05T07:40:00+05:30,1573.51,179.5090,1394.0030,1.1316,0.0004,1764849.8425,0.0008,15573770.6885
2026-08-05T07:41:00+05:30,1292.13,174.6688,1117.4569,0.9384,0.0005,1774034.5638,0.0008,15865421.3482
2026-08-05T07:42:00+05:30,1719.65,550.6742,1168.9805,1.1536,0.0005,7662464.2923,0.0008,16740687.3885
2026-08-05T07:43:00+05:30,5386.61,4275.0713,1111.5352,21.1274,0.0039,186610627.8209,0.0041,14136927.7643
2026-08-05T07:44:00+05:30,1263.46,185.5519,1077.9078,0.8820,0.0004,1793378.2482,0.0007,11864301.7585
2026-08-05T07:45:00+05:30,1273.70,184.3193,1089.3851,0.9038,0.0005,1783608.7254,0.0007,12500618.7739
2026-08-05T07:46:00+05:30,1760.35,609.1065,1151.2475,1.7065,0.0012,5486841.8860,0.0008,12051118.6147
2026-08-05T07:47:00+05:30,1322.27,176.2706,1146.0004,0.9246,0.0004,1817372.1372,0.0008,12315241.1241
2026-08-05T07:48:00+05:30,3024.78,1875.7354,1149.0475,3.9256,0.0015,107637077.3333,0.0010,11621580.8000
2026-08-05T07:49:00+05:30,3262.61,2525.6271,736.9781,13.7641,0.0051,77419834.3890,0.0013,8978825.7884
2026-08-05T07:50:00+05:30,1320.90,163.9227,1156.9738,0.9387,0.0004,1638331.7447,0.0007,13095460.0900
2026-08-05T07:51:00+05:30,1373.45,157.9465,1215.5013,0.9822,0.0004,1593912.9913,0.0007,12802509.0509
2026-08-05T07:52:00+05:30,1385.58,155.4167,1230.1667,0.9917,0.0005,1601645.8392,0.0007,12816784.7869
2026-08-05T07:53:00+05:30,1680.84,304.1660,1376.6706,2.0033,0.0006,12801970.9044,0.0013,30488713.0930
2026-08-05T07:54:00+05:30,1958.69,358.9517,1599.7366,5.6754,0.0011,22441892.7714,0.0033,27230164.8440
2026-08-05T07:55:00+05:30,1291.24,166.4667,1124.7709,0.9256,0.0004,1773693.2589,0.0007,12944534.0888
2026-08-05T07:56:00+05:30,1643.46,513.5252,1129.9355,1.4537,0.0011,4738058.7010,0.0008,11944612.9435
2026-08-05T07:57:00+05:30,1306.69,159.7193,1146.9691,0.9320,0.0004,1774075.4346,0.0007,12138220.4370
2026-08-05T07:58:00+05:30,1211.93,155.3333,1056.6000,0.8632,0.0004,1745344.7776,0.0007,11518306.1616
2026-08-05T07:59:00+05:30,2282.51,935.6511,1346.8609,3.8496,0.0007,10321816.2364,0.0024,14233157.9807
2026-08-05T08:00:00+05:30,1518.10,179.5893,1338.5113,1.4063,0.0004,1969113.9224,0.0010,14358768.0717
2026-08-05T08:01:00+05:30,1330.68,178.6048,1152.0732,0.9430,0.0005,1948610.3593,0.0008,11968123.7251
2026-08-05T08:02:00+05:30,1306.92,186.8833,1120.0333,0.9237,0.0005,2048750.9333,0.0007,11911918.9333
2026-08-05T08:03:00+05:30,1195.73,182.7244,1013.0017,0.8408,0.0005,2019802.1069,0.0007,10741075.8768
2026-08-05T08:04:00+05:30,1205.82,201.0699,1004.7497,0.8472,0.0005,2395755.5537,0.0007,11245450.0792
2026-08-05T08:05:00+05:30,1933.86,184.0663,1749.7959,2.8258,0.0007,2166659.8457,0.0016,17929478.7956
2026-08-05T08:06:00+05:30,1381.72,173.8833,1207.8333,0.9830,0.0005,1932356.2667,0.0007,12476416.0000
2026-08-05T08:07:00+05:30,1246.48,171.2928,1075.1855,0.8843,0.0005,1930891.4377,0.0007,11665788.2102
2026-08-05T08:08:00+05:30,1144.07,168.6163,975.4549,0.8046,0.0004,1913951.0765,0.0007,10065067.5198
2026-08-05T08:09:00+05:30,1216.47,236.6351,979.8360,0.8443,0.0004,2632445.6665,0.0007,11130985.2855
2026-08-05T08:10:00+05:30,1978.20,255.8415,1722.3593,5.6277,0.0008,2415603.7465,0.0032,17700615.3128
2026-08-05T08:11:00+05:30,1333.62,170.9289,1162.6934,0.9480,0.0005,1959707.6554,0.0007,12118243.7983
2026-08-05T08:12:00+05:30,1270.58,167.1527,1103.4310,0.9038,0.0005,1922924.2639,0.0007,11945432.4041
2026-08-05T08:13:00+05:30,1143.90,169.5867,974.3111,0.8048,0.0004,1908020.6715,0.0007,10109648.5180
2026-08-05T08:14:00+05:30,1135.19,157.7308,977.4575,0.8068,0.0005,1850744.2395,0.0007,11046459.0727
2026-08-05T08:15:00+05:30,2447.36,679.1544,1768.2022,8.9267,0.0019,6593864.1191,0.0044,18519582.6539
2026-08-05T08:16:00+05:30,1399.66,175.2787,1224.3847,0.9965,0.0004,1990940.4786,0.0007,12995374.2585
2026-08-05T08:17:00+05:30,1131.54,173.2484,958.2924,0.7953,0.0004,1980915.7012,0.0007,10157552.8847
2026-08-05T08:18:00+05:30,1129.15,171.6800,957.4716,0.7929,0.0005,1940936.2241,0.0007,9942903.9945
2026-08-05T08:19:00+05:30,1145.83,168.1749,977.6511,0.8116,0.0004,1940109.9278,0.0007,11071548.8226
2026-08-05T08:20:00+05:30,2364.72,561.1146,1803.6065,7.5698,0.0009,25327714.9476,0.0040,22927101.1116
2026-08-05T08:21:00+05:30,1981.30,541.9952,1439.3033,1.4211,0.0005,22713257.0381,0.0008,20675327.2106
2026-08-05T08:22:00+05:30,2156.12,669.8772,1486.2442,4.9063,0.0007,12037776.1040,0.0030,20107667.3888
2026-08-05T08:23:00+05:30,1307.64,126.4588,1181.1771,0.9549,0.0005,1347327.9872,0.0007,14319918.1074
2026-08-05T08:24:00+05:30,1340.87,126.4144,1214.4512,0.9801,0.0005,1387744.5674,0.0008,14758104.7860
2026-08-05T08:25:00+05:30,2645.25,814.9920,1830.2607,10.0683,0.0069,5299476.9390,0.0024,22789252.8795
2026-08-05T08:26:00+05:30,1716.90,133.4444,1583.4528,1.2739,0.0004,1467898.2836,0.0007,22332312.0813
2026-08-05T08:27:00+05:30,1739.33,141.8358,1597.4903,1.2720,0.0005,1614618.2715,0.0007,17652882.1784
2026-08-05T08:28:00+05:30,1543.43,147.3568,1396.0736,1.1180,0.0005,1655629.3580,0.0008,15286891.2739
2026-08-05T08:29:00+05:30,1195.46,147.7919,1047.6635,0.8567,0.0004,1696116.3016,0.0007,11901699.5765
2026-08-05T08:30:00+05:30,1593.78,156.1526,1437.6240,1.1686,0.0004,1903206.4000,0.0008,17921706.6667
2026-08-05T08:31:00+05:30,1542.86,157.1895,1385.6743,1.1255,0.0005,1866832.3445,0.0008,16746198.7867
2026-08-05T08:32:00+05:30,1457.96,154.0526,1303.9051,1.0512,0.0005,1920168.5361,0.0007,14156148.4691
2026-08-05T08:33:00+05:30,1143.98,145.0756,998.9003,0.8139,0.0005,1815583.7179,0.0008,10541550.8273
2026-08-05T08:34:00+05:30,1171.21,141.1902,1030.0217,0.8464,0.0005,1772429.8050,0.0008,12734879.8133
2026-08-05T08:35:00+05:30,1624.24,124.6583,1499.5833,1.2082,0.0005,1599185.0123,0.0008,18699827.9885
2026-08-05T08:36:00+05:30,1446.00,104.4343,1341.5654,1.0768,0.0004,1375253.4329,0.0008,17819456.6058
2026-08-05T08:37:00+05:30,1826.85,520.0127,1306.8331,1.8179,0.0012,4826338.5067,0.0009,14594274.6262
2026-08-05T08:38:00+05:30,1167.20,100.8132,1066.3867,0.8372,0.0004,1363809.0414,0.0007,11510952.3603
2026-08-05T08:39:00+05:30,1085.01,102.9804,982.0309,0.7838,0.0004,1394351.0193,0.0007,11117528.9627
2026-08-05T08:40:00+05:30,2109.86,458.8049,1651.0543,8.1899,0.0013,4433401.9835,0.0047,18322730.0942
2026-08-05T08:41:00+05:30,1364.08,102.8368,1261.2420,0.9862,0.0004,1388771.9462,0.0007,13061883.8314
2026-08-05T08:42:00+05:30,1094.09,99.6583,994.4329,0.7918,0.0004,1365105.7588,0.0007,10887733.9778
2026-08-05T08:43:00+05:30,1102.27,98.8187,1003.4489,0.7947,0.0004,1352344.0244,0.0007,10325272.1971
2026-08-05T08:44:00+05:30,1145.47,97.7996,1047.6746,0.8325,0.0005,1326937.6719,0.0007,11643717.6149
2026-08-05T08:45:00+05:30,1555.71,105.2781,1450.4275,1.7636,0.0006,1541520.7906,0.0012,16200440.1113
2026-08-05T08:46:00+05:30,1629.33,97.2049,1532.1266,2.1533,0.0007,1304709.5021,0.0014,15358446.8557
2026-08-05T08:47:00+05:30,1120.04,96.9699,1023.0674,0.8121,0.0005,1334043.4014,0.0007,11214129.5377
2026-08-05T08:48:00+05:30,1478.75,559.9107,918.8414,1.4379,0.0013,5264179.4457,0.0008,9627275.7512
2026-08-05T08:49:00+05:30,1066.71,95.7769,970.9353,0.7656,0.0004,1317002.9499,0.0008,10981373.0647
2026-08-05T08:50:00+05:30,1591.74,107.3946,1484.3424,5.7626,0.0012,1465885.1057,0.0038,16343178.5744
2026-08-05T08:51:00+05:30,1571.88,96.2359,1475.6451,2.9982,0.0008,1307226.7787,0.0020,14971621.5243
2026-08-05T08:52:00+05:30,1078.26,94.6968,983.5672,0.7809,0.0005,1296797.0268,0.0007,10781225.2054
2026-08-05T08:53:00+05:30,1055.48,91.4485,964.0339,0.7617,0.0004,1260181.6636,0.0007,10036466.3256
2026-08-05T08:54:00+05:30,1069.27,92.1092,977.1644,0.7768,0.0005,1281903.1236,0.0007,11054093.1426
2026-08-05T08:55:00+05:30,1479.39,132.2022,1347.1891,2.7533,0.0007,1753390.2898,0.0020,15095649.9942
2026-08-05T08:56:00+05:30,1759.33,89.0955,1670.2332,5.8793,0.0012,1230445.1444,0.0035,16695894.8053
2026-08-05T08:57:00+05:30,1073.37,88.5686,984.8025,0.7793,0.0005,1233987.4021,0.0007,10782766.0723
2026-08-05T08:58:00+05:30,1048.29,85.6824,962.6098,0.7581,0.0005,1215437.7636,0.0007,10004061.2779
2026-08-05T08:59:00+05:30,1060.06,84.6235,975.4362,0.7722,0.0005,1202397.0936,0.0007,11026080.3253
2026-08-05T09:00:00+05:30,1402.92,244.6745,1158.2492,0.9852,0.0004,2810751.4751,0.0008,13335110.5777
2026-08-05T09:01:00+05:30,2176.89,428.8071,1748.0791,10.1937,0.0015,4107127.4667,0.0055,17499477.3333
2026-08-05T09:02:00+05:30,1073.69,83.2194,990.4663,0.7753,0.0004,1178819.4743,0.0007,10839035.8185
2026-08-05T09:03:00+05:30,1042.87,81.6527,961.2154,0.7553,0.0005,1159206.6402,0.0007,9978598.2199
2026-08-05T09:04:00+05:30,1058.96,78.6127,980.3510,0.7734,0.0005,1134584.6277,0.0007,11072866.0756
2026-08-05T09:05:00+05:30,1350.50,192.8076,1157.6956,0.9613,0.0004,2397683.5089,0.0008,13336777.4963
2026-08-05T09:06:00+05:30,1887.22,72.5406,1814.6815,10.4693,0.0019,1046018.2018,0.0058,17955655.8322
2026-08-05T09:07:00+05:30,1066.13,81.6946,984.4344,0.7761,0.0005,1142980.8679,0.0007,10820637.5575
2026-08-05T09:08:00+05:30,1075.94,82.4388,993.4996,0.7800,0.0005,1165389.6926,0.0007,10275774.1183
2026-08-05T09:09:00+05:30,1076.37,80.2027,996.1665,0.7860,0.0005,1143436.5146,0.0007,11179926.7976
2026-08-05T09:10:00+05:30,1179.37,81.1851,1098.1820,0.8657,0.0005,1139726.8455,0.0008,12719373.4378
2026-08-05T09:11:00+05:30,1979.04,111.8203,1867.2155,8.4391,0.0012,1712679.1208,0.0045,18525207.2592
2026-08-05T09:12:00+05:30,1114.51,79.7326,1034.7736,0.8126,0.0005,1122236.6767,0.0008,11195601.3269
2026-08-05T09:13:00+05:30,1032.30,74.8896,957.4131,0.7495,0.0005,1087118.8452,0.0007,9963765.4432
2026-08-05T09:14:00+05:30,1052.55,72.5012,980.0497,0.7698,0.0005,1051852.8000,0.0007,11039197.8667
2026-08-05T09:15:00+05:30,1190.96,72.7867,1118.1783,0.8763,0.0004,1055960.0073,0.0008,12896895.3025
2026-08-05T09:16:00+05:30,2007.85,91.0454,1916.8042,10.6212,0.0014,1375026.7153,0.0055,18882435.0782
2026-08-05T09:17:00+05:30,1035.52,68.5925,966.9289,0.7567,0.0005,1037518.6025,0.0007,10632039.4719
2026-08-05T09:18:00+05:30,1021.68,66.2434,955.4378,0.7440,0.0004,992105.0579,0.0007,9939344.5213
2026-08-05T09:19:00+05:30,1043.28,65.0039,978.2765,0.7650,0.0005,972493.5563,0.0007,11017359.7639
2026-08-05T09:20:00+05:30,1165.64,65.2681,1100.3766,0.8600,0.0004,959468.9239,0.0007,12683171.7932
2026-08-05T09:21:00+05:30,1996.95,88.0137,1908.9364,10.8158,0.0013,1106001.2333,0.0057,18820725.0971
2026-08-05T09:22:00+05:30,1328.38,387.9694,940.4137,1.1135,0.0010,3697644.0822,0.0008,10475019.7510
2026-08-05T09:23:00+05:30,1007.07,58.6029,948.4641,0.7308,0.0004,912907.5120,0.0007,9880523.8929
2026-08-05T09:24:00+05:30,1026.75,57.6048,969.1474,0.7535,0.0004,904745.2621,0.0007,10946516.4764
2026-08-05T09:25:00+05:30,1166.10,55.5556,1110.5446,0.8632,0.0005,848467.3810,0.0008,12794241.0558
2026-08-05T09:26:00+05:30,1961.74,63.0126,1898.7297,10.3486,0.0016,896915.3678,0.0055,18737446.9319
2026-08-05T09:27:00+05:30,1026.48,52.5465,973.9351,0.7552,0.0005,832538.6397,0.0007,10727228.9719
2026-08-05T09:28:00+05:30,1005.67,50.5300,955.1363,0.7368,0.0004,813875.6437,0.0007,9935931.4724
2026-08-05T09:29:00+05:30,1024.31,47.3461,976.9686,0.7560,0.0005,778392.9071,0.0007,10980507.4328
2026-08-05T09:30:00+05:30,1142.72,47.8778,1094.8388,0.8481,0.0005,782710.3873,0.0008,12641015.1533
2026-08-05T09:31:00+05:30,2300.05,349.6226,1950.4324,9.3135,0.0007,5055934.9539,0.0047,19327886.9691
2026-08-05T09:32:00+05:30,1015.02,52.4842,962.5375,0.7464,0.0004,815102.6342,0.0008,10618255.1517
2026-08-05T09:33:00+05:30,1010.31,51.6371,958.6770,0.7400,0.0004,811501.3164,0.0007,9987335.7550
2026-08-05T09:34:00+05:30,1021.20,47.6214,973.5807,0.7537,0.0005,786702.3585,0.0007,10938801.7001
2026-08-05T09:35:00+05:30,1157.31,49.0350,1108.2703,0.8581,0.0004,771042.2854,0.0007,12729297.7982
2026-08-05T09:36:00+05:30,2762.87,944.8797,1817.9879,6.9951,0.0009,10794523.7262,0.0034,18048697.6349
2026-08-05T09:37:00+05:30,1165.66,65.2725,1100.3833,3.2104,0.0007,948423.0699,0.0029,11965624.8896
2026-08-05T09:38:00+05:30,1030.52,68.1292,962.3931,0.7466,0.0004,988461.2769,0.0007,10008673.9790
2026-08-05T09:39:00+05:30,1044.21,64.8269,979.3854,0.7658,0.0005,959528.5805,0.0007,11009220.1447
2026-08-05T09:40:00+05:30,1145.76,64.0145,1081.7473,0.8454,0.0005,935920.4013,0.0007,12462418.4264
2026-08-05T09:41:00+05:30,3221.59,1832.2117,1389.3794,4.7374,0.0012,129458271.2463,0.0019,14092562.4813
2026-08-05T09:42:00+05:30,3624.58,2409.4388,1215.1422,15.3508,0.0049,112962333.0554,0.0029,12633830.1037
2026-08-05T09:43:00+05:30,1195.81,198.8601,996.9504,0.8287,0.0004,2192096.5237,0.0007,10341843.6823
2026-08-05T09:44:00+05:30,1827.65,536.6484,1291.0034,1.5231,0.0009,5139579.0562,0.0008,13559153.5782
2026-08-05T09:45:00+05:30,1373.19,189.4342,1183.7514,0.9755,0.0005,2137933.8388,0.0007,13156689.2092
2026-08-05T09:46:00+05:30,1330.64,181.8121,1148.8266,0.9416,0.0004,2099304.9652,0.0007,12001060.8530
2026-08-05T09:47:00+05:30,4067.28,2843.5198,1223.7645,5.0386,0.0012,216496119.7074,0.0014,12993724.4264
2026-08-05T09:48:00+05:30,2569.47,1508.0762,1061.3925,12.8477,0.0067,25692190.8953,0.0026,11037440.1494
2026-08-05T09:49:00+05:30,1173.39,189.4618,983.9309,0.8210,0.0004,2078314.4419,0.0007,10845810.9081
2026-08-05T09:50:00+05:30,1332.18,187.0032,1145.1804,0.9473,0.0005,2057520.8198,0.0007,12993837.4073
2026-08-05T09:51:00+05:30,1384.02,183.7820,1200.2334,0.9818,0.0004,2063634.6301,0.0007,12557748.5749
2026-08-05T09:52:00+05:30,1736.78,626.2500,1110.5333,1.7222,0.0013,5864896.3851,0.0009,12037260.7123
2026-08-05T09:53:00+05:30,4834.46,3863.7879,970.6676,14.2762,0.0032,244902053.1316,0.0019,10121697.8101
2026-08-05T09:54:00+05:30,1595.35,172.4000,1422.9500,1.1307,0.0003,1898632.5333,0.0007,14736315.7333
2026-08-05T09:55:00+05:30,1255.65,175.9245,1079.7293,0.8932,0.0005,1967073.9130,0.0007,12381179.3410
2026-08-05T09:56:00+05:30,1339.92,166.4944,1173.4282,0.9535,0.0004,1905517.9679,0.0007,12342685.2457
2026-08-05T09:57:00+05:30,1322.09,168.4225,1153.6705,0.9418,0.0005,1953334.0668,0.0008,12400656.8985
2026-08-05T09:58:00+05:30,1346.99,162.1946,1184.7965,0.9589,0.0005,1905517.6802,0.0007,11974109.0958
2026-08-05T09:59:00+05:30,4740.71,3777.0756,963.6324,15.6093,0.0034,245039587.0073,0.0028,10917043.4203
2026-08-05T10:00:00+05:30,1572.13,165.6443,1406.4844,1.1216,0.0004,1833333.8223,0.0007,15107132.2554
2026-08-05T10:01:00+05:30,1370.18,164.0033,1206.1789,0.9775,0.0004,1853987.5689,0.0008,12597123.0608
2026-08-05T10:02:00+05:30,1291.78,160.1654,1131.6097,0.9213,0.0005,1839540.1747,0.0008,12145362.4058
2026-08-05T10:03:00+05:30,1211.95,154.4935,1057.4580,0.8596,0.0005,1810228.7324,0.0007,10801374.9938
2026-08-05T10:04:00+05:30,2548.04,1466.2733,1081.7708,2.3415,0.0010,117171528.9764,0.0008,12029666.0166
2026-08-05T10:05:00+05:30,3870.74,2528.4981,1342.2439,15.4499,0.0047,129762527.8315,0.0028,14552049.5967
2026-08-05T10:06:00+05:30,1775.56,495.7242,1279.8346,1.5536,0.0010,4727524.7049,0.0008,13258877.9089
2026-08-05T10:07:00+05:30,1217.11,165.2945,1051.8149,0.8614,0.0005,1860819.0394,0.0007,11418857.7714
2026-08-05T10:08:00+05:30,1190.19,162.6121,1027.5769,0.8410,0.0004,1856047.9880,0.0008,10556917.0374
2026-08-05T10:09:00+05:30,1142.52,160.5041,982.0125,0.8116,0.0005,1863121.7804,0.0007,11118914.1285
2026-08-05T10:10:00+05:30,3904.32,2601.4364,1302.8844,5.1441,0.0014,221499250.1750,0.0012,14395173.3929
2026-08-05T10:11:00+05:30,2947.08,1467.1500,1479.9333,13.9017,0.0068,25662277.3046,0.0026,14863539.4590
2026-08-05T10:12:00+05:30,1176.28,171.6434,1004.6350,0.8306,0.0004,1902506.9441,0.0007,11002156.8882
2026-08-05T10:13:00+05:30,1179.91,170.9959,1008.9138,0.8311,0.0004,1933213.7288,0.0008,10437088.4372
2026-08-05T10:14:00+05:30,1179.27,165.6389,1013.6338,0.8365,0.0004,1901426.5809,0.0007,11414362.3454
2026-08-05T10:15:00+05:30,1350.18,162.9388,1187.2396,0.9697,0.0004,1890093.9365,0.0008,13665325.9109
2026-08-05T10:16:00+05:30,4959.59,3671.6823,1287.9091,17.1727,0.0032,234027238.2857,0.0043,13382983.1367
2026-08-05T10:17:00+05:30,1919.11,604.4821,1314.6302,4.9223,0.0051,15048490.3622,0.0014,13629793.1034
2026-08-05T10:18:00+05:30,1162.43,175.2083,987.2209,0.8139,0.0004,1862339.3259,0.0007,10244333.5610
2026-08-05T10:19:00+05:30,1175.29,167.1695,1008.1176,0.8341,0.0005,1886464.9132,0.0008,11327187.1187
2026-08-05T10:20:00+05:30,1353.81,167.1973,1186.6156,0.9701,0.0004,1897798.3132,0.0008,13504975.0308
2026-08-05T10:21:00+05:30,1440.00,161.5983,1278.4063,1.0307,0.0004,1875052.6211,0.0007,13279615.0232
2026-08-05T10:22:00+05:30,5229.40,4024.1219,1205.2778,16.6500,0.0033,245457917.7808,0.0030,12712581.2023
2026-08-05T10:23:00+05:30,1354.86,177.9537,1176.9038,0.9459,0.0004,1832214.4940,0.0007,11780666.8777
2026-08-05T10:24:00+05:30,1177.45,173.2507,1004.2004,0.8328,0.0005,1786951.9444,0.0008,11320343.6401
2026-08-05T10:25:00+05:30,1367.21,172.9702,1194.2393,0.9791,0.0004,1887284.1951,0.0008,13500742.0742
2026-08-05T10:26:00+05:30,1472.20,171.4500,1300.7500,1.0523,0.0004,1920373.3396,0.0008,13447528.6588
2026-08-05T10:27:00+05:30,1864.53,694.1122,1170.4208,1.8676,0.0009,12244734.7972,0.0010,12641423.4781
2026-08-05T10:28:00+05:30,4823.73,3652.5247,1171.2038,16.1233,0.0035,236392008.0016,0.0028,11642409.5486
2026-08-05T10:29:00+05:30,1487.48,501.4171,986.0620,1.2804,0.0009,4569450.6169,0.0008,11179252.8176
2026-08-05T10:30:00+05:30,1313.25,183.5993,1129.6525,0.9335,0.0004,1861768.5515,0.0007,12854200.9263
2026-08-05T10:31:00+05:30,1456.47,178.1393,1278.3259,1.0381,0.0005,1943889.8630,0.0008,13230589.2863
2026-08-05T10:32:00+05:30,1338.68,174.9129,1163.7642,0.9521,0.0005,1941924.2076,0.0008,12530049.3951
2026-08-05T10:33:00+05:30,2967.97,1805.4268,1162.5388,2.7149,0.0009,128959452.7909,0.0009,11727043.4507
2026-08-05T10:34:00+05:30,3584.99,2439.8686,1145.1223,14.5649,0.0047,118777443.8868,0.0027,12372136.7858
2026-08-05T10:35:00+05:30,1277.06,187.8852,1089.1780,0.8984,0.0004,1887096.9247,0.0007,12400591.2105
2026-08-05T10:36:00+05:30,1386.99,185.7767,1201.2136,0.9827,0.0005,1911707.9319,0.0007,12602782.7826
2026-08-05T10:37:00+05:30,1366.21,179.4474,1186.7626,0.9696,0.0005,1897502.0996,0.0008,12471668.8662
2026-08-05T10:38:00+05:30,1265.78,176.6608,1089.1223,0.8953,0.0004,1999757.5394,0.0007,11374978.1445
2026-08-05T10:39:00+05:30,3904.62,2755.4956,1149.1259,4.3966,0.0010,191079290.8355,0.0013,12508422.0456
2026-08-05T10:40:00+05:30,3194.28,1937.7781,1256.5030,14.1606,0.0057,61523544.4759,0.0026,13778627.2955
2026-08-05T10:41:00+05:30,1409.24,189.4419,1219.7960,0.9958,0.0004,1945212.5415,0.0007,12746327.6049
2026-08-05T10:42:00+05:30,1291.42,183.6986,1107.7256,0.9134,0.0005,1921662.0052,0.0008,11938786.8989
2026-08-05T10:43:00+05:30,1170.98,179.8820,991.1009,0.8213,0.0004,1914242.6131,0.0007,10276348.9709
2026-08-05T10:44:00+05:30,1221.12,172.3150,1048.8020,0.8669,0.0004,1852375.5477,0.0008,11829597.9606
2026-08-05T10:45:00+05:30,4541.66,3133.3267,1408.3317,12.6110,0.0021,224540306.9332,0.0042,15258789.8045
2026-08-05T10:46:00+05:30,2528.90,1193.7893,1335.1058,9.0546,0.0052,20407014.4183,0.0021,13623656.6266
2026-08-05T10:47:00+05:30,1172.67,189.6698,982.9997,0.8206,0.0005,1947202.5867,0.0008,10821266.2211
2026-08-05T10:48:00+05:30,1444.89,491.1348,953.7577,1.0671,0.0007,4526486.1190,0.0008,9948140.3766
2026-08-05T10:49:00+05:30,1147.61,175.9255,971.6819,0.8099,0.0004,1865275.1304,0.0008,11036404.6202
2026-08-05T10:50:00+05:30,1337.89,175.1392,1162.7554,0.9564,0.0004,1908799.6267,0.0008,13505098.7033
2026-08-05T10:51:00+05:30,5590.27,3994.8998,1595.3698,19.4065,0.0022,227546422.8404,0.0067,16050511.7752
2026-08-05T10:52:00+05:30,2403.30,1410.5354,992.7675,8.4248,0.0044,21403350.8649,0.0023,10961301.7365
2026-08-05T10:53:00+05:30,1161.46,188.9950,972.4625,0.8044,0.0004,1911107.0809,0.0007,10184764.9020
2026-08-05T10:54:00+05:30,1165.82,185.3710,980.4513,0.8201,0.0005,1907821.4089,0.0007,11063971.6014
2026-08-05T10:55:00+05:30,1465.54,181.8970,1283.6453,1.0499,0.0004,1893003.1166,0.0008,14337058.1157
2026-08-05T10:56:00+05:30,1485.18,179.6740,1305.5074,1.0586,0.0004,1958526.0947,0.0007,13446415.6818
2026-08-05T10:57:00+05:30,5701.83,4362.5971,1339.2327,18.0242,0.0023,230619557.7776,0.0061,13918181.5152
2026-08-05T10:58:00+05:30,1824.25,889.7816,934.4724,4.8546,0.0041,16109859.0742,0.0013,9922945.6067
2026-08-05T10:59:00+05:30,1202.51,193.2237,1009.2829,0.8451,0.0005,1942430.8785,0.0008,11201522.0572
2026-08-05T11:00:00+05:30,1748.39,622.5123,1125.8793,1.7272,0.0012,5625710.4092,0.0009,12880330.9609
2026-08-05T11:01:00+05:30,1492.55,190.5246,1302.0207,1.0514,0.0004,1989694.3144,0.0008,13372369.7546
2026-08-05T11:02:00+05:30,1336.26,184.6715,1151.5844,0.9473,0.0005,1966410.4547,0.0007,12374573.6765
2026-08-05T11:03:00+05:30,5965.20,4708.6757,1256.5214,18.9276,0.0024,236322869.5246,0.0059,12689571.3048
2026-08-05T11:04:00+05:30,1573.98,614.0383,959.9453,2.7434,0.0032,11783587.0185,0.0008,10778106.5124
2026-08-05T11:05:00+05:30,1369.86,208.6701,1161.1860,0.9681,0.0004,2053700.3617,0.0008,13062225.1704
2026-08-05T11:06:00+05:30,1534.46,204.3807,1330.0828,1.0876,0.0004,2057388.0749,0.0007,13439285.2261
2026-08-05T11:07:00+05:30,1313.67,199.4734,1114.1943,0.9259,0.0004,2074076.9974,0.0007,12073649.8117
2026-08-05T11:08:00+05:30,1229.77,193.1324,1036.6372,0.8608,0.0005,2021726.9668,0.0007,10668011.5957
2026-08-05T11:09:00+05:30,6336.49,5119.4246,1217.0645,22.0067,0.0027,248927511.4341,0.0069,13129306.2204
2026-08-05T11:10:00+05:30,1411.13,278.0926,1133.0378,0.9907,0.0005,5343000.5000,0.0008,12668735.8912
2026-08-05T11:11:00+05:30,1472.70,213.3047,1259.3926,1.0385,0.0004,2154233.5567,0.0007,12899320.8654
2026-08-05T11:12:00+05:30,1402.12,205.5196,1196.6036,0.9872,0.0004,2105443.5278,0.0008,12114133.4933
2026-08-05T11:13:00+05:30,1210.17,199.7733,1010.4003,0.8484,0.0005,2096948.8316,0.0007,11227305.4435
2026-08-05T11:14:00+05:30,1184.11,189.2108,994.8988,0.8329,0.0005,2007576.7012,0.0008,11235150.6018
2026-08-05T11:15:00+05:30,6492.23,5063.0174,1429.2116,25.9256,0.0029,242160238.8060,0.0080,15471488.2729
2026-08-05T11:16:00+05:30,1920.87,723.6820,1197.1890,1.6668,0.0009,11879813.6619,0.0008,12398429.5313
2026-08-05T11:17:00+05:30,1285.55,223.3723,1062.1729,0.8860,0.0004,2188233.7567,0.0008,11458681.8682
2026-08-05T11:18:00+05:30,1235.51,218.8240,1016.6839,0.8574,0.0004,2165968.7323,0.0008,10501811.3937
2026-08-05T11:19:00+05:30,1187.53,207.4447,980.0886,0.8300,0.0004,2088641.2850,0.0007,11125338.4874
2026-08-05T11:20:00+05:30,1368.89,202.3742,1166.5111,0.9703,0.0004,2089146.4395,0.0008,13363817.1966
2026-08-05T11:21:00+05:30,6342.13,4823.8616,1518.2686,25.1408,0.0027,239727611.0695,0.0081,15613266.0236
2026-08-05T11:22:00+05:30,1618.80,632.5221,986.2810,2.7107,0.0028,11835043.4406,0.0009,10912265.6443
2026-08-05T11:23:00+05:30,1318.48,227.8840,1090.5970,0.9170,0.0004,2199857.8998,0.0007,11103508.3814
2026-08-05T11:24:00+05:30,1241.27,219.1829,1022.0866,0.8663,0.0004,2161614.6691,0.0008,11463679.1465
2026-08-05T11:25:00+05:30,1322.82,210.2185,1112.5998,0.9333,0.0004,2099021.6801,0.0007,12898895.0324
2026-08-05T11:26:00+05:30,1462.36,205.5151,1256.8480,1.0337,0.0004,2112667.9337,0.0008,13061830.0157
2026-08-05T11:27:00+05:30,6238.23,4868.3531,1369.8779,20.9324,0.0023,240190684.9973,0.0071,14582712.8597
2026-08-05T11:28:00+05:30,1713.84,639.0060,1074.8321,2.6148,0.0028,11867279.5453,0.0008,10959484.5419
2026-08-05T11:29:00+05:30,1221.56,227.1099,994.4514,0.8486,0.0004,2198765.8880,0.0008,11036349.6517
2026-08-05T11:30:00+05:30,1321.60,221.0367,1100.5652,0.9277,0.0004,2145208.3827,0.0007,12573103.6161
2026-08-05T11:31:00+05:30,1418.01,214.6273,1203.3794,0.9965,0.0004,2145978.8372,0.0007,12499041.8423
2026-08-05T11:32:00+05:30,1358.39,208.9542,1149.4316,0.9556,0.0005,2123543.3619,0.0007,12293598.3332
2026-08-05T11:33:00+05:30,6299.18,4884.7410,1414.4390,19.7910,0.0020,243962726.7515,0.0071,14445902.0065
2026-08-05T11:34:00+05:30,2062.07,1059.0500,1003.0167,6.6342,0.0047,17687278.9333,0.0017,10886144.0000
2026-08-05T11:35:00+05:30,1286.94,228.1538,1058.7843,0.8990,0.0004,2219113.2519,0.0007,12040119.6020
2026-08-05T11:36:00+05:30,1368.96,221.1647,1147.7932,0.9572,0.0004,2202019.8680,0.0008,11932033.8689
2026-08-05T11:37:00+05:30,1301.78,213.9761,1087.8009,0.9119,0.0004,2153288.2577,0.0007,11907473.7614
2026-08-05T11:38:00+05:30,1884.82,554.4558,1330.3673,1.6764,0.0006,25246449.3768,0.0010,27391436.9126
2026-08-05T11:39:00+05:30,6252.75,4544.2970,1708.4528,23.5140,0.0020,245191854.4097,0.0084,25837756.9495
2026-08-05T11:40:00+05:30,3817.87,1772.3167,2045.5500,15.6361,0.0043,53458602.6667,0.0040,28260488.5333
2026-08-05T11:41:00+05:30,1869.30,148.2031,1721.0961,1.4175,0.0005,1483359.3813,0.0007,25377352.7137
2026-08-05T11:42:00+05:30,1761.49,145.4521,1616.0384,1.3039,0.0004,1485085.8428,0.0007,21081106.1745
2026-08-05T11:43:00+05:30,1796.82,163.5836,1633.2367,1.3215,0.0004,1648952.9714,0.0007,20682663.4670
2026-08-05T11:44:00+05:30,1259.41,134.8122,1124.5958,0.9172,0.0005,1394072.1631,0.0008,14417267.4033
2026-08-05T11:45:00+05:30,5390.61,4225.4587,1165.1531,17.4827,0.0032,227186270.2505,0.0035,14344838.9129
2026-08-05T11:46:00+05:30,1834.81,503.0178,1331.7883,1.4209,0.0007,10755781.7163,0.0008,16340565.7502
2026-08-05T11:47:00+05:30,1766.20,235.4784,1530.7265,1.2586,0.0005,2949218.3073,0.0008,16144102.9368
2026-08-05T11:48:00+05:30,1545.15,215.9284,1329.2171,1.0953,0.0004,2499607.1060,0.0008,14015247.0086
2026-08-05T11:49:00+05:30,1300.81,224.1299,1076.6769,0.9117,0.0005,2492475.2634,0.0008,12091843.7125
2026-08-05T11:50:00+05:30,1757.36,244.2922,1513.0654,1.2530,0.0004,2436944.5722,0.0007,16907621.2379
2026-08-05T11:51:00+05:30,5275.93,4167.0139,1108.9149,13.8714,0.0028,231793664.0000,0.0020,16457181.8667
2026-08-05T11:52:00+05:30,1699.41,202.4234,1496.9832,1.2071,0.0004,2616568.4095,0.0008,15849940.9657
2026-08-05T11:53:00+05:30,1329.92,192.8974,1137.0196,0.9418,0.0005,2811464.9113,0.0007,12063557.9035
2026-08-05T11:54:00+05:30,1317.05,191.0485,1126.0043,0.9360,0.0004,2868995.6827,0.0008,12568276.7082
2026-08-05T11:55:00+05:30,1338.53,187.2875,1151.2399,0.9623,0.0005,2774104.1264,0.0007,14768645.2903
2026-08-05T11:56:00+05:30,2448.55,1262.8984,1185.6498,2.1656,0.0009,92751366.9515,0.0008,16993893.0148
2026-08-05T11:57:00+05:30,4610.31,3167.2974,1443.0089,14.9925,0.0033,140138197.5560,0.0032,15868304.0195
2026-08-05T11:58:00+05:30,1346.75,199.7833,1146.9622,0.9449,0.0004,2798530.5197,0.0007,12518354.7688
2026-08-05T11:59:00+05:30,1523.08,482.5517,1040.5293,1.1553,0.0007,4958790.0078,0.0008,11732578.9325
2026-08-05T12:00:00+05:30,1262.26,194.8024,1067.4624,0.9071,0.0005,2559487.8976,0.0007,14737693.1386
2026-08-05T12:01:00+05:30,1339.81,185.8450,1153.9654,0.9673,0.0004,2504643.1143,0.0008,15407985.0687
2026-08-05T12:02:00+05:30,4164.50,2639.4688,1525.0346,5.7649,0.0011,176240473.4737,0.0018,16322917.6220
2026-08-05T12:03:00+05:30,3249.62,2190.2547,1059.3619,13.6916,0.0044,53186957.3915,0.0038,11631826.0986
2026-08-05T12:04:00+05:30,1297.66,209.5508,1088.1073,0.9098,0.0004,2593461.9885,0.0008,12035119.1933
2026-08-05T12:05:00+05:30,1329.12,210.2789,1118.8424,0.9491,0.0005,2305689.9380,0.0007,14710585.8505
2026-08-05T12:06:00+05:30,1272.33,197.4638,1074.8696,0.9087,0.0005,1960428.4619,0.0008,14228566.1723
2026-08-05T12:07:00+05:30,1562.93,194.9138,1368.0132,1.1124,0.0004,1982743.5923,0.0008,14048557.8109
2026-08-05T12:08:00+05:30,4972.91,3663.7935,1309.1146,10.0386,0.0018,209244401.0536,0.0027,13958235.4706
2026-08-05T12:09:00+05:30,2276.86,1259.5338,1017.3267,7.3025,0.0042,19083161.7740,0.0019,11365782.4131
2026-08-05T12:10:00+05:30,1660.72,535.1338,1125.5814,1.4067,0.0009,4778689.4275,0.0008,13880077.0847
2026-08-05T12:11:00+05:30,1917.94,622.9456,1294.9962,1.7947,0.0011,5540940.2274,0.0008,13462235.8236
2026-08-05T12:12:00+05:30,1408.62,206.4862,1202.1365,0.9758,0.0004,2039740.2840,0.0007,12267999.2001
2026-08-05T12:13:00+05:30,1241.78,200.7265,1041.0585,0.8710,0.0004,2030288.0472,0.0008,11280022.6625
2026-08-05T12:14:00+05:30,5791.28,4657.1433,1134.1323,16.1305,0.0024,222724250.0250,0.0045,12421816.0483
2026-08-05T12:15:00+05:30,1768.67,524.5929,1244.0789,1.6856,0.0010,9949476.6738,0.0009,13656542.0271
2026-08-05T12:16:00+05:30,1495.36,216.1887,1279.1709,1.0553,0.0004,2075981.8715,0.0008,13107118.1018
2026-08-05T12:17:00+05:30,1476.35,211.0624,1265.2908,1.0433,0.0004,2087466.0265,0.0007,13105383.7434
2026-08-05T12:18:00+05:30,1220.71,204.0238,1016.6853,0.8529,0.0004,2038407.4142,0.0008,10858670.5782
2026-08-05T12:19:00+05:30,1175.88,192.6936,983.1839,0.8259,0.0004,1963043.5493,0.0007,11153017.3164
2026-08-05T12:20:00+05:30,6469.44,5082.4292,1387.0140,21.3626,0.0025,232447180.8546,0.0064,15025583.8944
2026-08-05T12:21:00+05:30,1434.18,223.0981,1211.0824,0.9899,0.0004,2136568.6193,0.0008,12535719.0901
2026-08-05T12:22:00+05:30,1407.69,217.9081,1189.7839,0.9900,0.0004,2128917.5780,0.0008,12553491.5978
2026-08-05T12:23:00+05:30,1217.50,213.9310,1003.5661,0.8458,0.0004,2109634.5276,0.0008,10452410.4649
2026-08-05T12:24:00+05:30,1225.38,205.0526,1020.3303,0.8592,0.0005,2060115.5160,0.0007,11512333.9499
2026-08-05T12:25:00+05:30,1341.34,200.1500,1141.1902,0.9502,0.0005,2027038.6398,0.0007,13113618.1364
2026-08-05T12:26:00+05:30,6595.81,5140.6669,1455.1469,22.7833,0.0024,235048161.7145,0.0074,14916779.1758
2026-08-05T12:27:00+05:30,1351.33,225.5489,1125.7773,0.9297,0.0004,2140828.6462,0.0007,12136620.0010
2026-08-05T12:28:00+05:30,1324.72,218.3927,1106.3298,0.9253,0.0005,2115685.2719,0.0007,11272891.5851
2026-08-05T12:29:00+05:30,1242.23,211.1542,1031.0766,0.8695,0.0004,2069498.9836,0.0008,11483869.7637
2026-08-05T12:30:00+05:30,1314.18,208.4021,1105.7764,0.9274,0.0005,2055033.3422,0.0007,12820007.4687
2026-08-05T12:31:00+05:30,1665.72,408.9561,1256.7662,1.2888,0.0004,4775538.0385,0.0009,21944880.5933
2026-08-05T12:32:00+05:30,6645.92,5335.3110,1310.6126,23.2489,0.0025,240039907.7395,0.0075,14218793.9471
2026-08-05T12:33:00+05:30,1425.10,226.5044,1198.5998,0.9814,0.0004,2142291.9820,0.0008,12020554.8925
2026-08-05T12:34:00+05:30,1246.03,223.5700,1022.4603,0.8675,0.0004,2148767.1826,0.0008,11295752.0702
2026-08-05T12:35:00+05:30,1607.23,542.3161,1064.9119,1.3800,0.0009,4857517.7449,0.0008,12342623.3476
2026-08-05T12:36:00+05:30,1627.87,372.3301,1255.5396,1.9338,0.0006,22477091.7330,0.0013,34051966.5456
2026-08-05T12:37:00+05:30,1722.41,482.3735,1240.0367,1.4413,0.0005,24754190.8492,0.0009,37693850.4875
2026-08-05T12:38:00+05:30,7187.81,5659.2432,1528.5714,25.9695,0.0024,258982385.0642,0.0082,50257216.7361
2026-08-05T12:39:00+05:30,1959.00,562.5219,1396.4802,2.4910,0.0020,16936181.4576,0.0010,30739830.4751
2026-08-05T12:40:00+05:30,1891.13,228.1880,1662.9438,1.3717,0.0005,2185138.7421,0.0007,20868372.0015
2026-08-05T12:41:00+05:30,1600.20,221.5538,1378.6495,1.1607,0.0004,2259970.3378,0.0007,19045045.1099
2026-08-05T12:42:00+05:30,1416.17,214.4512,1201.7197,1.0138,0.0004,2235534.5365,0.0007,15387524.4047
2026-08-05T12:43:00+05:30,1270.65,207.1380,1063.5116,0.9021,0.0004,2177322.9313,0.0007,13528653.4640
2026-08-05T12:44:00+05:30,5981.31,5175.5380,805.7746,13.0389,0.0023,231530858.7051,0.0016,10832126.9587
2026-08-05T12:45:00+05:30,1363.50,197.9502,1165.5529,0.9531,0.0003,1869531.6724,0.0008,13435262.2615
2026-08-05T12:46:00+05:30,1494.87,192.4846,1302.3829,1.0626,0.0005,1884218.7005,0.0008,13692853.8053
2026-08-05T12:47:00+05:30,1741.67,188.4220,1553.2479,1.2505,0.0004,1874517.0517,0.0007,15664738.7405
2026-08-05T12:48:00+05:30,1461.16,184.2526,1276.9038,1.0384,0.0005,1910124.3126,0.0008,12662926.3123
2026-08-05T12:49:00+05:30,2048.22,974.5133,1073.7098,1.6002,0.0008,57807327.0991,0.0008,12156089.0134
2026-08-05T12:50:00+05:30,4706.63,3808.1578,898.4698,12.2082,0.0028,166788967.0623,0.0016,10941670.0893
2026-08-05T12:51:00+05:30,1879.09,446.9102,1432.1821,2.0430,0.0006,22260629.2359,0.0012,31492222.4518
2026-08-05T12:52:00+05:30,1969.92,546.6473,1423.2770,2.1412,0.0006,25447290.3086,0.0012,41772630.6664
2026-08-05T12:53:00+05:30,2074.35,751.4914,1322.8629,2.3103,0.0006,45584491.9098,0.0014,42138885.7376
2026-08-05T12:54:00+05:30,1540.92,379.7833,1161.1333,1.9012,0.0005,8939861.3333,0.0015,39223432.5333
2026-08-05T12:55:00+05:30,4079.30,2661.7000,1417.6000,15.9247,0.0040,136398984.5333,0.0037,45705284.2667
2026-08-05T12:56:00+05:30,3094.94,1367.7630,1727.1742,5.0171,0.0015,123750998.3163,0.0017,38774310.4339
2026-08-05T12:57:00+05:30,1353.82,233.3994,1120.4239,1.0828,0.0004,5653806.8386,0.0009,23879409.7181
2026-08-05T12:58:00+05:30,1275.97,203.7065,1072.2631,0.8952,0.0004,2057522.7239,0.0008,11425630.3185
2026-08-05T12:59:00+05:30,1240.37,199.6800,1040.6894,0.8748,0.0005,2027892.4505,0.0008,12192139.2209
2026-08-05T13:00:00+05:30,1420.52,196.9770,1223.5406,1.0120,0.0004,2023359.0188,0.0007,13955941.8744
2026-08-05T13:01:00+05:30,4024.35,2478.4819,1545.8697,21.5525,0.0046,58569468.3646,0.0066,15628715.5144
2026-08-05T13:02:00+05:30,1609.68,535.8607,1073.8210,1.3293,0.0009,4990978.2866,0.0008,11711642.7203
2026-08-05T13:03:00+05:30,1199.01,221.6016,977.4080,0.8299,0.0004,2334210.5439,0.0007,10238156.1239
2026-08-05T13:04:00+05:30,1201.89,220.5706,981.3192,0.8373,0.0005,2368742.3010,0.0007,11088373.2836
2026-08-05T13:05:00+05:30,1322.59,213.8822,1108.7076,0.9327,0.0004,2314866.2945,0.0008,12864395.7004
2026-08-05T13:06:00+05:30,1851.49,640.0760,1211.4141,1.3127,0.0005,7254415.7346,0.0008,12736685.9238
2026-08-05T13:07:00+05:30,2407.48,579.0526,1828.4276,8.5267,0.0010,8636286.8714,0.0044,18721080.0180
2026-08-05T13:08:00+05:30,1159.01,213.2060,945.8027,0.8030,0.0004,2315557.8221,0.0007,9943088.9789
2026-08-05T13:09:00+05:30,1189.30,209.6535,979.6497,0.8305,0.0004,2278028.3671,0.0007,11037197.2866
2026-08-05T13:10:00+05:30,1316.96,212.8645,1104.0993,0.9278,0.0004,2321576.3232,0.0008,12705941.0745
2026-08-05T13:11:00+05:30,1403.18,206.7575,1196.4229,0.9888,0.0004,2305117.9785,0.0007,12524294.5628
2026-08-05T13:12:00+05:30,2679.81,910.6196,1769.1910,9.5382,0.0011,7682952.4349,0.0049,18117164.6278
2026-08-05T13:13:00+05:30,1214.85,199.9300,1014.9152,0.8485,0.0005,2262881.9785,0.0007,10543551.5115
2026-08-05T13:14:00+05:30,1207.74,234.4959,973.2429,0.8363,0.0005,2387745.7364,0.0007,10950253.2967
2026-08-05T13:15:00+05:30,1264.72,178.1792,1086.5399,0.8991,0.0004,2073085.0734,0.0008,12473527.1552
2026-08-05T13:16:00+05:30,1365.81,176.3971,1189.4135,0.9700,0.0004,2048511.9915,0.0007,12414291.2285
2026-08-05T13:17:00+05:30,2164.09,410.4428,1753.6510,10.7634,0.0010,7488256.0683,0.0060,17985485.1961
2026-08-05T13:18:00+05:30,1146.67,163.3034,983.3697,0.8098,0.0004,1946231.3614,0.0007,10350300.5499
2026-08-05T13:19:00+05:30,1139.27,158.3360,980.9330,0.8089,0.0004,1912249.4708,0.0007,11021632.2272
2026-08-05T13:20:00+05:30,1241.55,159.3988,1082.1489,0.8876,0.0005,1937397.8305,0.0007,12349290.1871
2026-08-05T13:21:00+05:30,1330.40,156.3901,1174.0094,0.9503,0.0005,1887651.6811,0.0007,12256865.7299
2026-08-05T13:22:00+05:30,2592.63,1232.8260,1359.7993,4.7277,0.0010,18702176.2294,0.0026,14302407.2012
2026-08-05T13:23:00+05:30,1601.35,189.0018,1412.3479,6.8194,0.0012,2196182.2363,0.0047,14362824.3293
2026-08-05T13:24:00+05:30,1161.09,184.3474,976.7461,0.8167,0.0005,2155505.5760,0.0007,10950888.7296
2026-08-05T13:25:00+05:30,1258.32,182.0076,1076.3129,0.8931,0.0004,2161009.8162,0.0007,12273528.1903
2026-08-05T13:26:00+05:30,1347.85,180.0080,1167.8442,0.9555,0.0005,2098948.3296,0.0007,12188628.5762
2026-08-05T13:27:00+05:30,2024.60,896.7495,1127.8546,2.1167,0.0010,10262088.3162,0.0011,12203880.0447
2026-08-05T13:28:00+05:30,1904.07,184.2864,1719.7787,6.4005,0.0011,2119510.5252,0.0036,17049815.8969
2026-08-05T13:29:00+05:30,1440.92,468.0901,972.8320,1.1308,0.0008,4592520.0173,0.0008,10927946.1315
2026-08-05T13:30:00+05:30,1237.82,171.0710,1066.7489,0.8807,0.0005,1965828.8456,0.0008,12138262.8632
2026-08-05T13:31:00+05:30,1323.01,166.3556,1156.6562,0.9409,0.0004,1966664.3334,0.0007,12038839.1247
2026-08-05T13:32:00+05:30,1914.33,862.3638,1051.9615,1.8485,0.0011,7575760.4280,0.0009,11563843.4183
2026-08-05T13:33:00+05:30,4929.15,3746.9701,1182.1789,14.1804,0.0026,245421853.2942,0.0039,12094685.5161
2026-08-05T13:34:00+05:30,1275.76,165.6889,1110.0703,0.8952,0.0003,1871766.6628,0.0007,12030562.1094
2026-08-05T13:35:00+05:30,1553.58,162.8539,1390.7226,1.1216,0.0005,1863493.3436,0.0007,14978309.7456
2026-08-05T13:36:00+05:30,1454.56,155.4541,1299.1065,1.0430,0.0005,1816067.2090,0.0007,13206650.4867
2026-08-05T13:37:00+05:30,1230.98,148.7376,1082.2431,0.8799,0.0004,1778061.9615,0.0007,11803278.7934
2026-08-05T13:38:00+05:30,2115.87,1078.9000,1036.9667,2.4726,0.0011,90514500.2667,0.0013,10751863.4667
2026-08-05T13:39:00+05:30,2985.83,1636.2606,1349.5699,2.9266,0.0010,116801447.7804,0.0010,14207187.0239
2026-08-05T13:40:00+05:30,1302.01,159.2125,1142.7928,0.9325,0.0004,1813806.3011,0.0007,12894650.4417
2026-08-05T13:41:00+05:30,1364.99,157.4518,1207.5418,0.9760,0.0005,1828088.7822,0.0007,12645168.0331
2026-08-05T13:42:00+05:30,1311.62,148.8950,1162.7279,0.9380,0.0004,1752551.7149,0.0007,12186012.9996
2026-08-05T13:43:00+05:30,1201.00,143.0428,1057.9570,0.8576,0.0005,1719515.9393,0.0008,11300261.2275
2026-08-05T13:44:00+05:30,4271.41,3086.4426,1184.9722,8.5402,0.0016,211195091.8609,0.0032,12899852.8892
2026-08-05T13:45:00+05:30,1547.81,168.4888,1379.3247,1.1008,0.0004,1802977.2186,0.0007,14910791.5674
2026-08-05T13:46:00+05:30,1361.20,161.7328,1199.4699,0.9718,0.0005,1725573.0502,0.0007,12717720.5341
2026-08-05T13:47:00+05:30,1279.74,160.1133,1119.6268,0.9127,0.0005,1842108.0973,0.0007,12170961.6794
2026-08-05T13:48:00+05:30,1155.81,154.2552,1001.5504,0.8187,0.0005,1803002.0338,0.0007,10431942.3866
2026-08-05T13:49:00+05:30,1785.68,809.2635,976.4163,2.1289,0.0011,7321926.8321,0.0013,11294225.5704
2026-08-05T13:50:00+05:30,4542.47,2831.1641,1711.3074,9.0621,0.0013,208526701.9532,0.0032,17896210.6526
2026-08-05T13:51:00+05:30,1438.14,178.5315,1259.6050,1.0163,0.0004,1875888.2592,0.0008,13212870.1913
2026-08-05T13:52:00+05:30,1307.45,173.0580,1134.3933,0.9298,0.0004,1910893.2553,0.0007,12121710.7145
2026-08-05T13:53:00+05:30,1187.57,169.7579,1017.8140,0.8378,0.0005,1935479.2781,0.0007,10576470.0628
2026-08-05T13:54:00+05:30,1178.62,164.6219,1014.0019,0.8372,0.0004,1904994.0158,0.0008,11497831.3414
2026-08-05T13:55:00+05:30,3762.55,2383.1269,1379.4270,8.4646,0.0013,194591368.0105,0.0039,15135696.5384
2026-08-05T13:56:00+05:30,2169.44,694.5768,1474.8675,2.0114,0.0007,15812568.3049,0.0010,14949038.1481
2026-08-05T13:57:00+05:30,1343.68,337.9958,1005.6849,1.1562,0.0010,3255194.3051,0.0008,11198906.3568
2026-08-05T13:58:00+05:30,1155.20,196.0745,959.1289,0.8051,0.0005,2053766.8994,0.0007,10079584.6510
2026-08-05T13:59:00+05:30,1269.20,189.6276,1079.5686,0.8972,0.0005,2001671.0287,0.0007,12029418.1073
2026-08-05T14:00:00+05:30,1431.02,186.4782,1244.5381,1.0230,0.0004,2081310.8023,0.0007,14140913.3753
2026-08-05T14:01:00+05:30,4701.57,3027.8843,1673.6891,12.1305,0.0015,209689818.0303,0.0045,16861396.7566
2026-08-05T14:02:00+05:30,1237.32,200.2534,1037.0704,0.8575,0.0004,2067116.5783,0.0008,11372520.7187
2026-08-05T14:03:00+05:30,1251.68,194.6037,1057.0795,0.8779,0.0005,2022298.8851,0.0007,10898501.4749
2026-08-05T14:04:00+05:30,1307.18,189.0230,1118.1539,0.9255,0.0005,2021409.6902,0.0008,12238437.5740
2026-08-05T14:05:00+05:30,1330.70,184.3426,1146.3573,0.9475,0.0005,1951158.8913,0.0008,13144175.0754
2026-08-05T14:06:00+05:30,2845.35,1601.2828,1244.0650,4.7357,0.0016,76942907.9217,0.0018,13126374.9438
2026-08-05T14:07:00+05:30,3313.62,1897.5329,1416.0860,9.3092,0.0014,137741604.4007,0.0047,14600372.5954
2026-08-05T14:08:00+05:30,1199.70,215.9680,983.7320,0.8283,0.0004,2150510.9426,0.0008,10292603.8503
2026-08-05T14:09:00+05:30,1448.34,209.8912,1238.4445,1.0253,0.0004,2132148.4840,0.0007,13258319.0706
2026-08-05T14:10:00+05:30,1331.56,204.6496,1126.9061,0.9413,0.0004,2090595.5603,0.0008,12867135.7909
2026-08-05T14:11:00+05:30,1382.46,198.3799,1184.0789,0.9765,0.0005,2078482.5908,0.0007,12466048.3691
2026-08-05T14:12:00+05:30,4553.40,3177.0068,1376.3935,10.6854,0.0014,210607626.7164,0.0047,14554219.4374
2026-08-05T14:13:00+05:30,1410.32,288.7122,1121.6122,1.6909,0.0005,2990310.7644,0.0014,11516714.3381
2026-08-05T14:14:00+05:30,1426.63,221.7723,1204.8590,1.0038,0.0004,2186417.1166,0.0008,12857298.4070
2026-08-05T14:15:00+05:30,1339.11,216.9898,1122.1224,0.9420,0.0005,2160658.7765,0.0007,12727232.6721
2026-08-05T14:16:00+05:30,1399.54,210.6202,1188.9198,0.9847,0.0004,2160471.2079,0.0007,12428631.6772
2026-08-05T14:17:00+05:30,1287.30,199.1534,1088.1441,0.9066,0.0005,2088820.7453,0.0008,11880406.9062
2026-08-05T14:18:00+05:30,5185.32,3804.4601,1380.8627,13.9827,0.0014,219287147.4382,0.0065,14206357.2786
2026-08-05T14:19:00+05:30,1450.92,238.4706,1212.4535,1.0160,0.0005,2292198.0066,0.0008,12709355.9119
2026-08-05T14:20:00+05:30,1332.57,233.0206,1099.5517,0.9320,0.0004,2262766.9333,0.0007,12428219.7333
2026-08-05T14:21:00+05:30,1412.56,225.5683,1186.9875,0.9895,0.0005,2245209.2527,0.0007,12323564.5624
2026-08-05T14:22:00+05:30,1306.90,221.3612,1085.5414,0.9144,0.0005,2229161.6172,0.0007,11902263.6403
2026-08-05T14:23:00+05:30,2420.65,1360.6986,1059.9470,2.5469,0.0010,21246186.7573,0.0010,11074484.1425
2026-08-05T14:24:00+05:30,4316.05,2744.1818,1571.8692,11.7489,0.0013,209574421.5528,0.0052,16239370.2216
2026-08-05T14:25:00+05:30,1660.70,501.9163,1158.7849,1.2962,0.0008,4550898.7719,0.0008,12788218.0194
2026-08-05T14:26:00+05:30,1348.09,231.0193,1117.0685,0.9391,0.0004,2280722.6168,0.0007,11631419.0257
2026-08-05T14:27:00+05:30,1294.36,221.2133,1073.1435,0.9049,0.0005,2210320.8651,0.0007,11784965.6942
2026-08-05T14:28:00+05:30,1276.78,216.9297,1059.8490,0.8910,0.0005,2228459.9257,0.0007,11304225.4629
2026-08-05T14:29:00+05:30,3215.42,2097.6602,1117.7588,6.7339,0.0012,70163488.8341,0.0038,12350050.2633
2026-08-05T14:30:00+05:30,3653.14,1975.8936,1677.2473,11.2697,0.0014,159969207.2754,0.0051,17332834.1697
2026-08-05T14:31:00+05:30,1281.91,238.3913,1043.5181,0.8839,0.0004,2366952.4984,0.0008,10945491.2497
2026-08-05T14:32:00+05:30,1316.36,229.7453,1086.6168,0.9151,0.0005,2305642.0372,0.0007,11240167.0026
2026-08-05T14:33:00+05:30,1241.14,220.2344,1020.9080,0.8659,0.0005,2260933.5423,0.0008,11406149.1880
2026-08-05T14:34:00+05:30,1196.94,211.2272,985.7160,0.8360,0.0004,2182526.1930,0.0007,11175197.6932
2026-08-05T14:35:00+05:30,4327.31,2948.8047,1378.5090,9.2997,0.0013,168505857.4927,0.0039,15326307.3719
2026-08-05T14:36:00+05:30,2839.97,1270.2811,1569.6876,10.0732,0.0016,70289001.6505,0.0052,15737309.8815
2026-08-05T14:37:00+05:30,1176.80,228.7233,948.0727,0.8138,0.0004,2273287.8498,0.0007,10565082.0738
2026-08-05T14:38:00+05:30,1183.39,221.8685,961.5192,0.8180,0.0004,2235106.4596,0.0007,10117264.7157
2026-08-05T14:39:00+05:30,1197.75,214.5881,983.1650,0.8362,0.0005,2191542.6286,0.0008,11266782.0985
2026-08-05T14:40:00+05:30,1337.09,210.5439,1126.5496,0.9456,0.0004,2180129.0323,0.0007,13326400.4266
2026-08-05T14:41:00+05:30,4729.05,2908.6559,1820.3961,18.6891,0.0016,112014079.9573,0.0078,18602444.7334
2026-08-05T14:42:00+05:30,2976.28,1936.1957,1040.0860,3.1665,0.0010,135789814.2543,0.0012,11388321.8881
2026-08-05T14:43:00+05:30,1204.76,231.7384,973.0180,0.8300,0.0004,2267705.2814,0.0007,10227951.5358
2026-08-05T14:44:00+05:30,1213.07,228.9143,984.1513,0.8425,0.0004,2262411.3059,0.0008,11166589.9607
2026-08-05T14:45:00+05:30,1321.28,228.6114,1092.6713,0.9277,0.0005,2297219.9277,0.0008,12846927.1464
2026-08-05T14:46:00+05:30,1432.36,217.4304,1214.9308,1.0078,0.0005,2252697.6171,0.0007,12782987.3688
2026-08-05T14:47:00+05:30,4604.46,3128.9823,1475.4732,13.0102,0.0014,134684467.6675,0.0060,15574586.6671
2026-08-05T14:48:00+05:30,2913.10,1698.3640,1214.7324,7.3375,0.0012,108248530.3270,0.0043,12604952.7876
2026-08-05T14:49:00+05:30,1208.86,231.0064,977.8526,0.8373,0.0004,2269093.6240,0.0007,10919253.6746
2026-08-05T14:50:00+05:30,1302.21,229.2476,1072.9606,0.9120,0.0004,2285544.2456,0.0008,12475646.3020
2026-08-05T14:51:00+05:30,1682.64,518.0568,1164.5863,1.2897,0.0007,4725171.9219,0.0008,12229294.5804
2026-08-05T14:52:00+05:30,1326.30,215.6098,1110.6888,0.9313,0.0004,2233548.6839,0.0007,12260278.6511
2026-08-05T14:53:00+05:30,4936.85,3632.9329,1303.9204,9.4448,0.0012,152310680.2846,0.0040,13222479.5481
2026-08-05T14:54:00+05:30,3363.84,1966.8784,1396.9595,10.1335,0.0013,96106780.8171,0.0054,14779014.7189
2026-08-05T14:55:00+05:30,1284.31,236.3176,1047.9968,0.8954,0.0004,2314056.0305,0.0008,12077203.0732
2026-08-05T14:56:00+05:30,1362.97,228.2904,1134.6837,0.9514,0.0005,2299318.2962,0.0007,11838146.7367
2026-08-05T14:57:00+05:30,1265.33,221.2444,1044.0855,0.8841,0.0004,2258609.6870,0.0007,11673374.7125
2026-08-05T14:58:00+05:30,1343.07,210.7824,1132.2890,0.9418,0.0004,2183022.4652,0.0007,11760606.8929
2026-08-05T14:59:00+05:30,4550.57,3033.2128,1517.3563,15.1148,0.0015,96242280.2293,0.0071,15868518.8642
2026-08-05T15:00:00+05:30,3613.47,2378.2955,1235.1765,5.1187,0.0011,152956377.9622,0.0021,13396608.0725
2026-08-05T15:01:00+05:30,1287.12,235.8766,1051.2427,0.8914,0.0005,2348803.9474,0.0008,11020192.1019
2026-08-05T15:02:00+05:30,1266.71,224.6867,1042.0277,0.8796,0.0005,2287963.4709,0.0007,10880983.3519
2026-08-05T15:03:00+05:30,1639.71,662.7944,976.9163,1.5130,0.0011,6057847.4667,0.0008,11259699.2000
2026-08-05T15:04:00+05:30,1183.78,212.7652,971.0123,0.8243,0.0004,2227670.6839,0.0007,11028291.0437
2026-08-05T15:05:00+05:30,4419.31,2832.3501,1586.9580,14.4020,0.0015,74832580.7419,0.0064,17048168.2498
2026-08-05T15:06:00+05:30,3997.67,2613.6269,1384.0397,10.9315,0.0013,176282421.7737,0.0054,13954007.5001
2026-08-05T15:07:00+05:30,1180.20,234.8500,945.3500,0.8116,0.0004,2310485.3333,0.0007,10529041.0667
2026-08-05T15:08:00+05:30,1197.00,230.0012,966.9950,0.8261,0.0005,2299975.9297,0.0007,10232182.2940
2026-08-05T15:09:00+05:30,1201.55,223.3981,978.1518,0.8363,0.0004,2305719.3234,0.0007,11205790.4508
2026-08-05T15:10:00+05:30,1335.57,216.2428,1119.3294,0.9433,0.0004,2237638.4787,0.0008,13276536.6488
2026-08-05T15:11:00+05:30,3995.63,2627.1602,1368.4737,6.8964,0.0011,58601871.3817,0.0029,14341631.3430
2026-08-05T15:12:00+05:30,4386.72,2868.8492,1517.8690,16.0282,0.0016,193433123.7686,0.0076,15979868.9803
2026-08-05T15:13:00+05:30,1203.20,234.9833,968.2167,0.8234,0.0004,2305463.4423,0.0007,10192179.9970
2026-08-05T15:14:00+05:30,1203.07,230.2730,972.7973,0.8343,0.0004,2297646.1921,0.0007,11027377.1940
2026-08-05T15:15:00+05:30,1319.28,224.5184,1094.7603,0.9272,0.0004,2387604.0264,0.0008,12802491.5672
2026-08-05T15:16:00+05:30,1420.82,218.2688,1202.5532,0.9992,0.0005,2364326.6449,0.0007,12638321.1786
2026-08-05T15:17:00+05:30,3444.47,2280.4213,1164.0527,5.3851,0.0011,35643166.8528,0.0025,12680403.3401
2026-08-05T15:18:00+05:30,4829.20,3281.7650,1547.4330,16.5833,0.0015,217754422.4488,0.0076,15756959.5414
2026-08-05T15:19:00+05:30,1232.74,243.5609,989.1806,0.8443,0.0004,2279144.3051,0.0008,11073690.0507
2026-08-05T15:20:00+05:30,1241.97,231.6358,1010.3320,0.8700,0.0004,2213146.4280,0.0008,12664161.1758
2026-08-05T15:21:00+05:30,1409.76,227.9061,1181.8515,0.9874,0.0004,2219540.0130,0.0007,12449742.6033
2026-08-05T15:22:00+05:30,1338.99,216.1878,1122.8003,0.9407,0.0004,2144275.6920,0.0007,12447924.8113
2026-08-05T15:23:00+05:30,3179.71,2006.5825,1173.1269,3.5378,0.0009,31425305.4259,0.0015,12560893.7475
2026-08-05T15:24:00+05:30,5610.69,4043.8342,1566.8601,19.6450,0.0016,227448197.4123,0.0085,16152756.5693
2026-08-05T15:25:00+05:30,1254.46,243.6310,1010.8303,0.8620,0.0004,2294543.4793,0.0007,12059439.6921
2026-08-05T15:26:00+05:30,1371.38,235.1000,1136.2833,0.9558,0.0004,2245396.3566,0.0007,11992741.7457
2026-08-05T15:27:00+05:30,1251.05,222.6333,1028.4167,0.8739,0.0004,2151046.8159,0.0007,11762218.8964
2026-08-05T15:28:00+05:30,1305.09,217.9269,1087.1674,0.9115,0.0004,2171928.7858,0.0007,11545588.0509
2026-08-05T15:29:00+05:30,2255.77,1319.8340,935.9365,1.6554,0.0007,16834673.9996,0.0008,10678693.7986
2026-08-05T15:30:00+05:30,6316.97,4507.4080,1809.5595,24.1516,0.0016,240025449.8183,0.0094,19042147.1284
2026-08-05T15:31:00+05:30,1291.38,247.6414,1043.7377,0.8770,0.0004,2308834.5362,0.0007,11091868.3224
2026-08-05T15:32:00+05:30,1207.44,236.3224,971.1200,0.8356,0.0004,2266393.7207,0.0007,11056817.7713
2026-08-05T15:33:00+05:30,1203.84,231.1231,972.7139,0.8313,0.0004,2264768.3435,0.0008,10479025.5026
2026-08-05T15:34:00+05:30,1197.32,221.0502,976.2702,0.8321,0.0004,2169634.9820,0.0007,11037316.6245
2026-08-05T15:35:00+05:30,1729.47,597.0299,1132.4400,1.4373,0.0008,6792190.2762,0.0008,13416709.2355
2026-08-05T15:36:00+05:30,5469.85,4061.9917,1407.8623,7.1079,0.0011,275477278.9415,0.0018,14877034.5781
2026-08-05T15:37:00+05:30,1692.48,197.3695,1495.1074,1.2019,0.0004,1902667.7558,0.0007,15376745.4700
2026-08-05T15:38:00+05:30,1181.10,191.6794,989.4160,0.8259,0.0005,1898349.4900,0.0008,10456283.2189
2026-08-05T15:39:00+05:30,1165.20,185.6783,979.5191,0.8206,0.0005,1869947.1728,0.0007,11345210.7921
2026-08-05T15:40:00+05:30,1297.13,180.6861,1116.4400,0.9247,0.0005,1844866.0399,0.0007,13171683.9368
2026-08-05T15:41:00+05:30,2785.85,1661.8289,1124.0211,3.4608,0.0013,73060701.3814,0.0011,12464635.8622
2026-08-05T15:42:00+05:30,4267.98,3100.0683,1167.9081,4.3167,0.0010,215278279.2201,0.0010,12747631.1281
2026-08-05T15:43:00+05:30,1428.09,167.3309,1260.7594,1.0109,0.0004,1607049.9250,0.0008,12853735.6678
2026-08-05T15:44:00+05:30,1591.64,359.3435,1232.2919,1.1449,0.0006,20664205.6819,0.0008,15107595.9010
2026-08-05T15:45:00+05:30,2185.99,756.5288,1429.4619,2.0536,0.0006,31499280.3146,0.0011,36913148.7234
2026-08-05T15:46:00+05:30,2880.56,858.4550,2022.1044,10.1061,0.0010,14078924.5849,0.0046,33739014.4696
2026-08-05T15:47:00+05:30,4865.18,3148.6615,1716.5203,8.9302,0.0012,255170858.3518,0.0029,33605363.8075
2026-08-05T15:48:00+05:30,4144.82,1689.8058,2455.0138,13.1971,0.0010,99142592.5815,0.0047,34543582.0288
2026-08-05T15:49:00+05:30,1536.35,177.0951,1359.2573,1.1098,0.0004,1631272.4848,0.0007,15546107.3405
2026-08-05T15:50:00+05:30,1966.41,179.2102,1787.2014,1.4323,0.0005,1665233.2722,0.0007,19761237.0062
2026-08-05T15:51:00+05:30,1562.04,181.3698,1380.6699,1.1534,0.0005,1766378.6702,0.0007,21075527.4121
2026-08-05T15:52:00+05:30,1851.27,199.1967,1652.0725,1.3576,0.0005,1900648.8559,0.0007,21978360.0940
2026-08-05T15:53:00+05:30,4915.05,3602.8240,1312.2229,4.8198,0.0010,250386137.2631,0.0010,19206345.9083
2026-08-05T15:54:00+05:30,1406.31,362.5048,1043.8072,0.9612,0.0004,3324809.1715,0.0008,14260102.6461
2026-08-05T15:55:00+05:30,2070.70,481.3580,1589.3432,1.5527,0.0006,5390404.2667,0.0008,17109060.2667
2026-08-05T15:56:00+05:30,1817.73,257.6758,1560.0560,1.3047,0.0005,3483108.8442,0.0008,18913874.3208
2026-08-05T15:57:00+05:30,1980.42,242.0476,1738.3734,1.4268,0.0005,3176305.9337,0.0007,19586924.1664
2026-08-05T15:58:00+05:30,2344.48,1065.8355,1278.6426,1.9821,0.0009,81696146.1382,0.0008,14564700.9567
2026-08-05T15:59:00+05:30,3361.80,2377.9959,983.7995,3.1851,0.0010,167320828.5610,0.0009,11460853.4951
2026-08-05T16:00:00+05:30,1495.37,223.4037,1271.9712,1.0701,0.0004,2425418.5570,0.0008,16279618.5270
2026-08-05T16:01:00+05:30,1434.19,218.5552,1215.6382,1.0268,0.0004,2495369.5264,0.0007,16124829.4968
2026-08-05T16:02:00+05:30,1494.84,219.8024,1275.0404,1.0645,0.0004,2353490.3189,0.0008,15251651.9479
2026-08-05T16:03:00+05:30,1518.36,232.3926,1285.9691,1.0705,0.0004,2279675.1350,0.0007,13939154.7643
2026-08-05T16:04:00+05:30,4629.50,3335.6667,1293.8333,4.7229,0.0010,247583850.1358,0.0010,14263399.6100
2026-08-05T16:05:00+05:30,1493.55,254.6830,1238.8674,1.0465,0.0004,2408492.2339,0.0007,15671138.7241
2026-08-05T16:06:00+05:30,1358.73,244.6619,1114.0633,0.9539,0.0005,2496366.9823,0.0008,13631257.5010
2026-08-05T16:07:00+05:30,1630.66,245.7795,1384.8846,1.1491,0.0004,2502379.2017,0.0007,14431531.2391
2026-08-05T16:08:00+05:30,1305.42,231.7783,1073.6370,0.9111,0.0005,2592308.2769,0.0007,11767449.3150
2026-08-05T16:09:00+05:30,1769.47,686.4209,1083.0445,1.2614,0.0006,33564823.6784,0.0008,12496677.2882
2026-08-05T16:10:00+05:30,4312.84,2927.4633,1385.3793,4.4958,0.0011,216232024.6621,0.0010,17113363.8833
2026-08-05T16:11:00+05:30,1558.18,290.2769,1267.9069,1.0843,0.0004,2442373.9957,0.0007,14287727.4212
2026-08-05T16:12:00+05:30,1569.80,257.0786,1312.7239,1.1023,0.0004,2729437.9895,0.0008,14149855.4145
2026-08-05T16:13:00+05:30,1641.30,623.9667,1017.3333,1.4561,0.0010,5866457.2410,0.0008,10710262.7710
2026-08-05T16:14:00+05:30,1346.25,245.2701,1100.9818,0.9321,0.0004,2749260.4347,0.0008,12404546.7396
2026-08-05T16:15:00+05:30,4909.65,3681.7659,1227.8886,5.8993,0.0010,241847628.1519,0.0017,16343588.1539
2026-08-05T16:16:00+05:30,1823.28,336.2217,1487.0607,1.5251,0.0006,5408868.6407,0.0008,15682552.0655
2026-08-05T16:17:00+05:30,1505.49,248.8707,1256.6214,1.0568,0.0005,2981162.1162,0.0007,13500332.4332
2026-08-05T16:18:00+05:30,1287.09,240.3380,1046.7477,0.8926,0.0005,2955544.8303,0.0007,10973066.8622
2026-08-05T16:19:00+05:30,1338.26,231.1270,1107.1292,0.9385,0.0004,2747371.1933,0.0007,12398263.5307
2026-08-05T16:20:00+05:30,1383.63,226.5129,1157.1140,0.9856,0.0004,2662741.3333,0.0008,14986922.6667
2026-08-05T16:21:00+05:30,5585.55,3994.6164,1590.9295,11.9875,0.0012,246481807.5269,0.0045,17913838.7280
2026-08-05T16:22:00+05:30,1571.96,261.6290,1310.3282,1.0917,0.0004,2854386.5602,0.0007,13404414.4598
2026-08-05T16:23:00+05:30,1318.14,252.3042,1065.8344,0.9140,0.0004,2831611.9935,0.0008,11620818.7470
2026-08-05T16:24:00+05:30,1256.85,241.9479,1014.9040,0.8720,0.0004,2737381.4581,0.0007,11367367.9543
2026-08-05T16:25:00+05:30,1282.15,236.8947,1045.2561,0.9046,0.0005,2760742.4934,0.0008,13898649.2485
2026-08-05T16:26:00+05:30,3384.86,2022.6818,1362.1759,5.6965,0.0011,55229854.0097,0.0025,15641922.5385
2026-08-05T16:27:00+05:30,4729.72,3183.9504,1545.7667,13.7941,0.0014,207641664.0107,0.0060,15992084.0140
2026-08-05T16:28:00+05:30,1287.76,271.2441,1016.5153,0.8805,0.0004,2869896.3086,0.0008,10813699.3917
2026-08-05T16:29:00+05:30,1266.47,264.8711,1001.6000,0.8715,0.0005,3021719.9240,0.0008,11169481.6494
2026-08-05T16:30:00+05:30,1273.47,264.2236,1009.2491,0.8927,0.0004,3700440.8152,0.0008,13762797.5403
2026-08-05T16:31:00+05:30,1387.42,251.8583,1135.5621,0.9751,0.0005,3393832.4723,0.0008,13702574.7142
2026-08-05T16:32:00+05:30,3779.00,2400.8833,1378.1185,6.4672,0.0012,79526974.8854,0.0026,15082058.3618
2026-08-05T16:33:00+05:30,4543.24,3041.7389,1501.5002,16.1818,0.0015,193316165.4248,0.0077,15741719.1245
2026-08-05T16:34:00+05:30,1231.20,274.2500,956.9500,0.8381,0.0004,2441966.9333,0.0007,10589730.1333
2026-08-05T16:35:00+05:30,1253.00,261.6000,991.4000,0.8729,0.0004,2340454.4000,0.0007,13229943.4667
2026-08-05T16:36:00+05:30,1286.18,252.0626,1034.1184,0.8984,0.0004,2331862.2621,0.0007,13164709.7570
2026-08-05T16:37:00+05:30,1451.10,247.8546,1203.2461,1.0139,0.0004,2354085.7509,0.0007,12951020.8462
2026-08-05T16:38:00+05:30,3722.58,2338.5000,1384.0833,8.2531,0.0012,66683991.3999,0.0039,14404233.6706
2026-08-05T16:39:00+05:30,4665.96,3214.3786,1451.5769,14.6658,0.0015,206856022.2693,0.0068,15412861.6339
2026-08-05T16:40:00+05:30,1289.27,278.8197,1010.4526,0.8846,0.0004,2532438.9764,0.0007,11910117.7961
2026-08-05T16:41:00+05:30,1357.55,267.2309,1090.3154,0.9363,0.0005,2465324.8255,0.0007,11654591.6066
2026-08-05T16:42:00+05:30,1276.24,256.6090,1019.6353,0.8814,0.0005,2401765.0059,0.0007,11473210.5412
2026-08-05T16:43:00+05:30,1299.78,245.0667,1054.7167,0.8995,0.0005,2340317.8667,0.0008,11275878.4000
2026-08-05T16:44:00+05:30,3724.18,2730.4635,993.7170,5.5580,0.0012,86045557.9888,0.0023,10846075.2962
2026-08-05T16:45:00+05:30,4685.49,3001.1667,1684.3228,18.9167,0.0015,190131052.3684,0.0086,18013170.0390
2026-08-05T16:46:00+05:30,1301.81,274.3199,1027.4870,0.8892,0.0005,2498073.8765,0.0008,11132773.9699
2026-08-05T16:47:00+05:30,1244.33,264.5304,979.8040,0.8553,0.0005,2446898.1054,0.0007,11231392.6649
2026-08-05T16:48:00+05:30,1245.53,253.6472,991.8802,0.8574,0.0004,2402337.4293,0.0007,10931772.3794
2026-08-05T16:49:00+05:30,1191.55,241.2116,950.3349,0.8187,0.0005,2308312.0908,0.0007,10186327.0522
2026-08-05T16:50:00+05:30,3531.99,2367.6069,1164.3829,5.9470,0.0014,37743723.6781,0.0023,13503935.9872
2026-08-05T16:51:00+05:30,5438.69,3689.7552,1748.9375,20.9176,0.0015,239032841.7193,0.0087,18329772.3705
2026-08-05T16:52:00+05:30,1249.88,272.0411,977.8381,0.8491,0.0004,2459893.2249,0.0007,11241716.1329
2026-08-05T16:53:00+05:30,1231.61,259.5489,972.0578,0.8432,0.0005,2378617.7623,0.0007,10459307.8475
2026-08-05T16:54:00+05:30,1224.84,253.8664,970.9686,0.8401,0.0004,2360133.7266,0.0007,10458613.0693
2026-08-05T16:55:00+05:30,1379.28,241.3592,1137.9195,0.9665,0.0005,2272916.1750,0.0007,13284320.6346
2026-08-05T16:56:00+05:30,2785.52,1598.2399,1187.2792,3.7692,0.0012,21093406.6703,0.0016,12968994.0497
2026-08-05T16:57:00+05:30,6228.18,4531.6390,1696.5420,22.1841,0.0015,254381641.7572,0.0091,18192741.2839
2026-08-05T16:58:00+05:30,1267.47,274.4333,993.0333,0.8534,0.0004,2475035.0161,0.0007,10778512.6248
2026-08-05T16:59:00+05:30,1455.52,489.2227,966.2927,1.0219,0.0006,4310748.7747,0.0007,10561064.7818
2026-08-05T17:00:00+05:30,1350.53,252.4540,1098.0784,0.9404,0.0005,2343779.7480,0.0007,12661666.8222
2026-08-05T17:01:00+05:30,1433.23,240.4667,1192.7667,1.0011,0.0005,2290726.1788,0.0007,12624560.2760
2026-08-05T17:02:00+05:30,1971.75,871.6005,1100.1533,1.6427,0.0008,8763247.5670,0.0008,12423013.4649
2026-08-05T17:03:00+05:30,6887.58,5267.3733,1620.2046,22.7612,0.0015,257674488.3764,0.0091,16779968.7370
2026-08-05T17:04:00+05:30,1517.44,504.0839,1013.3518,1.1917,0.0007,12656490.4736,0.0008,11172287.0431
2026-08-05T17:05:00+05:30,1320.61,261.7421,1058.8686,0.9139,0.0005,2421704.1901,0.0007,12116986.2995
2026-08-05T17:06:00+05:30,1374.90,250.5000,1124.4000,0.9536,0.0004,2358232.6961,0.0007,11834307.2949
2026-08-05T17:07:00+05:30,1312.17,243.3896,1068.7782,0.9119,0.0004,2338387.5504,0.0008,11894355.9599
2026-08-05T17:08:00+05:30,1361.07,236.5658,1124.5083,0.9475,0.0004,2304836.3224,0.0007,11839321.5548
2026-08-05T17:09:00+05:30,6281.46,4660.0423,1621.4134,24.6844,0.0013,184390063.7869,0.0114,17101846.5181
2026-08-05T17:10:00+05:30,2789.50,1757.8909,1031.6135,2.7399,0.0009,92686103.9545,0.0011,12040289.1663
2026-08-05T17:11:00+05:30,1303.56,265.0329,1038.5263,0.8952,0.0004,2434315.2455,0.0007,10999144.4528
2026-08-05T17:12:00+05:30,1249.97,253.5319,996.4348,0.8623,0.0004,2397044.3822,0.0007,11278944.4222
2026-08-05T17:13:00+05:30,1270.79,242.4965,1028.2976,0.8790,0.0004,2327055.5296,0.0007,11156077.5948
2026-08-05T17:14:00+05:30,1200.20,235.6923,964.5078,0.8290,0.0004,2289310.7058,0.0007,10663898.3763
2026-08-05T17:15:00+05:30,5268.07,3951.4532,1316.6122,14.0059,0.0015,122503261.3826,0.0062,14994592.8938
2026-08-05T17:16:00+05:30,4084.71,2616.2578,1468.4479,15.2519,0.0016,155845375.3813,0.0075,15990136.7781
2026-08-05T17:17:00+05:30,1235.84,266.8733,968.9698,0.8445,0.0004,2424248.2418,0.0007,10796317.7016
2026-08-05T17:18:00+05:30,1216.64,252.4631,964.1744,0.8338,0.0005,2347936.3174,0.0007,10297870.4676
2026-08-05T17:19:00+05:30,1230.52,245.2915,985.2328,0.8486,0.0005,2328205.2034,0.0007,10919708.3951
2026-08-05T17:20:00+05:30,1396.04,239.1261,1156.9176,0.9808,0.0004,2286196.6836,0.0007,13575948.1377
2026-08-05T17:21:00+05:30,3966.34,2807.8974,1158.4472,6.6712,0.0014,41744860.2323,0.0023,12948999.5835
2026-08-05T17:22:00+05:30,6022.79,4402.2705,1620.5178,19.5947,0.0012,237166088.6207,0.0088,18200795.1189
2026-08-05T17:23:00+05:30,1239.44,271.9228,967.5199,0.8336,0.0004,2469463.3626,0.0007,10327473.5281
2026-08-05T17:24:00+05:30,1233.02,255.0003,978.0152,0.8459,0.0004,2356790.7194,0.0007,10556983.2656
2026-08-05T17:25:00+05:30,1366.05,248.4793,1117.5735,0.9539,0.0004,2348041.1299,0.0007,12975934.1388
2026-08-05T17:26:00+05:30,1435.14,237.5071,1197.6364,1.0045,0.0004,2265860.7194,0.0007,12764480.7147
2026-08-05T17:27:00+05:30,2101.31,972.9306,1128.3795,1.9719,0.0009,9647683.4297,0.0009,12851743.6368
2026-08-05T17:28:00+05:30,6463.44,4888.6222,1574.8213,21.0845,0.0015,201606508.4746,0.0087,16564761.0953
2026-08-05T17:29:00+05:30,2790.17,1826.6144,963.5530,3.2798,0.0012,71183409.6590,0.0011,10681095.0905
2026-08-05T17:30:00+05:30,1323.73,263.4097,1060.3227,0.9165,0.0005,2426166.8834,0.0007,12267586.2253
2026-08-05T17:31:00+05:30,1386.03,252.0454,1133.9876,0.9624,0.0005,2374073.3508,0.0007,12082084.0818
2026-08-05T17:32:00+05:30,1621.99,548.7474,1073.2419,1.2692,0.0008,4879191.3588,0.0008,12010322.4430
2026-08-05T17:33:00+05:30,1347.26,233.4844,1113.7757,0.9381,0.0004,2299887.2075,0.0007,11803953.3364
2026-08-05T17:34:00+05:30,4802.31,3724.7558,1077.5578,11.2995,0.0014,50999654.7712,0.0057,12311895.3246
2026-08-05T17:35:00+05:30,5536.33,4009.3014,1527.0291,17.3809,0.0013,234698526.3790,0.0080,17098039.9060
2026-08-05T17:36:00+05:30,1260.54,266.3890,994.1524,0.8540,0.0004,2438629.7709,0.0007,10704804.7314
2026-08-05T17:37:00+05:30,1239.46,261.1812,978.2794,0.8532,0.0004,2435586.7909,0.0007,11295698.6114
2026-08-05T17:38:00+05:30,1268.40,248.2459,1020.1497,0.8752,0.0004,2356526.0579,0.0007,10986312.8948
2026-08-05T17:39:00+05:30,1203.89,240.7355,963.1587,0.8290,0.0004,2344141.6330,0.0007,10485066.2488
2026-08-05T17:40:00+05:30,2506.44,1403.9721,1102.4676,3.3317,0.0014,13857431.5467,0.0012,13050024.2923
2026-08-05T17:41:00+05:30,5875.90,4230.5244,1645.3715,24.1153,0.0018,98461701.2567,0.0101,17427490.7830
2026-08-05T17:42:00+05:30,4505.79,3432.8739,1072.9179,7.9635,0.0012,182856952.6825,0.0034,12423375.0563
2026-08-05T17:43:00+05:30,1228.60,264.7407,963.8588,0.8395,0.0004,2440242.8526,0.0007,10422209.0786
2026-08-05T17:44:00+05:30,1233.50,256.4778,977.0216,0.8477,0.0004,2398166.2640,0.0007,10627636.5454
2026-08-05T17:45:00+05:30,1403.72,248.2915,1155.4322,0.9838,0.0005,2353962.5635,0.0007,13312153.6128
2026-08-05T17:46:00+05:30,1464.85,237.7262,1227.1273,1.0278,0.0005,2310292.8089,0.0007,13033205.0996
2026-08-05T17:47:00+05:30,3720.91,2708.4639,1012.4508,7.0539,0.0016,31740125.6730,0.0026,11991776.1221
2026-08-05T17:48:00+05:30,6304.29,4721.5390,1582.7501,19.9531,0.0012,201425093.1147,0.0090,17161811.3711
2026-08-05T17:49:00+05:30,2666.69,1734.6792,932.0152,2.7902,0.0011,60144840.7575,0.0009,10287048.2795
2026-08-05T17:50:00+05:30,1376.99,260.8790,1116.1147,0.9576,0.0004,2400870.4000,0.0007,12746683.7333
2026-08-05T17:51:00+05:30,1412.70,252.5961,1160.1020,0.9837,0.0004,2398311.2978,0.0007,12446257.9591
2026-08-05T17:52:00+05:30,1321.22,242.2500,1078.9667,0.9205,0.0004,2337109.3333,0.0007,12045653.3333
2026-08-05T17:53:00+05:30,1336.03,232.0485,1103.9844,0.9320,0.0004,2288979.3198,0.0007,11757374.5272
2026-08-05T17:54:00+05:30,4900.69,3951.3529,949.3356,12.0380,0.0017,50692353.3060,0.0054,11023868.2271
2026-08-05T17:55:00+05:30,6839.01,5325.6186,1513.3883,20.7652,0.0012,241265838.4431,0.0095,17210830.1786
2026-08-05T17:56:00+05:30,1405.94,376.2521,1029.6848,0.9934,0.0006,8240608.2971,0.0007,11117168.1251
2026-08-05T17:57:00+05:30,1256.58,256.7781,999.8000,0.8666,0.0004,2408291.5563,0.0007,11270160.1426
2026-08-05T17:58:00+05:30,1230.72,247.0082,983.7161,0.8482,0.0005,2366514.0590,0.0007,10661670.1502
2026-08-05T17:59:00+05:30,1206.04,236.5785,969.4651,0.8320,0.0005,2280835.1084,0.0007,10386951.3476
2026-08-05T18:00:00+05:30,1426.31,230.1743,1196.1399,1.0063,0.0004,2245601.1600,0.0007,13664620.2770
2026-08-05T18:01:00+05:30,5614.55,3869.7949,1744.7553,23.5862,0.0018,51490104.6107,0.0097,18904951.3939
2026-08-05T18:02:00+05:30,5801.95,4909.6183,892.3321,6.1027,0.0010,244671784.4974,0.0012,11273797.8996
2026-08-05T18:03:00+05:30,1264.81,269.2224,995.5830,0.8575,0.0004,2485018.6352,0.0007,10800593.6594
2026-08-05T18:04:00+05:30,1239.66,254.8703,984.7851,0.8519,0.0004,2393656.3125,0.0007,10555418.2109
2026-08-05T18:05:00+05:30,1375.70,245.4912,1130.2130,0.9625,0.0004,2334816.9484,0.0008,12965273.0606
2026-08-05T18:06:00+05:30,1710.99,543.5080,1167.4832,1.4043,0.0009,4810609.0782,0.0008,12499311.3377
2026-08-05T18:07:00+05:30,2339.90,1273.8137,1066.0866,2.5966,0.0011,11727775.7221,0.0011,12167571.5786
2026-08-05T18:08:00+05:30,5590.19,3961.9340,1628.2562,23.0121,0.0017,59579354.7441,0.0099,17595030.4828
2026-08-05T18:09:00+05:30,4740.22,3800.1933,940.0313,5.1483,0.0011,227035223.7612,0.0011,10869211.1939
2026-08-05T18:10:00+05:30,1340.15,264.5584,1075.5952,0.9270,0.0004,2435747.2050,0.0007,12140654.0147
2026-08-05T18:11:00+05:30,1391.44,250.3210,1141.1204,0.9674,0.0005,2378609.0321,0.0007,12001039.5571
2026-08-05T18:12:00+05:30,1275.66,240.6253,1035.0322,0.8874,0.0004,2318122.1959,0.0007,11772125.9958
2026-08-05T18:13:00+05:30,1336.55,231.1127,1105.4421,0.9318,0.0004,2253298.2304,0.0007,11608905.1221
2026-08-05T18:14:00+05:30,3677.25,2829.2703,847.9829,6.0908,0.0016,35501760.7518,0.0020,10000401.7796
2026-08-05T18:15:00+05:30,6017.42,4250.6833,1766.7333,22.3563,0.0012,160202008.7001,0.0098,19600915.4819
2026-08-05T18:16:00+05:30,2905.67,1954.0354,951.6347,2.9801,0.0011,106243542.3961,0.0009,10425399.6199
2026-08-05T18:17:00+05:30,1251.83,258.2000,993.6333,0.8621,0.0004,2393019.7333,0.0007,11028616.5333
2026-08-05T18:18:00+05:30,1228.91,246.9547,981.9533,0.8472,0.0004,2341868.2575,0.0007,10703070.3038
2026-08-05T18:19:00+05:30,1205.49,235.5275,969.9632,0.8321,0.0005,2272999.0499,0.0007,10363611.2213
2026-08-05T18:20:00+05:30,1432.75,228.2377,1204.5091,1.0106,0.0005,2227747.3130,0.0007,13673559.3141
2026-08-05T18:21:00+05:30,4739.97,3038.5930,1701.3753,19.9734,0.0019,44046424.9396,0.0083,18581712.0947
2026-08-05T18:22:00+05:30,6279.66,5336.2886,943.3714,9.0903,0.0010,237928616.7383,0.0038,12002742.1258
2026-08-05T18:23:00+05:30,1668.42,650.6026,1017.8199,1.3201,0.0008,21530748.3705,0.0008,10925625.4313
2026-08-05T18:24:00+05:30,1235.66,253.5582,982.1006,0.8494,0.0004,2362289.2570,0.0007,10467115.6295
2026-08-05T18:25:00+05:30,1371.28,243.6801,1127.5975,0.9598,0.0005,2322083.6874,0.0007,12874117.9490
2026-08-05T18:26:00+05:30,1421.95,234.5883,1187.3573,0.9963,0.0004,2275388.6870,0.0007,12604610.2463
2026-08-05T18:27:00+05:30,1363.24,227.2727,1135.9636,0.9574,0.0005,2244354.5688,0.0007,12687399.9400
2026-08-05T18:28:00+05:30,5537.32,3937.5281,1599.7900,21.1236,0.0016,54422858.7426,0.0094,17149606.8387
2026-08-05T18:29:00+05:30,5810.70,4853.9635,956.7392,7.8168,0.0011,247559724.4690,0.0026,11012412.7630
2026-08-05T18:30:00+05:30,1348.96,269.6148,1079.3426,0.9288,0.0004,2473494.5993,0.0007,13088055.4741
2026-08-05T18:31:00+05:30,1406.68,255.4326,1151.2465,1.0376,0.0005,2410885.3005,0.0008,22211392.5578
2026-08-05T18:32:00+05:30,1263.77,243.4041,1020.3670,0.8776,0.0005,2352167.2028,0.0007,11448852.1475
2026-08-05T18:33:00+05:30,1305.24,235.5412,1069.7023,0.9076,0.0004,2295952.7984,0.0007,11291614.7872
2026-08-05T18:34:00+05:30,1962.81,1053.4971,909.3166,2.1005,0.0013,9675939.2879,0.0008,11459737.3586
2026-08-05T18:35:00+05:30,5684.29,3844.7871,1839.5033,25.3920,0.0015,55173348.7124,0.0106,20487919.5933
2026-08-05T18:36:00+05:30,5233.43,4424.0161,809.4111,9.9553,0.0020,237412609.5276,0.0012,9299054.7055
2026-08-05T18:37:00+05:30,1247.70,264.8627,982.8379,0.8482,0.0004,2458582.7779,0.0007,10825435.3506
2026-08-05T18:38:00+05:30,1212.46,250.1500,962.3066,0.8334,0.0004,2367749.2623,0.0007,10306613.0070
2026-08-05T18:39:00+05:30,1211.44,240.7586,970.6843,0.8361,0.0004,2298082.4292,0.0007,10461343.5995
2026-08-05T18:40:00+05:30,1419.17,232.9194,1186.2489,1.0006,0.0004,2236093.4760,0.0008,13696277.3611
2026-08-05T18:41:00+05:30,3031.97,1876.1481,1155.8234,4.5309,0.0014,17178183.7578,0.0016,12723394.5859
2026-08-05T18:42:00+05:30,5556.21,3915.4045,1640.8065,22.2869,0.0015,55539723.3979,0.0100,19162692.4384
2026-08-05T18:43:00+05:30,4863.44,3991.2984,872.1432,9.6711,0.0021,232257470.1117,0.0013,9921687.7480
2026-08-05T18:44:00+05:30,1219.57,256.6333,962.9333,0.8312,0.0004,2385618.4270,0.0007,10352949.0825
2026-08-05T18:45:00+05:30,1358.27,247.7711,1110.5038,0.9482,0.0005,2339908.3440,0.0007,12590249.5376
2026-08-05T18:46:00+05:30,1416.33,243.1342,1173.1936,0.9939,0.0005,2811414.0212,0.0007,12963260.8442
2026-08-05T18:47:00+05:30,1318.55,228.1623,1090.3847,0.9766,0.0005,2259532.4398,0.0008,21447532.1731
2026-08-05T18:48:00+05:30,3246.15,2184.7495,1061.4054,4.6443,0.0014,24550199.5001,0.0015,13881692.7845
2026-08-05T18:49:00+05:30,6812.22,4482.3604,2329.8615,29.7061,0.0017,241369536.8618,0.0096,39984735.9019
2026-08-05T18:50:00+05:30,1848.04,917.8639,930.1810,6.0636,0.0057,17477345.3339,0.0009,11322797.6065
2026-08-05T18:51:00+05:30,1338.39,263.0105,1075.3792,0.9248,0.0004,2466639.8626,0.0007,11600041.8729
2026-08-05T18:52:00+05:30,1255.26,249.2749,1005.9839,0.8689,0.0004,2381925.6592,0.0007,11446392.6393
2026-08-05T18:53:00+05:30,1285.10,238.6428,1046.4620,0.8915,0.0004,2320971.1029,0.0007,11251679.0988
2026-08-05T18:54:00+05:30,1194.05,234.5942,959.4568,0.8247,0.0004,2329416.5639,0.0007,10429408.4319
2026-08-05T18:55:00+05:30,5552.18,3789.2947,1762.8899,23.2808,0.0019,113931261.7980,0.0092,18617480.4047
2026-08-05T18:56:00+05:30,4261.92,3319.1036,942.8143,10.2028,0.0024,161724125.7686,0.0024,10251977.8055
2026-08-05T18:57:00+05:30,1223.40,254.0050,969.3934,0.8396,0.0004,2359846.6309,0.0007,10926922.9487
2026-08-05T18:58:00+05:30,1213.02,247.2326,965.7909,0.8341,0.0005,2322398.1995,0.0007,10394355.3888
2026-08-05T18:59:00+05:30,1222.44,239.9820,982.4550,0.8480,0.0004,2307510.4720,0.0008,11432929.2034
2026-08-05T19:00:00+05:30,1375.94,230.0205,1145.9191,0.9690,0.0004,2216450.8075,0.0007,13500299.6717
2026-08-05T19:01:00+05:30,3768.84,2579.3966,1189.4482,7.6274,0.0016,37508476.4794,0.0028,12946951.4252
2026-08-05T19:02:00+05:30,5997.05,4437.9031,1559.1475,24.2242,0.0023,236661637.9937,0.0090,28479656.5906
2026-08-05T19:03:00+05:30,1458.91,257.8543,1201.0534,1.8090,0.0005,2425350.2892,0.0014,42846034.6339
2026-08-05T19:04:00+05:30,1297.61,250.0083,1047.6048,0.9853,0.0004,2340756.7423,0.0008,19015192.1859
2026-08-05T19:05:00+05:30,1356.64,242.9293,1113.7148,0.9502,0.0004,2307472.9509,0.0007,12924906.7698
2026-08-05T19:06:00+05:30,1415.63,232.7861,1182.8486,0.9927,0.0004,2244658.5215,0.0007,12593655.3379
2026-08-05T19:07:00+05:30,2068.86,989.4004,1079.4640,2.5322,0.0013,8523633.9394,0.0011,12344114.2648
2026-08-05T19:08:00+05:30,5369.05,3726.4061,1642.6464,22.7333,0.0028,99350969.4364,0.0077,16747688.4312
2026-08-05T19:09:00+05:30,1323.03,264.5490,1058.4794,0.9015,0.0004,2570043.2312,0.0007,11781008.8162
2026-08-05T19:10:00+05:30,1310.81,256.8586,1053.9518,0.9091,0.0004,2527751.9959,0.0007,12059507.6585
2026-08-05T19:11:00+05:30,1381.05,249.1499,1131.9009,0.9595,0.0004,2516345.4518,0.0007,11921421.2799
2026-08-05T19:12:00+05:30,1275.07,236.3382,1038.7314,0.8877,0.0004,2402689.9540,0.0008,11759856.0096
2026-08-05T19:13:00+05:30,1878.16,817.0319,1061.1282,2.0026,0.0014,6905963.1697,0.0008,11283334.9221
2026-08-05T19:14:00+05:30,5068.65,3424.6475,1644.0048,20.5397,0.0020,78786523.8175,0.0084,17110927.6976
2026-08-05T19:15:00+05:30,1412.46,274.2941,1138.1638,0.9804,0.0004,2638292.6293,0.0007,12795886.5220
2026-08-05T19:16:00+05:30,1298.69,285.7548,1012.9335,0.8863,0.0005,2696987.8831,0.0007,10813688.4948
2026-08-05T19:17:00+05:30,1483.70,504.0575,979.6377,1.0767,0.0006,4678061.7210,0.0007,11317919.8827
2026-08-05T19:18:00+05:30,1258.61,251.3752,1007.2345,0.8692,0.0004,2531844.3100,0.0007,11232302.4454
2026-08-05T19:19:00+05:30,1668.51,742.3419,926.1691,1.5524,0.0011,6466276.1908,0.0008,10426020.4660
2026-08-05T19:20:00+05:30,3459.49,1476.3897,1983.0986,18.2627,0.0015,13237873.2894,0.0081,21302818.4349
2026-08-05T19:21:00+05:30,1198.70,239.9493,958.7472,0.8251,0.0004,2491353.2902,0.0008,10372446.1631
2026-08-05T19:22:00+05:30,1189.41,226.4774,962.9370,0.8255,0.0004,2416165.5862,0.0007,10866192.0840
2026-08-05T19:23:00+05:30,1189.95,221.6630,968.2839,0.8242,0.0004,2360758.5207,0.0007,10421483.9086
2026-08-05T19:24:00+05:30,1198.95,221.0981,977.8485,0.8350,0.0004,2391978.7989,0.0007,11162158.1079
2026-08-05T19:25:00+05:30,2786.29,735.8132,2050.4808,15.5091,0.0011,6909039.0320,0.0072,22419391.3536
2026-08-05T19:26:00+05:30,1178.15,237.2667,940.8833,0.8047,0.0004,2494627.2229,0.0007,10189312.8448
2026-08-05T19:27:00+05:30,1202.08,230.0833,972.0000,0.8334,0.0004,2450404.5734,0.0007,10893971.4329
2026-08-05T19:28:00+05:30,1616.56,694.6856,921.8758,1.5236,0.0011,6393413.1449,0.0008,10047172.3770
2026-08-05T19:29:00+05:30,1195.58,217.7167,977.8667,0.8335,0.0005,2373973.3333,0.0007,11120981.3333
2026-08-05T19:30:00+05:30,3169.36,2236.4412,932.9144,6.9005,0.0022,14495513.0423,0.0022,11586047.0357
2026-08-05T19:31:00+05:30,2605.08,727.8031,1877.2772,17.4648,0.0027,7220448.4891,0.0083,19485031.8516
2026-08-05T19:32:00+05:30,1193.01,227.1818,965.8311,0.8282,0.0004,2418098.2732,0.0007,10884616.8411
2026-08-05T19:33:00+05:30,1187.07,218.8984,968.1693,0.8229,0.0004,2335071.5440,0.0007,10391573.5022
2026-08-05T19:34:00+05:30,1175.72,209.2155,966.5089,0.8208,0.0004,2236422.6916,0.0007,10960744.9614
2026-08-05T19:35:00+05:30,1355.81,205.0483,1150.7664,0.9602,0.0004,2207895.5015,0.0007,13238364.8117
2026-08-05T19:36:00+05:30,3757.30,2188.5242,1568.7732,34.2102,0.0075,14316369.0800,0.0116,16201483.6548
2026-08-05T19:37:00+05:30,1352.67,239.5467,1113.1239,1.0856,0.0005,2474733.5055,0.0009,12563228.2643
2026-08-05T19:38:00+05:30,1191.83,222.2315,969.5980,0.8256,0.0004,2294390.8261,0.0007,10427472.7649
2026-08-05T19:39:00+05:30,1182.82,210.4123,972.4028,0.8246,0.0005,2217147.8852,0.0007,10785737.4263
2026-08-05T19:40:00+05:30,1343.65,203.6435,1140.0070,0.9506,0.0004,2175699.1850,0.0007,12968720.9694
2026-08-05T19:41:00+05:30,1766.00,249.1669,1516.8288,6.3060,0.0019,2793546.2543,0.0038,15889130.3652
2026-08-05T19:42:00+05:30,3308.66,1822.8842,1485.7724,14.6935,0.0028,27922213.7761,0.0065,43063443.6221
2026-08-05T19:43:00+05:30,4295.81,1926.1598,2369.6507,10.2630,0.0009,59078259.3278,0.0036,101432123.8481
2026-08-05T19:44:00+05:30,6009.15,2934.4369,3074.7149,33.3218,0.0022,29427056.3956,0.0091,94461187.6573
2026-08-05T19:45:00+05:30,4134.11,2965.2052,1168.9080,12.4606,0.0027,28413858.4903,0.0038,42860227.2955
2026-08-05T19:46:00+05:30,3079.42,814.5210,2264.9010,9.5046,0.0009,30016760.5967,0.0039,83400690.8576
2026-08-05T19:47:00+05:30,5189.22,2952.3167,2236.9000,31.7043,0.0041,49761474.6421,0.0089,110896054.6658
2026-08-05T19:48:00+05:30,5596.54,4152.7056,1443.8391,13.4263,0.0021,123483304.2783,0.0041,61106036.5187
2026-08-05T19:49:00+05:30,2945.69,1619.6479,1326.0471,3.6256,0.0008,56394766.0859,0.0018,37730938.2910
2026-08-05T19:50:00+05:30,3212.10,825.8711,2386.2330,5.4693,0.0007,27175738.9942,0.0020,64650105.3754
2026-08-05T19:51:00+05:30,2518.88,851.1412,1667.7392,3.0715,0.0006,27126183.7218,0.0015,48336992.8312
2026-08-05T19:52:00+05:30,2786.35,1345.7821,1440.5726,3.5014,0.0006,27967160.6313,0.0018,59164050.0608
2026-08-05T19:53:00+05:30,3134.29,1680.8433,1453.4455,2.1673,0.0005,34549270.2275,0.0009,55647100.3416
2026-08-05T19:54:00+05:30,5407.18,3337.8282,2069.3558,23.4089,0.0021,72649091.9577,0.0080,81677155.2296
2026-08-05T19:55:00+05:30,3450.80,2238.8841,1211.9192,8.8596,0.0029,58984884.7410,0.0020,44865616.9589
2026-08-05T19:56:00+05:30,1764.03,683.1358,1080.8955,1.4137,0.0007,13769404.0773,0.0008,25435742.8281
2026-08-05T19:57:00+05:30,2646.96,1338.6051,1308.3576,14.2146,0.0074,18551422.5815,0.0034,24082473.1272
2026-08-05T19:58:00+05:30,1908.61,665.8555,1242.7536,1.5130,0.0007,13473890.8242,0.0008,16669241.9035
2026-08-05T19:59:00+05:30,2057.38,991.7501,1065.6322,1.6584,0.0007,16181319.6447,0.0008,23955534.6078
2026-08-05T20:00:00+05:30,4081.39,2243.4554,1837.9297,13.4599,0.0017,45011839.5627,0.0053,44131292.7297
2026-08-05T20:01:00+05:30,2776.79,1614.9461,1161.8463,7.8915,0.0032,46406357.4322,0.0023,26171479.7046
2026-08-05T20:02:00+05:30,1716.78,662.6667,1054.1167,1.2762,0.0006,12648317.4720,0.0008,17773249.8208
2026-08-05T20:03:00+05:30,1720.70,635.3757,1085.3224,1.3108,0.0007,12287658.6439,0.0008,21344996.3331
2026-08-05T20:04:00+05:30,1978.35,607.4226,1370.9296,1.5309,0.0007,11983151.5515,0.0008,23398859.0474
2026-08-05T20:05:00+05:30,2399.46,602.2400,1797.2200,2.2385,0.0009,11828990.2337,0.0010,24307720.9426
2026-08-05T20:06:00+05:30,3754.24,2213.4940,1540.7437,8.8763,0.0011,71795069.2201,0.0042,43952550.6942
2026-08-05T20:07:00+05:30,1715.07,702.4185,1012.6506,1.2640,0.0006,12174330.3165,0.0008,16287261.2964
2026-08-05T20:08:00+05:30,1688.71,659.9113,1028.7990,1.2709,0.0007,11593534.7744,0.0008,18957815.2364
2026-08-05T20:09:00+05:30,1722.75,655.9240,1066.8222,1.3289,0.0007,11487160.6732,0.0008,20882774.4709
2026-08-05T20:10:00+05:30,2549.63,637.6196,1912.0088,3.3374,0.0010,11193316.9350,0.0014,27098064.5935
2026-08-05T20:11:00+05:30,2650.37,1478.3594,1172.0081,2.0420,0.0007,19391883.7391,0.0008,19542745.5294
2026-08-05T20:12:00+05:30,3061.73,1601.7872,1459.9470,11.2292,0.0033,43270418.7783,0.0040,34193924.7799
2026-08-05T20:13:00+05:30,1329.13,293.4138,1035.7143,0.9508,0.0005,7874985.4507,0.0007,18076109.5279
2026-08-05T20:14:00+05:30,1684.78,675.3617,1009.4173,1.4245,0.0009,10669016.3344,0.0008,16647663.4442
2026-08-05T20:15:00+05:30,2212.80,670.0612,1542.7424,2.5030,0.0011,10709265.0667,0.0012,26631168.0000
2026-08-05T20:16:00+05:30,1854.65,307.0783,1547.5722,2.5162,0.0006,7968679.8527,0.0015,19867371.1363
2026-08-05T20:17:00+05:30,3203.68,1873.0643,1330.6163,7.5464,0.0013,36656919.5893,0.0039,29508787.8384
2026-08-05T20:18:00+05:30,1901.18,699.9417,1201.2336,3.0326,0.0011,10461379.5679,0.0019,20776902.6407
2026-08-05T20:19:00+05:30,1281.10,266.1512,1014.9473,0.9047,0.0005,6909525.8282,0.0008,15884387.9224
2026-08-05T20:20:00+05:30,2007.77,681.5007,1326.2663,2.3317,0.0011,10219416.5708,0.0012,24720186.4093
2026-08-05T20:21:00+05:30,2219.82,665.6779,1554.1372,2.2103,0.0010,10078596.9169,0.0010,19163860.0783
2026-08-05T20:22:00+05:30,2148.33,992.2683,1156.0662,2.0804,0.0006,14091692.4000,0.0012,16580906.6702
2026-08-05T20:23:00+05:30,2613.62,1126.5215,1487.0944,7.6719,0.0015,23080106.9797,0.0040,31975490.1791
2026-08-05T20:24:00+05:30,1633.30,636.5333,996.7679,1.3892,0.0009,9599916.8291,0.0009,15698091.8012
2026-08-05T20:25:00+05:30,1568.80,230.7269,1338.0728,1.1533,0.0004,6177556.9816,0.0007,22342258.8635
2026-08-05T20:26:00+05:30,2135.88,632.5061,1503.3749,2.2230,0.0011,9418321.9613,0.0011,20290426.6262
2026-08-05T20:27:00+05:30,2178.35,421.0404,1757.3126,2.6124,0.0006,18874436.2667,0.0013,36388181.3333
2026-08-05T20:28:00+05:30,3094.26,1237.0198,1857.2381,8.8480,0.0016,60766834.5695,0.0036,54989422.9852
2026-08-05T20:29:00+05:30,2520.17,938.5918,1581.5775,2.7282,0.0007,69083668.1502,0.0014,23258460.5024
2026-08-05T20:30:00+05:30,3252.33,1604.6814,1647.6468,4.2366,0.0013,57625682.7375,0.0013,32942345.7835
2026-08-05T20:31:00+05:30,2519.80,574.2006,1945.6040,2.3811,0.0006,29621690.2226,0.0011,36408410.9027
2026-08-05T20:32:00+05:30,2258.26,663.9613,1594.3005,1.7631,0.0006,49230635.3365,0.0009,37365095.4905
2026-08-05T20:33:00+05:30,3797.64,2369.9272,1427.7095,12.6088,0.0030,70854041.6000,0.0040,35777399.4667
2026-08-05T20:34:00+05:30,2088.57,697.9748,1390.5992,2.7648,0.0006,16444761.3841,0.0017,34424601.1067
2026-08-05T20:35:00+05:30,2438.93,752.2417,1686.6896,1.8304,0.0005,25610274.4758,0.0009,44887785.3262
2026-08-05T20:36:00+05:30,2498.97,945.4067,1553.5682,2.0971,0.0007,32368901.5136,0.0009,46670215.1097
2026-08-05T20:37:00+05:30,1757.17,438.3094,1318.8614,1.5385,0.0006,28787298.5567,0.0009,45904526.3825
2026-08-05T20:38:00+05:30,3267.45,1601.1564,1666.2890,6.9961,0.0011,118820785.9238,0.0032,45295210.8771
2026-08-05T20:39:00+05:30,4504.20,3316.7967,1187.4041,29.5781,0.0070,168723818.3637,0.0057,32163514.3029
2026-08-05T20:40:00+05:30,2631.28,905.2167,1726.0667,4.2477,0.0009,27829916.6319,0.0020,32721031.7505
2026-08-05T20:41:00+05:30,2884.88,1243.4883,1641.3918,2.0144,0.0005,27683698.7068,0.0008,39236974.2701
2026-08-05T20:42:00+05:30,1962.13,436.7895,1525.3376,2.4839,0.0007,30665172.7288,0.0014,45775445.7743
2026-08-05T20:43:00+05:30,2326.53,874.7958,1451.7317,1.9662,0.0007,33635698.2566,0.0009,42360332.5444
2026-08-05T20:44:00+05:30,2996.05,1934.8022,1061.2480,17.9828,0.0085,92926382.9603,0.0016,43492446.3259
2026-08-05T20:45:00+05:30,3819.64,2558.7647,1260.8746,19.3391,0.0061,111879035.3816,0.0032,36916153.1257
2026-08-05T20:46:00+05:30,2392.94,751.4249,1641.5192,2.4840,0.0011,32726156.7177,0.0010,37547076.2257
2026-08-05T20:47:00+05:30,2351.48,920.6553,1430.8213,3.4540,0.0017,15516647.1010,0.0013,31753881.1059
2026-08-05T20:48:00+05:30,1617.53,636.1348,981.3975,1.5777,0.0012,5661264.2142,0.0009,14961975.9639
2026-08-05T20:49:00+05:30,1145.00,163.4024,981.5979,0.8165,0.0004,1667089.4786,0.0007,12501156.9543
2026-08-05T20:50:00+05:30,2682.49,1529.2451,1153.2411,7.8934,0.0038,27589762.1436,0.0019,12483070.3704
2026-08-05T20:51:00+05:30,1832.29,161.9630,1670.3229,1.3145,0.0004,1657682.0417,0.0007,16680126.8233
2026-08-05T20:52:00+05:30,1747.97,609.3948,1138.5723,1.6299,0.0011,5472481.5117,0.0008,11960516.5720
2026-08-05T20:53:00+05:30,1201.64,161.3264,1040.3107,0.8404,0.0004,1688929.9658,0.0007,10323272.0180
2026-08-05T20:54:00+05:30,1578.22,590.6296,987.5873,1.4435,0.0011,5314310.7349,0.0008,10810153.3181
2026-08-05T20:55:00+05:30,1338.79,159.6599,1179.1299,0.9467,0.0004,1666462.2770,0.0008,12870275.1792
2026-08-05T20:56:00+05:30,1827.65,587.3735,1240.2793,1.8091,0.0012,5298906.8849,0.0009,12548159.9307
2026-08-05T20:57:00+05:30,1481.19,305.0282,1176.1637,1.0317,0.0005,12711724.1379,0.0008,12553962.5006
2026-08-05T20:58:00+05:30,2034.36,751.3086,1283.0472,1.3513,0.0005,26337983.2639,0.0007,13345558.6598
2026-08-05T20:59:00+05:30,1159.76,129.6176,1030.1425,0.8301,0.0004,1302953.1950,0.0007,11209588.0030
2026-08-05T21:00:00+05:30,1593.61,577.0442,1016.5636,1.5268,0.0012,5092374.1314,0.0008,14099123.9606
2026-08-05T21:01:00+05:30,1393.24,126.8777,1266.3599,0.9957,0.0003,1338495.1400,0.0007,13689117.5912
2026-08-05T21:02:00+05:30,1422.30,121.4167,1300.8833,1.0260,0.0004,1324509.8667,0.0007,13682756.2667
2026-08-05T21:03:00+05:30,1924.15,560.3566,1363.7894,2.0067,0.0013,5037035.6941,0.0010,13400902.5162
2026-08-05T21:04:00+05:30,1225.22,117.9442,1107.2750,0.8728,0.0004,1338612.0762,0.0007,11834740.1060
2026-08-05T21:05:00+05:30,1640.38,542.5881,1097.7919,1.5030,0.0011,4918613.0489,0.0009,12961735.8553
2026-08-05T21:06:00+05:30,1399.33,121.1944,1278.1323,0.9989,0.0003,1376822.7825,0.0007,12844066.5878
2026-08-05T21:07:00+05:30,1437.96,126.4875,1311.4770,1.0343,0.0004,1455381.5691,0.0007,13364004.7336
2026-08-05T21:08:00+05:30,1846.72,537.3562,1309.3682,1.7117,0.0011,4924895.4826,0.0009,12604059.0765
2026-08-05T21:09:00+05:30,1130.89,127.4224,1003.4659,0.7974,0.0004,1483429.8664,0.0007,10906604.9922
2026-08-05T21:10:00+05:30,1296.02,125.9064,1170.1145,0.9365,0.0005,1457009.5184,0.0007,12789032.6560
2026-08-05T21:11:00+05:30,1776.09,523.7143,1252.3748,1.6861,0.0011,4843048.1460,0.0009,12713880.2433
2026-08-05T21:12:00+05:30,1358.75,123.5835,1235.1686,0.9733,0.0004,1431746.8380,0.0007,12512290.6231
2026-08-05T21:13:00+05:30,2048.83,908.8136,1140.0213,3.2491,0.0023,7680733.8911,0.0012,11342543.4181
2026-08-05T21:14:00+05:30,1543.77,554.1904,989.5804,1.4373,0.0012,5037133.5401,0.0008,10788277.5499
2026-08-05T21:15:00+05:30,1284.32,120.3127,1164.0112,0.9168,0.0004,1409454.8848,0.0007,12744688.7770
2026-08-05T21:16:00+05:30,1698.97,508.7161,1190.2540,1.5444,0.0011,4687071.8107,0.0008,12214619.4484
2026-08-05T21:17:00+05:30,1345.71,114.6752,1231.0333,0.9626,0.0004,1346222.4888,0.0007,12554118.5096
2026-08-05T21:18:00+05:30,1398.15,114.2619,1283.8876,1.0059,0.0004,1351198.5996,0.0007,12511219.5382
2026-08-05T21:19:00+05:30,1219.56,181.2896,1038.2706,0.8656,0.0004,2552007.0642,0.0007,11941531.3973
2026-08-05T21:20:00+05:30,1261.83,115.9860,1145.8410,0.9190,0.0005,1346443.0738,0.0007,13653560.9268
2026-08-05T21:21:00+05:30,1760.33,511.1252,1249.2042,1.6681,0.0011,4702091.6697,0.0009,13042235.2745
2026-08-05T21:22:00+05:30,1388.51,110.7981,1277.7120,1.0003,0.0004,1328618.8317,0.0007,13196257.1352
2026-08-05T21:23:00+05:30,1449.00,110.2428,1338.7599,1.0491,0.0004,1318853.0294,0.0007,13066562.1542
2026-08-05T21:24:00+05:30,1532.63,498.5747,1034.0562,1.5001,0.0011,4590546.1335,0.0009,11244557.5022
2026-08-05T21:25:00+05:30,1227.40,108.4653,1118.9302,0.8876,0.0004,1298057.4895,0.0007,12990881.2718
2026-08-05T21:26:00+05:30,1358.93,105.9386,1252.9960,0.9842,0.0005,1279586.1126,0.0008,12633241.7954
2026-08-05T21:27:00+05:30,1717.90,494.6769,1223.2219,1.5830,0.0011,4575200.8130,0.0009,12651870.5120
2026-08-05T21:28:00+05:30,1414.10,104.1837,1309.9165,1.0165,0.0004,1312105.1175,0.0008,12775523.1028
2026-08-05T21:29:00+05:30,1146.03,106.2316,1039.7993,0.8273,0.0005,1296998.4000,0.0007,11234713.6000
2026-08-05T21:30:00+05:30,1611.54,480.6138,1130.9296,1.3463,0.0009,4483092.4056,0.0009,12637352.2610
2026-08-05T21:31:00+05:30,1374.06,105.8649,1268.1955,0.9917,0.0004,1313770.1038,0.0007,12793437.9760
2026-08-05T21:32:00+05:30,1361.97,105.1184,1256.8543,0.9879,0.0004,1307328.4555,0.0008,12761573.7596
2026-08-05T21:33:00+05:30,1710.39,477.4201,1232.9671,1.5319,0.0010,4449424.8420,0.0009,12079809.8255
2026-08-05T21:34:00+05:30,1136.10,103.3575,1032.7418,0.8135,0.0004,1308639.7174,0.0007,11128829.4065
2026-08-05T21:35:00+05:30,1275.16,110.5722,1164.5916,0.9253,0.0004,1364991.9829,0.0007,12759882.7941
2026-08-05T21:36:00+05:30,1692.31,470.8990,1221.4074,1.4914,0.0010,4404643.8881,0.0009,12439761.8587
2026-08-05T21:37:00+05:30,1353.54,110.1408,1243.3964,0.9714,0.0004,1367517.6482,0.0008,12654418.8248
2026-08-05T21:38:00+05:30,1379.31,106.3582,1272.9470,0.9961,0.0005,1348376.4878,0.0007,12382707.9652
2026-08-05T21:39:00+05:30,1477.61,472.2792,1005.3325,1.2252,0.0009,4432987.6017,0.0008,10994655.6459
2026-08-05T21:40:00+05:30,1275.10,106.2515,1168.8493,0.9164,0.0003,1324841.2669,0.0007,12789805.8948
2026-08-05T21:41:00+05:30,1368.52,106.6551,1261.8686,0.9911,0.0005,1343362.8708,0.0008,12721171.0050
2026-08-05T21:42:00+05:30,2157.22,932.3025,1224.9196,2.6128,0.0014,7981726.4729,0.0011,12434938.9496
2026-08-05T21:43:00+05:30,1673.03,477.3224,1195.7062,1.5055,0.0010,4466526.4281,0.0009,11721184.0048
2026-08-05T21:44:00+05:30,1130.91,106.5964,1024.3159,0.8096,0.0004,1319460.4270,0.0008,11060763.2285
2026-08-05T21:45:00+05:30,2142.39,976.1024,1166.2834,1.3804,0.0005,30706279.7720,0.0008,14375863.7470
2026-08-05T21:46:00+05:30,1389.75,102.5303,1287.2216,1.0096,0.0004,1263306.5742,0.0007,13000184.5579
2026-08-05T21:47:00+05:30,1387.69,97.5967,1290.0903,1.0086,0.0004,1136962.3840,0.0008,12969221.7130
2026-08-05T21:48:00+05:30,1315.68,99.1466,1216.5289,0.9515,0.0004,1181151.1343,0.0007,11830013.7683
2026-08-05T21:49:00+05:30,1491.92,494.8514,997.0674,1.3812,0.0011,4575581.9781,0.0009,10891226.8728
2026-08-05T21:50:00+05:30,1278.44,105.3079,1173.1356,0.9323,0.0004,1281053.7789,0.0008,14378287.6760
2026-08-05T21:51:00+05:30,1401.26,109.0094,1292.2472,1.0326,0.0005,1335889.6074,0.0008,16008148.7901
2026-08-05T21:52:00+05:30,1914.57,482.8017,1431.7655,2.0132,0.0012,4492030.2116,0.0010,14974845.4241
2026-08-05T21:53:00+05:30,1378.60,103.4144,1275.1829,0.9887,0.0004,1321081.1531,0.0007,12348542.4429
2026-08-05T21:54:00+05:30,1152.80,103.6149,1049.1825,0.8305,0.0004,1327401.0866,0.0008,11287244.0252
2026-08-05T21:55:00+05:30,1297.78,101.2000,1196.5833,0.9464,0.0005,1267438.9333,0.0008,13368456.5333
2026-08-05T21:56:00+05:30,1787.80,487.1064,1300.6951,1.7271,0.0011,4500342.5904,0.0009,13676365.7943
2026-08-05T21:57:00+05:30,1404.38,99.8666,1304.5174,1.0132,0.0004,1262440.0327,0.0007,13311402.5771
2026-08-05T21:58:00+05:30,1358.50,96.6726,1261.8258,0.9838,0.0005,1240668.2107,0.0008,12254831.7977
2026-08-05T21:59:00+05:30,1137.51,96.7161,1040.7901,0.8240,0.0004,1251195.1992,0.0007,11242936.2227
2026-08-05T22:00:00+05:30,1622.70,462.1038,1160.6006,1.3207,0.0009,4313069.9108,0.0008,12539609.9658
2026-08-05T22:01:00+05:30,1429.63,98.2918,1331.3391,1.0363,0.0004,1268267.8399,0.0008,13532786.4547
2026-08-05T22:02:00+05:30,1386.75,95.0158,1291.7320,1.0084,0.0005,1225181.2635,0.0007,12771818.2364
2026-08-05T22:03:00+05:30,1282.78,97.3662,1185.4142,0.9282,0.0005,1273816.4664,0.0008,11558846.5885
2026-08-05T22:04:00+05:30,1442.46,453.5548,988.9031,1.2086,0.0009,4247438.3018,0.0008,10849097.2708
2026-08-05T22:05:00+05:30,1351.32,95.1421,1256.1787,0.9849,0.0004,1266535.2976,0.0008,13405928.6714
2026-08-05T22:06:00+05:30,1451.79,94.9436,1356.8511,1.0580,0.0005,1287306.4817,0.0007,13577696.4524
2026-08-05T22:07:00+05:30,1303.18,92.8244,1210.3509,0.9479,0.0005,1230151.8152,0.0007,12263011.9012
2026-08-05T22:08:00+05:30,1576.76,457.9959,1118.7644,1.3847,0.0010,4290293.6737,0.0008,11126264.4163
2026-08-05T22:09:00+05:30,1106.22,91.0909,1015.1318,0.7957,0.0004,1227038.8961,0.0007,11102804.3862
2026-08-05T22:10:00+05:30,1338.23,89.3801,1248.8540,0.9781,0.0004,1196982.4304,0.0007,13358463.2105
2026-08-05T22:11:00+05:30,1464.54,102.3184,1362.2227,1.0654,0.0005,1277337.6000,0.0008,13670058.6667
2026-08-05T22:12:00+05:30,2414.50,1280.7155,1133.7812,3.0575,0.0014,10900406.1682,0.0011,11661291.8563
2026-08-05T22:13:00+05:30,1233.30,88.7567,1144.5400,0.8859,0.0004,1157182.4453,0.0007,11235507.2145
2026-08-05T22:14:00+05:30,1113.28,87.1739,1026.1022,0.8026,0.0004,1108383.2255,0.0007,11147051.4034
2026-08-05T22:15:00+05:30,1353.22,87.4710,1265.7466,0.9909,0.0005,1145571.9453,0.0008,13480405.2203
2026-08-05T22:16:00+05:30,2198.66,946.1828,1252.4743,6.6795,0.0051,11912987.1705,0.0015,12749412.5096
2026-08-05T22:17:00+05:30,1299.86,87.7298,1212.1318,0.9391,0.0004,1195821.7036,0.0007,12288341.3902
2026-08-05T22:18:00+05:30,1693.20,562.3938,1130.8020,1.1379,0.0005,20987026.9730,0.0008,12269029.1388
2026-08-05T22:19:00+05:30,1657.89,559.0977,1098.7879,1.0892,0.0005,8814021.6086,0.0007,12529146.0584
2026-08-05T22:20:00+05:30,1402.73,77.7796,1324.9542,1.0398,0.0004,1002578.1201,0.0008,15815526.4623
2026-08-05T22:21:00+05:30,1288.65,83.3403,1205.3094,0.9617,0.0005,1426630.6703,0.0008,16093963.9369
2026-08-05T22:22:00+05:30,1610.48,78.8039,1531.6766,1.1842,0.0005,1092321.2827,0.0007,15538679.8673
2026-08-05T22:23:00+05:30,1621.99,442.0760,1179.9137,1.4202,0.0010,4173071.7821,0.0008,12148260.4623
2026-08-05T22:24:00+05:30,1182.46,77.8011,1104.6624,0.8582,0.0004,1074557.5792,0.0007,11811670.1381
2026-08-05T22:25:00+05:30,1366.37,77.5976,1288.7696,0.9989,0.0004,1066333.8001,0.0008,13860564.1128
2026-08-05T22:26:00+05:30,1367.26,81.2901,1285.9738,1.0068,0.0005,1448373.8916,0.0008,14223284.2189
2026-08-05T22:27:00+05:30,1420.93,72.0417,1348.8907,1.0432,0.0004,1022634.4846,0.0008,13736402.1870
2026-08-05T22:28:00+05:30,1576.47,417.6291,1158.8421,1.3962,0.0010,3929850.0100,0.0009,11353559.8960
2026-08-05T22:29:00+05:30,1200.31,66.4355,1133.8711,0.8761,0.0004,959604.2469,0.0008,12018947.6140
2026-08-05T22:30:00+05:30,1267.07,68.7041,1198.3636,0.9295,0.0004,972332.4668,0.0008,13575388.3890
2026-08-05T22:31:00+05:30,1441.30,83.4500,1357.8500,1.0538,0.0004,1598422.3737,0.0008,13574779.8463
2026-08-05T22:32:00+05:30,1425.68,190.7444,1234.9393,1.0093,0.0005,1981277.1177,0.0007,12595641.9751
2026-08-05T22:33:00+05:30,1351.01,270.9528,1080.0607,1.2131,0.0012,2673429.7668,0.0008,10709627.0565
2026-08-05T22:34:00+05:30,1200.90,58.9608,1141.9358,0.8800,0.0003,872238.7801,0.0008,12109087.9760
2026-08-05T22:35:00+05:30,1261.47,55.9751,1205.4975,0.9276,0.0004,836651.2868,0.0007,12927607.4143
2026-08-05T22:36:00+05:30,1402.18,66.9500,1335.2333,1.0303,0.0005,1392708.2667,0.0008,13358353.0667
2026-08-05T22:37:00+05:30,1554.39,376.6433,1177.7496,1.3127,0.0009,3509882.1648,0.0008,12090898.4271
2026-08-05T22:38:00+05:30,1156.25,52.2104,1104.0375,0.8436,0.0004,799754.0882,0.0007,10844168.3642
2026-08-05T22:39:00+05:30,1062.60,49.8667,1012.7333,0.7791,0.0003,774156.9026,0.0007,11032964.6827
2026-08-05T22:40:00+05:30,1349.53,48.8923,1300.6385,1.0059,0.0004,749829.5049,0.0008,14962041.4069
2026-08-05T22:41:00+05:30,1455.21,47.8643,1407.3463,1.0891,0.0004,743455.0939,0.0007,16193682.0492
2026-08-05T22:42:00+05:30,1598.59,361.9819,1236.6048,1.3323,0.0009,3387359.1654,0.0008,12549038.6814
2026-08-05T22:43:00+05:30,1601.62,491.6664,1109.9537,1.6276,0.0014,4491618.5206,0.0008,10975802.6601
2026-08-05T22:44:00+05:30,1611.57,497.6422,1113.9253,1.7403,0.0014,4478961.2917,0.0009,11982914.1019
2026-08-05T22:45:00+05:30,1263.16,43.5246,1219.6403,0.9331,0.0005,667975.2621,0.0007,13094513.7275
2026-08-05T22:46:00+05:30,3321.88,2077.5320,1244.3459,3.4284,0.0011,217995044.0826,0.0008,12620726.1879
2026-08-05T22:47:00+05:30,1967.15,818.6212,1148.5266,2.0824,0.0012,11927254.8837,0.0010,11956952.8635
2026-08-05T22:48:00+05:30,1248.97,147.0069,1101.9599,0.8793,0.0004,1632283.7144,0.0007,10836952.2032
2026-08-05T22:49:00+05:30,1303.13,146.6500,1156.4833,0.9344,0.0004,1640338.8056,0.0007,12355448.5908
2026-08-05T22:50:00+05:30,1447.67,149.4234,1298.2468,1.0423,0.0005,1695426.1716,0.0007,13727170.1887
2026-08-05T22:51:00+05:30,1481.91,146.3455,1335.5613,1.0643,0.0005,1684933.6622,0.0008,13293771.5848
2026-08-05T22:52:00+05:30,5354.82,4881.7090,473.1142,58.0303,0.0113,140039477.8465,0.0071,5662926.6326
2026-08-05T22:53:00+05:30,1994.95,925.4314,1069.5174,1.6687,0.0009,59459260.6028,0.0008,10594466.7911
2026-08-05T22:54:00+05:30,1264.44,152.3670,1112.0757,0.9004,0.0005,1636611.8008,0.0008,11903946.6782
2026-08-05T22:55:00+05:30,1427.96,156.1338,1271.8256,1.0252,0.0004,1677579.2492,0.0008,13421316.7967
2026-08-05T22:56:00+05:30,1425.70,153.7821,1271.9183,1.0195,0.0005,1713156.9317,0.0008,12699941.2735
2026-08-05T22:57:00+05:30,1317.31,181.7364,1135.5689,0.9482,0.0005,2004342.7390,0.0008,14770217.3703
2026-08-05T22:58:00+05:30,5336.53,4823.6510,512.8820,50.2810,0.0098,134289003.3831,0.0059,8679246.8628
2026-08-05T22:59:00+05:30,2118.48,971.4671,1147.0142,1.8301,0.0009,64568352.2549,0.0008,14597657.4114
2026-08-05T23:00:00+05:30,2427.42,991.1496,1436.2718,1.6229,0.0005,40658992.1995,0.0007,18690133.4756
2026-08-05T23:01:00+05:30,1229.38,144.0452,1085.3305,0.9230,0.0005,3423265.6367,0.0008,18190245.6877
2026-08-05T23:02:00+05:30,1691.46,115.1243,1576.3384,1.2374,0.0004,1257828.9219,0.0008,16872070.9381
2026-08-05T23:03:00+05:30,1134.60,114.9795,1019.6160,0.8420,0.0004,1280093.8635,0.0008,15897274.8908
2026-08-05T23:04:00+05:30,1450.96,197.8896,1253.0673,1.0682,0.0006,10715982.1298,0.0008,15959159.8320
2026-08-05T23:05:00+05:30,1601.95,119.3274,1482.6259,1.1755,0.0004,1413527.1903,0.0008,16657735.6466
2026-08-05T23:06:00+05:30,1127.10,116.1686,1010.9335,0.8293,0.0005,1400445.7408,0.0008,14470794.7799
2026-08-05T23:07:00+05:30,1876.19,524.5746,1351.6108,1.9026,0.0013,4861269.3333,0.0009,14212027.7333
2026-08-05T23:08:00+05:30,1334.92,112.0612,1222.8556,0.9572,0.0004,1368860.7384,0.0008,12703437.2864
2026-08-05T23:09:00+05:30,1423.70,398.5238,1025.1754,0.9640,0.0005,2543970.9425,0.0008,11366759.9927
2026-08-05T23:10:00+05:30,1280.78,109.4461,1171.3367,0.9283,0.0005,1384609.5378,0.0007,12566901.8719
2026-08-05T23:11:00+05:30,1303.91,108.8797,1195.0268,0.9442,0.0005,1356208.6597,0.0008,12501462.7512
2026-08-05T23:12:00+05:30,1361.85,104.2323,1257.6220,0.9859,0.0005,1337886.0162,0.0008,12404548.6823
2026-08-05T23:13:00+05:30,1753.98,527.3797,1226.6031,1.6806,0.0012,4950516.4645,0.0009,12211346.7538
2026-08-05T23:14:00+05:30,1121.42,102.4803,1018.9359,0.8022,0.0004,1342255.7384,0.0007,11231687.9532
2026-08-05T23:15:00+05:30,1273.32,102.9782,1170.3415,0.9252,0.0005,1340736.2176,0.0007,12608217.5855
2026-08-05T23:16:00+05:30,1346.26,100.4266,1245.8336,0.9780,0.0004,1333044.8144,0.0008,12793421.1289
2026-08-05T23:17:00+05:30,1489.27,100.9651,1388.3082,1.0842,0.0005,1342916.1221,0.0008,13720084.2779
2026-08-05T23:18:00+05:30,1743.83,502.7578,1241.0725,1.9028,0.0012,4739227.1417,0.0010,12055048.5744
2026-08-05T23:19:00+05:30,1194.13,99.6467,1094.4802,0.8580,0.0004,1331633.4789,0.0008,11785642.3453
2026-08-05T23:20:00+05:30,1295.11,100.8769,1194.2351,0.9355,0.0004,1344938.9170,0.0008,12694704.7213
2026-08-05T23:21:00+05:30,1312.23,95.7491,1216.4770,0.9527,0.0004,1287636.0607,0.0008,12295985.8690
2026-08-05T23:22:00+05:30,2076.06,983.5005,1092.5636,2.4480,0.0014,8538709.0645,0.0010,11459284.1025
2026-08-05T23:23:00+05:30,1291.24,98.8531,1192.3885,0.9249,0.0003,1303471.3609,0.0007,11666102.8206
2026-08-05T23:24:00+05:30,1462.99,489.2074,973.7811,1.2783,0.0010,4611055.2389,0.0008,10880541.9209
2026-08-05T23:25:00+05:30,1267.29,94.8486,1172.4368,0.9148,0.0003,1256853.6728,0.0007,12577339.7531
2026-08-05T23:26:00+05:30,1316.00,94.7991,1221.2035,0.9524,0.0004,1277755.3592,0.0008,12642363.0605
2026-08-05T23:27:00+05:30,1345.83,96.3000,1249.5333,0.9777,0.0005,1276859.7333,0.0007,12540313.6000
2026-08-05T23:28:00+05:30,1365.12,93.4880,1271.6302,0.9914,0.0004,1261016.6508,0.0007,12487826.5247
2026-08-05T23:29:00+05:30,1103.63,92.1664,1011.4646,0.8016,0.0005,1242293.8461,0.0007,11217433.6038
2026-08-05T23:30:00+05:30,1633.92,469.7333,1164.1833,1.4657,0.0010,4438636.1106,0.0008,12595409.9235
2026-08-05T23:31:00+05:30,1317.34,92.2803,1225.0592,0.9521,0.0004,1237271.4698,0.0007,12683653.8173
2026-08-05T23:32:00+05:30,1333.36,89.3607,1244.0004,0.9658,0.0004,1224349.3100,0.0008,12537361.5092
2026-08-05T23:33:00+05:30,1363.27,91.0379,1272.2302,0.9907,0.0004,1227174.8741,0.0007,12479874.1040
2026-08-05T23:34:00+05:30,1098.47,85.5833,1012.8833,0.7999,0.0004,1170090.6667,0.0008,11220445.8667
2026-08-05T23:35:00+05:30,1240.56,85.8638,1154.6948,0.9062,0.0004,1153122.0959,0.0007,12467398.8200
2026-08-05T23:36:00+05:30,1742.92,446.7188,1296.2012,1.6743,0.0011,4208380.0443,0.0009,13284877.9024
2026-08-05T23:37:00+05:30,1370.81,85.1039,1285.7071,0.9938,0.0004,1151846.4205,0.0007,12836995.6006
2026-08-05T23:38:00+05:30,1255.27,77.2333,1178.0333,0.9093,0.0004,1070830.9333,0.0007,11598711.4667
2026-08-05T23:39:00+05:30,1067.68,78.7118,988.9650,0.7790,0.0005,1100332.3110,0.0008,10999158.2878
2026-08-05T23:40:00+05:30,1269.35,78.1896,1191.1578,0.9294,0.0005,1074510.5986,0.0008,12764028.2629
2026-08-05T23:41:00+05:30,1305.14,75.3025,1229.8410,0.9551,0.0005,1065491.1412,0.0008,12701580.1457
2026-08-05T23:42:00+05:30,1323.02,74.2142,1248.8084,0.9676,0.0005,1051203.3599,0.0007,12564812.1063
2026-08-05T23:43:00+05:30,1679.47,428.2476,1251.2250,1.4502,0.0010,4028824.4804,0.0008,12354356.3059
2026-08-05T23:44:00+05:30,1090.43,72.3618,1018.0655,0.7926,0.0003,1013760.6826,0.0008,11277447.6368
2026-08-05T23:45:00+05:30,1241.92,73.0740,1168.8502,0.9083,0.0004,997833.7473,0.0008,12586701.5152
2026-08-05T23:46:00+05:30,1315.80,67.3946,1248.4081,0.9650,0.0005,968524.0873,0.0007,12821934.3224
2026-08-05T23:47:00+05:30,1324.09,67.6077,1256.4825,0.9710,0.0004,970076.5231,0.0007,12700207.4390
2026-08-05T23:48:00+05:30,1340.18,66.3989,1273.7788,0.9809,0.0005,954063.1312,0.0008,12402411.1196
2026-08-05T23:49:00+05:30,1417.31,423.3371,993.9683,1.1201,0.0008,3960319.7867,0.0008,11111445.0721
2026-08-05T23:50:00+05:30,1314.62,69.0282,1245.5909,0.9610,0.0003,970162.7605,0.0008,13207432.1720
2026-08-05T23:51:00+05:30,1422.10,69.4748,1352.6245,1.0440,0.0004,969483.6150,0.0008,13644594.3261
2026-08-05T23:52:00+05:30,2427.09,1205.3868,1221.7037,1.5381,0.0005,37290878.5813,0.0007,14970924.7154
2026-08-05T23:53:00+05:30,1263.92,86.5667,1177.3500,0.9199,0.0004,1144373.2062,0.0007,11741789.2965
2026-08-05T23:54:00+05:30,1101.91,86.2009,1015.7138,0.8082,0.0004,1134433.3800,0.0008,12312775.8448
2026-08-05T23:55:00+05:30,1303.61,84.5178,1219.0932,0.9671,0.0005,1102782.3566,0.0008,15550889.8035
2026-08-05T23:56:00+05:30,1602.03,555.2276,1046.8067,1.6832,0.0013,5142368.5176,0.0009,15752285.7429
2026-08-05T23:57:00+05:30,2070.95,548.3613,1522.5853,2.3644,0.0014,4801199.6601,0.0010,15889821.0840
2026-08-05T23:58:00+05:30,1510.35,92.4821,1417.8696,1.0956,0.0004,1260365.4670,0.0007,14319510.5769
2026-08-05T23:59:00+05:30,1172.68,96.8000,1075.8833,0.8516,0.0004,1244207.5299,0.0007,11917386.4436
2026-08-06T00:00:00+05:30,1193.90,94.4993,1099.3984,0.8808,0.0005,1247071.6369,0.0008,14131339.9210
2026-08-06T00:01:00+05:30,1793.69,479.7753,1313.9114,1.7329,0.0012,4502316.4281,0.0009,13983852.2691
2026-08-06T00:02:00+05:30,1406.40,92.6148,1313.7872,1.0187,0.0004,1240976.3381,0.0007,13441544.2245
2026-08-06T00:03:00+05:30,1267.87,92.9310,1174.9416,0.9169,0.0004,1232624.2081,0.0007,11548630.3434
2026-08-06T00:04:00+05:30,1080.88,91.3334,989.5481,0.7853,0.0004,1222675.3571,0.0008,11017529.2137
2026-08-06T00:05:00+05:30,1348.28,90.0365,1258.2446,0.9850,0.0004,1193824.8234,0.0007,13291044.9273
2026-08-06T00:06:00+05:30,1420.07,90.9333,1329.1333,1.0368,0.0005,1222382.9333,0.0008,13564450.1333
2026-08-06T00:07:00+05:30,1338.05,87.5202,1250.5291,0.9740,0.0004,1206412.2646,0.0007,12395024.2960
2026-08-06T00:08:00+05:30,1605.56,483.9726,1121.5849,1.5487,0.0012,4538373.4622,0.0009,11130414.0023
2026-08-06T00:09:00+05:30,1117.18,86.6703,1030.5121,0.8074,0.0004,1203429.0856,0.0007,11376230.6321
2026-08-06T00:10:00+05:30,1401.82,83.7543,1318.0628,1.0222,0.0004,1140816.4041,0.0008,13802601.5837
2026-08-06T00:11:00+05:30,1447.33,82.6696,1364.6559,1.0585,0.0005,1136450.5916,0.0007,13717948.3419
2026-08-06T00:12:00+05:30,1275.54,78.8974,1196.6434,0.9308,0.0005,1114329.3502,0.0008,12124236.4548
2026-08-06T00:13:00+05:30,1175.74,77.7474,1097.9967,0.8536,0.0005,1074413.2529,0.0007,10828575.5808
2026-08-06T00:14:00+05:30,1085.55,74.1037,1011.4506,0.7937,0.0005,1053407.3370,0.0008,11161270.5969
2026-08-06T00:15:00+05:30,1707.15,456.9900,1250.1584,1.5449,0.0011,4293336.7119,0.0009,13286018.4710
2026-08-06T00:16:00+05:30,1374.81,74.1518,1300.6565,1.0015,0.0004,1030705.9706,0.0007,13217962.8401
2026-08-06T00:17:00+05:30,1290.99,69.4074,1221.5871,0.9405,0.0004,1002004.3660,0.0008,12304518.0556
2026-08-06T00:18:00+05:30,1226.52,68.2224,1158.2965,0.8938,0.0004,973768.6141,0.0008,11379294.9412
2026-08-06T00:19:00+05:30,1062.21,69.6062,992.6011,0.7772,0.0005,979411.4883,0.0007,11016655.7683
2026-08-06T00:20:00+05:30,1287.42,65.2830,1222.1389,0.9469,0.0005,939599.8933,0.0007,13011956.2550
2026-08-06T00:21:00+05:30,1458.96,63.2323,1395.7267,1.0744,0.0005,924451.7925,0.0008,14122226.4962
2026-08-06T00:22:00+05:30,1675.73,432.8234,1242.9090,1.5721,0.0011,4021939.3071,0.0009,12425677.8043
2026-08-06T00:23:00+05:30,1191.35,62.5542,1128.7919,0.8669,0.0004,919681.5788,0.0008,11190676.7118
2026-08-06T00:24:00+05:30,1098.55,58.8480,1039.7041,0.8037,0.0004,867258.1682,0.0007,11377679.2016
2026-08-06T00:25:00+05:30,1346.74,58.0292,1288.7126,0.9898,0.0004,858107.4251,0.0008,13526441.5030
2026-08-06T00:26:00+05:30,1395.58,54.8110,1340.7682,1.0257,0.0004,821344.0021,0.0008,13391614.8563
2026-08-06T00:27:00+05:30,1251.97,54.2531,1197.7172,0.9213,0.0005,820619.5681,0.0007,12273940.8158
2026-08-06T00:28:00+05:30,1163.55,50.9260,1112.6206,0.8525,0.0005,765341.3793,0.0008,10956419.3435
2026-08-06T00:29:00+05:30,1439.18,413.5247,1025.6526,1.2662,0.0009,3867898.2565,0.0009,11328962.2296
2026-08-06T00:30:00+05:30,1375.86,48.4952,1327.3673,1.0146,0.0004,733520.2480,0.0008,13882959.4374
2026-08-06T00:31:00+05:30,1429.86,47.1904,1382.6741,1.0560,0.0005,750158.3904,0.0008,13822796.6195
2026-08-06T00:32:00+05:30,1233.20,42.8183,1190.3834,0.9107,0.0004,705983.3389,0.0007,12100533.9553
2026-08-06T00:33:00+05:30,1970.03,948.0571,1021.9707,2.3190,0.0014,8099346.6911,0.0010,10209343.1572
2026-08-06T00:34:00+05:30,1105.55,59.9667,1045.5833,0.8091,0.0004,850875.7333,0.0007,11435212.8000
2026-08-06T00:35:00+05:30,1340.75,52.9447,1287.8046,0.9871,0.0005,773328.6226,0.0007,13541612.8656
2026-08-06T00:36:00+05:30,1414.98,53.3851,1361.5954,1.0391,0.0004,773269.4212,0.0008,13622430.7738
2026-08-06T00:37:00+05:30,1588.64,413.8759,1174.7654,1.4183,0.0010,3823156.3787,0.0009,12145228.2252
2026-08-06T00:38:00+05:30,1147.29,55.2853,1092.0088,0.8365,0.0004,791340.9757,0.0007,10832123.7003
2026-08-06T00:39:00+05:30,1136.96,61.9291,1075.0317,0.8307,0.0004,941942.7543,0.0007,11685347.8254
2026-08-06T00:40:00+05:30,1359.78,52.7833,1307.0000,1.0014,0.0004,780424.5333,0.0008,13695385.6000
2026-08-06T00:41:00+05:30,1404.20,56.4286,1347.7710,1.0343,0.0005,808346.5045,0.0008,13459836.2136
2026-08-06T00:42:00+05:30,1262.31,55.6898,1206.6241,0.9288,0.0004,809040.9041,0.0007,12337156.9157
2026-08-06T00:43:00+05:30,1152.09,52.9509,1099.1350,0.8442,0.0005,784465.3411,0.0007,10849665.6278
2026-08-06T00:44:00+05:30,1122.24,51.8347,1070.4066,0.8281,0.0005,770323.9003,0.0007,11631133.6009
2026-08-06T00:45:00+05:30,1717.82,420.2638,1297.5541,1.5683,0.0011,3874055.6528,0.0009,13657703.9297
2026-08-06T00:46:00+05:30,1391.73,53.4447,1338.2828,1.0223,0.0004,781029.0971,0.0008,13381727.4273
2026-08-06T00:47:00+05:30,1265.10,52.7474,1212.3566,0.9291,0.0004,772041.6785,0.0007,12412485.4042
2026-08-06T00:48:00+05:30,1157.86,50.4916,1107.3654,0.8465,0.0004,747531.9447,0.0007,10978453.9910
2026-08-06T00:49:00+05:30,1178.52,50.9153,1127.6049,0.8668,0.0004,758999.0497,0.0008,12094750.5793
2026-08-06T00:50:00+05:30,1324.49,49.9983,1274.4909,0.9775,0.0004,749406.4865,0.0007,13475800.4067
2026-08-06T00:51:00+05:30,1409.62,50.2983,1359.3214,1.0396,0.0005,736709.3097,0.0008,13555191.8936
2026-08-06T00:52:00+05:30,1244.13,49.2735,1194.8610,0.9172,0.0005,743616.6100,0.0008,12277216.0235
2026-08-06T00:53:00+05:30,1521.72,405.8333,1115.8833,1.3465,0.0011,3740393.0066,0.0009,11056244.0041
2026-08-06T00:54:00+05:30,1139.59,47.1627,1092.4256,0.8391,0.0004,725397.3269,0.0008,11809498.5168
2026-08-06T00:55:00+05:30,1332.09,49.1448,1282.9494,0.9831,0.0004,719835.1615,0.0008,13550613.5432
2026-08-06T00:56:00+05:30,1398.70,44.2485,1354.4549,1.0325,0.0004,713158.0947,0.0007,13506314.5895
2026-08-06T00:57:00+05:30,1635.75,414.7825,1220.9707,1.1127,0.0005,8094611.0602,0.0008,13847042.0048
2026-08-06T00:58:00+05:30,2066.96,864.3797,1202.5804,1.3489,0.0005,25599351.3586,0.0008,13671859.4432
2026-08-06T00:59:00+05:30,1231.98,39.2320,1192.7436,0.9146,0.0006,594777.7278,0.0008,12727820.1423
2026-08-06T01:00:00+05:30,1490.02,44.1203,1445.9038,1.1206,0.0005,626125.7771,0.0007,17580882.6736
2026-08-06T01:01:00+05:30,1198.16,40.5054,1157.6544,0.9082,0.0004,605957.5603,0.0007,16225119.6346
2026-08-06T01:02:00+05:30,1373.40,38.3128,1335.0832,1.0315,0.0005,595011.1154,0.0008,16225776.3261
2026-08-06T01:03:00+05:30,1402.06,38.7526,1363.3076,1.0409,0.0005,649065.2888,0.0008,14186244.5870
2026-08-06T01:04:00+05:30,1086.44,37.1358,1049.3033,0.8054,0.0004,642421.4544,0.0008,11476473.5570
2026-08-06T01:05:00+05:30,1460.08,87.8000,1372.2833,1.0889,0.0005,3347238.7206,0.0008,16385228.8205
2026-08-06T01:06:00+05:30,1815.69,391.0747,1424.6196,1.6374,0.0012,3624628.9618,0.0009,14113624.2626
2026-08-06T01:07:00+05:30,1124.52,36.3006,1088.2181,0.8304,0.0005,626504.0835,0.0008,11575408.7803
2026-08-06T01:08:00+05:30,1023.46,33.8805,989.5842,0.7512,0.0004,612300.9749,0.0007,9982553.7205
2026-08-06T01:09:00+05:30,1030.51,33.3389,997.1662,0.7622,0.0004,596125.6855,0.0007,11057923.2218
2026-08-06T01:10:00+05:30,1477.60,132.4424,1345.1534,1.0986,0.0006,9126194.5977,0.0008,16045800.6699
2026-08-06T01:11:00+05:30,2350.02,811.2478,1538.7705,3.1187,0.0015,7162026.0693,0.0012,15889290.2624
2026-08-06T01:12:00+05:30,1331.57,178.3941,1153.1782,1.2704,0.0017,1804735.7877,0.0008,12198981.7503
2026-08-06T01:13:00+05:30,1029.03,41.4611,987.5683,0.7529,0.0004,660176.1736,0.0007,9936088.2534
2026-08-06T01:14:00+05:30,1057.52,40.9432,1016.5806,0.7795,0.0004,662292.1228,0.0008,11183884.0174
2026-08-06T01:15:00+05:30,4300.45,3238.2778,1062.1739,9.8953,0.0025,235418851.1326,0.0017,11801748.0706
2026-08-06T01:16:00+05:30,1432.15,186.8218,1245.3286,1.0526,0.0006,1957059.7060,0.0007,12789400.5401
2026-08-06T01:17:00+05:30,1330.19,159.0758,1171.1123,0.9439,0.0004,1701346.0480,0.0008,11923830.6854
2026-08-06T01:18:00+05:30,1372.37,157.3036,1215.0654,1.0230,0.0004,1732571.2762,0.0008,16214783.8549
2026-08-06T01:19:00+05:30,1148.41,153.1628,995.2496,0.8158,0.0004,1704897.2748,0.0007,11036704.2587
2026-08-06T01:20:00+05:30,1309.16,148.4987,1160.6625,0.9398,0.0004,1671870.1636,0.0007,12914610.0577
2026-08-06T01:21:00+05:30,5588.85,4978.8475,610.0045,50.9319,0.0093,199102182.1576,0.0075,7122255.2340
2026-08-06T01:22:00+05:30,2066.08,878.2304,1187.8530,6.7939,0.0064,9999833.6444,0.0010,12239407.0914
2026-08-06T01:23:00+05:30,1463.30,146.0313,1317.2651,1.0421,0.0004,1579670.1615,0.0007,12901925.4913
2026-08-06T01:24:00+05:30,1628.55,520.8000,1107.7500,1.7503,0.0012,4793537.1744,0.0010,12078970.9505
2026-08-06T01:25:00+05:30,1429.27,204.2959,1224.9754,1.1212,0.0008,2121715.7140,0.0008,13305345.1091
2026-08-06T01:26:00+05:30,1436.40,143.8052,1292.5963,1.0269,0.0004,1632840.4062,0.0007,13017440.5629
2026-08-06T01:27:00+05:30,4929.10,4376.1060,552.9951,47.0265,0.0102,140920349.6459,0.0047,6504938.0322
2026-08-06T01:28:00+05:30,2454.74,1460.6037,994.1326,7.1793,0.0042,68998070.0415,0.0013,10122328.6717
2026-08-06T01:29:00+05:30,1144.73,142.7286,1002.0002,0.8093,0.0004,1545507.0840,0.0008,11057711.6378
2026-08-06T01:30:00+05:30,1330.31,146.3329,1183.9785,0.9551,0.0005,1572134.4510,0.0007,12942123.1523
2026-08-06T01:31:00+05:30,1547.41,144.2237,1403.1898,1.1148,0.0005,1578535.1221,0.0007,14052136.7219
2026-08-06T01:32:00+05:30,1412.72,146.4407,1266.2800,1.0134,0.0004,1627626.9813,0.0007,12770601.1967
2026-08-06T01:33:00+05:30,4380.14,3842.0526,538.0910,45.6228,0.0114,81221370.5772,0.0039,5704472.3921
2026-08-06T01:34:00+05:30,3539.55,2594.8544,944.6953,8.4658,0.0027,132992676.1202,0.0016,10657257.8608
2026-08-06T01:35:00+05:30,1372.03,148.4124,1223.6186,0.9744,0.0004,1562890.7742,0.0007,13103991.1993
2026-08-06T01:36:00+05:30,1462.65,146.5451,1316.1061,1.0496,0.0004,1588444.1185,0.0007,13164992.6336
2026-08-06T01:37:00+05:30,1322.59,151.1010,1171.4867,0.9446,0.0004,1652519.1939,0.0007,12108779.0909
2026-08-06T01:38:00+05:30,1230.01,148.9699,1081.0441,0.8728,0.0005,1647863.1795,0.0007,10764537.3473
2026-08-06T01:39:00+05:30,3488.38,3019.0811,469.2952,43.0819,0.0139,15278686.8199,0.0026,8175959.2048
2026-08-06T01:40:00+05:30,4315.92,2953.9592,1361.9609,10.8992,0.0027,195695267.6253,0.0022,22346074.6172
2026-08-06T01:41:00+05:30,1792.89,148.7174,1644.1752,1.2990,0.0004,1597516.4689,0.0007,18381817.3090
2026-08-06T01:42:00+05:30,1472.82,149.4550,1323.3608,1.0798,0.0004,1659248.9875,0.0007,17404057.5343
2026-08-06T01:43:00+05:30,1571.87,505.0835,1066.7856,1.4246,0.0011,4662086.0695,0.0008,13745064.0355
2026-08-06T01:44:00+05:30,1196.22,217.3565,978.8628,0.9993,0.0009,2235255.6635,0.0009,11337895.1474
2026-08-06T01:45:00+05:30,1846.94,248.3879,1598.5504,1.3393,0.0005,12976035.7250,0.0008,16851517.5792
2026-08-06T01:46:00+05:30,1232.85,144.7597,1088.0892,0.9000,0.0004,1655781.8521,0.0008,15204819.5213
2026-08-06T01:47:00+05:30,1177.09,139.0709,1038.0224,0.8613,0.0005,1637689.9202,0.0008,14999207.7478
2026-08-06T01:48:00+05:30,1453.02,137.0278,1315.9938,1.0437,0.0004,1631084.0081,0.0008,12838200.8064
2026-08-06T01:49:00+05:30,1195.69,136.2356,1059.4561,0.8625,0.0004,1648480.1921,0.0008,12572444.4444
2026-08-06T01:50:00+05:30,1443.27,286.8667,1156.4000,1.0004,0.0005,3364727.4667,0.0007,12948343.4667
2026-08-06T01:51:00+05:30,1646.85,131.6136,1515.2394,1.1942,0.0005,1610551.8414,0.0008,14958693.0178
2026-08-06T01:52:00+05:30,1396.11,128.8521,1267.2545,1.0079,0.0005,1594462.8410,0.0007,12880837.6140
2026-08-06T01:53:00+05:30,1561.47,541.7965,1019.6690,1.4626,0.0012,5104621.1391,0.0009,10295951.0610
2026-08-06T01:54:00+05:30,1254.26,124.3562,1129.9065,0.8942,0.0004,1574922.4795,0.0007,12164021.5344
2026-08-06T01:55:00+05:30,1296.70,136.0304,1160.6738,0.9351,0.0004,1731424.2106,0.0008,12867916.8874
2026-08-06T01:56:00+05:30,1405.96,119.5306,1286.4334,1.0166,0.0005,1547922.4576,0.0007,13014305.5356
2026-08-06T01:57:00+05:30,1399.54,119.8480,1279.6953,1.0131,0.0005,1540684.7219,0.0007,13054963.2173
2026-08-06T01:58:00+05:30,2008.27,979.8823,1028.3848,2.3690,0.0014,8534710.0903,0.0009,10322468.8823
2026-08-06T01:59:00+05:30,1271.92,113.3921,1158.5323,0.9115,0.0004,1484844.3645,0.0007,12372224.2218
2026-08-06T02:00:00+05:30,1613.64,367.1289,1246.5082,1.1172,0.0004,2573969.2995,0.0008,13582767.1795
2026-08-06T02:01:00+05:30,1376.45,110.3222,1266.1300,0.9971,0.0005,1451217.0942,0.0008,12855733.9867
2026-08-06T02:02:00+05:30,1316.03,150.4074,1165.6197,0.9407,0.0004,1793812.8197,0.0008,12135194.2283
2026-08-06T02:03:00+05:30,1565.93,455.1714,1110.7629,1.4683,0.0012,4342990.5140,0.0008,11115665.7053
2026-08-06T02:04:00+05:30,1075.60,105.0728,970.5269,0.7684,0.0004,1387957.2574,0.0007,10842481.4710
2026-08-06T02:05:00+05:30,1287.45,129.8935,1157.5588,0.9300,0.0005,1491800.2800,0.0007,12978334.7777
2026-08-06T02:06:00+05:30,1346.19,103.3540,1242.8312,0.9775,0.0004,1352002.1328,0.0008,12878144.4948
2026-08-06T02:07:00+05:30,1358.18,103.9087,1254.2712,0.9856,0.0004,1382150.8101,0.0008,12793957.9972
2026-08-06T02:08:00+05:30,1391.79,103.3885,1288.3978,1.0090,0.0005,1387179.7590,0.0007,12736329.6165
2026-08-06T02:09:00+05:30,1123.26,99.6434,1023.6151,0.8139,0.0005,1323624.4854,0.0007,11294428.3452
2026-08-06T02:10:00+05:30,1262.78,98.3098,1164.4664,0.9214,0.0004,1335134.1945,0.0008,12974683.3569
2026-08-06T02:11:00+05:30,1381.10,97.5585,1283.5430,1.0051,0.0004,1328858.6094,0.0007,13138068.1288
2026-08-06T02:12:00+05:30,1545.00,96.6043,1448.3972,1.1293,0.0004,1309548.3097,0.0007,14379631.1262
2026-08-06T02:13:00+05:30,1641.60,474.9508,1166.6444,1.7885,0.0012,4518624.8458,0.0011,11549174.4942
2026-08-06T02:14:00+05:30,1117.21,93.8969,1023.3159,0.8037,0.0004,1297501.2833,0.0008,11276799.5733
2026-08-06T02:15:00+05:30,1280.79,93.6068,1187.1803,0.9338,0.0004,1298132.4625,0.0008,13146141.9265
2026-08-06T02:16:00+05:30,1385.85,96.1994,1289.6483,1.0090,0.0005,1311826.1044,0.0008,13085897.2495
2026-08-06T02:17:00+05:30,1300.30,92.0408,1208.2625,0.9472,0.0005,1277231.1641,0.0007,12505752.5206
2026-08-06T02:18:00+05:30,1267.38,87.1044,1180.2757,0.9207,0.0005,1202967.0322,0.0007,11657604.5868
2026-08-06T02:19:00+05:30,1678.26,677.3097,1000.9499,1.1373,0.0005,31737652.0464,0.0007,13631513.6648
2026-08-06T02:20:00+05:30,2110.55,607.0012,1503.5506,1.4363,0.0005,11980339.1232,0.0008,18085284.0807
2026-08-06T02:21:00+05:30,1343.70,95.6342,1248.0621,1.0030,0.0005,1258317.0915,0.0008,17240357.5322
2026-08-06T02:22:00+05:30,1718.44,97.0817,1621.3563,1.2669,0.0005,1260386.4602,0.0008,17370709.9548
2026-08-06T02:23:00+05:30,1381.87,98.3101,1283.5644,1.0145,0.0004,1267170.7748,0.0007,14412147.6593
2026-08-06T02:24:00+05:30,1156.19,96.1522,1060.0410,0.8484,0.0004,1247727.5075,0.0008,12968584.8456
2026-08-06T02:25:00+05:30,1513.22,95.5484,1417.6764,1.1119,0.0005,1251491.0836,0.0008,15686542.7152
2026-08-06T02:26:00+05:30,1229.90,104.8675,1125.0375,0.9182,0.0004,1474191.2985,0.0007,16801588.5314
2026-08-06T02:27:00+05:30,1540.19,103.5213,1436.6657,1.1280,0.0004,1358894.2623,0.0008,15453360.8412
2026-08-06T02:28:00+05:30,1420.77,101.6381,1319.1294,1.0343,0.0005,1360896.4437,0.0007,13488827.1173
2026-08-06T02:29:00+05:30,1572.17,466.1366,1106.0326,1.4659,0.0011,4447762.6311,0.0009,12028752.5796
2026-08-06T02:30:00+05:30,1465.24,105.6184,1359.6227,1.0681,0.0004,1388817.0667,0.0008,14941457.0667
2026-08-06T02:31:00+05:30,1460.11,106.6976,1353.4138,1.0700,0.0004,1557259.7223,0.0008,15018393.5590
2026-08-06T02:32:00+05:30,1422.43,104.0535,1318.3773,1.0360,0.0005,1389614.3205,0.0007,13711134.3711
2026-08-06T02:33:00+05:30,1200.16,103.8615,1096.2952,0.8649,0.0004,1361010.0660,0.0008,10887670.9553
2026-08-06T02:34:00+05:30,1176.06,103.3908,1072.6652,0.8531,0.0005,1369109.8744,0.0008,11667259.5061
2026-08-06T02:35:00+05:30,1358.52,102.5688,1255.9469,0.9894,0.0004,1371842.5071,0.0007,13299061.3102
2026-08-06T02:36:00+05:30,1480.99,105.5492,1375.4396,1.0779,0.0005,1488846.2603,0.0008,13828258.7721
2026-08-06T02:37:00+05:30,1293.31,99.0602,1194.2547,0.9392,0.0005,1344334.8552,0.0007,12255717.3993
2026-08-06T02:38:00+05:30,1169.08,93.7927,1075.2909,0.8447,0.0004,1262308.6309,0.0008,10730886.4220
2026-08-06T02:39:00+05:30,1502.41,479.2913,1023.1171,1.4033,0.0011,4545611.7602,0.0008,11361674.1612
2026-08-06T02:40:00+05:30,1482.01,229.0670,1252.9452,1.0658,0.0006,2398371.0196,0.0007,13627784.3801
2026-08-06T02:41:00+05:30,2082.83,865.4510,1217.3754,2.8072,0.0017,7549945.3603,0.0011,12622955.3448
2026-08-06T02:42:00+05:30,1283.82,87.6102,1196.2062,0.9279,0.0004,1209212.0081,0.0007,12370953.6779
2026-08-06T02:43:00+05:30,1256.69,84.7915,1171.8995,0.9107,0.0004,1161919.0081,0.0007,11586561.8771
2026-08-06T02:44:00+05:30,1102.86,78.7373,1024.1179,0.8056,0.0005,1129479.0319,0.0008,11351387.1591
2026-08-06T02:45:00+05:30,1406.89,80.9441,1325.9435,1.0339,0.0004,1129827.4437,0.0008,14226622.2163
2026-08-06T02:46:00+05:30,1541.67,78.5663,1463.0997,1.1323,0.0005,1195363.4046,0.0007,14639004.2158
2026-08-06T02:47:00+05:30,1217.81,73.5882,1144.2263,0.8901,0.0005,1046853.4093,0.0007,11854689.8012
2026-08-06T02:48:00+05:30,1149.82,70.3012,1079.5180,0.8372,0.0005,1013384.1795,0.0008,10769357.3786
2026-08-06T02:49:00+05:30,1156.78,69.4132,1087.3623,0.8491,0.0005,1034648.8901,0.0007,11806274.2484
2026-08-06T02:50:00+05:30,1664.22,455.1152,1209.1070,1.5035,0.0011,4253155.1052,0.0008,13300496.6832
2026-08-06T02:51:00+05:30,1456.17,91.0045,1365.1680,1.0608,0.0004,2283488.6015,0.0008,13798335.1553
2026-08-06T02:52:00+05:30,1305.61,67.6011,1238.0040,0.9550,0.0004,992272.5379,0.0008,12710714.2452
2026-08-06T02:53:00+05:30,1158.74,65.7478,1092.9969,0.8465,0.0005,979798.8067,0.0007,10861752.0749
2026-08-06T02:54:00+05:30,1173.13,62.7323,1110.3943,0.8632,0.0004,925176.3608,0.0008,12044227.0568
2026-08-06T02:55:00+05:30,1215.03,62.9667,1152.0667,0.8957,0.0004,922298.0383,0.0007,12808815.0803
2026-08-06T02:56:00+05:30,1630.63,153.8718,1476.7626,1.2016,0.0006,11333738.6812,0.0008,14686041.4257
2026-08-06T02:57:00+05:30,1258.84,67.3676,1191.4720,0.9233,0.0005,980967.9075,0.0008,12320965.1081
2026-08-06T02:58:00+05:30,1277.62,65.7664,1211.8530,0.9354,0.0004,961077.5848,0.0007,11841090.3878
2026-08-06T02:59:00+05:30,1041.10,61.9218,979.1816,0.7635,0.0004,907559.5560,0.0007,10922666.6667
2026-08-06T03:00:00+05:30,1219.44,60.7626,1158.6728,0.8992,0.0004,905823.1814,0.0008,12813746.0545
2026-08-06T03:01:00+05:30,2087.06,627.5356,1459.5216,2.2440,0.0011,6244430.3097,0.0011,14608957.4291
2026-08-06T03:02:00+05:30,1350.59,67.4178,1283.1714,0.9874,0.0003,965921.1654,0.0007,13096154.2692
2026-08-06T03:03:00+05:30,1161.90,65.3590,1096.5387,0.8432,0.0003,941954.4061,0.0007,10920527.9296
2026-08-06T03:04:00+05:30,1055.09,67.7689,987.3162,0.7704,0.0004,983004.5002,0.0008,10995532.3844
2026-08-06T03:05:00+05:30,1328.86,66.9122,1261.9492,0.9800,0.0005,949594.2937,0.0007,13656382.3745
2026-08-06T03:06:00+05:30,1416.89,72.4988,1344.3943,1.0398,0.0004,1052262.4000,0.0008,13600631.4667
2026-08-06T03:07:00+05:30,1409.88,65.8487,1344.0303,1.0376,0.0005,934583.9363,0.0008,13591651.3853
2026-08-06T03:08:00+05:30,1165.58,67.6687,1097.9121,0.8506,0.0004,962198.9536,0.0007,10918821.8749
2026-08-06T03:09:00+05:30,1127.78,63.5553,1064.2220,0.8287,0.0004,929459.8550,0.0008,11637637.5365
2026-08-06T03:10:00+05:30,1208.91,60.3137,1148.5926,0.8914,0.0005,886944.4528,0.0007,12708501.6416
2026-08-06T03:11:00+05:30,1462.36,66.3799,1395.9792,1.0758,0.0005,1002098.7214,0.0007,14005688.4325
2026-08-06T03:12:00+05:30,1838.75,441.9860,1396.7677,1.9178,0.0012,4087742.6234,0.0010,14149185.3851
2026-08-06T03:13:00+05:30,1068.75,54.6628,1014.0866,0.7773,0.0004,819869.1695,0.0007,10238019.8046
2026-08-06T03:14:00+05:30,1031.11,52.7096,978.4029,0.7545,0.0004,808729.1149,0.0007,10934088.6230
2026-08-06T03:15:00+05:30,1175.72,52.0465,1123.6751,0.8641,0.0004,814626.5145,0.0008,12506912.9573
2026-08-06T03:16:00+05:30,1458.63,52.8799,1405.7514,1.0779,0.0005,994091.2243,0.0008,14088808.7490
2026-08-06T03:17:00+05:30,1540.75,48.8634,1491.8839,1.1418,0.0005,775730.6846,0.0008,14814790.4806
2026-08-06T03:18:00+05:30,1041.48,43.9949,997.4836,0.7640,0.0005,718149.8159,0.0008,10103653.2405
2026-08-06T03:19:00+05:30,1024.15,44.2037,979.9483,0.7563,0.0004,721092.6244,0.0007,10943649.0374
2026-08-06T03:20:00+05:30,1214.34,45.4106,1168.9275,0.9001,0.0005,715748.8335,0.0008,12899656.0459
2026-08-06T03:21:00+05:30,1481.92,62.2781,1419.6436,1.0945,0.0004,1691070.5629,0.0008,14229450.3326
2026-08-06T03:22:00+05:30,1529.74,43.6312,1486.1090,1.1347,0.0004,717173.7413,0.0008,14781247.0710
2026-08-06T03:23:00+05:30,1011.00,42.3585,968.6437,0.7424,0.0005,693853.0731,0.0007,9852003.5340
2026-08-06T03:24:00+05:30,1378.34,411.7853,966.5539,1.1992,0.0010,3808011.7322,0.0008,10900686.9980
2026-08-06T03:25:00+05:30,1995.03,943.2205,1051.8132,2.2752,0.0014,8124762.9364,0.0009,11962599.9167
2026-08-06T03:26:00+05:30,2660.08,1491.6249,1168.4528,2.7028,0.0012,166962774.1796,0.0008,12167780.3963
2026-08-06T03:27:00+05:30,2228.29,1081.3027,1146.9882,2.4960,0.0014,90754001.1334,0.0008,12055953.8651
2026-08-06T03:28:00+05:30,1372.32,133.7667,1238.5500,0.9787,0.0004,1606751.0459,0.0007,12215431.3239
2026-08-06T03:29:00+05:30,1131.84,136.5916,995.2509,0.8094,0.0004,1650562.6875,0.0007,11100329.2675
2026-08-06T03:30:00+05:30,1293.16,134.5368,1158.6238,0.9326,0.0005,1633688.8148,0.0007,12922303.0505
2026-08-06T03:31:00+05:30,1371.66,132.3512,1239.3054,0.9881,0.0005,1640297.5603,0.0007,12909689.9080
2026-08-06T03:32:00+05:30,4851.23,4223.2516,627.9806,47.9381,0.0102,93392239.9520,0.0077,7146568.5530
2026-08-06T03:33:00+05:30,3111.10,1868.3618,1242.7345,8.3009,0.0030,127901793.2506,0.0022,12320303.0546
2026-08-06T03:34:00+05:30,1334.02,147.2877,1186.7344,0.9501,0.0004,1621361.7759,0.0007,12671223.5184
2026-08-06T03:35:00+05:30,1372.70,151.4707,1221.2316,0.9861,0.0004,1692872.2606,0.0007,13212731.4724
2026-08-06T03:36:00+05:30,1755.12,557.2743,1197.8430,1.6998,0.0012,5155025.4701,0.0008,12346102.6804
2026-08-06T03:37:00+05:30,1289.88,147.7049,1142.1714,0.9089,0.0004,1684058.2686,0.0008,12015402.1134
2026-08-06T03:38:00+05:30,4032.25,3436.2891,595.9620,42.7266,0.0117,41135019.4073,0.0044,6273541.6549
2026-08-06T03:39:00+05:30,3534.75,2672.3911,862.3639,7.6486,0.0025,179758523.7254,0.0012,10036832.1718
2026-08-06T03:40:00+05:30,1383.48,145.9455,1237.5365,0.9856,0.0004,1572858.5382,0.0008,13389233.1028
2026-08-06T03:41:00+05:30,1688.98,147.6907,1541.2937,1.2213,0.0005,1623121.1561,0.0007,15273723.6862
2026-08-06T03:42:00+05:30,1342.42,148.5376,1193.8838,0.9609,0.0004,1686825.1450,0.0008,12175504.0331
2026-08-06T03:43:00+05:30,1221.69,145.5236,1076.1616,0.8691,0.0004,1662796.8802,0.0007,10746095.3270
2026-08-06T03:44:00+05:30,3376.23,2828.9129,547.3186,38.5311,0.0132,13475189.9713,0.0025,6801539.5079
2026-08-06T03:45:00+05:30,4288.76,3286.4976,1002.2665,10.4366,0.0028,207517446.5702,0.0013,11433016.9989
2026-08-06T03:46:00+05:30,1467.62,145.5285,1322.0893,1.0451,0.0004,1577248.7584,0.0007,13346371.1210
2026-08-06T03:47:00+05:30,1374.19,146.3919,1227.8021,0.9849,0.0004,1626702.2127,0.0007,12587133.0312
2026-08-06T03:48:00+05:30,1288.60,149.7433,1138.8593,0.9174,0.0005,1695310.8874,0.0007,11287348.7566
2026-08-06T03:49:00+05:30,1529.11,549.7266,979.3792,1.3857,0.0011,5088932.4532,0.0008,10963225.1784
2026-08-06T03:50:00+05:30,3063.56,2159.1621,904.3961,29.9081,0.0121,11719277.9629,0.0045,10223822.9569
2026-08-06T03:51:00+05:30,5302.14,4351.1468,950.9935,26.1666,0.0053,211379080.0927,0.0035,10212587.7352
2026-08-06T03:52:00+05:30,1360.93,141.3572,1219.5687,0.9636,0.0004,1538628.0915,0.0007,12482683.5544
2026-08-06T03:53:00+05:30,1272.78,142.5619,1130.2138,0.9067,0.0004,1583207.8522,0.0008,11249956.2399
2026-08-06T03:54:00+05:30,1234.56,145.7170,1088.8437,0.8849,0.0004,1619501.2668,0.0007,12028961.7282
2026-08-06T03:55:00+05:30,1274.50,145.2263,1129.2753,0.9155,0.0004,1636433.8217,0.0007,12704037.8686
2026-08-06T03:56:00+05:30,2309.11,1268.9211,1040.1840,16.7663,0.0117,7092273.9379,0.0020,10862704.7784
2026-08-06T03:57:00+05:30,5783.47,5078.0732,705.3921,35.5097,0.0065,216373244.7911,0.0039,8077505.3505
2026-08-06T03:58:00+05:30,1356.58,136.6144,1219.9630,0.9596,0.0003,1512124.5292,0.0007,12046685.3772
2026-08-06T03:59:00+05:30,1215.08,207.2299,1007.8499,0.8595,0.0005,6569737.9710,0.0007,11229747.7709
2026-08-06T04:00:00+05:30,2201.23,815.2147,1386.0149,1.5183,0.0005,38673525.5994,0.0008,18624547.0085
2026-08-06T04:01:00+05:30,1687.45,274.7703,1412.6807,1.2095,0.0005,8489400.4668,0.0008,15779706.8356
2026-08-06T04:02:00+05:30,1694.63,643.4274,1051.2009,7.4138,0.0097,4089992.5333,0.0011,11025408.0000
2026-08-06T04:03:00+05:30,6198.64,5660.5679,538.0757,43.8369,0.0072,220704446.3182,0.0057,5952785.9892
2026-08-06T04:04:00+05:30,1172.59,131.3842,1041.2055,0.8360,0.0004,1360849.9658,0.0008,12631831.0470
2026-08-06T04:05:00+05:30,1583.44,132.8979,1450.5465,1.1611,0.0004,1377618.2621,0.0008,18323380.7548
2026-08-06T04:06:00+05:30,1218.50,134.1158,1084.3809,0.9068,0.0004,1408561.2631,0.0008,17852656.9633
2026-08-06T04:07:00+05:30,1610.93,132.8957,1478.0312,1.1931,0.0004,1420114.1029,0.0007,19565675.2866
2026-08-06T04:08:00+05:30,1595.31,135.2689,1460.0410,1.1636,0.0005,1524420.0737,0.0008,16418543.5091
2026-08-06T04:09:00+05:30,5820.92,5377.4840,443.4349,45.8527,0.0081,194939322.4860,0.0059,7994588.4236
2026-08-06T04:10:00+05:30,2390.26,1353.0078,1037.2499,6.1484,0.0036,34496661.0249,0.0013,14144123.6756
2026-08-06T04:11:00+05:30,1276.95,132.6964,1144.2505,0.9326,0.0004,1450628.2532,0.0007,15900707.6477
2026-08-06T04:12:00+05:30,1619.50,133.9545,1485.5495,1.1781,0.0004,1475794.3230,0.0007,15907133.4900
2026-08-06T04:13:00+05:30,1408.46,135.6085,1272.8500,1.0141,0.0004,1526981.9200,0.0008,12998525.7369
2026-08-06T04:14:00+05:30,1855.13,903.5673,951.5586,1.7861,0.0011,7792033.8717,0.0008,10855550.4659
2026-08-06T04:15:00+05:30,4890.40,4311.7803,578.6158,45.0768,0.0096,94366155.4152,0.0070,7359926.4086
2026-08-06T04:16:00+05:30,3535.07,2292.6736,1242.3919,7.3861,0.0024,128972698.4550,0.0016,13032299.0617
2026-08-06T04:17:00+05:30,1377.45,136.3364,1241.1143,0.9814,0.0004,1487151.5212,0.0008,12457480.2367
2026-08-06T04:18:00+05:30,1320.74,138.3213,1182.4227,0.9445,0.0005,1517072.4357,0.0007,11714609.1536
2026-08-06T04:19:00+05:30,1142.52,136.2750,1006.2489,0.8172,0.0004,1533124.7938,0.0007,11225487.5939
2026-08-06T04:20:00+05:30,1375.10,140.4787,1234.6255,0.9927,0.0004,1584006.9331,0.0007,13652263.8579
2026-08-06T04:21:00+05:30,4000.00,3273.1636,726.8364,43.6026,0.0121,32391900.8132,0.0058,7949344.3541
2026-08-06T04:22:00+05:30,4384.36,3292.5231,1091.8396,9.1093,0.0022,191729263.5159,0.0016,11581946.1532
2026-08-06T04:23:00+05:30,1658.95,535.1899,1123.7605,1.5503,0.0012,4866487.3423,0.0008,11319822.2756
2026-08-06T04:24:00+05:30,1135.91,135.7895,1000.1166,0.8005,0.0004,1487053.2402,0.0007,11211768.5091
2026-08-06T04:25:00+05:30,1258.38,134.5981,1123.7789,0.9068,0.0004,1463296.1024,0.0007,12662871.4700
2026-08-06T04:26:00+05:30,1394.29,133.4811,1260.8138,1.0039,0.0005,1514476.4983,0.0007,12935940.1503
2026-08-06T04:27:00+05:30,3256.22,2463.5932,792.6303,35.7349,0.0133,11440989.7622,0.0039,8600753.1264
2026-08-06T04:28:00+05:30,5059.77,4082.2363,977.5371,16.5454,0.0034,211760947.5754,0.0028,10125535.8774
2026-08-06T04:29:00+05:30,1133.00,128.2705,1004.7329,0.8006,0.0003,1404855.7811,0.0008,11213044.0289
2026-08-06T04:30:00+05:30,1278.69,128.2774,1150.4125,0.9229,0.0005,1378873.7916,0.0008,12832121.6081
2026-08-06T04:31:00+05:30,1392.89,127.6309,1265.2602,1.0041,0.0005,1407948.8068,0.0007,12956514.5981
2026-08-06T04:32:00+05:30,1462.89,127.5755,1335.3171,1.0572,0.0005,1434545.6667,0.0008,13521463.4683
2026-08-06T04:33:00+05:30,2675.58,1813.1727,862.4079,24.3865,0.0125,8793385.4510,0.0021,8782875.5373
2026-08-06T04:34:00+05:30,5356.17,4719.5939,636.5773,24.2324,0.0048,213875615.6565,0.0025,11149630.4594
2026-08-06T04:35:00+05:30,1583.25,134.2711,1448.9816,1.3250,0.0004,1514136.8712,0.0009,30339400.6467
2026-08-06T04:36:00+05:30,1411.66,130.8907,1280.7681,1.0198,0.0005,1389413.1257,0.0007,13526311.2904
2026-08-06T04:37:00+05:30,1777.62,552.5009,1225.1158,1.8455,0.0013,5020053.4506,0.0009,14365345.8629
2026-08-06T04:38:00+05:30,1265.32,136.2682,1129.0505,0.9115,0.0004,1501315.9088,0.0007,14199448.4598
2026-08-06T04:39:00+05:30,2189.98,1421.0333,768.9500,17.0982,0.0115,8047408.7901,0.0011,9972560.8760
2026-08-06T04:40:00+05:30,6282.71,5759.2207,523.4913,45.5371,0.0074,204081300.5117,0.0057,7099000.6167
2026-08-06T04:41:00+05:30,1999.50,845.1476,1154.3525,10.8703,0.0108,4281508.6065,0.0016,12103037.4086
2026-08-06T04:42:00+05:30,1461.30,139.0968,1322.2031,1.0469,0.0004,1509591.7047,0.0007,13323710.4658
2026-08-06T04:43:00+05:30,1315.57,136.0893,1179.4799,0.9414,0.0005,1498200.1967,0.0007,11706280.7421
2026-08-06T04:44:00+05:30,1142.08,138.9514,1003.1322,0.8162,0.0005,1540469.9767,0.0007,11155969.8767
2026-08-06T04:45:00+05:30,1352.50,139.5667,1212.9333,0.9738,0.0005,1554201.2966,0.0008,13117835.7694
2026-08-06T04:46:00+05:30,4875.70,4143.9716,731.7264,47.7618,0.0102,67127288.1480,0.0077,8022260.7768
2026-08-06T04:47:00+05:30,4728.00,3989.6691,738.3277,31.5849,0.0072,148661785.8500,0.0040,8172343.7864
2026-08-06T04:48:00+05:30,1307.08,135.6127,1171.4705,0.9232,0.0003,1447611.1222,0.0007,11725574.9817
2026-08-06T04:49:00+05:30,1143.17,137.5500,1005.6167,0.8158,0.0004,1483571.2000,0.0008,11262293.3333
2026-08-06T04:50:00+05:30,1394.77,140.4734,1254.2924,1.0068,0.0004,1508671.7120,0.0007,13704837.7396
2026-08-06T04:51:00+05:30,1472.96,140.3123,1332.6501,1.0601,0.0005,1556246.5630,0.0008,13453478.5116
2026-08-06T04:52:00+05:30,2720.63,1811.7322,908.9000,19.3572,0.0097,10836862.4915,0.0021,9871736.2183
2026-08-06T04:53:00+05:30,6278.06,5787.5627,490.4937,45.6098,0.0074,203162091.4135,0.0058,5528060.9201
2026-08-06T04:54:00+05:30,1725.60,890.9333,834.6667,10.5391,0.0106,4475910.3318,0.0013,9628695.9449
2026-08-06T04:55:00+05:30,1367.49,139.7927,1227.6985,0.9800,0.0004,1465919.5946,0.0008,13424920.5947
2026-08-06T04:56:00+05:30,1503.79,139.8210,1363.9713,1.0849,0.0005,1491825.5767,0.0007,13723771.1695
2026-08-06T04:57:00+05:30,1358.62,140.9767,1217.6383,0.9755,0.0004,1517163.4231,0.0007,12501754.1989
2026-08-06T04:58:00+05:30,1226.56,139.5953,1086.9638,0.8735,0.0004,1549166.2750,0.0008,10901641.5846
2026-08-06T04:59:00+05:30,5205.59,4793.4281,412.1607,41.5652,0.0085,138520327.5290,0.0028,5726332.6279
2026-08-06T05:00:00+05:30,4000.53,3215.9801,784.5533,29.1018,0.0084,84555298.6363,0.0029,10970555.5296
2026-08-06T05:01:00+05:30,1708.52,184.2285,1524.2888,1.8915,0.0005,4805878.6828,0.0012,33085875.4833
2026-08-06T05:02:00+05:30,1375.26,144.9435,1230.3191,0.9870,0.0004,1548889.2001,0.0007,12893160.7482
2026-08-06T05:03:00+05:30,1281.33,146.0000,1135.3333,0.9366,0.0005,1633375.4896,0.0008,15589431.0239
2026-08-06T05:04:00+05:30,1259.84,143.2023,1116.6383,0.9099,0.0004,1612433.9566,0.0007,13439475.2525
2026-08-06T05:05:00+05:30,2051.07,296.9464,1754.1254,1.5010,0.0006,16725299.1966,0.0007,18747355.2689
2026-08-06T05:06:00+05:30,1511.06,154.5974,1356.4607,1.1157,0.0005,1727020.8326,0.0007,18730042.3319
2026-08-06T05:07:00+05:30,1518.53,557.6737,960.8565,1.4235,0.0011,5163649.2585,0.0008,15146668.0887
2026-08-06T05:08:00+05:30,1129.13,150.8792,978.2482,0.7971,0.0004,1707997.9998,0.0007,10810834.6835
2026-08-06T05:09:00+05:30,1132.66,146.2208,986.4360,0.8141,0.0005,1708509.4981,0.0008,12281174.6984
2026-08-06T05:10:00+05:30,1686.73,353.9826,1332.7443,1.1668,0.0004,4011604.1142,0.0008,14665082.5012
2026-08-06T05:11:00+05:30,2269.04,544.3485,1724.6925,2.4038,0.0013,4817498.3750,0.0010,16835576.4737
2026-08-06T05:12:00+05:30,1571.43,578.1089,993.3173,1.4602,0.0012,5412983.4186,0.0008,10768561.2679
2026-08-06T05:13:00+05:30,1119.85,140.0640,979.7813,0.7846,0.0004,1670720.6721,0.0007,10032653.3987
2026-08-06T05:14:00+05:30,1110.21,135.8924,974.3150,0.7939,0.0004,1653829.5525,0.0008,10951568.6307
2026-08-06T05:15:00+05:30,1579.22,442.3596,1136.8605,1.0908,0.0005,2943236.3939,0.0008,12970006.8655
2026-08-06T05:16:00+05:30,1380.69,133.4989,1247.1906,0.9905,0.0004,1648261.1581,0.0008,12840265.8264
2026-08-06T05:17:00+05:30,1321.25,127.5351,1193.7107,0.9526,0.0004,1578986.6347,0.0007,12541448.7885
2026-08-06T05:18:00+05:30,1391.41,126.6913,1264.7137,1.0022,0.0004,1590814.7901,0.0007,12588717.7778
2026-08-06T05:19:00+05:30,1140.52,122.3000,1018.2167,0.8204,0.0005,1542647.5775,0.0007,11354983.9164
2026-08-06T05:20:00+05:30,1544.64,123.4064,1421.2316,1.1267,0.0005,1554208.3125,0.0008,15285562.6437
2026-08-06T05:21:00+05:30,2077.94,514.5205,1563.4169,2.3287,0.0013,4880401.4471,0.0011,15602807.9956
2026-08-06T05:22:00+05:30,1177.32,127.2267,1050.0908,0.8330,0.0003,1581312.2261,0.0008,11118396.8272
2026-08-06T05:23:00+05:30,1164.67,128.1564,1036.5185,0.8320,0.0004,1590598.0866,0.0007,10516898.8300
2026-08-06T05:24:00+05:30,1159.30,127.1685,1032.1296,0.8332,0.0004,1599779.2258,0.0007,11436131.3847
2026-08-06T05:25:00+05:30,1321.27,130.2457,1191.0270,0.9566,0.0004,1616773.8409,0.0008,13375929.6023
2026-08-06T05:26:00+05:30,1540.59,126.2753,1414.3162,1.1170,0.0005,1608916.0651,0.0007,14245014.9532
2026-08-06T05:27:00+05:30,1463.33,124.6938,1338.6331,1.0609,0.0004,1560361.4486,0.0007,13583568.2883
2026-08-06T05:28:00+05:30,1276.50,125.3146,1151.1808,0.9166,0.0004,1595680.1440,0.0008,11433534.6155
2026-08-06T05:29:00+05:30,1141.69,119.5413,1022.1515,0.8224,0.0004,1537083.8237,0.0008,11356628.5190
2026-08-06T05:30:00+05:30,1246.67,117.0245,1129.6420,0.9040,0.0005,1491837.7919,0.0007,12745341.2671
2026-08-06T05:31:00+05:30,1770.08,334.2168,1435.8603,1.3168,0.0006,2515715.3668,0.0008,14444385.9784
2026-08-06T05:32:00+05:30,1496.20,116.0679,1380.1326,1.0876,0.0004,1549719.7707,0.0007,14003653.9128
2026-08-06T05:33:00+05:30,1150.62,110.0242,1040.5966,0.8272,0.0004,1469907.4093,0.0008,10510035.9297
2026-08-06T05:34:00+05:30,1114.83,109.1109,1005.7172,0.8057,0.0004,1452245.4912,0.0007,11234198.6199
2026-08-06T05:35:00+05:30,1298.75,106.0904,1192.6628,0.9463,0.0005,1422021.2014,0.0008,13279844.2563
2026-08-06T05:36:00+05:30,2198.89,629.9957,1568.8977,2.1596,0.0011,5867422.2096,0.0009,15617651.1725
2026-08-06T05:37:00+05:30,1323.69,111.4630,1212.2263,0.9512,0.0004,1477421.5956,0.0008,12603512.7577
2026-08-06T05:38:00+05:30,1096.57,110.0148,986.5502,0.7863,0.0004,1468006.4000,0.0007,10107562.6667
2026-08-06T05:39:00+05:30,1101.44,107.2613,994.1836,0.7960,0.0005,1439921.0719,0.0007,11125291.3806
2026-08-06T05:40:00+05:30,1240.90,102.4598,1138.4408,0.9040,0.0005,1378075.5950,0.0007,12834711.2859
2026-08-06T05:41:00+05:30,1793.68,158.5518,1635.1241,1.2992,0.0004,2347281.8495,0.0008,16097519.6440
2026-08-06T05:42:00+05:30,1406.73,105.0395,1301.6865,1.0243,0.0004,1413251.7415,0.0008,13306573.3427
2026-08-06T05:43:00+05:30,1083.00,100.6085,982.3956,0.7791,0.0005,1379263.2158,0.0007,10052936.7008
2026-08-06T05:44:00+05:30,1078.91,101.7412,977.1724,0.7810,0.0004,1383965.4753,0.0007,10984842.0562
2026-08-06T05:45:00+05:30,1249.40,102.0248,1147.3711,0.9105,0.0005,1400715.2737,0.0008,12933885.3762
2026-08-06T05:46:00+05:30,1690.70,143.4739,1547.2245,1.2261,0.0005,2127543.9240,0.0008,15364403.9340
2026-08-06T05:47:00+05:30,1454.87,104.1000,1350.7667,1.0616,0.0004,1418741.5124,0.0008,13704215.6036
2026-08-06T05:48:00+05:30,1085.73,103.4155,982.3140,0.7803,0.0004,1403158.7405,0.0007,10047493.2573
2026-08-06T05:49:00+05:30,1070.11,101.0714,969.0421,0.7746,0.0005,1382940.8511,0.0007,10929081.8088
2026-08-06T05:50:00+05:30,1222.78,98.4697,1124.3082,0.8916,0.0004,1345600.3201,0.0007,12736943.1220
2026-08-06T05:51:00+05:30,2118.53,502.4419,1616.0847,1.8685,0.0011,4951452.6211,0.0008,15989454.0545
2026-08-06T05:52:00+05:30,1416.52,107.1922,1309.3314,1.0226,0.0004,1436257.9678,0.0008,13417516.8852
2026-08-06T05:53:00+05:30,1101.79,102.5218,999.2666,0.7919,0.0004,1380170.9447,0.0007,10183676.2451
2026-08-06T05:54:00+05:30,1090.49,101.9405,988.5473,0.7895,0.0004,1368792.9850,0.0007,11089025.8394
2026-08-06T05:55:00+05:30,1226.79,103.7838,1123.0110,0.8930,0.0005,1373977.7071,0.0008,12711324.0807
2026-08-06T05:56:00+05:30,1757.11,121.6926,1635.4224,1.2903,0.0005,1891034.1286,0.0008,16057297.9209
2026-08-06T05:57:00+05:30,1413.99,104.7149,1309.2782,1.0298,0.0005,1408113.0648,0.0008,13375333.3444
2026-08-06T05:58:00+05:30,1085.76,100.5100,985.2510,0.7811,0.0004,1365515.3656,0.0007,10071051.2632
2026-08-06T05:59:00+05:30,1069.02,99.1818,969.8389,0.7745,0.0004,1361397.3438,0.0007,10974585.3260
2026-08-06T06:00:00+05:30,1217.36,94.2006,1123.1559,0.8889,0.0005,1282056.8761,0.0008,12690430.8051
2026-08-06T06:01:00+05:30,1784.61,142.5405,1642.0739,1.5653,0.0005,2323778.9481,0.0009,16142829.9447
2026-08-06T06:02:00+05:30,1425.89,92.8830,1333.0056,1.0425,0.0004,1280993.9511,0.0008,13567901.8847
2026-08-06T06:03:00+05:30,1447.84,508.1355,939.7006,1.3052,0.0011,4651097.0108,0.0008,9721811.5799
2026-08-06T06:04:00+05:30,1490.10,561.0439,929.0571,1.4527,0.0013,5241654.0737,0.0008,10601532.2212
2026-08-06T06:05:00+05:30,1222.11,98.6200,1123.4874,0.8828,0.0003,1336774.1591,0.0008,12700344.4115
2026-08-06T06:06:00+05:30,2152.89,558.1093,1594.7766,2.4300,0.0011,5619557.9853,0.0012,15897788.5930
2026-08-06T06:07:00+05:30,1444.86,103.7483,1341.1110,1.0483,0.0004,1361260.2247,0.0008,13627347.3551
2026-08-06T06:08:00+05:30,1066.73,97.7024,969.0265,0.7639,0.0004,1304026.5249,0.0007,9940643.0630
2026-08-06T06:09:00+05:30,1070.94,96.1519,974.7908,0.7768,0.0004,1279445.1299,0.0007,10995511.1541
2026-08-06T06:10:00+05:30,1215.54,91.2499,1124.2939,0.8884,0.0005,1236833.5139,0.0007,12714861.4754
2026-08-06T06:11:00+05:30,1822.28,136.0296,1686.2471,2.7927,0.0008,1942200.7732,0.0016,16584199.4401
2026-08-06T06:12:00+05:30,1828.51,591.4547,1237.0553,3.1038,0.0007,35489357.6275,0.0022,16701986.7638
2026-08-06T06:13:00+05:30,2211.35,760.1020,1451.2522,3.0074,0.0006,14126432.6063,0.0017,21972668.5885
2026-08-06T06:14:00+05:30,1076.83,78.1761,998.6495,0.7920,0.0004,1038221.5109,0.0008,12180374.0643
2026-08-06T06:15:00+05:30,1555.38,79.5188,1475.8628,1.1596,0.0005,1040602.8228,0.0008,18356749.7959
2026-08-06T06:16:00+05:30,1492.51,93.3213,1399.1866,1.6322,0.0006,1418833.4278,0.0011,22875147.5716
2026-08-06T06:17:00+05:30,1713.04,77.9987,1635.0394,1.2855,0.0005,996881.5186,0.0007,19859807.6699
2026-08-06T06:18:00+05:30,1697.16,76.4154,1620.7397,1.2642,0.0004,986316.8000,0.0007,18232251.7333
2026-08-06T06:19:00+05:30,1074.24,81.7058,992.5343,0.7922,0.0004,1015382.6259,0.0008,12550787.2486
2026-08-06T06:20:00+05:30,1468.93,80.0340,1388.9009,1.0832,0.0005,969596.7460,0.0008,15490400.5201
2026-08-06T06:21:00+05:30,1391.88,74.9988,1316.8781,1.0475,0.0005,1009783.7036,0.0008,18230650.8225
2026-08-06T06:22:00+05:30,1717.60,64.5156,1653.0891,1.2840,0.0004,958464.0000,0.0008,18807739.7333
2026-08-06T06:23:00+05:30,1271.97,60.6273,1211.3455,0.9364,0.0005,941287.5165,0.0008,12735981.8688
2026-08-06T06:24:00+05:30,1062.69,59.9523,1002.7342,0.7818,0.0005,931315.7166,0.0007,11227482.8362
2026-08-06T06:25:00+05:30,1066.56,56.6635,1009.8965,0.7988,0.0004,879990.6699,0.0008,13750442.8117
2026-08-06T06:26:00+05:30,1278.56,56.7151,1221.8425,0.9612,0.0005,897604.6946,0.0008,15165388.1035
2026-08-06T06:27:00+05:30,1877.91,53.8473,1824.0588,1.4025,0.0005,857127.6957,0.0008,17706076.4641
2026-08-06T06:28:00+05:30,1058.32,51.8914,1006.4323,0.7780,0.0005,835635.6001,0.0008,10798148.3395
2026-08-06T06:29:00+05:30,1380.07,429.5217,950.5527,1.2397,0.0012,4020748.8122,0.0008,10865875.4647
2026-08-06T06:30:00+05:30,1148.18,50.9475,1097.2285,0.8462,0.0004,800591.4371,0.0008,12657167.6749
2026-08-06T06:31:00+05:30,1360.16,49.6559,1310.4994,1.0010,0.0003,794656.6244,0.0007,13377504.7406
2026-08-06T06:32:00+05:30,1699.36,44.1848,1655.1718,1.2797,0.0004,747340.1113,0.0008,16294158.0719
2026-08-06T06:33:00+05:30,1049.43,46.3593,1003.0673,0.7708,0.0005,768017.0701,0.0007,10245052.7439
2026-08-06T06:34:00+05:30,1020.97,43.3833,977.5833,0.7548,0.0004,736746.1458,0.0008,11010436.3073
2026-08-06T06:35:00+05:30,1150.99,41.8479,1109.1445,0.8548,0.0005,709323.4672,0.0007,12563032.6484
2026-08-06T06:36:00+05:30,1292.66,44.9818,1247.6751,0.9562,0.0005,771387.6204,0.0007,12876029.4657
2026-08-06T06:37:00+05:30,1743.29,42.1986,1701.0933,2.4020,0.0007,730758.1288,0.0014,16786070.5631
2026-08-06T06:38:00+05:30,1000.83,38.5102,962.3229,0.7363,0.0004,687262.5229,0.0007,9910053.9243
2026-08-06T06:39:00+05:30,1005.59,35.8959,969.6894,0.7461,0.0005,656886.9771,0.0007,10954899.8149
2026-08-06T06:40:00+05:30,1145.31,36.5896,1108.7192,0.8522,0.0005,653331.6894,0.0007,12561194.0617
2026-08-06T06:41:00+05:30,1419.02,43.2855,1375.7355,1.9975,0.0006,716835.8418,0.0014,14026156.2411
2026-08-06T06:42:00+05:30,1567.28,35.0351,1532.2433,5.3155,0.0011,644742.6371,0.0035,15454366.3183
2026-08-06T06:43:00+05:30,998.88,32.6101,966.2734,0.7370,0.0005,620908.0335,0.0007,10022781.1568
2026-08-06T06:44:00+05:30,1005.95,29.6020,976.3484,0.7477,0.0005,592584.2959,0.0008,10940007.2670
2026-08-06T06:45:00+05:30,1142.82,30.3707,1112.4483,0.8521,0.0005,572219.2292,0.0008,12564516.8689
2026-08-06T06:46:00+05:30,1601.87,403.9817,1197.8842,1.4675,0.0012,3758692.7896,0.0008,12497904.3049
2026-08-06T06:47:00+05:30,1648.84,28.2918,1620.5528,6.8988,0.0014,563642.1593,0.0042,16491210.8299
2026-08-06T06:48:00+05:30,995.72,27.2536,968.4625,0.7345,0.0004,564367.5157,0.0007,10020220.2960
2026-08-06T06:49:00+05:30,995.90,24.7280,971.1729,0.7398,0.0004,532219.2822,0.0007,10866405.3054
2026-08-06T06:50:00+05:30,1139.29,25.6902,1113.5970,0.8488,0.0004,537060.5495,0.0008,12596237.9301
2026-08-06T06:51:00+05:30,1227.71,23.7790,1203.9293,0.9109,0.0005,527272.1213,0.0007,12452563.5061
2026-08-06T06:52:00+05:30,1684.71,57.5801,1627.1297,7.9989,0.0008,848001.6004,0.0049,16749653.3191
2026-08-06T06:53:00+05:30,987.30,21.5819,965.7190,0.7313,0.0004,488202.5165,0.0007,9984533.2889
2026-08-06T06:54:00+05:30,999.58,21.2351,978.3482,0.7448,0.0005,507468.4224,0.0007,10911970.6642
2026-08-06T06:55:00+05:30,1131.01,20.0820,1110.9259,0.8459,0.0004,481460.7270,0.0007,12567742.8129
2026-08-06T06:56:00+05:30,1217.65,20.6351,1197.0164,0.9060,0.0005,481175.5450,0.0007,12354769.2513
2026-08-06T06:57:00+05:30,2165.18,605.9606,1559.2226,12.9811,0.0031,5578378.8109,0.0072,16051775.6405
2026-08-06T06:58:00+05:30,995.23,20.6799,974.5542,0.7363,0.0004,485491.7932,0.0008,10080592.4247
2026-08-06T06:59:00+05:30,1463.59,478.8587,984.7336,1.4446,0.0013,4382378.6667,0.0009,11021448.5333
2026-08-06T07:00:00+05:30,1147.79,26.7644,1121.0232,0.8541,0.0004,530456.0620,0.0008,12508960.7866
2026-08-06T07:01:00+05:30,1215.04,26.1030,1188.9387,0.8999,0.0004,536766.2100,0.0007,12212899.1566
2026-08-06T07:02:00+05:30,4789.21,3819.0766,970.1376,22.8294,0.0051,230856443.2971,0.0036,10426752.3859
2026-08-06T07:03:00+05:30,2127.33,1140.9202,986.4083,12.9080,0.0101,9162856.6473,0.0016,10048397.0382
2026-08-06T07:04:00+05:30,1317.22,182.6046,1134.6157,0.9312,0.0004,1975149.7533,0.0007,12294144.8193
2026-08-06T07:05:00+05:30,1307.93,180.9879,1126.9415,0.9295,0.0004,1972196.1837,0.0007,12654902.7581
2026-08-06T07:06:00+05:30,1515.13,172.8051,1342.3272,1.0830,0.0004,1952192.5237,0.0007,13593056.8805
2026-08-06T07:07:00+05:30,1392.43,172.9430,1219.4821,0.9927,0.0004,2001179.9913,0.0008,12749921.0184
2026-08-06T07:08:00+05:30,4893.66,4010.8705,882.7923,20.5053,0.0045,233527246.1487,0.0028,9115682.8276
2026-08-06T07:09:00+05:30,1362.46,171.9823,1190.4786,0.9576,0.0004,1842179.6004,0.0007,12832190.3651
2026-08-06T07:10:00+05:30,1338.78,172.7173,1166.0666,0.9555,0.0005,1861408.5409,0.0007,12992719.0052
2026-08-06T07:11:00+05:30,1374.28,169.2867,1204.9944,0.9781,0.0005,1886858.4384,0.0007,12469352.5372
2026-08-06T07:12:00+05:30,1349.94,165.5141,1184.4267,0.9631,0.0005,1902521.1204,0.0007,12551725.2595
2026-08-06T07:13:00+05:30,1339.59,218.9880,1120.5992,0.9355,0.0005,2382104.8036,0.0008,11281897.8623
2026-08-06T07:14:00+05:30,5020.39,3973.5469,1046.8388,22.9647,0.0048,233865131.8843,0.0040,11358084.0112
2026-08-06T07:15:00+05:30,1379.84,169.0028,1210.8368,0.9757,0.0004,1809165.0861,0.0007,13275425.5238
2026-08-06T07:16:00+05:30,1339.65,165.9082,1173.7427,0.9532,0.0005,1798110.6814,0.0007,12146122.9497
2026-08-06T07:17:00+05:30,1327.44,169.9727,1157.4710,0.9445,0.0004,1899363.6485,0.0008,12329033.7378
2026-08-06T07:18:00+05:30,1226.50,161.4064,1065.0892,0.8676,0.0004,1822143.2428,0.0008,10775940.5432
2026-08-06T07:19:00+05:30,2444.58,1505.1400,939.4358,3.3366,0.0017,113353172.7149,0.0008,10738470.1923
2026-08-06T07:20:00+05:30,4174.15,3338.1068,836.0396,23.0065,0.0061,130486798.6130,0.0033,10068946.3857
2026-08-06T07:21:00+05:30,1837.26,161.2269,1676.0293,1.3181,0.0004,1741334.2668,0.0007,16653215.8490
2026-08-06T07:22:00+05:30,1327.02,161.4747,1165.5416,0.9447,0.0004,1785087.5392,0.0007,11869292.6195
2026-08-06T07:23:00+05:30,1186.43,157.9614,1028.4734,0.8390,0.0005,1786254.8108,0.0008,10534365.2388
2026-08-06T07:24:00+05:30,1174.14,155.2400,1018.9028,0.8363,0.0004,1786776.9036,0.0008,11509929.3239
2026-08-06T07:25:00+05:30,3311.48,2207.2632,1104.2149,4.6797,0.0016,196018312.5333,0.0010,12486929.0667
2026-08-06T07:26:00+05:30,3039.51,2065.3634,974.1513,18.3258,0.0079,48272237.8508,0.0022,10471272.0485
2026-08-06T07:27:00+05:30,1366.99,150.9025,1216.0869,0.9729,0.0004,1637294.0431,0.0007,12665663.7888
2026-08-06T07:28:00+05:30,1393.75,152.2638,1241.4816,0.9957,0.0005,1669221.2239,0.0007,12370686.0925
2026-08-06T07:29:00+05:30,1260.54,152.0055,1108.5301,0.9016,0.0004,1706655.2908,0.0007,12100570.9715
2026-08-06T07:30:00+05:30,1301.73,153.5898,1148.1401,0.9343,0.0004,1733419.2817,0.0007,13085356.4870
2026-08-06T07:31:00+05:30,4290.77,3114.5177,1176.2529,13.8587,0.0036,227267019.5725,0.0024,12277825.2142
2026-08-06T07:32:00+05:30,2280.19,1183.6316,1096.5570,11.3198,0.0079,18036639.0028,0.0018,11617005.7661
2026-08-06T07:33:00+05:30,1263.32,147.9833,1115.3333,0.8929,0.0004,1598259.2000,0.0008,11260040.5333
2026-08-06T07:34:00+05:30,1150.59,146.0451,1004.5498,0.8206,0.0005,1604213.1929,0.0007,11277687.0104
2026-08-06T07:35:00+05:30,1476.56,149.9267,1326.6296,1.0665,0.0004,1656895.6428,0.0007,14531773.9898
2026-08-06T07:36:00+05:30,1446.60,144.6313,1301.9654,1.0405,0.0005,1643917.0501,0.0007,13353719.2772
2026-08-06T07:37:00+05:30,4853.71,3970.8853,882.8245,21.4489,0.0048,240097316.1789,0.0028,9745918.8054
2026-08-06T07:38:00+05:30,1839.16,771.3743,1067.7811,3.5545,0.0032,8128718.9094,0.0011,10967903.2032
2026-08-06T07:39:00+05:30,1279.47,148.8092,1130.6601,0.9048,0.0004,1583161.3753,0.0007,12284040.7313
2026-08-06T07:40:00+05:30,1406.01,152.2101,1253.8003,1.0128,0.0005,1646838.3226,0.0007,13834889.2593
2026-08-06T07:41:00+05:30,1439.43,149.8825,1289.5461,1.0324,0.0004,1648314.4681,0.0008,13216354.7435
2026-08-06T07:42:00+05:30,1332.91,148.6802,1184.2254,0.9543,0.0005,1661593.9208,0.0007,12460213.8382
2026-08-06T07:43:00+05:30,5005.18,4213.2547,791.9292,21.4813,0.0046,243402994.1661,0.0026,8401940.9941
2026-08-06T07:44:00+05:30,1211.96,150.7491,1061.2095,0.8515,0.0003,1488449.2809,0.0008,11774558.0349
2026-08-06T07:45:00+05:30,1606.29,156.2974,1449.9925,1.1623,0.0004,1613933.6344,0.0007,15405959.7673
2026-08-06T07:46:00+05:30,1414.02,155.8333,1258.1833,1.0124,0.0005,1684889.6000,0.0007,12963293.8667
2026-08-06T07:47:00+05:30,1257.63,156.2146,1101.4203,0.8958,0.0005,1729335.7338,0.0007,11739572.4478
2026-08-06T07:48:00+05:30,1983.82,877.2912,1106.5287,3.1899,0.0023,52983110.0447,0.0011,11159641.1384
2026-08-06T07:49:00+05:30,4215.46,3459.8067,755.6574,16.6254,0.0045,188437295.6507,0.0016,9140065.9890
2026-08-06T07:50:00+05:30,1553.14,153.6910,1399.4533,1.1118,0.0004,1531186.8791,0.0007,14994680.7120
2026-08-06T07:51:00+05:30,1550.22,159.6479,1390.5672,1.1133,0.0004,1681571.1380,0.0007,14055544.6634
2026-08-06T07:52:00+05:30,1311.36,158.8981,1152.4655,0.9356,0.0004,1727491.2594,0.0007,12124110.8537
2026-08-06T07:53:00+05:30,1215.51,155.3437,1060.1707,0.8616,0.0004,1717606.9470,0.0007,10757043.4522
2026-08-06T07:54:00+05:30,3018.86,2033.8915,984.9704,4.4412,0.0016,165977340.2206,0.0012,11162477.0220
2026-08-06T07:55:00+05:30,3630.72,2628.6367,1002.0841,16.5173,0.0055,78126185.7650,0.0019,11624830.2906
2026-08-06T07:56:00+05:30,1541.62,158.3692,1383.2517,1.1070,0.0004,1649141.7718,0.0007,14038144.4543
2026-08-06T07:57:00+05:30,2181.61,979.9473,1201.6602,2.8118,0.0014,8683790.3720,0.0012,12497879.7173
2026-08-06T07:58:00+05:30,1238.19,161.5603,1076.6294,0.8622,0.0003,1763719.6153,0.0007,10931087.7661
2026-08-06T07:59:00+05:30,1150.39,158.6849,991.7017,0.8177,0.0004,1738102.3445,0.0007,11326877.0433
2026-08-06T08:00:00+05:30,4401.45,3242.5323,1158.9212,10.2502,0.0022,218794484.5979,0.0026,12937166.0221
2026-08-06T08:01:00+05:30,2595.61,1503.2084,1092.4015,13.1851,0.0075,17489956.8652,0.0017,11508983.0994
2026-08-06T08:02:00+05:30,1522.48,161.3898,1361.0898,1.0876,0.0004,1624339.4101,0.0007,13784428.9952
2026-08-06T08:03:00+05:30,1212.26,164.2858,1047.9723,0.8563,0.0005,1755955.2614,0.0007,10650910.8729
2026-08-06T08:04:00+05:30,1226.33,165.4944,1060.8374,0.8721,0.0004,1810385.9860,0.0008,11760272.2803
2026-08-06T08:05:00+05:30,1330.54,157.8623,1172.6770,0.9548,0.0004,1729305.4259,0.0008,13315617.6510
2026-08-06T08:06:00+05:30,5295.24,4243.4613,1051.7762,19.0596,0.0037,231402082.0164,0.0030,11186433.5534
2026-08-06T08:07:00+05:30,1801.71,573.8300,1227.8793,4.2449,0.0049,5641101.5777,0.0012,12820617.1634
2026-08-06T08:08:00+05:30,1367.48,165.3888,1202.0901,0.9719,0.0004,1659112.4519,0.0007,11912936.6823
2026-08-06T08:09:00+05:30,1226.32,167.1167,1059.2059,0.8713,0.0005,1763533.7456,0.0007,11745353.2245
2026-08-06T08:10:00+05:30,1287.59,163.4446,1124.1459,0.9205,0.0004,1770612.2694,0.0008,12804479.7760
2026-08-06T08:11:00+05:30,1417.27,160.8280,1256.4415,1.0130,0.0004,1763405.7531,0.0008,12953031.6989
2026-08-06T08:12:00+05:30,5572.33,4592.0024,980.3310,22.2715,0.0040,233580147.0172,0.0040,10697064.5242
2026-08-06T08:13:00+05:30,1519.10,168.2056,1350.8950,1.0703,0.0004,1645104.1219,0.0007,13192715.1024
2026-08-06T08:14:00+05:30,1199.51,168.9416,1030.5651,0.8501,0.0004,1672967.9355,0.0007,11499367.7755
2026-08-06T08:15:00+05:30,1280.84,168.7002,1112.1445,0.9134,0.0004,1723797.9098,0.0007,12671498.6082
2026-08-06T08:16:00+05:30,1746.96,536.6041,1210.3588,1.5962,0.0011,4902872.6836,0.0009,12594203.4395
2026-08-06T08:17:00+05:30,1757.57,557.2981,1200.2767,2.1246,0.0020,13229927.7679,0.0009,12709949.2342
2026-08-06T08:18:00+05:30,5311.51,4322.6489,988.8656,21.2351,0.0041,223687657.2991,0.0037,10001725.5059
2026-08-06T08:19:00+05:30,1339.25,174.2746,1164.9751,0.9424,0.0004,1687399.3634,0.0007,12638327.0170
2026-08-06T08:20:00+05:30,1275.40,173.9167,1101.4833,0.9071,0.0004,1691824.6029,0.0008,12482761.5540
2026-08-06T08:21:00+05:30,1422.64,171.7338,1250.9084,1.0126,0.0004,1703082.3082,0.0008,12854055.5389
2026-08-06T08:22:00+05:30,1354.37,169.8607,1184.5087,0.9644,0.0004,1742371.6566,0.0008,12590932.1246
2026-08-06T08:23:00+05:30,2791.61,1646.4490,1145.1573,4.2083,0.0016,103208372.5458,0.0013,11522773.4258
2026-08-06T08:24:00+05:30,4170.63,3135.1486,1035.4786,20.0218,0.0051,131204694.9189,0.0038,11330944.7231
2026-08-06T08:25:00+05:30,1319.06,173.7891,1145.2715,0.9311,0.0004,1676520.7420,0.0007,12790177.9696
2026-08-06T08:26:00+05:30,1325.61,174.9575,1150.6518,0.9400,0.0005,1724272.1968,0.0007,12046552.7290
2026-08-06T08:27:00+05:30,1304.61,173.3189,1131.2891,0.9261,0.0005,1740410.9059,0.0007,12190112.1259
2026-08-06T08:28:00+05:30,1325.83,170.1755,1155.6567,0.9389,0.0004,1749907.9877,0.0007,11605925.0567
2026-08-06T08:29:00+05:30,3677.40,2586.9207,1090.4788,6.0083,0.0014,172979903.5382,0.0020,11992829.6918
2026-08-06T08:30:00+05:30,3630.64,2390.3553,1240.2853,20.1650,0.0066,64586054.5224,0.0036,13468026.3947
2026-08-06T08:31:00+05:30,1434.99,182.9030,1252.0875,1.0128,0.0004,1789192.4397,0.0008,12921535.7845
2026-08-06T08:32:00+05:30,1243.72,179.7770,1063.9429,0.8781,0.0004,1797905.8541,0.0007,11426291.5055
2026-08-06T08:33:00+05:30,1213.82,176.3500,1037.4667,0.8537,0.0005,1785446.4000,0.0007,10587136.0000
2026-08-06T08:34:00+05:30,1208.10,175.7020,1032.3973,0.8556,0.0005,1793450.5700,0.0008,11665108.1928
2026-08-06T08:35:00+05:30,4279.57,3030.5262,1249.0419,10.5604,0.0023,182081139.9817,0.0031,13843954.4780
2026-08-06T08:36:00+05:30,3625.00,2338.8455,1286.1525,21.9384,0.0070,58460724.6783,0.0043,13033689.4045
2026-08-06T08:37:00+05:30,1242.74,192.8418,1049.8941,0.9134,0.0004,1868832.4332,0.0008,18080424.6183
2026-08-06T08:38:00+05:30,1208.16,189.2162,1018.9449,0.8453,0.0004,1851065.7669,0.0008,10480818.7287
2026-08-06T08:39:00+05:30,1243.88,185.2840,1058.5941,0.8786,0.0004,1863444.4407,0.0007,11744233.6389
2026-08-06T08:40:00+05:30,1329.78,179.7367,1150.0417,0.9479,0.0004,1788045.3932,0.0008,13174446.2331
2026-08-06T08:41:00+05:30,4392.19,2994.0184,1398.1705,8.0548,0.0016,208957217.8549,0.0024,14292151.0905
2026-08-06T08:42:00+05:30,3416.78,2361.3098,1055.4694,26.3087,0.0089,26621780.5565,0.0050,11147137.7649
2026-08-06T08:43:00+05:30,1189.15,194.8171,994.3338,0.8238,0.0004,1857691.5642,0.0007,10308874.1792
2026-08-06T08:44:00+05:30,1210.05,191.3032,1018.7503,0.8511,0.0004,1853266.0878,0.0007,11388503.4084
2026-08-06T08:45:00+05:30,1375.99,185.3537,1190.6381,0.9799,0.0004,1821544.5346,0.0008,13381869.0050
2026-08-06T08:46:00+05:30,1425.52,179.6004,1245.9216,1.0135,0.0004,1812800.1066,0.0007,12851769.9127
2026-08-06T08:47:00+05:30,4294.13,3042.9255,1251.2039,7.4032,0.0015,210519493.2929,0.0024,13118448.2845
2026-08-06T08:48:00+05:30,3308.57,2351.2428,957.3241,25.1639,0.0088,24913247.7578,0.0046,9746863.0680
2026-08-06T08:49:00+05:30,1583.37,555.2241,1028.1453,1.1056,0.0006,27128270.0883,0.0008,16702683.9527
2026-08-06T08:50:00+05:30,2267.30,788.0111,1479.2879,1.5676,0.0005,36131513.1189,0.0008,20248196.0327
2026-08-06T08:51:00+05:30,2022.72,139.9833,1882.7333,4.0190,0.0008,1450803.2000,0.0020,23297024.0000
2026-08-06T08:52:00+05:30,1748.92,135.9545,1612.9704,1.2901,0.0005,1407387.7027,0.0008,19559104.8886
2026-08-06T08:53:00+05:30,4471.06,3181.9818,1289.0741,6.8262,0.0016,213906235.1196,0.0013,15556675.5896
2026-08-06T08:54:00+05:30,2687.89,1912.1936,775.6928,16.4105,0.0080,14557124.0689,0.0014,10374230.7397
2026-08-06T08:55:00+05:30,2053.40,220.2203,1833.1806,1.4835,0.0004,1974749.8667,0.0007,20383812.2667
2026-08-06T08:56:00+05:30,1990.84,530.5361,1460.2989,1.5493,0.0007,4879830.6977,0.0008,18554550.3324
2026-08-06T08:57:00+05:30,1679.71,227.6432,1452.0694,1.1990,0.0004,2309662.5273,0.0007,16315861.9172
2026-08-06T08:58:00+05:30,2118.05,651.7283,1466.3178,1.9825,0.0011,5985180.2470,0.0008,15815279.8787
2026-08-06T08:59:00+05:30,4991.67,4135.2689,856.3976,12.9407,0.0029,217553032.5333,0.0012,11097429.3333
2026-08-06T09:00:00+05:30,2331.66,1179.5727,1152.0884,9.2129,0.0065,12069812.4604,0.0014,15153725.3908
2026-08-06T09:01:00+05:30,1291.90,199.3633,1092.5318,0.9346,0.0004,2200334.5278,0.0007,16372394.8601
2026-08-06T09:02:00+05:30,1778.78,566.6956,1212.0859,1.9192,0.0012,5013784.1477,0.0010,15919066.7289
2026-08-06T09:03:00+05:30,1577.51,180.3986,1397.1103,1.1152,0.0004,1789431.7235,0.0007,14451359.1308
2026-08-06T09:04:00+05:30,1208.77,176.2010,1032.5699,0.8553,0.0004,1764733.2733,0.0008,11649642.8309
2026-08-06T09:05:00+05:30,5488.95,4569.6027,919.3495,22.3263,0.0040,207041360.7945,0.0046,13463931.2138
2026-08-06T09:06:00+05:30,2372.93,978.3914,1394.5411,8.2421,0.0064,11672193.1439,0.0013,14423962.6517
2026-08-06T09:07:00+05:30,1453.10,177.6793,1275.4179,1.0341,0.0004,1730182.1818,0.0007,13252716.3284
2026-08-06T09:08:00+05:30,1247.47,175.5029,1071.9679,0.8792,0.0004,1747490.1333,0.0008,10882594.1333
2026-08-06T09:09:00+05:30,1217.06,170.7020,1046.3582,0.8630,0.0004,1705944.3102,0.0008,11650028.4281
2026-08-06T09:10:00+05:30,1255.54,169.3759,1086.1635,0.9010,0.0004,1714981.0434,0.0008,13586340.2858
2026-08-06T09:11:00+05:30,5573.95,4587.2818,986.6720,24.9136,0.0045,209481435.3165,0.0044,10788210.1195
2026-08-06T09:12:00+05:30,1827.36,476.5612,1350.7985,3.0646,0.0035,5076196.7126,0.0010,13987485.6133
2026-08-06T09:13:00+05:30,1372.39,176.6970,1195.6913,0.9725,0.0004,1706126.3933,0.0007,11887060.2976
2026-08-06T09:14:00+05:30,1183.78,183.2475,1000.5335,0.8364,0.0004,2311840.6109,0.0008,11398105.6036
2026-08-06T09:15:00+05:30,1926.09,639.2694,1286.8213,1.7304,0.0006,38908484.5596,0.0010,33970553.6539
2026-08-06T09:16:00+05:30,1792.61,410.6060,1382.0079,1.8642,0.0006,16417380.1747,0.0012,31602356.1096
2026-08-06T09:17:00+05:30,5390.27,4050.7926,1339.4789,24.4703,0.0044,203891545.4500,0.0051,46450943.7397
2026-08-06T09:18:00+05:30,1757.20,401.3500,1355.8500,1.8691,0.0007,27733622.0396,0.0012,39498912.8848
2026-08-06T09:19:00+05:30,1647.70,421.3017,1226.3972,1.8629,0.0007,29767306.1503,0.0013,52349737.0236
2026-08-06T09:20:00+05:30,1671.34,387.1935,1284.1453,1.3457,0.0006,26854801.9066,0.0009,40336336.5221
2026-08-06T09:21:00+05:30,1922.36,371.1519,1551.2109,2.4208,0.0007,25074106.8071,0.0014,60304581.3721
2026-08-06T09:22:00+05:30,1740.78,436.5585,1304.2261,1.2215,0.0005,11863513.2730,0.0007,18241871.7192
2026-08-06T09:23:00+05:30,3079.84,1528.3044,1551.5315,12.2055,0.0032,54173156.5871,0.0047,18870913.2443
2026-08-06T09:24:00+05:30,1542.37,239.7668,1302.6072,1.0916,0.0004,2284927.0958,0.0007,16061091.2968
2026-08-06T09:25:00+05:30,1790.05,240.2373,1549.8092,1.2820,0.0005,2325269.6878,0.0007,17755636.7273
2026-08-06T09:26:00+05:30,1565.62,230.4025,1335.2172,1.1127,0.0004,2292976.0766,0.0006,15285551.1728
2026-08-06T09:27:00+05:30,1183.28,221.7778,961.4981,0.8174,0.0004,2231308.2205,0.0007,10038804.7203
2026-08-06T09:28:00+05:30,3028.61,1858.5975,1170.0163,11.4021,0.0046,54872652.4681,0.0025,11973799.9533
2026-08-06T09:29:00+05:30,1607.84,219.1854,1388.6574,1.1324,0.0004,2188515.2237,0.0008,14464228.2476
2026-08-06T09:30:00+05:30,1344.90,221.3518,1123.5436,0.9447,0.0004,2203831.6526,0.0008,12669028.0190
2026-08-06T09:31:00+05:30,1453.92,211.4167,1242.5000,1.0253,0.0005,2168695.4667,0.0007,12869427.2000
2026-08-06T09:32:00+05:30,1358.53,207.5299,1150.9975,0.9565,0.0004,2101384.5333,0.0007,12398592.0000
2026-08-06T09:33:00+05:30,1431.14,266.7767,1164.3664,0.9959,0.0005,5236011.8010,0.0007,11706182.9819
2026-08-06T09:34:00+05:30,1639.30,198.9171,1440.3832,1.1714,0.0004,2050251.8992,0.0007,14868949.4869
2026-08-06T09:35:00+05:30,1279.99,193.9744,1086.0163,0.9042,0.0004,2084945.8135,0.0007,12270244.1562
2026-08-06T09:36:00+05:30,1324.10,186.1050,1137.9994,0.9360,0.0004,2020178.0874,0.0007,11969840.2147
2026-08-06T09:37:00+05:30,1319.40,184.0285,1135.3675,0.9342,0.0004,2052266.1689,0.0007,12178513.0401
2026-08-06T09:38:00+05:30,1435.66,181.8318,1253.8246,1.0208,0.0005,2113597.7069,0.0007,12564247.5752
2026-08-06T09:39:00+05:30,1608.22,173.0689,1435.1471,1.1588,0.0004,1969771.6152,0.0008,14801615.8923
2026-08-06T09:40:00+05:30,1266.87,167.8277,1099.0467,0.9029,0.0005,1870444.3185,0.0007,12357424.8858
2026-08-06T09:41:00+05:30,1337.74,155.2348,1182.5046,0.9558,0.0004,1762889.8890,0.0007,12335313.5314
2026-08-06T09:42:00+05:30,1303.63,156.5323,1147.0980,0.9308,0.0004,1786990.4324,0.0008,12234268.7602
2026-08-06T09:43:00+05:30,1399.08,158.7069,1240.3766,1.0057,0.0004,1957220.4633,0.0007,12514675.8207
2026-08-06T09:44:00+05:30,1940.71,546.9214,1393.7894,2.0364,0.0012,5090608.2608,0.0010,14560551.5218
2026-08-06T09:45:00+05:30,1218.24,139.2671,1078.9741,0.8690,0.0004,1658714.1286,0.0007,12180149.4517
2026-08-06T09:46:00+05:30,1257.96,133.5867,1124.3687,0.9029,0.0005,1611471.5874,0.0007,11839079.3286
2026-08-06T09:47:00+05:30,1261.52,126.7019,1134.8176,0.9073,0.0004,1592858.5522,0.0007,11949032.9289
2026-08-06T09:48:00+05:30,1291.96,126.1875,1165.7722,0.9307,0.0004,1618751.8709,0.0007,12133914.4291
2026-08-06T09:49:00+05:30,1647.25,121.0439,1526.2070,2.4630,0.0007,1549276.9815,0.0016,15574206.5196
2026-08-06T09:50:00+05:30,1192.85,119.5147,1073.3321,0.8618,0.0004,1561668.2667,0.0007,12129553.0667
2026-08-06T09:51:00+05:30,1260.56,116.2341,1144.3216,0.9096,0.0005,1503227.6304,0.0007,12029576.2102
2026-08-06T09:52:00+05:30,1294.51,109.6835,1184.8223,0.9369,0.0005,1470038.6942,0.0007,12312367.5449
2026-08-06T09:53:00+05:30,1225.97,124.5416,1101.4234,0.8822,0.0005,1646046.5039,0.0008,11630332.3944
2026-08-06T09:54:00+05:30,1650.16,108.5351,1541.6257,2.4291,0.0007,1444888.0815,0.0015,15787202.8534
2026-08-06T09:55:00+05:30,1227.62,104.2451,1123.3714,0.8926,0.0004,1383849.2578,0.0007,12441950.5856
2026-08-06T09:56:00+05:30,1214.18,105.1719,1109.0066,0.8789,0.0004,1429482.0101,0.0007,11665247.9242
2026-08-06T09:57:00+05:30,1235.07,105.2623,1129.8074,0.8939,0.0004,1421369.0595,0.0007,11818009.7314
2026-08-06T09:58:00+05:30,1228.04,104.0180,1124.0247,0.8895,0.0004,1430936.7122,0.0007,11803827.9426
2026-08-06T09:59:00+05:30,1643.90,153.4027,1490.5019,5.2500,0.0009,1999949.8767,0.0034,15534591.2151
2026-08-06T10:00:00+05:30,1181.40,108.7315,1072.6655,0.8568,0.0005,1447229.2128,0.0007,12092692.3218
2026-08-06T10:01:00+05:30,1245.72,108.9500,1136.7667,0.9008,0.0004,1456947.2000,0.0007,11964825.6000
2026-08-06T10:02:00+05:30,1208.14,105.3272,1102.8103,0.8742,0.0004,1428418.0418,0.0007,11553104.1104
2026-08-06T10:03:00+05:30,1217.20,108.6500,1108.5500,0.8806,0.0005,1468689.0667,0.0007,11794295.4667
2026-08-06T10:04:00+05:30,1958.81,489.0145,1469.7940,7.5785,0.0007,6127749.2832,0.0050,15423295.8592
2026-08-06T10:05:00+05:30,1528.82,483.5269,1045.2947,1.3667,0.0011,4672239.9720,0.0008,11951621.1109
2026-08-06T10:06:00+05:30,1249.41,125.1146,1124.2980,0.8914,0.0004,1612216.8341,0.0007,11865629.2223
2026-08-06T10:07:00+05:30,1275.25,125.3229,1149.9242,0.9172,0.0005,1623735.5868,0.0007,11861789.8895
2026-08-06T10:08:00+05:30,1217.52,126.0521,1091.4682,0.8761,0.0005,1645185.8198,0.0007,11712024.5337
2026-08-06T10:09:00+05:30,1943.55,428.2857,1515.2596,7.9033,0.0007,6212819.6820,0.0051,15748919.9587
2026-08-06T10:10:00+05:30,1211.93,127.6036,1084.3303,0.8737,0.0005,1649183.4375,0.0008,12112735.0162
2026-08-06T10:11:00+05:30,1261.52,121.5930,1139.9303,0.9083,0.0005,1585317.1073,0.0007,11856044.2770
2026-08-06T10:12:00+05:30,1233.73,120.7799,1112.9478,0.8871,0.0004,1587318.5916,0.0007,11458848.5444
2026-08-06T10:13:00+05:30,1198.76,119.5973,1079.1592,0.8641,0.0005,1576692.3590,0.0007,11658770.5027
2026-08-06T10:14:00+05:30,1646.15,164.7196,1481.4265,8.6550,0.0012,2464385.0282,0.0057,15421399.7267
2026-08-06T10:15:00+05:30,1176.16,117.8539,1058.3021,0.8504,0.0004,1547696.2759,0.0007,11955351.4288
2026-08-06T10:16:00+05:30,1225.73,117.5676,1108.1662,0.8841,0.0005,1539507.7262,0.0007,11729836.2754
2026-08-06T10:17:00+05:30,1252.43,111.6186,1140.8068,0.9038,0.0004,1488076.5474,0.0008,11807519.3786
2026-08-06T10:18:00+05:30,1193.44,111.2630,1082.1763,0.8628,0.0005,1482627.1961,0.0007,11716687.4021
2026-08-06T10:19:00+05:30,1715.86,169.1828,1546.6740,8.4025,0.0011,2282517.3632,0.0054,16147503.2993
2026-08-06T10:20:00+05:30,1387.28,114.3595,1272.9227,1.0088,0.0004,1512053.0720,0.0008,13458617.3284
2026-08-06T10:21:00+05:30,1162.84,109.1721,1053.6694,0.8378,0.0005,1465938.9980,0.0008,10959691.1897
2026-08-06T10:22:00+05:30,1158.47,104.0643,1054.4067,0.8353,0.0005,1391725.3791,0.0007,10924668.8219
2026-08-06T10:23:00+05:30,1160.09,102.1320,1057.9587,0.8408,0.0005,1393258.5888,0.0007,11547400.3767
2026-08-06T10:24:00+05:30,3629.05,2739.3594,889.6944,3.9319,0.0011,232597947.3061,0.0009,10199078.9075
2026-08-06T10:25:00+05:30,1771.75,126.7857,1644.9634,1.2847,0.0004,1594675.4680,0.0008,17117498.8248
2026-08-06T10:26:00+05:30,1882.00,586.3529,1295.6432,1.9106,0.0013,5491850.0592,0.0009,13468662.7665
2026-08-06T10:27:00+05:30,1541.39,481.2586,1060.1323,1.4907,0.0012,4607778.1407,0.0009,11356600.6466
2026-08-06T10:28:00+05:30,1150.02,112.4054,1037.6129,0.8170,0.0004,1462057.5276,0.0007,10661777.5556
2026-08-06T10:29:00+05:30,1223.17,218.9729,1004.1992,0.8878,0.0006,11619256.9486,0.0007,11463162.3009
2026-08-06T10:30:00+05:30,4640.78,2913.4239,1727.3561,5.1973,0.0010,275520421.2982,0.0013,28447080.0767
2026-08-06T10:31:00+05:30,4027.17,1720.9108,2306.2613,8.6568,0.0007,89354348.9089,0.0032,62340632.4704
2026-08-06T10:32:00+05:30,2942.97,717.9996,2224.9738,9.1017,0.0011,47465600.4799,0.0037,72513268.1187
2026-08-06T10:33:00+05:30,3453.50,1128.5500,2324.9500,9.2541,0.0009,47751372.8000,0.0035,75821124.2667
2026-08-06T10:34:00+05:30,3464.30,1149.0216,2315.2772,11.4438,0.0009,37689849.3950,0.0045,66323550.5184
2026-08-06T10:35:00+05:30,4576.84,2682.9618,1893.8760,15.4289,0.0014,163259042.4489,0.0063,86311293.3409
2026-08-06T10:36:00+05:30,3717.74,1895.1884,1822.5484,10.6438,0.0015,143543641.3255,0.0044,97694455.4739
2026-08-06T10:37:00+05:30,2382.62,1012.9335,1369.6895,2.2000,0.0005,32475682.1333,0.0012,56155955.2000
2026-08-06T10:38:00+05:30,2066.38,662.0047,1404.3741,2.0363,0.0005,22047553.5181,0.0012,33476123.4226
2026-08-06T10:39:00+05:30,2146.75,516.8064,1629.9432,2.8229,0.0006,20221572.5499,0.0015,35223606.8459
2026-08-06T10:40:00+05:30,1911.74,768.9321,1142.8071,1.3612,0.0005,21375189.3874,0.0008,33979038.1975
2026-08-06T10:41:00+05:30,4029.36,2484.8273,1544.5350,14.3196,0.0014,63853069.5062,0.0071,34960055.1917
2026-08-06T10:42:00+05:30,4190.13,2788.4657,1401.6668,9.9079,0.0018,205199325.0104,0.0035,62172357.5631
2026-08-06T10:43:00+05:30,2295.59,1081.9740,1213.6157,3.3873,0.0010,23436102.8341,0.0019,34142182.4422
2026-08-06T10:44:00+05:30,5660.41,4087.9445,1572.4646,5.4428,0.0008,315486649.1497,0.0029,34804322.5075
2026-08-06T10:45:00+05:30,5338.17,3595.3968,1742.7752,11.2881,0.0011,228271090.9788,0.0063,48194744.3961
2026-08-06T10:46:00+05:30,2341.52,726.7104,1614.8100,2.9191,0.0006,40488816.2340,0.0015,44007430.0102
2026-08-06T10:47:00+05:30,3737.51,2353.3921,1384.1219,20.7044,0.0068,121172275.3058,0.0035,23591829.6170
2026-08-06T10:48:00+05:30,3792.57,2428.1072,1364.4636,15.7378,0.0049,177069166.6833,0.0030,26316830.7169
2026-08-06T10:49:00+05:30,2384.50,596.4333,1788.0667,4.1862,0.0009,41124724.7213,0.0020,41666684.7553
2026-08-06T10:50:00+05:30,2036.28,793.2701,1243.0126,1.5002,0.0006,29851491.8085,0.0009,36884206.5966
2026-08-06T10:51:00+05:30,3608.79,2047.9715,1560.8227,2.6805,0.0006,27717331.7332,0.0009,51689316.1316
2026-08-06T10:52:00+05:30,2656.04,1390.6102,1265.4289,2.0102,0.0006,24212690.8552,0.0009,35376289.3285
2026-08-06T10:53:00+05:30,4101.50,2950.9391,1150.5658,25.4126,0.0071,110455346.0763,0.0039,38638726.2819
2026-08-06T10:54:00+05:30,4814.63,3330.5500,1484.0833,41.5986,0.0095,99816200.1367,0.0071,30643642.4607
2026-08-06T10:55:00+05:30,2798.58,1087.3739,1711.2093,2.5550,0.0007,26915859.4573,0.0010,37449425.6950
2026-08-06T10:56:00+05:30,2397.70,1046.3477,1351.3491,2.2209,0.0009,20604445.9851,0.0009,35315354.0215
2026-08-06T10:57:00+05:30,2619.72,1331.5500,1288.1667,2.8474,0.0007,10447325.8667,0.0015,47112874.6667
2026-08-06T10:58:00+05:30,4157.26,3046.7810,1110.4778,4.1775,0.0009,35267527.2903,0.0014,30030984.8508
2026-08-06T10:59:00+05:30,5250.06,3939.6763,1310.3862,15.0015,0.0022,56992863.5674,0.0049,22604296.9013
2026-08-06T11:00:00+05:30,5104.65,4257.4114,847.2396,14.7154,0.0025,35551519.0135,0.0048,12112856.9238
2026-08-06T11:01:00+05:30,5131.69,4131.4706,1000.2167,15.5879,0.0026,29476682.3933,0.0051,11525108.6475
2026-08-06T11:02:00+05:30,4369.13,3460.8757,908.2515,9.7017,0.0021,28932979.1170,0.0028,13075920.7347
2026-08-06T11:03:00+05:30,1153.81,158.5413,995.2664,0.8151,0.0003,1491701.2517,0.0007,13064435.6218
2026-08-06T11:04:00+05:30,2976.95,2158.8793,818.0667,15.8558,0.0067,51169535.6887,0.0017,10016720.1373
2026-08-06T11:05:00+05:30,1687.30,513.7780,1173.5209,1.4172,0.0009,4564205.9780,0.0008,12056594.1287
2026-08-06T11:06:00+05:30,1578.81,486.9478,1091.8653,1.3062,0.0009,4365975.8956,0.0008,11624804.2808
2026-08-06T11:07:00+05:30,1663.92,455.0817,1208.8353,1.3150,0.0008,4086102.8179,0.0008,11805017.5140
2026-08-06T11:08:00+05:30,1173.99,144.7101,1029.2754,0.8413,0.0004,1426313.7608,0.0008,11185299.0564
2026-08-06T11:09:00+05:30,1525.37,441.2838,1084.0874,1.1265,0.0007,3958124.3126,0.0008,12227594.0677
2026-08-06T11:10:00+05:30,1442.67,185.5198,1257.1543,1.0232,0.0004,1780151.2692,0.0007,12874556.9759
2026-08-06T11:11:00+05:30,1657.59,432.5356,1225.0592,1.2946,0.0007,3905951.9349,0.0008,12523580.4140
2026-08-06T11:12:00+05:30,1703.10,422.9558,1280.1486,1.3184,0.0007,3848919.9647,0.0008,12570981.7200
2026-08-06T11:13:00+05:30,1147.87,118.0422,1029.8231,0.8216,0.0004,1228677.0913,0.0007,11552459.8406
2026-08-06T11:14:00+05:30,1507.62,413.2127,1094.4119,1.1083,0.0006,3744040.5306,0.0008,12485277.5148
2026-08-06T11:15:00+05:30,1933.97,673.2888,1260.6790,1.4479,0.0007,4792866.1333,0.0008,12895095.4667
2026-08-06T11:16:00+05:30,1342.56,122.5541,1220.0073,0.9857,0.0005,1252714.2119,0.0008,12569468.1578
2026-08-06T11:17:00+05:30,1733.58,404.8865,1328.6890,1.4089,0.0007,3651530.5490,0.0009,12804283.5905
2026-08-06T11:18:00+05:30,1412.58,393.5218,1019.0613,0.9877,0.0005,3558406.8248,0.0008,11094061.3170
2026-08-06T11:19:00+05:30,1184.65,110.9407,1073.7104,0.8574,0.0005,1170432.0512,0.0007,12446092.6658
2026-08-06T11:20:00+05:30,1733.18,469.2833,1263.9000,1.2243,0.0005,3777536.0000,0.0008,12829354.6667
2026-08-06T11:21:00+05:30,1342.54,106.2305,1236.3067,0.9722,0.0005,1156176.3706,0.0007,12602315.6141
2026-08-06T11:22:00+05:30,2377.01,1113.8576,1263.1509,1.7609,0.0007,37148617.9642,0.0008,13209782.6225
2026-08-06T11:23:00+05:30,1162.91,97.2748,1065.6388,0.8364,0.0004,951853.1878,0.0007,11609645.8705
2026-08-06T11:24:00+05:30,1426.71,410.0513,1016.6633,1.0887,0.0007,3629149.3701,0.0008,13049703.6593
2026-08-06T11:25:00+05:30,1743.05,462.8617,1280.1874,1.2173,0.0005,7418162.4217,0.0007,13809662.0883
2026-08-06T11:26:00+05:30,1644.95,401.1200,1243.8252,1.3293,0.0008,3579716.4095,0.0008,13018428.9857
2026-08-06T11:27:00+05:30,1706.77,366.8050,1339.9677,1.4946,0.0011,3326724.0753,0.0008,13087317.7643
2026-08-06T11:28:00+05:30,1561.73,521.8529,1039.8734,2.1449,0.0020,4793510.9556,0.0011,11369974.5730
2026-08-06T11:29:00+05:30,1420.33,370.2574,1050.0767,1.0198,0.0006,3342855.4854,0.0008,12581268.8749
2026-08-06T11:30:00+05:30,1392.73,142.8786,1249.8542,1.0039,0.0005,1205601.4401,0.0007,13147534.6356
2026-08-06T11:31:00+05:30,1618.96,352.3902,1266.5678,1.2041,0.0006,3201305.6870,0.0008,12933231.2821
2026-08-06T11:32:00+05:30,1439.46,114.0839,1325.3757,1.0647,0.0006,1190532.6359,0.0007,12994049.2453
2026-08-06T11:33:00+05:30,1448.95,363.8637,1085.0894,1.0170,0.0005,3302734.5959,0.0007,11698701.5204
2026-08-06T11:34:00+05:30,1228.42,101.7184,1126.7021,0.8971,0.0005,1108737.4123,0.0007,12378659.6443
2026-08-06T11:35:00+05:30,1591.99,368.0965,1223.8943,1.0880,0.0005,3367791.8840,0.0007,12312846.9961
2026-08-06T11:36:00+05:30,1272.05,95.5333,1176.5167,0.9228,0.0005,1034171.7333,0.0007,12050636.8000
2026-08-06T11:37:00+05:30,1373.01,102.9752,1270.0392,0.9942,0.0005,1128064.1387,0.0007,12587715.6430
2026-08-06T11:38:00+05:30,1400.12,355.9523,1044.1711,1.0146,0.0006,3252358.4965,0.0008,11572915.3429
2026-08-06T11:39:00+05:30,1440.92,332.0891,1108.8300,0.9984,0.0005,3071078.5536,0.0008,12717394.0343
2026-08-06T11:40:00+05:30,1385.49,116.0046,1269.4827,1.0389,0.0006,1215349.2249,0.0008,13244507.1512
2026-08-06T11:41:00+05:30,1376.32,95.5293,1280.7892,1.0016,0.0004,1054304.3391,0.0008,13076595.3476
2026-08-06T11:42:00+05:30,1651.22,345.0121,1306.2089,1.1875,0.0005,3172684.6571,0.0008,12736822.4685
2026-08-06T11:43:00+05:30,1160.60,95.3278,1065.2681,0.8418,0.0004,1081637.7512,0.0007,11488647.3156
2026-08-06T11:44:00+05:30,1394.47,324.0139,1070.4545,0.9524,0.0005,2986352.2665,0.0007,12617616.5914
2026-08-06T11:45:00+05:30,1353.60,93.6708,1259.9320,0.9841,0.0004,1046456.7391,0.0007,12764096.5205
2026-08-06T11:46:00+05:30,1563.13,325.0054,1238.1206,1.0745,0.0005,3007315.1772,0.0008,12677815.6605
2026-08-06T11:47:00+05:30,1383.61,94.0453,1289.5689,1.0050,0.0004,1063814.5426,0.0007,12647201.2399
2026-08-06T11:48:00+05:30,1383.14,319.6287,1063.5124,0.9397,0.0005,2952199.9867,0.0008,11519778.1481
2026-08-06T11:49:00+05:30,1211.58,93.1140,1118.4678,0.8823,0.0004,1053290.3054,0.0008,12291277.2370
2026-08-06T11:50:00+05:30,1340.63,93.2853,1247.3495,0.9739,0.0004,1035351.7929,0.0008,12528214.1797
2026-08-06T11:51:00+05:30,1548.65,319.2248,1229.4246,1.0616,0.0004,2954127.0413,0.0007,12579508.6316
2026-08-06T11:52:00+05:30,1360.05,95.0246,1265.0221,0.9860,0.0004,1064178.9512,0.0007,12368153.0820
2026-08-06T11:53:00+05:30,1365.55,312.7531,1052.7921,0.9288,0.0005,2918186.7022,0.0007,11440951.8414
2026-08-06T11:54:00+05:30,1588.52,501.0082,1087.5094,1.5263,0.0012,4687686.1595,0.0009,12054957.0202
2026-08-06T11:55:00+05:30,1319.37,92.7062,1226.6651,0.9499,0.0004,1020876.5397,0.0007,12339545.6288
2026-08-06T11:56:00+05:30,1533.44,317.2992,1216.1441,1.0466,0.0004,2898767.5589,0.0007,12485843.3948
2026-08-06T11:57:00+05:30,2091.65,839.6500,1252.0000,1.3836,0.0005,32948565.3333,0.0007,13324424.5333
2026-08-06T11:58:00+05:30,1145.40,97.5850,1047.8175,0.8298,0.0005,950902.2484,0.0007,11443663.7944
2026-08-06T11:59:00+05:30,1190.44,94.5849,1095.8516,0.8728,0.0004,957729.0288,0.0008,13409025.6171
2026-08-06T12:00:00+05:30,2007.30,820.4893,1186.8104,1.6550,0.0008,17165354.2215,0.0009,14203225.7591
2026-08-06T12:01:00+05:30,1409.14,91.1712,1317.9659,1.0276,0.0004,977013.1173,0.0007,13767139.5570
2026-08-06T12:02:00+05:30,1469.32,92.4784,1376.8454,1.0688,0.0005,1010673.8207,0.0007,13360168.7634
2026-08-06T12:03:00+05:30,1472.06,352.0911,1119.9640,1.1040,0.0006,3239167.6501,0.0008,12104958.7625
2026-08-06T12:04:00+05:30,1228.49,95.2413,1133.2444,0.8968,0.0004,1057607.0673,0.0007,12905250.3709
2026-08-06T12:05:00+05:30,1590.27,447.8552,1142.4191,1.1396,0.0005,3613667.9277,0.0008,12997095.0421
2026-08-06T12:06:00+05:30,1385.66,96.3558,1289.3008,1.0076,0.0005,1062937.5031,0.0007,13238204.8110
2026-08-06T12:07:00+05:30,1443.30,97.2419,1346.0545,1.0480,0.0004,1102265.1245,0.0007,13042935.9021
2026-08-06T12:08:00+05:30,1431.44,338.9503,1092.4880,0.9704,0.0004,3161088.0000,0.0008,11773269.3333
2026-08-06T12:09:00+05:30,1226.11,97.3171,1128.7952,0.8923,0.0005,1096248.2253,0.0007,12412975.4374
2026-08-06T12:10:00+05:30,1430.14,189.5434,1240.5929,1.0112,0.0004,1480719.7066,0.0007,12557948.1160
2026-08-06T12:11:00+05:30,1556.97,339.1759,1217.7977,1.0884,0.0005,3168360.4132,0.0008,12436498.7671
2026-08-06T12:12:00+05:30,1352.15,97.5764,1254.5755,0.9795,0.0004,1120163.2163,0.0008,12262465.7132
2026-08-06T12:13:00+05:30,1145.92,96.4554,1049.4609,0.8304,0.0004,1105126.8207,0.0007,11382191.9141
2026-08-06T12:14:00+05:30,1464.79,332.2776,1132.5076,0.9989,0.0004,3102196.4694,0.0008,12484097.8179
2026-08-06T12:15:00+05:30,1330.47,97.6333,1232.8333,0.9660,0.0005,1104486.4000,0.0007,12445218.1333
2026-08-06T12:16:00+05:30,1313.36,96.5468,1216.8094,0.9534,0.0005,1117196.4068,0.0008,12423639.0847
2026-08-06T12:17:00+05:30,1605.86,333.1000,1272.7606,1.0984,0.0004,3112998.2332,0.0008,12492137.7471
2026-08-06T12:18:00+05:30,1141.15,94.9302,1046.2151,0.8274,0.0004,1096753.9874,0.0007,11352489.1918
2026-08-06T12:19:00+05:30,1234.10,95.9087,1138.1885,0.8980,0.0004,1127038.2295,0.0007,12436192.1141
2026-08-06T12:20:00+05:30,1599.26,336.8663,1262.3904,1.1026,0.0005,3142530.6558,0.0007,12725006.7828
2026-08-06T12:21:00+05:30,2212.77,971.5852,1241.1839,1.4246,0.0005,29241706.1245,0.0007,13988107.9243
2026-08-06T12:22:00+05:30,1725.01,505.4348,1219.5752,1.6101,0.0011,4670412.3766,0.0008,12072629.5012
2026-08-06T12:23:00+05:30,1133.37,97.9641,1035.4037,0.8111,0.0004,1029237.6335,0.0008,11288925.6760
2026-08-06T12:24:00+05:30,1248.01,100.0067,1148.0012,0.9092,0.0004,1079547.8945,0.0008,13630777.3147
2026-08-06T12:25:00+05:30,1866.65,761.6358,1105.0176,1.3849,0.0007,19585514.4143,0.0008,14537626.1290
2026-08-06T12:26:00+05:30,1483.58,104.4649,1379.1103,1.0808,0.0004,1095593.4734,0.0007,14421092.9818
2026-08-06T12:27:00+05:30,1518.71,104.8561,1413.8563,1.1025,0.0004,1134720.2347,0.0007,13670654.3527
2026-08-06T12:28:00+05:30,1538.30,435.3398,1102.9564,1.2002,0.0008,3980709.1291,0.0008,11906222.7111
2026-08-06T12:29:00+05:30,1268.73,107.7441,1160.9828,0.9151,0.0004,1158103.9753,0.0007,13116826.4022
2026-08-06T12:30:00+05:30,1402.29,228.7538,1173.5362,0.9851,0.0004,1673817.9273,0.0007,13396687.6229
2026-08-06T12:31:00+05:30,1760.33,428.8167,1331.5167,1.5304,0.0009,3937965.3006,0.0008,13593919.5680
2026-08-06T12:32:00+05:30,1443.26,111.1019,1332.1554,1.0348,0.0004,1237744.4241,0.0008,12975013.7023
2026-08-06T12:33:00+05:30,1178.60,107.9046,1070.6978,0.8512,0.0004,1216344.4472,0.0008,11551928.0180
2026-08-06T12:34:00+05:30,1217.61,106.9440,1110.6611,0.8825,0.0005,1215589.2991,0.0007,12169001.2834
2026-08-06T12:35:00+05:30,1623.14,422.0263,1201.1133,1.3052,0.0008,3883694.2051,0.0008,12256051.7325
2026-08-06T12:36:00+05:30,1391.57,108.7927,1282.7811,1.0061,0.0004,1207761.6159,0.0008,12891164.0557
2026-08-06T12:37:00+05:30,1339.27,109.8055,1229.4615,0.9659,0.0005,1227018.1509,0.0007,11965423.8712
2026-08-06T12:38:00+05:30,1431.84,408.6174,1023.2186,1.0704,0.0007,3766858.9716,0.0008,11188200.6167
2026-08-06T12:39:00+05:30,1238.58,106.0296,1132.5536,0.8945,0.0004,1194200.3332,0.0008,12506585.2716
2026-08-06T12:40:00+05:30,1361.73,107.5846,1254.1424,0.9859,0.0005,1198669.4004,0.0008,12653281.4589
2026-08-06T12:41:00+05:30,1381.40,107.3333,1274.0667,1.0015,0.0005,1205111.4667,0.0007,12844168.5333
2026-08-06T12:42:00+05:30,1629.64,407.2568,1222.3870,1.2615,0.0007,3758688.7781,0.0008,11933690.0948
2026-08-06T12:43:00+05:30,1139.56,107.7910,1031.7640,0.8180,0.0004,1201598.0002,0.0008,11319718.0235
2026-08-06T12:44:00+05:30,1226.15,105.8922,1120.2600,0.8893,0.0005,1194103.4103,0.0008,12298172.7506
2026-08-06T12:45:00+05:30,1437.88,107.3957,1330.4843,1.0427,0.0004,1195204.0786,0.0007,13227703.1039
2026-08-06T12:46:00+05:30,1657.12,406.6028,1250.5211,1.3551,0.0008,3738065.2605,0.0008,12716961.6674
2026-08-06T12:47:00+05:30,1300.13,104.4649,1195.6634,0.9344,0.0005,1175259.3457,0.0007,11632309.5948
2026-08-06T12:48:00+05:30,1137.14,106.1447,1030.9985,0.8208,0.0004,1183733.3511,0.0007,11244135.7243
2026-08-06T12:49:00+05:30,1258.26,107.5125,1150.7509,0.9128,0.0005,1208344.5793,0.0008,12572232.0309
2026-08-06T12:50:00+05:30,1739.39,393.7177,1345.6757,1.3711,0.0007,3647433.7038,0.0008,13436444.3852
2026-08-06T12:51:00+05:30,1969.55,748.5459,1221.0056,1.7418,0.0009,8601108.4964,0.0008,12815342.4219
2026-08-06T12:52:00+05:30,1441.75,252.7174,1189.0337,1.0259,0.0005,8950086.0548,0.0007,14144293.4067
2026-08-06T12:53:00+05:30,1137.14,103.8580,1033.2806,0.8231,0.0004,1115247.8627,0.0008,11566208.4160
2026-08-06T12:54:00+05:30,1336.09,104.3059,1231.7836,0.9824,0.0005,1141138.7991,0.0008,15104042.6766
2026-08-06T12:55:00+05:30,1450.08,107.8587,1342.2188,1.0678,0.0005,1183338.9311,0.0008,16308527.2558
2026-08-06T12:56:00+05:30,2585.15,1125.0562,1460.0950,2.3061,0.0008,53020417.8985,0.0009,16050886.4261
2026-08-06T12:57:00+05:30,1358.01,111.3648,1246.6496,0.9698,0.0004,1222204.5606,0.0008,12134174.6900
2026-08-06T12:58:00+05:30,1096.05,111.4315,984.6146,0.7883,0.0004,1241390.0520,0.0008,11203575.9435
2026-08-06T12:59:00+05:30,1310.15,111.4333,1198.7202,0.9527,0.0005,1244198.9068,0.0007,13455136.1152
2026-08-06T13:00:00+05:30,1661.72,440.9108,1220.8054,1.4849,0.0009,4070944.0453,0.0009,14143301.2751
2026-08-06T13:01:00+05:30,2166.81,809.1150,1357.6989,1.6992,0.0008,39710490.9233,0.0008,13913659.1042
2026-08-06T13:02:00+05:30,1373.09,111.0667,1262.0274,0.9818,0.0004,1157082.9709,0.0008,12230801.1132
2026-08-06T13:03:00+05:30,1161.79,111.2389,1050.5525,0.8376,0.0005,1176088.6711,0.0007,11395573.5120
2026-08-06T13:04:00+05:30,1291.77,126.4764,1165.2923,0.9548,0.0005,3017803.5884,0.0008,15629787.9288
2026-08-06T13:05:00+05:30,2111.77,665.0103,1446.7585,1.4549,0.0005,27543025.1451,0.0007,17978019.6092
2026-08-06T13:06:00+05:30,2160.83,973.7846,1187.0406,8.0721,0.0068,14910605.9364,0.0012,13499604.4864
2026-08-06T13:07:00+05:30,1346.91,114.7128,1232.1923,0.9746,0.0004,1217768.4744,0.0007,14095709.3430
2026-08-06T13:08:00+05:30,1243.21,116.4283,1126.7793,0.9076,0.0005,1250292.4959,0.0007,14027949.9950
2026-08-06T13:09:00+05:30,2038.31,487.5508,1550.7633,2.1358,0.0012,4459086.1943,0.0009,18300322.3785
2026-08-06T13:10:00+05:30,1307.64,123.0064,1184.6346,0.9558,0.0003,1289586.4011,0.0008,16916640.4133
2026-08-06T13:11:00+05:30,1777.42,651.0849,1126.3374,7.0806,0.0090,12277829.2837,0.0011,14143165.9501
2026-08-06T13:12:00+05:30,1273.68,118.4031,1155.2759,0.9054,0.0004,1257476.7795,0.0008,11711801.5669
2026-08-06T13:13:00+05:30,1128.24,120.0360,1008.1990,0.8152,0.0004,1273570.8834,0.0008,12090732.3479
2026-08-06T13:14:00+05:30,1710.20,489.4415,1220.7537,1.5582,0.0011,4477139.1523,0.0009,13142781.1797
2026-08-06T13:15:00+05:30,1507.83,119.5719,1388.2545,1.0876,0.0004,1269105.2026,0.0007,13748560.0360
2026-08-06T13:16:00+05:30,1270.61,135.1730,1135.4396,0.9122,0.0005,2011279.8774,0.0007,11783132.4402
2026-08-06T13:17:00+05:30,1261.21,120.4034,1140.8068,0.9043,0.0004,1299352.8814,0.0007,11205638.3670
2026-08-06T13:18:00+05:30,1467.43,474.4139,993.0182,1.2022,0.0009,4333171.3267,0.0008,10948237.9445
2026-08-06T13:19:00+05:30,1249.80,117.8814,1131.9185,0.8943,0.0004,1266364.1365,0.0007,12423069.7364
2026-08-06T13:20:00+05:30,1357.21,115.3045,1241.9062,0.9802,0.0005,1251335.6438,0.0007,12611088.2431
2026-08-06T13:21:00+05:30,1344.04,116.1399,1227.8956,0.9708,0.0005,1314874.1748,0.0007,12524796.1592
2026-08-06T13:22:00+05:30,1383.42,110.0872,1273.3348,0.9992,0.0004,1202923.1256,0.0007,12480557.8016
2026-08-06T13:23:00+05:30,1540.35,517.7833,1022.5667,1.3369,0.0009,4742564.3761,0.0008,11271697.1950
2026-08-06T13:24:00+05:30,1222.91,107.9865,1114.9211,0.8859,0.0004,1158268.7781,0.0007,12239181.1969
2026-08-06T13:25:00+05:30,1352.57,106.9947,1245.5711,0.9792,0.0004,1174557.1148,0.0007,12641131.6956
2026-08-06T13:26:00+05:30,1379.61,151.9323,1227.6734,0.9861,0.0004,1376891.6145,0.0007,12578231.1692
2026-08-06T13:27:00+05:30,1740.52,466.5522,1273.9669,1.5512,0.0010,4273665.3997,0.0008,12487856.5046
2026-08-06T13:28:00+05:30,1153.11,108.3288,1044.7843,0.8213,0.0004,1194911.1992,0.0007,11430543.7340
2026-08-06T13:29:00+05:30,1379.14,107.0172,1272.1195,1.0036,0.0004,1163427.6187,0.0007,13531461.4961
2026-08-06T13:30:00+05:30,2307.10,935.2307,1371.8694,1.5436,0.0005,41288160.5012,0.0008,15654989.5354
2026-08-06T13:31:00+05:30,1674.39,519.8247,1154.5641,1.1855,0.0006,12105799.3033,0.0008,11907351.4108
2026-08-06T13:32:00+05:30,1252.36,102.0952,1150.2675,0.9011,0.0004,1024648.5982,0.0007,11315375.8042
2026-08-06T13:33:00+05:30,1129.10,105.8851,1023.2171,0.8152,0.0004,1092762.7460,0.0007,11207866.7978
2026-08-06T13:34:00+05:30,1262.94,106.9822,1155.9573,0.9230,0.0004,1164981.3031,0.0008,13878006.9988
2026-08-06T13:35:00+05:30,1179.90,109.3148,1070.5822,0.8682,0.0004,1223386.5436,0.0008,14604317.6614
2026-08-06T13:36:00+05:30,1949.95,490.5164,1459.4320,1.8145,0.0011,4521929.9310,0.0009,15733260.4420
2026-08-06T13:37:00+05:30,1502.06,113.8156,1388.2433,1.0817,0.0004,1295317.4066,0.0007,14043906.5735
2026-08-06T13:38:00+05:30,1239.70,110.2741,1129.4225,0.8970,0.0005,1273681.5932,0.0008,12133388.8843
2026-08-06T13:39:00+05:30,1145.02,108.1126,1036.9043,0.8353,0.0004,1265354.8473,0.0008,12981203.8939
2026-08-06T13:40:00+05:30,1461.78,109.9833,1351.8000,1.0668,0.0004,1298000.7667,0.0007,14676474.3254
2026-08-06T13:41:00+05:30,1805.87,469.9159,1335.9493,1.8414,0.0011,4601328.4900,0.0010,13655949.6118
2026-08-06T13:42:00+05:30,1305.94,106.9060,1199.0301,0.9339,0.0004,1245332.5334,0.0007,11673115.3551
2026-08-06T13:43:00+05:30,1123.62,105.4500,1018.1667,0.8120,0.0005,1263048.8159,0.0008,11168035.7327
2026-08-06T13:44:00+05:30,1314.33,103.3149,1211.0131,0.9566,0.0005,1237811.2000,0.0008,12994560.0000
2026-08-06T13:45:00+05:30,1446.45,104.6077,1341.8464,1.0508,0.0005,1268055.0119,0.0008,13398119.9927
2026-08-06T13:46:00+05:30,1632.65,437.2115,1195.4402,1.4012,0.0009,4109857.4405,0.0008,12133042.4145
2026-08-06T13:47:00+05:30,1256.02,95.6135,1160.4113,0.9044,0.0004,1183977.6007,0.0007,11377216.4928
2026-08-06T13:48:00+05:30,1117.06,94.3984,1022.6663,0.8099,0.0005,1148791.4667,0.0008,11176072.5333
2026-08-06T13:49:00+05:30,1370.96,96.0708,1274.8929,1.0010,0.0005,1192174.4349,0.0007,13522644.7956
2026-08-06T13:50:00+05:30,1492.08,97.1639,1394.9210,1.0873,0.0005,1192877.8391,0.0008,13724476.9126
2026-08-06T13:51:00+05:30,1544.16,425.8904,1118.2686,1.2236,0.0008,4751496.5333,0.0008,11656055.4667
2026-08-06T13:52:00+05:30,1242.96,96.0696,1146.8868,0.8915,0.0004,1174039.2549,0.0007,11227181.1790
2026-08-06T13:53:00+05:30,1081.03,92.8174,988.2123,0.7837,0.0004,1146940.0957,0.0008,10892413.9449
2026-08-06T13:54:00+05:30,1279.43,91.7713,1187.6594,0.9338,0.0004,1141680.5507,0.0007,12814703.6685
2026-08-06T13:55:00+05:30,1421.97,90.4789,1331.4893,1.0365,0.0005,1112077.5819,0.0007,13316333.9221
2026-08-06T13:56:00+05:30,1618.39,429.6551,1188.7368,1.4849,0.0011,4149877.6653,0.0008,12160236.8671
2026-08-06T13:57:00+05:30,1581.11,408.5364,1172.5776,1.4837,0.0009,3815228.5590,0.0009,11497566.6144
2026-08-06T13:58:00+05:30,1106.49,90.3940,1016.0989,0.8000,0.0004,1134106.7929,0.0008,11153551.8965
2026-08-06T13:59:00+05:30,1354.99,90.3562,1264.6373,0.9907,0.0005,1114255.5900,0.0008,13458149.2219
2026-08-06T14:00:00+05:30,1516.89,91.5714,1425.3159,1.1077,0.0005,1107612.0428,0.0008,14086700.2301
2026-08-06T14:01:00+05:30,1232.27,89.1914,1143.0761,0.8950,0.0005,1105283.9243,0.0007,11702428.1525
2026-08-06T14:02:00+05:30,1525.46,409.9025,1115.5622,1.2170,0.0008,4435432.8010,0.0008,11034126.6295
2026-08-06T14:03:00+05:30,1078.05,89.6000,988.4500,0.7764,0.0004,1107353.6000,0.0008,10892083.2000
2026-08-06T14:04:00+05:30,1316.47,87.2471,1229.2257,0.9627,0.0005,1089567.9477,0.0007,13175914.9362
2026-08-06T14:05:00+05:30,1436.36,90.1863,1346.1782,1.0474,0.0005,1102338.6113,0.0007,13384672.2891
2026-08-06T14:06:00+05:30,1359.49,87.2754,1272.2106,0.9917,0.0004,1079080.5594,0.0007,12818698.7149
2026-08-06T14:07:00+05:30,1214.98,92.6589,1122.3231,0.8791,0.0005,1276527.2806,0.0008,11075363.9303
2026-08-06T14:08:00+05:30,1462.72,406.9062,1055.8129,1.1299,0.0008,3815169.6554,0.0008,11564489.8340
2026-08-06T14:09:00+05:30,1373.44,87.6552,1285.7881,1.0045,0.0005,1087759.9400,0.0008,13634418.7380
2026-08-06T14:10:00+05:30,1425.30,88.9863,1336.3112,1.0391,0.0004,1094351.1450,0.0008,13243696.9232
2026-08-06T14:11:00+05:30,1238.58,87.4086,1151.1738,0.9013,0.0005,1086242.6020,0.0007,11901577.1794
2026-08-06T14:12:00+05:30,1238.62,103.7351,1134.8856,0.8956,0.0005,2093602.1333,0.0007,11173341.8667
2026-08-06T14:13:00+05:30,1074.18,83.6458,990.5338,0.7815,0.0005,1033164.3418,0.0007,10923827.1420
2026-08-06T14:14:00+05:30,1621.44,391.1826,1230.2525,1.3804,0.0009,3656052.9377,0.0009,13221692.7411
2026-08-06T14:15:00+05:30,1572.26,84.7444,1487.5175,1.1497,0.0004,1021491.3254,0.0008,14604445.2444
2026-08-06T14:16:00+05:30,1203.95,82.8055,1121.1414,0.8756,0.0004,1023095.4214,0.0008,11521531.8099
2026-08-06T14:17:00+05:30,1570.16,452.0393,1118.1226,1.0590,0.0005,9429941.3637,0.0007,12461610.8139
2026-08-06T14:18:00+05:30,1957.55,849.1217,1108.4297,1.2701,0.0005,27200604.7899,0.0007,12870373.2271
2026-08-06T14:19:00+05:30,1391.04,83.2000,1307.8384,1.0295,0.0005,974090.8137,0.0008,15625789.8789
2026-08-06T14:20:00+05:30,1260.76,84.9932,1175.7705,0.9424,0.0004,983291.2506,0.0008,16457668.3280
2026-08-06T14:21:00+05:30,1448.88,87.4123,1361.4653,1.0645,0.0005,1076033.6650,0.0008,15027609.1529
2026-08-06T14:22:00+05:30,1848.30,541.0596,1307.2384,1.5202,0.0008,15106500.8502,0.0008,13808038.9424
2026-08-06T14:23:00+05:30,1118.92,81.4167,1037.5000,0.8092,0.0004,1030280.5333,0.0008,11338683.7333
2026-08-06T14:24:00+05:30,1731.70,406.7797,1324.9171,1.5380,0.0010,3799259.6370,0.0009,14488670.7665
2026-08-06T14:25:00+05:30,1204.83,85.6524,1119.1801,0.8899,0.0004,1056336.4829,0.0008,14704618.8405
2026-08-06T14:26:00+05:30,1574.13,82.7305,1491.3986,1.1562,0.0005,1013434.1485,0.0007,15181848.4773
2026-08-06T14:27:00+05:30,1445.68,263.4289,1182.2470,1.0006,0.0005,2998904.6849,0.0007,11604184.1969
2026-08-06T14:28:00+05:30,1145.19,78.6719,1066.5211,0.8359,0.0004,1001060.8707,0.0008,11565349.1566
2026-08-06T14:29:00+05:30,1664.41,457.6590,1206.7466,1.5882,0.0012,4356432.9928,0.0009,12937409.9765
2026-08-06T14:30:00+05:30,1694.55,387.9759,1306.5704,1.3684,0.0008,3619390.6826,0.0008,13173082.8236
2026-08-06T14:31:00+05:30,1309.40,80.7325,1228.6671,0.9510,0.0004,1000965.3747,0.0007,12381913.0203
2026-08-06T14:32:00+05:30,1302.57,195.1797,1107.3905,0.9161,0.0004,3049333.9556,0.0007,10985043.8029
2026-08-06T14:33:00+05:30,1071.84,75.2758,996.5670,0.7827,0.0005,954613.8719,0.0008,11018230.4436
2026-08-06T14:34:00+05:30,1331.69,75.3239,1256.3645,0.9776,0.0005,938895.7170,0.0007,13419058.9687
2026-08-06T14:35:00+05:30,1452.29,75.5261,1376.7640,1.0639,0.0005,946081.2076,0.0007,13687501.3579
2026-08-06T14:36:00+05:30,1580.18,374.5604,1205.6240,1.2416,0.0008,3492032.5377,0.0008,12271272.4363
2026-08-06T14:37:00+05:30,1262.76,153.5474,1109.2148,0.8916,0.0004,2867971.4005,0.0007,11074785.0202
2026-08-06T14:38:00+05:30,1110.24,76.5679,1033.6672,0.8107,0.0004,972747.9458,0.0008,11310746.3791
2026-08-06T14:39:00+05:30,1329.17,75.9475,1253.2249,0.9756,0.0005,963877.1395,0.0007,13366968.9849
2026-08-06T14:40:00+05:30,1428.94,74.4488,1354.4941,1.0465,0.0004,931619.6730,0.0008,13484831.2528
2026-08-06T14:41:00+05:30,1298.16,73.1492,1225.0154,0.9502,0.0004,920160.9682,0.0008,12500218.7807
2026-08-06T14:42:00+05:30,1218.55,119.4555,1099.0935,0.8757,0.0004,2124509.0812,0.0007,10918548.8719
2026-08-06T14:43:00+05:30,1354.32,385.0783,969.2464,1.0660,0.0008,3578683.1130,0.0008,10882839.7980
2026-08-06T14:44:00+05:30,1208.59,72.9906,1135.5969,0.8832,0.0004,928109.8777,0.0007,12427755.8423
2026-08-06T14:45:00+05:30,1402.42,75.7874,1326.6289,1.0270,0.0005,935233.9943,0.0008,13342339.4768
2026-08-06T14:46:00+05:30,1375.39,74.3913,1300.9982,1.0077,0.0005,951389.8045,0.0007,13095227.4235
2026-08-06T14:47:00+05:30,1268.59,91.7517,1176.8354,0.9196,0.0005,1140417.9503,0.0007,11591472.4278
2026-08-06T14:48:00+05:30,1157.75,69.6488,1088.0985,0.8484,0.0005,883151.1475,0.0008,11763584.2069
2026-08-06T14:49:00+05:30,1334.53,71.9239,1262.6096,0.9811,0.0005,917815.8785,0.0008,13427503.6088
2026-08-06T14:50:00+05:30,1699.27,387.0484,1312.2250,1.4159,0.0009,3602642.5370,0.0008,13132605.0426
2026-08-06T14:51:00+05:30,1251.88,74.6883,1177.1951,0.9125,0.0005,951973.8649,0.0007,12138008.1339
2026-08-06T14:52:00+05:30,1189.44,93.8677,1095.5674,0.8624,0.0005,2150997.2338,0.0007,10895865.0892
2026-08-06T14:53:00+05:30,1063.90,71.9370,991.9644,0.7776,0.0005,908886.8513,0.0008,10945087.2414
2026-08-06T14:54:00+05:30,1291.68,74.3450,1217.3355,0.9481,0.0005,929730.0180,0.0007,13093492.9671
2026-08-06T14:55:00+05:30,1463.90,75.0383,1388.8593,1.0739,0.0005,928625.1083,0.0007,13867249.8167
2026-08-06T14:56:00+05:30,1333.07,71.3179,1261.7544,0.9761,0.0005,892601.5434,0.0007,12661424.8904
2026-08-06T14:57:00+05:30,1493.57,412.5950,1080.9725,1.1631,0.0008,5036384.4821,0.0008,10795138.7815
2026-08-06T14:58:00+05:30,1116.64,73.2439,1043.3964,0.8166,0.0005,910821.4119,0.0007,11410422.2385
2026-08-06T14:59:00+05:30,1321.52,69.2942,1252.2290,0.9720,0.0004,858162.7171,0.0008,13412649.1351
2026-08-06T15:00:00+05:30,1434.88,71.7072,1363.1697,1.0515,0.0005,876085.4752,0.0007,13565806.7140
2026-08-06T15:01:00+05:30,1279.98,70.4979,1209.4775,0.9376,0.0004,888390.2959,0.0008,12410710.7438
2026-08-06T15:02:00+05:30,1262.20,195.3594,1066.8422,0.8857,0.0005,2867015.6523,0.0007,10631124.2686
2026-08-06T15:03:00+05:30,1074.25,71.1845,1003.0674,0.7849,0.0004,903105.6580,0.0007,11058640.0827
2026-08-06T15:04:00+05:30,1627.04,383.1808,1243.8545,1.2997,0.0008,3551932.8022,0.0008,13366167.7944
2026-08-06T15:05:00+05:30,1821.67,439.3455,1382.3235,1.7759,0.0012,4153469.0395,0.0009,13805332.8001
2026-08-06T15:06:00+05:30,1281.92,76.5602,1205.3607,0.9296,0.0004,949700.1317,0.0007,12206889.7371
2026-08-06T15:07:00+05:30,1836.22,754.4623,1081.7626,1.2406,0.0006,42315639.9513,0.0007,10760473.1763
2026-08-06T15:08:00+05:30,1119.52,96.8715,1022.6511,0.8087,0.0004,1157450.9392,0.0008,11209742.3538
2026-08-06T15:09:00+05:30,1342.44,98.8335,1243.6094,0.9789,0.0005,1194419.2371,0.0008,13333620.2236
2026-08-06T15:10:00+05:30,1482.56,103.3511,1379.2097,1.0782,0.0004,1225296.8107,0.0008,13718093.3962
2026-08-06T15:11:00+05:30,1690.60,453.1971,1237.4056,1.4735,0.0010,4248219.4447,0.0008,12609367.3299
2026-08-06T15:12:00+05:30,2608.35,1648.1673,960.1799,7.1945,0.0038,39214963.8293,0.0011,9716543.7430
2026-08-06T15:13:00+05:30,1108.85,103.0655,1005.7842,0.7922,0.0004,1210638.0397,0.0007,11103580.7301
2026-08-06T15:14:00+05:30,1345.14,108.0549,1237.0807,0.9746,0.0004,1230957.6582,0.0008,13302235.9138
2026-08-06T15:15:00+05:30,1482.44,110.1205,1372.3232,1.0762,0.0005,1273140.1147,0.0007,13730418.8775
2026-08-06T15:16:00+05:30,1351.93,110.6722,1241.2621,0.9782,0.0004,1256873.1249,0.0007,12532615.7744
2026-08-06T15:17:00+05:30,1994.35,900.0233,1094.3270,1.3230,0.0005,43153603.0931,0.0007,12908297.8468
2026-08-06T15:18:00+05:30,2016.18,941.6469,1074.5326,1.7246,0.0009,24976563.6018,0.0008,16470132.4358
2026-08-06T15:19:00+05:30,1452.04,114.6849,1337.3518,1.0631,0.0004,1166792.7901,0.0007,16609791.2060
2026-08-06T15:20:00+05:30,1279.61,120.4647,1159.1473,0.9513,0.0005,1230417.8930,0.0007,17444641.5226
2026-08-06T15:21:00+05:30,1640.68,118.2018,1522.4773,1.2047,0.0004,1250768.8155,0.0007,17078416.5820
2026-08-06T15:22:00+05:30,1627.47,283.7253,1343.7479,1.1336,0.0005,2698582.1065,0.0007,13814756.6451
2026-08-06T15:23:00+05:30,2738.67,1819.7244,918.9469,3.6841,0.0015,31443762.2091,0.0011,13548680.9377
2026-08-06T15:24:00+05:30,1435.04,115.0706,1319.9720,1.0347,0.0004,1231358.9338,0.0008,14423037.8676
2026-08-06T15:25:00+05:30,1241.98,118.3480,1123.6313,0.9146,0.0005,1272879.0520,0.0008,15355443.2759
2026-08-06T15:26:00+05:30,1602.08,123.0038,1479.0798,1.1663,0.0004,1301947.4904,0.0007,15475067.4957
2026-08-06T15:27:00+05:30,1396.62,122.6731,1273.9438,1.0071,0.0005,1334911.6907,0.0007,12714358.0702
2026-08-06T15:28:00+05:30,2457.89,1444.3926,1013.5018,2.4834,0.0012,48486720.8961,0.0008,11350710.2280
2026-08-06T15:29:00+05:30,1379.49,118.2796,1261.2153,0.9892,0.0004,1287536.6919,0.0007,13397933.6512
2026-08-06T15:30:00+05:30,1804.21,480.8657,1323.3427,1.6957,0.0012,4424378.7944,0.0009,13504885.0088
2026-08-06T15:31:00+05:30,1329.19,118.2186,1210.9702,0.9467,0.0003,1293038.9333,0.0007,12070775.4667
2026-08-06T15:32:00+05:30,1221.04,120.2921,1100.7519,0.8753,0.0005,1304554.7275,0.0008,10949573.1506
2026-08-06T15:33:00+05:30,1135.07,147.6538,987.4192,0.8125,0.0005,3092732.1991,0.0008,11081812.6010
2026-08-06T15:34:00+05:30,1376.04,120.9324,1255.1111,1.0133,0.0005,1312169.5491,0.0008,16312682.7285
2026-08-06T15:35:00+05:30,1712.25,128.1235,1584.1238,1.3060,0.0004,1406233.2466,0.0007,25795896.2459
2026-08-06T15:36:00+05:30,1479.84,123.5228,1356.3178,1.0805,0.0004,1313494.4498,0.0007,15336822.6941
2026-08-06T15:37:00+05:30,1317.62,125.3229,1192.2929,0.9586,0.0005,1344647.4990,0.0007,13955360.1680
2026-08-06T15:38:00+05:30,1791.49,703.3229,1088.1716,1.8201,0.0012,8280872.8315,0.0009,13799862.0161
2026-08-06T15:39:00+05:30,1750.81,127.1630,1623.6455,1.2726,0.0004,1302763.7115,0.0007,18424352.3489
2026-08-06T15:40:00+05:30,1451.50,127.7082,1323.7951,1.0603,0.0004,1281395.0837,0.0007,15978666.3111
2026-08-06T15:41:00+05:30,1599.46,124.5083,1474.9483,1.1602,0.0004,1275942.0618,0.0007,15026062.8386
2026-08-06T15:42:00+05:30,1096.41,124.2542,972.1528,0.7851,0.0005,1301032.5634,0.0007,10750310.5689
2026-08-06T15:43:00+05:30,1143.33,165.8253,977.5079,0.8151,0.0004,1689321.9153,0.0007,12117054.6800
2026-08-06T15:44:00+05:30,1262.07,120.1627,1141.9044,0.9120,0.0004,1257339.5802,0.0007,12550312.8199
2026-08-06T15:45:00+05:30,1361.38,118.3254,1243.0505,0.9833,0.0005,1252767.2283,0.0007,12727342.2996
2026-08-06T15:46:00+05:30,1708.50,505.2982,1203.1989,1.6258,0.0012,4620104.5634,0.0009,12389272.2880
2026-08-06T15:47:00+05:30,1381.93,115.5109,1266.4188,0.9866,0.0004,1251124.9312,0.0008,12501346.8496
2026-08-06T15:48:00+05:30,1170.29,138.3551,1031.9307,0.8339,0.0004,1386267.0489,0.0007,11420661.5559
2026-08-06T15:49:00+05:30,1253.83,112.0187,1141.8070,0.9081,0.0004,1218626.5711,0.0007,12490649.2415
2026-08-06T15:50:00+05:30,1356.30,110.5723,1245.7254,0.9818,0.0004,1227175.4158,0.0007,12781586.9080
2026-08-06T15:51:00+05:30,1425.64,112.1280,1313.5117,1.0333,0.0005,1222347.1868,0.0008,13207030.8244
2026-08-06T15:52:00+05:30,1317.35,109.5338,1207.8210,0.9508,0.0005,1196335.8270,0.0007,11896682.8504
2026-08-06T15:53:00+05:30,1124.70,111.7852,1012.9169,0.8109,0.0004,1236056.8676,0.0007,11229302.8884
2026-08-06T15:54:00+05:30,1451.86,252.5625,1199.2967,1.0292,0.0005,2450295.4667,0.0008,12965819.7333
2026-08-06T15:55:00+05:30,1618.52,330.4667,1288.0500,1.6620,0.0014,3097821.4363,0.0009,13138178.8970
2026-08-06T15:56:00+05:30,1322.63,108.9812,1213.6452,0.9557,0.0005,1220429.3906,0.0007,12350813.7085
2026-08-06T15:57:00+05:30,1303.35,108.7167,1194.6333,0.9401,0.0005,1236650.6667,0.0007,11768149.3333
2026-08-06T15:58:00+05:30,1183.63,164.6612,1018.9660,0.8385,0.0005,1470141.9286,0.0007,11278915.7695
2026-08-06T15:59:00+05:30,1257.83,105.2509,1152.5771,0.9130,0.0005,1191504.0661,0.0008,12580688.4415
2026-08-06T16:00:00+05:30,1372.32,105.9886,1266.3300,0.9951,0.0004,1189879.2273,0.0007,12912466.4233
2026-08-06T16:01:00+05:30,1373.11,106.4947,1266.6200,0.9959,0.0005,1230103.8281,0.0007,12878272.3530
2026-08-06T16:02:00+05:30,1323.53,104.1052,1219.4276,0.9568,0.0004,1186602.2634,0.0007,11989932.8300
2026-08-06T16:03:00+05:30,1610.21,620.8897,989.3168,1.2964,0.0008,4927678.9387,0.0008,11063248.1459
2026-08-06T16:04:00+05:30,1283.45,104.9026,1178.5494,0.9325,0.0005,1201440.5308,0.0008,12775035.4232
2026-08-06T16:05:00+05:30,1498.00,105.9182,1392.0824,1.0895,0.0005,1181000.3666,0.0008,13912532.3736
2026-08-06T16:06:00+05:30,1354.77,103.3121,1251.4627,0.9832,0.0005,1184496.5913,0.0008,12681057.0567
2026-08-06T16:07:00+05:30,1236.91,104.6911,1132.2142,0.8915,0.0004,1192214.1833,0.0007,11195136.9986
2026-08-06T16:08:00+05:30,1116.48,104.9263,1011.5492,0.8068,0.0004,1195317.9902,0.0008,11185789.9842
2026-08-06T16:09:00+05:30,1473.27,255.2986,1217.9752,1.0277,0.0004,1842913.3564,0.0008,13112646.2277
2026-08-06T16:10:00+05:30,1455.70,103.4989,1352.2028,1.0589,0.0004,1192066.4111,0.0007,13603376.5628
2026-08-06T16:11:00+05:30,1313.34,100.8917,1212.4510,0.9527,0.0004,1170256.4547,0.0007,12340979.3483
2026-08-06T16:12:00+05:30,1616.46,472.7291,1143.7284,1.4892,0.0011,4395031.4120,0.0008,11327154.2602
2026-08-06T16:13:00+05:30,1110.22,106.2528,1003.9674,0.7933,0.0004,1222743.6363,0.0007,11148625.2480
2026-08-06T16:14:00+05:30,1409.62,149.7400,1259.8827,1.0129,0.0004,1650413.9322,0.0008,13516424.5646
2026-08-06T16:15:00+05:30,1487.86,105.7553,1382.1024,1.0816,0.0005,1225721.0194,0.0007,13795403.3702
2026-08-06T16:16:00+05:30,1303.36,104.9693,1198.3902,0.9441,0.0005,1208773.2302,0.0008,12247181.9757
2026-08-06T16:17:00+05:30,1221.66,106.0790,1115.5802,0.8799,0.0004,1235176.9569,0.0008,11054529.9373
2026-08-06T16:18:00+05:30,1108.73,103.0144,1005.7156,0.8016,0.0004,1210057.7218,0.0007,11119235.3529
2026-08-06T16:19:00+05:30,1358.18,110.1405,1248.0371,0.9883,0.0005,1565898.7447,0.0007,13377703.8358
2026-08-06T16:20:00+05:30,1447.04,99.3635,1347.6805,1.0538,0.0004,1173132.8401,0.0007,13545084.0499
2026-08-06T16:21:00+05:30,1640.19,455.8821,1184.3066,1.5789,0.0011,4254481.2709,0.0009,12146930.5016
2026-08-06T16:22:00+05:30,1384.72,254.4494,1130.2660,0.9507,0.0004,2490214.0084,0.0008,11209717.2663
2026-08-06T16:23:00+05:30,1131.87,97.7768,1034.0977,0.8205,0.0005,1124618.3588,0.0007,11343934.9377
2026-08-06T16:24:00+05:30,1486.64,241.0207,1245.6208,1.0491,0.0005,4100846.9333,0.0008,13416379.7333
2026-08-06T16:25:00+05:30,1470.11,96.4215,1373.6854,1.0710,0.0004,1120038.9353,0.0008,13717370.6685
2026-08-06T16:26:00+05:30,1279.21,94.5811,1184.6297,0.9296,0.0004,1117916.1501,0.0007,12218313.6706
2026-08-06T16:27:00+05:30,1226.15,95.9961,1130.1507,0.8860,0.0005,1121653.0480,0.0007,11192223.9003
2026-08-06T16:28:00+05:30,1124.94,98.3451,1026.5987,0.8149,0.0005,1165731.5801,0.0008,11293813.9760
2026-08-06T16:29:00+05:30,1510.89,277.5269,1233.3639,1.0558,0.0005,4403583.9680,0.0008,13408230.9141
2026-08-06T16:30:00+05:30,1807.37,427.1212,1380.2467,1.2822,0.0005,19876500.4084,0.0007,16130692.6706
2026-08-06T16:31:00+05:30,2189.11,938.6564,1250.4584,1.7670,0.0008,30965527.8546,0.0008,14430906.4844
2026-08-06T16:32:00+05:30,1205.95,80.7244,1125.2270,0.8699,0.0004,895921.0917,0.0007,11315644.4459
2026-08-06T16:33:00+05:30,1091.16,83.9738,1007.1854,0.7950,0.0005,967749.3957,0.0007,11290273.0440
2026-08-06T16:34:00+05:30,1495.32,103.7230,1391.5942,1.1141,0.0005,3172512.6154,0.0007,17708991.7675
2026-08-06T16:35:00+05:30,1222.43,80.7167,1141.7167,0.9240,0.0005,902963.2000,0.0008,17803605.3333
2026-08-06T16:36:00+05:30,1434.10,80.2686,1353.8351,1.0690,0.0005,967229.6079,0.0007,17329593.0413
2026-08-06T16:37:00+05:30,1558.03,81.8718,1476.1603,1.1461,0.0004,989805.7783,0.0008,15432844.1058
2026-08-06T16:38:00+05:30,1191.35,79.1921,1112.1555,0.8722,0.0005,977958.7375,0.0007,12207385.1282
2026-08-06T16:39:00+05:30,1342.28,112.6054,1229.6770,0.9857,0.0005,3783916.0084,0.0007,13980775.7891
2026-08-06T16:40:00+05:30,1394.56,77.4115,1317.1455,1.0230,0.0004,943434.9804,0.0008,13692128.3226
2026-08-06T16:41:00+05:30,1620.00,407.5883,1212.4127,1.5105,0.0011,3773370.0969,0.0009,12233784.5200
2026-08-06T16:42:00+05:30,1200.20,74.8062,1125.3938,0.8689,0.0004,908174.0174,0.0007,11351355.9356
2026-08-06T16:43:00+05:30,1103.51,71.5369,1031.9775,0.8036,0.0004,891043.1247,0.0007,11497971.3391
2026-08-06T16:44:00+05:30,1168.20,88.1142,1080.0826,0.8678,0.0005,1968179.4278,0.0008,14271809.1080
2026-08-06T16:45:00+05:30,1348.64,70.1439,1278.4918,0.9982,0.0004,852846.8604,0.0007,14779765.7649
2026-08-06T16:46:00+05:30,1471.71,69.4546,1402.2602,1.0843,0.0005,862811.6541,0.0008,14638578.0385
2026-08-06T16:47:00+05:30,1273.37,69.3252,1204.0429,0.9310,0.0004,866012.5987,0.0007,12008271.1729
2026-08-06T16:48:00+05:30,1125.87,69.2287,1056.6462,0.8261,0.0004,869659.3560,0.0007,11710775.5483
2026-08-06T16:49:00+05:30,1328.30,139.5655,1188.7327,0.9601,0.0005,2389350.4060,0.0007,13104413.7448
2026-08-06T16:50:00+05:30,1709.74,359.5841,1350.1525,1.4285,0.0010,3361324.5351,0.0008,13814478.7043
2026-08-06T16:51:00+05:30,1309.99,100.3617,1209.6245,1.0086,0.0009,1108916.5736,0.0007,12468040.2047
2026-08-06T16:52:00+05:30,1185.54,66.7511,1118.7853,0.8623,0.0004,833549.8925,0.0007,11287535.3256
2026-08-06T16:53:00+05:30,1107.40,65.4568,1041.9437,0.8133,0.0005,819281.9077,0.0007,11613558.2329
2026-08-06T16:54:00+05:30,1231.12,99.9983,1131.1197,0.9004,0.0005,1693199.0465,0.0007,13028599.6233
2026-08-06T16:55:00+05:30,1365.39,62.0793,1303.3156,1.0043,0.0005,776411.0630,0.0007,13384952.7491
2026-08-06T16:56:00+05:30,1281.75,63.5807,1218.1721,0.9430,0.0005,776170.4852,0.0007,12854555.2776
2026-08-06T16:57:00+05:30,1281.05,60.1293,1220.9186,0.9397,0.0005,769040.9973,0.0007,12257145.5236
2026-08-06T16:58:00+05:30,1094.04,58.6804,1035.3549,0.8051,0.0005,742481.4648,0.0007,11568721.0810
2026-08-06T16:59:00+05:30,1195.34,80.0360,1115.3038,0.8779,0.0005,941034.7851,0.0008,12902703.8019
2026-08-06T17:00:00+05:30,1732.91,315.9895,1416.9194,1.5724,0.0010,2945900.7050,0.0009,14289615.1192
2026-08-06T17:01:00+05:30,1415.23,138.6444,1276.5887,1.2586,0.0013,1446313.7961,0.0009,13239008.3350
2026-08-06T17:02:00+05:30,1188.56,57.0371,1131.5254,0.8667,0.0004,713024.6016,0.0007,11402317.4878
2026-08-06T17:03:00+05:30,1504.56,450.0892,1054.4694,1.3744,0.0012,4214314.0209,0.0008,11716842.9895
2026-08-06T17:04:00+05:30,1266.13,77.4190,1188.7079,0.9253,0.0004,1004535.0437,0.0007,13446958.1674
2026-08-06T17:05:00+05:30,1369.31,56.0084,1313.2970,1.0042,0.0004,677853.1446,0.0007,13511317.3643
2026-08-06T17:06:00+05:30,1272.36,55.1425,1217.2195,0.9351,0.0005,709135.7893,0.0007,12741024.8375
2026-08-06T17:07:00+05:30,1224.24,53.3018,1170.9390,0.8991,0.0004,692122.0728,0.0008,11762934.8134
2026-08-06T17:08:00+05:30,1080.35,54.8009,1025.5504,0.7956,0.0004,701644.8000,0.0007,11449617.0667
2026-08-06T17:09:00+05:30,1375.57,145.3736,1230.2013,0.9930,0.0005,1503609.6260,0.0007,13809903.8731
2026-08-06T17:10:00+05:30,1479.40,52.3948,1427.0073,1.0928,0.0004,685886.3095,0.0007,14387844.2130
2026-08-06T17:11:00+05:30,1559.91,383.8025,1176.1088,1.4353,0.0011,3517147.6383,0.0009,12404876.4292
2026-08-06T17:12:00+05:30,1152.03,57.8930,1094.1324,0.8381,0.0003,720333.3889,0.0007,11105765.6276
2026-08-06T17:13:00+05:30,1122.27,56.3378,1065.9357,0.8243,0.0003,704427.6407,0.0008,11820679.3861
2026-08-06T17:14:00+05:30,1270.82,131.7764,1139.0445,0.9222,0.0005,2694318.1689,0.0007,13065998.9664
2026-08-06T17:15:00+05:30,1410.27,59.0598,1351.2090,1.0388,0.0005,710219.9707,0.0008,13739701.9064
2026-08-06T17:16:00+05:30,1302.16,59.0794,1243.0838,0.9595,0.0004,734307.8179,0.0007,13006334.2166
2026-08-06T17:17:00+05:30,1238.02,63.1177,1174.9029,0.9064,0.0004,783031.7172,0.0008,11809510.9585
2026-08-06T17:18:00+05:30,1147.87,59.7714,1088.0990,0.8452,0.0005,740681.7303,0.0008,12033211.4910
2026-08-06T17:19:00+05:30,1267.75,130.2811,1137.4671,0.9207,0.0005,2658210.3736,0.0007,13069722.1361
2026-08-06T17:20:00+05:30,1437.22,65.2221,1371.9977,1.0579,0.0005,816810.4675,0.0007,13911380.0817
2026-08-06T17:21:00+05:30,1618.47,393.5106,1224.9608,1.4121,0.0010,3619273.2727,0.0008,12856672.7327
2026-08-06T17:22:00+05:30,1205.70,69.4660,1136.2326,0.8742,0.0004,837490.8939,0.0007,11499785.3203
2026-08-06T17:23:00+05:30,1158.01,69.8190,1088.1863,0.8484,0.0004,852132.9378,0.0007,12039432.7811
2026-08-06T17:24:00+05:30,1243.02,121.4121,1121.6122,0.9044,0.0005,2573296.2630,0.0007,12917891.2558
2026-08-06T17:25:00+05:30,1432.90,73.3370,1359.5680,1.0521,0.0005,892426.4880,0.0007,13847971.3319
2026-08-06T17:26:00+05:30,1320.08,70.0322,1250.0458,0.9698,0.0004,844390.4000,0.0007,13076753.0667
2026-08-06T17:27:00+05:30,1242.21,73.5074,1168.7002,0.9068,0.0005,887745.4455,0.0007,11738134.4445
2026-08-06T17:28:00+05:30,1160.25,77.0487,1083.1986,0.8499,0.0004,936193.4634,0.0008,11970701.8216
2026-08-06T17:29:00+05:30,2451.88,1370.1278,1081.7544,2.0342,0.0008,62609729.9027,0.0009,12579050.2600
2026-08-06T17:30:00+05:30,1506.07,153.8218,1352.2451,1.1514,0.0007,1804045.0008,0.0008,13760604.8101
2026-08-06T17:31:00+05:30,1342.27,101.8017,1240.4707,0.9698,0.0004,1193594.2932,0.0007,12980099.0017
2026-08-06T17:32:00+05:30,1574.29,440.7828,1133.5034,1.3837,0.0010,4122082.2137,0.0009,11480680.3801
2026-08-06T17:33:00+05:30,1189.18,103.4379,1085.7400,0.8547,0.0004,1221967.3038,0.0007,11997081.4072
2026-08-06T17:34:00+05:30,1222.39,102.9311,1119.4614,0.8874,0.0004,1218950.9257,0.0007,12837582.4432
2026-08-06T17:35:00+05:30,2774.24,1463.3154,1310.9270,2.3387,0.0008,64368191.4730,0.0008,13530767.8256
2026-08-06T17:36:00+05:30,1335.23,121.4435,1213.7845,0.9643,0.0004,1322276.9518,0.0007,12781191.2794
2026-08-06T17:37:00+05:30,1321.91,123.7979,1198.1134,0.9513,0.0005,1365606.4000,0.0007,12053845.3333
2026-08-06T17:38:00+05:30,1150.73,124.0748,1026.6553,0.8278,0.0005,1365720.2487,0.0007,11507090.9667
2026-08-06T17:39:00+05:30,1364.06,127.3979,1236.6627,0.9896,0.0004,1384766.2539,0.0007,13823018.6830
2026-08-06T17:40:00+05:30,2027.73,730.7237,1297.0054,1.8003,0.0009,7153529.3961,0.0009,13378824.1568
2026-08-06T17:41:00+05:30,1400.28,134.0890,1266.1944,1.0022,0.0004,1387000.2334,0.0007,13150283.4472
2026-08-06T17:42:00+05:30,1259.21,135.0442,1124.1626,0.9001,0.0005,1412451.4506,0.0008,11357900.6515
2026-08-06T17:43:00+05:30,1549.53,495.2998,1054.2351,1.3511,0.0011,4521725.1242,0.0008,11775505.0502
2026-08-06T17:44:00+05:30,1307.03,132.4314,1174.6034,0.9356,0.0004,1366288.8278,0.0007,13318705.5236
2026-08-06T17:45:00+05:30,1594.12,279.1519,1314.9710,1.1150,0.0005,4555935.5301,0.0007,13566971.6819
2026-08-06T17:46:00+05:30,1359.30,131.1205,1228.1813,0.9805,0.0005,1361213.4105,0.0007,12928522.8148
2026-08-06T17:47:00+05:30,1299.74,129.5173,1170.2227,0.9325,0.0004,1345305.7741,0.0007,11791976.5302
2026-08-06T17:48:00+05:30,1147.84,129.3118,1018.5302,0.8239,0.0004,1346153.2770,0.0008,11450903.1645
2026-08-06T17:49:00+05:30,1383.26,130.3819,1252.8795,1.0027,0.0004,1383562.3562,0.0007,13930933.3600
2026-08-06T17:50:00+05:30,1729.06,442.9928,1286.0690,1.1743,0.0005,8912583.1125,0.0007,13298331.6503
2026-08-06T17:51:00+05:30,1382.24,132.3578,1249.8833,0.9965,0.0005,1351976.9353,0.0007,13059485.5762
2026-08-06T17:52:00+05:30,1294.07,135.2423,1158.8273,0.9263,0.0004,1386724.9817,0.0007,11686257.4838
2026-08-06T17:53:00+05:30,1143.34,130.2768,1013.0660,0.8203,0.0005,1350610.9796,0.0007,11413806.2065
2026-08-06T17:54:00+05:30,1707.13,483.3731,1223.7594,1.8918,0.0012,4408624.3291,0.0010,13740518.5852
2026-08-06T17:55:00+05:30,1768.81,464.6892,1304.1160,1.2029,0.0005,15706623.2065,0.0007,13451294.3059
2026-08-06T17:56:00+05:30,1367.59,129.2323,1238.3596,0.9874,0.0005,1343118.7277,0.0007,13003943.0534
2026-08-06T17:57:00+05:30,1286.11,126.8680,1159.2390,0.9229,0.0005,1331031.1047,0.0007,11684071.5059
2026-08-06T17:58:00+05:30,1196.24,126.5797,1069.6589,0.8616,0.0004,1332325.1246,0.0007,11909794.2211
2026-08-06T17:59:00+05:30,1340.58,125.1666,1215.4092,0.9727,0.0005,1340787.0437,0.0008,13625511.1718
2026-08-06T18:00:00+05:30,1668.34,405.5937,1262.7509,1.1682,0.0005,18504675.9230,0.0007,13178817.7015
2026-08-06T18:01:00+05:30,1374.51,123.8414,1250.6668,0.9934,0.0005,1279893.3138,0.0007,13036544.6999
2026-08-06T18:02:00+05:30,1273.80,121.4131,1152.3913,0.9160,0.0004,1305928.4786,0.0007,11623125.2125
2026-08-06T18:03:00+05:30,1660.04,635.3455,1024.6992,1.1596,0.0006,38547769.2705,0.0008,14553664.6389
2026-08-06T18:04:00+05:30,1906.74,277.1351,1629.6086,1.3931,0.0006,13874896.1931,0.0007,18837531.0354
2026-08-06T18:05:00+05:30,2595.10,1580.8268,1014.2733,2.7296,0.0011,61120467.9313,0.0009,15951431.0744
2026-08-06T18:06:00+05:30,1545.95,121.5916,1424.3617,1.1243,0.0003,1219810.4133,0.0007,17397104.5662
2026-08-06T18:07:00+05:30,1562.94,120.0260,1442.9126,1.1382,0.0004,1188077.6155,0.0007,15498540.7748
2026-08-06T18:08:00+05:30,1245.76,120.0580,1125.7060,0.9080,0.0004,1216905.2832,0.0007,13762044.0846
2026-08-06T18:09:00+05:30,1607.79,120.7555,1487.0393,1.1758,0.0005,1239608.5949,0.0007,16298309.6234
2026-08-06T18:10:00+05:30,2077.58,1051.6833,1025.9000,1.9705,0.0010,14099417.9236,0.0008,15982448.7741
2026-08-06T18:11:00+05:30,2455.70,1163.8530,1291.8423,2.6136,0.0013,23785414.5252,0.0009,15358122.8544
2026-08-06T18:12:00+05:30,1474.69,125.5416,1349.1434,1.0611,0.0004,1270037.8314,0.0007,14010691.4654
2026-08-06T18:13:00+05:30,1208.05,126.5462,1081.5024,0.8698,0.0005,1298986.5137,0.0008,12011938.0532
2026-08-06T18:14:00+05:30,1355.99,126.3956,1229.5951,0.9891,0.0004,1315164.8586,0.0007,14864338.8825
2026-08-06T18:15:00+05:30,1304.83,127.9535,1176.8754,0.9585,0.0004,1353321.4030,0.0007,15722115.3378
2026-08-06T18:16:00+05:30,2222.57,767.9780,1454.5924,1.7268,0.0007,31020150.2917,0.0008,15331015.9693
2026-08-06T18:17:00+05:30,1381.98,127.5333,1254.4500,0.9871,0.0004,1274743.4667,0.0007,12645239.4667
2026-08-06T18:18:00+05:30,1209.04,127.9731,1081.0707,0.8702,0.0005,1305597.0132,0.0007,11992936.7135
2026-08-06T18:19:00+05:30,1323.43,127.8231,1195.6098,0.9584,0.0005,1296790.1728,0.0007,13355402.7035
2026-08-06T18:20:00+05:30,1486.33,130.7385,1355.5926,1.0746,0.0004,1337088.9815,0.0007,13807937.5896
2026-08-06T18:21:00+05:30,1792.47,624.3896,1168.0805,1.3245,0.0007,19962274.2288,0.0007,12416612.2565
2026-08-06T18:22:00+05:30,1600.03,471.2579,1128.7688,1.4492,0.0010,4254790.9132,0.0008,11491246.4541
2026-08-06T18:23:00+05:30,1138.74,126.4895,1012.2490,0.8119,0.0004,1259619.8317,0.0007,11441154.3038
2026-08-06T18:24:00+05:30,1361.83,129.4204,1232.4101,0.9980,0.0005,1454753.7246,0.0007,15564062.7937
2026-08-06T18:25:00+05:30,1511.63,126.0522,1385.5745,1.1058,0.0005,1287314.2857,0.0007,15696644.9075
2026-08-06T18:26:00+05:30,1766.96,573.9213,1193.0403,2.1341,0.0020,18762934.7377,0.0008,12870344.1104
2026-08-06T18:27:00+05:30,1292.73,121.7732,1170.9524,0.9307,0.0004,1216226.1183,0.0007,12110996.3336
2026-08-06T18:28:00+05:30,1150.56,122.6439,1027.9153,0.8292,0.0004,1242370.5086,0.0008,11796512.7658
2026-08-06T18:29:00+05:30,1251.83,120.9313,1130.8978,0.9077,0.0005,1224205.7299,0.0007,13143298.8117
2026-08-06T18:30:00+05:30,1377.81,120.3914,1257.4172,0.9980,0.0005,1227243.4162,0.0007,13543712.5142
2026-08-06T18:31:00+05:30,2026.60,701.8064,1324.7900,1.7091,0.0007,13918058.9255,0.0009,13634653.5129
2026-08-06T18:32:00+05:30,1378.46,120.3968,1258.0645,0.9854,0.0004,1209919.5466,0.0008,12763596.2324
2026-08-06T18:33:00+05:30,1121.12,122.6336,998.4835,0.8067,0.0005,1244287.8997,0.0007,11461250.5874
2026-08-06T18:34:00+05:30,1741.87,492.0833,1249.7833,1.8370,0.0012,4465657.8390,0.0010,13929717.7047
2026-08-06T18:35:00+05:30,1497.89,127.0145,1370.8772,1.0804,0.0004,1320140.8000,0.0007,13976439.4667
2026-08-06T18:36:00+05:30,2333.32,1223.5610,1109.7557,2.5134,0.0012,23322292.3992,0.0009,11946501.7081
2026-08-06T18:37:00+05:30,1261.98,124.7291,1137.2487,0.8934,0.0003,1232022.9387,0.0007,11493600.2401
2026-08-06T18:38:00+05:30,1142.04,125.4104,1016.6325,0.8179,0.0004,1257088.7637,0.0007,11473332.7556
2026-08-06T18:39:00+05:30,1293.90,123.9187,1169.9862,0.9377,0.0005,1253102.9333,0.0007,13255953.0667
2026-08-06T18:40:00+05:30,1483.17,128.5210,1354.6452,1.0725,0.0005,1311126.8897,0.0007,13856573.3620
2026-08-06T18:41:00+05:30,1808.57,530.3076,1278.2665,1.2392,0.0005,20735240.7611,0.0007,13361785.5977
2026-08-06T18:42:00+05:30,1282.81,127.3694,1155.4440,0.9205,0.0005,1271144.1575,0.0007,11684966.2071
2026-08-06T18:43:00+05:30,1206.37,126.4937,1079.8793,0.8692,0.0005,1270084.9277,0.0007,12009558.8294
2026-08-06T18:44:00+05:30,1395.42,128.0521,1267.3711,1.0131,0.0005,1300433.4072,0.0008,14035860.5977
2026-08-06T18:45:00+05:30,1587.52,236.2636,1351.2541,1.1705,0.0005,3930873.9417,0.0007,22073510.8326
2026-08-06T18:46:00+05:30,2031.75,608.9841,1422.7686,2.0345,0.0010,5786286.9906,0.0010,26703503.1586
2026-08-06T18:47:00+05:30,2031.81,687.6875,1344.1271,1.6806,0.0007,19530285.0096,0.0009,17100535.4887
2026-08-06T18:48:00+05:30,1413.30,133.1845,1280.1173,1.0340,0.0004,1314526.1053,0.0007,16440791.2410
2026-08-06T18:49:00+05:30,1684.51,132.4642,1552.0455,1.2374,0.0004,1315805.6880,0.0007,18392942.3532
2026-08-06T18:50:00+05:30,1514.93,134.3567,1380.5690,1.1026,0.0005,1351974.9317,0.0007,15510879.3920
2026-08-06T18:51:00+05:30,1425.07,130.1123,1294.9568,1.0333,0.0005,1340622.0356,0.0008,14319992.2671
2026-08-06T18:52:00+05:30,1685.46,731.8321,953.6302,2.2575,0.0020,18580216.8145,0.0008,11782519.9013
2026-08-06T18:53:00+05:30,1116.82,128.4500,988.3667,0.7986,0.0004,1264503.4667,0.0007,12213521.0667
2026-08-06T18:54:00+05:30,1251.50,124.6854,1126.8188,0.9055,0.0004,1255171.8529,0.0007,12956478.3413
2026-08-06T18:55:00+05:30,1387.01,125.5188,1261.4877,1.0015,0.0004,1245566.8522,0.0007,13135490.6497
2026-08-06T18:56:00+05:30,1354.25,121.8333,1232.4167,0.9791,0.0004,1241681.7053,0.0007,13075238.0794
2026-08-06T18:57:00+05:30,1411.65,123.1461,1288.5019,1.0192,0.0004,1274667.5554,0.0007,13028160.3733
2026-08-06T18:58:00+05:30,1191.78,123.0356,1068.7420,0.8650,0.0004,1310042.8624,0.0008,12998175.3825
2026-08-06T18:59:00+05:30,1745.68,471.9777,1273.7047,1.9239,0.0013,4317296.5260,0.0010,14170829.8993
2026-08-06T19:00:00+05:30,1541.76,124.7542,1417.0027,1.1053,0.0003,1299835.3717,0.0007,14362959.0429
2026-08-06T19:01:00+05:30,1251.36,121.8780,1129.4808,0.9019,0.0005,1245435.8598,0.0007,12069944.5797
2026-08-06T19:02:00+05:30,1217.20,130.9744,1086.2279,0.8728,0.0005,2128994.7358,0.0007,11152231.3587
2026-08-06T19:03:00+05:30,1133.37,121.8504,1011.5151,0.8153,0.0004,1270478.0696,0.0007,11436418.6109
2026-08-06T19:04:00+05:30,1272.56,121.6430,1150.9160,0.9224,0.0004,1287378.6654,0.0008,13114205.6779
2026-08-06T19:05:00+05:30,1448.41,121.6606,1326.7503,1.0490,0.0005,1282939.5864,0.0007,13643366.8983
2026-08-06T19:06:00+05:30,1369.73,121.4970,1248.2287,0.9912,0.0005,1313983.9627,0.0007,13134650.0625
2026-08-06T19:07:00+05:30,1339.21,120.0740,1219.1359,0.9660,0.0005,1293940.6785,0.0007,12289774.5784
2026-08-06T19:08:00+05:30,1152.59,123.5286,1029.0607,0.8296,0.0004,1324154.1206,0.0007,11606186.9654
2026-08-06T19:09:00+05:30,1392.58,118.9480,1273.6288,1.0139,0.0004,1291583.8069,0.0008,14105501.4416
2026-08-06T19:10:00+05:30,1520.51,121.2732,1399.2334,1.1032,0.0004,1308016.8653,0.0008,14203812.6156
2026-08-06T19:11:00+05:30,1286.34,119.2654,1167.0749,0.9287,0.0005,1271958.5396,0.0007,12357962.8389
2026-08-06T19:12:00+05:30,1537.32,467.4121,1069.9085,1.3563,0.0010,4608486.3433,0.0008,11024736.1808
2026-08-06T19:13:00+05:30,1145.90,122.4388,1023.4574,0.8139,0.0003,1293516.8137,0.0007,11567285.3737
2026-08-06T19:14:00+05:30,1341.74,122.0780,1219.6638,0.9733,0.0004,1283348.2730,0.0008,13656176.8773
2026-08-06T19:15:00+05:30,1504.19,125.6938,1378.4982,1.0894,0.0005,1315130.3942,0.0007,14046422.8019
2026-08-06T19:16:00+05:30,1359.83,120.3640,1239.4613,0.9842,0.0005,1276052.8728,0.0007,12986244.6619
2026-08-06T19:17:00+05:30,1241.40,128.5688,1112.8352,0.8921,0.0005,2164772.0795,0.0007,11385704.4284
2026-08-06T19:18:00+05:30,1190.32,120.4366,1069.8825,0.8596,0.0004,1316603.1159,0.0008,11912763.6757
2026-08-06T19:19:00+05:30,1621.59,376.8754,1244.7156,1.2589,0.0007,3557063.4127,0.0008,13805666.7333
2026-08-06T19:20:00+05:30,1477.53,121.4980,1356.0274,1.0708,0.0004,1325784.8369,0.0007,13874354.3608
2026-08-06T19:21:00+05:30,1301.67,121.7187,1179.9530,0.9407,0.0004,1320184.8062,0.0007,12526873.0291
2026-08-06T19:22:00+05:30,1234.11,134.5067,1099.6050,0.8863,0.0005,2940070.2690,0.0008,11254271.6757
2026-08-06T19:23:00+05:30,1121.97,118.4235,1003.5497,0.8083,0.0005,1303533.3644,0.0008,11378953.4031
2026-08-06T19:24:00+05:30,1340.36,115.3378,1225.0246,0.9749,0.0004,1252103.6857,0.0007,13757504.6092
2026-08-06T19:25:00+05:30,1524.73,116.2372,1408.4969,1.1082,0.0004,1297314.7105,0.0007,14329446.1815
2026-08-06T19:26:00+05:30,1689.93,453.8532,1236.0743,1.7565,0.0012,4217345.7745,0.0010,12934927.2194
2026-08-06T19:27:00+05:30,1244.69,141.1996,1103.4908,0.8878,0.0005,3518592.7148,0.0007,11302119.3965
2026-08-06T19:28:00+05:30,1157.91,111.4537,1046.4612,0.8379,0.0004,1249475.5612,0.0008,11703500.7249
2026-08-06T19:29:00+05:30,1338.46,114.7238,1223.7314,0.9743,0.0005,1271087.6760,0.0008,13681889.1759
2026-08-06T19:30:00+05:30,1466.06,114.8077,1351.2568,1.0641,0.0004,1281019.7843,0.0007,13836501.9584
2026-08-06T19:31:00+05:30,1346.14,110.5999,1235.5353,0.9772,0.0004,1255270.9573,0.0008,12993095.6310
2026-08-06T19:32:00+05:30,1562.02,473.7544,1088.2686,1.0746,0.0005,6782596.5006,0.0007,11155439.9600
2026-08-06T19:33:00+05:30,1129.37,110.0295,1019.3356,0.8159,0.0005,1228212.8284,0.0007,11480707.2943
2026-08-06T19:34:00+05:30,1366.93,110.4982,1256.4291,0.9972,0.0005,1240521.1913,0.0008,13981531.2411
2026-08-06T19:35:00+05:30,1510.12,109.2300,1400.8932,1.0998,0.0005,1221817.6001,0.0007,14260476.7793
2026-08-06T19:36:00+05:30,1332.07,109.7297,1222.3426,0.9668,0.0005,1264802.6399,0.0008,12832681.5773
2026-08-06T19:37:00+05:30,1590.01,506.6596,1083.3486,1.1650,0.0007,13314167.8641,0.0007,11130258.1473
2026-08-06T19:38:00+05:30,1119.13,105.4982,1013.6331,0.8063,0.0004,1211010.2997,0.0008,11391483.7505
2026-08-06T19:39:00+05:30,1344.55,104.7605,1239.7906,0.9830,0.0005,1205436.8103,0.0007,13838286.2286
2026-08-06T19:40:00+05:30,1793.91,434.7015,1359.2128,1.6225,0.0011,4052178.6428,0.0008,13935532.8623
2026-08-06T19:41:00+05:30,1347.48,108.3337,1239.1475,0.9746,0.0004,1237809.6984,0.0008,13025088.8852
2026-08-06T19:42:00+05:30,1408.87,327.1103,1081.7609,0.9698,0.0005,8244641.4962,0.0008,11223153.3397
2026-08-06T19:43:00+05:30,1119.95,103.4592,1016.4875,0.8117,0.0005,1204320.2801,0.0007,11495976.9276
2026-08-06T19:44:00+05:30,1367.78,103.3529,1264.4314,1.0003,0.0005,1197490.7764,0.0007,14137749.2043
2026-08-06T19:45:00+05:30,1501.65,104.8772,1396.7730,1.0945,0.0005,1209348.5573,0.0007,14257927.9583
2026-08-06T19:46:00+05:30,1337.62,101.5466,1236.0755,0.9742,0.0005,1197767.0078,0.0007,13026688.9770
2026-08-06T19:47:00+05:30,1198.96,129.6515,1069.3086,0.8646,0.0005,3791229.9693,0.0007,11029193.9741
2026-08-06T19:48:00+05:30,1113.90,99.4401,1014.4628,0.8085,0.0005,1168754.9987,0.0007,11432368.9683
2026-08-06T19:49:00+05:30,1340.70,102.0905,1238.6057,0.9800,0.0004,1194126.0961,0.0008,13892163.1047
2026-08-06T19:50:00+05:30,1508.58,95.7429,1412.8413,1.1022,0.0004,1132179.3513,0.0007,14341871.5205
2026-08-06T19:51:00+05:30,1328.87,97.2058,1231.6677,0.9687,0.0005,1140958.8617,0.0007,12956687.3386
2026-08-06T19:52:00+05:30,1344.64,272.0211,1072.6145,0.9355,0.0005,6920893.5120,0.0007,11041679.2692
2026-08-06T19:53:00+05:30,1119.24,94.4730,1024.7683,0.8138,0.0004,1133029.1353,0.0007,11527253.8169
2026-08-06T19:54:00+05:30,1652.30,408.7751,1243.5220,1.5268,0.0011,3825099.2651,0.0009,13983910.9497
2026-08-06T19:55:00+05:30,1501.82,94.9762,1406.8407,1.0911,0.0004,1083500.3500,0.0007,14289915.3915
2026-08-06T19:56:00+05:30,1312.19,95.3468,1216.8428,0.9562,0.0005,1121261.3123,0.0008,12758759.0873
2026-08-06T19:57:00+05:30,1370.75,308.9333,1061.8167,0.9974,0.0006,4896891.1851,0.0007,10955115.5481
2026-08-06T19:58:00+05:30,1385.03,405.8672,979.1649,1.2214,0.0011,8527012.4510,0.0008,11142458.1382
2026-08-06T19:59:00+05:30,1674.82,458.6208,1216.1950,1.2098,0.0006,28781352.2648,0.0008,17201343.3323
2026-08-06T20:00:00+05:30,2073.61,579.7510,1493.8576,1.4472,0.0005,23601789.2754,0.0007,17884130.2152
2026-08-06T20:01:00+05:30,1367.36,86.6790,1280.6860,1.0114,0.0005,972084.9305,0.0007,15375393.6202
2026-08-06T20:02:00+05:30,1164.05,82.7486,1081.2986,0.8510,0.0005,936125.1979,0.0007,12074875.0187
2026-08-06T20:03:00+05:30,2109.09,1100.2449,1008.8481,2.0083,0.0010,35007921.0851,0.0009,13472082.1142
2026-08-06T20:04:00+05:30,1679.93,97.5000,1582.4333,1.2396,0.0004,1078358.2393,0.0007,19117715.9619
2026-08-06T20:05:00+05:30,1237.41,108.1694,1129.2431,0.9345,0.0004,1149223.6542,0.0007,19681505.0099
2026-08-06T20:06:00+05:30,1268.47,114.2176,1154.2563,0.9575,0.0005,1206496.4010,0.0007,19676237.8033
2026-08-06T20:07:00+05:30,1780.51,118.2627,1662.2446,1.3096,0.0005,1237271.4698,0.0007,18676689.6322
2026-08-06T20:08:00+05:30,2055.52,970.8413,1084.6754,1.8169,0.0009,24598876.1962,0.0009,14737801.6071
2026-08-06T20:09:00+05:30,1642.05,536.4545,1105.5981,1.6770,0.0012,4970219.1639,0.0009,14989139.3059
2026-08-06T20:10:00+05:30,1294.65,136.3151,1158.3369,0.9637,0.0005,1438895.2273,0.0008,16281099.8383
2026-08-06T20:11:00+05:30,1565.89,125.9396,1439.9553,1.1393,0.0004,1350882.5922,0.0007,16187105.8071
2026-08-06T20:12:00+05:30,1664.48,429.6094,1234.8687,1.3861,0.0010,3965081.9891,0.0008,13019243.3009
2026-08-06T20:13:00+05:30,1893.50,844.4193,1049.0825,1.4521,0.0007,20601580.9070,0.0008,11858678.0887
2026-08-06T20:14:00+05:30,1377.79,131.5254,1246.2664,0.9951,0.0004,1386019.1676,0.0008,13823325.8330
2026-08-06T20:15:00+05:30,1500.04,130.2485,1369.7931,1.0849,0.0004,1374846.2654,0.0007,13955334.7891
2026-08-06T20:16:00+05:30,1348.75,130.4703,1218.2782,0.9733,0.0005,1389725.2562,0.0007,12866580.0517
2026-08-06T20:17:00+05:30,1248.40,127.7227,1120.6733,0.8953,0.0004,1358712.1288,0.0007,11426697.3303
2026-08-06T20:18:00+05:30,1169.76,185.8791,983.8823,0.8267,0.0005,2757542.7695,0.0008,11216005.3337
2026-08-06T20:19:00+05:30,1375.29,127.2394,1248.0460,0.9982,0.0005,1384400.8999,0.0007,13943396.9836
2026-08-06T20:20:00+05:30,1536.27,126.4875,1409.7803,1.1139,0.0005,1360281.3474,0.0007,14350712.2023
2026-08-06T20:21:00+05:30,1297.33,124.5082,1172.8179,0.9365,0.0005,1369816.9998,0.0007,12478430.6456
2026-08-06T20:22:00+05:30,1259.96,123.6043,1136.3530,0.9052,0.0005,1371090.0092,0.0007,11587847.1461
2026-08-06T20:23:00+05:30,1137.66,133.4111,1004.2504,0.8163,0.0005,1416354.6903,0.0007,11495302.8869
2026-08-06T20:24:00+05:30,1235.85,117.6676,1118.1842,0.8962,0.0004,1322763.3649,0.0008,12850647.1137
2026-08-06T20:25:00+05:30,1413.01,119.6647,1293.3451,1.0237,0.0005,1347493.2751,0.0007,13460733.5211
2026-08-06T20:26:00+05:30,1365.23,115.6147,1249.6125,0.9893,0.0005,1332611.3898,0.0007,13174769.2205
2026-08-06T20:27:00+05:30,1655.85,458.8382,1197.0164,1.5096,0.0011,4286616.4180,0.0008,12230105.0421
2026-08-06T20:28:00+05:30,1202.70,169.4972,1033.1994,0.8404,0.0004,1540275.1287,0.0007,11746039.9660
2026-08-06T20:29:00+05:30,1244.21,113.0497,1131.1637,0.9041,0.0004,1306359.7794,0.0007,12993020.6469
2026-08-06T20:30:00+05:30,1515.85,118.0579,1397.7932,1.1010,0.0005,1309441.9628,0.0007,14265066.2044
2026-08-06T20:31:00+05:30,1457.92,117.6137,1340.3064,1.0585,0.0004,1321933.4256,0.0007,13839472.7385
2026-08-06T20:32:00+05:30,1238.91,117.6471,1121.2641,0.8914,0.0005,1346239.1946,0.0007,11493010.1845
2026-08-06T20:33:00+05:30,1193.54,154.0679,1039.4708,0.8530,0.0005,1981801.1930,0.0007,11791372.4549
2026-08-06T20:34:00+05:30,1334.54,116.8645,1217.6747,0.9709,0.0005,1359688.4503,0.0007,13656292.3446
2026-08-06T20:35:00+05:30,1443.68,117.8460,1325.8302,1.0470,0.0005,1309805.5315,0.0007,13648579.0070
2026-08-06T20:36:00+05:30,1326.57,120.6307,1205.9407,0.9597,0.0005,1364218.1624,0.0007,12803482.0643
2026-08-06T20:37:00+05:30,1268.39,117.8373,1150.5550,0.9136,0.0004,1319411.8569,0.0007,11705812.1635
2026-08-06T20:38:00+05:30,1201.71,184.1276,1017.5860,0.8482,0.0004,1621917.9544,0.0007,11593009.3514
2026-08-06T20:39:00+05:30,1358.16,119.4361,1238.7221,0.9879,0.0004,1365811.1522,0.0007,13857361.9971
2026-08-06T20:40:00+05:30,1584.95,119.6460,1465.3012,1.1555,0.0005,1378053.2649,0.0008,14830438.9854
2026-08-06T20:41:00+05:30,1349.42,118.7011,1230.7179,0.9771,0.0005,1345237.4983,0.0008,12911494.3326
2026-08-06T20:42:00+05:30,1254.12,188.1696,1065.9502,0.8811,0.0004,1946546.9633,0.0007,10970031.8920
2026-08-06T20:43:00+05:30,1431.38,396.1129,1035.2708,1.2644,0.0011,4277613.5485,0.0008,11756677.9571
2026-08-06T20:44:00+05:30,1331.79,117.5323,1214.2619,0.9661,0.0004,1321865.1509,0.0008,13663392.4625
2026-08-06T20:45:00+05:30,1467.18,119.7074,1347.4747,1.0643,0.0004,1352228.7542,0.0007,13827310.2713
2026-08-06T20:46:00+05:30,1354.17,118.6638,1235.5108,0.9812,0.0005,1362898.2048,0.0007,13060049.5391
2026-08-06T20:47:00+05:30,1237.70,115.8814,1121.8146,0.8915,0.0005,1322076.4641,0.0007,11421861.4046
2026-08-06T20:48:00+05:30,1167.76,147.1623,1020.6017,0.8374,0.0005,2455688.3740,0.0007,11582336.9281
2026-08-06T20:49:00+05:30,1400.96,117.7784,1283.1783,1.0204,0.0004,1325939.5273,0.0007,14220959.1626
2026-08-06T20:50:00+05:30,1513.18,117.5549,1395.6271,1.0990,0.0005,1328063.4603,0.0007,14236340.6326
2026-08-06T20:51:00+05:30,1287.21,116.2326,1170.9744,0.9316,0.0005,1328474.8621,0.0007,12466217.5340
2026-08-06T20:52:00+05:30,1233.87,117.1284,1116.7450,0.8880,0.0005,1345078.5258,0.0007,11394148.5173
2026-08-06T20:53:00+05:30,1176.93,167.6636,1009.2637,0.8352,0.0004,1787239.9867,0.0007,11464091.1696
2026-08-06T20:54:00+05:30,1429.53,212.8163,1216.7172,1.0162,0.0005,3230791.1846,0.0007,13722344.2803
2026-08-06T20:55:00+05:30,1518.55,117.6539,1400.8967,1.1044,0.0004,1321618.4539,0.0008,14253326.3109
2026-08-06T20:56:00+05:30,1359.67,117.6216,1242.0444,0.9855,0.0004,1346192.4019,0.0007,13060374.1353
2026-08-06T20:57:00+05:30,1217.72,114.0348,1103.6862,0.8773,0.0004,1308292.7610,0.0007,11270825.7566
2026-08-06T20:58:00+05:30,1429.34,442.1872,987.1509,1.2209,0.0010,4152248.9209,0.0008,11331700.0817
2026-08-06T20:59:00+05:30,1989.90,738.6572,1251.2418,1.5912,0.0008,18819520.3520,0.0008,14064817.6818
2026-08-06T21:00:00+05:30,1472.66,111.0537,1361.6078,1.0628,0.0004,1277393.3708,0.0007,13938973.2531
2026-08-06T21:01:00+05:30,1341.45,113.3931,1228.0532,0.9726,0.0005,1264982.3462,0.0008,12931211.3625
2026-08-06T21:02:00+05:30,1649.91,550.3824,1099.5318,1.5417,0.0011,5097578.1370,0.0008,11290994.9675
2026-08-06T21:03:00+05:30,1131.66,111.5889,1020.0677,0.8095,0.0004,1289668.5890,0.0007,11538953.1651
2026-08-06T21:04:00+05:30,2123.23,958.4528,1164.7723,2.4987,0.0015,18314111.3259,0.0009,13387156.5896
2026-08-06T21:05:00+05:30,1510.33,109.3776,1400.9568,1.0932,0.0004,1229557.8484,0.0008,14280048.9390
2026-08-06T21:06:00+05:30,1339.96,112.2481,1227.7129,0.9724,0.0005,1280093.8635,0.0007,12933985.9338
2026-08-06T21:07:00+05:30,1210.99,109.3203,1101.6701,0.8733,0.0005,1248365.8789,0.0007,11277756.1919
2026-08-06T21:08:00+05:30,1150.12,110.3222,1039.8020,0.8325,0.0004,1269755.2211,0.0007,11680737.6369
2026-08-06T21:09:00+05:30,1835.51,659.3352,1176.1726,1.2959,0.0006,20240508.1481,0.0008,13588654.3806
2026-08-06T21:10:00+05:30,1487.51,107.1292,1380.3777,1.0791,0.0004,1237047.4381,0.0008,14154665.5999
2026-08-06T21:11:00+05:30,1376.00,110.3667,1265.6333,0.9999,0.0004,1256243.2000,0.0007,13322786.1333
2026-08-06T21:12:00+05:30,1239.06,107.6315,1131.4311,0.8941,0.0004,1255949.2008,0.0007,11595787.5369
2026-08-06T21:13:00+05:30,1187.22,109.6927,1077.5282,0.8600,0.0005,1275136.3242,0.0007,12002937.4042
2026-08-06T21:14:00+05:30,2174.75,1036.2630,1138.4862,2.1139,0.0010,23930739.7260,0.0009,13433331.8668
2026-08-06T21:15:00+05:30,1503.62,115.4154,1388.2018,1.0825,0.0004,1288090.6788,0.0007,14301862.1149
2026-08-06T21:16:00+05:30,1367.32,113.5576,1253.7669,0.9926,0.0005,1264950.2125,0.0007,13237668.4724
2026-08-06T21:17:00+05:30,1206.64,118.9254,1087.7108,0.8676,0.0005,1337369.0859,0.0008,11166676.9103
2026-08-06T21:18:00+05:30,1199.57,116.9500,1082.6167,0.8675,0.0005,1327786.6667,0.0007,12037051.7333
2026-08-06T21:19:00+05:30,2053.16,943.0729,1110.0868,1.9987,0.0010,13075941.7893,0.0009,13112402.8739
2026-08-06T21:20:00+05:30,1512.91,123.3669,1389.5481,1.0851,0.0003,1349542.8200,0.0007,14288594.3307
2026-08-06T21:21:00+05:30,1368.47,120.7394,1247.7291,0.9888,0.0004,1339458.9729,0.0007,13189574.6787
2026-08-06T21:22:00+05:30,1256.44,123.4792,1132.9622,0.9021,0.0004,1361442.3279,0.0007,11562907.7213
2026-08-06T21:23:00+05:30,1223.73,122.9064,1100.8249,0.8837,0.0005,1379213.0656,0.0007,12185881.5765
2026-08-06T21:24:00+05:30,1780.59,633.0827,1147.5104,1.2484,0.0005,18821266.1199,0.0008,13416059.2118
2026-08-06T21:25:00+05:30,1493.82,132.2922,1361.5241,1.0800,0.0004,1419198.4266,0.0007,14067596.1798
2026-08-06T21:26:00+05:30,1375.51,132.7690,1242.7434,0.9931,0.0005,1457153.3309,0.0007,13163247.5089
2026-08-06T21:27:00+05:30,1238.92,130.3130,1108.6109,0.8877,0.0005,1396466.0466,0.0007,11393685.5019
2026-08-06T21:28:00+05:30,1236.98,130.1798,1106.8031,0.8911,0.0004,1399093.5750,0.0007,12227258.8643
2026-08-06T21:29:00+05:30,1486.83,340.8943,1145.9309,1.1004,0.0007,28817542.1076,0.0007,13417657.9724
2026-08-06T21:30:00+05:30,2746.94,1530.4139,1216.5230,3.2545,0.0014,61652344.7241,0.0009,12892260.7101
2026-08-06T21:31:00+05:30,1690.75,446.7965,1243.9496,1.5777,0.0011,4106308.9539,0.0009,13261615.8411
2026-08-06T21:32:00+05:30,1315.32,130.2667,1185.0500,0.9409,0.0004,1395302.4000,0.0007,12035549.8667
2026-08-06T21:33:00+05:30,1189.61,131.6877,1057.9186,0.8551,0.0004,1409821.9274,0.0007,11863094.1031
2026-08-06T21:34:00+05:30,1419.43,138.4144,1281.0120,1.0293,0.0005,1444088.9985,0.0007,14456522.7913
2026-08-06T21:35:00+05:30,3644.13,2421.7815,1222.3481,4.7150,0.0013,140100743.0714,0.0012,13013614.1988
2026-08-06T21:36:00+05:30,1347.11,149.6283,1197.4768,0.9532,0.0004,1385380.6437,0.0008,12760465.7256
2026-08-06T21:37:00+05:30,1262.07,151.8905,1110.1794,0.8978,0.0004,1426105.8598,0.0007,11357429.2240
2026-08-06T21:38:00+05:30,1216.55,151.6121,1064.9338,0.8693,0.0005,1446140.8648,0.0007,11921226.6267
2026-08-06T21:39:00+05:30,1386.50,152.8012,1233.6939,0.9997,0.0004,1467041.4722,0.0007,14031421.7896
2026-08-06T21:40:00+05:30,2663.01,1398.5639,1264.4486,2.5833,0.0011,163376586.4321,0.0008,13367751.5660
2026-08-06T21:41:00+05:30,1743.87,499.9750,1243.8935,1.4020,0.0009,45928182.4730,0.0007,13139079.6319
2026-08-06T21:42:00+05:30,1304.97,154.1243,1150.8415,0.9274,0.0004,1446807.3988,0.0007,11708785.6024
2026-08-06T21:43:00+05:30,1283.72,153.1102,1130.6087,0.9192,0.0005,1455722.9195,0.0007,12477244.6622
2026-08-06T21:44:00+05:30,1377.43,154.6309,1222.7946,0.9919,0.0004,1494203.2107,0.0007,13851167.4863
2026-08-06T21:45:00+05:30,1463.78,152.7757,1311.0011,1.0515,0.0004,1489615.8923,0.0007,13684096.7935
2026-08-06T21:46:00+05:30,2913.18,1761.3152,1151.8631,2.8884,0.0011,209327729.1028,0.0008,12462534.5954
2026-08-06T21:47:00+05:30,1279.58,152.1152,1127.4627,0.9013,0.0004,1416835.1641,0.0007,11515677.3624
2026-08-06T21:48:00+05:30,1521.06,460.8436,1060.2137,1.2577,0.0010,4078319.8173,0.0008,11950643.0012
2026-08-06T21:49:00+05:30,1426.15,153.5654,1272.5849,1.0289,0.0005,1454636.9817,0.0007,14277844.5541
2026-08-06T21:50:00+05:30,1440.04,155.1693,1284.8714,1.0323,0.0004,1464617.4770,0.0007,13454423.7071
2026-08-06T21:51:00+05:30,2941.81,1782.3574,1159.4558,2.9389,0.0011,211191579.9291,0.0008,12532066.9476
2026-08-06T21:52:00+05:30,1302.86,151.7957,1151.0617,0.9146,0.0004,1417304.8207,0.0007,11732460.7840
2026-08-06T21:53:00+05:30,1190.71,153.0641,1037.6494,0.8481,0.0004,1425793.8368,0.0007,11747473.5421
2026-08-06T21:54:00+05:30,1475.51,151.2909,1324.2162,1.0656,0.0004,1414419.5210,0.0007,14682299.9817
2026-08-06T21:55:00+05:30,1487.14,153.9487,1333.1945,1.0681,0.0005,1471452.8638,0.0007,13839179.0291
2026-08-06T21:56:00+05:30,1595.73,477.2867,1118.4423,1.1931,0.0007,42841495.6574,0.0007,12148296.1308
2026-08-06T21:57:00+05:30,2797.10,1697.2252,1099.8750,2.6946,0.0011,173783508.4410,0.0008,11333916.3070
2026-08-06T21:58:00+05:30,1195.39,147.8617,1047.5317,0.8541,0.0005,1380602.0566,0.0008,11821132.0478
2026-08-06T21:59:00+05:30,1337.06,149.3567,1187.7042,0.9627,0.0004,1402649.9567,0.0007,13559586.6942
2026-08-06T22:00:00+05:30,1651.28,151.8025,1499.4750,1.1932,0.0004,1432166.4000,0.0007,15252821.3333
2026-08-06T22:01:00+05:30,1283.10,150.1100,1132.9922,0.9168,0.0005,1448398.0332,0.0007,12207779.9817
2026-08-06T22:02:00+05:30,3083.94,2011.6824,1072.2606,2.9552,0.0010,211889262.2738,0.0008,11119596.3070
2026-08-06T22:03:00+05:30,1160.39,145.6076,1014.7858,0.8161,0.0004,1350539.7566,0.0007,11567188.6648
2026-08-06T22:04:00+05:30,1418.81,148.4221,1270.3856,1.0233,0.0005,1383896.2978,0.0007,14238749.1752
2026-08-06T22:05:00+05:30,1786.00,444.0740,1341.9237,1.5427,0.0010,3952752.6588,0.0008,14004783.1972
2026-08-06T22:06:00+05:30,1378.62,148.0858,1230.5372,0.9899,0.0004,1418423.8141,0.0007,12929045.3682
2026-08-06T22:07:00+05:30,2444.62,1369.3033,1075.3170,2.0930,0.0009,130530566.8677,0.0007,11167391.0754
2026-08-06T22:08:00+05:30,1712.29,713.7594,998.5329,1.5020,0.0010,73701709.0079,0.0008,11436581.5842
2026-08-06T22:09:00+05:30,1376.63,145.0094,1231.6218,0.9877,0.0004,1358734.4422,0.0007,13915218.2927
2026-08-06T22:10:00+05:30,1527.87,147.8556,1380.0193,1.1004,0.0004,1384510.5135,0.0007,14229740.6778
2026-08-06T22:11:00+05:30,1511.85,183.5353,1328.3097,1.1452,0.0004,3477885.3027,0.0008,19726681.2483
2026-08-06T22:12:00+05:30,1231.65,147.1956,1084.4570,0.8764,0.0005,1408618.7285,0.0007,11194599.9933
2026-08-06T22:13:00+05:30,2760.46,1789.8885,970.5721,2.8637,0.0011,207942164.1005,0.0010,12434402.7195
2026-08-06T22:14:00+05:30,1407.42,143.9953,1263.4220,1.0066,0.0004,1349493.8827,0.0007,14319682.6349
2026-08-06T22:15:00+05:30,1579.73,147.2902,1432.4378,1.1407,0.0004,1378393.9338,0.0007,14874203.6830
2026-08-06T22:16:00+05:30,1325.97,145.8264,1180.1453,0.9507,0.0004,1388977.9319,0.0007,12447481.5654
2026-08-06T22:17:00+05:30,1282.62,147.8530,1134.7680,0.9148,0.0004,1440823.5765,0.0007,11596025.0700
2026-08-06T22:18:00+05:30,2779.07,1845.6387,933.4311,2.7974,0.0011,217362035.6173,0.0008,11161287.8205
2026-08-06T22:19:00+05:30,1359.76,144.8029,1214.9537,0.9665,0.0004,1359369.9863,0.0007,13751842.3632
2026-08-06T22:20:00+05:30,1527.23,145.1696,1382.0622,1.0994,0.0004,1355659.6426,0.0007,14212267.8047
2026-08-06T22:21:00+05:30,1711.02,447.7868,1263.2325,1.2161,0.0006,24083292.2590,0.0008,14850585.3846
2026-08-06T22:22:00+05:30,1708.15,496.6839,1211.4648,1.2427,0.0006,29432568.7052,0.0008,20016751.3414
2026-08-06T22:23:00+05:30,1279.32,227.8354,1051.4854,0.9533,0.0006,11978634.8535,0.0008,16103571.7213
2026-08-06T22:24:00+05:30,3435.51,1808.5298,1626.9799,3.6152,0.0011,216265494.6814,0.0010,20146258.4281
2026-08-06T22:25:00+05:30,1659.06,426.9311,1232.1307,1.5073,0.0009,3702134.1555,0.0009,21971843.6797
2026-08-06T22:26:00+05:30,1363.84,140.7068,1223.1372,1.0265,0.0004,1248054.4091,0.0008,21547254.1424
2026-08-06T22:27:00+05:30,1810.36,150.0817,1660.2827,1.3301,0.0004,1363922.3243,0.0008,20237898.1548
2026-08-06T22:28:00+05:30,1330.03,148.9454,1181.0836,0.9698,0.0004,1359077.9535,0.0008,15454086.6001
2026-08-06T22:29:00+05:30,3069.87,1848.5803,1221.2891,3.1532,0.0011,223571080.9838,0.0009,16474025.7282
2026-08-06T22:30:00+05:30,1305.12,142.6428,1162.4821,0.9418,0.0004,1257985.9291,0.0008,16089067.7870
2026-08-06T22:31:00+05:30,1551.03,146.0500,1404.9833,1.1270,0.0005,1279522.1333,0.0008,16133939.2000
2026-08-06T22:32:00+05:30,1582.13,283.7975,1298.3316,1.1015,0.0004,2582495.3664,0.0007,13663596.7731
2026-08-06T22:33:00+05:30,1249.67,145.0548,1104.6202,0.8963,0.0004,1391161.3194,0.0007,12386442.1740
2026-08-06T22:34:00+05:30,2000.42,668.9438,1331.4727,1.6125,0.0009,66971265.2626,0.0008,15983313.2498
2026-08-06T22:35:00+05:30,2442.08,1360.6740,1081.4054,2.4905,0.0012,158327508.7673,0.0008,15911699.7133
2026-08-06T22:36:00+05:30,1676.27,216.1766,1460.0920,1.2544,0.0005,9599507.1096,0.0007,23096868.0258
2026-08-06T22:37:00+05:30,1871.04,320.6226,1550.4150,1.8681,0.0005,7924808.7199,0.0010,42134235.3627
2026-08-06T22:38:00+05:30,1488.06,203.8472,1284.2093,1.1544,0.0005,8100578.7438,0.0008,26684628.8839
2026-08-06T22:39:00+05:30,1548.85,147.3563,1401.4931,1.1263,0.0005,1376071.9868,0.0008,16310695.0392
2026-08-06T22:40:00+05:30,3571.58,2373.3122,1198.2664,5.8525,0.0015,30603449.3749,0.0019,14363857.4429
2026-08-06T22:41:00+05:30,1343.24,150.9799,1192.2577,0.9476,0.0004,1412272.5682,0.0007,12480762.5777
2026-08-06T22:42:00+05:30,1190.00,151.4934,1038.5026,0.8504,0.0005,1420563.8282,0.0007,11984880.8440
2026-08-06T22:43:00+05:30,1407.67,441.2255,966.4455,1.1567,0.0009,3939375.3834,0.0008,12144074.6766
2026-08-06T22:44:00+05:30,1284.54,145.5945,1138.9463,0.9198,0.0004,1378755.5319,0.0008,13455185.2839
2026-08-06T22:45:00+05:30,3583.85,1442.7631,2141.0882,7.4696,0.0007,76521149.2567,0.0030,47196904.7397
2026-08-06T22:46:00+05:30,4225.89,2786.9159,1438.9723,7.5132,0.0015,166576402.7875,0.0022,30169673.8355
2026-08-06T22:47:00+05:30,3060.64,1170.7768,1889.8590,7.9251,0.0008,29074549.5809,0.0036,34359975.0721
2026-08-06T22:48:00+05:30,2199.92,604.8202,1595.1032,2.8223,0.0006,18769823.2304,0.0015,32540122.0687
2026-08-06T22:49:00+05:30,1707.35,228.6229,1478.7312,1.2651,0.0004,2383399.1299,0.0007,25353170.1365
2026-08-06T22:50:00+05:30,1916.87,248.1668,1668.7054,1.4087,0.0005,2525630.0247,0.0007,25553376.9749
2026-08-06T22:51:00+05:30,3576.41,2347.0456,1229.3691,5.7817,0.0014,52053779.9483,0.0019,25570455.1379
2026-08-06T22:52:00+05:30,2008.77,374.6479,1634.1183,1.4301,0.0004,3576866.6089,0.0008,25375963.7358
2026-08-06T22:53:00+05:30,1472.47,286.2738,1186.1938,1.0440,0.0004,2885194.4935,0.0008,17401480.7506
2026-08-06T22:54:00+05:30,1497.28,285.6714,1211.6042,1.0403,0.0004,2846717.6112,0.0007,13519400.3966
2026-08-06T22:55:00+05:30,1567.16,403.6875,1163.4688,1.0603,0.0004,3844378.6217,0.0007,13667923.0487
2026-08-06T22:56:00+05:30,1954.86,656.6433,1298.2181,1.5041,0.0007,18906569.0569,0.0008,13458344.2344
2026-08-06T22:57:00+05:30,2781.87,1743.4547,1038.4135,3.7138,0.0013,110748590.6841,0.0013,12799069.9442
2026-08-06T22:58:00+05:30,1362.25,386.0208,976.2290,0.9796,0.0006,3747975.1950,0.0008,12444771.6210
2026-08-06T22:59:00+05:30,1747.57,593.2604,1154.3064,1.2413,0.0006,5504087.4594,0.0008,13676155.2537
2026-08-06T23:00:00+05:30,1548.00,352.8500,1195.1500,1.0599,0.0004,3466171.7333,0.0007,14013849.6000
2026-08-06T23:01:00+05:30,1758.54,348.0152,1410.5256,1.2843,0.0005,3431080.8919,0.0007,14397024.2976
2026-08-06T23:02:00+05:30,2360.30,1216.0333,1144.2667,2.1246,0.0009,37082453.3333,0.0009,13530316.8000
2026-08-06T23:03:00+05:30,1383.15,412.6450,970.5039,1.0474,0.0007,4003577.7159,0.0008,12524379.8890
2026-08-06T23:04:00+05:30,1582.47,418.2112,1164.2610,1.1966,0.0007,4055788.9228,0.0007,13799431.3049
2026-08-06T23:05:00+05:30,1579.40,407.3802,1172.0224,1.2783,0.0008,3934134.3378,0.0008,13790531.1510
2026-08-06T23:06:00+05:30,1811.91,399.2968,1412.6106,1.5191,0.0008,3892677.6532,0.0008,14357123.9565
2026-08-06T23:07:00+05:30,2377.82,1304.3449,1073.4769,3.2091,0.0016,25169523.2252,0.0011,12962926.9399
2026-08-06T23:08:00+05:30,1407.96,420.0573,987.9036,1.0609,0.0007,4036693.0703,0.0008,12653396.2044
2026-08-06T23:09:00+05:30,1585.23,413.4712,1171.7573,1.1803,0.0007,3977246.6614,0.0008,13943717.9107
2026-08-06T23:10:00+05:30,1463.14,132.6747,1330.4620,1.0645,0.0004,1706018.3278,0.0007,14992733.1134
2026-08-06T23:11:00+05:30,1744.88,421.4851,1323.3936,1.4328,0.0008,4484742.7952,0.0009,13635559.7633
2026-08-06T23:12:00+05:30,1763.06,640.0027,1123.0544,1.3186,0.0007,17661598.1469,0.0008,13155909.4106
2026-08-06T23:13:00+05:30,1420.04,432.4432,987.5988,1.0523,0.0007,4156423.0494,0.0008,12724274.8987
2026-08-06T23:14:00+05:30,1708.98,419.0178,1289.9662,1.2918,0.0007,4026855.0860,0.0008,14822608.1856
2026-08-06T23:15:00+05:30,1776.60,419.2392,1357.3643,1.4845,0.0008,4035301.8286,0.0009,15117326.7990
2026-08-06T23:16:00+05:30,1678.73,421.3755,1257.3591,1.2647,0.0007,4067529.9530,0.0008,13095948.5282
2026-08-06T23:17:00+05:30,1660.22,584.8525,1075.3708,1.1882,0.0006,23710864.1893,0.0007,12795136.8105
2026-08-06T23:18:00+05:30,2058.96,930.0918,1128.8650,1.5687,0.0007,41195748.3748,0.0008,14360510.1844
2026-08-06T23:19:00+05:30,1728.65,464.5953,1264.0519,1.5156,0.0008,4443591.9456,0.0009,15295206.2942
2026-08-06T23:20:00+05:30,1644.20,152.5090,1491.6921,1.1832,0.0004,1768593.8469,0.0007,15496085.0638
2026-08-06T23:21:00+05:30,1570.25,450.0508,1120.1946,1.2045,0.0007,4369080.3173,0.0008,13235147.1039
2026-08-06T23:22:00+05:30,1812.72,730.5391,1082.1765,1.3823,0.0006,22540321.1066,0.0008,12890061.8282
2026-08-06T23:23:00+05:30,1544.85,464.4351,1080.4147,1.2198,0.0007,4504582.6402,0.0008,13446697.7613
2026-08-06T23:24:00+05:30,1420.01,155.8604,1264.1509,1.0289,0.0005,1885855.8571,0.0008,14899851.9901
2026-08-06T23:25:00+05:30,1907.68,447.1071,1460.5719,1.5721,0.0007,4387191.6276,0.0008,15429129.0016
2026-08-06T23:26:00+05:30,1539.69,439.5760,1100.1150,1.1370,0.0006,4343735.6044,0.0008,12618473.4254
2026-08-06T23:27:00+05:30,1772.85,775.5687,997.2836,2.5316,0.0022,24021174.7688,0.0008,12109224.4980
2026-08-06T23:28:00+05:30,1689.38,640.6940,1048.6841,1.6014,0.0012,8217531.7333,0.0008,13162427.7333
2026-08-06T23:29:00+05:30,1775.90,489.8214,1286.0835,1.4629,0.0008,5108271.0949,0.0008,14793922.4062
2026-08-06T23:30:00+05:30,1620.46,153.6064,1466.8522,1.1730,0.0004,1904239.9840,0.0008,16186244.6504
2026-08-06T23:31:00+05:30,1562.57,456.6768,1105.8920,1.1876,0.0007,4547615.1565,0.0008,11533624.5543
2026-08-06T23:32:00+05:30,1506.70,489.1159,1017.5845,1.0019,0.0004,5782230.8154,0.0008,14239805.8537
2026-08-06T23:33:00+05:30,2961.12,1690.4195,1270.7018,4.1423,0.0014,84689528.6217,0.0014,37724673.9880
2026-08-06T23:34:00+05:30,2102.49,515.3288,1587.1635,2.1356,0.0010,4935562.5500,0.0010,19843380.1014
2026-08-06T23:35:00+05:30,1476.42,161.5123,1314.9099,1.0610,0.0004,1844036.0577,0.0007,15291050.8373
2026-08-06T23:36:00+05:30,1554.65,489.0159,1065.6377,1.2396,0.0008,4689618.2412,0.0008,13747365.5577
2026-08-06T23:37:00+05:30,1152.84,157.6245,995.2164,0.8332,0.0004,1849194.2129,0.0007,14330538.3026
2026-08-06T23:38:00+05:30,2556.73,1572.2520,984.4734,2.5549,0.0011,47957870.6915,0.0008,13707444.4500
2026-08-06T23:39:00+05:30,1786.75,503.6521,1283.0938,1.6110,0.0009,4878506.3536,0.0009,14383130.7074
2026-08-06T23:40:00+05:30,1747.57,156.7036,1590.8674,1.2572,0.0004,1853452.9698,0.0007,17184100.2600
2026-08-06T23:41:00+05:30,1591.53,493.1260,1098.4019,1.2685,0.0008,4799302.5162,0.0008,11388941.3098
2026-08-06T23:42:00+05:30,1239.54,152.5079,1087.0355,0.8869,0.0004,1845486.5522,0.0007,13214087.7854
2026-08-06T23:43:00+05:30,2060.14,1020.3201,1039.8233,1.4762,0.0006,69271759.0225,0.0008,14008089.2164
2026-08-06T23:44:00+05:30,1598.22,513.2581,1084.9653,1.3660,0.0009,4920087.7304,0.0009,14445564.3479
2026-08-06T23:45:00+05:30,1542.12,145.3479,1396.7730,1.1083,0.0004,1752541.5298,0.0007,15001848.3490
2026-08-06T23:46:00+05:30,1915.83,500.9669,1414.8663,1.8568,0.0010,4881074.0636,0.0010,15703871.0430
2026-08-06T23:47:00+05:30,1231.71,147.6759,1084.0291,0.8784,0.0004,1841879.1060,0.0007,12808029.4652
2026-08-06T23:48:00+05:30,2426.69,1274.4546,1152.2359,2.3705,0.0009,31550648.5108,0.0011,14594291.2382
2026-08-06T23:49:00+05:30,1396.14,199.5200,1196.6197,0.9880,0.0004,2378580.2580,0.0008,14698327.4327
2026-08-06T23:50:00+05:30,2011.17,533.1556,1478.0102,1.9645,0.0011,5158959.9533,0.0009,15365955.7704
2026-08-06T23:51:00+05:30,1333.97,152.0439,1181.9227,0.9551,0.0004,1856370.0778,0.0007,13645483.8441
2026-08-06T23:52:00+05:30,1513.01,510.9089,1002.1001,1.2483,0.0008,4991635.1818,0.0009,12491103.4885
2026-08-06T23:53:00+05:30,2158.57,1164.3228,994.2515,2.7574,0.0015,41955335.6438,0.0009,12770243.6684
2026-08-06T23:54:00+05:30,2235.35,981.5605,1253.7846,3.6029,0.0024,19791642.5475,0.0011,14128605.0017
2026-08-06T23:55:00+05:30,1562.74,152.7051,1410.0303,1.1228,0.0004,1820558.2279,0.0007,15703961.7314
2026-08-06T23:56:00+05:30,2077.22,860.3496,1216.8747,2.1088,0.0010,20574878.0163,0.0011,14610463.6715
2026-08-06T23:57:00+05:30,2272.32,819.2801,1453.0412,1.9807,0.0007,41814556.2406,0.0009,28970889.9183
2026-08-06T23:58:00+05:30,1970.20,510.6153,1459.5887,1.5582,0.0006,35889418.4775,0.0008,36929459.0055
2026-08-06T23:59:00+05:30,3735.58,1706.5904,2028.9925,6.3936,0.0015,112685958.7863,0.0018,52700523.6412
2026-08-07T00:00:00+05:30,2017.89,421.4632,1596.4228,1.6827,0.0006,25913590.6121,0.0008,41977718.6292
2026-08-07T00:01:00+05:30,2153.46,777.2537,1376.2104,2.4462,0.0007,57655637.3333,0.0013,21396070.4000
2026-08-07T00:02:00+05:30,1875.98,661.8664,1214.1107,1.3306,0.0005,18934433.6550,0.0008,28570618.9309
2026-08-07T00:03:00+05:30,1675.44,526.4859,1148.9511,1.4665,0.0010,5030625.6540,0.0008,17489389.0092
2026-08-07T00:04:00+05:30,1845.22,496.7755,1348.4477,1.3146,0.0005,24652993.2510,0.0007,19891834.3582
2026-08-07T00:05:00+05:30,2016.68,528.8500,1487.8333,1.7412,0.0010,5021081.6000,0.0007,18122069.3333
2026-08-07T00:06:00+05:30,1511.38,143.9383,1367.4384,1.0898,0.0004,1728293.3773,0.0007,15665931.7564
2026-08-07T00:07:00+05:30,1362.07,141.5594,1220.5147,0.9882,0.0005,1691351.1567,0.0007,14754434.2956
2026-08-07T00:08:00+05:30,1462.86,492.1087,970.7515,1.1958,0.0009,4785663.6502,0.0008,13102244.0878
2026-08-07T00:09:00+05:30,1403.36,199.3734,1203.9895,1.0145,0.0005,9212450.6066,0.0007,13663526.4631
2026-08-07T00:10:00+05:30,1700.48,489.3504,1211.1263,1.3879,0.0009,4734545.1152,0.0008,13884499.3167
2026-08-07T00:11:00+05:30,1570.99,128.6112,1442.3792,1.1280,0.0004,1624142.8309,0.0008,14376251.9212
2026-08-07T00:12:00+05:30,1274.93,126.3414,1148.5869,0.9238,0.0004,1638823.1687,0.0007,13233850.2966
2026-08-07T00:13:00+05:30,1698.20,474.8275,1223.3688,1.3502,0.0008,4683922.9807,0.0008,14416677.2360
2026-08-07T00:14:00+05:30,1429.42,204.8030,1224.6184,1.0150,0.0005,2972982.5006,0.0008,14052975.8341
2026-08-07T00:15:00+05:30,1800.04,472.0037,1328.0396,1.5349,0.0009,5047735.9151,0.0009,14257473.5965
2026-08-07T00:16:00+05:30,1289.70,126.7066,1162.9965,0.9202,0.0004,2022531.4396,0.0007,12421146.6293
2026-08-07T00:17:00+05:30,1198.16,134.0088,1064.1549,0.8668,0.0005,2070182.2302,0.0007,12731849.3635
2026-08-07T00:18:00+05:30,1540.29,474.2622,1066.0234,1.2404,0.0009,5053842.4570,0.0008,12789753.0037
2026-08-07T00:19:00+05:30,1575.66,238.3683,1337.2897,1.1316,0.0005,10897083.4528,0.0007,14952728.4366
2026-08-07T00:20:00+05:30,1628.45,141.5311,1486.9184,1.1856,0.0005,2150318.0909,0.0007,15968311.4251
2026-08-07T00:21:00+05:30,1644.25,511.3026,1132.9477,1.4162,0.0010,5365420.6411,0.0008,11734032.5070
2026-08-07T00:22:00+05:30,1150.11,138.8625,1011.2483,0.8249,0.0004,2176083.1875,0.0008,12157288.9400
2026-08-07T00:23:00+05:30,1618.96,617.2961,1001.6666,1.0917,0.0005,25304449.3184,0.0008,13109971.5343
2026-08-07T00:24:00+05:30,1657.77,419.1462,1238.6191,1.1768,0.0006,20895669.8171,0.0008,15434131.6531
2026-08-07T00:25:00+05:30,1716.51,123.0292,1593.4802,1.2558,0.0005,2031036.0161,0.0007,16601698.7717
2026-08-07T00:26:00+05:30,2198.16,763.7285,1434.4283,1.9905,0.0009,39233651.0899,0.0009,18889151.3899
2026-08-07T00:27:00+05:30,1315.94,186.2051,1129.7318,0.9569,0.0005,7091531.1375,0.0008,15447870.9161
2026-08-07T00:28:00+05:30,1115.66,125.8625,989.8003,0.8067,0.0004,2080322.6505,0.0007,12891720.2140
2026-08-07T00:29:00+05:30,1806.03,589.0783,1216.9508,1.4487,0.0008,10571828.6257,0.0008,16149402.6563
2026-08-07T00:30:00+05:30,1900.28,132.6922,1767.5845,1.3975,0.0004,2142077.7385,0.0007,19098600.1733
2026-08-07T00:31:00+05:30,1252.82,128.2038,1124.6209,0.9178,0.0005,2144555.1537,0.0008,14781095.7087
2026-08-07T00:32:00+05:30,1485.97,460.3844,1025.5880,1.1864,0.0008,5054912.8674,0.0008,14824708.2632
2026-08-07T00:33:00+05:30,1143.55,128.5021,1015.0503,0.8234,0.0005,2120362.6667,0.0007,11529762.1333
2026-08-07T00:34:00+05:30,1225.50,141.6000,1083.9000,0.8915,0.0005,2394629.7772,0.0008,13988892.3482
2026-08-07T00:35:00+05:30,1908.25,463.2333,1445.0167,1.7079,0.0009,5038610.4232,0.0009,15099925.4012
2026-08-07T00:36:00+05:30,2224.36,976.1853,1248.1793,2.0222,0.0010,26594750.1708,0.0008,16071228.1977
2026-08-07T00:37:00+05:30,2229.89,769.1910,1460.7013,1.5785,0.0005,34637352.0883,0.0008,23182860.3047
2026-08-07T00:38:00+05:30,2718.44,1057.5753,1660.8658,1.9965,0.0005,18236898.7348,0.0009,41529019.7530
2026-08-07T00:39:00+05:30,2869.63,896.5586,1973.0689,2.4056,0.0005,33540987.3177,0.0010,44323491.4424
2026-08-07T00:40:00+05:30,2090.64,438.3438,1652.2986,1.7945,0.0006,32839823.7157,0.0009,30210611.4611
2026-08-07T00:41:00+05:30,1740.15,437.6323,1302.5147,1.6685,0.0010,4874285.7333,0.0009,18162753.5454
2026-08-07T00:42:00+05:30,1142.52,103.4552,1039.0686,0.8350,0.0004,1903333.2889,0.0008,14028233.3489
2026-08-07T00:43:00+05:30,1086.28,101.0951,985.1816,0.8062,0.0004,1920533.3867,0.0008,14433767.6434
2026-08-07T00:44:00+05:30,1451.78,96.7419,1355.0371,1.0676,0.0005,1909805.6495,0.0008,15244656.0120
2026-08-07T00:45:00+05:30,1915.07,416.8292,1498.2418,1.6846,0.0009,4756242.1879,0.0009,17931186.6407
2026-08-07T00:46:00+05:30,1394.41,94.4318,1299.9783,1.0199,0.0005,1877538.1333,0.0007,13845913.6000
2026-08-07T00:47:00+05:30,1229.17,93.4864,1135.6879,0.9017,0.0005,1840090.4015,0.0008,13282047.5008
2026-08-07T00:48:00+05:30,1408.12,384.0205,1024.0992,1.0437,0.0007,4344896.1184,0.0008,13367892.4018
2026-08-07T00:49:00+05:30,1262.71,93.7589,1168.9526,0.9228,0.0004,1851305.9912,0.0007,13461610.9991
2026-08-07T00:50:00+05:30,1347.53,94.1120,1253.4207,0.9892,0.0005,1840551.4299,0.0007,14090734.2177
2026-08-07T00:51:00+05:30,2209.09,939.2424,1269.8429,1.4432,0.0005,32450261.0319,0.0007,14506029.5961
2026-08-07T00:52:00+05:30,1243.59,83.6473,1159.9433,0.9179,0.0005,1698416.4027,0.0007,13597709.4849
2026-08-07T00:53:00+05:30,1053.96,79.4593,974.4970,0.7769,0.0004,1687789.0456,0.0008,12127693.8361
2026-08-07T00:54:00+05:30,1628.33,408.1320,1220.1966,1.2961,0.0008,5008588.4451,0.0008,15786756.2532
2026-08-07T00:55:00+05:30,1677.68,76.2141,1601.4633,1.2455,0.0004,1392252.2583,0.0008,18679048.8317
2026-08-07T00:56:00+05:30,1382.06,73.2850,1308.7772,1.0213,0.0004,1523111.6594,0.0008,14625518.2209
2026-08-07T00:57:00+05:30,1182.73,75.1258,1107.6059,0.8688,0.0005,1689049.6459,0.0007,12261446.4795
2026-08-07T00:58:00+05:30,1499.79,379.1592,1120.6325,1.1642,0.0008,4291392.1056,0.0008,14201245.6471
2026-08-07T00:59:00+05:30,1227.93,71.1249,1156.8049,0.9051,0.0004,1621491.2553,0.0008,13890165.0244
2026-08-07T01:00:00+05:30,1603.20,85.1401,1518.0562,1.1835,0.0005,1989639.7814,0.0008,16010221.5705
2026-08-07T01:01:00+05:30,1362.13,70.7594,1291.3722,1.0077,0.0005,1624963.3284,0.0007,14336614.4819
2026-08-07T01:02:00+05:30,1521.87,352.6216,1169.2444,1.2935,0.0007,4062755.2415,0.0009,12993307.6897
2026-08-07T01:03:00+05:30,1064.49,69.4058,995.0829,0.7863,0.0004,1596617.3181,0.0007,12565800.2167
2026-08-07T01:04:00+05:30,1241.75,69.7361,1172.0156,0.9168,0.0005,1617186.9626,0.0008,13305993.7346
2026-08-07T01:05:00+05:30,1821.15,318.6696,1502.4828,1.3695,0.0007,29467024.3789,0.0008,17865319.8914
2026-08-07T01:06:00+05:30,1807.90,453.9499,1353.9482,1.6095,0.0008,14328045.4750,0.0010,15991394.6890
2026-08-07T01:07:00+05:30,1163.21,83.4820,1079.7313,0.8569,0.0004,1738085.9477,0.0007,13177936.0560
2026-08-07T01:08:00+05:30,1078.70,83.3153,995.3834,0.7943,0.0005,1746778.3537,0.0008,12416475.7254
2026-08-07T01:09:00+05:30,1326.40,82.4043,1243.9967,0.9776,0.0005,1728252.7621,0.0007,14144233.5650
2026-08-07T01:10:00+05:30,1805.84,381.4096,1424.4349,1.6505,0.0008,4615067.0134,0.0009,16253379.7426
2026-08-07T01:11:00+05:30,1414.82,84.2111,1330.6113,1.0471,0.0005,1800276.7815,0.0007,15541235.9176
2026-08-07T01:12:00+05:30,1076.07,81.5167,994.5500,0.8002,0.0005,1778824.5333,0.0008,13788637.8667
2026-08-07T01:13:00+05:30,1030.32,79.6960,950.6191,0.7527,0.0005,1783680.2773,0.0008,10736282.1239
2026-08-07T01:14:00+05:30,1493.47,351.4932,1141.9739,1.1140,0.0006,4086511.5659,0.0008,13206398.5068
2026-08-07T01:15:00+05:30,1997.03,504.4996,1492.5341,2.1020,0.0013,5397715.1618,0.0010,16229050.1617
2026-08-07T01:16:00+05:30,2316.13,881.0643,1435.0639,2.2824,0.0010,49711954.6531,0.0010,18616853.3227
2026-08-07T01:17:00+05:30,2013.17,578.7491,1434.4160,1.8416,0.0005,11064667.5221,0.0011,37422014.8983
2026-08-07T01:18:00+05:30,2825.60,1124.8187,1700.7783,2.2964,0.0005,14154987.9165,0.0010,42837501.1584
2026-08-07T01:19:00+05:30,2569.82,732.3357,1837.4883,1.9355,0.0006,48862729.2573,0.0008,32031376.6268
2026-08-07T01:20:00+05:30,1660.50,310.5754,1349.9225,1.2210,0.0005,15389621.0340,0.0007,21653573.4174
2026-08-07T01:21:00+05:30,1330.81,75.9656,1254.8405,0.9838,0.0005,1513937.9478,0.0007,15165041.7569
2026-08-07T01:22:00+05:30,1269.07,161.0801,1107.9923,0.9275,0.0005,2249065.4399,0.0007,16048845.4179
2026-08-07T01:23:00+05:30,1273.31,301.1134,972.1972,1.0308,0.0009,3443988.1321,0.0008,14349722.9723
2026-08-07T01:24:00+05:30,1339.67,68.3098,1271.3562,0.9914,0.0004,1386539.0371,0.0008,14694392.3209
2026-08-07T01:25:00+05:30,2006.70,662.2723,1344.4276,1.3878,0.0005,28270189.0968,0.0008,18082992.4835
2026-08-07T01:26:00+05:30,1847.37,299.9017,1547.4726,1.3367,0.0006,15273288.6022,0.0007,16179619.8190
2026-08-07T01:27:00+05:30,1190.33,58.8039,1131.5254,0.8841,0.0005,1348515.5763,0.0008,13483995.1329
2026-08-07T01:28:00+05:30,1099.68,61.3646,1038.3154,0.8194,0.0005,1361237.5381,0.0008,13336591.8371
2026-08-07T01:29:00+05:30,1203.66,62.6365,1141.0237,0.8989,0.0005,1460457.8972,0.0008,14595976.7985
2026-08-07T01:30:00+05:30,1596.80,466.0946,1130.7064,1.2556,0.0008,4921669.4157,0.0008,16108162.6764
2026-08-07T01:31:00+05:30,1389.60,62.3469,1327.2503,1.0323,0.0005,1418305.6181,0.0008,15194990.6505
2026-08-07T01:32:00+05:30,1444.33,57.7340,1386.5993,1.0691,0.0005,1375804.2047,0.0007,14601129.2909
2026-08-07T01:33:00+05:30,1024.60,56.8900,967.7129,0.7659,0.0005,1392096.5430,0.0008,12893176.2510
2026-08-07T01:34:00+05:30,1605.44,370.2506,1235.1853,1.2485,0.0008,4057844.0208,0.0008,14838239.1681
2026-08-07T01:35:00+05:30,1719.43,80.4807,1638.9454,1.2696,0.0004,1696932.8155,0.0008,17491918.1986
2026-08-07T01:36:00+05:30,1295.09,58.5353,1236.5579,0.9586,0.0005,1419741.8667,0.0008,13925580.8000
2026-08-07T01:37:00+05:30,1198.95,58.7294,1140.2240,0.8865,0.0005,1416278.7768,0.0008,12624663.1447
2026-08-07T01:38:00+05:30,1141.63,57.9273,1083.6987,0.8520,0.0005,1510087.6175,0.0008,13650738.6811
2026-08-07T01:39:00+05:30,1532.80,345.7270,1187.0709,1.2098,0.0007,3943300.1917,0.0008,13523591.9673
2026-08-07T01:40:00+05:30,1436.76,76.5872,1360.1680,1.0601,0.0005,2136034.2684,0.0007,14987262.4298
2026-08-07T01:41:00+05:30,1299.21,67.1655,1232.0461,0.9547,0.0005,1524642.3226,0.0007,12631512.1415
2026-08-07T01:42:00+05:30,1604.25,376.4831,1227.7696,1.2257,0.0008,37820971.0705,0.0007,16062711.6384
2026-08-07T01:43:00+05:30,1046.53,61.0606,985.4681,0.7772,0.0004,1482535.4798,0.0007,13106572.0095
2026-08-07T01:44:00+05:30,1687.58,379.7323,1307.8500,1.3953,0.0009,4239459.3495,0.0008,14812502.1755
2026-08-07T01:45:00+05:30,1595.44,166.9111,1428.5262,1.1549,0.0004,4084737.5017,0.0007,16226461.5385
2026-08-07T01:46:00+05:30,1411.06,63.6550,1347.4030,1.0487,0.0005,1565366.8389,0.0007,15183116.4139
2026-08-07T01:47:00+05:30,1059.18,60.6828,998.4996,0.7962,0.0005,1552499.0581,0.0008,14231150.3209
2026-08-07T01:48:00+05:30,1105.42,58.7206,1046.7031,0.8203,0.0005,1522379.8920,0.0007,12495885.8591
2026-08-07T01:49:00+05:30,1523.50,370.9035,1152.5966,1.1675,0.0008,4164583.9956,0.0008,13319557.8881
2026-08-07T01:50:00+05:30,2201.40,856.6427,1344.7546,2.7392,0.0013,8032465.2528,0.0012,14714007.2029
2026-08-07T01:51:00+05:30,2017.91,677.7591,1340.1543,1.6506,0.0008,42781908.1168,0.0008,17048658.9459
2026-08-07T01:52:00+05:30,2145.44,575.0217,1570.4214,1.9872,0.0005,16490571.3714,0.0010,35862802.5868
2026-08-07T01:53:00+05:30,2744.44,1345.9962,1398.4471,2.1029,0.0007,46591291.9340,0.0009,30772448.0730
2026-08-07T01:54:00+05:30,3260.40,1155.6748,2104.7279,2.9051,0.0007,38990082.4539,0.0010,42323489.6724
2026-08-07T01:55:00+05:30,2171.26,903.3516,1267.9122,2.6068,0.0016,32460390.4000,0.0009,20652441.6000
2026-08-07T01:56:00+05:30,1375.59,74.7808,1300.8066,1.0259,0.0004,854928.9869,0.0007,17847768.9449
2026-08-07T01:57:00+05:30,1131.65,76.1101,1055.5407,0.8364,0.0003,851671.9563,0.0007,14602002.4003
2026-08-07T01:58:00+05:30,1152.52,73.7531,1078.7689,0.8534,0.0004,834953.0586,0.0007,14469061.4721
2026-08-07T01:59:00+05:30,1635.55,418.6310,1216.9173,1.4134,0.0010,3810027.7069,0.0008,13594267.9003
2026-08-07T02:00:00+05:30,1270.60,75.4487,1195.1467,0.9267,0.0004,841495.1502,0.0007,13298449.5183
2026-08-07T02:01:00+05:30,1273.04,72.6406,1200.4034,0.9325,0.0004,844747.9415,0.0007,13303295.1295
2026-08-07T02:02:00+05:30,1344.12,69.2838,1274.8359,0.9846,0.0004,832795.5477,0.0007,12921025.6274
2026-08-07T02:03:00+05:30,1096.35,70.2833,1026.0667,0.8055,0.0004,833672.5333,0.0007,12038348.8000
2026-08-07T02:04:00+05:30,1501.93,405.3086,1096.6242,1.2625,0.0010,3680701.1580,0.0008,12314003.0992
2026-08-07T02:05:00+05:30,1305.77,75.0709,1230.6987,0.9484,0.0004,842681.4294,0.0007,12663716.5297
2026-08-07T02:06:00+05:30,1309.41,67.5475,1241.8648,0.9532,0.0004,788747.5340,0.0008,12601328.7123
2026-08-07T02:07:00+05:30,1401.25,63.7794,1337.4675,1.0269,0.0005,750469.0271,0.0008,12893509.9020
2026-08-07T02:08:00+05:30,2201.42,1102.5034,1098.9200,1.3973,0.0005,34667583.3194,0.0008,13928980.5660
2026-08-07T02:09:00+05:30,1367.54,61.9448,1305.5912,1.0199,0.0004,686489.2177,0.0008,15589728.4938
2026-08-07T02:10:00+05:30,1157.69,84.7777,1072.9118,0.8642,0.0004,899504.8914,0.0008,15455756.2789
2026-08-07T02:11:00+05:30,1481.11,64.2258,1416.8847,1.0948,0.0005,726670.0440,0.0008,15320069.3241
2026-08-07T02:12:00+05:30,1310.59,64.9377,1245.6497,0.9614,0.0004,770986.8658,0.0007,12737907.3272
2026-08-07T02:13:00+05:30,1447.25,389.6463,1057.6019,1.1961,0.0009,3567666.6556,0.0008,11642926.7642
2026-08-07T02:14:00+05:30,1261.22,63.7645,1197.4601,0.9247,0.0004,756655.1224,0.0007,13415814.8031
2026-08-07T02:15:00+05:30,1109.24,61.8562,1047.3881,0.8284,0.0005,749233.3233,0.0008,14169549.2216
2026-08-07T02:16:00+05:30,1389.13,58.8275,1330.3003,1.0229,0.0004,752415.6848,0.0007,13752831.7696
2026-08-07T02:17:00+05:30,1442.29,57.5362,1384.7526,1.0599,0.0005,747979.4653,0.0007,13536680.5787
2026-08-07T02:18:00+05:30,1175.04,53.4533,1121.5863,0.8657,0.0004,710193.5484,0.0007,12106322.5806
2026-08-07T02:19:00+05:30,1355.04,368.7606,986.2792,1.0571,0.0008,3406572.9052,0.0008,12574669.4675
2026-08-07T02:20:00+05:30,1312.07,55.7269,1256.3470,0.9635,0.0004,714348.7364,0.0007,13006240.7148
2026-08-07T02:21:00+05:30,1298.65,52.9385,1245.7134,0.9561,0.0005,693712.0957,0.0008,12816201.2897
2026-08-07T02:22:00+05:30,1334.14,49.8375,1284.3070,0.9814,0.0005,668102.1401,0.0008,12623348.2232
2026-08-07T02:23:00+05:30,1120.22,47.0365,1073.1882,0.8265,0.0004,662162.5442,0.0008,11651985.3324
2026-08-07T02:24:00+05:30,1438.84,336.1550,1102.6812,1.1125,0.0007,3111160.8205,0.0008,12332433.4539
2026-08-07T02:25:00+05:30,1266.41,50.0217,1216.3883,0.9291,0.0004,657337.2004,0.0007,12532146.0146
2026-08-07T02:26:00+05:30,1700.74,502.3001,1198.4399,1.7406,0.0014,4464242.6748,0.0009,12215839.7280
2026-08-07T02:27:00+05:30,1314.29,55.2917,1258.9945,0.9598,0.0004,697524.0635,0.0007,12381990.6679
2026-08-07T02:28:00+05:30,1101.68,55.8333,1045.8500,0.8055,0.0004,724433.7928,0.0007,11444306.3282
2026-08-07T02:29:00+05:30,1578.23,495.8837,1082.3418,1.5428,0.0013,4530542.1458,0.0008,12168545.2788
2026-08-07T02:30:00+05:30,1950.62,711.6263,1238.9920,1.5166,0.0007,38310341.7610,0.0008,12724626.3229
2026-08-07T02:31:00+05:30,2500.84,1263.7002,1237.1418,2.8535,0.0015,98119556.4003,0.0008,12633464.7061
2026-08-07T02:32:00+05:30,1301.23,80.3313,1220.8985,0.9472,0.0005,1020433.8393,0.0007,11961483.0120
2026-08-07T02:33:00+05:30,1105.35,80.3621,1024.9871,0.8055,0.0005,1009525.5367,0.0007,11222829.7106
2026-08-07T02:34:00+05:30,1202.27,81.1432,1121.1232,0.8796,0.0005,1020365.1029,0.0007,12457423.7480
2026-08-07T02:35:00+05:30,1333.51,83.5513,1249.9542,0.9725,0.0004,1052223.5627,0.0007,12699442.8929
2026-08-07T02:36:00+05:30,3455.78,2399.1368,1056.6434,12.8935,0.0047,140411477.9363,0.0017,11083731.7691
2026-08-07T02:37:00+05:30,1683.41,447.2412,1236.1727,1.4936,0.0010,4111635.6726,0.0008,12211801.7003
2026-08-07T02:38:00+05:30,1146.03,101.5833,1044.4500,0.8241,0.0004,1112492.1415,0.0007,11466192.1699
2026-08-07T02:39:00+05:30,1219.83,100.8985,1118.9345,0.8862,0.0004,1121566.0755,0.0008,12413081.2108
2026-08-07T02:40:00+05:30,1352.70,103.1529,1249.5501,0.9805,0.0004,1163674.3713,0.0007,12698644.3582
2026-08-07T02:41:00+05:30,2192.75,1005.2837,1187.4625,2.4018,0.0013,50086155.0770,0.0009,12255025.0017
2026-08-07T02:42:00+05:30,1360.18,112.1056,1248.0791,0.9699,0.0004,1148966.2989,0.0007,12243966.5322
2026-08-07T02:43:00+05:30,1506.13,489.9310,1016.2038,1.3319,0.0011,4465204.0143,0.0008,11249967.9258
2026-08-07T02:44:00+05:30,1237.32,115.6416,1121.6736,0.8871,0.0004,1172021.2621,0.0007,12491868.3619
2026-08-07T02:45:00+05:30,1407.99,114.8352,1293.1549,1.0180,0.0004,1163488.1915,0.0007,13032255.6043
2026-08-07T02:46:00+05:30,1912.86,669.3829,1243.4801,1.4325,0.0006,12359054.9418,0.0008,12653922.7116
2026-08-07T02:47:00+05:30,1322.20,114.6453,1207.5519,0.9401,0.0003,1162394.0652,0.0007,11857266.1832
2026-08-07T02:48:00+05:30,1130.80,113.3497,1017.4474,0.8097,0.0004,1160837.0744,0.0007,11176580.5796
2026-08-07T02:49:00+05:30,1571.71,484.3107,1087.4036,1.4446,0.0011,4418243.9675,0.0008,12218855.0860
2026-08-07T02:50:00+05:30,1337.21,109.8628,1227.3432,0.9559,0.0003,1113695.7978,0.0007,12592777.9574
2026-08-07T02:51:00+05:30,1420.33,195.5504,1224.7813,1.0021,0.0004,1517552.7781,0.0007,12531551.1116
2026-08-07T02:52:00+05:30,1460.59,210.6676,1249.9208,1.0561,0.0006,13053550.6884,0.0007,12335654.8988
2026-08-07T02:53:00+05:30,1152.83,103.6121,1049.2224,0.8332,0.0005,1069094.6428,0.0007,11472131.7465
2026-08-07T02:54:00+05:30,1228.74,102.6132,1126.1291,0.8920,0.0004,1085949.9350,0.0008,12485488.8837
2026-08-07T02:55:00+05:30,1346.95,102.8645,1244.0886,0.9763,0.0005,1067494.9593,0.0007,12714656.7129
2026-08-07T02:56:00+05:30,1689.17,477.0272,1212.1399,1.5804,0.0012,4349951.4537,0.0009,12403196.5858
2026-08-07T02:57:00+05:30,1522.24,261.2036,1261.0369,1.0793,0.0005,13728149.8592,0.0007,12440841.4246
2026-08-07T02:58:00+05:30,1155.78,104.6983,1051.0825,0.8354,0.0004,1084056.5991,0.0007,11479463.0756
2026-08-07T02:59:00+05:30,1217.52,104.3184,1113.2019,0.8829,0.0004,1089435.7812,0.0007,12418530.2177
2026-08-07T03:00:00+05:30,1338.58,102.1996,1236.3773,0.9696,0.0005,1079593.9343,0.0007,12627911.3481
2026-08-07T03:01:00+05:30,1339.06,135.2689,1203.7867,0.9607,0.0005,1342122.6667,0.0007,12326024.5333
2026-08-07T03:02:00+05:30,2070.20,832.8916,1237.3093,1.4403,0.0006,56303338.4903,0.0008,14658372.8994
2026-08-07T03:03:00+05:30,1148.46,98.6819,1049.7742,0.8336,0.0005,959910.4179,0.0007,11860190.0953
2026-08-07T03:04:00+05:30,1708.99,542.4057,1166.5889,1.7278,0.0013,4804702.4937,0.0009,14767775.9701
2026-08-07T03:05:00+05:30,1114.31,98.6153,1015.6971,0.8204,0.0003,959737.6437,0.0008,15625615.4641
2026-08-07T03:06:00+05:30,1786.67,461.1589,1325.5151,1.5060,0.0009,4138948.3230,0.0008,15515132.8932
2026-08-07T03:07:00+05:30,1874.89,365.0317,1509.8578,1.3862,0.0007,31160085.8609,0.0007,15887802.6798
2026-08-07T03:08:00+05:30,1293.85,102.2102,1191.6358,0.9307,0.0004,1063172.5701,0.0008,12716423.3161
2026-08-07T03:09:00+05:30,1359.12,102.3445,1256.7777,0.9910,0.0004,1078702.9693,0.0008,13832923.7845
2026-08-07T03:10:00+05:30,1115.34,103.5282,1011.8161,0.8217,0.0004,1064360.6486,0.0007,14144419.1790
2026-08-07T03:11:00+05:30,1419.42,102.7453,1316.6703,1.0347,0.0004,1071775.1738,0.0008,14073586.4518
2026-08-07T03:12:00+05:30,1728.00,329.9055,1398.0900,1.2304,0.0006,17186010.1668,0.0007,13890791.5132
2026-08-07T03:13:00+05:30,1570.01,462.7731,1107.2387,1.4293,0.0011,4235407.5037,0.0008,12143881.8608
2026-08-07T03:14:00+05:30,1230.58,104.7395,1125.8374,0.8893,0.0004,1086578.2518,0.0007,12427730.2225
2026-08-07T03:15:00+05:30,1325.15,104.5122,1220.6424,0.9606,0.0004,1077219.1886,0.0008,12590178.4845
2026-08-07T03:16:00+05:30,1342.82,106.1025,1236.7184,0.9710,0.0004,1084767.3105,0.0008,12426155.6152
2026-08-07T03:17:00+05:30,2034.56,811.6773,1222.8813,1.5529,0.0007,15432243.4099,0.0008,12133207.3183
2026-08-07T03:18:00+05:30,1155.42,107.0661,1048.3573,0.8228,0.0003,1111957.7270,0.0008,11483424.9137
2026-08-07T03:19:00+05:30,1234.47,106.7249,1127.7465,0.8955,0.0004,1120585.7367,0.0008,12539757.9435
2026-08-07T03:20:00+05:30,1682.35,465.7733,1216.5775,1.5463,0.0011,4251107.0369,0.0009,12579303.5768
2026-08-07T03:21:00+05:30,1342.63,108.9558,1233.6766,0.9624,0.0004,1103556.8443,0.0007,12580220.3780
2026-08-07T03:22:00+05:30,1573.24,321.9280,1251.3125,1.1082,0.0005,14468710.4000,0.0007,12319880.5333
2026-08-07T03:23:00+05:30,1154.30,110.9518,1043.3507,0.8324,0.0004,1127287.4667,0.0008,11422924.8000
2026-08-07T03:24:00+05:30,1236.85,111.7092,1125.1417,0.8956,0.0005,1150557.9628,0.0007,12475993.8671
2026-08-07T03:25:00+05:30,1396.26,114.6300,1281.6329,1.0096,0.0005,1151470.8628,0.0008,13048796.9063
2026-08-07T03:26:00+05:30,1381.23,114.4662,1266.7600,0.9983,0.0005,1175083.0862,0.0008,12770360.1400
2026-08-07T03:27:00+05:30,1792.02,597.8337,1194.1843,1.5787,0.0010,12854723.6794,0.0008,11854578.9035
2026-08-07T03:28:00+05:30,1150.40,117.9854,1032.4097,0.8171,0.0004,1175719.5112,0.0007,11355796.5356
2026-08-07T03:29:00+05:30,1248.18,116.6306,1131.5447,0.9020,0.0004,1168306.3438,0.0007,12523886.3542
2026-08-07T03:30:00+05:30,1376.84,117.8108,1259.0271,0.9949,0.0005,1174119.2945,0.0008,12862051.8121
2026-08-07T03:31:00+05:30,1407.05,118.1106,1288.9370,1.0174,0.0004,1219109.3635,0.0008,12999169.8767
2026-08-07T03:32:00+05:30,1477.77,264.2808,1213.4916,1.0668,0.0006,14387649.7591,0.0007,11981856.5499
2026-08-07T03:33:00+05:30,1141.39,118.4717,1022.9209,0.8096,0.0004,1202348.2030,0.0007,11233000.7335
2026-08-07T03:34:00+05:30,1250.01,120.2886,1129.7197,0.9025,0.0004,1222507.2816,0.0007,12485449.3951
2026-08-07T03:35:00+05:30,1816.84,471.7597,1345.0827,1.8058,0.0012,4278464.6357,0.0010,13650102.2598
2026-08-07T03:36:00+05:30,1362.96,121.6919,1241.2672,0.9759,0.0004,1227148.0568,0.0007,12500158.6561
2026-08-07T03:37:00+05:30,1386.30,224.4619,1161.8400,0.9925,0.0006,10330759.6785,0.0008,11475533.5623
2026-08-07T03:38:00+05:30,1131.08,121.9508,1009.1309,0.8084,0.0004,1260412.6899,0.0007,11143950.9464
2026-08-07T03:39:00+05:30,1247.02,121.1369,1125.8876,0.8999,0.0004,1250218.4661,0.0007,12478765.6815
2026-08-07T03:40:00+05:30,1399.26,121.1637,1278.0999,1.0099,0.0004,1230069.3792,0.0007,13018780.2326
2026-08-07T03:41:00+05:30,1749.92,547.5039,1202.4210,1.7918,0.0013,4948405.6424,0.0009,12281580.1514
2026-08-07T03:42:00+05:30,1484.38,274.9363,1209.4395,1.0397,0.0005,11045813.5760,0.0007,11927911.3378
2026-08-07T03:43:00+05:30,1492.53,483.0350,1009.4991,1.2905,0.0010,4427475.3104,0.0008,11385385.0846
2026-08-07T03:44:00+05:30,1245.95,117.0599,1128.8909,0.8933,0.0004,1212719.5894,0.0008,12566950.0767
2026-08-07T03:45:00+05:30,1409.99,118.6090,1291.3798,1.0192,0.0005,1209312.7959,0.0007,13139455.6245
2026-08-07T03:46:00+05:30,1430.00,119.1413,1310.8541,1.0332,0.0005,1236869.6580,0.0007,13112852.8569
2026-08-07T03:47:00+05:30,1426.63,236.5724,1190.0612,1.0119,0.0005,9216853.2480,0.0007,11710180.4486
2026-08-07T03:48:00+05:30,1137.13,118.6441,1018.4824,0.8172,0.0004,1256931.2868,0.0008,11206505.2747
2026-08-07T03:49:00+05:30,1325.41,118.4686,1206.9368,0.9605,0.0004,1254126.9333,0.0007,13157102.9333
2026-08-07T03:50:00+05:30,1448.31,117.3147,1330.9945,1.0482,0.0004,1232281.6000,0.0007,13456179.2000
2026-08-07T03:51:00+05:30,1653.54,473.9132,1179.6239,1.5719,0.0011,4347323.1097,0.0009,12064533.4045
2026-08-07T03:52:00+05:30,1358.26,202.2365,1156.0229,0.9706,0.0006,11242583.1181,0.0008,11464840.8633
2026-08-07T03:53:00+05:30,1131.89,117.0952,1014.7973,0.8142,0.0005,1222227.1250,0.0007,11199755.7781
2026-08-07T03:54:00+05:30,1281.95,117.3275,1164.6251,0.9284,0.0005,1245142.4953,0.0008,12824216.7928
2026-08-07T03:55:00+05:30,1501.98,116.4760,1385.5080,1.0891,0.0005,1232371.5967,0.0008,13891189.3830
2026-08-07T03:56:00+05:30,1369.52,120.6287,1248.8916,0.9880,0.0004,1269135.9803,0.0007,12580415.3749
2026-08-07T03:57:00+05:30,1263.09,118.8830,1144.2091,0.9066,0.0005,1292331.4394,0.0007,11285514.9708
2026-08-07T03:58:00+05:30,1678.97,666.0166,1012.9513,1.1801,0.0006,12749536.5126,0.0008,11184204.0238
2026-08-07T03:59:00+05:30,1688.27,468.7021,1219.5687,1.5888,0.0011,4313274.6938,0.0009,13308569.8858
2026-08-07T04:00:00+05:30,1452.05,119.8620,1332.1832,1.0414,0.0004,1258847.6656,0.0007,13413780.4077
2026-08-07T04:01:00+05:30,1332.74,120.9738,1211.7708,0.9610,0.0005,1273648.3095,0.0007,12357070.9013
2026-08-07T04:02:00+05:30,1244.85,120.1574,1124.6916,0.8924,0.0004,1303061.6790,0.0008,11138364.2062
2026-08-07T04:03:00+05:30,1416.93,415.8792,1001.0499,0.9627,0.0005,13319167.5222,0.0007,11128363.1758
2026-08-07T04:04:00+05:30,1370.76,119.4095,1251.3497,0.9937,0.0004,1272509.2315,0.0007,13529590.6152
2026-08-07T04:05:00+05:30,1495.48,119.8773,1375.6044,1.0828,0.0005,1277191.5036,0.0008,13818007.4027
2026-08-07T04:06:00+05:30,1344.01,122.1719,1221.8353,0.9684,0.0005,1319110.9926,0.0007,12343958.1487
2026-08-07T04:07:00+05:30,1558.26,467.2491,1091.0091,1.3295,0.0010,4336366.7706,0.0008,10900223.3299
2026-08-07T04:08:00+05:30,1349.33,334.6778,1014.6505,0.9371,0.0005,16095085.8362,0.0008,11303698.3899
2026-08-07T04:09:00+05:30,1722.65,494.9418,1227.7129,1.2207,0.0006,27725346.1333,0.0008,15657915.7333
2026-08-07T04:10:00+05:30,1770.79,408.8750,1361.9170,1.2545,0.0006,20242475.5461,0.0007,15021715.3522
2026-08-07T04:11:00+05:30,1328.60,115.2333,1213.3667,0.9606,0.0005,1160582.2570,0.0008,12319743.4709
2026-08-07T04:12:00+05:30,1253.85,120.6000,1133.2500,0.8992,0.0004,1242999.4667,0.0007,11193890.1333
2026-08-07T04:13:00+05:30,1340.24,337.3843,1002.8507,0.9694,0.0006,23786913.1283,0.0007,11126083.9210
2026-08-07T04:14:00+05:30,1512.39,121.4701,1390.9168,1.0988,0.0004,1212224.3807,0.0008,16524029.5220
2026-08-07T04:15:00+05:30,1266.01,123.5646,1142.4476,0.9374,0.0004,1303598.5400,0.0008,16764716.8547
2026-08-07T04:16:00+05:30,1443.80,124.9896,1318.8084,1.0605,0.0004,1410511.3938,0.0008,16592797.7463
2026-08-07T04:17:00+05:30,1628.52,188.5000,1440.0167,1.1637,0.0005,1952937.0823,0.0007,14583573.1929
2026-08-07T04:18:00+05:30,1565.11,520.5021,1044.6045,1.0641,0.0005,21816590.1924,0.0007,11780932.7599
2026-08-07T04:19:00+05:30,1575.55,468.3340,1107.2196,1.4809,0.0011,4299510.1470,0.0009,13802110.0337
2026-08-07T04:20:00+05:30,1829.57,542.9415,1286.6265,1.8875,0.0013,4913547.2856,0.0009,13678192.3436
2026-08-07T04:21:00+05:30,1417.47,126.2625,1291.2070,1.0158,0.0004,1306080.8293,0.0007,13174466.6100
2026-08-07T04:22:00+05:30,1271.91,126.2975,1145.6087,0.9112,0.0004,1347361.2370,0.0007,11302560.3839
2026-08-07T04:23:00+05:30,1292.07,282.0654,1010.0035,0.9284,0.0006,18877998.2661,0.0007,11179662.5542
2026-08-07T04:24:00+05:30,1371.21,124.3648,1246.8471,0.9926,0.0005,1300757.2178,0.0008,13470841.5494
2026-08-07T04:25:00+05:30,1480.19,126.9524,1353.2363,1.0693,0.0004,1318563.6512,0.0007,13666715.6073
2026-08-07T04:26:00+05:30,1354.98,127.3000,1227.6833,0.9747,0.0004,1348084.3347,0.0007,12370808.8468
2026-08-07T04:27:00+05:30,1249.72,128.9172,1120.7994,0.8937,0.0005,1375210.5614,0.0007,11116114.6820
2026-08-07T04:28:00+05:30,2087.13,1137.4765,949.6525,1.6268,0.0008,23552597.3035,0.0008,10815083.7791
2026-08-07T04:29:00+05:30,1363.08,124.8271,1238.2532,0.9758,0.0004,1283771.9848,0.0008,13495513.0342
2026-08-07T04:30:00+05:30,1475.71,126.1519,1349.5592,1.0681,0.0005,1298916.5083,0.0007,13743095.0238
2026-08-07T04:31:00+05:30,1338.93,126.2311,1212.7014,0.9630,0.0004,1321034.9114,0.0007,12220630.9054
2026-08-07T04:32:00+05:30,1253.97,127.2503,1126.7169,0.8969,0.0005,1371500.8084,0.0007,11165769.8732
2026-08-07T04:33:00+05:30,1471.54,482.6051,988.9313,1.0106,0.0005,22903842.7712,0.0007,11080824.0177
2026-08-07T04:34:00+05:30,1292.02,125.6645,1166.3584,0.9307,0.0004,1296667.3666,0.0008,12875756.1033
2026-08-07T04:35:00+05:30,1469.91,130.7304,1339.1825,1.0883,0.0004,1660911.3452,0.0007,18204770.5639
2026-08-07T04:36:00+05:30,1719.98,184.3535,1535.6238,1.4437,0.0005,4314356.8321,0.0008,39215261.9980
2026-08-07T04:37:00+05:30,2030.78,634.7093,1396.0705,2.2512,0.0009,12601102.6714,0.0012,38195044.7115
2026-08-07T04:38:00+05:30,1339.72,297.5383,1042.1840,0.9861,0.0006,18445278.0880,0.0008,17228131.4022
2026-08-07T04:39:00+05:30,2169.29,405.3473,1763.9391,1.8408,0.0007,35469262.5683,0.0008,43830176.8236
2026-08-07T04:40:00+05:30,1413.29,137.0755,1276.2171,1.0618,0.0004,1386762.6379,0.0007,22828010.2636
2026-08-07T04:41:00+05:30,1637.41,136.1355,1501.2755,1.2032,0.0004,1392491.1216,0.0007,18058950.3310
2026-08-07T04:42:00+05:30,1147.06,132.8311,1014.2331,0.8291,0.0004,1401764.3706,0.0007,12675884.7353
2026-08-07T04:43:00+05:30,1148.33,147.6317,1000.6998,0.8320,0.0005,2121941.0540,0.0008,13448604.9883
2026-08-07T04:44:00+05:30,1249.17,126.2854,1122.8854,0.9010,0.0005,1351634.2606,0.0008,12558750.1125
2026-08-07T04:45:00+05:30,1355.75,124.2937,1231.4526,0.9779,0.0005,1353818.2546,0.0007,12770336.1557
2026-08-07T04:46:00+05:30,1705.96,483.9258,1222.0389,1.5700,0.0012,4506337.2554,0.0009,12612051.0650
2026-08-07T04:47:00+05:30,1392.99,121.7581,1271.2347,0.9941,0.0004,1305665.2833,0.0007,12647032.3516
2026-08-07T04:48:00+05:30,1169.18,122.0345,1047.1478,0.8385,0.0004,1330190.0573,0.0008,11627988.8045
2026-08-07T04:49:00+05:30,1668.11,123.8622,1544.2437,1.2168,0.0004,1341889.6409,0.0008,16006055.8130
2026-08-07T04:50:00+05:30,1450.89,120.5661,1330.3274,1.0499,0.0004,1305727.5925,0.0007,13476700.9718
2026-08-07T04:51:00+05:30,1158.75,117.5990,1041.1555,0.8308,0.0005,1306981.2811,0.0008,10842626.0397
2026-08-07T04:52:00+05:30,1144.59,117.0020,1027.5838,0.8183,0.0004,1312380.2730,0.0008,10332878.3480
2026-08-07T04:53:00+05:30,1113.70,115.5307,998.1670,0.8010,0.0005,1314528.6452,0.0008,11111620.0633
2026-08-07T04:54:00+05:30,1262.60,123.8726,1138.7273,0.9135,0.0005,1876493.9564,0.0008,12682638.0354
2026-08-07T04:55:00+05:30,1401.54,120.6578,1280.8850,1.0134,0.0004,1322749.8376,0.0008,13190442.5451
2026-08-07T04:56:00+05:30,1716.11,474.9525,1241.1592,1.5914,0.0012,4438937.4396,0.0009,12618855.4478
2026-08-07T04:57:00+05:30,1349.59,120.6974,1228.8934,0.9638,0.0004,1327963.7285,0.0008,12142709.1612
2026-08-07T04:58:00+05:30,1136.57,116.6094,1019.9573,0.8186,0.0005,1330027.1095,0.0008,11348185.1982
2026-08-07T04:59:00+05:30,1237.21,119.0615,1118.1450,0.8950,0.0004,1342627.4516,0.0007,12592754.7950
2026-08-07T05:00:00+05:30,1442.02,114.8852,1327.1388,1.0456,0.0005,1284731.8122,0.0007,13512860.9477
2026-08-07T05:01:00+05:30,1342.90,112.6406,1230.2641,0.9707,0.0005,1272043.3297,0.0007,12499404.2496
2026-08-07T05:02:00+05:30,1314.13,110.2164,1203.9112,0.9477,0.0004,1257166.4833,0.0007,11938164.9161
2026-08-07T05:03:00+05:30,1132.83,106.8597,1025.9695,0.8181,0.0004,1225231.4971,0.0007,11327233.4627
2026-08-07T05:04:00+05:30,1223.84,104.3191,1119.5219,0.8886,0.0004,1235784.9606,0.0007,12470851.6561
2026-08-07T05:05:00+05:30,1653.06,450.9186,1202.1440,1.4014,0.0010,4245614.6575,0.0008,12646569.8615
2026-08-07T05:06:00+05:30,1357.99,103.0277,1254.9614,0.9756,0.0003,1162192.9915,0.0007,12805417.4929
2026-08-07T05:07:00+05:30,1377.67,101.8881,1275.7845,0.9949,0.0004,1185926.7086,0.0008,12629498.2919
2026-08-07T05:08:00+05:30,1165.33,103.7920,1061.5385,0.8430,0.0004,1208966.8806,0.0008,11641665.6055
2026-08-07T05:09:00+05:30,1190.93,98.7632,1092.1623,0.8664,0.0005,1154201.8936,0.0007,12228804.9073
2026-08-07T05:10:00+05:30,1346.72,101.9184,1244.8041,0.9778,0.0005,1170178.4363,0.0007,12820079.2680
2026-08-07T05:11:00+05:30,1421.93,100.4366,1321.4905,1.0352,0.0004,1187818.1576,0.0008,13327835.7552
2026-08-07T05:12:00+05:30,1325.58,100.8651,1224.7170,0.9599,0.0004,1196894.2008,0.0007,12061730.3262
2026-08-07T05:13:00+05:30,1267.65,237.1859,1030.4606,0.8786,0.0005,2170582.4168,0.0007,11302767.7131
2026-08-07T05:14:00+05:30,2840.55,1965.1494,875.3979,20.9459,0.0099,49809692.0282,0.0017,10297515.6253
2026-08-07T05:15:00+05:30,1435.94,102.6804,1333.2611,1.0332,0.0003,1157683.9579,0.0007,13488492.8657
2026-08-07T05:16:00+05:30,2078.52,893.3560,1185.1685,2.3999,0.0013,8060025.1363,0.0010,12164354.6414
2026-08-07T05:17:00+05:30,1276.50,108.0153,1168.4886,0.9104,0.0004,1209327.0900,0.0007,11656580.8268
2026-08-07T05:18:00+05:30,1135.41,108.3388,1027.0680,0.8162,0.0004,1236664.8443,0.0008,11324693.1129
2026-08-07T05:19:00+05:30,3001.82,2203.9021,797.9140,25.8214,0.0108,24209530.1566,0.0028,9615431.6561
2026-08-07T05:20:00+05:30,1866.33,588.1745,1278.1510,1.4479,0.0008,47662123.3580,0.0008,13089815.8298
2026-08-07T05:21:00+05:30,1385.18,111.2981,1273.8788,0.9982,0.0004,1239292.4118,0.0007,12924576.0571
2026-08-07T05:22:00+05:30,1308.88,111.1389,1197.7395,0.9435,0.0004,1249393.3453,0.0007,11857082.8832
2026-08-07T05:23:00+05:30,1129.17,111.2018,1017.9643,0.8138,0.0005,1279808.0288,0.0007,11209821.4601
2026-08-07T05:24:00+05:30,1204.98,108.3167,1096.6667,0.8750,0.0005,1276130.0688,0.0007,12579298.7216
2026-08-07T05:25:00+05:30,3006.77,2039.2801,967.4860,25.0410,0.0111,37719705.3628,0.0025,10235972.6694
2026-08-07T05:26:00+05:30,1696.28,463.3272,1232.9555,1.5590,0.0011,4210367.6341,0.0009,12772509.0933
2026-08-07T05:27:00+05:30,1354.05,126.7976,1227.2492,0.9634,0.0004,1269957.9403,0.0007,12147394.1010
2026-08-07T05:28:00+05:30,1154.46,123.5060,1030.9557,0.8283,0.0004,1276069.6794,0.0007,11298156.6621
2026-08-07T05:29:00+05:30,1214.11,122.2646,1091.8485,0.8773,0.0004,1269418.6667,0.0007,12514850.1333
2026-08-07T05:30:00+05:30,1587.51,375.4665,1212.0435,1.1193,0.0006,19999061.0660,0.0007,12527411.6334
2026-08-07T05:31:00+05:30,1325.96,112.8626,1213.0943,0.9587,0.0005,1152744.3969,0.0007,12662169.2690
2026-08-07T05:32:00+05:30,1383.71,113.5177,1270.1883,0.9990,0.0005,1187418.6050,0.0007,12629213.8129
2026-08-07T05:33:00+05:30,1643.72,596.3865,1047.3349,1.1565,0.0006,38304976.5822,0.0008,14315280.0307
2026-08-07T05:34:00+05:30,1614.28,213.7655,1400.5166,1.1843,0.0006,12040694.5972,0.0007,16575468.8531
2026-08-07T05:35:00+05:30,2708.44,1981.6824,726.7530,24.0848,0.0116,23142645.7764,0.0017,13015907.7272
2026-08-07T05:36:00+05:30,1793.48,498.4998,1294.9795,1.3511,0.0007,13524958.5465,0.0008,15858575.9480
2026-08-07T05:37:00+05:30,1625.94,109.1800,1516.7553,1.1792,0.0004,1055550.4824,0.0007,15877349.4193
2026-08-07T05:38:00+05:30,1360.96,107.2315,1253.7291,0.9906,0.0004,1059071.4155,0.0007,13755777.1370
2026-08-07T05:39:00+05:30,1429.21,108.9239,1320.2880,1.0424,0.0004,1102325.4605,0.0008,14635749.7791
2026-08-07T05:40:00+05:30,1670.27,434.5449,1235.7215,1.5449,0.0009,3986575.8283,0.0009,16111634.1577
2026-08-07T05:41:00+05:30,1662.70,347.1979,1315.5027,1.1869,0.0005,16570752.6996,0.0008,16651842.6876
2026-08-07T05:42:00+05:30,1419.41,110.0960,1309.3158,1.0280,0.0004,1118574.5532,0.0008,13308858.8957
2026-08-07T05:43:00+05:30,1199.99,112.6258,1087.3608,0.8660,0.0004,1175132.3245,0.0008,11790642.2239
2026-08-07T05:44:00+05:30,1234.34,111.4130,1122.9292,0.9024,0.0005,1167935.4688,0.0008,13985735.4088
2026-08-07T05:45:00+05:30,1181.42,115.2160,1066.2021,0.8674,0.0005,1193414.7773,0.0008,14538806.0816
2026-08-07T05:46:00+05:30,2776.28,1714.0548,1062.2250,25.8556,0.0130,17140579.4657,0.0034,11637289.7829
2026-08-07T05:47:00+05:30,1486.76,110.7982,1375.9604,1.0670,0.0003,1135987.7337,0.0007,13655267.4911
2026-08-07T05:48:00+05:30,1243.41,112.3573,1131.0557,0.8979,0.0004,1166853.1622,0.0007,12254006.0328
2026-08-07T05:49:00+05:30,1227.00,114.3181,1112.6850,0.8884,0.0004,1202766.5645,0.0008,12518505.7992
2026-08-07T05:50:00+05:30,1322.33,113.8057,1208.5271,0.9558,0.0005,1183734.9201,0.0008,12506600.7967
2026-08-07T05:51:00+05:30,1840.74,655.4926,1185.2475,1.7359,0.0011,20896905.7510,0.0009,12319271.3452
2026-08-07T05:52:00+05:30,1369.64,116.6600,1252.9827,0.9771,0.0004,1173337.5991,0.0007,12436996.3341
2026-08-07T05:53:00+05:30,1165.36,119.6313,1045.7326,0.8347,0.0004,1211869.8667,0.0007,11433437.8667
2026-08-07T05:54:00+05:30,1257.35,120.6494,1136.7016,0.9099,0.0004,1241301.0851,0.0008,12876322.5043
2026-08-07T05:55:00+05:30,1512.38,122.1268,1390.2492,1.0952,0.0005,1304206.8172,0.0008,13951455.9547
2026-08-07T05:56:00+05:30,1674.38,437.8062,1236.5763,1.1566,0.0005,17097110.5556,0.0008,12806160.4506
2026-08-07T05:57:00+05:30,1292.24,120.2739,1171.9627,0.9276,0.0004,1219115.0584,0.0007,11604184.4267
2026-08-07T05:58:00+05:30,1142.63,121.0601,1021.5685,0.8208,0.0004,1234726.1393,0.0007,11255431.6765
2026-08-07T05:59:00+05:30,1233.38,123.0418,1110.3426,0.8915,0.0004,1251496.7753,0.0007,12655517.1069
2026-08-07T06:00:00+05:30,1461.45,124.6583,1336.7891,1.0559,0.0005,1270889.9075,0.0007,13528235.6196
2026-08-07T06:01:00+05:30,2636.69,1621.6203,1015.0692,17.5848,0.0096,9372166.3583,0.0021,10701995.6994
2026-08-07T06:02:00+05:30,2093.53,1034.8924,1058.6373,9.8122,0.0081,12529547.4238,0.0014,10663032.1936
2026-08-07T06:03:00+05:30,1153.14,125.7917,1027.3518,0.8174,0.0004,1260764.5843,0.0007,11374599.3733
2026-08-07T06:04:00+05:30,1259.71,127.4376,1132.2711,0.9101,0.0004,1279496.5166,0.0007,12842616.8872
2026-08-07T06:05:00+05:30,1457.81,126.2730,1331.5332,1.0527,0.0005,1282363.8121,0.0007,13428910.5637
2026-08-07T06:06:00+05:30,1351.21,126.1707,1225.0442,0.9735,0.0004,1270746.3711,0.0007,12609236.1637
2026-08-07T06:07:00+05:30,1803.10,644.5726,1158.5307,1.3294,0.0006,16269179.2940,0.0008,11582897.1034
2026-08-07T06:08:00+05:30,1148.29,123.1328,1025.1567,0.8167,0.0004,1269825.5535,0.0008,11267209.3892
2026-08-07T06:09:00+05:30,1218.53,120.1160,1098.4131,0.8810,0.0004,1237860.3457,0.0008,12555850.3109
2026-08-07T06:10:00+05:30,1356.40,122.0232,1234.3805,0.9788,0.0005,1261305.3361,0.0007,12769641.4359
2026-08-07T06:11:00+05:30,1358.62,120.1833,1238.4340,0.9809,0.0004,1269457.0172,0.0008,12789286.4188
2026-08-07T06:12:00+05:30,1458.72,183.9609,1274.7579,1.0539,0.0005,9029948.5265,0.0008,12645150.5534
2026-08-07T06:13:00+05:30,1172.08,118.2892,1053.7860,0.8437,0.0004,1239648.1157,0.0008,11548020.6010
2026-08-07T06:14:00+05:30,1550.30,463.1016,1087.1993,1.3637,0.0010,4245602.1871,0.0008,12607825.0317
2026-08-07T06:15:00+05:30,1499.23,120.4679,1378.7657,1.0812,0.0004,1239439.7587,0.0007,13903755.5359
2026-08-07T06:16:00+05:30,1433.07,118.4138,1314.6534,1.0378,0.0004,1251153.4871,0.0007,13286601.4135
2026-08-07T06:17:00+05:30,1474.66,338.5285,1136.1348,1.0340,0.0005,16158485.1314,0.0007,11350710.2280
2026-08-07T06:18:00+05:30,1148.44,119.8967,1028.5452,0.8257,0.0005,1256354.2017,0.0008,11342270.4504
2026-08-07T06:19:00+05:30,1284.63,120.1400,1164.4863,0.9317,0.0004,1261006.0663,0.0008,13191244.3170
2026-08-07T06:20:00+05:30,1462.68,122.2456,1340.4340,1.0580,0.0005,1277853.6878,0.0007,13552062.6719
2026-08-07T06:21:00+05:30,1333.35,120.5560,1212.7940,0.9619,0.0004,1277832.3888,0.0008,12529270.4847
2026-08-07T06:22:00+05:30,2611.49,1729.3163,882.1716,23.3052,0.0124,15788287.6758,0.0021,8983052.4562
2026-08-07T06:23:00+05:30,1151.35,119.0806,1032.2704,0.8161,0.0004,1257776.2368,0.0007,11399527.4037
2026-08-07T06:24:00+05:30,1253.25,118.8754,1134.3744,0.9062,0.0004,1236704.7530,0.0008,12819625.3583
2026-08-07T06:25:00+05:30,1519.75,122.2793,1397.4701,1.1010,0.0004,1280959.9520,0.0008,14028781.2276
2026-08-07T06:26:00+05:30,1692.66,460.2280,1232.4310,1.7115,0.0011,4238286.7049,0.0010,12691578.0771
2026-08-07T06:27:00+05:30,1453.40,349.9692,1103.4322,1.0096,0.0005,15386132.9866,0.0007,11059083.9293
2026-08-07T06:28:00+05:30,1159.69,120.5566,1039.1301,0.8338,0.0005,1266445.9295,0.0007,11398013.3656
2026-08-07T06:29:00+05:30,1325.48,120.3759,1205.1090,0.9622,0.0004,1263247.8712,0.0008,13437604.7058
2026-08-07T06:30:00+05:30,1475.85,122.8500,1353.0000,1.0675,0.0004,1282982.3503,0.0008,13643412.0765
2026-08-07T06:31:00+05:30,1361.98,154.1732,1207.8095,0.9738,0.0005,1585350.1175,0.0007,12500800.5069
2026-08-07T06:32:00+05:30,1481.27,349.6344,1131.6355,1.0211,0.0005,10807278.0572,0.0007,11313837.2364
2026-08-07T06:33:00+05:30,1162.39,122.2428,1040.1474,0.8359,0.0004,1306671.7351,0.0008,11440514.0466
2026-08-07T06:34:00+05:30,1365.01,122.8412,1242.1651,0.9911,0.0005,1303744.4822,0.0008,13728032.0064
2026-08-07T06:35:00+05:30,1506.51,123.7587,1382.7557,1.0905,0.0004,1309281.3942,0.0008,13895853.5131
2026-08-07T06:36:00+05:30,1332.56,122.5319,1210.0238,0.9614,0.0004,1335714.4857,0.0007,12482228.6647
2026-08-07T06:37:00+05:30,1217.70,136.7320,1080.9652,0.8680,0.0004,1424238.2803,0.0007,10890675.3832
2026-08-07T06:38:00+05:30,1848.58,833.3333,1015.2485,1.9723,0.0014,12543424.0672,0.0009,11383981.7355
2026-08-07T06:39:00+05:30,1328.88,124.6479,1204.2299,0.9632,0.0005,1303756.8000,0.0008,13415560.5333
2026-08-07T06:40:00+05:30,1501.16,126.0731,1375.0854,1.0858,0.0004,1315649.6749,0.0007,13833337.0228
2026-08-07T06:41:00+05:30,1393.72,127.4518,1266.2689,1.0064,0.0005,1385947.8052,0.0008,12990871.5795
2026-08-07T06:42:00+05:30,1194.49,125.8082,1068.6863,0.8534,0.0004,1352297.0073,0.0008,10751761.1144
2026-08-07T06:43:00+05:30,1768.39,742.8410,1025.5526,1.2287,0.0006,22385686.2739,0.0008,11366937.6448
2026-08-07T06:44:00+05:30,1363.77,121.7915,1241.9828,0.9853,0.0004,1277354.4903,0.0008,13746478.0319
2026-08-07T06:45:00+05:30,1512.00,128.2415,1383.7577,1.0931,0.0004,1365788.4141,0.0007,13888268.7821
2026-08-07T06:46:00+05:30,1364.57,128.4628,1236.1069,0.9836,0.0005,1367381.5382,0.0007,12765299.9967
2026-08-07T06:47:00+05:30,1582.08,552.4403,1029.6373,1.5009,0.0012,5081082.8110,0.0008,10473776.2368
2026-08-07T06:48:00+05:30,1404.73,394.7978,1009.9312,0.9591,0.0005,18084250.8832,0.0007,11274442.7115
2026-08-07T06:49:00+05:30,1328.94,126.0188,1202.9200,0.9629,0.0004,1315293.8667,0.0008,13433036.8000
2026-08-07T06:50:00+05:30,1840.82,446.9539,1393.8662,1.7239,0.0011,4145225.1892,0.0009,14077038.6372
2026-08-07T06:51:00+05:30,1346.77,130.1131,1216.6553,0.9655,0.0004,1362944.7166,0.0007,12544605.6850
2026-08-07T06:52:00+05:30,1229.39,130.0522,1099.3350,0.8780,0.0004,1367472.3912,0.0007,11013440.0907
2026-08-07T06:53:00+05:30,2303.45,1533.3722,770.0783,16.9319,0.0105,19456785.1975,0.0012,9092314.3191
2026-08-07T06:54:00+05:30,1362.82,124.7854,1238.0373,0.9882,0.0004,1304666.0111,0.0008,13717186.4864
2026-08-07T06:55:00+05:30,1477.96,126.0647,1351.8911,1.0692,0.0004,1328624.3395,0.0008,13803969.9298
2026-08-07T06:56:00+05:30,1351.22,129.3655,1221.8575,0.9722,0.0004,1373227.4060,0.0007,12486057.0515
2026-08-07T06:57:00+05:30,1268.87,128.2321,1140.6352,0.9089,0.0004,1395173.3267,0.0007,11341928.8155
2026-08-07T06:58:00+05:30,1456.38,468.6990,987.6829,1.0031,0.0006,23420002.0001,0.0007,11160538.4179
2026-08-07T06:59:00+05:30,1343.51,125.3728,1218.1361,0.9738,0.0004,1307637.7452,0.0008,13539534.7008
2026-08-07T07:00:00+05:30,1485.90,128.4662,1357.4357,1.0743,0.0005,1335391.0145,0.0007,13796219.1708
2026-08-07T07:01:00+05:30,1368.40,129.0898,1239.3120,0.9858,0.0005,1443253.5502,0.0007,12639665.0443
2026-08-07T07:02:00+05:30,1266.89,130.1789,1136.7145,0.9068,0.0005,1508786.6622,0.0007,11333108.9030
2026-08-07T07:03:00+05:30,1681.89,729.2520,952.6403,1.3175,0.0008,21455673.4911,0.0008,10992446.9840
2026-08-07T07:04:00+05:30,1364.53,125.7210,1238.8050,0.9893,0.0005,1293200.5402,0.0008,13724669.4563
2026-08-07T07:05:00+05:30,1522.35,131.0803,1391.2746,1.1003,0.0005,1353547.5270,0.0008,14047407.0124
2026-08-07T07:06:00+05:30,1360.71,128.3209,1232.3911,0.9804,0.0004,1359485.0581,0.0007,12629134.2189
2026-08-07T07:07:00+05:30,1252.13,128.5090,1123.6247,0.8958,0.0005,1397175.2546,0.0007,11225540.4671
2026-08-07T07:08:00+05:30,1818.48,966.1328,852.3475,10.8165,0.0104,4834713.6000,0.0009,9863782.4000
2026-08-07T07:09:00+05:30,1915.63,839.5267,1076.1040,8.3046,0.0088,14405792.1978,0.0009,12281720.4086
2026-08-07T07:10:00+05:30,1492.00,129.8494,1362.1517,1.0786,0.0004,1351477.2784,0.0007,13837898.7152
2026-08-07T07:11:00+05:30,1363.35,127.6631,1235.6883,0.9821,0.0005,1360690.0392,0.0007,12590018.9714
2026-08-07T07:12:00+05:30,1284.21,129.4080,1154.8063,0.9200,0.0005,1389588.7343,0.0007,11490370.4691
2026-08-07T07:13:00+05:30,1137.66,128.7269,1008.9329,0.8160,0.0004,1390682.1773,0.0008,11264921.5693
2026-08-07T07:14:00+05:30,1958.82,775.9512,1182.8671,1.4052,0.0006,30493582.6206,0.0008,13326494.6731
2026-08-07T07:15:00+05:30,1502.67,127.9556,1374.7188,1.0821,0.0004,1331525.9027,0.0007,13908094.8461
2026-08-07T07:16:00+05:30,1626.99,430.0380,1196.9535,1.5693,0.0010,3984732.7511,0.0010,12503162.1892
2026-08-07T07:17:00+05:30,1276.16,128.2897,1147.8741,0.9147,0.0004,1347310.0322,0.0007,11466028.2347
2026-08-07T07:18:00+05:30,1155.83,127.4440,1028.3857,0.8302,0.0004,1366744.2954,0.0007,11432479.1066
2026-08-07T07:19:00+05:30,2172.68,1036.4379,1136.2379,1.4474,0.0005,49961045.1357,0.0008,16186908.2790
2026-08-07T07:20:00+05:30,1889.72,458.3736,1431.3506,1.3574,0.0006,27350685.4485,0.0008,16928886.0586
2026-08-07T07:21:00+05:30,1356.04,123.1979,1232.8461,0.9780,0.0005,1224683.5886,0.0007,12651855.2691
2026-08-07T07:22:00+05:30,1283.75,125.0958,1158.6569,0.9203,0.0004,1269616.6639,0.0008,11485522.5462
2026-08-07T07:23:00+05:30,1187.85,124.4063,1063.4447,0.8601,0.0004,1258958.2028,0.0007,12727198.4534
2026-08-07T07:24:00+05:30,3297.76,2188.5268,1109.2339,25.8790,0.0101,45867706.6929,0.0036,15469857.4785
2026-08-07T07:25:00+05:30,1279.82,129.9366,1149.8833,0.9499,0.0004,1235856.7688,0.0008,19059970.4465
2026-08-07T07:26:00+05:30,1285.25,131.9947,1153.2578,0.9592,0.0004,1258606.5888,0.0008,18778219.1931
2026-08-07T07:27:00+05:30,1724.43,132.8422,1591.5894,1.2745,0.0004,1329923.3282,0.0008,19696860.8574
2026-08-07T07:28:00+05:30,1316.97,131.6123,1185.3605,0.9548,0.0005,1354775.1075,0.0007,13794868.1711
2026-08-07T07:29:00+05:30,1649.26,525.6551,1123.6081,4.5899,0.0068,3037859.8386,0.0009,13906243.6487
2026-08-07T07:30:00+05:30,2458.16,1303.3625,1154.7972,14.7308,0.0100,17507221.1687,0.0015,12072733.5744
2026-08-07T07:31:00+05:30,1418.82,130.8399,1287.9811,1.0231,0.0005,1343601.0534,0.0008,13214614.3538
2026-08-07T07:32:00+05:30,1589.31,460.3040,1129.0038,1.3559,0.0010,4214089.5244,0.0009,11444240.1093
2026-08-07T07:33:00+05:30,1163.00,137.5138,1025.4859,0.8265,0.0004,1408618.7285,0.0008,11374227.5561
2026-08-07T07:34:00+05:30,1241.67,134.0167,1107.6500,0.9052,0.0004,1398739.0457,0.0008,14392559.8760
2026-08-07T07:35:00+05:30,2012.82,881.3774,1131.4399,1.4492,0.0006,27752485.6162,0.0008,14377370.9790
2026-08-07T07:36:00+05:30,1929.09,541.1465,1387.9453,2.0076,0.0013,4881158.2685,0.0009,14590835.0641
2026-08-07T07:37:00+05:30,1367.64,138.9356,1228.7038,0.9665,0.0003,1412006.5336,0.0007,12189283.1094
2026-08-07T07:38:00+05:30,1183.93,136.7553,1047.1794,0.8475,0.0004,1411818.2848,0.0007,11558575.3425
2026-08-07T07:39:00+05:30,1386.30,135.9955,1250.3083,1.0026,0.0005,1412663.3112,0.0007,13696567.4478
2026-08-07T07:40:00+05:30,1928.35,633.7333,1294.6167,1.3090,0.0005,26502348.8000,0.0008,13337463.4667
2026-08-07T07:41:00+05:30,1361.14,136.4825,1224.6605,0.9774,0.0004,1367244.3223,0.0007,12499846.7716
2026-08-07T07:42:00+05:30,1254.03,138.7778,1115.2564,0.8941,0.0004,1397493.3653,0.0007,11179059.2785
2026-08-07T07:43:00+05:30,1140.20,136.9219,1003.2831,0.8148,0.0004,1391045.3970,0.0007,11215056.0629
2026-08-07T07:44:00+05:30,1247.93,133.1489,1114.7801,0.9006,0.0005,1368769.8231,0.0008,12947396.3962
2026-08-07T07:45:00+05:30,2866.82,1809.7682,1057.0562,25.5469,0.0124,27991790.4419,0.0031,10994400.5865
2026-08-07T07:46:00+05:30,1631.16,442.1516,1189.0054,1.3956,0.0010,4026222.1630,0.0008,12537138.2851
2026-08-07T07:47:00+05:30,1320.24,129.4920,1190.7460,0.9457,0.0005,1307713.3857,0.0007,11885820.9577
2026-08-07T07:48:00+05:30,1153.46,127.5426,1025.9217,0.8282,0.0005,1308492.7782,0.0007,11436415.2132
2026-08-07T07:49:00+05:30,1195.54,124.7791,1070.7593,0.8639,0.0004,1286637.2109,0.0008,12504146.8563
2026-08-07T07:50:00+05:30,1520.08,220.6277,1299.4483,1.0899,0.0005,8915445.9815,0.0007,13335040.7680
2026-08-07T07:51:00+05:30,1492.83,187.9480,1304.8841,1.0775,0.0005,7570396.6661,0.0007,13424146.6911
2026-08-07T07:52:00+05:30,1332.19,128.9006,1203.2887,0.9562,0.0005,1313698.0158,0.0007,11965700.0816
2026-08-07T07:53:00+05:30,1252.23,129.4932,1122.7409,0.9015,0.0004,1338495.1400,0.0007,12164189.1996
2026-08-07T07:54:00+05:30,1288.82,129.3806,1159.4428,0.9320,0.0004,1358212.0313,0.0008,13188696.8172
2026-08-07T07:55:00+05:30,1409.70,131.2005,1278.4970,1.0158,0.0005,1383374.2793,0.0008,13169526.5771
2026-08-07T07:56:00+05:30,3051.68,2085.0755,966.6066,22.8014,0.0099,21796964.0732,0.0023,14991306.7369
2026-08-07T07:57:00+05:30,1306.64,128.6871,1177.9489,0.9378,0.0005,1304330.7724,0.0007,11968675.1437
2026-08-07T07:58:00+05:30,1156.54,130.2195,1026.3206,0.8299,0.0005,1331787.1716,0.0007,11593635.4181
2026-08-07T07:59:00+05:30,1295.20,129.4231,1165.7750,0.9377,0.0004,1339458.9729,0.0008,13409404.3369
2026-08-07T08:00:00+05:30,1847.97,456.9467,1391.0210,1.9407,0.0012,4205623.4773,0.0010,14356102.1881
2026-08-07T08:01:00+05:30,1858.03,661.0068,1197.0240,1.3226,0.0005,16702605.0790,0.0008,12669807.3719
2026-08-07T08:02:00+05:30,1406.39,137.7471,1268.6435,1.1683,0.0005,1739511.3593,0.0009,38033573.7311
2026-08-07T08:03:00+05:30,1292.32,134.2110,1158.1070,0.9516,0.0005,1367722.3083,0.0007,16341407.9888
2026-08-07T08:04:00+05:30,1612.09,133.5089,1478.5819,1.1774,0.0004,1363171.4114,0.0007,16884564.5710
2026-08-07T08:05:00+05:30,1337.13,133.1844,1203.9439,0.9949,0.0005,1370294.7060,0.0008,18681821.0428
2026-08-07T08:06:00+05:30,1762.67,372.0380,1390.6349,2.4291,0.0007,24935358.1177,0.0016,20403282.3316
2026-08-07T08:07:00+05:30,1475.69,154.9862,1320.7082,1.0616,0.0005,1553591.5979,0.0007,13734386.1299
2026-08-07T08:08:00+05:30,1122.53,149.9467,972.5870,0.7984,0.0005,1515727.5030,0.0007,11031719.5041
2026-08-07T08:09:00+05:30,1177.01,150.5351,1026.4728,0.8417,0.0005,1524451.8979,0.0008,11962160.8682
2026-08-07T08:10:00+05:30,1309.14,152.3557,1156.7873,0.9350,0.0004,1548240.6411,0.0007,12278105.1264
2026-08-07T08:11:00+05:30,1564.91,303.8774,1261.0355,1.1200,0.0006,16637110.9370,0.0007,13159583.7904
2026-08-07T08:12:00+05:30,1685.97,165.6115,1520.3599,1.2138,0.0005,1652526.4912,0.0007,14489753.5488
2026-08-07T08:13:00+05:30,1145.70,164.4270,981.2765,0.8107,0.0004,1641828.3008,0.0008,11048894.6096
2026-08-07T08:14:00+05:30,1506.98,472.5667,1034.4167,1.2761,0.0009,4336499.4583,0.0008,12058081.6986
2026-08-07T08:15:00+05:30,1327.98,159.9213,1168.0557,0.9417,0.0004,1590100.9151,0.0007,12333745.5285
2026-08-07T08:16:00+05:30,1324.51,178.2637,1146.2476,0.9376,0.0005,1659166.0278,0.0007,12159389.8870
2026-08-07T08:17:00+05:30,1361.31,150.6626,1210.6509,0.9701,0.0005,1545233.9901,0.0007,12050681.3348
2026-08-07T08:18:00+05:30,1163.22,149.6252,1013.5932,0.8274,0.0005,1549015.3590,0.0007,11328513.8764
2026-08-07T08:19:00+05:30,1207.14,140.7800,1066.3632,0.8659,0.0004,1474584.5867,0.0007,12477522.1263
2026-08-07T08:20:00+05:30,1379.24,143.0667,1236.1776,0.9881,0.0005,1523778.6372,0.0007,12881452.9937
2026-08-07T08:21:00+05:30,1360.27,136.2016,1224.0644,0.9769,0.0005,1472373.2462,0.0007,12835916.9527
2026-08-07T08:22:00+05:30,1455.01,132.1931,1322.8146,1.0470,0.0005,1445426.1519,0.0007,13119244.6489
2026-08-07T08:23:00+05:30,1556.99,133.6866,1423.3077,1.1299,0.0005,1477279.4721,0.0008,14677708.7625
2026-08-07T08:24:00+05:30,1215.83,132.1333,1083.7000,0.8753,0.0005,1473101.8483,0.0007,12349165.9139
2026-08-07T08:25:00+05:30,1474.86,307.7115,1167.1472,1.0184,0.0004,2737311.1781,0.0007,12395518.2080
2026-08-07T08:26:00+05:30,1664.83,555.1889,1109.6443,3.9494,0.0053,17462106.7440,0.0009,11873101.9769
2026-08-07T08:27:00+05:30,3306.97,2433.2306,873.7439,20.4331,0.0077,77664403.1731,0.0021,8955102.1932
2026-08-07T08:28:00+05:30,1113.42,131.1391,982.2848,0.7880,0.0004,1343580.8349,0.0007,11062783.7014
2026-08-07T08:29:00+05:30,1882.81,895.9959,986.8140,2.6400,0.0019,8016727.3333,0.0010,11816737.0685
2026-08-07T08:30:00+05:30,1355.19,125.9894,1229.2003,0.9658,0.0003,1311255.0947,0.0007,12851897.0223
2026-08-07T08:31:00+05:30,1337.57,124.5271,1213.0393,0.9648,0.0004,1311632.0123,0.0008,12645022.7659
2026-08-07T08:32:00+05:30,3551.65,2642.4298,909.2242,27.4740,0.0094,42270247.6419,0.0032,9378014.7319
2026-08-07T08:33:00+05:30,1635.01,601.9003,1033.1055,1.3328,0.0008,29768613.7023,0.0008,11606789.9317
2026-08-07T08:34:00+05:30,1213.06,130.3783,1082.6862,0.8697,0.0004,1303607.7987,0.0007,12549690.7849
2026-08-07T08:35:00+05:30,1362.13,129.0151,1233.1105,0.9809,0.0004,1287386.4618,0.0008,12815216.7086
2026-08-07T08:36:00+05:30,1332.00,123.7624,1208.2375,0.9607,0.0004,1248790.4790,0.0007,12747344.0677
2026-08-07T08:37:00+05:30,1392.69,125.8811,1266.8100,1.0028,0.0005,1310750.0333,0.0007,12687921.0772
2026-08-07T08:38:00+05:30,2844.45,2098.4718,745.9796,23.4700,0.0105,42741385.9485,0.0021,8871094.5207
2026-08-07T08:39:00+05:30,1193.67,114.2181,1079.4524,0.8642,0.0004,1155455.4216,0.0007,12568634.0186
2026-08-07T08:40:00+05:30,1349.53,116.7503,1232.7840,0.9754,0.0004,1175423.7633,0.0007,12854043.3544
2026-08-07T08:41:00+05:30,1332.61,111.5685,1221.0372,0.9645,0.0004,1161334.2221,0.0007,12737885.6153
2026-08-07T08:42:00+05:30,1382.79,110.6499,1272.1408,0.9998,0.0004,1155381.8406,0.0007,12718212.7986
2026-08-07T08:43:00+05:30,1464.97,417.0903,1047.8841,1.0111,0.0005,17135423.7237,0.0007,11705197.7533
2026-08-07T08:44:00+05:30,1530.86,408.1653,1122.6962,1.2931,0.0009,3730282.0577,0.0008,12915413.0880
2026-08-07T08:45:00+05:30,1509.35,115.0205,1394.3298,1.0905,0.0004,1156271.0757,0.0007,14272851.2284
2026-08-07T08:46:00+05:30,1352.74,115.2628,1237.4754,0.9783,0.0005,1158017.8324,0.0008,12747616.4858
2026-08-07T08:47:00+05:30,1270.64,115.6417,1155.0003,0.9140,0.0005,1181971.7934,0.0007,11569598.7730
2026-08-07T08:48:00+05:30,2621.75,1892.7036,729.0424,23.5216,0.0119,13519489.6170,0.0014,8754771.6409
2026-08-07T08:49:00+05:30,1199.48,115.9384,1083.5416,0.8689,0.0004,1174459.2464,0.0008,12494141.2835
2026-08-07T08:50:00+05:30,1375.71,120.6020,1255.1043,0.9933,0.0005,1199738.3956,0.0007,13001944.6991
2026-08-07T08:51:00+05:30,1352.45,117.9597,1234.4864,0.9777,0.0004,1202754.6491,0.0007,12876477.5045
2026-08-07T08:52:00+05:30,1366.00,118.9460,1247.0584,0.9848,0.0004,1228417.7194,0.0008,12441185.2938
2026-08-07T08:53:00+05:30,1181.10,140.2707,1040.8276,0.8448,0.0005,1398634.1463,0.0008,11617294.7669
2026-08-07T08:54:00+05:30,1821.05,727.7394,1093.3089,1.4598,0.0008,12781868.1777,0.0008,12609577.4685
2026-08-07T08:55:00+05:30,1411.44,120.1220,1291.3201,1.0150,0.0004,1204629.5716,0.0007,13324665.5776
2026-08-07T08:56:00+05:30,1422.72,123.6436,1299.0749,1.0290,0.0004,1237457.0790,0.0008,13403930.2597
2026-08-07T08:57:00+05:30,1330.58,125.2208,1205.3628,0.9560,0.0005,1294479.6187,0.0008,12015916.2750
2026-08-07T08:58:00+05:30,1149.64,124.5709,1025.0642,0.8261,0.0005,1321966.3039,0.0008,11480294.7656
2026-08-07T08:59:00+05:30,1644.42,506.2510,1138.1730,1.1193,0.0005,17705180.1967,0.0008,12931861.9770
2026-08-07T09:00:00+05:30,1733.23,410.9941,1322.2381,1.5300,0.0010,3762699.9133,0.0008,13603108.4739
2026-08-07T09:01:00+05:30,1354.65,127.9928,1226.6616,0.9756,0.0004,1280959.6961,0.0007,12798404.7718
2026-08-07T09:02:00+05:30,1299.80,126.8585,1172.9449,0.9317,0.0005,1298130.5775,0.0007,11724275.1563
2026-08-07T09:03:00+05:30,1155.75,129.1151,1026.6364,0.8291,0.0004,1340026.2031,0.0007,11451430.9336
2026-08-07T09:04:00+05:30,1430.07,261.2913,1168.7777,1.0355,0.0006,16371371.2981,0.0008,13257133.4100
2026-08-07T09:05:00+05:30,1525.26,129.5769,1395.6802,1.1038,0.0005,1292108.3964,0.0007,14180015.8661
2026-08-07T09:06:00+05:30,1357.57,129.1731,1228.3948,0.9786,0.0004,1316110.6055,0.0008,12764525.1596
2026-08-07T09:07:00+05:30,1256.82,129.4355,1127.3855,0.8997,0.0004,1335932.6655,0.0007,11358670.3778
2026-08-07T09:08:00+05:30,1161.28,129.3575,1031.9269,0.8332,0.0004,1351819.2362,0.0008,11486504.8324
2026-08-07T09:09:00+05:30,1532.51,392.6030,1139.9070,1.0828,0.0006,20986837.0752,0.0007,13097000.4500
2026-08-07T09:10:00+05:30,1451.29,129.7145,1321.5780,1.0483,0.0004,1304690.7885,0.0007,13636517.2580
2026-08-07T09:11:00+05:30,1358.15,130.0630,1228.0895,0.9789,0.0005,1333837.0198,0.0007,12811580.6984
2026-08-07T09:12:00+05:30,1292.99,130.4043,1162.5888,0.9264,0.0004,1363603.8535,0.0007,11640469.0823
2026-08-07T09:13:00+05:30,1155.61,129.8102,1025.7987,0.8289,0.0005,1357141.7429,0.0007,11419077.0461
2026-08-07T09:14:00+05:30,1552.23,353.5215,1198.7100,1.1009,0.0006,17697270.3577,0.0007,13599632.0123
2026-08-07T09:15:00+05:30,1518.56,131.0486,1387.5119,1.0986,0.0005,1316130.0818,0.0008,14161660.7271
2026-08-07T09:16:00+05:30,1617.69,404.8190,1212.8741,1.4527,0.0010,3737256.1697,0.0009,12793217.2435
2026-08-07T09:17:00+05:30,1232.60,132.9855,1099.6183,0.8806,0.0004,1377780.8297,0.0008,11098092.1682
2026-08-07T09:18:00+05:30,1256.76,208.1173,1048.6402,0.8812,0.0005,1815238.5780,0.0008,11645379.0436
2026-08-07T09:19:00+05:30,2978.12,2155.6611,822.4611,23.7286,0.0101,23682612.6802,0.0025,10217784.7538
2026-08-07T09:20:00+05:30,1460.37,132.3909,1327.9768,1.0476,0.0004,1326118.3217,0.0008,13794580.2064
2026-08-07T09:21:00+05:30,1376.26,132.5681,1243.6940,0.9920,0.0005,1362808.3504,0.0008,12964831.9088
2026-08-07T09:22:00+05:30,1300.57,132.8899,1167.6836,0.9315,0.0004,1357753.4594,0.0007,11670342.7028
2026-08-07T09:23:00+05:30,1615.45,575.6399,1039.8114,1.5202,0.0012,5235814.0946,0.0008,11559840.4239
2026-08-07T09:24:00+05:30,1623.93,518.7302,1105.1991,1.1369,0.0005,2967926.0111,0.0008,12879919.7454
2026-08-07T09:25:00+05:30,2028.29,689.9293,1338.3559,1.6592,0.0007,22653960.3974,0.0009,13834616.1744
2026-08-07T09:26:00+05:30,1389.61,136.1743,1253.4331,0.9958,0.0004,1373570.2953,0.0008,13005980.9346
2026-08-07T09:27:00+05:30,1259.90,137.1343,1122.7640,0.8998,0.0004,1414361.0569,0.0007,11290238.0262
2026-08-07T09:28:00+05:30,1233.57,137.2984,1096.2705,0.8858,0.0005,1436934.3265,0.0007,11990060.6909
2026-08-07T09:29:00+05:30,1237.88,134.7590,1103.1235,0.8932,0.0004,1441341.9561,0.0008,12831302.3535
2026-08-07T09:30:00+05:30,3521.40,2577.6371,943.7594,25.2325,0.0089,88297228.3286,0.0026,13033006.4989
2026-08-07T09:31:00+05:30,1845.44,501.4418,1343.9953,1.3483,0.0006,32713723.4770,0.0008,20187384.6821
2026-08-07T09:32:00+05:30,1339.66,132.6189,1207.0368,0.9719,0.0004,1245088.9696,0.0007,14089412.5804
2026-08-07T09:33:00+05:30,1493.90,396.6034,1097.2968,1.3578,0.0009,3558904.7214,0.0009,13068453.7773
2026-08-07T09:34:00+05:30,1733.92,136.1970,1597.7264,1.2676,0.0004,1320614.1948,0.0008,19126136.6137
2026-08-07T09:35:00+05:30,2834.25,2073.0874,761.1622,24.3350,0.0111,26066006.6640,0.0019,17793620.6851
2026-08-07T09:36:00+05:30,1350.74,202.6980,1148.0382,0.9833,0.0004,2265705.2242,0.0008,20151341.9486
2026-08-07T09:37:00+05:30,1732.13,146.1533,1585.9794,1.2863,0.0004,1366925.5323,0.0008,22073199.7468
2026-08-07T09:38:00+05:30,1364.65,143.6168,1221.0349,0.9896,0.0004,1358482.3125,0.0008,14651465.6086
2026-08-07T09:39:00+05:30,1603.78,142.0645,1461.7179,1.1639,0.0005,1358599.2602,0.0007,15805165.4614
2026-08-07T09:40:00+05:30,1387.45,142.2927,1245.1569,1.0147,0.0004,1416798.2262,0.0008,16301851.9247
2026-08-07T09:41:00+05:30,2282.09,1042.2479,1239.8380,1.7185,0.0006,18381041.4813,0.0009,17280159.9920
2026-08-07T09:42:00+05:30,1517.24,144.4476,1372.7938,1.0863,0.0004,1417693.8667,0.0007,14071398.4000
2026-08-07T09:43:00+05:30,1287.64,145.1046,1142.5381,0.9228,0.0004,1451955.0712,0.0007,12370116.5883
2026-08-07T09:44:00+05:30,1291.80,143.9239,1147.8741,0.9399,0.0004,1453289.4193,0.0007,14786521.7681
2026-08-07T09:45:00+05:30,1225.81,145.2715,1080.5360,0.8886,0.0005,1466938.5823,0.0008,14137647.8941
2026-08-07T09:46:00+05:30,1675.67,304.5805,1371.0871,1.2101,0.0006,19185534.5535,0.0008,14576322.6989
2026-08-07T09:47:00+05:30,1376.31,141.8836,1234.4286,0.9866,0.0004,1406443.0300,0.0007,12484493.8848
2026-08-07T09:48:00+05:30,1193.29,141.0904,1052.2026,0.8535,0.0004,1414351.2509,0.0007,11657320.9994
2026-08-07T09:49:00+05:30,1360.65,140.2380,1220.4073,0.9828,0.0004,1415351.7117,0.0007,13619107.8369
2026-08-07T09:50:00+05:30,1742.49,389.5390,1352.9520,1.3986,0.0008,3627362.9257,0.0008,13895526.2114
2026-08-07T09:51:00+05:30,2104.15,948.6273,1155.5181,1.7501,0.0008,59359262.3139,0.0009,12232765.8227
2026-08-07T09:52:00+05:30,1261.90,138.3339,1123.5689,0.8929,0.0004,1374093.0543,0.0007,11355123.8502
2026-08-07T09:53:00+05:30,1145.23,138.0310,1007.1999,0.8188,0.0005,1381421.2430,0.0007,11337880.3687
2026-08-07T09:54:00+05:30,1306.67,137.0069,1169.6585,0.9434,0.0004,1385882.6275,0.0007,13345230.4615
2026-08-07T09:55:00+05:30,1412.14,136.6856,1275.4546,1.0174,0.0004,1423383.7231,0.0008,13336252.1375
2026-08-07T09:56:00+05:30,2613.82,1532.2333,1081.5833,10.3050,0.0055,28783001.6000,0.0018,11622263.4667
2026-08-07T09:57:00+05:30,1335.58,132.3211,1203.2568,0.9468,0.0004,1317658.8553,0.0007,12093365.2455
2026-08-07T09:58:00+05:30,1141.50,128.6721,1012.8306,0.8190,0.0004,1313256.2821,0.0007,11397571.1524
2026-08-07T09:59:00+05:30,1220.49,127.2436,1093.2453,0.8813,0.0004,1311451.7699,0.0007,12673066.5956
2026-08-07T10:00:00+05:30,1366.32,128.8586,1237.4658,0.9851,0.0004,1326190.5159,0.0007,12995847.7873
2026-08-07T10:01:00+05:30,2032.33,892.4613,1139.8737,10.3909,0.0097,6533883.9295,0.0016,12147570.7857
2026-08-07T10:02:00+05:30,2087.79,886.2443,1201.5434,4.9392,0.0041,26857859.1596,0.0010,12081619.5476
2026-08-07T10:03:00+05:30,1164.22,125.6688,1038.5506,0.8313,0.0004,1278587.7098,0.0007,11585865.6311
2026-08-07T10:04:00+05:30,1432.73,126.1126,1306.6140,1.0419,0.0005,1283972.7302,0.0007,14437217.1420
2026-08-07T10:05:00+05:30,1426.59,130.1138,1296.4722,1.0299,0.0005,1338554.5076,0.0007,13469976.8705
2026-08-07T10:06:00+05:30,1302.23,129.4580,1172.7718,0.9371,0.0004,1335480.0347,0.0007,12333257.7828
2026-08-07T10:07:00+05:30,2525.74,1519.4593,1006.2836,6.4374,0.0035,23922507.9005,0.0011,10428155.4770
2026-08-07T10:08:00+05:30,1124.19,131.1443,993.0494,0.7979,0.0004,1298881.5735,0.0008,11160618.5849
2026-08-07T10:09:00+05:30,1272.39,131.2216,1141.1694,0.9193,0.0005,1301882.8940,0.0007,13095747.5256
2026-08-07T10:10:00+05:30,1448.33,134.3179,1314.0085,1.0448,0.0005,1326415.4957,0.0007,13594956.5768
2026-08-07T10:11:00+05:30,1440.90,133.9034,1306.9960,1.0399,0.0005,1350995.1826,0.0007,13458675.8680
2026-08-07T10:12:00+05:30,2330.50,1326.4660,1004.0337,9.8294,0.0064,20857409.5841,0.0013,10336093.3411
2026-08-07T10:13:00+05:30,1214.54,133.2789,1081.2603,0.8655,0.0004,1327274.0723,0.0008,11911069.9968
2026-08-07T10:14:00+05:30,1387.90,134.3289,1253.5749,1.0046,0.0004,1349746.0376,0.0008,13893195.6467
2026-08-07T10:15:00+05:30,1483.77,167.7695,1316.0053,1.0615,0.0005,1557640.5333,0.0007,13652104.5333
2026-08-07T10:16:00+05:30,1330.00,138.0776,1191.9217,0.9558,0.0005,1393328.2657,0.0007,12542071.0809
2026-08-07T10:17:00+05:30,2161.47,1228.2143,933.2556,10.0785,0.0073,16095392.5840,0.0012,9667597.5669
2026-08-07T10:18:00+05:30,1135.82,134.2734,1001.5501,0.8017,0.0004,1337206.0603,0.0007,11284020.2010
2026-08-07T10:19:00+05:30,1757.47,559.2034,1198.2668,1.8611,0.0013,5033648.4234,0.0009,13473098.5934
2026-08-07T10:20:00+05:30,1538.49,140.4284,1398.0665,1.0970,0.0004,1382014.2676,0.0008,14326305.4870
2026-08-07T10:21:00+05:30,1359.67,139.3531,1220.3189,0.9772,0.0005,1411926.6159,0.0008,12701469.8815
2026-08-07T10:22:00+05:30,1589.00,522.9159,1066.0811,1.0656,0.0005,18279770.4077,0.0008,10873357.0214
2026-08-07T10:23:00+05:30,1218.25,136.2174,1082.0372,0.8742,0.0005,1366903.8593,0.0007,11912371.1595
2026-08-07T10:24:00+05:30,1328.26,135.3986,1192.8576,0.9597,0.0004,1357529.0883,0.0008,13412016.0648
2026-08-07T10:25:00+05:30,1728.51,425.7809,1302.7268,1.5093,0.0010,3907372.9124,0.0008,13608594.4198
2026-08-07T10:26:00+05:30,1414.77,137.5390,1277.2285,1.0197,0.0004,1416023.4729,0.0007,13231765.2707
2026-08-07T10:27:00+05:30,1215.07,137.7036,1077.3625,0.8662,0.0004,1442147.8299,0.0007,10968032.2441
2026-08-07T10:28:00+05:30,1700.01,699.2047,1000.8003,1.7045,0.0013,23845985.9953,0.0008,11226304.2347
2026-08-07T10:29:00+05:30,1385.01,132.7032,1252.3045,1.0030,0.0005,1347354.0472,0.0008,13918766.7689
2026-08-07T10:30:00+05:30,1456.72,134.5833,1322.1333,1.0513,0.0005,1380352.0000,0.0007,13702212.2667
2026-08-07T10:31:00+05:30,1400.68,137.8782,1262.8052,1.0095,0.0005,1445325.7771,0.0007,13102557.4798
2026-08-07T10:32:00+05:30,1205.91,136.2099,1069.6965,0.8596,0.0004,1469912.6377,0.0007,10878841.6579
2026-08-07T10:33:00+05:30,2110.85,1168.0639,942.7843,4.6737,0.0033,23311654.1391,0.0009,10776532.9245
2026-08-07T10:34:00+05:30,1349.52,135.6356,1213.8869,0.9700,0.0004,1373366.3122,0.0008,13608935.7645
2026-08-07T10:35:00+05:30,1513.92,138.5718,1375.3521,1.0927,0.0005,1420828.5838,0.0007,14136135.1865
2026-08-07T10:36:00+05:30,1405.85,138.4000,1267.4500,1.0129,0.0004,1442338.1333,0.0007,13125905.0667
2026-08-07T10:37:00+05:30,1225.38,142.2858,1083.0917,0.8729,0.0005,1491136.2197,0.0007,11007445.3888
2026-08-07T10:38:00+05:30,2427.91,1555.9240,871.9880,8.0760,0.0046,27132544.5183,0.0009,10160720.1586
2026-08-07T10:39:00+05:30,1373.62,137.1183,1236.4982,0.9859,0.0004,1388501.1918,0.0008,13770515.3601
2026-08-07T10:40:00+05:30,1529.12,140.8855,1388.2351,1.1036,0.0005,1423344.9793,0.0007,14253795.9728
2026-08-07T10:41:00+05:30,1365.04,139.3884,1225.6479,0.9822,0.0004,1434436.1970,0.0007,12876546.1545
2026-08-07T10:42:00+05:30,1228.60,141.1449,1087.4508,0.8758,0.0005,1471167.8336,0.0007,11087563.6461
2026-08-07T10:43:00+05:30,2502.28,1669.8157,832.4669,11.0503,0.0061,26060149.9550,0.0012,9912145.2897
2026-08-07T10:44:00+05:30,1384.44,140.5237,1243.9122,0.9980,0.0004,1409800.6534,0.0008,13861992.9329
2026-08-07T10:45:00+05:30,1597.89,160.5461,1437.3468,1.1530,0.0005,2542606.1677,0.0007,14857439.4399
2026-08-07T10:46:00+05:30,1388.07,144.0572,1244.0122,0.9979,0.0005,1408002.1334,0.0007,12982716.3358
2026-08-07T10:47:00+05:30,1173.93,141.7193,1032.2097,0.8346,0.0005,1405124.8417,0.0007,10649995.8675
2026-08-07T10:48:00+05:30,1691.49,652.9275,1038.5673,1.1202,0.0005,23004065.5344,0.0007,11730252.0375
2026-08-07T10:49:00+05:30,1380.51,238.4246,1142.0881,1.0243,0.0006,6866375.7729,0.0007,13531566.3261
2026-08-07T10:50:00+05:30,1481.31,143.7121,1337.6009,1.0699,0.0005,1361031.6730,0.0007,14223200.9068
2026-08-07T10:51:00+05:30,1523.72,142.3905,1381.3246,1.1000,0.0004,1367836.2776,0.0007,14216814.3457
2026-08-07T10:52:00+05:30,1216.55,146.3524,1070.2012,0.8650,0.0005,1446891.9631,0.0007,10965767.1256
2026-08-07T10:53:00+05:30,1261.32,145.7327,1115.5897,0.9042,0.0005,1444093.3767,0.0008,12351403.8824
2026-08-07T10:54:00+05:30,2923.18,1807.9052,1115.2769,8.6207,0.0041,46909940.8529,0.0011,12719546.0274
2026-08-07T10:55:00+05:30,1408.45,144.0120,1264.4387,1.0060,0.0004,1368451.1043,0.0007,13312563.2469
2026-08-07T10:56:00+05:30,1405.52,146.5996,1258.9198,1.0101,0.0005,1390725.9941,0.0007,13133125.0875
2026-08-07T10:57:00+05:30,1248.16,146.9382,1101.2200,0.8884,0.0005,1425704.8284,0.0007,11211894.5982
2026-08-07T10:58:00+05:30,1187.69,148.5297,1039.1578,0.8484,0.0004,1476493.6987,0.0007,11653607.5215
2026-08-07T10:59:00+05:30,2972.28,1827.5833,1144.7000,9.6287,0.0039,50636551.6759,0.0023,13081340.1557
2026-08-07T11:00:00+05:30,1483.87,151.2198,1332.6501,1.0554,0.0004,1421072.3677,0.0007,13917377.1016
2026-08-07T11:01:00+05:30,1657.33,412.5823,1244.7463,1.5149,0.0010,3709438.0802,0.0009,12998733.3056
2026-08-07T11:02:00+05:30,1242.20,150.9101,1091.2894,0.8780,0.0004,1445257.5048,0.0007,11222473.3394
2026-08-07T11:03:00+05:30,1162.10,150.0342,1012.0641,0.8283,0.0005,1465070.4169,0.0007,11456774.2193
2026-08-07T11:04:00+05:30,2281.33,1210.7851,1070.5451,13.4248,0.0087,9627409.3682,0.0028,12591564.1940
2026-08-07T11:05:00+05:30,2007.33,722.5870,1284.7454,1.7737,0.0009,25929479.2694,0.0009,13696153.5795
2026-08-07T11:06:00+05:30,1480.74,152.6113,1328.1268,1.0647,0.0004,1430882.4432,0.0007,13703655.9312
2026-08-07T11:07:00+05:30,1269.81,154.2705,1115.5404,0.9023,0.0005,1467791.3542,0.0007,11350997.1669
2026-08-07T11:08:00+05:30,1213.35,154.3706,1058.9745,0.8661,0.0004,1493967.0284,0.0008,11846589.7885
2026-08-07T11:09:00+05:30,1330.87,149.4318,1181.4410,0.9585,0.0005,1480699.8367,0.0007,13516649.8484
2026-08-07T11:10:00+05:30,1933.65,673.7014,1259.9520,1.3004,0.0005,25803318.3417,0.0007,13491284.0687
2026-08-07T11:11:00+05:30,1468.82,157.0886,1311.7271,1.0541,0.0005,1463139.9713,0.0007,13652423.0808
2026-08-07T11:12:00+05:30,1317.90,156.1729,1161.7226,0.9374,0.0004,1477396.9735,0.0007,11723472.3018
2026-08-07T11:13:00+05:30,1326.36,157.1650,1169.1969,0.9496,0.0005,1510795.0538,0.0008,12698241.6425
2026-08-07T11:14:00+05:30,1318.20,216.1392,1102.0616,0.9278,0.0004,1940041.6646,0.0007,12808097.7284
2026-08-07T11:15:00+05:30,3109.10,1975.9765,1133.1211,9.3657,0.0038,47544342.3637,0.0016,12399033.0594
2026-08-07T11:16:00+05:30,1420.13,156.9957,1263.1316,1.0077,0.0004,1458776.3835,0.0007,13255807.8955
2026-08-07T11:17:00+05:30,1366.61,158.2386,1208.3736,0.9741,0.0004,1477749.5250,0.0007,12107974.7992
2026-08-07T11:18:00+05:30,1570.93,557.8682,1013.0651,1.4871,0.0012,4981929.7082,0.0008,11428759.4447
2026-08-07T11:19:00+05:30,1314.51,158.0658,1156.4490,0.9297,0.0003,1510917.6071,0.0008,13254837.0643
2026-08-07T11:20:00+05:30,2831.65,1744.2554,1087.3977,19.3354,0.0089,27384360.0553,0.0037,11819177.8448
2026-08-07T11:21:00+05:30,2226.90,1025.5504,1201.3534,2.0486,0.0009,32113175.2196,0.0010,12764441.0074
2026-08-07T11:22:00+05:30,1405.92,160.4288,1245.4862,1.0012,0.0004,1496214.8609,0.0007,12412963.4063
2026-08-07T11:23:00+05:30,1222.93,162.5152,1060.4142,0.8700,0.0004,1529235.2089,0.0007,11844270.6476
2026-08-07T11:24:00+05:30,1265.59,159.8559,1105.7370,0.9055,0.0004,1527156.5188,0.0008,12786444.5482
2026-08-07T11:25:00+05:30,1356.99,156.5175,1200.4730,0.9708,0.0004,1533936.2404,0.0007,12927731.3701
2026-08-07T11:26:00+05:30,2990.75,1793.3277,1197.4191,14.9718,0.0064,42916319.9120,0.0030,12585268.8441
2026-08-07T11:27:00+05:30,1467.70,169.1336,1298.5632,1.0480,0.0004,1562029.2696,0.0008,12891605.9606
2026-08-07T11:28:00+05:30,1171.24,167.6082,1003.6328,0.8297,0.0005,1563686.5137,0.0007,11354183.8058
2026-08-07T11:29:00+05:30,1240.94,165.8387,1075.1009,0.8847,0.0005,1570704.6311,0.0008,12518112.3596
2026-08-07T11:30:00+05:30,1382.10,162.8663,1219.2386,0.9880,0.0004,1569880.7214,0.0008,13099703.5704
2026-08-07T11:31:00+05:30,3124.01,1946.2545,1177.7519,10.6500,0.0042,48470061.4626,0.0021,12494151.5899
2026-08-07T11:32:00+05:30,1486.71,171.7628,1314.9484,1.0453,0.0004,1577138.1344,0.0008,13012549.8717
2026-08-07T11:33:00+05:30,1224.75,173.2491,1051.4979,0.8679,0.0004,1603014.1874,0.0008,11739526.7326
2026-08-07T11:34:00+05:30,1246.35,168.7275,1077.6230,0.8878,0.0005,1590879.0828,0.0008,12474752.6996
2026-08-07T11:35:00+05:30,1342.04,166.6139,1175.4304,0.9562,0.0005,1586627.4229,0.0008,12726674.2888
2026-08-07T11:36:00+05:30,1586.41,356.2094,1230.2050,1.0851,0.0004,4484440.2807,0.0007,13080653.0531
2026-08-07T11:37:00+05:30,3576.68,2336.7937,1239.8814,17.4150,0.0058,55110767.4876,0.0032,12234013.6635
2026-08-07T11:38:00+05:30,1215.96,173.7391,1042.2181,0.8558,0.0004,1594925.6129,0.0008,11663874.9271
2026-08-07T11:39:00+05:30,1226.97,171.9172,1055.0555,0.8722,0.0004,1604400.3667,0.0007,12246149.0458
2026-08-07T11:40:00+05:30,1589.47,425.5574,1163.9169,1.2868,0.0008,3824935.6554,0.0008,12767328.5893
2026-08-07T11:41:00+05:30,1367.39,171.7253,1195.6598,0.9739,0.0004,1642714.6691,0.0008,12697825.2913
2026-08-07T11:42:00+05:30,2310.27,974.5722,1335.6939,1.7481,0.0006,33059567.1677,0.0009,13213480.0547
2026-08-07T11:43:00+05:30,1430.92,177.3755,1253.5460,1.0216,0.0004,1648749.9167,0.0008,13424784.0523
2026-08-07T11:44:00+05:30,1248.74,176.4676,1072.2739,0.8868,0.0004,1664166.4166,0.0008,12355727.3061
2026-08-07T11:45:00+05:30,1352.64,173.3427,1179.2936,0.9624,0.0005,1641991.3654,0.0007,12754945.7752
2026-08-07T11:46:00+05:30,1383.41,171.6800,1211.7253,0.9861,0.0005,1670535.6619,0.0007,12903137.1817
2026-08-07T11:47:00+05:30,3040.15,1990.3551,1049.7901,13.8072,0.0056,50832170.5757,0.0027,10683155.6503
2026-08-07T11:48:00+05:30,1493.31,181.9637,1311.3494,1.0609,0.0004,1687223.0523,0.0007,13953912.4867
2026-08-07T11:49:00+05:30,1256.12,183.6109,1072.5109,0.8897,0.0005,1705653.8756,0.0007,12275846.5078
2026-08-07T11:50:00+05:30,1362.27,183.2531,1179.0197,0.9665,0.0005,1730969.6000,0.0007,12708386.1333
2026-08-07T11:51:00+05:30,1415.17,177.7519,1237.4135,1.0073,0.0004,1713896.6419,0.0007,12963647.1627
2026-08-07T11:52:00+05:30,1211.84,175.4383,1036.3976,0.8537,0.0005,1723783.6775,0.0007,10908809.2262
2026-08-07T11:53:00+05:30,3177.52,1905.3984,1272.1212,11.0999,0.0043,47196741.8124,0.0023,13518390.6398
2026-08-07T11:54:00+05:30,1338.58,191.6546,1146.9280,0.9448,0.0004,1775349.6975,0.0007,12877189.4882
2026-08-07T11:55:00+05:30,1354.20,191.1875,1163.0129,0.9581,0.0004,1795717.3199,0.0007,12583132.1541
2026-08-07T11:56:00+05:30,1410.96,185.6055,1225.3495,1.0010,0.0004,1803100.0167,0.0008,12764626.6956
2026-08-07T11:57:00+05:30,1208.18,178.3488,1029.8304,0.8513,0.0005,1752230.1103,0.0007,11047786.9546
2026-08-07T11:58:00+05:30,3589.28,2576.8269,1012.4517,16.8422,0.0052,62196303.3122,0.0035,11268830.5913
2026-08-07T11:59:00+05:30,1564.05,190.5000,1373.5500,1.1052,0.0004,1763532.8000,0.0007,14822195.2000
2026-08-07T12:00:00+05:30,1592.97,438.4260,1154.5474,1.2688,0.0008,3929776.2075,0.0008,12636353.1882
2026-08-07T12:01:00+05:30,1362.33,188.6814,1173.6456,0.9648,0.0004,1805916.1513,0.0008,12487716.6147
2026-08-07T12:02:00+05:30,1197.68,182.4135,1015.2636,0.8403,0.0004,1761103.2276,0.0007,10571328.7454
2026-08-07T12:03:00+05:30,1512.10,437.5146,1074.5858,1.0274,0.0005,12193036.3185,0.0008,12095683.1842
2026-08-07T12:04:00+05:30,2237.63,675.5883,1562.0459,1.8042,0.0007,21599480.0433,0.0008,16476152.3206
2026-08-07T12:05:00+05:30,1464.94,194.7524,1270.1829,1.0401,0.0004,1841694.4440,0.0007,13467727.7501
2026-08-07T12:06:00+05:30,1260.38,188.6258,1071.7511,0.8884,0.0005,1825153.9026,0.0007,11693584.4831
2026-08-07T12:07:00+05:30,1201.19,182.4668,1018.7201,0.8431,0.0004,1778438.2730,0.0007,10592041.6069
2026-08-07T12:08:00+05:30,1210.89,177.4734,1033.4117,0.8576,0.0004,1766066.8233,0.0007,11710414.1046
2026-08-07T12:09:00+05:30,3360.03,2026.8329,1333.1944,14.1540,0.0055,51266593.0234,0.0022,14477821.6363
2026-08-07T12:10:00+05:30,1582.32,201.3899,1380.9310,1.1358,0.0004,1919731.2090,0.0007,16044657.7114
2026-08-07T12:11:00+05:30,1411.51,200.7533,1210.7535,1.8441,0.0005,2148183.0031,0.0015,44917006.7501
2026-08-07T12:12:00+05:30,1279.92,191.1613,1088.7540,0.9318,0.0005,1915841.2323,0.0007,16667982.5962
2026-08-07T12:13:00+05:30,1400.43,247.5459,1152.8808,1.0588,0.0005,6684876.8000,0.0008,24503159.4667
2026-08-07T12:14:00+05:30,3131.04,947.1272,2183.9132,12.5887,0.0011,48241861.1967,0.0053,36385417.8261
2026-08-07T12:15:00+05:30,2840.51,814.0271,2026.4842,7.3373,0.0009,37933569.5190,0.0032,36677557.5186
2026-08-07T12:16:00+05:30,1793.63,336.5337,1457.0957,1.7575,0.0005,2856815.4285,0.0010,21923120.8974
2026-08-07T12:17:00+05:30,1568.17,234.3078,1333.8611,1.1271,0.0004,2294276.1046,0.0007,17485296.2216
2026-08-07T12:18:00+05:30,1322.52,187.0886,1135.4297,0.9458,0.0004,1738695.9956,0.0007,13924379.6097
2026-08-07T12:19:00+05:30,2052.05,458.6070,1593.4385,1.4486,0.0005,14664342.3523,0.0008,19975314.8954
2026-08-07T12:20:00+05:30,2008.40,484.1026,1524.2960,1.9868,0.0010,4727156.6739,0.0009,21676924.7792
2026-08-07T12:21:00+05:30,2181.16,649.7092,1531.4515,2.6272,0.0014,5878026.8604,0.0011,17583233.7788
2026-08-07T12:22:00+05:30,1736.24,203.9350,1532.3051,1.2390,0.0004,2164650.0150,0.0007,16911930.1030
2026-08-07T12:23:00+05:30,1370.67,208.2500,1162.4167,0.9722,0.0004,2334134.9644,0.0007,13359017.8830
2026-08-07T12:24:00+05:30,1985.69,502.6492,1483.0384,2.7475,0.0029,16836404.0121,0.0008,17021078.2099
2026-08-07T12:25:00+05:30,4001.08,3238.2921,762.7912,20.3034,0.0056,74633322.3559,0.0032,12985593.8135
2026-08-07T12:26:00+05:30,1343.07,175.5468,1167.5280,0.9678,0.0004,2437469.2830,0.0008,16070703.7661
2026-08-07T12:27:00+05:30,1536.33,148.3234,1388.0075,1.1095,0.0004,1331703.4247,0.0008,14954819.8983
2026-08-07T12:28:00+05:30,1247.21,142.9881,1104.2246,0.8954,0.0004,1307014.7324,0.0007,12477086.0609
2026-08-07T12:29:00+05:30,1196.90,139.0259,1057.8705,0.8683,0.0004,1288051.6026,0.0007,13892619.9643
2026-08-07T12:30:00+05:30,3240.92,2377.4587,863.4600,14.9959,0.0055,75737626.2221,0.0024,12934930.7307
2026-08-07T12:31:00+05:30,1837.31,561.3344,1275.9800,1.4736,0.0008,18531788.2867,0.0009,14193167.1254
2026-08-07T12:32:00+05:30,1531.91,141.8170,1390.0968,1.1017,0.0004,1282145.3824,0.0008,14209512.0041
2026-08-07T12:33:00+05:30,1273.64,139.6465,1133.9947,0.9160,0.0004,1293311.9488,0.0008,12795928.3106
