Timestamp,Metric,Average
2026-07-31T12:02:00+00:00,CPUUtilization,18.253333333333337
2026-07-31T12:07:00+00:00,CPUUtilization,50.35333194552082
2026-07-31T12:12:00+00:00,CPUUtilization,50.459999999999994
2026-07-31T12:17:00+00:00,CPUUtilization,50.096666666666664
2026-07-31T12:22:00+00:00,CPUUtilization,50.275
2026-07-31T12:27:00+00:00,CPUUtilization,50.415
2026-07-31T12:32:00+00:00,CPUUtilization,50.33166819495371
2026-07-31T12:37:00+00:00,CPUUtilization,50.00999999999999
2026-07-31T12:42:00+00:00,CPUUtilization,50.76833333333333
2026-07-31T12:47:00+00:00,CPUUtilization,50.67666666666666
2026-07-31T12:52:00+00:00,CPUUtilization,50.55499999999999
2026-07-31T12:57:00+00:00,CPUUtilization,49.998333333333335
2026-07-31T13:02:00+00:00,CPUUtilization,50.404999999999994
2026-07-31T13:07:00+00:00,CPUUtilization,50.13499999999999
2026-07-31T13:12:00+00:00,CPUUtilization,50.49333333333333
2026-07-31T13:17:00+00:00,CPUUtilization,50.190000000000005
2026-07-31T13:22:00+00:00,CPUUtilization,50.735
2026-07-31T13:27:00+00:00,CPUUtilization,50.47666666666666
2026-07-31T13:32:00+00:00,CPUUtilization,50.56999999999999
2026-07-31T13:37:00+00:00,CPUUtilization,49.989999999999995
2026-07-31T13:42:00+00:00,CPUUtilization,50.68333333333333
2026-07-31T13:47:00+00:00,CPUUtilization,50.57166666666667
2026-07-31T13:52:00+00:00,CPUUtilization,50.80333333333333
2026-07-31T13:57:00+00:00,CPUUtilization,50.480000000000004
2026-07-31T14:02:00+00:00,CPUUtilization,50.958333333333336
2026-07-31T14:07:00+00:00,CPUUtilization,50.55833333333333
2026-07-31T14:12:00+00:00,CPUUtilization,50.74666666666666
2026-07-31T14:17:00+00:00,CPUUtilization,50.015
2026-07-31T14:22:00+00:00,CPUUtilization,50.58666666666666
2026-07-31T14:27:00+00:00,CPUUtilization,50.184999999999995
2026-07-31T14:32:00+00:00,CPUUtilization,50.8
2026-07-31T14:37:00+00:00,CPUUtilization,50.64
2026-07-31T14:42:00+00:00,CPUUtilization,50.35666666666666
2026-07-31T14:47:00+00:00,CPUUtilization,50.2
2026-07-31T14:52:00+00:00,CPUUtilization,50.35833333333333
2026-07-31T14:57:00+00:00,CPUUtilization,50.089999999999996
2026-07-31T15:02:00+00:00,CPUUtilization,50.81333333333333
2026-07-31T15:07:00+00:00,CPUUtilization,50.15333333333333
2026-07-31T15:12:00+00:00,CPUUtilization,50.33666666666666
2026-07-31T15:17:00+00:00,CPUUtilization,50.21333333333333
2026-07-31T15:22:00+00:00,CPUUtilization,50.71333333333333
2026-07-31T15:27:00+00:00,CPUUtilization,50.425
2026-07-31T15:32:00+00:00,CPUUtilization,50.123333333333335
2026-07-31T15:37:00+00:00,CPUUtilization,50.478338195879665
2026-07-31T15:42:00+00:00,CPUUtilization,50.47166666666666
2026-07-31T15:47:00+00:00,CPUUtilization,50.39580243313057
2026-07-31T15:52:00+00:00,CPUUtilization,50.4775102091841
2026-07-31T15:57:00+00:00,CPUUtilization,50.715
2026-07-31T16:02:00+00:00,CPUUtilization,50.688333333333325
2026-07-31T16:07:00+00:00,CPUUtilization,50.76166666666667
2026-07-31T16:12:00+00:00,CPUUtilization,50.07
2026-07-31T16:17:00+00:00,CPUUtilization,50.525
2026-07-31T16:22:00+00:00,CPUUtilization,49.82000000000001
2026-07-31T16:27:00+00:00,CPUUtilization,50.605
2026-07-31T16:32:00+00:00,CPUUtilization,50.41833333333333
2026-07-31T16:37:00+00:00,CPUUtilization,50.47833333333334
2026-07-31T16:42:00+00:00,CPUUtilization,50.10666666666667
2026-07-31T16:47:00+00:00,CPUUtilization,50.721666666666664
2026-07-31T16:52:00+00:00,CPUUtilization,50.075
2026-07-31T16:57:00+00:00,CPUUtilization,50.66833333333333
2026-07-31T17:02:00+00:00,CPUUtilization,50.57666666666667
2026-07-31T17:07:00+00:00,CPUUtilization,50.69
2026-07-31T17:12:00+00:00,CPUUtilization,49.97
2026-07-31T17:17:00+00:00,CPUUtilization,50.67666666666666
2026-07-31T17:22:00+00:00,CPUUtilization,50.47333333333333
2026-07-31T17:27:00+00:00,CPUUtilization,50.37333333333333
2026-07-31T17:32:00+00:00,CPUUtilization,49.961666666666666
2026-07-31T17:37:00+00:00,CPUUtilization,50.25666666666666
2026-07-31T17:42:00+00:00,CPUUtilization,49.84166666666666
2026-07-31T17:47:00+00:00,CPUUtilization,50.38333333333333
2026-07-31T17:52:00+00:00,CPUUtilization,50.48833333333333
2026-07-31T17:57:00+00:00,CPUUtilization,50.46166666666666
2026-07-31T18:02:00+00:00,CPUUtilization,50.348333333333336
2026-07-31T18:07:00+00:00,CPUUtilization,50.01833333333333
2026-07-31T18:12:00+00:00,CPUUtilization,50.175
2026-07-31T18:17:00+00:00,CPUUtilization,50.513333333333335
2026-07-31T18:22:00+00:00,CPUUtilization,50.35333333333333
2026-07-31T18:27:00+00:00,CPUUtilization,50.48
2026-07-31T18:32:00+00:00,CPUUtilization,50.025
2026-07-31T18:37:00+00:00,CPUUtilization,50.75833333333333
2026-07-31T18:42:00+00:00,CPUUtilization,50.42333333333333
2026-07-31T18:47:00+00:00,CPUUtilization,50.75
2026-07-31T18:52:00+00:00,CPUUtilization,50.376666666666665
2026-07-31T18:57:00+00:00,CPUUtilization,50.46166666666666
2026-07-31T19:02:00+00:00,CPUUtilization,50.035000000000004
2026-07-31T19:07:00+00:00,CPUUtilization,50.531666666666666
2026-07-31T19:12:00+00:00,CPUUtilization,50.49500625115745
2026-07-31T19:17:00+00:00,CPUUtilization,50.48833333333333
2026-07-31T19:22:00+00:00,CPUUtilization,50.42333333333333
2026-07-31T19:27:00+00:00,CPUUtilization,50.745
2026-07-31T19:32:00+00:00,CPUUtilization,50.58166666666666
2026-07-31T19:37:00+00:00,CPUUtilization,50.69166666666666
2026-07-31T19:42:00+00:00,CPUUtilization,50.413333333333334
2026-07-31T19:47:00+00:00,CPUUtilization,50.825
2026-07-31T19:52:00+00:00,CPUUtilization,50.873333333333335
2026-07-31T19:57:00+00:00,CPUUtilization,51.02833333333333
2026-07-31T20:02:00+00:00,CPUUtilization,50.655
2026-07-31T20:07:00+00:00,CPUUtilization,50.83666666666667
2026-07-31T20:12:00+00:00,CPUUtilization,50.48833333333333
2026-07-31T20:17:00+00:00,CPUUtilization,50.836666666666666
2026-07-31T20:22:00+00:00,CPUUtilization,50.510000000000005
2026-07-31T20:27:00+00:00,CPUUtilization,50.836666666666666
2026-07-31T20:32:00+00:00,CPUUtilization,50.60166666666666
2026-07-31T20:37:00+00:00,CPUUtilization,50.906666666666666
2026-07-31T20:42:00+00:00,CPUUtilization,50.66166666666667
2026-07-31T20:47:00+00:00,CPUUtilization,50.91
2026-07-31T20:52:00+00:00,CPUUtilization,50.618333333333325
2026-07-31T20:57:00+00:00,CPUUtilization,50.71666666666666
2026-07-31T21:02:00+00:00,CPUUtilization,50.575
2026-07-31T21:07:00+00:00,CPUUtilization,50.725
2026-07-31T21:12:00+00:00,CPUUtilization,50.705
2026-07-31T21:17:00+00:00,CPUUtilization,50.61833333333334
2026-07-31T21:22:00+00:00,CPUUtilization,50.87333333333333
2026-07-31T21:27:00+00:00,CPUUtilization,50.58333333333333
2026-07-31T21:32:00+00:00,CPUUtilization,50.76166666666667
2026-07-31T21:37:00+00:00,CPUUtilization,50.471666666666664
2026-07-31T21:42:00+00:00,CPUUtilization,50.723333333333336
2026-07-31T21:47:00+00:00,CPUUtilization,50.815
2026-07-31T21:52:00+00:00,CPUUtilization,50.785
2026-07-31T21:57:00+00:00,CPUUtilization,50.52333333333333
2026-07-31T22:02:00+00:00,CPUUtilization,50.839999999999996
2026-07-31T22:07:00+00:00,CPUUtilization,50.54166666666667
2026-07-31T22:12:00+00:00,CPUUtilization,50.74666666666667
2026-07-31T22:17:00+00:00,CPUUtilization,50.588333333333324
2026-07-31T22:22:00+00:00,CPUUtilization,50.82666666666667
2026-07-31T22:27:00+00:00,CPUUtilization,50.49833861258105
2026-07-31T22:32:00+00:00,CPUUtilization,50.58666666666666
2026-07-31T22:37:00+00:00,CPUUtilization,50.684999999999995
2026-07-31T22:42:00+00:00,CPUUtilization,50.515
2026-07-31T22:47:00+00:00,CPUUtilization,50.33833333333333
2026-07-31T22:52:00+00:00,CPUUtilization,50.718333333333334
2026-07-31T22:57:00+00:00,CPUUtilization,50.306666666666665
2026-07-31T23:02:00+00:00,CPUUtilization,50.79
2026-07-31T23:07:00+00:00,CPUUtilization,50.626666666666665
2026-07-31T23:12:00+00:00,CPUUtilization,50.431666666666665
2026-07-31T23:17:00+00:00,CPUUtilization,50.515
2026-07-31T23:22:00+00:00,CPUUtilization,50.644999999999996
2026-07-31T23:27:00+00:00,CPUUtilization,50.438333333333325
2026-07-31T23:32:00+00:00,CPUUtilization,50.70333333333333
2026-07-31T23:37:00+00:00,CPUUtilization,50.376666666666665
2026-07-31T23:42:00+00:00,CPUUtilization,50.571666666666665
2026-07-31T23:47:00+00:00,CPUUtilization,50.315
2026-07-31T23:52:00+00:00,CPUUtilization,50.61333333333333
2026-07-31T23:57:00+00:00,CPUUtilization,50.44833333333333
2026-08-01T00:02:00+00:00,CPUUtilization,50.69833333333334
2026-08-01T00:07:00+00:00,CPUUtilization,50.25
2026-08-01T00:12:00+00:00,CPUUtilization,50.55833333333333
2026-08-01T00:17:00+00:00,CPUUtilization,50.69833333333334
2026-08-01T00:22:00+00:00,CPUUtilization,50.77833333333333
2026-08-01T00:27:00+00:00,CPUUtilization,51.23
2026-08-01T00:32:00+00:00,CPUUtilization,50.629999999999995
2026-08-01T00:37:00+00:00,CPUUtilization,50.58833333333333
2026-08-01T00:42:00+00:00,CPUUtilization,50.69166666666666
2026-08-01T00:47:00+00:00,CPUUtilization,50.495
2026-08-01T00:52:00+00:00,CPUUtilization,50.864999999999995
2026-08-01T00:57:00+00:00,CPUUtilization,50.525
2026-08-01T01:02:00+00:00,CPUUtilization,50.693333333333335
2026-08-01T01:07:00+00:00,CPUUtilization,50.49833333333332
2026-08-01T01:12:00+00:00,CPUUtilization,50.76
2026-08-01T01:17:00+00:00,CPUUtilization,50.67166666666667
2026-08-01T01:22:00+00:00,CPUUtilization,50.85
2026-08-01T01:27:00+00:00,CPUUtilization,50.54166666666667
2026-08-01T01:32:00+00:00,CPUUtilization,50.541651252499896
2026-08-01T01:37:00+00:00,CPUUtilization,50.49166666666667
2026-08-01T01:42:00+00:00,CPUUtilization,50.62750284698497
2026-08-01T01:47:00+00:00,CPUUtilization,50.40584201461233
2026-08-01T01:52:00+00:00,CPUUtilization,50.861666666666665
2026-08-01T01:57:00+00:00,CPUUtilization,50.324999999999996
2026-08-01T02:02:00+00:00,CPUUtilization,50.623333333333335
2026-08-01T02:07:00+00:00,CPUUtilization,50.62
2026-08-01T02:12:00+00:00,CPUUtilization,50.725
2026-08-01T02:17:00+00:00,CPUUtilization,50.24666666666666
2026-08-01T02:22:00+00:00,CPUUtilization,50.85333333333333
2026-08-01T02:27:00+00:00,CPUUtilization,50.14
2026-08-01T02:32:00+00:00,CPUUtilization,50.60166666666667
2026-08-01T02:37:00+00:00,CPUUtilization,50.425
2026-08-01T02:42:00+00:00,CPUUtilization,50.80333333333333
2026-08-01T02:47:00+00:00,CPUUtilization,50.40333333333333
2026-08-01T02:52:00+00:00,CPUUtilization,50.96833333333334
2026-08-01T02:57:00+00:00,CPUUtilization,50.25
2026-08-01T03:02:00+00:00,CPUUtilization,50.75333333333333
2026-08-01T03:07:00+00:00,CPUUtilization,50.48833333333333
2026-08-01T03:12:00+00:00,CPUUtilization,50.43833333333333
2026-08-01T03:17:00+00:00,CPUUtilization,50.20166666666667
2026-08-01T03:22:00+00:00,CPUUtilization,50.72666666666667
2026-08-01T03:27:00+00:00,CPUUtilization,50.765
2026-08-01T03:32:00+00:00,CPUUtilization,50.373333333333335
2026-08-01T03:37:00+00:00,CPUUtilization,50.67999999999999
2026-08-01T03:42:00+00:00,CPUUtilization,50.62833194556712
2026-08-01T03:47:00+00:00,CPUUtilization,50.74833333333333
2026-08-01T03:52:00+00:00,CPUUtilization,50.464999999999996
2026-08-01T03:57:00+00:00,CPUUtilization,50.654142988084324
2026-08-01T04:02:00+00:00,CPUUtilization,50.482507847876214
2026-08-01T04:07:00+00:00,CPUUtilization,50.79833111255785
2026-08-01T04:12:00+00:00,CPUUtilization,50.505
2026-08-01T04:17:00+00:00,CPUUtilization,50.65666666666666
2026-08-01T04:22:00+00:00,CPUUtilization,50.48333014076387
2026-08-01T04:27:00+00:00,CPUUtilization,50.60833333333333
2026-08-01T04:32:00+00:00,CPUUtilization,50.56333333333333
2026-08-01T04:37:00+00:00,CPUUtilization,50.64333333333333
2026-08-01T04:42:00+00:00,CPUUtilization,50.42666666666666
2026-08-01T04:47:00+00:00,CPUUtilization,50.62833333333333
2026-08-01T04:52:00+00:00,CPUUtilization,50.285
2026-08-01T04:57:00+00:00,CPUUtilization,50.306666666666665
2026-08-01T05:02:00+00:00,CPUUtilization,50.33
2026-08-01T05:07:00+00:00,CPUUtilization,50.730000000000004
2026-08-01T05:12:00+00:00,CPUUtilization,50.02166666666666
2026-08-01T05:17:00+00:00,CPUUtilization,50.603333333333325
2026-08-01T05:22:00+00:00,CPUUtilization,50.31333333333333
2026-08-01T05:27:00+00:00,CPUUtilization,50.361666666666665
2026-08-01T05:32:00+00:00,CPUUtilization,49.45166666666667
2026-08-01T05:37:00+00:00,CPUUtilization,50.78666666666667
2026-08-01T05:42:00+00:00,CPUUtilization,50.22333333333333
2026-08-01T05:47:00+00:00,CPUUtilization,50.69166666666666
2026-08-01T05:52:00+00:00,CPUUtilization,50.245
2026-08-01T05:57:00+00:00,CPUUtilization,50.30499999999999
2026-08-01T06:02:00+00:00,CPUUtilization,50.175
2026-08-01T06:07:00+00:00,CPUUtilization,50.46166666666666
2026-08-01T06:12:00+00:00,CPUUtilization,50.41833333333334
2026-08-01T06:17:00+00:00,CPUUtilization,88.045
2026-08-01T06:22:00+00:00,CPUUtilization,79.41333333333333
2026-08-01T06:27:00+00:00,CPUUtilization,50.85000000000001
2026-08-01T06:32:00+00:00,CPUUtilization,50.705
2026-08-01T06:37:00+00:00,CPUUtilization,50.66166666666667
2026-08-01T06:42:00+00:00,CPUUtilization,50.72
2026-08-01T06:47:00+00:00,CPUUtilization,50.87833333333333
2026-08-01T06:52:00+00:00,CPUUtilization,50.519999999999996
2026-08-01T06:57:00+00:00,CPUUtilization,50.735
2026-08-01T07:02:00+00:00,CPUUtilization,50.17333333333333
2026-08-01T07:07:00+00:00,CPUUtilization,50.60666666666667
2026-08-01T07:12:00+00:00,CPUUtilization,50.38
2026-08-01T07:17:00+00:00,CPUUtilization,50.66166666666667
2026-08-01T07:22:00+00:00,CPUUtilization,50.36666666666666
2026-08-01T07:27:00+00:00,CPUUtilization,50.53333333333333
2026-08-01T07:32:00+00:00,CPUUtilization,50.39666666666667
2026-08-01T07:37:00+00:00,CPUUtilization,50.68333333333333
2026-08-01T07:42:00+00:00,CPUUtilization,50.29
2026-08-01T07:47:00+00:00,CPUUtilization,50.63
2026-08-01T07:52:00+00:00,CPUUtilization,50.37
2026-08-01T07:57:00+00:00,CPUUtilization,50.413333333333334
2026-08-01T08:02:00+00:00,CPUUtilization,50.54
2026-08-01T08:07:00+00:00,CPUUtilization,50.75833333333334
2026-08-01T08:12:00+00:00,CPUUtilization,50.773333333333326
2026-08-01T08:17:00+00:00,CPUUtilization,50.881666666666675
2026-08-01T08:22:00+00:00,CPUUtilization,50.753333333333345
2026-08-01T08:27:00+00:00,CPUUtilization,50.843333333333334
2026-08-01T08:32:00+00:00,CPUUtilization,50.74166666666666
2026-08-01T08:37:00+00:00,CPUUtilization,48.254999999999995
2026-08-01T08:42:00+00:00,CPUUtilization,50.883333333333326
2026-08-01T08:47:00+00:00,CPUUtilization,50.74666666666666
2026-08-01T08:52:00+00:00,CPUUtilization,50.32666666666666
2026-08-01T08:57:00+00:00,CPUUtilization,50.858333333333334
2026-08-01T09:02:00+00:00,CPUUtilization,50.14666666666667
2026-08-01T09:07:00+00:00,CPUUtilization,50.28499999999999
2026-08-01T09:12:00+00:00,CPUUtilization,50.175
2026-08-01T09:17:00+00:00,CPUUtilization,50.324999999999996
2026-08-01T09:22:00+00:00,CPUUtilization,50.12
2026-08-01T09:27:00+00:00,CPUUtilization,50.26833333333333
2026-08-01T09:32:00+00:00,CPUUtilization,50.59333333333333
2026-08-01T09:37:00+00:00,CPUUtilization,49.99999999999999
2026-08-01T09:42:00+00:00,CPUUtilization,49.59166666666666
2026-08-01T09:47:00+00:00,CPUUtilization,49.985
2026-08-01T09:52:00+00:00,CPUUtilization,50.3
2026-08-01T09:57:00+00:00,CPUUtilization,50.35666666666666
2026-08-01T10:02:00+00:00,CPUUtilization,50.47333333333333
2026-08-01T10:07:00+00:00,CPUUtilization,50.76166666666666
2026-08-01T10:12:00+00:00,CPUUtilization,50.48833333333333
2026-08-01T10:17:00+00:00,CPUUtilization,50.54833333333333
2026-08-01T10:22:00+00:00,CPUUtilization,50.50333333333333
2026-08-01T10:27:00+00:00,CPUUtilization,50.29
2026-08-01T10:32:00+00:00,CPUUtilization,50.12166666666666
2026-08-01T10:37:00+00:00,CPUUtilization,50.65666666666666
2026-08-01T10:42:00+00:00,CPUUtilization,50.35166666666666
2026-08-01T10:47:00+00:00,CPUUtilization,50.13833333333333
2026-08-01T10:52:00+00:00,CPUUtilization,50.58166666666666
2026-08-01T10:57:00+00:00,CPUUtilization,49.90833333333333
2026-08-01T11:02:00+00:00,CPUUtilization,49.815
2026-08-01T11:07:00+00:00,CPUUtilization,50.37
2026-08-01T11:12:00+00:00,CPUUtilization,50.303333333333335
2026-08-01T11:17:00+00:00,CPUUtilization,50.27499999999999
2026-08-01T11:22:00+00:00,CPUUtilization,49.90833333333333
2026-08-01T11:27:00+00:00,CPUUtilization,50.67
2026-08-01T11:32:00+00:00,CPUUtilization,50.13166666666666
2026-08-01T11:37:00+00:00,CPUUtilization,50.04166666666666
2026-08-01T11:42:00+00:00,CPUUtilization,50.46833333333333
2026-08-01T11:47:00+00:00,CPUUtilization,50.519999999999996
2026-08-01T11:52:00+00:00,CPUUtilization,50.59166666666666
2026-08-01T11:57:00+00:00,CPUUtilization,50.40333333333333
2026-08-01T12:02:00+00:00,CPUUtilization,49.995
2026-08-01T12:07:00+00:00,CPUUtilization,49.026666666666664
2026-08-01T12:12:00+00:00,CPUUtilization,48.42666666666666
2026-08-01T12:17:00+00:00,CPUUtilization,50.76166666666667
2026-08-01T12:22:00+00:00,CPUUtilization,50.43666666666667
2026-08-01T12:27:00+00:00,CPUUtilization,50.809999999999995
2026-08-01T12:32:00+00:00,CPUUtilization,50.84666666666667
2026-08-01T12:37:00+00:00,CPUUtilization,51.18833333333333
2026-08-01T12:42:00+00:00,CPUUtilization,51.325
2026-08-01T12:47:00+00:00,CPUUtilization,50.93333333333334
2026-08-01T12:52:00+00:00,CPUUtilization,51.19166666666666
2026-08-01T12:57:00+00:00,CPUUtilization,50.934999999999995
2026-08-01T13:02:00+00:00,CPUUtilization,51.20833333333333
2026-08-01T13:07:00+00:00,CPUUtilization,50.69833333333334
2026-08-01T13:12:00+00:00,CPUUtilization,50.83833333333333
2026-08-01T13:17:00+00:00,CPUUtilization,50.65833333333333
2026-08-01T13:22:00+00:00,CPUUtilization,50.83166666666666
2026-08-01T13:27:00+00:00,CPUUtilization,50.60166666666667
2026-08-01T13:32:00+00:00,CPUUtilization,50.754999999999995
2026-08-01T13:37:00+00:00,CPUUtilization,50.71333333333333
2026-08-01T13:42:00+00:00,CPUUtilization,50.86333333333334
2026-08-01T13:47:00+00:00,CPUUtilization,50.48
2026-08-01T13:52:00+00:00,CPUUtilization,50.815
2026-08-01T13:57:00+00:00,CPUUtilization,50.62833333333333
2026-08-01T14:02:00+00:00,CPUUtilization,50.891666666666666
2026-08-01T14:07:00+00:00,CPUUtilization,50.64
2026-08-01T14:12:00+00:00,CPUUtilization,50.873333333333335
2026-08-01T14:17:00+00:00,CPUUtilization,50.61333333333333
2026-08-01T14:22:00+00:00,CPUUtilization,50.915000000000006
2026-08-01T14:27:00+00:00,CPUUtilization,50.663333333333334
2026-08-01T14:32:00+00:00,CPUUtilization,50.876666666666665
2026-08-01T14:37:00+00:00,CPUUtilization,50.709999999999994
2026-08-01T14:42:00+00:00,CPUUtilization,51.023333333333326
2026-08-01T14:47:00+00:00,CPUUtilization,50.658333333333324
2026-08-01T14:52:00+00:00,CPUUtilization,50.83833333333333
2026-08-01T14:57:00+00:00,CPUUtilization,50.70833333333333
2026-08-01T15:02:00+00:00,CPUUtilization,50.95
2026-08-01T15:07:00+00:00,CPUUtilization,50.519999999999996
2026-08-01T15:12:00+00:00,CPUUtilization,50.68
2026-08-01T15:17:00+00:00,CPUUtilization,50.59333333333333
2026-08-01T15:22:00+00:00,CPUUtilization,50.791666666666664
2026-08-01T15:27:00+00:00,CPUUtilization,50.529999999999994
2026-08-01T15:32:00+00:00,CPUUtilization,50.735
2026-08-01T15:37:00+00:00,CPUUtilization,50.54833333333333
2026-08-01T15:42:00+00:00,CPUUtilization,50.75833333333334
2026-08-01T15:47:00+00:00,CPUUtilization,50.58
2026-08-01T15:52:00+00:00,CPUUtilization,50.741666666666674
2026-08-01T15:57:00+00:00,CPUUtilization,50.464999999999996
2026-08-01T16:02:00+00:00,CPUUtilization,50.85666666666667
2026-08-01T16:07:00+00:00,CPUUtilization,50.59333333333333
2026-08-01T16:12:00+00:00,CPUUtilization,50.885
2026-08-01T16:17:00+00:00,CPUUtilization,50.41
2026-08-01T16:22:00+00:00,CPUUtilization,50.84833333333333
2026-08-01T16:27:00+00:00,CPUUtilization,50.53666666666666
2026-08-01T16:32:00+00:00,CPUUtilization,50.773333333333326
2026-08-01T16:37:00+00:00,CPUUtilization,50.545
2026-08-01T16:42:00+00:00,CPUUtilization,50.755
2026-08-01T16:47:00+00:00,CPUUtilization,50.48833333333333
2026-08-01T16:52:00+00:00,CPUUtilization,50.83
2026-08-01T16:57:00+00:00,CPUUtilization,50.73
2026-08-01T17:02:00+00:00,CPUUtilization,50.89333333333333
2026-08-01T17:07:00+00:00,CPUUtilization,50.575
2026-08-01T17:12:00+00:00,CPUUtilization,50.82666666666667
2026-08-01T17:17:00+00:00,CPUUtilization,50.401666666666664
2026-08-01T17:22:00+00:00,CPUUtilization,50.93666666666665
2026-08-01T17:27:00+00:00,CPUUtilization,50.45
2026-08-01T17:32:00+00:00,CPUUtilization,50.791666666666664
2026-08-01T17:37:00+00:00,CPUUtilization,50.596666666666664
2026-08-01T17:42:00+00:00,CPUUtilization,50.754999999999995
2026-08-01T17:47:00+00:00,CPUUtilization,50.60666666666666
2026-08-01T17:52:00+00:00,CPUUtilization,50.86333333333333
2026-08-01T17:57:00+00:00,CPUUtilization,50.63
2026-08-01T18:02:00+00:00,CPUUtilization,50.91833333333333
2026-08-01T18:07:00+00:00,CPUUtilization,50.76
2026-08-01T18:12:00+00:00,CPUUtilization,50.58833333333333
2026-08-01T18:17:00+00:00,CPUUtilization,50.711666666666666
2026-08-01T18:22:00+00:00,CPUUtilization,50.66833333333334
2026-08-01T18:27:00+00:00,CPUUtilization,50.76333333333333
2026-08-01T18:32:00+00:00,CPUUtilization,50.565
2026-08-01T18:37:00+00:00,CPUUtilization,50.95666666666666
2026-08-01T18:42:00+00:00,CPUUtilization,50.68666666666667
2026-08-01T18:47:00+00:00,CPUUtilization,50.760000000000005
2026-08-01T18:52:00+00:00,CPUUtilization,50.65333333333333
2026-08-01T18:57:00+00:00,CPUUtilization,50.76333333333333
2026-08-01T19:02:00+00:00,CPUUtilization,50.59333333333333
2026-08-01T19:07:00+00:00,CPUUtilization,50.666666666666664
2026-08-01T19:12:00+00:00,CPUUtilization,50.42166666666666
2026-08-01T19:17:00+00:00,CPUUtilization,50.82166666666667
2026-08-01T19:22:00+00:00,CPUUtilization,50.58333333333333
2026-08-01T19:27:00+00:00,CPUUtilization,50.885000000000005
2026-08-01T19:32:00+00:00,CPUUtilization,50.541666666666664
2026-08-01T19:37:00+00:00,CPUUtilization,50.88833333333333
2026-08-01T19:42:00+00:00,CPUUtilization,50.50833333333334
2026-08-01T19:47:00+00:00,CPUUtilization,50.81166666666667
2026-08-01T19:52:00+00:00,CPUUtilization,50.598333333333336
2026-08-01T19:57:00+00:00,CPUUtilization,50.98
2026-08-01T20:02:00+00:00,CPUUtilization,50.644999999999996
2026-08-01T20:07:00+00:00,CPUUtilization,50.826666666666654
2026-08-01T20:12:00+00:00,CPUUtilization,50.60666666666667
2026-08-01T20:17:00+00:00,CPUUtilization,50.913333333333334
2026-08-01T20:22:00+00:00,CPUUtilization,50.754999999999995
2026-08-01T20:27:00+00:00,CPUUtilization,50.68666666666667
2026-08-01T20:32:00+00:00,CPUUtilization,50.608333333333334
2026-08-01T20:37:00+00:00,CPUUtilization,50.980000000000004
2026-08-01T20:42:00+00:00,CPUUtilization,50.64
2026-08-01T20:47:00+00:00,CPUUtilization,50.776666666666664
2026-08-01T20:52:00+00:00,CPUUtilization,50.6
2026-08-01T20:57:00+00:00,CPUUtilization,50.87333333333333
2026-08-01T21:02:00+00:00,CPUUtilization,50.70333333333333
2026-08-01T21:07:00+00:00,CPUUtilization,50.92833333333333
2026-08-01T21:12:00+00:00,CPUUtilization,50.51166666666667
2026-08-01T21:17:00+00:00,CPUUtilization,50.93666666666666
2026-08-01T21:22:00+00:00,CPUUtilization,50.60166666666667
2026-08-01T21:27:00+00:00,CPUUtilization,50.68166666666666
2026-08-01T21:32:00+00:00,CPUUtilization,50.565
2026-08-01T21:37:00+00:00,CPUUtilization,50.855000000000004
2026-08-01T21:42:00+00:00,CPUUtilization,50.49833333333333
2026-08-01T21:47:00+00:00,CPUUtilization,50.65833333333333
2026-08-01T21:52:00+00:00,CPUUtilization,50.46666666666666
2026-08-01T21:57:00+00:00,CPUUtilization,50.861666666666665
2026-08-01T22:02:00+00:00,CPUUtilization,50.63166666666667
2026-08-01T22:07:00+00:00,CPUUtilization,50.69833333333333
2026-08-01T22:12:00+00:00,CPUUtilization,50.445
2026-08-01T22:17:00+00:00,CPUUtilization,50.68666666666666
2026-08-01T22:22:00+00:00,CPUUtilization,50.58666666666666
2026-08-01T22:27:00+00:00,CPUUtilization,50.714999999999996
2026-08-01T22:32:00+00:00,CPUUtilization,50.565
2026-08-01T22:37:00+00:00,CPUUtilization,50.95666666666666
2026-08-01T22:42:00+00:00,CPUUtilization,50.65833333333334
2026-08-01T22:47:00+00:00,CPUUtilization,50.608333333333334
2026-08-01T22:52:00+00:00,CPUUtilization,50.52
2026-08-01T22:57:00+00:00,CPUUtilization,50.74166666666667
2026-08-01T23:02:00+00:00,CPUUtilization,50.575
2026-08-01T23:07:00+00:00,CPUUtilization,50.80166666666666
2026-08-01T23:12:00+00:00,CPUUtilization,50.644999999999996
2026-08-01T23:17:00+00:00,CPUUtilization,50.82666666666667
2026-08-01T23:22:00+00:00,CPUUtilization,50.68166666666667
2026-08-01T23:27:00+00:00,CPUUtilization,50.80833333333333
2026-08-01T23:32:00+00:00,CPUUtilization,50.85666666666667
2026-08-01T23:37:00+00:00,CPUUtilization,50.625
2026-08-01T23:42:00+00:00,CPUUtilization,50.745
2026-08-01T23:47:00+00:00,CPUUtilization,50.413333333333334
2026-08-01T23:52:00+00:00,CPUUtilization,50.82
2026-08-01T23:57:00+00:00,CPUUtilization,50.72
2026-08-02T00:02:00+00:00,CPUUtilization,50.73
2026-08-02T00:07:00+00:00,CPUUtilization,50.525
2026-08-02T00:12:00+00:00,CPUUtilization,50.79666666666667
2026-08-02T00:17:00+00:00,CPUUtilization,50.25666666666667
2026-08-02T00:22:00+00:00,CPUUtilization,50.98166666666667
2026-08-02T00:27:00+00:00,CPUUtilization,50.62666666666666
2026-08-02T00:32:00+00:00,CPUUtilization,50.87833333333332
2026-08-02T00:37:00+00:00,CPUUtilization,50.65833333333334
2026-08-02T00:42:00+00:00,CPUUtilization,50.82666666666667
2026-08-02T00:47:00+00:00,CPUUtilization,50.62166666666666
2026-08-02T00:52:00+00:00,CPUUtilization,50.69833333333334
2026-08-02T00:57:00+00:00,CPUUtilization,50.40999999999999
2026-08-02T01:02:00+00:00,CPUUtilization,50.71999999999999
2026-08-02T01:07:00+00:00,CPUUtilization,50.39333333333333
2026-08-02T01:12:00+00:00,CPUUtilization,50.495
2026-08-02T01:17:00+00:00,CPUUtilization,50.473333333333336
2026-08-02T01:22:00+00:00,CPUUtilization,50.75666666666666
2026-08-02T01:27:00+00:00,CPUUtilization,50.519999999999996
2026-08-02T01:32:00+00:00,CPUUtilization,50.858333333333334
2026-08-02T01:37:00+00:00,CPUUtilization,50.711666666666666
2026-08-02T01:42:00+00:00,CPUUtilization,50.751666666666665
2026-08-02T01:47:00+00:00,CPUUtilization,50.61
2026-08-02T01:52:00+00:00,CPUUtilization,50.894999999999996
2026-08-02T01:57:00+00:00,CPUUtilization,50.516666666666666
2026-08-02T02:02:00+00:00,CPUUtilization,50.87499999999999
2026-08-02T02:07:00+00:00,CPUUtilization,50.614999999999995
2026-08-02T02:12:00+00:00,CPUUtilization,50.755
2026-08-02T02:17:00+00:00,CPUUtilization,50.620000000000005
2026-08-02T02:22:00+00:00,CPUUtilization,50.82333333333333
2026-08-02T02:27:00+00:00,CPUUtilization,50.43166666666666
2026-08-02T02:32:00+00:00,CPUUtilization,50.748333333333335
2026-08-02T02:37:00+00:00,CPUUtilization,50.535
2026-08-02T02:42:00+00:00,CPUUtilization,50.84999999999999
2026-08-02T02:47:00+00:00,CPUUtilization,50.51833333333333
2026-08-02T02:52:00+00:00,CPUUtilization,50.95166666666666
2026-08-02T02:57:00+00:00,CPUUtilization,50.42166666666666
2026-08-02T03:02:00+00:00,CPUUtilization,50.788333333333334
2026-08-02T03:07:00+00:00,CPUUtilization,50.571666666666665
2026-08-02T03:12:00+00:00,CPUUtilization,50.764154376024216
2026-08-02T03:17:00+00:00,CPUUtilization,50.54917576464705
2026-08-02T03:22:00+00:00,CPUUtilization,50.91166666666667
2026-08-02T03:27:00+00:00,CPUUtilization,50.475
2026-08-02T03:32:00+00:00,CPUUtilization,50.625
2026-08-02T03:37:00+00:00,CPUUtilization,50.52499999999999
2026-08-02T03:42:00+00:00,CPUUtilization,50.618333333333325
2026-08-02T03:47:00+00:00,CPUUtilization,50.60666666666667
2026-08-02T03:52:00+00:00,CPUUtilization,50.78333333333333
2026-08-02T03:57:00+00:00,CPUUtilization,50.38
2026-08-02T04:02:00+00:00,CPUUtilization,50.47833333333333
2026-08-02T04:07:00+00:00,CPUUtilization,50.57833333333333
2026-08-02T04:12:00+00:00,CPUUtilization,50.730000000000004
2026-08-02T04:17:00+00:00,CPUUtilization,50.51166666666667
2026-08-02T04:22:00+00:00,CPUUtilization,50.58833333333333
2026-08-02T04:27:00+00:00,CPUUtilization,50.43333333333334
2026-08-02T04:32:00+00:00,CPUUtilization,50.745
2026-08-02T04:37:00+00:00,CPUUtilization,50.44333333333333
2026-08-02T04:42:00+00:00,CPUUtilization,50.575
2026-08-02T04:47:00+00:00,CPUUtilization,50.52333333333333
2026-08-02T04:52:00+00:00,CPUUtilization,50.88166666666667
2026-08-02T04:57:00+00:00,CPUUtilization,50.48833333333333
2026-08-02T05:02:00+00:00,CPUUtilization,50.85000000000001
2026-08-02T05:07:00+00:00,CPUUtilization,50.60833333333333
2026-08-02T05:12:00+00:00,CPUUtilization,50.53418173485543
2026-08-02T05:17:00+00:00,CPUUtilization,50.60250743117482
2026-08-02T05:22:00+00:00,CPUUtilization,50.79666666666667
2026-08-02T05:27:00+00:00,CPUUtilization,51.75833333333334
2026-08-02T05:32:00+00:00,CPUUtilization,50.611666666666665
2026-08-02T05:37:00+00:00,CPUUtilization,50.40666666666667
2026-08-02T05:42:00+00:00,CPUUtilization,50.71
2026-08-02T05:47:00+00:00,CPUUtilization,50.33333333333333
2026-08-02T05:52:00+00:00,CPUUtilization,50.67999999999999
2026-08-02T05:57:00+00:00,CPUUtilization,50.92
2026-08-02T06:02:00+00:00,CPUUtilization,50.714999999999996
2026-08-02T06:07:00+00:00,CPUUtilization,50.915
2026-08-02T06:12:00+00:00,CPUUtilization,51.00833333333333
2026-08-02T06:17:00+00:00,CPUUtilization,50.910000000000004
2026-08-02T06:22:00+00:00,CPUUtilization,50.651666666666664
2026-08-02T06:27:00+00:00,CPUUtilization,50.855
2026-08-02T06:32:00+00:00,CPUUtilization,50.59166666666667
2026-08-02T06:37:00+00:00,CPUUtilization,50.93666666666666
2026-08-02T06:42:00+00:00,CPUUtilization,50.516666666666666
2026-08-02T06:47:00+00:00,CPUUtilization,50.66833333333334
2026-08-02T06:52:00+00:00,CPUUtilization,50.614999999999995
2026-08-02T06:57:00+00:00,CPUUtilization,50.879999999999995
2026-08-02T07:02:00+00:00,CPUUtilization,50.53333333333334
2026-08-02T07:07:00+00:00,CPUUtilization,50.88666666666667
2026-08-02T07:12:00+00:00,CPUUtilization,50.565
2026-08-02T07:17:00+00:00,CPUUtilization,50.913333333333334
2026-08-02T07:22:00+00:00,CPUUtilization,50.36833333333333
2026-08-02T07:27:00+00:00,CPUUtilization,50.76
2026-08-02T07:32:00+00:00,CPUUtilization,50.50666666666667
2026-08-02T07:37:00+00:00,CPUUtilization,50.45
2026-08-02T07:42:00+00:00,CPUUtilization,50.394999999999996
2026-08-02T07:47:00+00:00,CPUUtilization,50.766666666666666
2026-08-02T07:52:00+00:00,CPUUtilization,50.31
2026-08-02T07:57:00+00:00,CPUUtilization,50.266666666666666
2026-08-02T08:02:00+00:00,CPUUtilization,50.07666666666667
2026-08-02T08:07:00+00:00,CPUUtilization,50.458333333333336
2026-08-02T08:12:00+00:00,CPUUtilization,50.45666666666666
2026-08-02T08:17:00+00:00,CPUUtilization,50.23833333333333
2026-08-02T08:22:00+00:00,CPUUtilization,50.309999999999995
2026-08-02T08:27:00+00:00,CPUUtilization,50.26166666666666
2026-08-02T08:32:00+00:00,CPUUtilization,50.08166666666666
2026-08-02T08:37:00+00:00,CPUUtilization,50.118333333333325
2026-08-02T08:42:00+00:00,CPUUtilization,50.66166666666667
2026-08-02T08:47:00+00:00,CPUUtilization,50.445
2026-08-02T08:52:00+00:00,CPUUtilization,50.25333333333334
2026-08-02T08:57:00+00:00,CPUUtilization,50.78833333333334
2026-08-02T09:02:00+00:00,CPUUtilization,50.778333333333336
2026-08-02T09:07:00+00:00,CPUUtilization,50.87166666666666
2026-08-02T09:12:00+00:00,CPUUtilization,50.625
2026-08-02T09:17:00+00:00,CPUUtilization,50.67166666666667
2026-08-02T09:22:00+00:00,CPUUtilization,50.571666666666665
2026-08-02T09:27:00+00:00,CPUUtilization,50.56833333333333
2026-08-02T09:32:00+00:00,CPUUtilization,50.47833333333334
2026-08-02T09:37:00+00:00,CPUUtilization,50.45
2026-08-02T09:42:00+00:00,CPUUtilization,50.53
2026-08-02T09:47:00+00:00,CPUUtilization,50.611666666666665
2026-08-02T09:52:00+00:00,CPUUtilization,50.269999999999996
2026-08-02T09:57:00+00:00,CPUUtilization,50.72
2026-08-02T10:02:00+00:00,CPUUtilization,50.14666666666667
2026-08-02T10:07:00+00:00,CPUUtilization,50.46
2026-08-02T10:12:00+00:00,CPUUtilization,49.87333333333333
2026-08-02T10:17:00+00:00,CPUUtilization,50.833333333333336
2026-08-02T10:22:00+00:00,CPUUtilization,50.20333333333333
2026-08-02T10:27:00+00:00,CPUUtilization,50.42833333333333
2026-08-02T10:32:00+00:00,CPUUtilization,49.834999999999994
2026-08-02T10:37:00+00:00,CPUUtilization,49.873333333333335
2026-08-02T10:42:00+00:00,CPUUtilization,50.66
2026-08-02T10:47:00+00:00,CPUUtilization,49.72
2026-08-02T10:52:00+00:00,CPUUtilization,50.30166666666666
2026-08-02T10:57:00+00:00,CPUUtilization,50.68333333333333
2026-08-02T11:02:00+00:00,CPUUtilization,50.21333333333333
2026-08-02T11:07:00+00:00,CPUUtilization,50.57666666666667
2026-08-02T11:12:00+00:00,CPUUtilization,50.455
2026-08-02T11:17:00+00:00,CPUUtilization,50.515
2026-08-02T11:22:00+00:00,CPUUtilization,50.29833333333333
2026-08-02T11:27:00+00:00,CPUUtilization,50.46666666666666
2026-08-02T11:32:00+00:00,CPUUtilization,50.144999999999996
2026-08-02T11:37:00+00:00,CPUUtilization,50.495
2026-08-02T11:42:00+00:00,CPUUtilization,50.25666666666667
2026-08-02T11:47:00+00:00,CPUUtilization,50.005
2026-08-02T11:52:00+00:00,CPUUtilization,49.87166666666666
2026-08-02T11:57:00+00:00,CPUUtilization,50.11999999999999
2026-08-02T12:02:00+00:00,CPUUtilization,49.675
2026-08-02T12:07:00+00:00,CPUUtilization,50.071608051747276
2026-08-02T12:12:00+00:00,CPUUtilization,50.36
2026-08-02T12:17:00+00:00,CPUUtilization,49.963333333333324
2026-08-02T12:22:00+00:00,CPUUtilization,50.00666666666666
2026-08-02T12:27:00+00:00,CPUUtilization,48.16166666666667
2026-08-02T12:32:00+00:00,CPUUtilization,49.586666666666666
2026-08-02T12:37:00+00:00,CPUUtilization,49.903333333333336
2026-08-02T12:42:00+00:00,CPUUtilization,50.34499999999999
2026-08-02T12:47:00+00:00,CPUUtilization,50.38
2026-08-02T12:52:00+00:00,CPUUtilization,49.653333333333336
2026-08-02T12:57:00+00:00,CPUUtilization,48.90333333333333
2026-08-02T13:02:00+00:00,CPUUtilization,50.631666666666675
2026-08-02T13:07:00+00:00,CPUUtilization,47.16666666666667
2026-08-02T13:12:00+00:00,CPUUtilization,46.675
2026-08-02T13:17:00+00:00,CPUUtilization,49.21333333333333
2026-08-02T13:22:00+00:00,CPUUtilization,49.425
2026-08-02T13:27:00+00:00,CPUUtilization,51.48833333333333
2026-08-02T13:32:00+00:00,CPUUtilization,51.084999999999994
2026-08-02T13:37:00+00:00,CPUUtilization,51.388333333333335
2026-08-02T13:42:00+00:00,CPUUtilization,51.20333333333333
2026-08-02T13:47:00+00:00,CPUUtilization,51.29
2026-08-02T13:52:00+00:00,CPUUtilization,51.09166666666666
2026-08-02T13:57:00+00:00,CPUUtilization,51.47166666666667
2026-08-02T14:02:00+00:00,CPUUtilization,50.175
2026-08-02T14:07:00+00:00,CPUUtilization,50.99333333333334
2026-08-02T14:12:00+00:00,CPUUtilization,50.53
2026-08-02T14:17:00+00:00,CPUUtilization,50.87500000000001
2026-08-02T14:22:00+00:00,CPUUtilization,50.59833333333333
2026-08-02T14:27:00+00:00,CPUUtilization,51.05
2026-08-02T14:32:00+00:00,CPUUtilization,50.57833333333333
2026-08-02T14:37:00+00:00,CPUUtilization,50.825
2026-08-02T14:42:00+00:00,CPUUtilization,50.658333333333324
2026-08-02T14:47:00+00:00,CPUUtilization,50.93666666666667
2026-08-02T14:52:00+00:00,CPUUtilization,50.47333333333334
2026-08-02T14:57:00+00:00,CPUUtilization,50.894999999999996
2026-08-02T15:02:00+00:00,CPUUtilization,50.52166666666667
2026-08-02T15:07:00+00:00,CPUUtilization,50.959999999999994
2026-08-02T15:12:00+00:00,CPUUtilization,50.57166666666667
2026-08-02T15:17:00+00:00,CPUUtilization,50.751666666666665
2026-08-02T15:22:00+00:00,CPUUtilization,50.559999999999995
2026-08-02T15:27:00+00:00,CPUUtilization,50.88666666666666
2026-08-02T15:32:00+00:00,CPUUtilization,50.71666666666666
2026-08-02T15:37:00+00:00,CPUUtilization,50.778333333333336
2026-08-02T15:42:00+00:00,CPUUtilization,50.56833333333333
2026-08-02T15:47:00+00:00,CPUUtilization,50.70166666666667
2026-08-02T15:52:00+00:00,CPUUtilization,50.53666666666666
2026-08-02T15:57:00+00:00,CPUUtilization,50.86
2026-08-02T16:02:00+00:00,CPUUtilization,50.446666666666665
2026-08-02T16:07:00+00:00,CPUUtilization,50.86333333333333
2026-08-02T16:12:00+00:00,CPUUtilization,50.605
2026-08-02T16:17:00+00:00,CPUUtilization,50.82333333333334
2026-08-02T16:22:00+00:00,CPUUtilization,50.60166666666667
2026-08-02T16:27:00+00:00,CPUUtilization,50.725
2026-08-02T16:32:00+00:00,CPUUtilization,50.611666666666665
2026-08-02T16:37:00+00:00,CPUUtilization,50.79
2026-08-02T16:42:00+00:00,CPUUtilization,50.7
2026-08-02T16:47:00+00:00,CPUUtilization,50.84666666666667
2026-08-02T16:52:00+00:00,CPUUtilization,50.44166666666667
2026-08-02T16:57:00+00:00,CPUUtilization,50.97166666666666
2026-08-02T17:02:00+00:00,CPUUtilization,50.54666666666667
2026-08-02T17:07:00+00:00,CPUUtilization,50.855
2026-08-02T17:12:00+00:00,CPUUtilization,50.66166666666667
2026-08-02T17:17:00+00:00,CPUUtilization,50.805
2026-08-02T17:22:00+00:00,CPUUtilization,50.986666666666665
2026-08-02T17:27:00+00:00,CPUUtilization,50.55
2026-08-02T17:32:00+00:00,CPUUtilization,50.885
2026-08-02T17:37:00+00:00,CPUUtilization,50.673333333333325
2026-08-02T17:42:00+00:00,CPUUtilization,49.70833333333333
2026-08-02T17:47:00+00:00,CPUUtilization,49.493333333333325
2026-08-02T17:52:00+00:00,CPUUtilization,49.80333333333333
2026-08-02T17:57:00+00:00,CPUUtilization,50.13666666666667
2026-08-02T18:02:00+00:00,CPUUtilization,50.286666666666655
2026-08-02T18:07:00+00:00,CPUUtilization,49.875
2026-08-02T18:12:00+00:00,CPUUtilization,51.10999999999999
2026-08-02T18:17:00+00:00,CPUUtilization,50.92333333333333
2026-08-02T18:22:00+00:00,CPUUtilization,51.26666666666667
2026-08-02T18:27:00+00:00,CPUUtilization,50.908333333333324
2026-08-02T18:32:00+00:00,CPUUtilization,51.28333333333334
2026-08-02T18:37:00+00:00,CPUUtilization,50.865
2026-08-02T18:42:00+00:00,CPUUtilization,51.14666666666666
2026-08-02T18:47:00+00:00,CPUUtilization,50.94833333333334
2026-08-02T18:52:00+00:00,CPUUtilization,51.14833333333333
2026-08-02T18:57:00+00:00,CPUUtilization,50.945
2026-08-02T19:02:00+00:00,CPUUtilization,51.148333333333326
2026-08-02T19:07:00+00:00,CPUUtilization,50.648333333333326
2026-08-02T19:12:00+00:00,CPUUtilization,50.81666666666666
2026-08-02T19:17:00+00:00,CPUUtilization,50.513333333333335
2026-08-02T19:22:00+00:00,CPUUtilization,50.78833333333333
2026-08-02T19:27:00+00:00,CPUUtilization,50.63333333333333
2026-08-02T19:32:00+00:00,CPUUtilization,50.71
2026-08-02T19:37:00+00:00,CPUUtilization,50.644999999999996
2026-08-02T19:42:00+00:00,CPUUtilization,50.80333333333333
2026-08-02T19:47:00+00:00,CPUUtilization,50.663333333333334
2026-08-02T19:52:00+00:00,CPUUtilization,50.76333333333333
2026-08-02T19:57:00+00:00,CPUUtilization,49.91833333333333
2026-08-02T20:02:00+00:00,CPUUtilization,50.08
2026-08-02T20:07:00+00:00,CPUUtilization,49.943333333333335
2026-08-02T20:12:00+00:00,CPUUtilization,50.81666666666667
2026-08-02T20:17:00+00:00,CPUUtilization,49.96333333333333
2026-08-02T20:22:00+00:00,CPUUtilization,50.26333333333333
2026-08-02T20:27:00+00:00,CPUUtilization,50.11666666666666
2026-08-02T20:32:00+00:00,CPUUtilization,50.3
2026-08-02T20:37:00+00:00,CPUUtilization,50.04666666666667
2026-08-02T20:42:00+00:00,CPUUtilization,50.209999999999994
2026-08-02T20:47:00+00:00,CPUUtilization,50.01833333333333
2026-08-02T20:52:00+00:00,CPUUtilization,50.834999999999994
2026-08-02T20:57:00+00:00,CPUUtilization,50.16833333333334
2026-08-02T21:02:00+00:00,CPUUtilization,50.33166666666666
2026-08-02T21:07:00+00:00,CPUUtilization,50.22
2026-08-02T21:12:00+00:00,CPUUtilization,50.548333333333325
2026-08-02T21:17:00+00:00,CPUUtilization,50.258333333333326
2026-08-02T21:22:00+00:00,CPUUtilization,50.75666666666666
2026-08-02T21:27:00+00:00,CPUUtilization,50.53333333333333
2026-08-02T21:32:00+00:00,CPUUtilization,50.76
2026-08-02T21:37:00+00:00,CPUUtilization,50.63333333333333
2026-08-02T21:42:00+00:00,CPUUtilization,50.87
2026-08-02T21:47:00+00:00,CPUUtilization,50.575
2026-08-02T21:52:00+00:00,CPUUtilization,50.836666666666666
2026-08-02T21:57:00+00:00,CPUUtilization,50.638333333333335
2026-08-02T22:02:00+00:00,CPUUtilization,50.785
2026-08-02T22:07:00+00:00,CPUUtilization,50.718333333333334
2026-08-02T22:12:00+00:00,CPUUtilization,51.00666666666666
2026-08-02T22:17:00+00:00,CPUUtilization,50.705
2026-08-02T22:22:00+00:00,CPUUtilization,50.80833333333334
2026-08-02T22:27:00+00:00,CPUUtilization,50.44833333333333
2026-08-02T22:32:00+00:00,CPUUtilization,50.81333333333333
2026-08-02T22:37:00+00:00,CPUUtilization,50.47500000000001
2026-08-02T22:42:00+00:00,CPUUtilization,50.78166666666666
2026-08-02T22:47:00+00:00,CPUUtilization,50.58166666666666
2026-08-02T22:52:00+00:00,CPUUtilization,50.80166666666666
2026-08-02T22:57:00+00:00,CPUUtilization,50.464999999999996
2026-08-02T23:02:00+00:00,CPUUtilization,50.69166666666666
2026-08-02T23:07:00+00:00,CPUUtilization,50.279999999999994
2026-08-02T23:12:00+00:00,CPUUtilization,50.99666666666666
2026-08-02T23:17:00+00:00,CPUUtilization,50.245
2026-08-02T23:22:00+00:00,CPUUtilization,50.461666666666666
2026-08-02T23:27:00+00:00,CPUUtilization,50.41499999999999
2026-08-02T23:32:00+00:00,CPUUtilization,50.57666666666667
2026-08-02T23:37:00+00:00,CPUUtilization,50.30666666666666
2026-08-02T23:42:00+00:00,CPUUtilization,50.66333333333333
2026-08-02T23:47:00+00:00,CPUUtilization,50.425
2026-08-02T23:52:00+00:00,CPUUtilization,50.66
2026-08-02T23:57:00+00:00,CPUUtilization,50.648333333333326
2026-08-03T00:02:00+00:00,CPUUtilization,50.42833333333333
2026-08-03T00:07:00+00:00,CPUUtilization,50.416666666666664
2026-08-03T00:12:00+00:00,CPUUtilization,50.526666666666664
2026-08-03T00:17:00+00:00,CPUUtilization,50.138333333333335
2026-08-03T00:22:00+00:00,CPUUtilization,50.49333333333333
2026-08-03T00:27:00+00:00,CPUUtilization,50.14333333333333
2026-08-03T00:32:00+00:00,CPUUtilization,50.9
2026-08-03T00:37:00+00:00,CPUUtilization,50.13166666666667
2026-08-03T00:42:00+00:00,CPUUtilization,50.34666666666667
2026-08-03T00:47:00+00:00,CPUUtilization,50.37166666666666
2026-08-03T00:52:00+00:00,CPUUtilization,50.44666666666667
2026-08-03T00:57:00+00:00,CPUUtilization,50.10166666666666
2026-08-03T01:02:00+00:00,CPUUtilization,50.425
2026-08-03T01:07:00+00:00,CPUUtilization,50.53666666666667
2026-08-03T01:12:00+00:00,CPUUtilization,50.73833333333333
2026-08-03T01:17:00+00:00,CPUUtilization,50.30333333333333
2026-08-03T01:22:00+00:00,CPUUtilization,50.62
2026-08-03T01:27:00+00:00,CPUUtilization,50.32166666666667
2026-08-03T01:32:00+00:00,CPUUtilization,50.635000000000005
2026-08-03T01:37:00+00:00,CPUUtilization,50.58
2026-08-03T01:42:00+00:00,CPUUtilization,50.834999999999994
2026-08-03T01:47:00+00:00,CPUUtilization,50.885000000000005
2026-08-03T01:52:00+00:00,CPUUtilization,50.54333333333333
2026-08-03T01:57:00+00:00,CPUUtilization,51.06333333333333
2026-08-03T02:02:00+00:00,CPUUtilization,50.60166666666667
2026-08-03T02:07:00+00:00,CPUUtilization,50.964999999999996
2026-08-03T02:12:00+00:00,CPUUtilization,50.57
2026-08-03T02:17:00+00:00,CPUUtilization,50.675
2026-08-03T02:22:00+00:00,CPUUtilization,50.01
2026-08-03T02:27:00+00:00,CPUUtilization,50.598333333333336
2026-08-03T02:32:00+00:00,CPUUtilization,50.41166666666667
2026-08-03T02:37:00+00:00,CPUUtilization,50.50333333333334
2026-08-03T02:42:00+00:00,CPUUtilization,49.925
2026-08-03T02:47:00+00:00,CPUUtilization,50.49
2026-08-03T02:52:00+00:00,CPUUtilization,50.348333333333336
2026-08-03T02:57:00+00:00,CPUUtilization,50.214999999999996
2026-08-03T03:02:00+00:00,CPUUtilization,50.05833333333334
2026-08-03T03:07:00+00:00,CPUUtilization,50.56166666666665
2026-08-03T03:12:00+00:00,CPUUtilization,50.56333333333333
2026-08-03T03:17:00+00:00,CPUUtilization,50.36333333333333
2026-08-03T03:22:00+00:00,CPUUtilization,50.15333333333333
2026-08-03T03:27:00+00:00,CPUUtilization,50.765
2026-08-03T03:32:00+00:00,CPUUtilization,50.67
2026-08-03T03:37:00+00:00,CPUUtilization,50.794999999999995
2026-08-03T03:42:00+00:00,CPUUtilization,50.64666666666666
2026-08-03T03:47:00+00:00,CPUUtilization,50.751666666666665
2026-08-03T03:52:00+00:00,CPUUtilization,51.58
2026-08-03T03:57:00+00:00,CPUUtilization,50.89
2026-08-03T04:02:00+00:00,CPUUtilization,50.398333333333326
2026-08-03T04:07:00+00:00,CPUUtilization,50.79
2026-08-03T04:12:00+00:00,CPUUtilization,50.605
2026-08-03T04:17:00+00:00,CPUUtilization,50.88666666666667
2026-08-03T04:22:00+00:00,CPUUtilization,50.54833333333333
2026-08-03T04:27:00+00:00,CPUUtilization,50.81
2026-08-03T04:32:00+00:00,CPUUtilization,50.54333333333334
2026-08-03T04:37:00+00:00,CPUUtilization,50.87499999999999
2026-08-03T04:42:00+00:00,CPUUtilization,50.516666666666666
2026-08-03T04:47:00+00:00,CPUUtilization,50.96333333333333
2026-08-03T04:52:00+00:00,CPUUtilization,50.69166666666666
2026-08-03T04:57:00+00:00,CPUUtilization,50.61166666666667
2026-08-03T05:02:00+00:00,CPUUtilization,50.641666666666666
2026-08-03T05:07:00+00:00,CPUUtilization,50.68333333333334
2026-08-03T05:12:00+00:00,CPUUtilization,50.60666666666667
2026-08-03T05:17:00+00:00,CPUUtilization,50.80999999999999
2026-08-03T05:22:00+00:00,CPUUtilization,50.348333333333336
2026-08-03T05:27:00+00:00,CPUUtilization,50.67666666666666
2026-08-03T05:32:00+00:00,CPUUtilization,50.459999999999994
2026-08-03T05:37:00+00:00,CPUUtilization,50.62833333333334
2026-08-03T05:42:00+00:00,CPUUtilization,50.42999999999999
2026-08-03T05:47:00+00:00,CPUUtilization,50.55
2026-08-03T05:52:00+00:00,CPUUtilization,50.41
2026-08-03T05:57:00+00:00,CPUUtilization,50.77833333333333
2026-08-03T06:02:00+00:00,CPUUtilization,50.10166666666667
2026-08-03T06:07:00+00:00,CPUUtilization,50.385000000000005
2026-08-03T06:12:00+00:00,CPUUtilization,49.519999999999996
2026-08-03T06:17:00+00:00,CPUUtilization,50.79333333333334
2026-08-03T06:22:00+00:00,CPUUtilization,50.33166666666666
2026-08-03T06:27:00+00:00,CPUUtilization,50.22666666666667
2026-08-03T06:32:00+00:00,CPUUtilization,49.62666666666666
2026-08-03T06:37:00+00:00,CPUUtilization,50.233333333333334
2026-08-03T06:42:00+00:00,CPUUtilization,49.931666666666665
2026-08-03T06:47:00+00:00,CPUUtilization,50.24999999999999
2026-08-03T06:52:00+00:00,CPUUtilization,50.361666666666665
2026-08-03T06:57:00+00:00,CPUUtilization,50.410000000000004
2026-08-03T07:02:00+00:00,CPUUtilization,50.345000000000006
2026-08-03T07:07:00+00:00,CPUUtilization,50.59
2026-08-03T07:12:00+00:00,CPUUtilization,50.17999999999999
2026-08-03T07:17:00+00:00,CPUUtilization,50.32333333333334
2026-08-03T07:22:00+00:00,CPUUtilization,50.23500000000001
2026-08-03T07:27:00+00:00,CPUUtilization,50.40833333333333
2026-08-03T07:32:00+00:00,CPUUtilization,50.02666666666666
2026-08-03T07:37:00+00:00,CPUUtilization,49.88166666666666
2026-08-03T07:42:00+00:00,CPUUtilization,49.47166666666667
2026-08-03T07:47:00+00:00,CPUUtilization,50.83833333333333
2026-08-03T07:52:00+00:00,CPUUtilization,49.785
2026-08-03T07:57:00+00:00,CPUUtilization,50.64666666666666
2026-08-03T08:02:00+00:00,CPUUtilization,48.71833333333334
2026-08-03T08:07:00+00:00,CPUUtilization,50.90333333333333
2026-08-03T08:12:00+00:00,CPUUtilization,50.193333333333335
2026-08-03T08:17:00+00:00,CPUUtilization,50.76
2026-08-03T08:22:00+00:00,CPUUtilization,50.36333333333334
2026-08-03T08:27:00+00:00,CPUUtilization,50.75833333333333
2026-08-03T08:32:00+00:00,CPUUtilization,50.525
2026-08-03T08:37:00+00:00,CPUUtilization,50.845
2026-08-03T08:42:00+00:00,CPUUtilization,50.46333333333333
2026-08-03T08:47:00+00:00,CPUUtilization,50.79
2026-08-03T08:52:00+00:00,CPUUtilization,50.31
2026-08-03T08:57:00+00:00,CPUUtilization,50.846666666666664
2026-08-03T09:02:00+00:00,CPUUtilization,50.54249576564233
2026-08-03T09:07:00+00:00,CPUUtilization,50.87251076478596
2026-08-03T09:12:00+00:00,CPUUtilization,50.516666666666666
2026-08-03T09:17:00+00:00,CPUUtilization,50.76166666666666
2026-08-03T09:22:00+00:00,CPUUtilization,50.375
2026-08-03T09:27:00+00:00,CPUUtilization,50.64333333333333
2026-08-03T09:32:00+00:00,CPUUtilization,50.431666666666665
2026-08-03T09:37:00+00:00,CPUUtilization,50.81666666666666
2026-08-03T09:42:00+00:00,CPUUtilization,50.535
2026-08-03T09:47:00+00:00,CPUUtilization,50.49666666666666
2026-08-03T09:52:00+00:00,CPUUtilization,50.40833333333334
2026-08-03T09:57:00+00:00,CPUUtilization,50.809999999999995
2026-08-03T10:02:00+00:00,CPUUtilization,50.29666666666667
2026-08-03T10:07:00+00:00,CPUUtilization,50.54666666666667
2026-08-03T10:12:00+00:00,CPUUtilization,50.27166666666666
2026-08-03T10:17:00+00:00,CPUUtilization,50.001666666666665
2026-08-03T10:22:00+00:00,CPUUtilization,50.70666666666666
2026-08-03T10:27:00+00:00,CPUUtilization,50.278333333333336
2026-08-03T10:32:00+00:00,CPUUtilization,50.388333333333335
2026-08-03T10:37:00+00:00,CPUUtilization,50.114999999999995
2026-08-03T10:42:00+00:00,CPUUtilization,49.74166666666666
2026-08-03T10:47:00+00:00,CPUUtilization,50.526666666666664
2026-08-03T10:52:00+00:00,CPUUtilization,50.480000000000004
2026-08-03T10:57:00+00:00,CPUUtilization,50.563333333333325
2026-08-03T11:02:00+00:00,CPUUtilization,49.865
2026-08-03T11:07:00+00:00,CPUUtilization,50.031666666666666
2026-08-03T11:12:00+00:00,CPUUtilization,49.54833333333333
2026-08-03T11:17:00+00:00,CPUUtilization,50.906666666666666
2026-08-03T11:22:00+00:00,CPUUtilization,50.138333333333335
2026-08-03T11:27:00+00:00,CPUUtilization,50.08333333333333
2026-08-03T11:32:00+00:00,CPUUtilization,49.69833333333334
2026-08-03T11:37:00+00:00,CPUUtilization,49.964999999999996
2026-08-03T11:42:00+00:00,CPUUtilization,50.61833333333333
2026-08-03T11:47:00+00:00,CPUUtilization,50.41333333333334
2026-08-03T11:52:00+00:00,CPUUtilization,49.95
2026-08-03T11:57:00+00:00,CPUUtilization,49.839999999999996
2026-08-03T12:02:00+00:00,CPUUtilization,49.160000000000004
2026-08-03T12:07:00+00:00,CPUUtilization,49.16
2026-08-03T12:12:00+00:00,CPUUtilization,47.92333333333333
2026-08-03T12:17:00+00:00,CPUUtilization,48.10333333333334
2026-08-03T12:22:00+00:00,CPUUtilization,49.96166666666666
2026-08-03T12:27:00+00:00,CPUUtilization,48.83
2026-08-03T12:32:00+00:00,CPUUtilization,48.01166666666666
2026-08-03T12:37:00+00:00,CPUUtilization,48.493349309467696
2026-08-03T12:42:00+00:00,CPUUtilization,50.239999999999995
2026-08-03T12:47:00+00:00,CPUUtilization,46.77833333333333
2026-08-03T12:52:00+00:00,CPUUtilization,49.93333333333332
2026-08-03T12:57:00+00:00,CPUUtilization,49.84166666666666
2026-08-03T13:02:00+00:00,CPUUtilization,49.385
2026-08-03T13:07:00+00:00,CPUUtilization,50.86833333333334
2026-08-03T13:12:00+00:00,CPUUtilization,49.41833333333334
2026-08-03T13:17:00+00:00,CPUUtilization,50.739999999999995
2026-08-03T13:22:00+00:00,CPUUtilization,50.425
2026-08-03T13:27:00+00:00,CPUUtilization,50.85666666666666
2026-08-03T13:32:00+00:00,CPUUtilization,50.434999999999995
2026-08-03T13:37:00+00:00,CPUUtilization,50.11
2026-08-03T13:42:00+00:00,CPUUtilization,49.908333333333324
2026-08-03T13:47:00+00:00,CPUUtilization,48.98833333333333
2026-08-03T13:52:00+00:00,CPUUtilization,49.858333333333334
2026-08-03T13:57:00+00:00,CPUUtilization,50.27166666666667
2026-08-03T14:02:00+00:00,CPUUtilization,50.065
2026-08-03T14:07:00+00:00,CPUUtilization,50.641666666666666
2026-08-03T14:12:00+00:00,CPUUtilization,50.55833333333334
2026-08-03T14:17:00+00:00,CPUUtilization,50.64333333333333
2026-08-03T14:22:00+00:00,CPUUtilization,50.34166666666666
2026-08-03T14:27:00+00:00,CPUUtilization,50.858333333333334
2026-08-03T14:32:00+00:00,CPUUtilization,50.571666666666665
2026-08-03T14:37:00+00:00,CPUUtilization,50.778333333333336
2026-08-03T14:42:00+00:00,CPUUtilization,50.53333333333334
2026-08-03T14:47:00+00:00,CPUUtilization,50.641666666666666
2026-08-03T14:52:00+00:00,CPUUtilization,50.516666666666666
2026-08-03T14:57:00+00:00,CPUUtilization,50.77333333333333
2026-08-03T15:02:00+00:00,CPUUtilization,50.42999999999999
2026-08-03T15:07:00+00:00,CPUUtilization,50.824999999999996
2026-08-03T15:12:00+00:00,CPUUtilization,50.36166666666666
2026-08-03T15:17:00+00:00,CPUUtilization,50.648333333333326
2026-08-03T15:22:00+00:00,CPUUtilization,50.599999999999994
2026-08-03T15:27:00+00:00,CPUUtilization,50.94333333333334
2026-08-03T15:32:00+00:00,CPUUtilization,50.49666666666666
2026-08-03T15:37:00+00:00,CPUUtilization,50.82000000000001
2026-08-03T15:42:00+00:00,CPUUtilization,50.531666666666666
2026-08-03T15:47:00+00:00,CPUUtilization,50.821666666666665
2026-08-03T15:52:00+00:00,CPUUtilization,50.519999999999996
2026-08-03T15:57:00+00:00,CPUUtilization,50.79
2026-08-03T16:02:00+00:00,CPUUtilization,50.46833333333333
2026-08-03T16:07:00+00:00,CPUUtilization,50.568333333333335
2026-08-03T16:12:00+00:00,CPUUtilization,50.275
2026-08-03T16:17:00+00:00,CPUUtilization,50.86
2026-08-03T16:22:00+00:00,CPUUtilization,50.32666666666667
2026-08-03T16:27:00+00:00,CPUUtilization,50.685
2026-08-03T16:32:00+00:00,CPUUtilization,50.40833333333334
2026-08-03T16:37:00+00:00,CPUUtilization,50.62833333333332
2026-08-03T16:42:00+00:00,CPUUtilization,50.51166666666667
2026-08-03T16:47:00+00:00,CPUUtilization,50.593333333333334
2026-08-03T16:52:00+00:00,CPUUtilization,50.56166666666667
2026-08-03T16:57:00+00:00,CPUUtilization,50.38666666666667
2026-08-03T17:02:00+00:00,CPUUtilization,50.69
2026-08-03T17:07:00+00:00,CPUUtilization,50.480000000000004
2026-08-03T17:12:00+00:00,CPUUtilization,50.35166666666667
2026-08-03T17:17:00+00:00,CPUUtilization,50.42166666666666
2026-08-03T17:22:00+00:00,CPUUtilization,50.64333333333333
2026-08-03T17:27:00+00:00,CPUUtilization,50.381666666666675
2026-08-03T17:32:00+00:00,CPUUtilization,50.75333333333333
2026-08-03T17:37:00+00:00,CPUUtilization,50.49833333333333
2026-08-03T17:42:00+00:00,CPUUtilization,50.67333333333333
2026-08-03T17:47:00+00:00,CPUUtilization,50.52333333333333
2026-08-03T17:52:00+00:00,CPUUtilization,50.62833333333334
2026-08-03T17:57:00+00:00,CPUUtilization,50.361666666666665
2026-08-03T18:02:00+00:00,CPUUtilization,50.471666666666664
2026-08-03T18:07:00+00:00,CPUUtilization,50.29
2026-08-03T18:12:00+00:00,CPUUtilization,50.531666666666666
2026-08-03T18:17:00+00:00,CPUUtilization,50.34666666666667
2026-08-03T18:22:00+00:00,CPUUtilization,50.41833333333333
2026-08-03T18:27:00+00:00,CPUUtilization,50.166666666666664
2026-08-03T18:32:00+00:00,CPUUtilization,50.693333333333335
2026-08-03T18:37:00+00:00,CPUUtilization,50.37833333333333
2026-08-03T18:42:00+00:00,CPUUtilization,50.345000000000006
2026-08-03T18:47:00+00:00,CPUUtilization,50.111666666666665
2026-08-03T18:52:00+00:00,CPUUtilization,50.455
2026-08-03T18:57:00+00:00,CPUUtilization,50.63333333333334
2026-08-03T19:02:00+00:00,CPUUtilization,50.849999999999994
2026-08-03T19:07:00+00:00,CPUUtilization,50.63666666666667
2026-08-03T19:12:00+00:00,CPUUtilization,50.855000000000004
2026-08-03T19:17:00+00:00,CPUUtilization,50.675
2026-08-03T19:22:00+00:00,CPUUtilization,50.720000000000006
2026-08-03T19:27:00+00:00,CPUUtilization,50.611666666666665
2026-08-03T19:32:00+00:00,CPUUtilization,50.92999999999999
2026-08-03T19:37:00+00:00,CPUUtilization,50.54333333333334
2026-08-03T19:42:00+00:00,CPUUtilization,50.84666666666667
2026-08-03T19:47:00+00:00,CPUUtilization,50.736666666666665
2026-08-03T19:52:00+00:00,CPUUtilization,50.82333333333334
2026-08-03T19:57:00+00:00,CPUUtilization,50.71
2026-08-03T20:02:00+00:00,CPUUtilization,50.81833333333333
2026-08-03T20:07:00+00:00,CPUUtilization,50.578333333333326
2026-08-03T20:12:00+00:00,CPUUtilization,50.681666666666665
2026-08-03T20:17:00+00:00,CPUUtilization,50.68333333333334
2026-08-03T20:22:00+00:00,CPUUtilization,50.82333333333334
2026-08-03T20:27:00+00:00,CPUUtilization,50.49833333333333
2026-08-03T20:32:00+00:00,CPUUtilization,50.864999999999995
2026-08-03T20:37:00+00:00,CPUUtilization,50.61
2026-08-03T20:42:00+00:00,CPUUtilization,50.67999999999999
2026-08-03T20:47:00+00:00,CPUUtilization,50.54833333333333
2026-08-03T20:52:00+00:00,CPUUtilization,50.475
2026-08-03T20:57:00+00:00,CPUUtilization,50.84666666666666
2026-08-03T21:02:00+00:00,CPUUtilization,50.971666666666664
2026-08-03T21:07:00+00:00,CPUUtilization,50.544999999999995
2026-08-03T21:12:00+00:00,CPUUtilization,50.89666666666667
2026-08-03T21:17:00+00:00,CPUUtilization,50.70666666666666
2026-08-03T21:22:00+00:00,CPUUtilization,50.93166666666667
2026-08-03T21:27:00+00:00,CPUUtilization,50.56999999999999
2026-08-03T21:32:00+00:00,CPUUtilization,50.83333333333333
2026-08-03T21:37:00+00:00,CPUUtilization,50.82666666666667
2026-08-03T21:42:00+00:00,CPUUtilization,50.836666666666666
2026-08-03T21:47:00+00:00,CPUUtilization,50.57
2026-08-03T21:52:00+00:00,CPUUtilization,50.69666666666666
2026-08-03T21:57:00+00:00,CPUUtilization,50.43833333333333
2026-08-03T22:02:00+00:00,CPUUtilization,50.77166666666667
2026-08-03T22:07:00+00:00,CPUUtilization,50.44666666666666
2026-08-03T22:12:00+00:00,CPUUtilization,50.776666666666664
2026-08-03T22:17:00+00:00,CPUUtilization,50.67166666666667
2026-08-03T22:22:00+00:00,CPUUtilization,50.501666666666665
2026-08-03T22:27:00+00:00,CPUUtilization,50.541666666666664
2026-08-03T22:32:00+00:00,CPUUtilization,51.02166666666666
2026-08-03T22:37:00+00:00,CPUUtilization,50.53333333333333
2026-08-03T22:42:00+00:00,CPUUtilization,50.853333333333325
2026-08-03T22:47:00+00:00,CPUUtilization,50.864999999999995
2026-08-03T22:52:00+00:00,CPUUtilization,50.516666666666666
2026-08-03T22:57:00+00:00,CPUUtilization,50.739999999999995
2026-08-03T23:02:00+00:00,CPUUtilization,50.62
2026-08-03T23:07:00+00:00,CPUUtilization,50.77999999999999
2026-08-03T23:12:00+00:00,CPUUtilization,50.644999999999996
2026-08-03T23:17:00+00:00,CPUUtilization,50.79333333333333
2026-08-03T23:22:00+00:00,CPUUtilization,50.61
2026-08-03T23:27:00+00:00,CPUUtilization,50.70333333333333
2026-08-03T23:32:00+00:00,CPUUtilization,50.575
2026-08-03T23:37:00+00:00,CPUUtilization,50.89333333333333
2026-08-03T23:42:00+00:00,CPUUtilization,50.555
2026-08-03T23:47:00+00:00,CPUUtilization,50.88166666666667
2026-08-03T23:52:00+00:00,CPUUtilization,50.285000000000004
2026-08-03T23:57:00+00:00,CPUUtilization,50.623333333333335
2026-08-04T00:02:00+00:00,CPUUtilization,50.541666666666664
2026-08-04T00:07:00+00:00,CPUUtilization,50.714999999999996
2026-08-04T00:12:00+00:00,CPUUtilization,50.443333333333335
2026-08-04T00:17:00+00:00,CPUUtilization,50.71999999999999
2026-08-04T00:22:00+00:00,CPUUtilization,50.37833333333334
2026-08-04T00:27:00+00:00,CPUUtilization,50.75833333333333
2026-08-04T00:32:00+00:00,CPUUtilization,50.65
2026-08-04T00:37:00+00:00,CPUUtilization,50.61666666666666
2026-08-04T00:42:00+00:00,CPUUtilization,50.43333333333333
2026-08-04T00:47:00+00:00,CPUUtilization,50.91333333333333
2026-08-04T00:52:00+00:00,CPUUtilization,50.666666666666664
2026-08-04T00:57:00+00:00,CPUUtilization,50.85166666666667
2026-08-04T01:02:00+00:00,CPUUtilization,50.54666666666667
2026-08-04T01:07:00+00:00,CPUUtilization,50.99666666666666
2026-08-04T01:12:00+00:00,CPUUtilization,50.593333333333334
2026-08-04T01:17:00+00:00,CPUUtilization,50.94499999999999
2026-08-04T01:22:00+00:00,CPUUtilization,50.538333333333334
2026-08-04T01:27:00+00:00,CPUUtilization,50.851666666666674
2026-08-04T01:32:00+00:00,CPUUtilization,50.66666666666667
2026-08-04T01:37:00+00:00,CPUUtilization,50.77
2026-08-04T01:42:00+00:00,CPUUtilization,50.550000000000004
2026-08-04T01:47:00+00:00,CPUUtilization,50.82333333333333
2026-08-04T01:52:00+00:00,CPUUtilization,50.483333333333334
2026-08-04T01:57:00+00:00,CPUUtilization,50.67166666666667
2026-08-04T02:02:00+00:00,CPUUtilization,50.63833333333333
2026-08-04T02:07:00+00:00,CPUUtilization,50.73833333333333
2026-08-04T02:12:00+00:00,CPUUtilization,50.474999999999994
2026-08-04T02:17:00+00:00,CPUUtilization,50.748333333333335
2026-08-04T02:22:00+00:00,CPUUtilization,50.28666666666666
2026-08-04T02:27:00+00:00,CPUUtilization,50.61166666666666
2026-08-04T02:32:00+00:00,CPUUtilization,50.529999999999994
2026-08-04T02:37:00+00:00,CPUUtilization,50.55666666666666
2026-08-04T02:42:00+00:00,CPUUtilization,50.60333333333334
2026-08-04T02:47:00+00:00,CPUUtilization,50.858333333333334
2026-08-04T02:52:00+00:00,CPUUtilization,50.41333333333333
2026-08-04T02:57:00+00:00,CPUUtilization,50.84499999999999
2026-08-04T03:02:00+00:00,CPUUtilization,50.681666666666665
2026-08-04T03:07:00+00:00,CPUUtilization,50.529999999999994
2026-08-04T03:12:00+00:00,CPUUtilization,50.67166666666667
2026-08-04T03:17:00+00:00,CPUUtilization,50.848333333333336
2026-08-04T03:22:00+00:00,CPUUtilization,50.593333333333334
2026-08-04T03:27:00+00:00,CPUUtilization,50.63666666666666
2026-08-04T03:32:00+00:00,CPUUtilization,50.39166666666667
2026-08-04T03:37:00+00:00,CPUUtilization,50.35333333333334
2026-08-04T03:42:00+00:00,CPUUtilization,50.26833333333333
2026-08-04T03:47:00+00:00,CPUUtilization,50.39166666666667
2026-08-04T03:52:00+00:00,CPUUtilization,51.260000000000005
2026-08-04T03:57:00+00:00,CPUUtilization,50.47833333333333
2026-08-04T04:02:00+00:00,CPUUtilization,50.56833333333334
2026-08-04T04:07:00+00:00,CPUUtilization,50.245
2026-08-04T04:12:00+00:00,CPUUtilization,50.31666666666666
2026-08-04T04:17:00+00:00,CPUUtilization,50.07333333333333
2026-08-04T04:22:00+00:00,CPUUtilization,50.061666666666675
2026-08-04T04:27:00+00:00,CPUUtilization,51.155
2026-08-04T04:32:00+00:00,CPUUtilization,50.78666666666667
2026-08-04T04:37:00+00:00,CPUUtilization,50.795
2026-08-04T04:42:00+00:00,CPUUtilization,50.725
2026-08-04T04:47:00+00:00,CPUUtilization,51.15500000000001
2026-08-04T04:52:00+00:00,CPUUtilization,50.67666666666666
2026-08-04T04:57:00+00:00,CPUUtilization,50.95833333333333
2026-08-04T05:02:00+00:00,CPUUtilization,50.92166666666667
2026-08-04T05:07:00+00:00,CPUUtilization,50.80166666666666
2026-08-04T05:12:00+00:00,CPUUtilization,50.49666666666666
2026-08-04T05:17:00+00:00,CPUUtilization,50.84333333333333
2026-08-04T05:22:00+00:00,CPUUtilization,50.64666666666666
2026-08-04T05:27:00+00:00,CPUUtilization,50.663333333333334
2026-08-04T05:32:00+00:00,CPUUtilization,50.92
2026-08-04T05:37:00+00:00,CPUUtilization,50.545
2026-08-04T05:42:00+00:00,CPUUtilization,50.848333333333336
2026-08-04T05:47:00+00:00,CPUUtilization,50.644999999999996
2026-08-04T05:52:00+00:00,CPUUtilization,50.67
2026-08-04T05:57:00+00:00,CPUUtilization,50.50833333333333
2026-08-04T06:02:00+00:00,CPUUtilization,50.84333333333333
2026-08-04T06:07:00+00:00,CPUUtilization,50.618333333333325
2026-08-04T06:12:00+00:00,CPUUtilization,50.84166666666666
2026-08-04T06:17:00+00:00,CPUUtilization,50.638333333333335
2026-08-04T06:22:00+00:00,CPUUtilization,50.84499999999999
2026-08-04T06:27:00+00:00,CPUUtilization,50.794999999999995
2026-08-04T06:32:00+00:00,CPUUtilization,50.72333333333332
2026-08-04T06:37:00+00:00,CPUUtilization,50.4
2026-08-04T06:42:00+00:00,CPUUtilization,50.736666666666665
2026-08-04T06:47:00+00:00,CPUUtilization,50.493333333333325
2026-08-04T06:52:00+00:00,CPUUtilization,50.56999999999999
2026-08-04T06:57:00+00:00,CPUUtilization,48.71333333333333
2026-08-04T07:02:00+00:00,CPUUtilization,49.155
2026-08-04T07:07:00+00:00,CPUUtilization,50.553333333333335
2026-08-04T07:12:00+00:00,CPUUtilization,49.515
2026-08-04T07:17:00+00:00,CPUUtilization,49.111666666666665
2026-08-04T07:22:00+00:00,CPUUtilization,49.11666666666666
2026-08-04T07:27:00+00:00,CPUUtilization,49.43666666666666
2026-08-04T07:32:00+00:00,CPUUtilization,50.77333333333333
2026-08-04T07:37:00+00:00,CPUUtilization,48.68666666666666
2026-08-04T07:42:00+00:00,CPUUtilization,49.53666666666666
2026-08-04T07:47:00+00:00,CPUUtilization,50.334999999999994
2026-08-04T07:52:00+00:00,CPUUtilization,49.538333333333334
2026-08-04T07:57:00+00:00,CPUUtilization,50.696666666666665
2026-08-04T08:02:00+00:00,CPUUtilization,50.38333333333333
2026-08-04T08:07:00+00:00,CPUUtilization,50.035000000000004
2026-08-04T08:12:00+00:00,CPUUtilization,50.06833333333332
2026-08-04T08:17:00+00:00,CPUUtilization,49.98166666666666
2026-08-04T08:22:00+00:00,CPUUtilization,49.916666666666664
2026-08-04T08:27:00+00:00,CPUUtilization,50.313333333333325
2026-08-04T08:32:00+00:00,CPUUtilization,49.611666666666665
2026-08-04T08:37:00+00:00,CPUUtilization,50.425
2026-08-04T08:42:00+00:00,CPUUtilization,50.82333333333333
2026-08-04T08:47:00+00:00,CPUUtilization,50.273333333333326
2026-08-04T08:52:00+00:00,CPUUtilization,50.85666666666666
2026-08-04T08:57:00+00:00,CPUUtilization,50.035
2026-08-04T09:02:00+00:00,CPUUtilization,49.95666666666666
2026-08-04T09:07:00+00:00,CPUUtilization,50.00833333333334
2026-08-04T09:12:00+00:00,CPUUtilization,49.519999999999996
2026-08-04T09:17:00+00:00,CPUUtilization,50.403333333333336
2026-08-04T09:22:00+00:00,CPUUtilization,50.603333333333325
2026-08-04T09:27:00+00:00,CPUUtilization,50.398333333333326
2026-08-04T09:32:00+00:00,CPUUtilization,50.986666666666665
2026-08-04T09:37:00+00:00,CPUUtilization,49.80333333333333
2026-08-04T09:42:00+00:00,CPUUtilization,50.33833333333333
2026-08-04T09:47:00+00:00,CPUUtilization,50.42
2026-08-04T09:52:00+00:00,CPUUtilization,50.41
2026-08-04T09:57:00+00:00,CPUUtilization,50.33333333333333
2026-08-04T10:02:00+00:00,CPUUtilization,50.30166666666666
2026-08-04T10:07:00+00:00,CPUUtilization,49.84333333333333
2026-08-04T10:12:00+00:00,CPUUtilization,50.045
2026-08-04T10:17:00+00:00,CPUUtilization,50.61666666666666
2026-08-04T10:22:00+00:00,CPUUtilization,49.96666666666666
2026-08-04T10:27:00+00:00,CPUUtilization,49.33833333333333
2026-08-04T10:32:00+00:00,CPUUtilization,50.099999999999994
2026-08-04T10:37:00+00:00,CPUUtilization,49.7
2026-08-04T10:42:00+00:00,CPUUtilization,50.709999999999994
2026-08-04T10:47:00+00:00,CPUUtilization,49.904999999999994
2026-08-04T10:52:00+00:00,CPUUtilization,50.22666666666667
2026-08-04T10:57:00+00:00,CPUUtilization,50.09499999999999
2026-08-04T11:02:00+00:00,CPUUtilization,50.486666666666665
2026-08-04T11:07:00+00:00,CPUUtilization,50.29333333333333
2026-08-04T11:12:00+00:00,CPUUtilization,49.78666666666666
2026-08-04T11:17:00+00:00,CPUUtilization,50.00999999999999
2026-08-04T11:22:00+00:00,CPUUtilization,50.17333333333333
2026-08-04T11:27:00+00:00,CPUUtilization,50.346666666666664
2026-08-04T11:32:00+00:00,CPUUtilization,50.211666666666666
2026-08-04T11:37:00+00:00,CPUUtilization,49.533333333333324
2026-08-04T11:42:00+00:00,CPUUtilization,49.95833333333333
2026-08-04T11:47:00+00:00,CPUUtilization,49.88333333333334
2026-08-04T11:52:00+00:00,CPUUtilization,50.815
2026-08-04T11:57:00+00:00,CPUUtilization,49.39666666666667
2026-08-04T12:02:00+00:00,CPUUtilization,50.288333333333334
2026-08-04T12:07:00+00:00,CPUUtilization,50.004999999999995
2026-08-04T12:12:00+00:00,CPUUtilization,50.388333333333335
2026-08-04T12:17:00+00:00,CPUUtilization,50.464999999999996
2026-08-04T12:22:00+00:00,CPUUtilization,50.10666666666667
2026-08-04T12:27:00+00:00,CPUUtilization,49.736666666666665
2026-08-04T12:32:00+00:00,CPUUtilization,50.17833333333333
2026-08-04T12:37:00+00:00,CPUUtilization,50.498333333333335
2026-08-04T12:42:00+00:00,CPUUtilization,49.93666666666666
2026-08-04T12:47:00+00:00,CPUUtilization,49.83833333333333
2026-08-04T12:52:00+00:00,CPUUtilization,50.169999999999995
2026-08-04T12:57:00+00:00,CPUUtilization,50.48
2026-08-04T13:02:00+00:00,CPUUtilization,50.29166666666667
2026-08-04T13:07:00+00:00,CPUUtilization,49.845
2026-08-04T13:12:00+00:00,CPUUtilization,49.845
2026-08-04T13:17:00+00:00,CPUUtilization,50.64666666666666
2026-08-04T13:22:00+00:00,CPUUtilization,49.980000000000004
2026-08-04T13:27:00+00:00,CPUUtilization,48.99666666666667
2026-08-04T13:32:00+00:00,CPUUtilization,49.496666666666655
2026-08-04T13:37:00+00:00,CPUUtilization,50.358333333333334
2026-08-04T13:42:00+00:00,CPUUtilization,50.31166666666667
2026-08-04T13:47:00+00:00,CPUUtilization,49.013333333333335
2026-08-04T13:52:00+00:00,CPUUtilization,50.53
2026-08-04T13:57:00+00:00,CPUUtilization,50.60333333333334
2026-08-04T14:02:00+00:00,CPUUtilization,48.023333333333326
2026-08-04T14:07:00+00:00,CPUUtilization,47.2
2026-08-04T14:12:00+00:00,CPUUtilization,45.855
2026-08-04T14:17:00+00:00,CPUUtilization,50.65666666666666
2026-08-04T14:22:00+00:00,CPUUtilization,46.70166666666667
2026-08-04T14:27:00+00:00,CPUUtilization,47.85
2026-08-04T14:32:00+00:00,CPUUtilization,50.00999999999999
2026-08-04T14:37:00+00:00,CPUUtilization,50.91666666666666
2026-08-04T14:42:00+00:00,CPUUtilization,50.70166666666667
2026-08-04T14:47:00+00:00,CPUUtilization,50.94500000000001
2026-08-04T14:52:00+00:00,CPUUtilization,50.73
2026-08-04T14:57:00+00:00,CPUUtilization,51.091666666666654
2026-08-04T15:02:00+00:00,CPUUtilization,50.666666666666664
2026-08-04T15:07:00+00:00,CPUUtilization,50.75
2026-08-04T15:12:00+00:00,CPUUtilization,50.46666666666666
2026-08-04T15:17:00+00:00,CPUUtilization,50.876666666666665
2026-08-04T15:22:00+00:00,CPUUtilization,50.60833333333333
2026-08-04T15:27:00+00:00,CPUUtilization,50.93833333333333
2026-08-04T15:32:00+00:00,CPUUtilization,50.531666666666666
2026-08-04T15:37:00+00:00,CPUUtilization,50.754999999999995
2026-08-04T15:42:00+00:00,CPUUtilization,50.666666666666664
2026-08-04T15:47:00+00:00,CPUUtilization,50.79833333333333
2026-08-04T15:52:00+00:00,CPUUtilization,50.78666666666666
2026-08-04T15:57:00+00:00,CPUUtilization,50.516666666666666
2026-08-04T16:02:00+00:00,CPUUtilization,50.769999999999996
2026-08-04T16:07:00+00:00,CPUUtilization,50.44833333333334
2026-08-04T16:12:00+00:00,CPUUtilization,50.663333333333334
2026-08-04T16:17:00+00:00,CPUUtilization,50.49166666666666
2026-08-04T16:22:00+00:00,CPUUtilization,50.79666666666667
2026-08-04T16:27:00+00:00,CPUUtilization,50.43166666666667
2026-08-04T16:32:00+00:00,CPUUtilization,50.63166666666667
2026-08-04T16:37:00+00:00,CPUUtilization,50.516666666666666
2026-08-04T16:42:00+00:00,CPUUtilization,50.66333333333334
2026-08-04T16:47:00+00:00,CPUUtilization,50.52999999999999
2026-08-04T16:52:00+00:00,CPUUtilization,50.67666666666667
2026-08-04T16:57:00+00:00,CPUUtilization,50.695
2026-08-04T17:02:00+00:00,CPUUtilization,50.843333333333334
2026-08-04T17:07:00+00:00,CPUUtilization,50.540000000000006
2026-08-04T17:12:00+00:00,CPUUtilization,50.894999999999996
2026-08-04T17:17:00+00:00,CPUUtilization,50.511666666666656
2026-08-04T17:22:00+00:00,CPUUtilization,50.79
2026-08-04T17:27:00+00:00,CPUUtilization,50.68333333333333
2026-08-04T17:32:00+00:00,CPUUtilization,50.81999999999999
2026-08-04T17:37:00+00:00,CPUUtilization,50.55166666666667
2026-08-04T17:42:00+00:00,CPUUtilization,50.92666666666667
2026-08-04T17:47:00+00:00,CPUUtilization,50.73166666666667
2026-08-04T17:52:00+00:00,CPUUtilization,50.93333333333333
2026-08-04T17:57:00+00:00,CPUUtilization,50.47333333333333
2026-08-04T18:02:00+00:00,CPUUtilization,50.87666666666667
2026-08-04T18:07:00+00:00,CPUUtilization,50.654999999999994
2026-08-04T18:12:00+00:00,CPUUtilization,50.663333333333334
2026-08-04T18:17:00+00:00,CPUUtilization,50.70166666666667
2026-08-04T18:22:00+00:00,CPUUtilization,50.86999999999999
2026-08-04T18:27:00+00:00,CPUUtilization,50.541666666666664
2026-08-04T18:32:00+00:00,CPUUtilization,50.72166666666666
2026-08-04T18:37:00+00:00,CPUUtilization,50.51333333333333
2026-08-04T18:42:00+00:00,CPUUtilization,50.65
2026-08-04T18:47:00+00:00,CPUUtilization,50.584999999999994
2026-08-04T18:52:00+00:00,CPUUtilization,50.81999999999999
2026-08-04T18:57:00+00:00,CPUUtilization,50.586666666666666
2026-08-04T19:02:00+00:00,CPUUtilization,50.92166666666666
2026-08-04T19:07:00+00:00,CPUUtilization,50.559999999999995
2026-08-04T19:12:00+00:00,CPUUtilization,50.92166666666667
2026-08-04T19:17:00+00:00,CPUUtilization,50.58999999999999
2026-08-04T19:22:00+00:00,CPUUtilization,50.87833333333333
2026-08-04T19:27:00+00:00,CPUUtilization,50.385000000000005
2026-08-04T19:32:00+00:00,CPUUtilization,50.876666666666665
2026-08-04T19:37:00+00:00,CPUUtilization,50.53833333333333
2026-08-04T19:42:00+00:00,CPUUtilization,50.82166666666667
2026-08-04T19:47:00+00:00,CPUUtilization,50.473333333333336
2026-08-04T19:52:00+00:00,CPUUtilization,50.69833333333334
2026-08-04T19:57:00+00:00,CPUUtilization,50.92833333333333
2026-08-04T20:02:00+00:00,CPUUtilization,50.85166666666667
2026-08-04T20:07:00+00:00,CPUUtilization,50.60666666666667
2026-08-04T20:12:00+00:00,CPUUtilization,50.85166666666667
2026-08-04T20:17:00+00:00,CPUUtilization,50.593333333333334
2026-08-04T20:22:00+00:00,CPUUtilization,50.84666666666667
2026-08-04T20:27:00+00:00,CPUUtilization,50.62
2026-08-04T20:32:00+00:00,CPUUtilization,50.87666666666667
2026-08-04T20:37:00+00:00,CPUUtilization,50.651666666666664
2026-08-04T20:42:00+00:00,CPUUtilization,50.92166666666666
2026-08-04T20:47:00+00:00,CPUUtilization,50.596666666666664
2026-08-04T20:52:00+00:00,CPUUtilization,50.575
2026-08-04T20:57:00+00:00,CPUUtilization,50.6
2026-08-04T21:02:00+00:00,CPUUtilization,50.713333333333324
2026-08-04T21:07:00+00:00,CPUUtilization,50.38833333333333
2026-08-04T21:12:00+00:00,CPUUtilization,50.80500000000001
2026-08-04T21:17:00+00:00,CPUUtilization,50.681666666666665
2026-08-04T21:22:00+00:00,CPUUtilization,50.76666666666666
2026-08-04T21:27:00+00:00,CPUUtilization,50.72666666666667
2026-08-04T21:32:00+00:00,CPUUtilization,50.58333333333333
2026-08-04T21:37:00+00:00,CPUUtilization,50.88333333333333
2026-08-04T21:42:00+00:00,CPUUtilization,50.59333333333333
2026-08-04T21:47:00+00:00,CPUUtilization,51.026666666666664
2026-08-04T21:52:00+00:00,CPUUtilization,50.458333333333336
2026-08-04T21:57:00+00:00,CPUUtilization,50.745
2026-08-04T22:02:00+00:00,CPUUtilization,50.08833333333333
2026-08-04T22:07:00+00:00,CPUUtilization,50.71
2026-08-04T22:12:00+00:00,CPUUtilization,50.395
2026-08-04T22:17:00+00:00,CPUUtilization,50.79666666666667
2026-08-04T22:22:00+00:00,CPUUtilization,50.66
2026-08-04T22:27:00+00:00,CPUUtilization,50.95
2026-08-04T22:32:00+00:00,CPUUtilization,50.69499999999999
2026-08-04T22:37:00+00:00,CPUUtilization,50.9
2026-08-04T22:42:00+00:00,CPUUtilization,50.68166666666666
2026-08-04T22:47:00+00:00,CPUUtilization,50.891666666666666
2026-08-04T22:52:00+00:00,CPUUtilization,50.58333333333333
2026-08-04T22:57:00+00:00,CPUUtilization,51.07833333333333
2026-08-04T23:02:00+00:00,CPUUtilization,50.84833333333333
2026-08-04T23:07:00+00:00,CPUUtilization,50.876666666666665
2026-08-04T23:12:00+00:00,CPUUtilization,50.70833333333333
2026-08-04T23:17:00+00:00,CPUUtilization,50.779999999999994
2026-08-04T23:22:00+00:00,CPUUtilization,50.77666666666667
2026-08-04T23:27:00+00:00,CPUUtilization,50.87166666666666
2026-08-04T23:32:00+00:00,CPUUtilization,50.593333333333334
2026-08-04T23:37:00+00:00,CPUUtilization,50.785000000000004
2026-08-04T23:42:00+00:00,CPUUtilization,50.489999999999995
2026-08-04T23:47:00+00:00,CPUUtilization,50.525
2026-08-04T23:52:00+00:00,CPUUtilization,50.58166666666666
2026-08-04T23:57:00+00:00,CPUUtilization,50.735
2026-08-05T00:02:00+00:00,CPUUtilization,50.30166666666666
2026-08-05T00:07:00+00:00,CPUUtilization,50.445
2026-08-05T00:12:00+00:00,CPUUtilization,50.55833333333334
2026-08-05T00:17:00+00:00,CPUUtilization,50.90333333333333
2026-08-05T00:22:00+00:00,CPUUtilization,50.50333333333334
2026-08-05T00:27:00+00:00,CPUUtilization,50.97833333333333
2026-08-05T00:32:00+00:00,CPUUtilization,50.79
2026-08-05T00:37:00+00:00,CPUUtilization,50.959999999999994
2026-08-05T00:42:00+00:00,CPUUtilization,50.54
2026-08-05T00:47:00+00:00,CPUUtilization,50.86333333333334
2026-08-05T00:52:00+00:00,CPUUtilization,50.763333333333335
2026-08-05T00:57:00+00:00,CPUUtilization,50.995
2026-08-05T01:02:00+00:00,CPUUtilization,50.65
2026-08-05T01:07:00+00:00,CPUUtilization,50.913333333333334
2026-08-05T01:12:00+00:00,CPUUtilization,50.48833333333333
2026-08-05T01:17:00+00:00,CPUUtilization,50.80166666666666
2026-08-05T01:22:00+00:00,CPUUtilization,50.805
2026-08-05T01:27:00+00:00,CPUUtilization,51.083333333333336
2026-08-05T01:32:00+00:00,CPUUtilization,50.63333333333333
2026-08-05T01:37:00+00:00,CPUUtilization,50.87499999999999
2026-08-05T01:42:00+00:00,CPUUtilization,50.69833333333334
2026-08-05T01:47:00+00:00,CPUUtilization,50.75333333333334
2026-08-05T01:52:00+00:00,CPUUtilization,50.611666666666665
2026-08-05T01:57:00+00:00,CPUUtilization,50.86333333333333
2026-08-05T02:02:00+00:00,CPUUtilization,49.96333333333333
2026-08-05T02:07:00+00:00,CPUUtilization,50.36333333333333
2026-08-05T02:12:00+00:00,CPUUtilization,50.13333333333334
2026-08-05T02:17:00+00:00,CPUUtilization,50.651666666666664
2026-08-05T02:22:00+00:00,CPUUtilization,50.588333333333324
2026-08-05T02:27:00+00:00,CPUUtilization,50.875
2026-08-05T02:32:00+00:00,CPUUtilization,50.56166666666667
2026-08-05T02:37:00+00:00,CPUUtilization,50.87833333333333
2026-08-05T02:42:00+00:00,CPUUtilization,50.336666666666666
2026-08-05T02:47:00+00:00,CPUUtilization,50.69
2026-08-05T02:52:00+00:00,CPUUtilization,50.25333333333332
2026-08-05T02:57:00+00:00,CPUUtilization,50.93333333333333
2026-08-05T03:02:00+00:00,CPUUtilization,50.56333333333334
2026-08-05T03:07:00+00:00,CPUUtilization,50.725
2026-08-05T03:12:00+00:00,CPUUtilization,50.50666666666666
2026-08-05T03:17:00+00:00,CPUUtilization,50.59166666666666
2026-08-05T03:22:00+00:00,CPUUtilization,50.43666666666666
2026-08-05T03:27:00+00:00,CPUUtilization,50.23166666666667
2026-08-05T03:32:00+00:00,CPUUtilization,49.95833333333333
2026-08-05T03:37:00+00:00,CPUUtilization,50.769999999999996
2026-08-05T03:42:00+00:00,CPUUtilization,50.15333333333333
2026-08-05T03:47:00+00:00,CPUUtilization,50.218333333333334
2026-08-05T03:52:00+00:00,CPUUtilization,49.91166666666667
2026-08-05T03:57:00+00:00,CPUUtilization,50.57
2026-08-05T04:02:00+00:00,CPUUtilization,51.58
2026-08-05T04:07:00+00:00,CPUUtilization,50.55833333333334
2026-08-05T04:12:00+00:00,CPUUtilization,50.44
2026-08-05T04:17:00+00:00,CPUUtilization,50.88166666666667
2026-08-05T04:22:00+00:00,CPUUtilization,50.87499999999999
2026-08-05T04:27:00+00:00,CPUUtilization,50.83333333333333
2026-08-05T04:32:00+00:00,CPUUtilization,50.58166666666666
2026-08-05T04:37:00+00:00,CPUUtilization,50.39666666666666
2026-08-05T04:42:00+00:00,CPUUtilization,50.70166666666667
2026-08-05T04:47:00+00:00,CPUUtilization,50.46666666666666
2026-08-05T04:52:00+00:00,CPUUtilization,50.74666666666666
2026-08-05T04:57:00+00:00,CPUUtilization,50.47333333333333
2026-08-05T05:02:00+00:00,CPUUtilization,51.06333333333333
2026-08-05T05:07:00+00:00,CPUUtilization,50.33166666666667
2026-08-05T05:12:00+00:00,CPUUtilization,50.35166666666667
2026-08-05T05:17:00+00:00,CPUUtilization,49.98166666666667
2026-08-05T05:22:00+00:00,CPUUtilization,50.43999999999999
2026-08-05T05:27:00+00:00,CPUUtilization,50.35666666666666
2026-08-05T05:32:00+00:00,CPUUtilization,50.33666666666666
2026-08-05T05:37:00+00:00,CPUUtilization,50.42
2026-08-05T05:42:00+00:00,CPUUtilization,50.26333333333333
2026-08-05T05:47:00+00:00,CPUUtilization,50.031666666666666
2026-08-05T05:52:00+00:00,CPUUtilization,50.05833333333333
2026-08-05T05:57:00+00:00,CPUUtilization,50.09166666666666
2026-08-05T06:02:00+00:00,CPUUtilization,50.05333333333333
2026-08-05T06:07:00+00:00,CPUUtilization,50.233333333333334
2026-08-05T06:12:00+00:00,CPUUtilization,50.53166666666666
2026-08-05T06:17:00+00:00,CPUUtilization,50.71333333333333
2026-08-05T06:22:00+00:00,CPUUtilization,50.626666666666665
2026-08-05T06:27:00+00:00,CPUUtilization,50.295
2026-08-05T06:32:00+00:00,CPUUtilization,50.611666666666665
2026-08-05T06:37:00+00:00,CPUUtilization,50.62166666666666
2026-08-05T06:42:00+00:00,CPUUtilization,50.77499999999999
2026-08-05T06:47:00+00:00,CPUUtilization,50.34166666666666
2026-08-05T06:52:00+00:00,CPUUtilization,50.611666666666665
2026-08-05T06:57:00+00:00,CPUUtilization,50.39666666666667
2026-08-05T07:02:00+00:00,CPUUtilization,50.199999999999996
2026-08-05T07:07:00+00:00,CPUUtilization,50.699999999999996
2026-08-05T07:12:00+00:00,CPUUtilization,50.945
2026-08-05T07:17:00+00:00,CPUUtilization,50.33333333333333
2026-08-05T07:22:00+00:00,CPUUtilization,50.21666666666666
2026-08-05T07:27:00+00:00,CPUUtilization,49.79
2026-08-05T07:32:00+00:00,CPUUtilization,50.43333333333334
2026-08-05T07:37:00+00:00,CPUUtilization,50.526666666666664
2026-08-05T07:42:00+00:00,CPUUtilization,50.43333333333333
2026-08-05T07:47:00+00:00,CPUUtilization,50.22833333333333
2026-08-05T07:52:00+00:00,CPUUtilization,50.75833333333333
2026-08-05T07:57:00+00:00,CPUUtilization,50.40333333333333
2026-08-05T08:02:00+00:00,CPUUtilization,50.733333333333334
2026-08-05T08:07:00+00:00,CPUUtilization,50.64333333333333
2026-08-05T08:12:00+00:00,CPUUtilization,51.00333333333332
2026-08-05T08:17:00+00:00,CPUUtilization,50.59666666666666
2026-08-05T08:22:00+00:00,CPUUtilization,50.656666666666666
2026-08-05T08:27:00+00:00,CPUUtilization,50.485
2026-08-05T08:32:00+00:00,CPUUtilization,50.68166666666666
2026-08-05T08:37:00+00:00,CPUUtilization,50.163333333333334
2026-08-05T08:42:00+00:00,CPUUtilization,50.57666666666667
2026-08-05T08:47:00+00:00,CPUUtilization,50.47666666666667
2026-08-05T08:52:00+00:00,CPUUtilization,50.86666666666666
2026-08-05T08:57:00+00:00,CPUUtilization,50.31833333333333
2026-08-05T09:02:00+00:00,CPUUtilization,50.41166666666667
2026-08-05T09:07:00+00:00,CPUUtilization,50.05833333333334
2026-08-05T09:12:00+00:00,CPUUtilization,50.55166666666666
2026-08-05T09:17:00+00:00,CPUUtilization,50.50500000000001
2026-08-05T09:22:00+00:00,CPUUtilization,50.89999999999999
2026-08-05T09:27:00+00:00,CPUUtilization,50.459999999999994
2026-08-05T09:32:00+00:00,CPUUtilization,50.099999999999994
2026-08-05T09:37:00+00:00,CPUUtilization,50.06833333333333
2026-08-05T09:42:00+00:00,CPUUtilization,50.584999999999994
2026-08-05T09:47:00+00:00,CPUUtilization,50.125
2026-08-05T09:52:00+00:00,CPUUtilization,51.008333333333326
2026-08-05T09:57:00+00:00,CPUUtilization,49.658333333333324
2026-08-05T10:02:00+00:00,CPUUtilization,50.91
2026-08-05T10:07:00+00:00,CPUUtilization,50.46833333333333
2026-08-05T10:12:00+00:00,CPUUtilization,50.12833333333333
2026-08-05T10:17:00+00:00,CPUUtilization,50.56666666666666
2026-08-05T10:22:00+00:00,CPUUtilization,50.815
2026-08-05T10:27:00+00:00,CPUUtilization,50.47666666666667
2026-08-05T10:32:00+00:00,CPUUtilization,50.64
2026-08-05T10:37:00+00:00,CPUUtilization,50.5
2026-08-05T10:42:00+00:00,CPUUtilization,50.778333333333336
2026-08-05T10:47:00+00:00,CPUUtilization,50.49333333333333
2026-08-05T10:52:00+00:00,CPUUtilization,50.46
2026-08-05T10:57:00+00:00,CPUUtilization,50.086666666666666
2026-08-05T11:02:00+00:00,CPUUtilization,50.25166666666666
2026-08-05T11:07:00+00:00,CPUUtilization,50.291666666666664
2026-08-05T11:12:00+00:00,CPUUtilization,49.66166666666666
2026-08-05T11:17:00+00:00,CPUUtilization,49.40666666666667
2026-08-05T11:22:00+00:00,CPUUtilization,50.24833333333332
2026-08-05T11:27:00+00:00,CPUUtilization,49.968333333333334
2026-08-05T11:32:00+00:00,CPUUtilization,49.63666666666667
2026-08-05T11:37:00+00:00,CPUUtilization,50.44499999999999
2026-08-05T11:42:00+00:00,CPUUtilization,49.69833333333334
2026-08-05T11:47:00+00:00,CPUUtilization,49.94166666666666
2026-08-05T11:52:00+00:00,CPUUtilization,50.21333333333333
2026-08-05T11:57:00+00:00,CPUUtilization,50.68666666666667
2026-08-05T12:02:00+00:00,CPUUtilization,49.82000000000001
2026-08-05T12:07:00+00:00,CPUUtilization,49.993333333333325
2026-08-05T12:12:00+00:00,CPUUtilization,50.385
2026-08-05T12:17:00+00:00,CPUUtilization,50.89
2026-08-05T12:22:00+00:00,CPUUtilization,49.995
2026-08-05T12:27:00+00:00,CPUUtilization,49.855000000000004
2026-08-05T12:32:00+00:00,CPUUtilization,50.288333333333334
2026-08-05T12:37:00+00:00,CPUUtilization,50.714999999999996
2026-08-05T12:42:00+00:00,CPUUtilization,49.824999999999996
2026-08-05T12:47:00+00:00,CPUUtilization,49.89999999999999
2026-08-05T12:52:00+00:00,CPUUtilization,50.400000000000006
2026-08-05T12:57:00+00:00,CPUUtilization,50.665
2026-08-05T13:02:00+00:00,CPUUtilization,49.52499999999999
2026-08-05T13:07:00+00:00,CPUUtilization,50.165
2026-08-05T13:12:00+00:00,CPUUtilization,50.653333333333336
2026-08-05T13:17:00+00:00,CPUUtilization,50.635
2026-08-05T13:22:00+00:00,CPUUtilization,50.23166666666667
2026-08-05T13:27:00+00:00,CPUUtilization,50.15666666666667
2026-08-05T13:32:00+00:00,CPUUtilization,50.30166666666666
2026-08-05T13:37:00+00:00,CPUUtilization,50.413158821563535
2026-08-05T13:42:00+00:00,CPUUtilization,51.14666666666667
2026-08-05T13:47:00+00:00,CPUUtilization,49.405
2026-08-05T13:52:00+00:00,CPUUtilization,50.45833333333333
2026-08-05T13:57:00+00:00,CPUUtilization,49.74333333333333
2026-08-05T14:02:00+00:00,CPUUtilization,49.19833333333333
2026-08-05T14:07:00+00:00,CPUUtilization,48.71666666666666
2026-08-05T14:12:00+00:00,CPUUtilization,49.015
2026-08-05T14:17:00+00:00,CPUUtilization,49.864999999999995
2026-08-05T14:22:00+00:00,CPUUtilization,50.175
2026-08-05T14:27:00+00:00,CPUUtilization,50.24166666666666
2026-08-05T14:32:00+00:00,CPUUtilization,51.053333333333335
2026-08-05T14:37:00+00:00,CPUUtilization,50.605
2026-08-05T14:42:00+00:00,CPUUtilization,51.06833333333333
2026-08-05T14:47:00+00:00,CPUUtilization,50.61833333333334
2026-08-05T14:52:00+00:00,CPUUtilization,50.88499999999999
2026-08-05T14:57:00+00:00,CPUUtilization,50.41833333333333
2026-08-05T15:02:00+00:00,CPUUtilization,49.836666666666666
2026-08-05T15:07:00+00:00,CPUUtilization,49.37833333333334
2026-08-05T15:12:00+00:00,CPUUtilization,50.72666666666667
2026-08-05T15:17:00+00:00,CPUUtilization,50.475
2026-08-05T15:22:00+00:00,CPUUtilization,51.025
2026-08-05T15:27:00+00:00,CPUUtilization,50.71666666666667
2026-08-05T15:32:00+00:00,CPUUtilization,50.901666666666664
2026-08-05T15:37:00+00:00,CPUUtilization,50.70166666666667
2026-08-05T15:42:00+00:00,CPUUtilization,50.851666666666674
2026-08-05T15:47:00+00:00,CPUUtilization,50.57666666666667
2026-08-05T15:52:00+00:00,CPUUtilization,50.868333333333325
2026-08-05T15:57:00+00:00,CPUUtilization,50.75499999999999
2026-08-05T16:02:00+00:00,CPUUtilization,50.964999999999996
2026-08-05T16:07:00+00:00,CPUUtilization,50.665
2026-08-05T16:12:00+00:00,CPUUtilization,50.78833333333334
2026-08-05T16:17:00+00:00,CPUUtilization,50.81
2026-08-05T16:22:00+00:00,CPUUtilization,51.015
2026-08-05T16:27:00+00:00,CPUUtilization,50.68
2026-08-05T16:32:00+00:00,CPUUtilization,50.70666666666666
2026-08-05T16:37:00+00:00,CPUUtilization,50.69833333333333
2026-08-05T16:42:00+00:00,CPUUtilization,50.733333333333334
2026-08-05T16:47:00+00:00,CPUUtilization,50.60999999999999
2026-08-05T16:52:00+00:00,CPUUtilization,50.92166666666667
2026-08-05T16:57:00+00:00,CPUUtilization,50.61
2026-08-05T17:02:00+00:00,CPUUtilization,50.815
2026-08-05T17:07:00+00:00,CPUUtilization,50.99499999999999
2026-08-05T17:12:00+00:00,CPUUtilization,50.62833333333333
2026-08-05T17:17:00+00:00,CPUUtilization,46.848333333333336
2026-08-05T17:22:00+00:00,CPUUtilization,47.391666666666666
2026-08-05T17:27:00+00:00,CPUUtilization,50.665000000000006
2026-08-05T17:32:00+00:00,CPUUtilization,50.836666666666666
2026-08-05T17:37:00+00:00,CPUUtilization,50.68166666666667
2026-08-05T17:42:00+00:00,CPUUtilization,50.92166666666666
2026-08-05T17:47:00+00:00,CPUUtilization,50.608333333333334
2026-08-05T17:52:00+00:00,CPUUtilization,50.995000000000005
2026-08-05T17:57:00+00:00,CPUUtilization,50.891666666666666
2026-08-05T18:02:00+00:00,CPUUtilization,50.44333333333333
2026-08-05T18:07:00+00:00,CPUUtilization,51.025
2026-08-05T18:12:00+00:00,CPUUtilization,50.53166666666666
2026-08-05T18:17:00+00:00,CPUUtilization,50.71666666666666
2026-08-05T18:22:00+00:00,CPUUtilization,50.745
2026-08-05T18:27:00+00:00,CPUUtilization,50.745000000000005
2026-08-05T18:32:00+00:00,CPUUtilization,50.69
2026-08-05T18:37:00+00:00,CPUUtilization,50.765
2026-08-05T18:42:00+00:00,CPUUtilization,50.52166666666667
2026-08-05T18:47:00+00:00,CPUUtilization,50.89333333333333
2026-08-05T18:52:00+00:00,CPUUtilization,50.68333333333334
2026-08-05T18:57:00+00:00,CPUUtilization,50.95333333333333
2026-08-05T19:02:00+00:00,CPUUtilization,50.56166666666667
2026-08-05T19:07:00+00:00,CPUUtilization,50.925
2026-08-05T19:12:00+00:00,CPUUtilization,50.721666666666664
2026-08-05T19:17:00+00:00,CPUUtilization,50.84833333333333
2026-08-05T19:22:00+00:00,CPUUtilization,50.54166666666667
2026-08-05T19:27:00+00:00,CPUUtilization,50.85
2026-08-05T19:32:00+00:00,CPUUtilization,50.368333333333325
2026-08-05T19:37:00+00:00,CPUUtilization,50.858333333333334
2026-08-05T19:42:00+00:00,CPUUtilization,50.401666666666664
2026-08-05T19:47:00+00:00,CPUUtilization,47.29833333333333
2026-08-05T19:52:00+00:00,CPUUtilization,47.27333333333333
2026-08-05T19:57:00+00:00,CPUUtilization,47.55499999999999
2026-08-05T20:02:00+00:00,CPUUtilization,47.498333333333335
2026-08-05T20:07:00+00:00,CPUUtilization,50.68166666666666
2026-08-05T20:12:00+00:00,CPUUtilization,50.69166666666666
2026-08-05T20:17:00+00:00,CPUUtilization,50.86333333333333
2026-08-05T20:22:00+00:00,CPUUtilization,50.56666666666666
2026-08-05T20:27:00+00:00,CPUUtilization,51.008333333333326
2026-08-05T20:32:00+00:00,CPUUtilization,50.75666666666667
2026-08-05T20:37:00+00:00,CPUUtilization,50.84333333333333
2026-08-05T20:42:00+00:00,CPUUtilization,50.63666666666667
2026-08-05T20:47:00+00:00,CPUUtilization,51.044999999999995
2026-08-05T20:52:00+00:00,CPUUtilization,50.64999999999999
2026-08-05T20:57:00+00:00,CPUUtilization,50.95
2026-08-05T21:02:00+00:00,CPUUtilization,50.74333333333333
2026-08-05T21:07:00+00:00,CPUUtilization,51.045
2026-08-05T21:12:00+00:00,CPUUtilization,50.61333333333333
2026-08-05T21:17:00+00:00,CPUUtilization,50.964999999999996
2026-08-05T21:22:00+00:00,CPUUtilization,50.598333333333336
2026-08-05T21:27:00+00:00,CPUUtilization,50.849999999999994
2026-08-05T21:32:00+00:00,CPUUtilization,50.69833333333334
2026-08-05T21:37:00+00:00,CPUUtilization,50.92333333333333
2026-08-05T21:42:00+00:00,CPUUtilization,50.246666666666655
2026-08-05T21:47:00+00:00,CPUUtilization,50.93666666666667
2026-08-05T21:52:00+00:00,CPUUtilization,50.8
2026-08-05T21:57:00+00:00,CPUUtilization,47.651666666666664
2026-08-05T22:02:00+00:00,CPUUtilization,47.57
2026-08-05T22:07:00+00:00,CPUUtilization,48.10666666666667
2026-08-05T22:12:00+00:00,CPUUtilization,50.63666666666666
2026-08-05T22:17:00+00:00,CPUUtilization,47.496666666666655
2026-08-05T22:22:00+00:00,CPUUtilization,47.575
2026-08-05T22:27:00+00:00,CPUUtilization,47.90666666666666
2026-08-05T22:32:00+00:00,CPUUtilization,47.52499999999999
2026-08-05T22:37:00+00:00,CPUUtilization,50.02833333333333
2026-08-05T22:42:00+00:00,CPUUtilization,48.52833333333333
2026-08-05T22:47:00+00:00,CPUUtilization,47.57
2026-08-05T22:52:00+00:00,CPUUtilization,47.565
2026-08-05T22:57:00+00:00,CPUUtilization,47.61999999999999
2026-08-05T23:02:00+00:00,CPUUtilization,48.1
2026-08-05T23:07:00+00:00,CPUUtilization,48.95666666666666
2026-08-05T23:12:00+00:00,CPUUtilization,45.90333333333332
2026-08-05T23:17:00+00:00,CPUUtilization,46.11333333333333
2026-08-05T23:22:00+00:00,CPUUtilization,46.864999999999995
2026-08-05T23:27:00+00:00,CPUUtilization,50.24666666666667
2026-08-05T23:32:00+00:00,CPUUtilization,50.85666666666667
2026-08-05T23:37:00+00:00,CPUUtilization,51.023333333333326
2026-08-05T23:42:00+00:00,CPUUtilization,50.968333333333334
2026-08-05T23:47:00+00:00,CPUUtilization,50.485
2026-08-05T23:52:00+00:00,CPUUtilization,50.89666722702226
2026-08-05T23:57:00+00:00,CPUUtilization,50.90333333333333
2026-08-06T00:02:00+00:00,CPUUtilization,50.894999999999996
2026-08-06T00:07:00+00:00,CPUUtilization,50.71500000000001
2026-08-06T00:12:00+00:00,CPUUtilization,50.773333333333326
2026-08-06T00:17:00+00:00,CPUUtilization,50.74166666666666
2026-08-06T00:22:00+00:00,CPUUtilization,50.92666666666666
2026-08-06T00:27:00+00:00,CPUUtilization,50.766666666666666
2026-08-06T00:32:00+00:00,CPUUtilization,50.94166666666666
2026-08-06T00:37:00+00:00,CPUUtilization,50.595
2026-08-06T00:42:00+00:00,CPUUtilization,50.95333333333333
2026-08-06T00:47:00+00:00,CPUUtilization,50.46666666666666
2026-08-06T00:52:00+00:00,CPUUtilization,50.74
2026-08-06T00:57:00+00:00,CPUUtilization,50.63833333333333
2026-08-06T01:02:00+00:00,CPUUtilization,50.959999999999994
2026-08-06T01:07:00+00:00,CPUUtilization,50.629999999999995
2026-08-06T01:12:00+00:00,CPUUtilization,50.654999999999994
2026-08-06T01:17:00+00:00,CPUUtilization,50.46166666666666
2026-08-06T01:22:00+00:00,CPUUtilization,50.235
2026-08-06T01:27:00+00:00,CPUUtilization,48.751666666666665
2026-08-06T01:32:00+00:00,CPUUtilization,50.07666666666667
2026-08-06T01:37:00+00:00,CPUUtilization,49.675000000000004
2026-08-06T01:42:00+00:00,CPUUtilization,49.90666666666667
2026-08-06T01:47:00+00:00,CPUUtilization,50.125
2026-08-06T01:52:00+00:00,CPUUtilization,50.06166666666665
2026-08-06T01:57:00+00:00,CPUUtilization,49.721666666666664
2026-08-06T02:02:00+00:00,CPUUtilization,49.83333333333333
2026-08-06T02:07:00+00:00,CPUUtilization,49.84166666666666
2026-08-06T02:12:00+00:00,CPUUtilization,50.22833333333333
2026-08-06T02:17:00+00:00,CPUUtilization,50.053333333333335
2026-08-06T02:22:00+00:00,CPUUtilization,51.11333333333333
2026-08-06T02:27:00+00:00,CPUUtilization,49.80333333333333
2026-08-06T02:32:00+00:00,CPUUtilization,50.18833333333333
2026-08-06T02:37:00+00:00,CPUUtilization,50.063333333333325
2026-08-06T02:42:00+00:00,CPUUtilization,50.059999999999995
2026-08-06T02:47:00+00:00,CPUUtilization,49.848333333333336
2026-08-06T02:52:00+00:00,CPUUtilization,50.025
2026-08-06T02:57:00+00:00,CPUUtilization,50.596666666666664
2026-08-06T03:02:00+00:00,CPUUtilization,49.97666666666667
2026-08-06T03:07:00+00:00,CPUUtilization,49.455
2026-08-06T03:12:00+00:00,CPUUtilization,49.54333333333333
2026-08-06T03:17:00+00:00,CPUUtilization,49.62
2026-08-06T03:22:00+00:00,CPUUtilization,49.96333333333333
2026-08-06T03:27:00+00:00,CPUUtilization,50.545
2026-08-06T03:32:00+00:00,CPUUtilization,49.608333333333334
2026-08-06T03:37:00+00:00,CPUUtilization,49.55166666666666
2026-08-06T03:42:00+00:00,CPUUtilization,49.92999999999999
2026-08-06T03:47:00+00:00,CPUUtilization,50.254999999999995
2026-08-06T03:52:00+00:00,CPUUtilization,50.49333333333334
2026-08-06T03:57:00+00:00,CPUUtilization,50.711666666666666
2026-08-06T04:02:00+00:00,CPUUtilization,50.83166666666666
2026-08-06T04:07:00+00:00,CPUUtilization,50.50999999999999
2026-08-06T04:12:00+00:00,CPUUtilization,50.824999999999996
2026-08-06T04:17:00+00:00,CPUUtilization,50.52833333333332
2026-08-06T04:22:00+00:00,CPUUtilization,50.669999999999995
2026-08-06T04:27:00+00:00,CPUUtilization,51.983333333333334
2026-08-06T04:32:00+00:00,CPUUtilization,50.371666666666655
2026-08-06T04:37:00+00:00,CPUUtilization,50.236666666666665
2026-08-06T04:42:00+00:00,CPUUtilization,50.49499999999999
2026-08-06T04:47:00+00:00,CPUUtilization,50.63333333333333
2026-08-06T04:52:00+00:00,CPUUtilization,50.766666666666666
2026-08-06T04:57:00+00:00,CPUUtilization,49.91166666666666
2026-08-06T05:02:00+00:00,CPUUtilization,50.50666666666666
2026-08-06T05:07:00+00:00,CPUUtilization,50.241666666666674
2026-08-06T05:12:00+00:00,CPUUtilization,48.986666666666665
2026-08-06T05:17:00+00:00,CPUUtilization,46.938333333333325
2026-08-06T05:22:00+00:00,CPUUtilization,51.011666666666656
2026-08-06T05:27:00+00:00,CPUUtilization,49.67833333333333
2026-08-06T05:32:00+00:00,CPUUtilization,50.81666666666667
2026-08-06T05:37:00+00:00,CPUUtilization,50.63499999999999
2026-08-06T05:42:00+00:00,CPUUtilization,50.775
2026-08-06T05:47:00+00:00,CPUUtilization,50.62
2026-08-06T05:52:00+00:00,CPUUtilization,50.748333333333335
2026-08-06T05:57:00+00:00,CPUUtilization,50.61333333333333
2026-08-06T06:02:00+00:00,CPUUtilization,51.626666666666665
2026-08-06T06:07:00+00:00,CPUUtilization,50.431666666666665
2026-08-06T06:12:00+00:00,CPUUtilization,50.71333333333333
2026-08-06T06:17:00+00:00,CPUUtilization,50.47
2026-08-06T06:22:00+00:00,CPUUtilization,50.52166666666666
2026-08-06T06:27:00+00:00,CPUUtilization,50.339999999999996
2026-08-06T06:32:00+00:00,CPUUtilization,50.656666666666666
2026-08-06T06:37:00+00:00,CPUUtilization,50.735
2026-08-06T06:42:00+00:00,CPUUtilization,50.39999999999999
2026-08-06T06:47:00+00:00,CPUUtilization,50.83333333333333
2026-08-06T06:52:00+00:00,CPUUtilization,50.64666666666666
2026-08-06T06:57:00+00:00,CPUUtilization,51.56666666666666
2026-08-06T07:02:00+00:00,CPUUtilization,50.29
2026-08-06T07:07:00+00:00,CPUUtilization,50.931666666666665
2026-08-06T07:12:00+00:00,CPUUtilization,50.46333333333333
2026-08-06T07:17:00+00:00,CPUUtilization,50.81
2026-08-06T07:22:00+00:00,CPUUtilization,50.665
2026-08-06T07:27:00+00:00,CPUUtilization,50.71833333333334
2026-08-06T07:32:00+00:00,CPUUtilization,50.285000000000004
2026-08-06T07:37:00+00:00,CPUUtilization,50.50833333333334
2026-08-06T07:42:00+00:00,CPUUtilization,50.43833333333333
2026-08-06T07:47:00+00:00,CPUUtilization,50.720000000000006
2026-08-06T07:52:00+00:00,CPUUtilization,50.629999999999995
2026-08-06T07:57:00+00:00,CPUUtilization,50.763333333333335
2026-08-06T08:02:00+00:00,CPUUtilization,50.388333333333335
2026-08-06T08:07:00+00:00,CPUUtilization,50.94833333333334
2026-08-06T08:12:00+00:00,CPUUtilization,50.46833333333333
2026-08-06T08:17:00+00:00,CPUUtilization,50.703333333333326
2026-08-06T08:22:00+00:00,CPUUtilization,50.16166666666667
2026-08-06T08:27:00+00:00,CPUUtilization,50.785
2026-08-06T08:32:00+00:00,CPUUtilization,50.603333333333325
2026-08-06T08:37:00+00:00,CPUUtilization,50.806666666666665
2026-08-06T08:42:00+00:00,CPUUtilization,50.43666666666667
2026-08-06T08:47:00+00:00,CPUUtilization,50.626666666666665
2026-08-06T08:52:00+00:00,CPUUtilization,50.20833333333333
2026-08-06T08:57:00+00:00,CPUUtilization,50.735
2026-08-06T09:02:00+00:00,CPUUtilization,50.47333333333333
2026-08-06T09:07:00+00:00,CPUUtilization,50.68
2026-08-06T09:12:00+00:00,CPUUtilization,50.464999999999996
2026-08-06T09:17:00+00:00,CPUUtilization,50.651666666666664
2026-08-06T09:22:00+00:00,CPUUtilization,50.61666666666666
2026-08-06T09:27:00+00:00,CPUUtilization,50.91166666666666
2026-08-06T09:32:00+00:00,CPUUtilization,50.51166666666667
2026-08-06T09:37:00+00:00,CPUUtilization,50.55833333333332
2026-08-06T09:42:00+00:00,CPUUtilization,50.66833333333334
2026-08-06T09:47:00+00:00,CPUUtilization,50.84166666666667
2026-08-06T09:52:00+00:00,CPUUtilization,50.59666666666667
2026-08-06T09:57:00+00:00,CPUUtilization,50.94166666666666
2026-08-06T10:02:00+00:00,CPUUtilization,50.608333333333334
2026-08-06T10:07:00+00:00,CPUUtilization,50.87166666666666
2026-08-06T10:12:00+00:00,CPUUtilization,50.41666666666667
2026-08-06T10:17:00+00:00,CPUUtilization,50.57333333333333
2026-08-06T10:22:00+00:00,CPUUtilization,50.42333333333333
2026-08-06T10:27:00+00:00,CPUUtilization,50.64333333333334
2026-08-06T10:32:00+00:00,CPUUtilization,50.401666666666664
2026-08-06T10:37:00+00:00,CPUUtilization,50.638333333333335
2026-08-06T10:42:00+00:00,CPUUtilization,50.50333333333333
2026-08-06T10:47:00+00:00,CPUUtilization,50.779999999999994
2026-08-06T10:52:00+00:00,CPUUtilization,50.593333333333334
2026-08-06T10:57:00+00:00,CPUUtilization,50.755
2026-08-06T11:02:00+00:00,CPUUtilization,50.45833333333333
2026-08-06T11:07:00+00:00,CPUUtilization,50.791666666666664
2026-08-06T11:12:00+00:00,CPUUtilization,50.45166666666667
2026-08-06T11:17:00+00:00,CPUUtilization,50.663333333333334
2026-08-06T11:22:00+00:00,CPUUtilization,50.41333333333334
2026-08-06T11:27:00+00:00,CPUUtilization,50.72833333333333
2026-08-06T11:32:00+00:00,CPUUtilization,50.36833333333333
2026-08-06T11:37:00+00:00,CPUUtilization,50.65166666666666
2026-08-06T11:42:00+00:00,CPUUtilization,50.55
2026-08-06T11:47:00+00:00,CPUUtilization,50.72
2026-08-06T11:52:00+00:00,CPUUtilization,50.501666666666665
2026-08-06T11:57:00+00:00,CPUUtilization,50.713333333333324
2026-08-06T12:02:00+00:00,CPUUtilization,50.486666666666665
2026-08-06T12:07:00+00:00,CPUUtilization,50.72833333333333
2026-08-06T12:12:00+00:00,CPUUtilization,50.72666666666667
2026-08-06T12:17:00+00:00,CPUUtilization,50.311666666666675
2026-08-06T12:22:00+00:00,CPUUtilization,50.904999999999994
2026-08-06T12:27:00+00:00,CPUUtilization,50.55666666666666
2026-08-06T12:32:00+00:00,CPUUtilization,50.68833333333333
2026-08-06T12:37:00+00:00,CPUUtilization,50.586666666666666
2026-08-06T12:42:00+00:00,CPUUtilization,50.66166666666667
2026-08-06T12:47:00+00:00,CPUUtilization,50.55
2026-08-06T12:52:00+00:00,CPUUtilization,50.56333333333333
2026-08-06T12:57:00+00:00,CPUUtilization,50.35166666666667
2026-08-06T13:02:00+00:00,CPUUtilization,50.79833333333333
2026-08-06T13:07:00+00:00,CPUUtilization,50.56999999999999
2026-08-06T13:12:00+00:00,CPUUtilization,50.611666666666665
2026-08-06T13:17:00+00:00,CPUUtilization,50.48166666666666
2026-08-06T13:22:00+00:00,CPUUtilization,50.66333333333333
2026-08-06T13:27:00+00:00,CPUUtilization,50.49166666666666
2026-08-06T13:32:00+00:00,CPUUtilization,50.65666666666666
2026-08-06T13:37:00+00:00,CPUUtilization,50.43833333333333
2026-08-06T13:42:00+00:00,CPUUtilization,50.699999999999996
2026-08-06T13:47:00+00:00,CPUUtilization,50.55499999999999
2026-08-06T13:52:00+00:00,CPUUtilization,50.644999999999996
2026-08-06T13:57:00+00:00,CPUUtilization,50.541666666666664
2026-08-06T14:02:00+00:00,CPUUtilization,50.69333333333333
2026-08-06T14:07:00+00:00,CPUUtilization,50.42333333333333
2026-08-06T14:12:00+00:00,CPUUtilization,50.635000000000005
2026-08-06T14:17:00+00:00,CPUUtilization,50.516666666666666
2026-08-06T14:22:00+00:00,CPUUtilization,50.82
2026-08-06T14:27:00+00:00,CPUUtilization,50.50333333333333
2026-08-06T14:32:00+00:00,CPUUtilization,50.626666666666665
2026-08-06T14:37:00+00:00,CPUUtilization,50.52833333333333
2026-08-06T14:42:00+00:00,CPUUtilization,50.92666666666666
2026-08-06T14:47:00+00:00,CPUUtilization,50.513333333333335
2026-08-06T14:52:00+00:00,CPUUtilization,50.75666666666667
2026-08-06T14:57:00+00:00,CPUUtilization,50.598333333333336
2026-08-06T15:02:00+00:00,CPUUtilization,50.63999999999999
2026-08-06T15:07:00+00:00,CPUUtilization,50.623333333333335
2026-08-06T15:12:00+00:00,CPUUtilization,50.78666666666667
2026-08-06T15:17:00+00:00,CPUUtilization,50.50333333333333
2026-08-06T15:22:00+00:00,CPUUtilization,50.73166666666667
2026-08-06T15:27:00+00:00,CPUUtilization,50.54833333333333
2026-08-06T15:32:00+00:00,CPUUtilization,50.709999999999994
2026-08-06T15:37:00+00:00,CPUUtilization,50.598333333333336
2026-08-06T15:42:00+00:00,CPUUtilization,50.77166666666666
2026-08-06T15:47:00+00:00,CPUUtilization,50.156666666666666
2026-08-06T15:52:00+00:00,CPUUtilization,50.541666666666664
2026-08-06T15:57:00+00:00,CPUUtilization,50.63333333333333
2026-08-06T16:02:00+00:00,CPUUtilization,50.61
2026-08-06T16:07:00+00:00,CPUUtilization,50.498333333333335
2026-08-06T16:12:00+00:00,CPUUtilization,50.70666666666666
2026-08-06T16:17:00+00:00,CPUUtilization,50.45
2026-08-06T16:22:00+00:00,CPUUtilization,50.62166666666667
2026-08-06T16:27:00+00:00,CPUUtilization,50.40333333333333
2026-08-06T16:32:00+00:00,CPUUtilization,50.629999999999995
2026-08-06T16:37:00+00:00,CPUUtilization,50.334999999999994
2026-08-06T16:42:00+00:00,CPUUtilization,50.705
2026-08-06T16:47:00+00:00,CPUUtilization,50.39666666666667
2026-08-06T16:52:00+00:00,CPUUtilization,50.60666666666666
2026-08-06T16:57:00+00:00,CPUUtilization,50.64
2026-08-06T17:02:00+00:00,CPUUtilization,50.58833333333333
2026-08-06T17:07:00+00:00,CPUUtilization,50.36666666666667
2026-08-06T17:12:00+00:00,CPUUtilization,50.410000000000004
2026-08-06T17:17:00+00:00,CPUUtilization,50.321666666666665
2026-08-06T17:22:00+00:00,CPUUtilization,50.65499999999999
2026-08-06T17:27:00+00:00,CPUUtilization,50.28666666666667
2026-08-06T17:32:00+00:00,CPUUtilization,50.47166666666667
2026-08-06T17:37:00+00:00,CPUUtilization,50.62999999999999
2026-08-06T17:42:00+00:00,CPUUtilization,50.538333333333334
2026-08-06T17:47:00+00:00,CPUUtilization,50.68333333333333
2026-08-06T17:52:00+00:00,CPUUtilization,50.38166666666666
2026-08-06T17:57:00+00:00,CPUUtilization,50.644999999999996
2026-08-06T18:02:00+00:00,CPUUtilization,50.364999999999995
2026-08-06T18:07:00+00:00,CPUUtilization,50.638333333333335
2026-08-06T18:12:00+00:00,CPUUtilization,50.50166666666666
2026-08-06T18:17:00+00:00,CPUUtilization,50.63166666666667
2026-08-06T18:22:00+00:00,CPUUtilization,50.45333333333333
2026-08-06T18:27:00+00:00,CPUUtilization,50.64333333333333
2026-08-06T18:32:00+00:00,CPUUtilization,50.3
2026-08-06T18:37:00+00:00,CPUUtilization,50.6
2026-08-06T18:42:00+00:00,CPUUtilization,50.42666666666666
2026-08-06T18:47:00+00:00,CPUUtilization,50.611666666666665
2026-08-06T18:52:00+00:00,CPUUtilization,50.47333333333332
2026-08-06T18:57:00+00:00,CPUUtilization,50.791666666666664
2026-08-06T19:02:00+00:00,CPUUtilization,50.455
2026-08-06T19:07:00+00:00,CPUUtilization,50.71333333333333
2026-08-06T19:12:00+00:00,CPUUtilization,50.64666666666666
2026-08-06T19:17:00+00:00,CPUUtilization,50.67
2026-08-06T19:22:00+00:00,CPUUtilization,50.60333333333334
2026-08-06T19:27:00+00:00,CPUUtilization,50.85833333333333
2026-08-06T19:32:00+00:00,CPUUtilization,50.383333333333326
2026-08-06T19:37:00+00:00,CPUUtilization,50.739999999999995
2026-08-06T19:42:00+00:00,CPUUtilization,49.92166666666667
2026-08-06T19:47:00+00:00,CPUUtilization,50.595
2026-08-06T19:52:00+00:00,CPUUtilization,50.26833333333333
2026-08-06T19:57:00+00:00,CPUUtilization,50.824999999999996
2026-08-06T20:02:00+00:00,CPUUtilization,50.30166666666666
2026-08-06T20:07:00+00:00,CPUUtilization,50.46666666666666
2026-08-06T20:12:00+00:00,CPUUtilization,50.32666666666666
2026-08-06T20:17:00+00:00,CPUUtilization,50.26166666666667
2026-08-06T20:22:00+00:00,CPUUtilization,49.653333333333336
2026-08-06T20:27:00+00:00,CPUUtilization,50.033333333333324
2026-08-06T20:32:00+00:00,CPUUtilization,49.495000000000005
2026-08-06T20:37:00+00:00,CPUUtilization,49.80166666666666
2026-08-06T20:42:00+00:00,CPUUtilization,49.48833333333333
2026-08-06T20:47:00+00:00,CPUUtilization,49.68666666666666
2026-08-06T20:52:00+00:00,CPUUtilization,49.496666666666655
2026-08-06T20:57:00+00:00,CPUUtilization,49.83833333333333
2026-08-06T21:02:00+00:00,CPUUtilization,48.93333333333333
2026-08-06T21:07:00+00:00,CPUUtilization,49.735
2026-08-06T21:12:00+00:00,CPUUtilization,49.593333333333334
2026-08-06T21:17:00+00:00,CPUUtilization,49.80166666666666
2026-08-06T21:22:00+00:00,CPUUtilization,49.5
2026-08-06T21:27:00+00:00,CPUUtilization,49.83166666666666
2026-08-06T21:32:00+00:00,CPUUtilization,49.485
2026-08-06T21:37:00+00:00,CPUUtilization,49.85333333333333
2026-08-06T21:42:00+00:00,CPUUtilization,49.49666666666666
2026-08-06T21:47:00+00:00,CPUUtilization,49.83833333333333
2026-08-06T21:52:00+00:00,CPUUtilization,49.568333333333335
2026-08-06T21:57:00+00:00,CPUUtilization,49.855000000000004
2026-08-06T22:02:00+00:00,CPUUtilization,49.31
2026-08-06T22:07:00+00:00,CPUUtilization,49.73166666666667
2026-08-06T22:12:00+00:00,CPUUtilization,49.519999999999996
2026-08-06T22:17:00+00:00,CPUUtilization,49.754999999999995
2026-08-06T22:22:00+00:00,CPUUtilization,49.49166666666666
2026-08-06T22:27:00+00:00,CPUUtilization,49.825
2026-08-06T22:32:00+00:00,CPUUtilization,49.513333333333335
2026-08-06T22:37:00+00:00,CPUUtilization,49.78333333333334
2026-08-06T22:42:00+00:00,CPUUtilization,49.598333333333336
2026-08-06T22:47:00+00:00,CPUUtilization,49.65666666666666
2026-08-06T22:52:00+00:00,CPUUtilization,49.54
2026-08-06T22:57:00+00:00,CPUUtilization,49.82
2026-08-06T23:02:00+00:00,CPUUtilization,49.715
2026-08-06T23:07:00+00:00,CPUUtilization,49.584999999999994
2026-08-06T23:12:00+00:00,CPUUtilization,49.425
2026-08-06T23:17:00+00:00,CPUUtilization,49.523333333333326
2026-08-06T23:22:00+00:00,CPUUtilization,49.90833333333334
2026-08-06T23:27:00+00:00,CPUUtilization,49.663333333333334
2026-08-06T23:32:00+00:00,CPUUtilization,49.91166666666666
2026-08-06T23:37:00+00:00,CPUUtilization,48.175
2026-08-06T23:42:00+00:00,CPUUtilization,48.07333333333333
2026-08-06T23:47:00+00:00,CPUUtilization,47.905
2026-08-06T23:52:00+00:00,CPUUtilization,49.618333333333325
2026-08-06T23:57:00+00:00,CPUUtilization,49.71666666666666
2026-08-07T00:02:00+00:00,CPUUtilization,48.25833333333333
2026-08-07T00:07:00+00:00,CPUUtilization,49.531666666666666
2026-08-07T00:12:00+00:00,CPUUtilization,48.13166666666667
2026-08-07T00:17:00+00:00,CPUUtilization,49.655
2026-08-07T00:22:00+00:00,CPUUtilization,49.89666666666666
2026-08-07T00:27:00+00:00,CPUUtilization,47.93
2026-08-07T00:32:00+00:00,CPUUtilization,49.72
2026-08-07T00:37:00+00:00,CPUUtilization,49.54833333333333
2026-08-07T00:42:00+00:00,CPUUtilization,49.830000000000005
2026-08-07T00:47:00+00:00,CPUUtilization,48.02166666666666
2026-08-07T00:52:00+00:00,CPUUtilization,49.71833333333333
2026-08-07T00:57:00+00:00,CPUUtilization,49.544999999999995
2026-08-07T01:02:00+00:00,CPUUtilization,49.69166666666666
2026-08-07T01:07:00+00:00,CPUUtilization,49.584999999999994
2026-08-07T01:12:00+00:00,CPUUtilization,49.92666666666666
2026-08-07T01:17:00+00:00,CPUUtilization,48.475
2026-08-07T01:22:00+00:00,CPUUtilization,49.684999999999995
2026-08-07T01:27:00+00:00,CPUUtilization,49.605
2026-08-07T01:32:00+00:00,CPUUtilization,48.80166666666666
2026-08-07T01:37:00+00:00,CPUUtilization,49.728333333333325
2026-08-07T01:42:00+00:00,CPUUtilization,50.09499999999999
2026-08-07T01:47:00+00:00,CPUUtilization,48.43833333333333
2026-08-07T01:52:00+00:00,CPUUtilization,49.684999999999995
2026-08-07T01:57:00+00:00,CPUUtilization,50.86
2026-08-07T02:02:00+00:00,CPUUtilization,50.85
2026-08-07T02:07:00+00:00,CPUUtilization,50.49666666666667
2026-08-07T02:12:00+00:00,CPUUtilization,49.12833333333333
2026-08-07T02:17:00+00:00,CPUUtilization,50.54166666666667
2026-08-07T02:22:00+00:00,CPUUtilization,49.07333333333332
2026-08-07T02:27:00+00:00,CPUUtilization,51.57166666666667
2026-08-07T02:32:00+00:00,CPUUtilization,52.205
2026-08-07T02:37:00+00:00,CPUUtilization,52.32000000000001
2026-08-07T02:42:00+00:00,CPUUtilization,52.61666666666666
2026-08-07T02:47:00+00:00,CPUUtilization,52.368333333333325
2026-08-07T02:52:00+00:00,CPUUtilization,51.04666666666667
2026-08-07T02:57:00+00:00,CPUUtilization,50.438333333333325
2026-08-07T03:02:00+00:00,CPUUtilization,49.523333333333326
2026-08-07T03:07:00+00:00,CPUUtilization,50.55833333333333
2026-08-07T03:12:00+00:00,CPUUtilization,49.93666666666666
2026-08-07T03:17:00+00:00,CPUUtilization,51.07833333333333
2026-08-07T03:22:00+00:00,CPUUtilization,50.891666666666666
2026-08-07T03:27:00+00:00,CPUUtilization,51.23499999999999
2026-08-07T03:32:00+00:00,CPUUtilization,52.26666666666667
2026-08-07T03:37:00+00:00,CPUUtilization,52.07166666666667
2026-08-07T03:42:00+00:00,CPUUtilization,50.96333333333334
2026-08-07T03:47:00+00:00,CPUUtilization,52.141666666666666
2026-08-07T03:52:00+00:00,CPUUtilization,50.83166666666666
2026-08-07T03:57:00+00:00,CPUUtilization,52.035000000000004
2026-08-07T04:02:00+00:00,CPUUtilization,50.77166666666667
2026-08-07T04:07:00+00:00,CPUUtilization,52.19666666666667
2026-08-07T04:12:00+00:00,CPUUtilization,52.435
2026-08-07T04:17:00+00:00,CPUUtilization,52.01166666666667
2026-08-07T04:22:00+00:00,CPUUtilization,51.84666666666666
2026-08-07T04:27:00+00:00,CPUUtilization,50.96333333333333
2026-08-07T04:32:00+00:00,CPUUtilization,50.52666666666666
2026-08-07T04:37:00+00:00,CPUUtilization,49.99999999999999
2026-08-07T04:42:00+00:00,CPUUtilization,50.265
2026-08-07T04:47:00+00:00,CPUUtilization,50.55166666666666
2026-08-07T04:52:00+00:00,CPUUtilization,50.78166666666667
2026-08-07T04:57:00+00:00,CPUUtilization,50.46999999999999
2026-08-07T05:02:00+00:00,CPUUtilization,50.45833333333333
2026-08-07T05:07:00+00:00,CPUUtilization,49.97666666666666
2026-08-07T05:12:00+00:00,CPUUtilization,51.05833333333333
2026-08-07T05:17:00+00:00,CPUUtilization,50.51499999999999
2026-08-07T05:22:00+00:00,CPUUtilization,50.855
2026-08-07T05:27:00+00:00,CPUUtilization,50.21666666666667
2026-08-07T05:32:00+00:00,CPUUtilization,51.35
2026-08-07T05:37:00+00:00,CPUUtilization,50.415
2026-08-07T05:42:00+00:00,CPUUtilization,50.998333333333335
2026-08-07T05:47:00+00:00,CPUUtilization,49.87833333333333
2026-08-07T05:52:00+00:00,CPUUtilization,50.29
2026-08-07T05:57:00+00:00,CPUUtilization,50.54
2026-08-07T06:02:00+00:00,CPUUtilization,50.599999999999994
2026-08-07T06:07:00+00:00,CPUUtilization,50.93
2026-08-07T06:12:00+00:00,CPUUtilization,50.04666666666667
2026-08-07T06:17:00+00:00,CPUUtilization,50.17999999999999
2026-08-07T06:22:00+00:00,CPUUtilization,49.91833333333333
2026-08-07T06:27:00+00:00,CPUUtilization,50.655
2026-08-07T06:32:00+00:00,CPUUtilization,50.403333333333336
2026-08-07T06:37:00+00:00,CPUUtilization,50.118333333333325
2026-08-07T06:42:00+00:00,CPUUtilization,50.88166666666667
2026-08-07T06:47:00+00:00,CPUUtilization,49.778333333333336
2026-08-07T06:52:00+00:00,CPUUtilization,50.781666666666666
2026-08-07T06:57:00+00:00,CPUUtilization,49.95833333333333
2026-08-07T07:02:00+00:00,CPUUtilization,50.05
2026-08-07T07:07:00+00:00,CPUUtilization,49.94333333333333
2026-08-07T07:12:00+00:00,CPUUtilization,50.58833333333333
2026-08-07T07:17:00+00:00,CPUUtilization,50.06999999999999
2026-08-07T07:22:00+00:00,CPUUtilization,50.86333333333333
2026-08-07T07:27:00+00:00,CPUUtilization,49.84333333333334
2026-08-07T07:32:00+00:00,CPUUtilization,50.28333333333333
2026-08-07T07:37:00+00:00,CPUUtilization,49.73833333333333
2026-08-07T07:42:00+00:00,CPUUtilization,50.12166666666666
2026-08-07T07:47:00+00:00,CPUUtilization,50.30166666666666
2026-08-07T07:52:00+00:00,CPUUtilization,49.928333333333335
2026-08-07T07:57:00+00:00,CPUUtilization,50.00166666666667
2026-08-07T08:02:00+00:00,CPUUtilization,50.11333333333333
2026-08-07T08:07:00+00:00,CPUUtilization,50.263333333333335
2026-08-07T08:12:00+00:00,CPUUtilization,50.13333333333333
2026-08-07T08:17:00+00:00,CPUUtilization,48.15500000000001
2026-08-07T08:22:00+00:00,CPUUtilization,50.290000000000006
2026-08-07T08:27:00+00:00,CPUUtilization,50.86833333333333
2026-08-07T08:32:00+00:00,CPUUtilization,50.888333333333335
2026-08-07T08:37:00+00:00,CPUUtilization,50.43
2026-08-07T08:42:00+00:00,CPUUtilization,50.95333333333333
2026-08-07T08:47:00+00:00,CPUUtilization,50.63333333333333
2026-08-07T08:52:00+00:00,CPUUtilization,50.91833333333334
2026-08-07T08:57:00+00:00,CPUUtilization,50.733333333333334
2026-08-07T09:02:00+00:00,CPUUtilization,50.86833333333333
2026-08-07T09:07:00+00:00,CPUUtilization,50.72833333333333
2026-08-07T09:12:00+00:00,CPUUtilization,50.790000000000006
2026-08-07T09:17:00+00:00,CPUUtilization,50.495
2026-08-07T09:22:00+00:00,CPUUtilization,50.705
2026-08-07T09:27:00+00:00,CPUUtilization,50.69666666666667
2026-08-07T09:32:00+00:00,CPUUtilization,50.99333333333333
2026-08-07T09:37:00+00:00,CPUUtilization,50.535
2026-08-07T09:42:00+00:00,CPUUtilization,50.904999999999994
2026-08-07T09:47:00+00:00,CPUUtilization,50.31666666666667
2026-08-07T09:52:00+00:00,CPUUtilization,50.80166666666666
2026-08-07T09:57:00+00:00,CPUUtilization,50.343333333333334
2026-08-07T10:02:00+00:00,CPUUtilization,50.31166666666666
2026-08-07T10:07:00+00:00,CPUUtilization,50.48166666666666
2026-08-07T10:12:00+00:00,CPUUtilization,51.06833333333333
2026-08-07T10:17:00+00:00,CPUUtilization,50.92333333333333
2026-08-07T10:22:00+00:00,CPUUtilization,51.056666666666665
2026-08-07T10:27:00+00:00,CPUUtilization,50.946666666666665
2026-08-07T10:32:00+00:00,CPUUtilization,50.99333333333333
2026-08-07T10:37:00+00:00,CPUUtilization,52.10166666666667
2026-08-07T10:42:00+00:00,CPUUtilization,51.26166666666667
2026-08-07T10:47:00+00:00,CPUUtilization,50.846666666666664
2026-08-07T10:52:00+00:00,CPUUtilization,51.12499999999999
2026-08-07T10:57:00+00:00,CPUUtilization,51.01166666666666
2026-08-07T11:02:00+00:00,CPUUtilization,51.07833333333333
2026-08-07T11:07:00+00:00,CPUUtilization,50.82666666666667
2026-08-07T11:12:00+00:00,CPUUtilization,51.273333333333326
2026-08-07T11:17:00+00:00,CPUUtilization,50.705
2026-08-07T11:22:00+00:00,CPUUtilization,50.95166666666667
2026-08-07T11:27:00+00:00,CPUUtilization,50.80499999999999
2026-08-07T11:32:00+00:00,CPUUtilization,50.989999999999995
2026-08-07T11:37:00+00:00,CPUUtilization,50.85166666666667
2026-08-07T11:42:00+00:00,CPUUtilization,50.87833333333333
2026-08-07T11:47:00+00:00,CPUUtilization,51.14666666666666
2026-08-07T11:52:00+00:00,CPUUtilization,50.86833333333333
2026-08-07T11:57:00+00:00,CPUUtilization,51.07666666666666
2026-08-07T12:02:00+00:00,CPUUtilization,29.675
2026-08-07T12:07:00+00:00,CPUUtilization,0.7883333333333333
2026-08-07T12:12:00+00:00,CPUUtilization,0.6866666666666666
2026-08-07T12:17:00+00:00,CPUUtilization,0.6033333333333333
2026-08-07T12:22:00+00:00,CPUUtilization,0.5983333333333333
2026-08-07T12:27:00+00:00,CPUUtilization,0.6033333333333333
2026-08-07T12:32:00+00:00,CPUUtilization,0.6216666666666667
2026-08-07T12:37:00+00:00,CPUUtilization,0.6283333333333333
2026-08-07T12:42:00+00:00,CPUUtilization,0.6233333333333333
2026-08-07T12:47:00+00:00,CPUUtilization,0.6233333333333333
2026-08-07T12:52:00+00:00,CPUUtilization,0.625
2026-08-07T12:57:00+00:00,CPUUtilization,0.6216666666666667
2026-08-07T13:02:00+00:00,CPUUtilization,0.6233333333333333
2026-08-07T13:07:00+00:00,CPUUtilization,0.6233333333333333
2026-08-07T13:12:00+00:00,CPUUtilization,0.6266666666666667
2026-08-07T13:17:00+00:00,CPUUtilization,0.625
2026-08-07T13:22:00+00:00,CPUUtilization,0.62
2026-08-07T13:27:00+00:00,CPUUtilization,0.6233333333333333
2026-08-07T13:32:00+00:00,CPUUtilization,0.6233333333333333
2026-08-07T13:37:00+00:00,CPUUtilization,0.625
2026-08-07T13:42:00+00:00,CPUUtilization,0.625
2026-08-07T13:47:00+00:00,CPUUtilization,0.6216666666666667
2026-08-07T13:52:00+00:00,CPUUtilization,0.6266666666666667
2026-08-07T13:57:00+00:00,CPUUtilization,0.6266666666666667
2026-08-07T14:02:00+00:00,CPUUtilization,0.62
2026-08-07T14:07:00+00:00,CPUUtilization,0.6283333333333333
2026-08-07T14:12:00+00:00,CPUUtilization,0.6183333333333334
2026-08-07T14:17:00+00:00,CPUUtilization,0.6283333333333333
2026-08-07T14:22:00+00:00,CPUUtilization,0.63
2026-08-07T14:27:00+00:00,CPUUtilization,0.63
2026-08-07T14:32:00+00:00,CPUUtilization,0.6266666666666667
2026-08-07T14:37:00+00:00,CPUUtilization,0.63
2026-08-07T14:42:00+00:00,CPUUtilization,0.625
2026-08-07T14:47:00+00:00,CPUUtilization,0.6283333333333333
2026-08-07T14:52:00+00:00,CPUUtilization,0.6216666666666667
2026-08-07T14:57:00+00:00,CPUUtilization,0.625
2026-08-07T15:02:00+00:00,CPUUtilization,0.625
2026-08-07T15:07:00+00:00,CPUUtilization,0.6233333333333333
2026-08-07T15:12:00+00:00,CPUUtilization,0.6766666666666665
2026-08-07T15:17:00+00:00,CPUUtilization,0.6483333333333332
2026-08-07T15:22:00+00:00,CPUUtilization,0.6333333333333333
2026-08-07T15:27:00+00:00,CPUUtilization,0.6383333333333333
2026-08-07T15:32:00+00:00,CPUUtilization,0.6366666666666666
2026-08-07T15:37:00+00:00,CPUUtilization,0.635
2026-08-07T15:42:00+00:00,CPUUtilization,0.64
2026-08-07T15:47:00+00:00,CPUUtilization,0.6383333333333334
2026-08-07T15:52:00+00:00,CPUUtilization,0.635
2026-08-07T15:57:00+00:00,CPUUtilization,0.6399999999999999
2026-08-07T16:02:00+00:00,CPUUtilization,0.6399999999999999
2026-08-07T16:07:00+00:00,CPUUtilization,0.6366666666666666
2026-08-07T16:12:00+00:00,CPUUtilization,0.6383333333333333
2026-08-07T16:17:00+00:00,CPUUtilization,0.6399999999999999
2026-08-07T16:22:00+00:00,CPUUtilization,0.6383333333333333
2026-07-31T12:02:00+00:00,NetworkIn,54835124.8
2026-07-31T12:07:00+00:00,NetworkIn,165303979.2
2026-07-31T12:12:00+00:00,NetworkIn,165150948.4
2026-07-31T12:17:00+00:00,NetworkIn,165374741.4
2026-07-31T12:22:00+00:00,NetworkIn,164905367.4
2026-07-31T12:27:00+00:00,NetworkIn,164953949.8
2026-07-31T12:32:00+00:00,NetworkIn,165017489.8
2026-07-31T12:37:00+00:00,NetworkIn,164934356.4
2026-07-31T12:42:00+00:00,NetworkIn,165018718.2
2026-07-31T12:47:00+00:00,NetworkIn,165950998.6
2026-07-31T12:52:00+00:00,NetworkIn,164856002.6
2026-07-31T12:57:00+00:00,NetworkIn,164421335.6
2026-07-31T13:02:00+00:00,NetworkIn,165428477.2
2026-07-31T13:07:00+00:00,NetworkIn,164962371.4
2026-07-31T13:12:00+00:00,NetworkIn,165197919.8
2026-07-31T13:17:00+00:00,NetworkIn,165693889.4
2026-07-31T13:22:00+00:00,NetworkIn,164972473.8
2026-07-31T13:27:00+00:00,NetworkIn,164972864.6
2026-07-31T13:32:00+00:00,NetworkIn,164685460.6
2026-07-31T13:37:00+00:00,NetworkIn,165045292.2
2026-07-31T13:42:00+00:00,NetworkIn,164990451.4
2026-07-31T13:47:00+00:00,NetworkIn,165498185.8
2026-07-31T13:52:00+00:00,NetworkIn,165067255.6
2026-07-31T13:57:00+00:00,NetworkIn,165570171.8
2026-07-31T14:02:00+00:00,NetworkIn,165856525.2
2026-07-31T14:07:00+00:00,NetworkIn,165604927.0
2026-07-31T14:12:00+00:00,NetworkIn,164805164.0
2026-07-31T14:17:00+00:00,NetworkIn,164762563.2
2026-07-31T14:22:00+00:00,NetworkIn,164773132.4
2026-07-31T14:27:00+00:00,NetworkIn,165009897.2
2026-07-31T14:32:00+00:00,NetworkIn,164752078.8
2026-07-31T14:37:00+00:00,NetworkIn,165795137.2
2026-07-31T14:42:00+00:00,NetworkIn,164938740.2
2026-07-31T14:47:00+00:00,NetworkIn,165086217.6
2026-07-31T14:52:00+00:00,NetworkIn,164923158.4
2026-07-31T14:57:00+00:00,NetworkIn,165090134.2
2026-07-31T15:02:00+00:00,NetworkIn,165263955.2
2026-07-31T15:07:00+00:00,NetworkIn,165521620.0
2026-07-31T15:12:00+00:00,NetworkIn,165141765.8
2026-07-31T15:17:00+00:00,NetworkIn,164999864.6
2026-07-31T15:22:00+00:00,NetworkIn,164898952.8
2026-07-31T15:27:00+00:00,NetworkIn,164883969.0
2026-07-31T15:32:00+00:00,NetworkIn,165689968.6
2026-07-31T15:37:00+00:00,NetworkIn,165058503.2
2026-07-31T15:42:00+00:00,NetworkIn,165303345.0
2026-07-31T15:47:00+00:00,NetworkIn,164988576.6
2026-07-31T15:52:00+00:00,NetworkIn,164721257.4
2026-07-31T15:57:00+00:00,NetworkIn,164697042.2
2026-07-31T16:02:00+00:00,NetworkIn,165441263.2
2026-07-31T16:07:00+00:00,NetworkIn,165100715.6
2026-07-31T16:12:00+00:00,NetworkIn,164612116.6
2026-07-31T16:17:00+00:00,NetworkIn,164760790.0
2026-07-31T16:22:00+00:00,NetworkIn,165510339.0
2026-07-31T16:27:00+00:00,NetworkIn,165132868.0
2026-07-31T16:32:00+00:00,NetworkIn,164952497.6
2026-07-31T16:37:00+00:00,NetworkIn,165257647.4
2026-07-31T16:42:00+00:00,NetworkIn,164803913.6
2026-07-31T16:47:00+00:00,NetworkIn,164940757.4
2026-07-31T16:52:00+00:00,NetworkIn,165528606.0
2026-07-31T16:57:00+00:00,NetworkIn,165222751.0
2026-07-31T17:02:00+00:00,NetworkIn,165365582.0
2026-07-31T17:07:00+00:00,NetworkIn,164724748.6
2026-07-31T17:12:00+00:00,NetworkIn,165057817.0
2026-07-31T17:17:00+00:00,NetworkIn,165526883.8
2026-07-31T17:22:00+00:00,NetworkIn,165101665.2
2026-07-31T17:27:00+00:00,NetworkIn,164999861.8
2026-07-31T17:32:00+00:00,NetworkIn,165299376.8
2026-07-31T17:37:00+00:00,NetworkIn,165191223.4
2026-07-31T17:42:00+00:00,NetworkIn,165077191.6
2026-07-31T17:47:00+00:00,NetworkIn,164525627.4
2026-07-31T17:52:00+00:00,NetworkIn,165794116.4
2026-07-31T17:57:00+00:00,NetworkIn,164758496.6
2026-07-31T18:02:00+00:00,NetworkIn,165310103.0
2026-07-31T18:07:00+00:00,NetworkIn,164640236.6
2026-07-31T18:12:00+00:00,NetworkIn,165422811.4
2026-07-31T18:17:00+00:00,NetworkIn,164897215.2
2026-07-31T18:22:00+00:00,NetworkIn,164954606.6
2026-07-31T18:27:00+00:00,NetworkIn,164821694.0
2026-07-31T18:32:00+00:00,NetworkIn,165353454.0
2026-07-31T18:37:00+00:00,NetworkIn,165004890.2
2026-07-31T18:42:00+00:00,NetworkIn,164578884.0
2026-07-31T18:47:00+00:00,NetworkIn,164751692.2
2026-07-31T18:52:00+00:00,NetworkIn,165256742.4
2026-07-31T18:57:00+00:00,NetworkIn,164910308.2
2026-07-31T19:02:00+00:00,NetworkIn,165560460.8
2026-07-31T19:07:00+00:00,NetworkIn,164827318.8
2026-07-31T19:12:00+00:00,NetworkIn,164941811.6
2026-07-31T19:17:00+00:00,NetworkIn,164945985.8
2026-07-31T19:22:00+00:00,NetworkIn,165019803.4
2026-07-31T19:27:00+00:00,NetworkIn,164831715.2
2026-07-31T19:32:00+00:00,NetworkIn,165159886.4
2026-07-31T19:37:00+00:00,NetworkIn,164846070.2
2026-07-31T19:42:00+00:00,NetworkIn,164791305.6
2026-07-31T19:47:00+00:00,NetworkIn,165184465.2
2026-07-31T19:52:00+00:00,NetworkIn,165015222.4
2026-07-31T19:57:00+00:00,NetworkIn,165170640.8
2026-07-31T20:02:00+00:00,NetworkIn,165790938.6
2026-07-31T20:07:00+00:00,NetworkIn,164532500.6
2026-07-31T20:12:00+00:00,NetworkIn,165415674.8
2026-07-31T20:17:00+00:00,NetworkIn,164625854.2
2026-07-31T20:22:00+00:00,NetworkIn,165159509.6
2026-07-31T20:27:00+00:00,NetworkIn,164885916.2
2026-07-31T20:32:00+00:00,NetworkIn,164747150.8
2026-07-31T20:37:00+00:00,NetworkIn,165429790.2
2026-07-31T20:42:00+00:00,NetworkIn,165576887.6
2026-07-31T20:47:00+00:00,NetworkIn,164934620.8
2026-07-31T20:52:00+00:00,NetworkIn,165600424.0
2026-07-31T20:57:00+00:00,NetworkIn,164759680.4
2026-07-31T21:02:00+00:00,NetworkIn,165155844.2
2026-07-31T21:07:00+00:00,NetworkIn,165037149.2
2026-07-31T21:12:00+00:00,NetworkIn,164999232.2
2026-07-31T21:17:00+00:00,NetworkIn,164717567.4
2026-07-31T21:22:00+00:00,NetworkIn,164868256.2
2026-07-31T21:27:00+00:00,NetworkIn,165355309.0
2026-07-31T21:32:00+00:00,NetworkIn,164750703.4
2026-07-31T21:37:00+00:00,NetworkIn,164629112.0
2026-07-31T21:42:00+00:00,NetworkIn,164481509.6
2026-07-31T21:47:00+00:00,NetworkIn,171276448.8
2026-07-31T21:52:00+00:00,NetworkIn,165014974.8
2026-07-31T21:57:00+00:00,NetworkIn,165630273.0
2026-07-31T22:02:00+00:00,NetworkIn,165713089.2
2026-07-31T22:07:00+00:00,NetworkIn,164860615.0
2026-07-31T22:12:00+00:00,NetworkIn,165453705.4
2026-07-31T22:17:00+00:00,NetworkIn,165428452.0
2026-07-31T22:22:00+00:00,NetworkIn,165034019.6
2026-07-31T22:27:00+00:00,NetworkIn,165152308.6
2026-07-31T22:32:00+00:00,NetworkIn,164602578.8
2026-07-31T22:37:00+00:00,NetworkIn,165022197.6
2026-07-31T22:42:00+00:00,NetworkIn,164380857.4
2026-07-31T22:47:00+00:00,NetworkIn,164610132.0
2026-07-31T22:52:00+00:00,NetworkIn,165612902.8
2026-07-31T22:57:00+00:00,NetworkIn,164202998.8
2026-07-31T23:02:00+00:00,NetworkIn,165092878.8
2026-07-31T23:07:00+00:00,NetworkIn,164769992.6
2026-07-31T23:12:00+00:00,NetworkIn,163782537.2
2026-07-31T23:17:00+00:00,NetworkIn,165106584.2
2026-07-31T23:22:00+00:00,NetworkIn,164577762.4
2026-07-31T23:27:00+00:00,NetworkIn,164673288.6
2026-07-31T23:32:00+00:00,NetworkIn,164540549.0
2026-07-31T23:37:00+00:00,NetworkIn,164498231.2
2026-07-31T23:42:00+00:00,NetworkIn,164253744.6
2026-07-31T23:47:00+00:00,NetworkIn,164782330.8
2026-07-31T23:52:00+00:00,NetworkIn,163941352.0
2026-07-31T23:57:00+00:00,NetworkIn,164682199.6
2026-08-01T00:02:00+00:00,NetworkIn,164786609.2
2026-08-01T00:07:00+00:00,NetworkIn,164049700.0
2026-08-01T00:12:00+00:00,NetworkIn,163707993.0
2026-08-01T00:17:00+00:00,NetworkIn,165739598.4
2026-08-01T00:22:00+00:00,NetworkIn,164668927.2
2026-08-01T00:27:00+00:00,NetworkIn,195171667.4
2026-08-01T00:32:00+00:00,NetworkIn,165254547.0
2026-08-01T00:37:00+00:00,NetworkIn,165183733.6
2026-08-01T00:42:00+00:00,NetworkIn,164665829.6
2026-08-01T00:47:00+00:00,NetworkIn,165137388.2
2026-08-01T00:52:00+00:00,NetworkIn,165035387.8
2026-08-01T00:57:00+00:00,NetworkIn,164801359.8
2026-08-01T01:02:00+00:00,NetworkIn,165034357.2
2026-08-01T01:07:00+00:00,NetworkIn,164827248.8
2026-08-01T01:12:00+00:00,NetworkIn,165729964.6
2026-08-01T01:17:00+00:00,NetworkIn,165303170.8
2026-08-01T01:22:00+00:00,NetworkIn,164712785.0
2026-08-01T01:27:00+00:00,NetworkIn,164908972.0
2026-08-01T01:32:00+00:00,NetworkIn,164324180.2
2026-08-01T01:37:00+00:00,NetworkIn,164573781.4
2026-08-01T01:42:00+00:00,NetworkIn,164254589.8
2026-08-01T01:47:00+00:00,NetworkIn,164657581.4
2026-08-01T01:52:00+00:00,NetworkIn,164887672.6
2026-08-01T01:57:00+00:00,NetworkIn,164209013.0
2026-08-01T02:02:00+00:00,NetworkIn,164695801.0
2026-08-01T02:07:00+00:00,NetworkIn,165162140.4
2026-08-01T02:12:00+00:00,NetworkIn,164337084.8
2026-08-01T02:17:00+00:00,NetworkIn,164641126.6
2026-08-01T02:22:00+00:00,NetworkIn,165386191.6
2026-08-01T02:27:00+00:00,NetworkIn,164029868.6
2026-08-01T02:32:00+00:00,NetworkIn,164414575.0
2026-08-01T02:37:00+00:00,NetworkIn,163786150.8
2026-08-01T02:42:00+00:00,NetworkIn,165163496.4
2026-08-01T02:47:00+00:00,NetworkIn,164936511.4
2026-08-01T02:52:00+00:00,NetworkIn,164812901.0
2026-08-01T02:57:00+00:00,NetworkIn,164112600.4
2026-08-01T03:02:00+00:00,NetworkIn,164549068.4
2026-08-01T03:07:00+00:00,NetworkIn,164537474.2
2026-08-01T03:12:00+00:00,NetworkIn,163560954.0
2026-08-01T03:17:00+00:00,NetworkIn,163736385.8
2026-08-01T03:22:00+00:00,NetworkIn,164525465.8
2026-08-01T03:27:00+00:00,NetworkIn,165219727.4
2026-08-01T03:32:00+00:00,NetworkIn,164814742.6
2026-08-01T03:37:00+00:00,NetworkIn,164637209.2
2026-08-01T03:42:00+00:00,NetworkIn,165069851.2
2026-08-01T03:47:00+00:00,NetworkIn,164749580.4
2026-08-01T03:52:00+00:00,NetworkIn,164584598.0
2026-08-01T03:57:00+00:00,NetworkIn,164570078.0
2026-08-01T04:02:00+00:00,NetworkIn,165064355.6
2026-08-01T04:07:00+00:00,NetworkIn,164682756.2
2026-08-01T04:12:00+00:00,NetworkIn,164874835.0
2026-08-01T04:17:00+00:00,NetworkIn,165217443.2
2026-08-01T04:22:00+00:00,NetworkIn,164801046.2
2026-08-01T04:27:00+00:00,NetworkIn,164143726.4
2026-08-01T04:32:00+00:00,NetworkIn,164793625.8
2026-08-01T04:37:00+00:00,NetworkIn,164627346.8
2026-08-01T04:42:00+00:00,NetworkIn,164491682.6
2026-08-01T04:47:00+00:00,NetworkIn,164337857.8
2026-08-01T04:52:00+00:00,NetworkIn,164123202.8
2026-08-01T04:57:00+00:00,NetworkIn,162764739.0
2026-08-01T05:02:00+00:00,NetworkIn,164529268.4
2026-08-01T05:07:00+00:00,NetworkIn,165252434.0
2026-08-01T05:12:00+00:00,NetworkIn,163223320.2
2026-08-01T05:17:00+00:00,NetworkIn,164370488.8
2026-08-01T05:22:00+00:00,NetworkIn,163747786.0
2026-08-01T05:27:00+00:00,NetworkIn,163494827.8
2026-08-01T05:32:00+00:00,NetworkIn,160989363.0
2026-08-01T05:37:00+00:00,NetworkIn,164775490.8
2026-08-01T05:42:00+00:00,NetworkIn,163887191.8
2026-08-01T05:47:00+00:00,NetworkIn,165397612.4
2026-08-01T05:52:00+00:00,NetworkIn,163884414.8
2026-08-01T05:57:00+00:00,NetworkIn,162913533.2
2026-08-01T06:02:00+00:00,NetworkIn,163616810.6
2026-08-01T06:07:00+00:00,NetworkIn,162908626.6
2026-08-01T06:12:00+00:00,NetworkIn,163920956.2
2026-08-01T06:17:00+00:00,NetworkIn,201043205.6
2026-08-01T06:22:00+00:00,NetworkIn,162616293.8
2026-08-01T06:27:00+00:00,NetworkIn,164777871.4
2026-08-01T06:32:00+00:00,NetworkIn,165579219.8
2026-08-01T06:37:00+00:00,NetworkIn,163834205.6
2026-08-01T06:42:00+00:00,NetworkIn,165219191.8
2026-08-01T06:47:00+00:00,NetworkIn,164670102.4
2026-08-01T06:52:00+00:00,NetworkIn,164629589.0
2026-08-01T06:57:00+00:00,NetworkIn,164375546.0
2026-08-01T07:02:00+00:00,NetworkIn,163503976.0
2026-08-01T07:07:00+00:00,NetworkIn,164167623.8
2026-08-01T07:12:00+00:00,NetworkIn,164627801.8
2026-08-01T07:17:00+00:00,NetworkIn,164403756.6
2026-08-01T07:22:00+00:00,NetworkIn,164015111.6
2026-08-01T07:27:00+00:00,NetworkIn,163872597.4
2026-08-01T07:32:00+00:00,NetworkIn,164420348.6
2026-08-01T07:37:00+00:00,NetworkIn,163988195.6
2026-08-01T07:42:00+00:00,NetworkIn,164571823.2
2026-08-01T07:47:00+00:00,NetworkIn,164295276.4
2026-08-01T07:52:00+00:00,NetworkIn,164088217.2
2026-08-01T07:57:00+00:00,NetworkIn,163321658.2
2026-08-01T08:02:00+00:00,NetworkIn,164961127.0
2026-08-01T08:07:00+00:00,NetworkIn,163828013.8
2026-08-01T08:12:00+00:00,NetworkIn,164960098.6
2026-08-01T08:17:00+00:00,NetworkIn,164067924.8
2026-08-01T08:22:00+00:00,NetworkIn,164362549.4
2026-08-01T08:27:00+00:00,NetworkIn,163478482.0
2026-08-01T08:32:00+00:00,NetworkIn,165739571.6
2026-08-01T08:37:00+00:00,NetworkIn,146125232.6
2026-08-01T08:42:00+00:00,NetworkIn,165002171.2
2026-08-01T08:47:00+00:00,NetworkIn,163684894.4
2026-08-01T08:52:00+00:00,NetworkIn,163187391.0
2026-08-01T08:57:00+00:00,NetworkIn,163866381.6
2026-08-01T09:02:00+00:00,NetworkIn,163462509.6
2026-08-01T09:07:00+00:00,NetworkIn,162790477.4
2026-08-01T09:12:00+00:00,NetworkIn,163526197.2
2026-08-01T09:17:00+00:00,NetworkIn,163430975.0
2026-08-01T09:22:00+00:00,NetworkIn,163189762.8
2026-08-01T09:27:00+00:00,NetworkIn,162758562.4
2026-08-01T09:32:00+00:00,NetworkIn,165540731.0
2026-08-01T09:37:00+00:00,NetworkIn,161306106.6
2026-08-01T09:42:00+00:00,NetworkIn,161393157.6
2026-08-01T09:47:00+00:00,NetworkIn,161893872.8
2026-08-01T09:52:00+00:00,NetworkIn,164081040.0
2026-08-01T09:57:00+00:00,NetworkIn,162879243.6
2026-08-01T10:02:00+00:00,NetworkIn,165016781.0
2026-08-01T10:07:00+00:00,NetworkIn,165142393.8
2026-08-01T10:12:00+00:00,NetworkIn,164980315.0
2026-08-01T10:17:00+00:00,NetworkIn,164028484.6
2026-08-01T10:22:00+00:00,NetworkIn,164973878.0
2026-08-01T10:27:00+00:00,NetworkIn,162752399.0
2026-08-01T10:32:00+00:00,NetworkIn,163353299.8
2026-08-01T10:37:00+00:00,NetworkIn,164919863.0
2026-08-01T10:42:00+00:00,NetworkIn,164039517.4
2026-08-01T10:47:00+00:00,NetworkIn,162559383.4
2026-08-01T10:52:00+00:00,NetworkIn,165145220.4
2026-08-01T10:57:00+00:00,NetworkIn,161807862.6
2026-08-01T11:02:00+00:00,NetworkIn,162535291.6
2026-08-01T11:07:00+00:00,NetworkIn,163572288.6
2026-08-01T11:12:00+00:00,NetworkIn,163703928.6
2026-08-01T11:17:00+00:00,NetworkIn,163105178.2
2026-08-01T11:22:00+00:00,NetworkIn,162843889.2
2026-08-01T11:27:00+00:00,NetworkIn,163855197.2
2026-08-01T11:32:00+00:00,NetworkIn,162158751.6
2026-08-01T11:37:00+00:00,NetworkIn,163250499.0
2026-08-01T11:42:00+00:00,NetworkIn,164565895.6
2026-08-01T11:47:00+00:00,NetworkIn,164780899.4
2026-08-01T11:52:00+00:00,NetworkIn,163798214.4
2026-08-01T11:57:00+00:00,NetworkIn,164668077.2
2026-08-01T12:02:00+00:00,NetworkIn,161272338.4
2026-08-01T12:07:00+00:00,NetworkIn,158022336.4
2026-08-01T12:12:00+00:00,NetworkIn,155987693.0
2026-08-01T12:17:00+00:00,NetworkIn,163468958.8
2026-08-01T12:22:00+00:00,NetworkIn,162694919.8
2026-08-01T12:27:00+00:00,NetworkIn,163303387.2
2026-08-01T12:32:00+00:00,NetworkIn,164479656.6
2026-08-01T12:37:00+00:00,NetworkIn,164734683.2
2026-08-01T12:42:00+00:00,NetworkIn,164956278.8
2026-08-01T12:47:00+00:00,NetworkIn,165098826.4
2026-08-01T12:52:00+00:00,NetworkIn,164914032.8
2026-08-01T12:57:00+00:00,NetworkIn,165579031.8
2026-08-01T13:02:00+00:00,NetworkIn,165597352.8
2026-08-01T13:07:00+00:00,NetworkIn,165179537.2
2026-08-01T13:12:00+00:00,NetworkIn,165182925.6
2026-08-01T13:17:00+00:00,NetworkIn,165190500.6
2026-08-01T13:22:00+00:00,NetworkIn,165127764.0
2026-08-01T13:27:00+00:00,NetworkIn,165155929.8
2026-08-01T13:32:00+00:00,NetworkIn,164628056.0
2026-08-01T13:37:00+00:00,NetworkIn,165377266.8
2026-08-01T13:42:00+00:00,NetworkIn,164978105.4
2026-08-01T13:47:00+00:00,NetworkIn,165232356.0
2026-08-01T13:52:00+00:00,NetworkIn,164770036.6
2026-08-01T13:57:00+00:00,NetworkIn,164812425.4
2026-08-01T14:02:00+00:00,NetworkIn,165230538.2
2026-08-01T14:07:00+00:00,NetworkIn,165174077.6
2026-08-01T14:12:00+00:00,NetworkIn,165382373.4
2026-08-01T14:17:00+00:00,NetworkIn,165000932.0
2026-08-01T14:22:00+00:00,NetworkIn,165195611.4
2026-08-01T14:27:00+00:00,NetworkIn,165276666.0
2026-08-01T14:32:00+00:00,NetworkIn,164997322.2
2026-08-01T14:37:00+00:00,NetworkIn,165570833.2
2026-08-01T14:42:00+00:00,NetworkIn,165602451.2
2026-08-01T14:47:00+00:00,NetworkIn,165222462.4
2026-08-01T14:52:00+00:00,NetworkIn,165053752.6
2026-08-01T14:57:00+00:00,NetworkIn,165206176.6
2026-08-01T15:02:00+00:00,NetworkIn,165652976.4
2026-08-01T15:07:00+00:00,NetworkIn,164614493.0
2026-08-01T15:12:00+00:00,NetworkIn,164645117.4
2026-08-01T15:17:00+00:00,NetworkIn,165715256.4
2026-08-01T15:22:00+00:00,NetworkIn,164654998.2
2026-08-01T15:27:00+00:00,NetworkIn,165113138.0
2026-08-01T15:32:00+00:00,NetworkIn,164448978.0
2026-08-01T15:37:00+00:00,NetworkIn,164644072.8
2026-08-01T15:42:00+00:00,NetworkIn,164813137.0
2026-08-01T15:47:00+00:00,NetworkIn,165289798.0
2026-08-01T15:52:00+00:00,NetworkIn,164705084.0
2026-08-01T15:57:00+00:00,NetworkIn,165427627.0
2026-08-01T16:02:00+00:00,NetworkIn,165432758.8
2026-08-01T16:07:00+00:00,NetworkIn,165025472.4
2026-08-01T16:12:00+00:00,NetworkIn,165320559.2
2026-08-01T16:17:00+00:00,NetworkIn,164608367.4
2026-08-01T16:22:00+00:00,NetworkIn,165085289.8
2026-08-01T16:27:00+00:00,NetworkIn,164813340.6
2026-08-01T16:32:00+00:00,NetworkIn,165233712.4
2026-08-01T16:37:00+00:00,NetworkIn,164749798.2
2026-08-01T16:42:00+00:00,NetworkIn,164917163.0
2026-08-01T16:47:00+00:00,NetworkIn,165110140.8
2026-08-01T16:52:00+00:00,NetworkIn,164769488.8
2026-08-01T16:57:00+00:00,NetworkIn,165491254.0
2026-08-01T17:02:00+00:00,NetworkIn,165180936.6
2026-08-01T17:07:00+00:00,NetworkIn,165180280.2
2026-08-01T17:12:00+00:00,NetworkIn,165464794.8
2026-08-01T17:17:00+00:00,NetworkIn,164478738.6
2026-08-01T17:22:00+00:00,NetworkIn,165090758.0
2026-08-01T17:27:00+00:00,NetworkIn,164965525.4
2026-08-01T17:32:00+00:00,NetworkIn,165014417.0
2026-08-01T17:37:00+00:00,NetworkIn,164995526.0
2026-08-01T17:42:00+00:00,NetworkIn,165019923.4
2026-08-01T17:47:00+00:00,NetworkIn,165397929.2
2026-08-01T17:52:00+00:00,NetworkIn,164955176.0
2026-08-01T17:57:00+00:00,NetworkIn,165736683.0
2026-08-01T18:02:00+00:00,NetworkIn,165211871.2
2026-08-01T18:07:00+00:00,NetworkIn,164946775.4
2026-08-01T18:12:00+00:00,NetworkIn,165275509.0
2026-08-01T18:17:00+00:00,NetworkIn,164749602.6
2026-08-01T18:22:00+00:00,NetworkIn,165328235.4
2026-08-01T18:27:00+00:00,NetworkIn,164805358.4
2026-08-01T18:32:00+00:00,NetworkIn,165470215.2
2026-08-01T18:37:00+00:00,NetworkIn,165251945.0
2026-08-01T18:42:00+00:00,NetworkIn,165426025.6
2026-08-01T18:47:00+00:00,NetworkIn,164830559.0
2026-08-01T18:52:00+00:00,NetworkIn,165039072.6
2026-08-01T18:57:00+00:00,NetworkIn,164862941.4
2026-08-01T19:02:00+00:00,NetworkIn,165436349.4
2026-08-01T19:07:00+00:00,NetworkIn,165426668.8
2026-08-01T19:12:00+00:00,NetworkIn,164749864.6
2026-08-01T19:17:00+00:00,NetworkIn,165117965.0
2026-08-01T19:22:00+00:00,NetworkIn,164986327.2
2026-08-01T19:27:00+00:00,NetworkIn,165108192.4
2026-08-01T19:32:00+00:00,NetworkIn,164939081.2
2026-08-01T19:37:00+00:00,NetworkIn,164944759.2
2026-08-01T19:42:00+00:00,NetworkIn,164460181.8
2026-08-01T19:47:00+00:00,NetworkIn,165506275.8
2026-08-01T19:52:00+00:00,NetworkIn,164858074.2
2026-08-01T19:57:00+00:00,NetworkIn,165404786.0
2026-08-01T20:02:00+00:00,NetworkIn,165420469.6
2026-08-01T20:07:00+00:00,NetworkIn,164879858.6
2026-08-01T20:12:00+00:00,NetworkIn,164988347.0
2026-08-01T20:17:00+00:00,NetworkIn,164905186.0
2026-08-01T20:22:00+00:00,NetworkIn,165430798.8
2026-08-01T20:27:00+00:00,NetworkIn,164793942.6
2026-08-01T20:32:00+00:00,NetworkIn,165668025.2
2026-08-01T20:37:00+00:00,NetworkIn,165430448.8
2026-08-01T20:42:00+00:00,NetworkIn,165127669.8
2026-08-01T20:47:00+00:00,NetworkIn,164835767.2
2026-08-01T20:52:00+00:00,NetworkIn,164869710.6
2026-08-01T20:57:00+00:00,NetworkIn,164702543.4
2026-08-01T21:02:00+00:00,NetworkIn,165626196.2
2026-08-01T21:07:00+00:00,NetworkIn,165712609.2
2026-08-01T21:12:00+00:00,NetworkIn,164921551.4
2026-08-01T21:17:00+00:00,NetworkIn,164730991.6
2026-08-01T21:22:00+00:00,NetworkIn,164802510.4
2026-08-01T21:27:00+00:00,NetworkIn,164807658.8
2026-08-01T21:32:00+00:00,NetworkIn,164987071.4
2026-08-01T21:37:00+00:00,NetworkIn,164747232.2
2026-08-01T21:42:00+00:00,NetworkIn,165671035.0
2026-08-01T21:47:00+00:00,NetworkIn,164717148.8
2026-08-01T21:52:00+00:00,NetworkIn,164937939.2
2026-08-01T21:57:00+00:00,NetworkIn,164859980.0
2026-08-01T22:02:00+00:00,NetworkIn,165524662.8
2026-08-01T22:07:00+00:00,NetworkIn,163935428.8
2026-08-01T22:12:00+00:00,NetworkIn,165179198.8
2026-08-01T22:17:00+00:00,NetworkIn,164281885.2
2026-08-01T22:22:00+00:00,NetworkIn,164723397.0
2026-08-01T22:27:00+00:00,NetworkIn,164382505.4
2026-08-01T22:32:00+00:00,NetworkIn,165103761.6
2026-08-01T22:37:00+00:00,NetworkIn,164901095.6
2026-08-01T22:42:00+00:00,NetworkIn,165645536.2
2026-08-01T22:47:00+00:00,NetworkIn,164606181.8
2026-08-01T22:52:00+00:00,NetworkIn,164978372.8
2026-08-01T22:57:00+00:00,NetworkIn,164765823.2
2026-08-01T23:02:00+00:00,NetworkIn,165148713.4
2026-08-01T23:07:00+00:00,NetworkIn,164762905.2
2026-08-01T23:12:00+00:00,NetworkIn,165112221.8
2026-08-01T23:17:00+00:00,NetworkIn,164730088.2
2026-08-01T23:22:00+00:00,NetworkIn,165459681.2
2026-08-01T23:27:00+00:00,NetworkIn,164646206.6
2026-08-01T23:32:00+00:00,NetworkIn,164822942.6
2026-08-01T23:37:00+00:00,NetworkIn,165966634.8
2026-08-01T23:42:00+00:00,NetworkIn,165041982.8
2026-08-01T23:47:00+00:00,NetworkIn,164865138.6
2026-08-01T23:52:00+00:00,NetworkIn,164818412.6
2026-08-01T23:57:00+00:00,NetworkIn,165329676.2
2026-08-02T00:02:00+00:00,NetworkIn,164865509.6
2026-08-02T00:07:00+00:00,NetworkIn,164567711.6
2026-08-02T00:12:00+00:00,NetworkIn,164512853.2
2026-08-02T00:17:00+00:00,NetworkIn,163795183.4
2026-08-02T00:22:00+00:00,NetworkIn,164955982.6
2026-08-02T00:27:00+00:00,NetworkIn,165604195.0
2026-08-02T00:32:00+00:00,NetworkIn,164654420.6
2026-08-02T00:37:00+00:00,NetworkIn,165152905.6
2026-08-02T00:42:00+00:00,NetworkIn,165073639.0
2026-08-02T00:47:00+00:00,NetworkIn,165220791.6
2026-08-02T00:52:00+00:00,NetworkIn,164300728.8
2026-08-02T00:57:00+00:00,NetworkIn,164299005.0
2026-08-02T01:02:00+00:00,NetworkIn,165137741.2
2026-08-02T01:07:00+00:00,NetworkIn,164464664.8
2026-08-02T01:12:00+00:00,NetworkIn,163206707.4
2026-08-02T01:17:00+00:00,NetworkIn,164381435.4
2026-08-02T01:22:00+00:00,NetworkIn,164458904.8
2026-08-02T01:27:00+00:00,NetworkIn,164698336.0
2026-08-02T01:32:00+00:00,NetworkIn,165442757.0
2026-08-02T01:37:00+00:00,NetworkIn,165159906.0
2026-08-02T01:42:00+00:00,NetworkIn,165480955.8
2026-08-02T01:47:00+00:00,NetworkIn,164684387.2
2026-08-02T01:52:00+00:00,NetworkIn,165350381.4
2026-08-02T01:57:00+00:00,NetworkIn,164879154.0
2026-08-02T02:02:00+00:00,NetworkIn,165159743.8
2026-08-02T02:07:00+00:00,NetworkIn,164942086.0
2026-08-02T02:12:00+00:00,NetworkIn,164717939.0
2026-08-02T02:17:00+00:00,NetworkIn,165389485.0
2026-08-02T02:22:00+00:00,NetworkIn,164707171.6
2026-08-02T02:27:00+00:00,NetworkIn,164543825.2
2026-08-02T02:32:00+00:00,NetworkIn,164711522.6
2026-08-02T02:37:00+00:00,NetworkIn,164626578.6
2026-08-02T02:42:00+00:00,NetworkIn,165534562.4
2026-08-02T02:47:00+00:00,NetworkIn,164909162.6
2026-08-02T02:52:00+00:00,NetworkIn,165315390.2
2026-08-02T02:57:00+00:00,NetworkIn,164586226.2
2026-08-02T03:02:00+00:00,NetworkIn,164932073.4
2026-08-02T03:07:00+00:00,NetworkIn,165139902.6
2026-08-02T03:12:00+00:00,NetworkIn,164790322.0
2026-08-02T03:17:00+00:00,NetworkIn,164989584.8
2026-08-02T03:22:00+00:00,NetworkIn,165026041.0
2026-08-02T03:27:00+00:00,NetworkIn,164556941.0
2026-08-02T03:32:00+00:00,NetworkIn,164185136.8
2026-08-02T03:37:00+00:00,NetworkIn,164712024.8
2026-08-02T03:42:00+00:00,NetworkIn,164821220.4
2026-08-02T03:47:00+00:00,NetworkIn,165125291.2
2026-08-02T03:52:00+00:00,NetworkIn,164898126.2
2026-08-02T03:57:00+00:00,NetworkIn,164592632.4
2026-08-02T04:02:00+00:00,NetworkIn,164078060.0
2026-08-02T04:07:00+00:00,NetworkIn,165053624.6
2026-08-02T04:12:00+00:00,NetworkIn,164572954.4
2026-08-02T04:17:00+00:00,NetworkIn,164515672.4
2026-08-02T04:22:00+00:00,NetworkIn,163916947.8
2026-08-02T04:27:00+00:00,NetworkIn,164415802.0
2026-08-02T04:32:00+00:00,NetworkIn,164790388.4
2026-08-02T04:37:00+00:00,NetworkIn,164142981.0
2026-08-02T04:42:00+00:00,NetworkIn,164079216.6
2026-08-02T04:47:00+00:00,NetworkIn,165608252.0
2026-08-02T04:52:00+00:00,NetworkIn,164959561.8
2026-08-02T04:57:00+00:00,NetworkIn,164718182.8
2026-08-02T05:02:00+00:00,NetworkIn,165115916.4
2026-08-02T05:07:00+00:00,NetworkIn,165316357.6
2026-08-02T05:12:00+00:00,NetworkIn,163696320.8
2026-08-02T05:17:00+00:00,NetworkIn,164936374.4
2026-08-02T05:22:00+00:00,NetworkIn,164682553.2
2026-08-02T05:27:00+00:00,NetworkIn,179545710.0
2026-08-02T05:32:00+00:00,NetworkIn,164514819.4
2026-08-02T05:37:00+00:00,NetworkIn,164459702.8
2026-08-02T05:42:00+00:00,NetworkIn,164575333.2
2026-08-02T05:47:00+00:00,NetworkIn,164030660.6
2026-08-02T05:52:00+00:00,NetworkIn,164049276.6
2026-08-02T05:57:00+00:00,NetworkIn,165081176.2
2026-08-02T06:02:00+00:00,NetworkIn,165547820.8
2026-08-02T06:07:00+00:00,NetworkIn,165349259.2
2026-08-02T06:12:00+00:00,NetworkIn,165424743.6
2026-08-02T06:17:00+00:00,NetworkIn,165321106.2
2026-08-02T06:22:00+00:00,NetworkIn,165009224.8
2026-08-02T06:27:00+00:00,NetworkIn,165440368.2
2026-08-02T06:32:00+00:00,NetworkIn,165234880.0
2026-08-02T06:37:00+00:00,NetworkIn,165171306.2
2026-08-02T06:42:00+00:00,NetworkIn,164537605.8
2026-08-02T06:47:00+00:00,NetworkIn,164809717.6
2026-08-02T06:52:00+00:00,NetworkIn,165390041.0
2026-08-02T06:57:00+00:00,NetworkIn,165149083.6
2026-08-02T07:02:00+00:00,NetworkIn,164968035.8
2026-08-02T07:07:00+00:00,NetworkIn,165366753.8
2026-08-02T07:12:00+00:00,NetworkIn,165254880.8
2026-08-02T07:17:00+00:00,NetworkIn,164991910.8
2026-08-02T07:22:00+00:00,NetworkIn,164329103.4
2026-08-02T07:27:00+00:00,NetworkIn,164233316.4
2026-08-02T07:32:00+00:00,NetworkIn,164810157.6
2026-08-02T07:37:00+00:00,NetworkIn,163457080.4
2026-08-02T07:42:00+00:00,NetworkIn,164188001.8
2026-08-02T07:47:00+00:00,NetworkIn,164552286.6
2026-08-02T07:52:00+00:00,NetworkIn,164107662.0
2026-08-02T07:57:00+00:00,NetworkIn,162505391.2
2026-08-02T08:02:00+00:00,NetworkIn,163238190.8
2026-08-02T08:07:00+00:00,NetworkIn,164068594.8
2026-08-02T08:12:00+00:00,NetworkIn,165133409.4
2026-08-02T08:17:00+00:00,NetworkIn,162808984.0
2026-08-02T08:22:00+00:00,NetworkIn,163920515.4
2026-08-02T08:27:00+00:00,NetworkIn,162611896.2
2026-08-02T08:32:00+00:00,NetworkIn,162926643.4
2026-08-02T08:37:00+00:00,NetworkIn,162229013.2
2026-08-02T08:42:00+00:00,NetworkIn,165068944.0
2026-08-02T08:47:00+00:00,NetworkIn,163496099.2
2026-08-02T08:52:00+00:00,NetworkIn,164000273.8
2026-08-02T08:57:00+00:00,NetworkIn,161569480.8
2026-08-02T09:02:00+00:00,NetworkIn,165443332.8
2026-08-02T09:07:00+00:00,NetworkIn,165174116.0
2026-08-02T09:12:00+00:00,NetworkIn,165202710.0
2026-08-02T09:17:00+00:00,NetworkIn,164703247.0
2026-08-02T09:22:00+00:00,NetworkIn,165218665.8
2026-08-02T09:27:00+00:00,NetworkIn,163798451.8
2026-08-02T09:32:00+00:00,NetworkIn,164665745.6
2026-08-02T09:37:00+00:00,NetworkIn,163365667.4
2026-08-02T09:42:00+00:00,NetworkIn,164806420.2
2026-08-02T09:47:00+00:00,NetworkIn,164196587.0
2026-08-02T09:52:00+00:00,NetworkIn,163916479.8
2026-08-02T09:57:00+00:00,NetworkIn,164465837.2
2026-08-02T10:02:00+00:00,NetworkIn,163426798.8
2026-08-02T10:07:00+00:00,NetworkIn,163953870.2
2026-08-02T10:12:00+00:00,NetworkIn,162142236.4
2026-08-02T10:17:00+00:00,NetworkIn,165139780.4
2026-08-02T10:22:00+00:00,NetworkIn,163482940.8
2026-08-02T10:27:00+00:00,NetworkIn,163390487.6
2026-08-02T10:32:00+00:00,NetworkIn,162488406.4
2026-08-02T10:37:00+00:00,NetworkIn,161414005.6
2026-08-02T10:42:00+00:00,NetworkIn,165131195.2
2026-08-02T10:47:00+00:00,NetworkIn,160849118.0
2026-08-02T10:52:00+00:00,NetworkIn,163720765.8
2026-08-02T10:57:00+00:00,NetworkIn,163645701.0
2026-08-02T11:02:00+00:00,NetworkIn,163397296.6
2026-08-02T11:07:00+00:00,NetworkIn,164693827.6
2026-08-02T11:12:00+00:00,NetworkIn,164677965.8
2026-08-02T11:17:00+00:00,NetworkIn,163712741.0
2026-08-02T11:22:00+00:00,NetworkIn,164003355.4
2026-08-02T11:27:00+00:00,NetworkIn,163651753.2
2026-08-02T11:32:00+00:00,NetworkIn,163490813.6
2026-08-02T11:37:00+00:00,NetworkIn,164043793.0
2026-08-02T11:42:00+00:00,NetworkIn,164254609.2
2026-08-02T11:47:00+00:00,NetworkIn,161988434.8
2026-08-02T11:52:00+00:00,NetworkIn,162142429.2
2026-08-02T11:57:00+00:00,NetworkIn,162430645.4
2026-08-02T12:02:00+00:00,NetworkIn,161786980.2
2026-08-02T12:07:00+00:00,NetworkIn,162124115.6
2026-08-02T12:12:00+00:00,NetworkIn,164029348.0
2026-08-02T12:17:00+00:00,NetworkIn,161750303.0
2026-08-02T12:22:00+00:00,NetworkIn,163115313.4
2026-08-02T12:27:00+00:00,NetworkIn,154376492.4
2026-08-02T12:32:00+00:00,NetworkIn,161020029.8
2026-08-02T12:37:00+00:00,NetworkIn,161100921.8
2026-08-02T12:42:00+00:00,NetworkIn,163190575.6
2026-08-02T12:47:00+00:00,NetworkIn,162494878.6
2026-08-02T12:52:00+00:00,NetworkIn,160883849.6
2026-08-02T12:57:00+00:00,NetworkIn,157165997.6
2026-08-02T13:02:00+00:00,NetworkIn,164963785.2
2026-08-02T13:07:00+00:00,NetworkIn,150098795.6
2026-08-02T13:12:00+00:00,NetworkIn,149670868.2
2026-08-02T13:17:00+00:00,NetworkIn,157705218.0
2026-08-02T13:22:00+00:00,NetworkIn,158989195.4
2026-08-02T13:27:00+00:00,NetworkIn,165045537.0
2026-08-02T13:32:00+00:00,NetworkIn,164794481.0
2026-08-02T13:37:00+00:00,NetworkIn,165209627.8
2026-08-02T13:42:00+00:00,NetworkIn,164766427.0
2026-08-02T13:47:00+00:00,NetworkIn,165214270.4
2026-08-02T13:52:00+00:00,NetworkIn,165114441.4
2026-08-02T13:57:00+00:00,NetworkIn,165119205.2
2026-08-02T14:02:00+00:00,NetworkIn,161689287.6
2026-08-02T14:07:00+00:00,NetworkIn,165853315.2
2026-08-02T14:12:00+00:00,NetworkIn,164673053.6
2026-08-02T14:17:00+00:00,NetworkIn,165105885.4
2026-08-02T14:22:00+00:00,NetworkIn,165144528.6
2026-08-02T14:27:00+00:00,NetworkIn,165318855.4
2026-08-02T14:32:00+00:00,NetworkIn,165220477.2
2026-08-02T14:37:00+00:00,NetworkIn,164755817.6
2026-08-02T14:42:00+00:00,NetworkIn,164980673.4
2026-08-02T14:47:00+00:00,NetworkIn,165031406.0
2026-08-02T14:52:00+00:00,NetworkIn,164657983.0
2026-08-02T14:57:00+00:00,NetworkIn,164986487.2
2026-08-02T15:02:00+00:00,NetworkIn,165341774.4
2026-08-02T15:07:00+00:00,NetworkIn,165732226.4
2026-08-02T15:12:00+00:00,NetworkIn,164817529.4
2026-08-02T15:17:00+00:00,NetworkIn,164689144.2
2026-08-02T15:22:00+00:00,NetworkIn,165045229.8
2026-08-02T15:27:00+00:00,NetworkIn,165149664.2
2026-08-02T15:32:00+00:00,NetworkIn,165553688.2
2026-08-02T15:37:00+00:00,NetworkIn,164819778.2
2026-08-02T15:42:00+00:00,NetworkIn,164944399.6
2026-08-02T15:47:00+00:00,NetworkIn,164582975.4
2026-08-02T15:52:00+00:00,NetworkIn,164875804.0
2026-08-02T15:57:00+00:00,NetworkIn,165197127.8
2026-08-02T16:02:00+00:00,NetworkIn,165368470.6
2026-08-02T16:07:00+00:00,NetworkIn,165425498.4
2026-08-02T16:12:00+00:00,NetworkIn,164952916.0
2026-08-02T16:17:00+00:00,NetworkIn,164873471.8
2026-08-02T16:22:00+00:00,NetworkIn,165257940.0
2026-08-02T16:27:00+00:00,NetworkIn,164122597.4
2026-08-02T16:32:00+00:00,NetworkIn,165232551.8
2026-08-02T16:37:00+00:00,NetworkIn,165307025.0
2026-08-02T16:42:00+00:00,NetworkIn,165240457.0
2026-08-02T16:47:00+00:00,NetworkIn,165186186.8
2026-08-02T16:52:00+00:00,NetworkIn,164715741.0
2026-08-02T16:57:00+00:00,NetworkIn,165222074.8
2026-08-02T17:02:00+00:00,NetworkIn,165205305.4
2026-08-02T17:07:00+00:00,NetworkIn,165326143.4
2026-08-02T17:12:00+00:00,NetworkIn,164973579.4
2026-08-02T17:17:00+00:00,NetworkIn,165325188.2
2026-08-02T17:22:00+00:00,NetworkIn,165262943.6
2026-08-02T17:27:00+00:00,NetworkIn,164665382.4
2026-08-02T17:32:00+00:00,NetworkIn,165123163.2
2026-08-02T17:37:00+00:00,NetworkIn,164861597.6
2026-08-02T17:42:00+00:00,NetworkIn,160635307.0
2026-08-02T17:47:00+00:00,NetworkIn,160927173.6
2026-08-02T17:52:00+00:00,NetworkIn,161617823.4
2026-08-02T17:57:00+00:00,NetworkIn,163495813.2
2026-08-02T18:02:00+00:00,NetworkIn,162952948.4
2026-08-02T18:07:00+00:00,NetworkIn,161760673.6
2026-08-02T18:12:00+00:00,NetworkIn,164935037.8
2026-08-02T18:17:00+00:00,NetworkIn,164717031.8
2026-08-02T18:22:00+00:00,NetworkIn,165225377.8
2026-08-02T18:27:00+00:00,NetworkIn,164799015.8
2026-08-02T18:32:00+00:00,NetworkIn,165661786.2
2026-08-02T18:37:00+00:00,NetworkIn,164552117.4
2026-08-02T18:42:00+00:00,NetworkIn,164573624.8
2026-08-02T18:47:00+00:00,NetworkIn,165098977.0
2026-08-02T18:52:00+00:00,NetworkIn,164675228.0
2026-08-02T18:57:00+00:00,NetworkIn,164933303.2
2026-08-02T19:02:00+00:00,NetworkIn,164404531.6
2026-08-02T19:07:00+00:00,NetworkIn,165361122.4
2026-08-02T19:12:00+00:00,NetworkIn,165500709.6
2026-08-02T19:17:00+00:00,NetworkIn,164864753.0
2026-08-02T19:22:00+00:00,NetworkIn,164856872.6
2026-08-02T19:27:00+00:00,NetworkIn,165588910.4
2026-08-02T19:32:00+00:00,NetworkIn,164643884.6
2026-08-02T19:37:00+00:00,NetworkIn,165089366.2
2026-08-02T19:42:00+00:00,NetworkIn,165051226.0
2026-08-02T19:47:00+00:00,NetworkIn,165972587.0
2026-08-02T19:52:00+00:00,NetworkIn,164721909.6
2026-08-02T19:57:00+00:00,NetworkIn,162455319.8
2026-08-02T20:02:00+00:00,NetworkIn,162056628.6
2026-08-02T20:07:00+00:00,NetworkIn,163003300.6
2026-08-02T20:12:00+00:00,NetworkIn,164441143.6
2026-08-02T20:17:00+00:00,NetworkIn,162856630.0
2026-08-02T20:22:00+00:00,NetworkIn,162902137.0
2026-08-02T20:27:00+00:00,NetworkIn,163241720.8
2026-08-02T20:32:00+00:00,NetworkIn,163012519.0
2026-08-02T20:37:00+00:00,NetworkIn,163335261.8
2026-08-02T20:42:00+00:00,NetworkIn,162399002.8
2026-08-02T20:47:00+00:00,NetworkIn,162843567.8
2026-08-02T20:52:00+00:00,NetworkIn,164975140.2
2026-08-02T20:57:00+00:00,NetworkIn,163228977.0
2026-08-02T21:02:00+00:00,NetworkIn,163187458.0
2026-08-02T21:07:00+00:00,NetworkIn,163899060.8
2026-08-02T21:12:00+00:00,NetworkIn,163609315.4
2026-08-02T21:17:00+00:00,NetworkIn,164169875.0
2026-08-02T21:22:00+00:00,NetworkIn,164860398.0
2026-08-02T21:27:00+00:00,NetworkIn,164670437.2
2026-08-02T21:32:00+00:00,NetworkIn,164670661.4
2026-08-02T21:37:00+00:00,NetworkIn,165003570.8
2026-08-02T21:42:00+00:00,NetworkIn,165428594.8
2026-08-02T21:47:00+00:00,NetworkIn,164960470.8
2026-08-02T21:52:00+00:00,NetworkIn,164949082.4
2026-08-02T21:57:00+00:00,NetworkIn,165062289.8
2026-08-02T22:02:00+00:00,NetworkIn,164777487.6
2026-08-02T22:07:00+00:00,NetworkIn,166401204.4
2026-08-02T22:12:00+00:00,NetworkIn,165363093.0
2026-08-02T22:17:00+00:00,NetworkIn,165510838.6
2026-08-02T22:22:00+00:00,NetworkIn,164860623.6
2026-08-02T22:27:00+00:00,NetworkIn,164395920.2
2026-08-02T22:32:00+00:00,NetworkIn,164845894.2
2026-08-02T22:37:00+00:00,NetworkIn,164653683.6
2026-08-02T22:42:00+00:00,NetworkIn,164762866.2
2026-08-02T22:47:00+00:00,NetworkIn,165110978.2
2026-08-02T22:52:00+00:00,NetworkIn,165506554.2
2026-08-02T22:57:00+00:00,NetworkIn,164407192.8
2026-08-02T23:02:00+00:00,NetworkIn,164283733.0
2026-08-02T23:07:00+00:00,NetworkIn,164378235.2
2026-08-02T23:12:00+00:00,NetworkIn,164831003.2
2026-08-02T23:17:00+00:00,NetworkIn,163997870.6
2026-08-02T23:22:00+00:00,NetworkIn,163235932.4
2026-08-02T23:27:00+00:00,NetworkIn,164092851.0
2026-08-02T23:32:00+00:00,NetworkIn,164323313.2
2026-08-02T23:37:00+00:00,NetworkIn,163828953.4
2026-08-02T23:42:00+00:00,NetworkIn,164069990.6
2026-08-02T23:47:00+00:00,NetworkIn,164341422.6
2026-08-02T23:52:00+00:00,NetworkIn,164140026.0
2026-08-02T23:57:00+00:00,NetworkIn,165077436.6
2026-08-03T00:02:00+00:00,NetworkIn,163043424.2
2026-08-03T00:07:00+00:00,NetworkIn,164418070.2
2026-08-03T00:12:00+00:00,NetworkIn,163598168.8
2026-08-03T00:17:00+00:00,NetworkIn,163955682.8
2026-08-03T00:22:00+00:00,NetworkIn,163518319.8
2026-08-03T00:27:00+00:00,NetworkIn,163104934.8
2026-08-03T00:32:00+00:00,NetworkIn,164904287.4
2026-08-03T00:37:00+00:00,NetworkIn,163378219.8
2026-08-03T00:42:00+00:00,NetworkIn,162646739.8
2026-08-03T00:47:00+00:00,NetworkIn,164185254.8
2026-08-03T00:52:00+00:00,NetworkIn,163440393.6
2026-08-03T00:57:00+00:00,NetworkIn,163656675.2
2026-08-03T01:02:00+00:00,NetworkIn,163044992.6
2026-08-03T01:07:00+00:00,NetworkIn,165237648.4
2026-08-03T01:12:00+00:00,NetworkIn,164332972.0
2026-08-03T01:17:00+00:00,NetworkIn,163766224.8
2026-08-03T01:22:00+00:00,NetworkIn,163810933.0
2026-08-03T01:27:00+00:00,NetworkIn,163634121.0
2026-08-03T01:32:00+00:00,NetworkIn,164481937.2
2026-08-03T01:37:00+00:00,NetworkIn,165097196.4
2026-08-03T01:42:00+00:00,NetworkIn,164906419.4
2026-08-03T01:47:00+00:00,NetworkIn,164979897.4
2026-08-03T01:52:00+00:00,NetworkIn,164862063.4
2026-08-03T01:57:00+00:00,NetworkIn,165393070.4
2026-08-03T02:02:00+00:00,NetworkIn,165597491.8
2026-08-03T02:07:00+00:00,NetworkIn,165469660.6
2026-08-03T02:12:00+00:00,NetworkIn,165022105.0
2026-08-03T02:17:00+00:00,NetworkIn,164353499.4
2026-08-03T02:22:00+00:00,NetworkIn,162821722.6
2026-08-03T02:27:00+00:00,NetworkIn,163693867.4
2026-08-03T02:32:00+00:00,NetworkIn,164550712.0
2026-08-03T02:37:00+00:00,NetworkIn,163720072.0
2026-08-03T02:42:00+00:00,NetworkIn,163135031.2
2026-08-03T02:47:00+00:00,NetworkIn,163730642.4
2026-08-03T02:52:00+00:00,NetworkIn,163993182.2
2026-08-03T02:57:00+00:00,NetworkIn,162383891.0
2026-08-03T03:02:00+00:00,NetworkIn,163443020.2
2026-08-03T03:07:00+00:00,NetworkIn,164378174.2
2026-08-03T03:12:00+00:00,NetworkIn,164469100.2
2026-08-03T03:17:00+00:00,NetworkIn,163379324.2
2026-08-03T03:22:00+00:00,NetworkIn,163327183.4
2026-08-03T03:27:00+00:00,NetworkIn,164236474.8
2026-08-03T03:32:00+00:00,NetworkIn,165203396.6
2026-08-03T03:37:00+00:00,NetworkIn,164308348.8
2026-08-03T03:42:00+00:00,NetworkIn,165739274.6
2026-08-03T03:47:00+00:00,NetworkIn,164530299.6
2026-08-03T03:52:00+00:00,NetworkIn,164600257.2
2026-08-03T03:57:00+00:00,NetworkIn,158346392.8
2026-08-03T04:02:00+00:00,NetworkIn,164655713.6
2026-08-03T04:07:00+00:00,NetworkIn,164636862.2
2026-08-03T04:12:00+00:00,NetworkIn,165167019.4
2026-08-03T04:17:00+00:00,NetworkIn,164856134.2
2026-08-03T04:22:00+00:00,NetworkIn,164528198.4
2026-08-03T04:27:00+00:00,NetworkIn,164426717.4
2026-08-03T04:32:00+00:00,NetworkIn,164810129.2
2026-08-03T04:37:00+00:00,NetworkIn,164725262.8
2026-08-03T04:42:00+00:00,NetworkIn,164601294.2
2026-08-03T04:47:00+00:00,NetworkIn,165212601.0
2026-08-03T04:52:00+00:00,NetworkIn,165499083.2
2026-08-03T04:57:00+00:00,NetworkIn,163964045.0
2026-08-03T05:02:00+00:00,NetworkIn,164793054.8
2026-08-03T05:07:00+00:00,NetworkIn,165016765.4
2026-08-03T05:12:00+00:00,NetworkIn,164828064.2
2026-08-03T05:17:00+00:00,NetworkIn,164352098.4
2026-08-03T05:22:00+00:00,NetworkIn,165005424.0
2026-08-03T05:27:00+00:00,NetworkIn,164067062.4
2026-08-03T05:32:00+00:00,NetworkIn,164755344.2
2026-08-03T05:37:00+00:00,NetworkIn,164316418.0
2026-08-03T05:42:00+00:00,NetworkIn,164666772.6
2026-08-03T05:47:00+00:00,NetworkIn,163927833.6
2026-08-03T05:52:00+00:00,NetworkIn,165232624.4
2026-08-03T05:57:00+00:00,NetworkIn,164378725.2
2026-08-03T06:02:00+00:00,NetworkIn,163162688.4
2026-08-03T06:07:00+00:00,NetworkIn,163822687.6
2026-08-03T06:12:00+00:00,NetworkIn,161060242.0
2026-08-03T06:17:00+00:00,NetworkIn,164751560.2
2026-08-03T06:22:00+00:00,NetworkIn,163356617.2
2026-08-03T06:27:00+00:00,NetworkIn,162598664.6
2026-08-03T06:32:00+00:00,NetworkIn,161731297.8
2026-08-03T06:37:00+00:00,NetworkIn,162994242.6
2026-08-03T06:42:00+00:00,NetworkIn,162548832.8
2026-08-03T06:47:00+00:00,NetworkIn,163276316.0
2026-08-03T06:52:00+00:00,NetworkIn,164245113.4
2026-08-03T06:57:00+00:00,NetworkIn,162853436.4
2026-08-03T07:02:00+00:00,NetworkIn,164084615.0
2026-08-03T07:07:00+00:00,NetworkIn,164995419.8
2026-08-03T07:12:00+00:00,NetworkIn,163511104.2
2026-08-03T07:17:00+00:00,NetworkIn,163005489.0
2026-08-03T07:22:00+00:00,NetworkIn,163719456.2
2026-08-03T07:27:00+00:00,NetworkIn,163195318.4
2026-08-03T07:32:00+00:00,NetworkIn,162974730.6
2026-08-03T07:37:00+00:00,NetworkIn,161805701.8
2026-08-03T07:42:00+00:00,NetworkIn,163189551.6
2026-08-03T07:47:00+00:00,NetworkIn,163190945.8
2026-08-03T07:52:00+00:00,NetworkIn,161624210.0
2026-08-03T07:57:00+00:00,NetworkIn,164203526.2
2026-08-03T08:02:00+00:00,NetworkIn,158084807.2
2026-08-03T08:07:00+00:00,NetworkIn,165289872.4
2026-08-03T08:12:00+00:00,NetworkIn,163205007.2
2026-08-03T08:17:00+00:00,NetworkIn,164586239.6
2026-08-03T08:22:00+00:00,NetworkIn,164438346.2
2026-08-03T08:27:00+00:00,NetworkIn,164379705.6
2026-08-03T08:32:00+00:00,NetworkIn,164875395.4
2026-08-03T08:37:00+00:00,NetworkIn,164969453.2
2026-08-03T08:42:00+00:00,NetworkIn,164661987.0
2026-08-03T08:47:00+00:00,NetworkIn,165035312.6
2026-08-03T08:52:00+00:00,NetworkIn,164369055.0
2026-08-03T08:57:00+00:00,NetworkIn,164675033.0
2026-08-03T09:02:00+00:00,NetworkIn,164796853.0
2026-08-03T09:07:00+00:00,NetworkIn,165518666.2
2026-08-03T09:12:00+00:00,NetworkIn,164148037.2
2026-08-03T09:17:00+00:00,NetworkIn,164490915.6
2026-08-03T09:22:00+00:00,NetworkIn,163841871.0
2026-08-03T09:27:00+00:00,NetworkIn,164254782.6
2026-08-03T09:32:00+00:00,NetworkIn,163815594.2
2026-08-03T09:37:00+00:00,NetworkIn,164163436.2
2026-08-03T09:42:00+00:00,NetworkIn,164156498.8
2026-08-03T09:47:00+00:00,NetworkIn,163020978.4
2026-08-03T09:52:00+00:00,NetworkIn,164529559.4
2026-08-03T09:57:00+00:00,NetworkIn,164497370.2
2026-08-03T10:02:00+00:00,NetworkIn,163403424.4
2026-08-03T10:07:00+00:00,NetworkIn,163375600.8
2026-08-03T10:12:00+00:00,NetworkIn,163522169.2
2026-08-03T10:17:00+00:00,NetworkIn,161629475.6
2026-08-03T10:22:00+00:00,NetworkIn,165144380.2
2026-08-03T10:27:00+00:00,NetworkIn,162582590.2
2026-08-03T10:32:00+00:00,NetworkIn,163813560.0
2026-08-03T10:37:00+00:00,NetworkIn,162690332.6
2026-08-03T10:42:00+00:00,NetworkIn,161220564.4
2026-08-03T10:47:00+00:00,NetworkIn,163418393.8
2026-08-03T10:52:00+00:00,NetworkIn,164609006.4
2026-08-03T10:57:00+00:00,NetworkIn,163562236.8
2026-08-03T11:02:00+00:00,NetworkIn,161941863.0
2026-08-03T11:07:00+00:00,NetworkIn,161915545.4
2026-08-03T11:12:00+00:00,NetworkIn,161933835.6
2026-08-03T11:17:00+00:00,NetworkIn,165311248.0
2026-08-03T11:22:00+00:00,NetworkIn,163379752.2
2026-08-03T11:27:00+00:00,NetworkIn,161636459.6
2026-08-03T11:32:00+00:00,NetworkIn,161396757.8
2026-08-03T11:37:00+00:00,NetworkIn,161636699.8
2026-08-03T11:42:00+00:00,NetworkIn,164632445.0
2026-08-03T11:47:00+00:00,NetworkIn,163891798.6
2026-08-03T11:52:00+00:00,NetworkIn,162613656.6
2026-08-03T11:57:00+00:00,NetworkIn,160913657.6
2026-08-03T12:02:00+00:00,NetworkIn,161915138.6
2026-08-03T12:07:00+00:00,NetworkIn,157001273.0
2026-08-03T12:12:00+00:00,NetworkIn,154613591.2
2026-08-03T12:17:00+00:00,NetworkIn,154447671.0
2026-08-03T12:22:00+00:00,NetworkIn,162057766.6
2026-08-03T12:27:00+00:00,NetworkIn,157612069.2
2026-08-03T12:32:00+00:00,NetworkIn,155475697.2
2026-08-03T12:37:00+00:00,NetworkIn,157648354.4
2026-08-03T12:42:00+00:00,NetworkIn,161291400.6
2026-08-03T12:47:00+00:00,NetworkIn,150275287.0
2026-08-03T12:52:00+00:00,NetworkIn,161667791.8
2026-08-03T12:57:00+00:00,NetworkIn,160695376.6
2026-08-03T13:02:00+00:00,NetworkIn,159580899.4
2026-08-03T13:07:00+00:00,NetworkIn,164907907.2
2026-08-03T13:12:00+00:00,NetworkIn,159936459.2
2026-08-03T13:17:00+00:00,NetworkIn,164507237.8
2026-08-03T13:22:00+00:00,NetworkIn,164140139.8
2026-08-03T13:27:00+00:00,NetworkIn,164372978.0
2026-08-03T13:32:00+00:00,NetworkIn,164302440.2
2026-08-03T13:37:00+00:00,NetworkIn,162065826.6
2026-08-03T13:42:00+00:00,NetworkIn,162196955.4
2026-08-03T13:47:00+00:00,NetworkIn,158515095.6
2026-08-03T13:52:00+00:00,NetworkIn,164293374.0
2026-08-03T13:57:00+00:00,NetworkIn,162078704.8
2026-08-03T14:02:00+00:00,NetworkIn,163990959.4
2026-08-03T14:07:00+00:00,NetworkIn,164428860.6
2026-08-03T14:12:00+00:00,NetworkIn,164868910.4
2026-08-03T14:17:00+00:00,NetworkIn,165392321.6
2026-08-03T14:22:00+00:00,NetworkIn,164689574.2
2026-08-03T14:27:00+00:00,NetworkIn,165272652.6
2026-08-03T14:32:00+00:00,NetworkIn,165333912.6
2026-08-03T14:37:00+00:00,NetworkIn,165067781.4
2026-08-03T14:42:00+00:00,NetworkIn,165144849.0
2026-08-03T14:47:00+00:00,NetworkIn,164755334.8
2026-08-03T14:52:00+00:00,NetworkIn,164999938.0
2026-08-03T14:57:00+00:00,NetworkIn,164964887.6
2026-08-03T15:02:00+00:00,NetworkIn,165351562.6
2026-08-03T15:07:00+00:00,NetworkIn,165475381.8
2026-08-03T15:12:00+00:00,NetworkIn,165178534.2
2026-08-03T15:17:00+00:00,NetworkIn,164428294.0
2026-08-03T15:22:00+00:00,NetworkIn,165201231.6
2026-08-03T15:27:00+00:00,NetworkIn,165106242.0
2026-08-03T15:32:00+00:00,NetworkIn,165058037.0
2026-08-03T15:37:00+00:00,NetworkIn,164848060.2
2026-08-03T15:42:00+00:00,NetworkIn,164785864.0
2026-08-03T15:47:00+00:00,NetworkIn,164721580.0
2026-08-03T15:52:00+00:00,NetworkIn,165715843.2
2026-08-03T15:57:00+00:00,NetworkIn,164729458.8
2026-08-03T16:02:00+00:00,NetworkIn,165292823.0
2026-08-03T16:07:00+00:00,NetworkIn,164459094.8
2026-08-03T16:12:00+00:00,NetworkIn,164400519.2
2026-08-03T16:17:00+00:00,NetworkIn,164913912.6
2026-08-03T16:22:00+00:00,NetworkIn,164683583.0
2026-08-03T16:27:00+00:00,NetworkIn,164974509.6
2026-08-03T16:32:00+00:00,NetworkIn,164708995.8
2026-08-03T16:37:00+00:00,NetworkIn,164453507.8
2026-08-03T16:42:00+00:00,NetworkIn,164787990.6
2026-08-03T16:47:00+00:00,NetworkIn,164645422.0
2026-08-03T16:52:00+00:00,NetworkIn,164692502.4
2026-08-03T16:57:00+00:00,NetworkIn,164906558.2
2026-08-03T17:02:00+00:00,NetworkIn,164674056.2
2026-08-03T17:07:00+00:00,NetworkIn,165662611.6
2026-08-03T17:12:00+00:00,NetworkIn,164264392.2
2026-08-03T17:17:00+00:00,NetworkIn,165139190.6
2026-08-03T17:22:00+00:00,NetworkIn,164709291.6
2026-08-03T17:27:00+00:00,NetworkIn,164848736.4
2026-08-03T17:32:00+00:00,NetworkIn,164736837.2
2026-08-03T17:37:00+00:00,NetworkIn,165289268.4
2026-08-03T17:42:00+00:00,NetworkIn,165350068.8
2026-08-03T17:47:00+00:00,NetworkIn,165208661.0
2026-08-03T17:52:00+00:00,NetworkIn,164728092.6
2026-08-03T17:57:00+00:00,NetworkIn,164885110.6
2026-08-03T18:02:00+00:00,NetworkIn,164689550.0
2026-08-03T18:07:00+00:00,NetworkIn,165381069.6
2026-08-03T18:12:00+00:00,NetworkIn,164986728.0
2026-08-03T18:17:00+00:00,NetworkIn,165011991.6
2026-08-03T18:22:00+00:00,NetworkIn,164717279.8
2026-08-03T18:27:00+00:00,NetworkIn,164828435.0
2026-08-03T18:32:00+00:00,NetworkIn,164848503.8
2026-08-03T18:37:00+00:00,NetworkIn,164433083.6
2026-08-03T18:42:00+00:00,NetworkIn,163202046.0
2026-08-03T18:47:00+00:00,NetworkIn,163247451.8
2026-08-03T18:52:00+00:00,NetworkIn,163232020.2
2026-08-03T18:57:00+00:00,NetworkIn,164854359.0
2026-08-03T19:02:00+00:00,NetworkIn,165072131.8
2026-08-03T19:07:00+00:00,NetworkIn,166108286.4
2026-08-03T19:12:00+00:00,NetworkIn,164609805.6
2026-08-03T19:17:00+00:00,NetworkIn,165575098.4
2026-08-03T19:22:00+00:00,NetworkIn,164785599.8
2026-08-03T19:27:00+00:00,NetworkIn,165369152.6
2026-08-03T19:32:00+00:00,NetworkIn,164715240.2
2026-08-03T19:37:00+00:00,NetworkIn,165031849.0
2026-08-03T19:42:00+00:00,NetworkIn,165222208.2
2026-08-03T19:47:00+00:00,NetworkIn,166014685.0
2026-08-03T19:52:00+00:00,NetworkIn,164779776.6
2026-08-03T19:57:00+00:00,NetworkIn,165411876.0
2026-08-03T20:02:00+00:00,NetworkIn,164384186.8
2026-08-03T20:07:00+00:00,NetworkIn,165710405.4
2026-08-03T20:12:00+00:00,NetworkIn,164365027.6
2026-08-03T20:17:00+00:00,NetworkIn,164990680.6
2026-08-03T20:22:00+00:00,NetworkIn,165139665.6
2026-08-03T20:27:00+00:00,NetworkIn,164904390.2
2026-08-03T20:32:00+00:00,NetworkIn,164639205.2
2026-08-03T20:37:00+00:00,NetworkIn,165018601.4
2026-08-03T20:42:00+00:00,NetworkIn,164386030.6
2026-08-03T20:47:00+00:00,NetworkIn,165441611.2
2026-08-03T20:52:00+00:00,NetworkIn,164378773.4
2026-08-03T20:57:00+00:00,NetworkIn,165138908.2
2026-08-03T21:02:00+00:00,NetworkIn,164510386.8
2026-08-03T21:07:00+00:00,NetworkIn,165020772.2
2026-08-03T21:12:00+00:00,NetworkIn,164565063.2
2026-08-03T21:17:00+00:00,NetworkIn,165117293.4
2026-08-03T21:22:00+00:00,NetworkIn,164631740.6
2026-08-03T21:27:00+00:00,NetworkIn,164628251.2
2026-08-03T21:32:00+00:00,NetworkIn,164410118.4
2026-08-03T21:37:00+00:00,NetworkIn,165233919.6
2026-08-03T21:42:00+00:00,NetworkIn,164493280.6
2026-08-03T21:47:00+00:00,NetworkIn,164651909.4
2026-08-03T21:52:00+00:00,NetworkIn,163621398.6
2026-08-03T21:57:00+00:00,NetworkIn,163836723.4
2026-08-03T22:02:00+00:00,NetworkIn,164143804.8
2026-08-03T22:07:00+00:00,NetworkIn,164506159.6
2026-08-03T22:12:00+00:00,NetworkIn,164408157.6
2026-08-03T22:17:00+00:00,NetworkIn,164809508.6
2026-08-03T22:22:00+00:00,NetworkIn,164032623.8
2026-08-03T22:27:00+00:00,NetworkIn,165222025.8
2026-08-03T22:32:00+00:00,NetworkIn,165440559.0
2026-08-03T22:37:00+00:00,NetworkIn,165138717.6
2026-08-03T22:42:00+00:00,NetworkIn,164968105.8
2026-08-03T22:47:00+00:00,NetworkIn,165115795.2
2026-08-03T22:52:00+00:00,NetworkIn,165235995.6
2026-08-03T22:57:00+00:00,NetworkIn,165167851.4
2026-08-03T23:02:00+00:00,NetworkIn,164820107.8
2026-08-03T23:07:00+00:00,NetworkIn,165171151.2
2026-08-03T23:12:00+00:00,NetworkIn,165050419.6
2026-08-03T23:17:00+00:00,NetworkIn,165030170.8
2026-08-03T23:22:00+00:00,NetworkIn,165420673.0
2026-08-03T23:27:00+00:00,NetworkIn,164921324.4
2026-08-03T23:32:00+00:00,NetworkIn,165101692.4
2026-08-03T23:37:00+00:00,NetworkIn,165201439.4
2026-08-03T23:42:00+00:00,NetworkIn,164966058.4
2026-08-03T23:47:00+00:00,NetworkIn,165066531.8
2026-08-03T23:52:00+00:00,NetworkIn,164114540.6
2026-08-03T23:57:00+00:00,NetworkIn,164040774.2
2026-08-04T00:02:00+00:00,NetworkIn,164893440.6
2026-08-04T00:07:00+00:00,NetworkIn,164478132.4
2026-08-04T00:12:00+00:00,NetworkIn,164591943.8
2026-08-04T00:17:00+00:00,NetworkIn,164180076.2
2026-08-04T00:22:00+00:00,NetworkIn,164338512.6
2026-08-04T00:27:00+00:00,NetworkIn,164375330.6
2026-08-04T00:32:00+00:00,NetworkIn,164975463.6
2026-08-04T00:37:00+00:00,NetworkIn,164455362.4
2026-08-04T00:42:00+00:00,NetworkIn,164451952.8
2026-08-04T00:47:00+00:00,NetworkIn,164622376.6
2026-08-04T00:52:00+00:00,NetworkIn,165295321.6
2026-08-04T00:57:00+00:00,NetworkIn,165118525.4
2026-08-04T01:02:00+00:00,NetworkIn,164626907.6
2026-08-04T01:07:00+00:00,NetworkIn,165668859.6
2026-08-04T01:12:00+00:00,NetworkIn,165529976.8
2026-08-04T01:17:00+00:00,NetworkIn,164464901.2
2026-08-04T01:22:00+00:00,NetworkIn,165382482.4
2026-08-04T01:27:00+00:00,NetworkIn,165219051.4
2026-08-04T01:32:00+00:00,NetworkIn,165138537.6
2026-08-04T01:37:00+00:00,NetworkIn,164809821.0
2026-08-04T01:42:00+00:00,NetworkIn,164967394.2
2026-08-04T01:47:00+00:00,NetworkIn,165054376.0
2026-08-04T01:52:00+00:00,NetworkIn,164705963.2
2026-08-04T01:57:00+00:00,NetworkIn,164151172.2
2026-08-04T02:02:00+00:00,NetworkIn,164893009.2
2026-08-04T02:07:00+00:00,NetworkIn,165167203.6
2026-08-04T02:12:00+00:00,NetworkIn,164508187.6
2026-08-04T02:17:00+00:00,NetworkIn,164441278.2
2026-08-04T02:22:00+00:00,NetworkIn,164056418.2
2026-08-04T02:27:00+00:00,NetworkIn,164247202.0
2026-08-04T02:32:00+00:00,NetworkIn,164601486.6
2026-08-04T02:37:00+00:00,NetworkIn,164438538.8
2026-08-04T02:42:00+00:00,NetworkIn,165053309.2
2026-08-04T02:47:00+00:00,NetworkIn,165350718.6
2026-08-04T02:52:00+00:00,NetworkIn,164824527.2
2026-08-04T02:57:00+00:00,NetworkIn,165312809.4
2026-08-04T03:02:00+00:00,NetworkIn,165397105.8
2026-08-04T03:07:00+00:00,NetworkIn,165316404.8
2026-08-04T03:12:00+00:00,NetworkIn,163982760.4
2026-08-04T03:17:00+00:00,NetworkIn,164295144.0
2026-08-04T03:22:00+00:00,NetworkIn,164729208.4
2026-08-04T03:27:00+00:00,NetworkIn,163727584.6
2026-08-04T03:32:00+00:00,NetworkIn,163607184.6
2026-08-04T03:37:00+00:00,NetworkIn,162854538.2
2026-08-04T03:42:00+00:00,NetworkIn,163460859.6
2026-08-04T03:47:00+00:00,NetworkIn,162916489.2
2026-08-04T03:52:00+00:00,NetworkIn,163450587.8
2026-08-04T03:57:00+00:00,NetworkIn,163735242.4
2026-08-04T04:02:00+00:00,NetworkIn,164543546.2
2026-08-04T04:07:00+00:00,NetworkIn,162606557.4
2026-08-04T04:12:00+00:00,NetworkIn,163811935.4
2026-08-04T04:17:00+00:00,NetworkIn,162149649.4
2026-08-04T04:22:00+00:00,NetworkIn,162483061.4
2026-08-04T04:27:00+00:00,NetworkIn,165703667.2
2026-08-04T04:32:00+00:00,NetworkIn,164963969.2
2026-08-04T04:37:00+00:00,NetworkIn,164418970.4
2026-08-04T04:42:00+00:00,NetworkIn,164940321.0
2026-08-04T04:47:00+00:00,NetworkIn,165376425.6
2026-08-04T04:52:00+00:00,NetworkIn,165161837.0
2026-08-04T04:57:00+00:00,NetworkIn,164840055.4
2026-08-04T05:02:00+00:00,NetworkIn,165205976.4
2026-08-04T05:07:00+00:00,NetworkIn,165783659.4
2026-08-04T05:12:00+00:00,NetworkIn,165034096.0
2026-08-04T05:17:00+00:00,NetworkIn,165022798.0
2026-08-04T05:22:00+00:00,NetworkIn,165043034.8
2026-08-04T05:27:00+00:00,NetworkIn,164664281.6
2026-08-04T05:32:00+00:00,NetworkIn,165362315.8
2026-08-04T05:37:00+00:00,NetworkIn,165058714.6
2026-08-04T05:42:00+00:00,NetworkIn,165044765.6
2026-08-04T05:47:00+00:00,NetworkIn,164951744.0
2026-08-04T05:52:00+00:00,NetworkIn,164812967.6
2026-08-04T05:57:00+00:00,NetworkIn,165126377.6
2026-08-04T06:02:00+00:00,NetworkIn,164919302.8
2026-08-04T06:07:00+00:00,NetworkIn,165961129.4
2026-08-04T06:12:00+00:00,NetworkIn,165153005.6
2026-08-04T06:17:00+00:00,NetworkIn,165369944.0
2026-08-04T06:22:00+00:00,NetworkIn,164942409.0
2026-08-04T06:27:00+00:00,NetworkIn,164836926.4
2026-08-04T06:32:00+00:00,NetworkIn,164114669.6
2026-08-04T06:37:00+00:00,NetworkIn,164603860.8
2026-08-04T06:42:00+00:00,NetworkIn,165064542.0
2026-08-04T06:47:00+00:00,NetworkIn,164603067.4
2026-08-04T06:52:00+00:00,NetworkIn,163990569.6
2026-08-04T06:57:00+00:00,NetworkIn,158207042.0
2026-08-04T07:02:00+00:00,NetworkIn,158913799.2
2026-08-04T07:07:00+00:00,NetworkIn,165079892.8
2026-08-04T07:12:00+00:00,NetworkIn,160888581.8
2026-08-04T07:17:00+00:00,NetworkIn,159593677.8
2026-08-04T07:22:00+00:00,NetworkIn,158791359.8
2026-08-04T07:27:00+00:00,NetworkIn,161761411.6
2026-08-04T07:32:00+00:00,NetworkIn,164564697.6
2026-08-04T07:37:00+00:00,NetworkIn,158999391.4
2026-08-04T07:42:00+00:00,NetworkIn,160196613.6
2026-08-04T07:47:00+00:00,NetworkIn,164830575.8
2026-08-04T07:52:00+00:00,NetworkIn,160557758.8
2026-08-04T07:57:00+00:00,NetworkIn,165578687.6
2026-08-04T08:02:00+00:00,NetworkIn,163578568.0
2026-08-04T08:07:00+00:00,NetworkIn,163393646.6
2026-08-04T08:12:00+00:00,NetworkIn,162552546.8
2026-08-04T08:17:00+00:00,NetworkIn,162548653.0
2026-08-04T08:22:00+00:00,NetworkIn,161602374.2
2026-08-04T08:27:00+00:00,NetworkIn,164549219.2
2026-08-04T08:32:00+00:00,NetworkIn,160395694.4
2026-08-04T08:37:00+00:00,NetworkIn,164633301.8
2026-08-04T08:42:00+00:00,NetworkIn,164802639.8
2026-08-04T08:47:00+00:00,NetworkIn,163688444.0
2026-08-04T08:52:00+00:00,NetworkIn,165012399.2
2026-08-04T08:57:00+00:00,NetworkIn,163186527.0
2026-08-04T09:02:00+00:00,NetworkIn,161354288.0
2026-08-04T09:07:00+00:00,NetworkIn,163688305.8
2026-08-04T09:12:00+00:00,NetworkIn,159699346.6
2026-08-04T09:17:00+00:00,NetworkIn,164515325.4
2026-08-04T09:22:00+00:00,NetworkIn,164128954.6
2026-08-04T09:27:00+00:00,NetworkIn,163882782.0
2026-08-04T09:32:00+00:00,NetworkIn,164784406.4
2026-08-04T09:37:00+00:00,NetworkIn,162397083.2
2026-08-04T09:42:00+00:00,NetworkIn,163124447.6
2026-08-04T09:47:00+00:00,NetworkIn,164168905.6
2026-08-04T09:52:00+00:00,NetworkIn,163296647.2
2026-08-04T09:57:00+00:00,NetworkIn,163977794.4
2026-08-04T10:02:00+00:00,NetworkIn,163015003.8
2026-08-04T10:07:00+00:00,NetworkIn,163148462.8
2026-08-04T10:12:00+00:00,NetworkIn,163266601.6
2026-08-04T10:17:00+00:00,NetworkIn,164690106.2
2026-08-04T10:22:00+00:00,NetworkIn,161915177.0
2026-08-04T10:27:00+00:00,NetworkIn,160541062.8
2026-08-04T10:32:00+00:00,NetworkIn,162463533.8
2026-08-04T10:37:00+00:00,NetworkIn,162134513.0
2026-08-04T10:42:00+00:00,NetworkIn,165171903.8
2026-08-04T10:47:00+00:00,NetworkIn,161984474.2
2026-08-04T10:52:00+00:00,NetworkIn,163125966.2
2026-08-04T10:57:00+00:00,NetworkIn,163866027.8
2026-08-04T11:02:00+00:00,NetworkIn,164407038.6
2026-08-04T11:07:00+00:00,NetworkIn,164277356.4
2026-08-04T11:12:00+00:00,NetworkIn,161170785.8
2026-08-04T11:17:00+00:00,NetworkIn,163267136.6
2026-08-04T11:22:00+00:00,NetworkIn,162730238.8
2026-08-04T11:27:00+00:00,NetworkIn,165139848.4
2026-08-04T11:32:00+00:00,NetworkIn,162026383.4
2026-08-04T11:37:00+00:00,NetworkIn,161506897.4
2026-08-04T11:42:00+00:00,NetworkIn,162996277.4
2026-08-04T11:47:00+00:00,NetworkIn,162658834.8
2026-08-04T11:52:00+00:00,NetworkIn,164528417.2
2026-08-04T11:57:00+00:00,NetworkIn,161452585.0
2026-08-04T12:02:00+00:00,NetworkIn,162661558.6
2026-08-04T12:07:00+00:00,NetworkIn,163827923.8
2026-08-04T12:12:00+00:00,NetworkIn,162592165.0
2026-08-04T12:17:00+00:00,NetworkIn,164797630.8
2026-08-04T12:22:00+00:00,NetworkIn,162801202.8
2026-08-04T12:27:00+00:00,NetworkIn,162289772.8
2026-08-04T12:32:00+00:00,NetworkIn,161495779.4
2026-08-04T12:37:00+00:00,NetworkIn,165222515.0
2026-08-04T12:42:00+00:00,NetworkIn,161549484.0
2026-08-04T12:47:00+00:00,NetworkIn,162003511.2
2026-08-04T12:52:00+00:00,NetworkIn,162985786.2
2026-08-04T12:57:00+00:00,NetworkIn,164311477.2
2026-08-04T13:02:00+00:00,NetworkIn,162817978.6
2026-08-04T13:07:00+00:00,NetworkIn,161640459.8
2026-08-04T13:12:00+00:00,NetworkIn,160058056.6
2026-08-04T13:17:00+00:00,NetworkIn,164274251.8
2026-08-04T13:22:00+00:00,NetworkIn,160241456.4
2026-08-04T13:27:00+00:00,NetworkIn,158021767.4
2026-08-04T13:32:00+00:00,NetworkIn,159151968.2
2026-08-04T13:37:00+00:00,NetworkIn,164623307.4
2026-08-04T13:42:00+00:00,NetworkIn,160429392.8
2026-08-04T13:47:00+00:00,NetworkIn,157296002.4
2026-08-04T13:52:00+00:00,NetworkIn,161178109.6
2026-08-04T13:57:00+00:00,NetworkIn,163237912.8
2026-08-04T14:02:00+00:00,NetworkIn,153163100.8
2026-08-04T14:07:00+00:00,NetworkIn,152446630.6
2026-08-04T14:12:00+00:00,NetworkIn,147648948.4
2026-08-04T14:17:00+00:00,NetworkIn,164831899.4
2026-08-04T14:22:00+00:00,NetworkIn,150009128.0
2026-08-04T14:27:00+00:00,NetworkIn,153818119.8
2026-08-04T14:32:00+00:00,NetworkIn,162613112.6
2026-08-04T14:37:00+00:00,NetworkIn,164137975.0
2026-08-04T14:42:00+00:00,NetworkIn,165096781.6
2026-08-04T14:47:00+00:00,NetworkIn,164769523.0
2026-08-04T14:52:00+00:00,NetworkIn,165159882.4
2026-08-04T14:57:00+00:00,NetworkIn,165300821.6
2026-08-04T15:02:00+00:00,NetworkIn,164683451.6
2026-08-04T15:07:00+00:00,NetworkIn,165347547.4
2026-08-04T15:12:00+00:00,NetworkIn,165277600.0
2026-08-04T15:17:00+00:00,NetworkIn,165286175.8
2026-08-04T15:22:00+00:00,NetworkIn,164729251.0
2026-08-04T15:27:00+00:00,NetworkIn,165022501.8
2026-08-04T15:32:00+00:00,NetworkIn,165210161.2
2026-08-04T15:37:00+00:00,NetworkIn,165290352.2
2026-08-04T15:42:00+00:00,NetworkIn,164973422.0
2026-08-04T15:47:00+00:00,NetworkIn,164710038.8
2026-08-04T15:52:00+00:00,NetworkIn,165324135.4
2026-08-04T15:57:00+00:00,NetworkIn,165259034.2
2026-08-04T16:02:00+00:00,NetworkIn,164604025.6
2026-08-04T16:07:00+00:00,NetworkIn,165385112.8
2026-08-04T16:12:00+00:00,NetworkIn,165007954.4
2026-08-04T16:17:00+00:00,NetworkIn,165061813.8
2026-08-04T16:22:00+00:00,NetworkIn,164869366.6
2026-08-04T16:27:00+00:00,NetworkIn,165146791.2
2026-08-04T16:32:00+00:00,NetworkIn,164616834.8
2026-08-04T16:37:00+00:00,NetworkIn,165070026.0
2026-08-04T16:42:00+00:00,NetworkIn,164221831.0
2026-08-04T16:47:00+00:00,NetworkIn,165346005.6
2026-08-04T16:52:00+00:00,NetworkIn,164979743.4
2026-08-04T16:57:00+00:00,NetworkIn,165333484.6
2026-08-04T17:02:00+00:00,NetworkIn,165098599.6
2026-08-04T17:07:00+00:00,NetworkIn,165457477.6
2026-08-04T17:12:00+00:00,NetworkIn,165151248.2
2026-08-04T17:17:00+00:00,NetworkIn,164140652.8
2026-08-04T17:22:00+00:00,NetworkIn,165116624.6
2026-08-04T17:27:00+00:00,NetworkIn,165134818.4
2026-08-04T17:32:00+00:00,NetworkIn,165113881.8
2026-08-04T17:37:00+00:00,NetworkIn,164448760.0
2026-08-04T17:42:00+00:00,NetworkIn,165540030.6
2026-08-04T17:47:00+00:00,NetworkIn,165503870.6
2026-08-04T17:52:00+00:00,NetworkIn,165294697.0
2026-08-04T17:57:00+00:00,NetworkIn,164986781.4
2026-08-04T18:02:00+00:00,NetworkIn,165140879.2
2026-08-04T18:07:00+00:00,NetworkIn,165573851.6
2026-08-04T18:12:00+00:00,NetworkIn,164855446.2
2026-08-04T18:17:00+00:00,NetworkIn,164585223.2
2026-08-04T18:22:00+00:00,NetworkIn,165044626.2
2026-08-04T18:27:00+00:00,NetworkIn,165220659.2
2026-08-04T18:32:00+00:00,NetworkIn,164338847.4
2026-08-04T18:37:00+00:00,NetworkIn,164415855.4
2026-08-04T18:42:00+00:00,NetworkIn,164758373.6
2026-08-04T18:47:00+00:00,NetworkIn,165115446.4
2026-08-04T18:52:00+00:00,NetworkIn,164719057.8
2026-08-04T18:57:00+00:00,NetworkIn,164672024.2
2026-08-04T19:02:00+00:00,NetworkIn,165056684.4
2026-08-04T19:07:00+00:00,NetworkIn,165447529.8
2026-08-04T19:12:00+00:00,NetworkIn,165322163.8
2026-08-04T19:17:00+00:00,NetworkIn,164679481.8
2026-08-04T19:22:00+00:00,NetworkIn,165195684.0
2026-08-04T19:27:00+00:00,NetworkIn,164646540.6
2026-08-04T19:32:00+00:00,NetworkIn,164788635.0
2026-08-04T19:37:00+00:00,NetworkIn,164533228.4
2026-08-04T19:42:00+00:00,NetworkIn,165301835.2
2026-08-04T19:47:00+00:00,NetworkIn,165201095.6
2026-08-04T19:52:00+00:00,NetworkIn,164607303.6
2026-08-04T19:57:00+00:00,NetworkIn,164654727.4
2026-08-04T20:02:00+00:00,NetworkIn,165178204.4
2026-08-04T20:07:00+00:00,NetworkIn,164872544.0
2026-08-04T20:12:00+00:00,NetworkIn,165375965.6
2026-08-04T20:17:00+00:00,NetworkIn,165141777.6
2026-08-04T20:22:00+00:00,NetworkIn,165261241.4
2026-08-04T20:27:00+00:00,NetworkIn,164850219.2
2026-08-04T20:32:00+00:00,NetworkIn,164930340.0
2026-08-04T20:37:00+00:00,NetworkIn,164880513.4
2026-08-04T20:42:00+00:00,NetworkIn,165778011.2
2026-08-04T20:47:00+00:00,NetworkIn,165362011.6
2026-08-04T20:52:00+00:00,NetworkIn,164403111.4
2026-08-04T20:57:00+00:00,NetworkIn,164565817.8
2026-08-04T21:02:00+00:00,NetworkIn,165215666.4
2026-08-04T21:07:00+00:00,NetworkIn,164507773.4
2026-08-04T21:12:00+00:00,NetworkIn,164849859.8
2026-08-04T21:17:00+00:00,NetworkIn,164630667.2
2026-08-04T21:22:00+00:00,NetworkIn,164846138.4
2026-08-04T21:27:00+00:00,NetworkIn,164788652.6
2026-08-04T21:32:00+00:00,NetworkIn,164529448.6
2026-08-04T21:37:00+00:00,NetworkIn,165351545.8
2026-08-04T21:42:00+00:00,NetworkIn,164626159.0
2026-08-04T21:47:00+00:00,NetworkIn,165421008.0
2026-08-04T21:52:00+00:00,NetworkIn,164155661.2
2026-08-04T21:57:00+00:00,NetworkIn,165215053.4
2026-08-04T22:02:00+00:00,NetworkIn,163608709.6
2026-08-04T22:07:00+00:00,NetworkIn,164079513.8
2026-08-04T22:12:00+00:00,NetworkIn,164334631.2
2026-08-04T22:17:00+00:00,NetworkIn,163776234.6
2026-08-04T22:22:00+00:00,NetworkIn,165046791.4
2026-08-04T22:27:00+00:00,NetworkIn,165082680.2
2026-08-04T22:32:00+00:00,NetworkIn,164891522.2
2026-08-04T22:37:00+00:00,NetworkIn,164456280.4
2026-08-04T22:42:00+00:00,NetworkIn,165378674.4
2026-08-04T22:47:00+00:00,NetworkIn,164775250.8
2026-08-04T22:52:00+00:00,NetworkIn,164696483.4
2026-08-04T22:57:00+00:00,NetworkIn,164704279.2
2026-08-04T23:02:00+00:00,NetworkIn,165241527.0
2026-08-04T23:07:00+00:00,NetworkIn,164661468.2
2026-08-04T23:12:00+00:00,NetworkIn,165608713.6
2026-08-04T23:17:00+00:00,NetworkIn,165013504.8
2026-08-04T23:22:00+00:00,NetworkIn,165176087.4
2026-08-04T23:27:00+00:00,NetworkIn,165233585.8
2026-08-04T23:32:00+00:00,NetworkIn,164812076.0
2026-08-04T23:37:00+00:00,NetworkIn,164826439.8
2026-08-04T23:42:00+00:00,NetworkIn,164199219.4
2026-08-04T23:47:00+00:00,NetworkIn,163710910.8
2026-08-04T23:52:00+00:00,NetworkIn,164973012.0
2026-08-04T23:57:00+00:00,NetworkIn,164395349.0
2026-08-05T00:02:00+00:00,NetworkIn,164489500.6
2026-08-05T00:07:00+00:00,NetworkIn,162890572.0
2026-08-05T00:12:00+00:00,NetworkIn,165038427.0
2026-08-05T00:17:00+00:00,NetworkIn,164707885.6
2026-08-05T00:22:00+00:00,NetworkIn,165670843.6
2026-08-05T00:27:00+00:00,NetworkIn,165280169.2
2026-08-05T00:32:00+00:00,NetworkIn,165642340.8
2026-08-05T00:37:00+00:00,NetworkIn,164512334.4
2026-08-05T00:42:00+00:00,NetworkIn,164925460.2
2026-08-05T00:47:00+00:00,NetworkIn,165060260.8
2026-08-05T00:52:00+00:00,NetworkIn,165417915.0
2026-08-05T00:57:00+00:00,NetworkIn,165455411.8
2026-08-05T01:02:00+00:00,NetworkIn,164429748.8
2026-08-05T01:07:00+00:00,NetworkIn,165546802.8
2026-08-05T01:12:00+00:00,NetworkIn,164718210.6
2026-08-05T01:17:00+00:00,NetworkIn,164608637.2
2026-08-05T01:22:00+00:00,NetworkIn,165269803.0
2026-08-05T01:27:00+00:00,NetworkIn,165350755.8
2026-08-05T01:32:00+00:00,NetworkIn,164365630.0
2026-08-05T01:37:00+00:00,NetworkIn,164747176.2
2026-08-05T01:42:00+00:00,NetworkIn,165250068.4
2026-08-05T01:47:00+00:00,NetworkIn,164619488.2
2026-08-05T01:52:00+00:00,NetworkIn,164464754.8
2026-08-05T01:57:00+00:00,NetworkIn,164942314.4
2026-08-05T02:02:00+00:00,NetworkIn,162840980.2
2026-08-05T02:07:00+00:00,NetworkIn,163383802.4
2026-08-05T02:12:00+00:00,NetworkIn,164125290.4
2026-08-05T02:17:00+00:00,NetworkIn,163788640.8
2026-08-05T02:22:00+00:00,NetworkIn,165207331.0
2026-08-05T02:27:00+00:00,NetworkIn,165256237.8
2026-08-05T02:32:00+00:00,NetworkIn,165242795.4
2026-08-05T02:37:00+00:00,NetworkIn,165066504.2
2026-08-05T02:42:00+00:00,NetworkIn,164237609.6
2026-08-05T02:47:00+00:00,NetworkIn,164471738.4
2026-08-05T02:52:00+00:00,NetworkIn,163790664.2
2026-08-05T02:57:00+00:00,NetworkIn,165339771.6
2026-08-05T03:02:00+00:00,NetworkIn,164787502.8
2026-08-05T03:07:00+00:00,NetworkIn,164932534.8
2026-08-05T03:12:00+00:00,NetworkIn,164879862.2
2026-08-05T03:17:00+00:00,NetworkIn,164165761.0
2026-08-05T03:22:00+00:00,NetworkIn,164091633.8
2026-08-05T03:27:00+00:00,NetworkIn,162977994.2
2026-08-05T03:32:00+00:00,NetworkIn,162918951.0
2026-08-05T03:37:00+00:00,NetworkIn,164619126.0
2026-08-05T03:42:00+00:00,NetworkIn,162434168.8
2026-08-05T03:47:00+00:00,NetworkIn,163012549.6
2026-08-05T03:52:00+00:00,NetworkIn,162632852.8
2026-08-05T03:57:00+00:00,NetworkIn,164226248.2
2026-08-05T04:02:00+00:00,NetworkIn,165063344.6
2026-08-05T04:07:00+00:00,NetworkIn,163314146.0
2026-08-05T04:12:00+00:00,NetworkIn,163858303.0
2026-08-05T04:17:00+00:00,NetworkIn,164207414.0
2026-08-05T04:22:00+00:00,NetworkIn,163911110.4
2026-08-05T04:27:00+00:00,NetworkIn,164961787.6
2026-08-05T04:32:00+00:00,NetworkIn,163249192.8
2026-08-05T04:37:00+00:00,NetworkIn,163231331.6
2026-08-05T04:42:00+00:00,NetworkIn,163454654.2
2026-08-05T04:47:00+00:00,NetworkIn,162948122.6
2026-08-05T04:52:00+00:00,NetworkIn,163897692.6
2026-08-05T04:57:00+00:00,NetworkIn,163910378.2
2026-08-05T05:02:00+00:00,NetworkIn,165218045.2
2026-08-05T05:07:00+00:00,NetworkIn,164140939.6
2026-08-05T05:12:00+00:00,NetworkIn,162793394.4
2026-08-05T05:17:00+00:00,NetworkIn,163014438.8
2026-08-05T05:22:00+00:00,NetworkIn,163769589.2
2026-08-05T05:27:00+00:00,NetworkIn,164008984.4
2026-08-05T05:32:00+00:00,NetworkIn,163884656.6
2026-08-05T05:37:00+00:00,NetworkIn,164427160.2
2026-08-05T05:42:00+00:00,NetworkIn,163011123.0
2026-08-05T05:47:00+00:00,NetworkIn,162636357.2
2026-08-05T05:52:00+00:00,NetworkIn,162580143.4
2026-08-05T05:57:00+00:00,NetworkIn,163404728.2
2026-08-05T06:02:00+00:00,NetworkIn,162294592.2
2026-08-05T06:07:00+00:00,NetworkIn,163026578.2
2026-08-05T06:12:00+00:00,NetworkIn,163948281.6
2026-08-05T06:17:00+00:00,NetworkIn,164316573.6
2026-08-05T06:22:00+00:00,NetworkIn,164090658.4
2026-08-05T06:27:00+00:00,NetworkIn,163301688.8
2026-08-05T06:32:00+00:00,NetworkIn,164644478.8
2026-08-05T06:37:00+00:00,NetworkIn,165246634.0
2026-08-05T06:42:00+00:00,NetworkIn,164711415.8
2026-08-05T06:47:00+00:00,NetworkIn,164350143.0
2026-08-05T06:52:00+00:00,NetworkIn,164037408.2
2026-08-05T06:57:00+00:00,NetworkIn,164560304.0
2026-08-05T07:02:00+00:00,NetworkIn,162496184.8
2026-08-05T07:07:00+00:00,NetworkIn,165240661.6
2026-08-05T07:12:00+00:00,NetworkIn,165180484.0
2026-08-05T07:17:00+00:00,NetworkIn,164627955.2
2026-08-05T07:22:00+00:00,NetworkIn,162681914.2
2026-08-05T07:27:00+00:00,NetworkIn,161694073.8
2026-08-05T07:32:00+00:00,NetworkIn,164270505.2
2026-08-05T07:37:00+00:00,NetworkIn,165051925.8
2026-08-05T07:42:00+00:00,NetworkIn,163640839.2
2026-08-05T07:47:00+00:00,NetworkIn,164000297.2
2026-08-05T07:52:00+00:00,NetworkIn,164195680.2
2026-08-05T07:57:00+00:00,NetworkIn,164343832.6
2026-08-05T08:02:00+00:00,NetworkIn,165090286.6
2026-08-05T08:07:00+00:00,NetworkIn,164989112.6
2026-08-05T08:12:00+00:00,NetworkIn,165815222.8
2026-08-05T08:17:00+00:00,NetworkIn,165190253.0
2026-08-05T08:22:00+00:00,NetworkIn,164912906.8
2026-08-05T08:27:00+00:00,NetworkIn,164831251.4
2026-08-05T08:32:00+00:00,NetworkIn,164287239.4
2026-08-05T08:37:00+00:00,NetworkIn,164394184.0
2026-08-05T08:42:00+00:00,NetworkIn,163714102.4
2026-08-05T08:47:00+00:00,NetworkIn,164521556.8
2026-08-05T08:52:00+00:00,NetworkIn,164485152.0
2026-08-05T08:57:00+00:00,NetworkIn,164329117.2
2026-08-05T09:02:00+00:00,NetworkIn,163477734.8
2026-08-05T09:07:00+00:00,NetworkIn,163183572.4
2026-08-05T09:12:00+00:00,NetworkIn,163650345.0
2026-08-05T09:17:00+00:00,NetworkIn,164253151.6
2026-08-05T09:22:00+00:00,NetworkIn,165562958.0
2026-08-05T09:27:00+00:00,NetworkIn,163449196.4
2026-08-05T09:32:00+00:00,NetworkIn,161853970.4
2026-08-05T09:37:00+00:00,NetworkIn,162838297.4
2026-08-05T09:42:00+00:00,NetworkIn,163502677.0
2026-08-05T09:47:00+00:00,NetworkIn,162582628.2
2026-08-05T09:52:00+00:00,NetworkIn,165096426.6
2026-08-05T09:57:00+00:00,NetworkIn,161471400.2
2026-08-05T10:02:00+00:00,NetworkIn,165398130.6
2026-08-05T10:07:00+00:00,NetworkIn,164981944.0
2026-08-05T10:12:00+00:00,NetworkIn,162692184.2
2026-08-05T10:17:00+00:00,NetworkIn,165797534.8
2026-08-05T10:22:00+00:00,NetworkIn,164693638.4
2026-08-05T10:27:00+00:00,NetworkIn,165314819.8
2026-08-05T10:32:00+00:00,NetworkIn,164104422.6
2026-08-05T10:37:00+00:00,NetworkIn,165068774.8
2026-08-05T10:42:00+00:00,NetworkIn,165132703.2
2026-08-05T10:47:00+00:00,NetworkIn,165039506.8
2026-08-05T10:52:00+00:00,NetworkIn,163220612.6
2026-08-05T10:57:00+00:00,NetworkIn,163639607.2
2026-08-05T11:02:00+00:00,NetworkIn,163898648.6
2026-08-05T11:07:00+00:00,NetworkIn,164635449.8
2026-08-05T11:12:00+00:00,NetworkIn,161292927.4
2026-08-05T11:17:00+00:00,NetworkIn,161419049.0
2026-08-05T11:22:00+00:00,NetworkIn,163094726.0
2026-08-05T11:27:00+00:00,NetworkIn,162438811.6
2026-08-05T11:32:00+00:00,NetworkIn,161010421.0
2026-08-05T11:37:00+00:00,NetworkIn,164860174.6
2026-08-05T11:42:00+00:00,NetworkIn,160983493.8
2026-08-05T11:47:00+00:00,NetworkIn,161966524.6
2026-08-05T11:52:00+00:00,NetworkIn,162790200.4
2026-08-05T11:57:00+00:00,NetworkIn,165429402.6
2026-08-05T12:02:00+00:00,NetworkIn,161734213.0
2026-08-05T12:07:00+00:00,NetworkIn,162471507.2
2026-08-05T12:12:00+00:00,NetworkIn,162891211.6
2026-08-05T12:17:00+00:00,NetworkIn,165982158.8
2026-08-05T12:22:00+00:00,NetworkIn,161689435.2
2026-08-05T12:27:00+00:00,NetworkIn,161479808.0
2026-08-05T12:32:00+00:00,NetworkIn,162544094.4
2026-08-05T12:37:00+00:00,NetworkIn,165006424.6
2026-08-05T12:42:00+00:00,NetworkIn,160987247.8
2026-08-05T12:47:00+00:00,NetworkIn,162173541.2
2026-08-05T12:52:00+00:00,NetworkIn,162720750.0
2026-08-05T12:57:00+00:00,NetworkIn,165162056.8
2026-08-05T13:02:00+00:00,NetworkIn,159156847.2
2026-08-05T13:07:00+00:00,NetworkIn,162603182.0
2026-08-05T13:12:00+00:00,NetworkIn,162652225.2
2026-08-05T13:17:00+00:00,NetworkIn,164192010.8
2026-08-05T13:22:00+00:00,NetworkIn,160712787.4
2026-08-05T13:27:00+00:00,NetworkIn,162094508.4
2026-08-05T13:32:00+00:00,NetworkIn,160935719.6
2026-08-05T13:37:00+00:00,NetworkIn,134088209.33333333
2026-08-05T13:42:00+00:00,NetworkIn,165409518.8
2026-08-05T13:47:00+00:00,NetworkIn,160987618.0
2026-08-05T13:52:00+00:00,NetworkIn,162250949.8
2026-08-05T13:57:00+00:00,NetworkIn,160727380.4
2026-08-05T14:02:00+00:00,NetworkIn,157805804.8
2026-08-05T14:07:00+00:00,NetworkIn,157605733.8
2026-08-05T14:12:00+00:00,NetworkIn,157245902.0
2026-08-05T14:17:00+00:00,NetworkIn,162003996.0
2026-08-05T14:22:00+00:00,NetworkIn,161333633.8
2026-08-05T14:27:00+00:00,NetworkIn,162841884.2
2026-08-05T14:32:00+00:00,NetworkIn,164481061.6
2026-08-05T14:37:00+00:00,NetworkIn,164139142.2
2026-08-05T14:42:00+00:00,NetworkIn,164738501.6
2026-08-05T14:47:00+00:00,NetworkIn,164262109.2
2026-08-05T14:52:00+00:00,NetworkIn,164200025.6
2026-08-05T14:57:00+00:00,NetworkIn,164103501.4
2026-08-05T15:02:00+00:00,NetworkIn,160576249.2
2026-08-05T15:07:00+00:00,NetworkIn,160593529.0
2026-08-05T15:12:00+00:00,NetworkIn,163875741.0
2026-08-05T15:17:00+00:00,NetworkIn,164676389.6
2026-08-05T15:22:00+00:00,NetworkIn,165356613.2
2026-08-05T15:27:00+00:00,NetworkIn,165257242.0
2026-08-05T15:32:00+00:00,NetworkIn,164693649.4
2026-08-05T15:37:00+00:00,NetworkIn,165268788.2
2026-08-05T15:42:00+00:00,NetworkIn,165172992.8
2026-08-05T15:47:00+00:00,NetworkIn,165186972.2
2026-08-05T15:52:00+00:00,NetworkIn,164556872.8
2026-08-05T15:57:00+00:00,NetworkIn,165389405.0
2026-08-05T16:02:00+00:00,NetworkIn,165257064.0
2026-08-05T16:07:00+00:00,NetworkIn,165154119.2
2026-08-05T16:12:00+00:00,NetworkIn,165214633.4
2026-08-05T16:17:00+00:00,NetworkIn,165765172.2
2026-08-05T16:22:00+00:00,NetworkIn,165113164.2
2026-08-05T16:27:00+00:00,NetworkIn,165205890.8
2026-08-05T16:32:00+00:00,NetworkIn,164480949.4
2026-08-05T16:37:00+00:00,NetworkIn,165171503.2
2026-08-05T16:42:00+00:00,NetworkIn,164314226.2
2026-08-05T16:47:00+00:00,NetworkIn,164967759.4
2026-08-05T16:52:00+00:00,NetworkIn,164756719.6
2026-08-05T16:57:00+00:00,NetworkIn,165333991.8
2026-08-05T17:02:00+00:00,NetworkIn,163873390.4
2026-08-05T17:07:00+00:00,NetworkIn,165624672.6
2026-08-05T17:12:00+00:00,NetworkIn,165294400.2
2026-08-05T17:17:00+00:00,NetworkIn,151808528.4
2026-08-05T17:22:00+00:00,NetworkIn,152843795.8
2026-08-05T17:27:00+00:00,NetworkIn,165182426.0
2026-08-05T17:32:00+00:00,NetworkIn,164379401.6
2026-08-05T17:37:00+00:00,NetworkIn,164975705.6
2026-08-05T17:42:00+00:00,NetworkIn,165131264.2
2026-08-05T17:47:00+00:00,NetworkIn,165229455.8
2026-08-05T17:52:00+00:00,NetworkIn,165414050.6
2026-08-05T17:57:00+00:00,NetworkIn,165335483.2
2026-08-05T18:02:00+00:00,NetworkIn,164979021.4
2026-08-05T18:07:00+00:00,NetworkIn,165696938.6
2026-08-05T18:12:00+00:00,NetworkIn,164756323.6
2026-08-05T18:17:00+00:00,NetworkIn,164650789.4
2026-08-05T18:22:00+00:00,NetworkIn,165152559.0
2026-08-05T18:27:00+00:00,NetworkIn,165297662.0
2026-08-05T18:32:00+00:00,NetworkIn,164770617.0
2026-08-05T18:37:00+00:00,NetworkIn,164835110.6
2026-08-05T18:42:00+00:00,NetworkIn,164787310.4
2026-08-05T18:47:00+00:00,NetworkIn,164881657.8
2026-08-05T18:52:00+00:00,NetworkIn,164876840.4
2026-08-05T18:57:00+00:00,NetworkIn,165120815.0
2026-08-05T19:02:00+00:00,NetworkIn,165152801.4
2026-08-05T19:07:00+00:00,NetworkIn,165364026.4
2026-08-05T19:12:00+00:00,NetworkIn,165318182.4
2026-08-05T19:17:00+00:00,NetworkIn,165395182.4
2026-08-05T19:22:00+00:00,NetworkIn,165249463.0
2026-08-05T19:27:00+00:00,NetworkIn,164953240.0
2026-08-05T19:32:00+00:00,NetworkIn,164457383.4
2026-08-05T19:37:00+00:00,NetworkIn,164793154.2
2026-08-05T19:42:00+00:00,NetworkIn,164358022.0
2026-08-05T19:47:00+00:00,NetworkIn,152687205.8
2026-08-05T19:52:00+00:00,NetworkIn,152763610.6
2026-08-05T19:57:00+00:00,NetworkIn,153349706.6
2026-08-05T20:02:00+00:00,NetworkIn,154293022.8
2026-08-05T20:07:00+00:00,NetworkIn,164421231.2
2026-08-05T20:12:00+00:00,NetworkIn,165207559.6
2026-08-05T20:17:00+00:00,NetworkIn,164945288.2
2026-08-05T20:22:00+00:00,NetworkIn,164675383.2
2026-08-05T20:27:00+00:00,NetworkIn,165508069.6
2026-08-05T20:32:00+00:00,NetworkIn,165396032.0
2026-08-05T20:37:00+00:00,NetworkIn,164821371.2
2026-08-05T20:42:00+00:00,NetworkIn,165037355.0
2026-08-05T20:47:00+00:00,NetworkIn,164746430.0
2026-08-05T20:52:00+00:00,NetworkIn,165524964.8
2026-08-05T20:57:00+00:00,NetworkIn,165103193.6
2026-08-05T21:02:00+00:00,NetworkIn,165270295.6
2026-08-05T21:07:00+00:00,NetworkIn,165334830.6
2026-08-05T21:12:00+00:00,NetworkIn,165253135.4
2026-08-05T21:17:00+00:00,NetworkIn,165545121.2
2026-08-05T21:22:00+00:00,NetworkIn,164502299.4
2026-08-05T21:27:00+00:00,NetworkIn,164234995.8
2026-08-05T21:32:00+00:00,NetworkIn,165208055.2
2026-08-05T21:37:00+00:00,NetworkIn,164912804.8
2026-08-05T21:42:00+00:00,NetworkIn,164914012.6
2026-08-05T21:47:00+00:00,NetworkIn,165154531.0
2026-08-05T21:52:00+00:00,NetworkIn,165323993.8
2026-08-05T21:57:00+00:00,NetworkIn,153304132.4
2026-08-05T22:02:00+00:00,NetworkIn,154217522.0
2026-08-05T22:07:00+00:00,NetworkIn,155655748.4
2026-08-05T22:12:00+00:00,NetworkIn,164832661.4
2026-08-05T22:17:00+00:00,NetworkIn,153042893.8
2026-08-05T22:22:00+00:00,NetworkIn,154062384.6
2026-08-05T22:27:00+00:00,NetworkIn,154767276.4
2026-08-05T22:32:00+00:00,NetworkIn,153935399.8
2026-08-05T22:37:00+00:00,NetworkIn,164595921.0
2026-08-05T22:42:00+00:00,NetworkIn,154333908.2
2026-08-05T22:47:00+00:00,NetworkIn,154539857.2
2026-08-05T22:52:00+00:00,NetworkIn,154130015.0
2026-08-05T22:57:00+00:00,NetworkIn,154025564.0
2026-08-05T23:02:00+00:00,NetworkIn,155898873.2
2026-08-05T23:07:00+00:00,NetworkIn,158886247.0
2026-08-05T23:12:00+00:00,NetworkIn,147554676.6
2026-08-05T23:17:00+00:00,NetworkIn,148654652.8
2026-08-05T23:22:00+00:00,NetworkIn,152701597.2
2026-08-05T23:27:00+00:00,NetworkIn,161064110.8
2026-08-05T23:32:00+00:00,NetworkIn,165072225.8
2026-08-05T23:37:00+00:00,NetworkIn,165585575.6
2026-08-05T23:42:00+00:00,NetworkIn,165275928.6
2026-08-05T23:47:00+00:00,NetworkIn,164224539.6
2026-08-05T23:52:00+00:00,NetworkIn,164881723.6
2026-08-05T23:57:00+00:00,NetworkIn,165108055.6
2026-08-06T00:02:00+00:00,NetworkIn,164535428.0
2026-08-06T00:07:00+00:00,NetworkIn,165552665.8
2026-08-06T00:12:00+00:00,NetworkIn,165185402.2
2026-08-06T00:17:00+00:00,NetworkIn,164764784.8
2026-08-06T00:22:00+00:00,NetworkIn,164584989.4
2026-08-06T00:27:00+00:00,NetworkIn,165402456.8
2026-08-06T00:32:00+00:00,NetworkIn,165195127.8
2026-08-06T00:37:00+00:00,NetworkIn,164954479.8
2026-08-06T00:42:00+00:00,NetworkIn,165044425.8
2026-08-06T00:47:00+00:00,NetworkIn,165030840.2
2026-08-06T00:52:00+00:00,NetworkIn,164785376.2
2026-08-06T00:57:00+00:00,NetworkIn,165079705.2
2026-08-06T01:02:00+00:00,NetworkIn,165392444.6
2026-08-06T01:07:00+00:00,NetworkIn,165235179.4
2026-08-06T01:12:00+00:00,NetworkIn,164387128.2
2026-08-06T01:17:00+00:00,NetworkIn,164358327.4
2026-08-06T01:22:00+00:00,NetworkIn,161629502.0
2026-08-06T01:27:00+00:00,NetworkIn,157959566.8
2026-08-06T01:32:00+00:00,NetworkIn,161845668.8
2026-08-06T01:37:00+00:00,NetworkIn,161268214.4
2026-08-06T01:42:00+00:00,NetworkIn,163407103.8
2026-08-06T01:47:00+00:00,NetworkIn,161089851.6
2026-08-06T01:52:00+00:00,NetworkIn,161569987.6
2026-08-06T01:57:00+00:00,NetworkIn,161964258.8
2026-08-06T02:02:00+00:00,NetworkIn,161202559.2
2026-08-06T02:07:00+00:00,NetworkIn,161666922.2
2026-08-06T02:12:00+00:00,NetworkIn,162260583.2
2026-08-06T02:17:00+00:00,NetworkIn,163461642.4
2026-08-06T02:22:00+00:00,NetworkIn,163316514.4
2026-08-06T02:27:00+00:00,NetworkIn,162152661.2
2026-08-06T02:32:00+00:00,NetworkIn,161996204.2
2026-08-06T02:37:00+00:00,NetworkIn,162611723.0
2026-08-06T02:42:00+00:00,NetworkIn,161347042.6
2026-08-06T02:47:00+00:00,NetworkIn,162019774.6
2026-08-06T02:52:00+00:00,NetworkIn,162565383.8
2026-08-06T02:57:00+00:00,NetworkIn,163586477.4
2026-08-06T03:02:00+00:00,NetworkIn,161202717.4
2026-08-06T03:07:00+00:00,NetworkIn,160365055.4
2026-08-06T03:12:00+00:00,NetworkIn,160302029.0
2026-08-06T03:17:00+00:00,NetworkIn,161667060.8
2026-08-06T03:22:00+00:00,NetworkIn,161911197.4
2026-08-06T03:27:00+00:00,NetworkIn,165258716.6
2026-08-06T03:32:00+00:00,NetworkIn,160795519.8
2026-08-06T03:37:00+00:00,NetworkIn,160665304.0
2026-08-06T03:42:00+00:00,NetworkIn,161709483.4
2026-08-06T03:47:00+00:00,NetworkIn,163872825.6
2026-08-06T03:52:00+00:00,NetworkIn,163373281.2
2026-08-06T03:57:00+00:00,NetworkIn,165722694.0
2026-08-06T04:02:00+00:00,NetworkIn,164845679.4
2026-08-06T04:07:00+00:00,NetworkIn,164816525.4
2026-08-06T04:12:00+00:00,NetworkIn,165290701.4
2026-08-06T04:17:00+00:00,NetworkIn,165082128.0
2026-08-06T04:22:00+00:00,NetworkIn,164542587.0
2026-08-06T04:27:00+00:00,NetworkIn,169844856.4
2026-08-06T04:32:00+00:00,NetworkIn,163099651.8
2026-08-06T04:37:00+00:00,NetworkIn,163935257.6
2026-08-06T04:42:00+00:00,NetworkIn,163838627.4
2026-08-06T04:47:00+00:00,NetworkIn,165184366.2
2026-08-06T04:52:00+00:00,NetworkIn,164888124.4
2026-08-06T04:57:00+00:00,NetworkIn,162557512.8
2026-08-06T05:02:00+00:00,NetworkIn,163335424.4
2026-08-06T05:07:00+00:00,NetworkIn,163939635.8
2026-08-06T05:12:00+00:00,NetworkIn,158136654.8
2026-08-06T05:17:00+00:00,NetworkIn,152530922.4
2026-08-06T05:22:00+00:00,NetworkIn,165092668.0
2026-08-06T05:27:00+00:00,NetworkIn,161972571.6
2026-08-06T05:32:00+00:00,NetworkIn,165095812.4
2026-08-06T05:37:00+00:00,NetworkIn,165160289.6
2026-08-06T05:42:00+00:00,NetworkIn,165177784.2
2026-08-06T05:47:00+00:00,NetworkIn,164943687.4
2026-08-06T05:52:00+00:00,NetworkIn,164880097.6
2026-08-06T05:57:00+00:00,NetworkIn,164667103.8
2026-08-06T06:02:00+00:00,NetworkIn,164031065.4
2026-08-06T06:07:00+00:00,NetworkIn,165882314.2
2026-08-06T06:12:00+00:00,NetworkIn,164940802.0
2026-08-06T06:17:00+00:00,NetworkIn,164701779.4
2026-08-06T06:22:00+00:00,NetworkIn,164737322.2
2026-08-06T06:27:00+00:00,NetworkIn,165154098.8
2026-08-06T06:32:00+00:00,NetworkIn,164549428.6
2026-08-06T06:37:00+00:00,NetworkIn,165170708.6
2026-08-06T06:42:00+00:00,NetworkIn,165008426.8
2026-08-06T06:47:00+00:00,NetworkIn,164193950.8
2026-08-06T06:52:00+00:00,NetworkIn,165861391.2
2026-08-06T06:57:00+00:00,NetworkIn,176405860.4
2026-08-06T07:02:00+00:00,NetworkIn,164254045.8
2026-08-06T07:07:00+00:00,NetworkIn,166033977.4
2026-08-06T07:12:00+00:00,NetworkIn,164507124.6
2026-08-06T07:17:00+00:00,NetworkIn,165262378.6
2026-08-06T07:22:00+00:00,NetworkIn,164856964.0
2026-08-06T07:27:00+00:00,NetworkIn,164979147.4
2026-08-06T07:32:00+00:00,NetworkIn,164277495.6
2026-08-06T07:37:00+00:00,NetworkIn,163592433.2
2026-08-06T07:42:00+00:00,NetworkIn,165004215.4
2026-08-06T07:47:00+00:00,NetworkIn,165334537.0
2026-08-06T07:52:00+00:00,NetworkIn,165299940.0
2026-08-06T07:57:00+00:00,NetworkIn,165234939.2
2026-08-06T08:02:00+00:00,NetworkIn,164478195.8
2026-08-06T08:07:00+00:00,NetworkIn,165595124.8
2026-08-06T08:12:00+00:00,NetworkIn,164994186.6
2026-08-06T08:17:00+00:00,NetworkIn,164948775.4
2026-08-06T08:22:00+00:00,NetworkIn,164157422.0
2026-08-06T08:27:00+00:00,NetworkIn,165105507.0
2026-08-06T08:32:00+00:00,NetworkIn,165272381.2
2026-08-06T08:37:00+00:00,NetworkIn,164767818.8
2026-08-06T08:42:00+00:00,NetworkIn,164961311.8
2026-08-06T08:47:00+00:00,NetworkIn,164410637.2
2026-08-06T08:52:00+00:00,NetworkIn,164756027.2
2026-08-06T08:57:00+00:00,NetworkIn,165254527.8
2026-08-06T09:02:00+00:00,NetworkIn,165152251.8
2026-08-06T09:07:00+00:00,NetworkIn,165221734.8
2026-08-06T09:12:00+00:00,NetworkIn,164862330.6
2026-08-06T09:17:00+00:00,NetworkIn,164610260.2
2026-08-06T09:22:00+00:00,NetworkIn,165063779.2
2026-08-06T09:27:00+00:00,NetworkIn,165073728.2
2026-08-06T09:32:00+00:00,NetworkIn,164516975.2
2026-08-06T09:37:00+00:00,NetworkIn,164023457.6
2026-08-06T09:42:00+00:00,NetworkIn,164993467.6
2026-08-06T09:47:00+00:00,NetworkIn,164879078.4
2026-08-06T09:52:00+00:00,NetworkIn,165187822.2
2026-08-06T09:57:00+00:00,NetworkIn,165048027.4
2026-08-06T10:02:00+00:00,NetworkIn,165312269.2
2026-08-06T10:07:00+00:00,NetworkIn,165800431.6
2026-08-06T10:12:00+00:00,NetworkIn,164794333.8
2026-08-06T10:17:00+00:00,NetworkIn,164826750.6
2026-08-06T10:22:00+00:00,NetworkIn,165022094.0
2026-08-06T10:27:00+00:00,NetworkIn,165086435.6
2026-08-06T10:32:00+00:00,NetworkIn,165280707.6
2026-08-06T10:37:00+00:00,NetworkIn,164505385.6
2026-08-06T10:42:00+00:00,NetworkIn,165076114.2
2026-08-06T10:47:00+00:00,NetworkIn,164504116.0
2026-08-06T10:52:00+00:00,NetworkIn,165785821.0
2026-08-06T10:57:00+00:00,NetworkIn,165189687.8
2026-08-06T11:02:00+00:00,NetworkIn,164730581.4
2026-08-06T11:07:00+00:00,NetworkIn,165523027.4
2026-08-06T11:12:00+00:00,NetworkIn,164693609.8
2026-08-06T11:17:00+00:00,NetworkIn,165059897.8
2026-08-06T11:22:00+00:00,NetworkIn,164995121.8
2026-08-06T11:27:00+00:00,NetworkIn,164518148.6
2026-08-06T11:32:00+00:00,NetworkIn,164965966.4
2026-08-06T11:37:00+00:00,NetworkIn,164610992.0
2026-08-06T11:42:00+00:00,NetworkIn,165639739.8
2026-08-06T11:47:00+00:00,NetworkIn,165488707.6
2026-08-06T11:52:00+00:00,NetworkIn,165121351.2
2026-08-06T11:57:00+00:00,NetworkIn,165228969.2
2026-08-06T12:02:00+00:00,NetworkIn,164660600.6
2026-08-06T12:07:00+00:00,NetworkIn,165392793.4
2026-08-06T12:12:00+00:00,NetworkIn,164989921.4
2026-08-06T12:17:00+00:00,NetworkIn,165441015.8
2026-08-06T12:22:00+00:00,NetworkIn,165074796.6
2026-08-06T12:27:00+00:00,NetworkIn,165513231.2
2026-08-06T12:32:00+00:00,NetworkIn,164336881.8
2026-08-06T12:37:00+00:00,NetworkIn,165462205.0
2026-08-06T12:42:00+00:00,NetworkIn,164493242.2
2026-08-06T12:47:00+00:00,NetworkIn,165331927.8
2026-08-06T12:52:00+00:00,NetworkIn,165076333.2
2026-08-06T12:57:00+00:00,NetworkIn,165116667.4
2026-08-06T13:02:00+00:00,NetworkIn,164974771.0
2026-08-06T13:07:00+00:00,NetworkIn,165863347.2
2026-08-06T13:12:00+00:00,NetworkIn,164658996.2
2026-08-06T13:17:00+00:00,NetworkIn,165555737.8
2026-08-06T13:22:00+00:00,NetworkIn,164901888.0
2026-08-06T13:27:00+00:00,NetworkIn,165014063.2
2026-08-06T13:32:00+00:00,NetworkIn,165272175.0
2026-08-06T13:37:00+00:00,NetworkIn,164441192.6
2026-08-06T13:42:00+00:00,NetworkIn,164907408.6
2026-08-06T13:47:00+00:00,NetworkIn,164881434.6
2026-08-06T13:52:00+00:00,NetworkIn,165051798.6
2026-08-06T13:57:00+00:00,NetworkIn,164656620.8
2026-08-06T14:02:00+00:00,NetworkIn,165176941.0
2026-08-06T14:07:00+00:00,NetworkIn,165177134.4
2026-08-06T14:12:00+00:00,NetworkIn,164978054.6
2026-08-06T14:17:00+00:00,NetworkIn,165044053.8
2026-08-06T14:22:00+00:00,NetworkIn,165461340.8
2026-08-06T14:27:00+00:00,NetworkIn,164725394.2
2026-08-06T14:32:00+00:00,NetworkIn,164989929.4
2026-08-06T14:37:00+00:00,NetworkIn,164788966.8
2026-08-06T14:42:00+00:00,NetworkIn,165554234.6
2026-08-06T14:47:00+00:00,NetworkIn,165476628.8
2026-08-06T14:52:00+00:00,NetworkIn,165016997.2
2026-08-06T14:57:00+00:00,NetworkIn,164865334.8
2026-08-06T15:02:00+00:00,NetworkIn,164963059.6
2026-08-06T15:07:00+00:00,NetworkIn,165192209.0
2026-08-06T15:12:00+00:00,NetworkIn,165278766.6
2026-08-06T15:17:00+00:00,NetworkIn,165435184.2
2026-08-06T15:22:00+00:00,NetworkIn,164442819.4
2026-08-06T15:27:00+00:00,NetworkIn,165291661.4
2026-08-06T15:32:00+00:00,NetworkIn,165244824.0
2026-08-06T15:37:00+00:00,NetworkIn,165013431.2
2026-08-06T15:42:00+00:00,NetworkIn,165071911.2
2026-08-06T15:47:00+00:00,NetworkIn,165310334.8
2026-08-06T15:52:00+00:00,NetworkIn,164829505.8
2026-08-06T15:57:00+00:00,NetworkIn,165492588.0
2026-08-06T16:02:00+00:00,NetworkIn,164814185.8
2026-08-06T16:07:00+00:00,NetworkIn,165449438.2
2026-08-06T16:12:00+00:00,NetworkIn,165002114.6
2026-08-06T16:17:00+00:00,NetworkIn,165167067.4
2026-08-06T16:22:00+00:00,NetworkIn,164546868.2
2026-08-06T16:27:00+00:00,NetworkIn,165168337.2
2026-08-06T16:32:00+00:00,NetworkIn,164855942.4
2026-08-06T16:37:00+00:00,NetworkIn,165100667.2
2026-08-06T16:42:00+00:00,NetworkIn,165438430.6
2026-08-06T16:47:00+00:00,NetworkIn,164762081.8
2026-08-06T16:52:00+00:00,NetworkIn,164517142.8
2026-08-06T16:57:00+00:00,NetworkIn,165530936.6
2026-08-06T17:02:00+00:00,NetworkIn,164877698.4
2026-08-06T17:07:00+00:00,NetworkIn,165391386.6
2026-08-06T17:12:00+00:00,NetworkIn,164281130.2
2026-08-06T17:17:00+00:00,NetworkIn,165053131.6
2026-08-06T17:22:00+00:00,NetworkIn,165171512.2
2026-08-06T17:27:00+00:00,NetworkIn,164561665.8
2026-08-06T17:32:00+00:00,NetworkIn,164833786.4
2026-08-06T17:37:00+00:00,NetworkIn,165090043.6
2026-08-06T17:42:00+00:00,NetworkIn,165219033.0
2026-08-06T17:47:00+00:00,NetworkIn,165311814.2
2026-08-06T17:52:00+00:00,NetworkIn,164788989.2
2026-08-06T17:57:00+00:00,NetworkIn,164709396.8
2026-08-06T18:02:00+00:00,NetworkIn,165297990.2
2026-08-06T18:07:00+00:00,NetworkIn,165184795.0
2026-08-06T18:12:00+00:00,NetworkIn,165036680.8
2026-08-06T18:17:00+00:00,NetworkIn,165065500.2
2026-08-06T18:22:00+00:00,NetworkIn,165324501.0
2026-08-06T18:27:00+00:00,NetworkIn,164585084.2
2026-08-06T18:32:00+00:00,NetworkIn,164827735.0
2026-08-06T18:37:00+00:00,NetworkIn,164996882.8
2026-08-06T18:42:00+00:00,NetworkIn,164916407.4
2026-08-06T18:47:00+00:00,NetworkIn,165086135.8
2026-08-06T18:52:00+00:00,NetworkIn,165270539.0
2026-08-06T18:57:00+00:00,NetworkIn,164977767.8
2026-08-06T19:02:00+00:00,NetworkIn,165622496.6
2026-08-06T19:07:00+00:00,NetworkIn,165238748.2
2026-08-06T19:12:00+00:00,NetworkIn,165537560.6
2026-08-06T19:17:00+00:00,NetworkIn,164870397.4
2026-08-06T19:22:00+00:00,NetworkIn,165130782.8
2026-08-06T19:27:00+00:00,NetworkIn,165140140.0
2026-08-06T19:32:00+00:00,NetworkIn,164796135.4
2026-08-06T19:37:00+00:00,NetworkIn,164895354.4
2026-08-06T19:42:00+00:00,NetworkIn,164681686.0
2026-08-06T19:47:00+00:00,NetworkIn,164937015.6
2026-08-06T19:52:00+00:00,NetworkIn,164980878.6
2026-08-06T19:57:00+00:00,NetworkIn,164939229.6
2026-08-06T20:02:00+00:00,NetworkIn,165269481.6
2026-08-06T20:07:00+00:00,NetworkIn,165295734.2
2026-08-06T20:12:00+00:00,NetworkIn,165153210.4
2026-08-06T20:17:00+00:00,NetworkIn,165253092.2
2026-08-06T20:22:00+00:00,NetworkIn,165250028.6
2026-08-06T20:27:00+00:00,NetworkIn,165058464.4
2026-08-06T20:32:00+00:00,NetworkIn,164908224.0
2026-08-06T20:37:00+00:00,NetworkIn,164814378.2
2026-08-06T20:42:00+00:00,NetworkIn,164588046.6
2026-08-06T20:47:00+00:00,NetworkIn,164495472.0
2026-08-06T20:52:00+00:00,NetworkIn,164778196.2
2026-08-06T20:57:00+00:00,NetworkIn,165113593.2
2026-08-06T21:02:00+00:00,NetworkIn,162786413.0
2026-08-06T21:07:00+00:00,NetworkIn,165439795.0
2026-08-06T21:12:00+00:00,NetworkIn,165725375.6
2026-08-06T21:17:00+00:00,NetworkIn,164761362.0
2026-08-06T21:22:00+00:00,NetworkIn,164763961.8
2026-08-06T21:27:00+00:00,NetworkIn,165264302.2
2026-08-06T21:32:00+00:00,NetworkIn,164901890.0
2026-08-06T21:37:00+00:00,NetworkIn,165100437.6
2026-08-06T21:42:00+00:00,NetworkIn,164792249.4
2026-08-06T21:47:00+00:00,NetworkIn,164742255.0
2026-08-06T21:52:00+00:00,NetworkIn,165093401.6
2026-08-06T21:57:00+00:00,NetworkIn,165619484.8
2026-08-06T22:02:00+00:00,NetworkIn,165080578.4
2026-08-06T22:07:00+00:00,NetworkIn,164940804.8
2026-08-06T22:12:00+00:00,NetworkIn,165111177.2
2026-08-06T22:17:00+00:00,NetworkIn,165126928.2
2026-08-06T22:22:00+00:00,NetworkIn,164861678.8
2026-08-06T22:27:00+00:00,NetworkIn,165154984.8
2026-08-06T22:32:00+00:00,NetworkIn,164725861.6
2026-08-06T22:37:00+00:00,NetworkIn,165316088.8
2026-08-06T22:42:00+00:00,NetworkIn,165300461.0
2026-08-06T22:47:00+00:00,NetworkIn,164797425.6
2026-08-06T22:52:00+00:00,NetworkIn,165022273.0
2026-08-06T22:57:00+00:00,NetworkIn,164632515.8
2026-08-06T23:02:00+00:00,NetworkIn,164897948.6
2026-08-06T23:07:00+00:00,NetworkIn,165771405.2
2026-08-06T23:12:00+00:00,NetworkIn,164822886.2
2026-08-06T23:17:00+00:00,NetworkIn,164930755.0
2026-08-06T23:22:00+00:00,NetworkIn,165444513.4
2026-08-06T23:27:00+00:00,NetworkIn,165371761.2
2026-08-06T23:32:00+00:00,NetworkIn,165296527.2
2026-08-06T23:37:00+00:00,NetworkIn,160067467.4
2026-08-06T23:42:00+00:00,NetworkIn,158632119.2
2026-08-06T23:47:00+00:00,NetworkIn,162609576.8
2026-08-06T23:52:00+00:00,NetworkIn,161558404.4
2026-08-06T23:57:00+00:00,NetworkIn,165145608.4
2026-08-07T00:02:00+00:00,NetworkIn,159023224.0
2026-08-07T00:07:00+00:00,NetworkIn,165595497.0
2026-08-07T00:12:00+00:00,NetworkIn,158740367.6
2026-08-07T00:17:00+00:00,NetworkIn,165319265.0
2026-08-07T00:22:00+00:00,NetworkIn,165085142.8
2026-08-07T00:27:00+00:00,NetworkIn,159017378.2
2026-08-07T00:32:00+00:00,NetworkIn,165065648.6
2026-08-07T00:37:00+00:00,NetworkIn,165232325.4
2026-08-07T00:42:00+00:00,NetworkIn,165045954.2
2026-08-07T00:47:00+00:00,NetworkIn,159916096.0
2026-08-07T00:52:00+00:00,NetworkIn,164650060.0
2026-08-07T00:57:00+00:00,NetworkIn,165094313.2
2026-08-07T01:02:00+00:00,NetworkIn,165146499.8
2026-08-07T01:07:00+00:00,NetworkIn,165531377.6
2026-08-07T01:12:00+00:00,NetworkIn,165113108.8
2026-08-07T01:17:00+00:00,NetworkIn,161066654.2
2026-08-07T01:22:00+00:00,NetworkIn,164576211.2
2026-08-07T01:27:00+00:00,NetworkIn,164622009.0
2026-08-07T01:32:00+00:00,NetworkIn,161007271.4
2026-08-07T01:37:00+00:00,NetworkIn,164801641.8
2026-08-07T01:42:00+00:00,NetworkIn,165235578.2
2026-08-07T01:47:00+00:00,NetworkIn,159580237.8
2026-08-07T01:52:00+00:00,NetworkIn,160743522.6
2026-08-07T01:57:00+00:00,NetworkIn,165278353.4
2026-08-07T02:02:00+00:00,NetworkIn,164916955.8
2026-08-07T02:07:00+00:00,NetworkIn,165083372.0
2026-08-07T02:12:00+00:00,NetworkIn,158447437.2
2026-08-07T02:17:00+00:00,NetworkIn,165004275.8
2026-08-07T02:22:00+00:00,NetworkIn,158975502.0
2026-08-07T02:27:00+00:00,NetworkIn,165786363.4
2026-08-07T02:32:00+00:00,NetworkIn,164675987.6
2026-08-07T02:37:00+00:00,NetworkIn,165606639.8
2026-08-07T02:42:00+00:00,NetworkIn,164631727.2
2026-08-07T02:47:00+00:00,NetworkIn,165808001.6
2026-08-07T02:52:00+00:00,NetworkIn,159327911.4
2026-08-07T02:57:00+00:00,NetworkIn,159105802.2
2026-08-07T03:02:00+00:00,NetworkIn,159238178.0
2026-08-07T03:07:00+00:00,NetworkIn,165477952.0
2026-08-07T03:12:00+00:00,NetworkIn,159629527.6
2026-08-07T03:17:00+00:00,NetworkIn,165367313.2
2026-08-07T03:22:00+00:00,NetworkIn,165159907.0
2026-08-07T03:27:00+00:00,NetworkIn,165139556.8
2026-08-07T03:32:00+00:00,NetworkIn,164255442.8
2026-08-07T03:37:00+00:00,NetworkIn,164536118.2
2026-08-07T03:42:00+00:00,NetworkIn,159814262.4
2026-08-07T03:47:00+00:00,NetworkIn,164724310.8
2026-08-07T03:52:00+00:00,NetworkIn,163185178.8
2026-08-07T03:57:00+00:00,NetworkIn,161277746.8
2026-08-07T04:02:00+00:00,NetworkIn,158591405.8
2026-08-07T04:07:00+00:00,NetworkIn,165024864.0
2026-08-07T04:12:00+00:00,NetworkIn,165648379.8
2026-08-07T04:17:00+00:00,NetworkIn,164535808.4
2026-08-07T04:22:00+00:00,NetworkIn,163533977.0
2026-08-07T04:27:00+00:00,NetworkIn,161895335.2
2026-08-07T04:32:00+00:00,NetworkIn,163981615.6
2026-08-07T04:37:00+00:00,NetworkIn,163013438.4
2026-08-07T04:42:00+00:00,NetworkIn,162688721.8
2026-08-07T04:47:00+00:00,NetworkIn,165229595.0
2026-08-07T04:52:00+00:00,NetworkIn,164385463.2
2026-08-07T04:57:00+00:00,NetworkIn,164402157.2
2026-08-07T05:02:00+00:00,NetworkIn,163576010.8
2026-08-07T05:07:00+00:00,NetworkIn,163832059.2
2026-08-07T05:12:00+00:00,NetworkIn,164254205.8
2026-08-07T05:17:00+00:00,NetworkIn,163859568.6
2026-08-07T05:22:00+00:00,NetworkIn,163878822.6
2026-08-07T05:27:00+00:00,NetworkIn,162373272.0
2026-08-07T05:32:00+00:00,NetworkIn,165061977.6
2026-08-07T05:37:00+00:00,NetworkIn,165077751.0
2026-08-07T05:42:00+00:00,NetworkIn,163471903.4
2026-08-07T05:47:00+00:00,NetworkIn,161374004.0
2026-08-07T05:52:00+00:00,NetworkIn,162166453.2
2026-08-07T05:57:00+00:00,NetworkIn,162808066.2
2026-08-07T06:02:00+00:00,NetworkIn,161689412.0
2026-08-07T06:07:00+00:00,NetworkIn,165210476.0
2026-08-07T06:12:00+00:00,NetworkIn,162009177.4
2026-08-07T06:17:00+00:00,NetworkIn,163353464.0
2026-08-07T06:22:00+00:00,NetworkIn,161172482.6
2026-08-07T06:27:00+00:00,NetworkIn,165063360.0
2026-08-07T06:32:00+00:00,NetworkIn,161606612.4
2026-08-07T06:37:00+00:00,NetworkIn,163114929.0
2026-08-07T06:42:00+00:00,NetworkIn,165117614.4
2026-08-07T06:47:00+00:00,NetworkIn,162173482.4
2026-08-07T06:52:00+00:00,NetworkIn,164525982.6
2026-08-07T06:57:00+00:00,NetworkIn,162489211.0
2026-08-07T07:02:00+00:00,NetworkIn,161262569.4
2026-08-07T07:07:00+00:00,NetworkIn,162342250.6
2026-08-07T07:12:00+00:00,NetworkIn,163930427.2
2026-08-07T07:17:00+00:00,NetworkIn,163150475.8
2026-08-07T07:22:00+00:00,NetworkIn,164901425.8
2026-08-07T07:27:00+00:00,NetworkIn,162948761.8
2026-08-07T07:32:00+00:00,NetworkIn,162836678.8
2026-08-07T07:37:00+00:00,NetworkIn,162095534.0
2026-08-07T07:42:00+00:00,NetworkIn,162885202.8
2026-08-07T07:47:00+00:00,NetworkIn,163572782.4
2026-08-07T07:52:00+00:00,NetworkIn,161667220.6
2026-08-07T07:57:00+00:00,NetworkIn,162483281.4
2026-08-07T08:02:00+00:00,NetworkIn,162150016.2
2026-08-07T08:07:00+00:00,NetworkIn,162462773.8
2026-08-07T08:12:00+00:00,NetworkIn,162423169.2
2026-08-07T08:17:00+00:00,NetworkIn,156511304.2
2026-08-07T08:22:00+00:00,NetworkIn,162854755.2
2026-08-07T08:27:00+00:00,NetworkIn,164815822.4
2026-08-07T08:32:00+00:00,NetworkIn,164803373.4
2026-08-07T08:37:00+00:00,NetworkIn,164227271.8
2026-08-07T08:42:00+00:00,NetworkIn,165007481.6
2026-08-07T08:47:00+00:00,NetworkIn,164671014.2
2026-08-07T08:52:00+00:00,NetworkIn,164907513.4
2026-08-07T08:57:00+00:00,NetworkIn,165065734.0
2026-08-07T09:02:00+00:00,NetworkIn,164932472.6
2026-08-07T09:07:00+00:00,NetworkIn,165598926.4
2026-08-07T09:12:00+00:00,NetworkIn,164358927.2
2026-08-07T09:17:00+00:00,NetworkIn,165458419.6
2026-08-07T09:22:00+00:00,NetworkIn,164356018.6
2026-08-07T09:27:00+00:00,NetworkIn,165110336.8
2026-08-07T09:32:00+00:00,NetworkIn,164895154.2
2026-08-07T09:37:00+00:00,NetworkIn,164702253.6
2026-08-07T09:42:00+00:00,NetworkIn,165313976.0
2026-08-07T09:47:00+00:00,NetworkIn,164764175.8
2026-08-07T09:52:00+00:00,NetworkIn,165486374.6
2026-08-07T09:57:00+00:00,NetworkIn,164650442.0
2026-08-07T10:02:00+00:00,NetworkIn,165351494.4
2026-08-07T10:07:00+00:00,NetworkIn,165118740.6
2026-08-07T10:12:00+00:00,NetworkIn,165117241.6
2026-08-07T10:17:00+00:00,NetworkIn,165098393.8
2026-08-07T10:22:00+00:00,NetworkIn,165618193.0
2026-08-07T10:27:00+00:00,NetworkIn,164931089.2
2026-08-07T10:32:00+00:00,NetworkIn,165454744.6
2026-08-07T10:37:00+00:00,NetworkIn,167323007.0
2026-08-07T10:42:00+00:00,NetworkIn,164897061.6
2026-08-07T10:47:00+00:00,NetworkIn,165308481.0
2026-08-07T10:52:00+00:00,NetworkIn,165003599.0
2026-08-07T10:57:00+00:00,NetworkIn,164868451.0
2026-08-07T11:02:00+00:00,NetworkIn,165321440.0
2026-08-07T11:07:00+00:00,NetworkIn,165469641.0
2026-08-07T11:12:00+00:00,NetworkIn,164666979.0
2026-08-07T11:17:00+00:00,NetworkIn,164815279.0
2026-08-07T11:22:00+00:00,NetworkIn,164671970.4
2026-08-07T11:27:00+00:00,NetworkIn,164564997.4
2026-08-07T11:32:00+00:00,NetworkIn,165371242.0
2026-08-07T11:37:00+00:00,NetworkIn,164715759.2
2026-08-07T11:42:00+00:00,NetworkIn,165030636.4
2026-08-07T11:47:00+00:00,NetworkIn,164587351.0
2026-08-07T11:52:00+00:00,NetworkIn,165193907.6
2026-08-07T11:57:00+00:00,NetworkIn,164748930.0
2026-08-07T12:02:00+00:00,NetworkIn,100613509.6
2026-08-07T12:07:00+00:00,NetworkIn,25367.2
2026-08-07T12:12:00+00:00,NetworkIn,17990.6
2026-08-07T12:17:00+00:00,NetworkIn,8147.6
2026-08-07T12:22:00+00:00,NetworkIn,8157.2
2026-08-07T12:27:00+00:00,NetworkIn,8174.0
2026-08-07T12:32:00+00:00,NetworkIn,8162.0
2026-08-07T12:37:00+00:00,NetworkIn,7990.0
2026-08-07T12:42:00+00:00,NetworkIn,11147.8
2026-08-07T12:47:00+00:00,NetworkIn,8144.0
2026-08-07T12:52:00+00:00,NetworkIn,8174.0
2026-08-07T12:57:00+00:00,NetworkIn,8157.2
2026-08-07T13:02:00+00:00,NetworkIn,8121.2
2026-08-07T13:07:00+00:00,NetworkIn,6629.2
2026-08-07T13:12:00+00:00,NetworkIn,10993.8
2026-08-07T13:17:00+00:00,NetworkIn,8130.8
2026-08-07T13:22:00+00:00,NetworkIn,8117.6
2026-08-07T13:27:00+00:00,NetworkIn,8094.8
2026-08-07T13:32:00+00:00,NetworkIn,8130.8
2026-08-07T13:37:00+00:00,NetworkIn,11161.0
2026-08-07T13:42:00+00:00,NetworkIn,8144.0
2026-08-07T13:47:00+00:00,NetworkIn,7950.4
2026-08-07T13:52:00+00:00,NetworkIn,8117.6
2026-08-07T13:57:00+00:00,NetworkIn,8188.4
2026-08-07T14:02:00+00:00,NetworkIn,11009.8
2026-08-07T14:07:00+00:00,NetworkIn,8290.4
2026-08-07T14:12:00+00:00,NetworkIn,8126.0
2026-08-07T14:17:00+00:00,NetworkIn,8157.2
2026-08-07T14:22:00+00:00,NetworkIn,8165.6
2026-08-07T14:27:00+00:00,NetworkIn,8139.2
2026-08-07T14:32:00+00:00,NetworkIn,10897.8
2026-08-07T14:37:00+00:00,NetworkIn,8192.0
2026-08-07T14:42:00+00:00,NetworkIn,8188.4
2026-08-07T14:47:00+00:00,NetworkIn,8162.0
2026-08-07T14:52:00+00:00,NetworkIn,8121.2
2026-08-07T14:57:00+00:00,NetworkIn,6619.6
2026-08-07T15:02:00+00:00,NetworkIn,11129.8
2026-08-07T15:07:00+00:00,NetworkIn,8180.0
2026-08-07T15:12:00+00:00,NetworkIn,7950.4
2026-08-07T15:17:00+00:00,NetworkIn,8170.4
2026-08-07T15:22:00+00:00,NetworkIn,8201.6
2026-08-07T15:27:00+00:00,NetworkIn,8121.2
2026-08-07T15:32:00+00:00,NetworkIn,11161.0
2026-08-07T15:37:00+00:00,NetworkIn,8147.6
2026-08-07T15:42:00+00:00,NetworkIn,8232.8
2026-08-07T15:47:00+00:00,NetworkIn,8134.4
2026-08-07T15:52:00+00:00,NetworkIn,8170.4
2026-08-07T15:57:00+00:00,NetworkIn,10906.2
2026-08-07T16:02:00+00:00,NetworkIn,8170.4
2026-08-07T16:07:00+00:00,NetworkIn,8170.4
2026-08-07T16:12:00+00:00,NetworkIn,8210.0
2026-08-07T16:17:00+00:00,NetworkIn,8183.6
2026-08-07T16:22:00+00:00,NetworkIn,8042.0
2026-07-31T12:02:00+00:00,NetworkOut,63692385.8
2026-07-31T12:07:00+00:00,NetworkOut,218944259.8
2026-07-31T12:12:00+00:00,NetworkOut,218791808.8
2026-07-31T12:17:00+00:00,NetworkOut,219044412.4
2026-07-31T12:22:00+00:00,NetworkOut,218481974.4
2026-07-31T12:27:00+00:00,NetworkOut,218448957.4
2026-07-31T12:32:00+00:00,NetworkOut,224418303.4
2026-07-31T12:37:00+00:00,NetworkOut,218477152.6
2026-07-31T12:42:00+00:00,NetworkOut,218597553.4
2026-07-31T12:47:00+00:00,NetworkOut,222749133.6
2026-07-31T12:52:00+00:00,NetworkOut,218315294.8
2026-07-31T12:57:00+00:00,NetworkOut,217801817.0
2026-07-31T13:02:00+00:00,NetworkOut,224773019.8
2026-07-31T13:07:00+00:00,NetworkOut,218500604.0
2026-07-31T13:12:00+00:00,NetworkOut,218870203.6
2026-07-31T13:17:00+00:00,NetworkOut,222368734.2
2026-07-31T13:22:00+00:00,NetworkOut,218536181.0
2026-07-31T13:27:00+00:00,NetworkOut,218526189.6
2026-07-31T13:32:00+00:00,NetworkOut,223977837.2
2026-07-31T13:37:00+00:00,NetworkOut,218584977.8
2026-07-31T13:42:00+00:00,NetworkOut,218537159.2
2026-07-31T13:47:00+00:00,NetworkOut,222066596.8
2026-07-31T13:52:00+00:00,NetworkOut,218676344.8
2026-07-31T13:57:00+00:00,NetworkOut,219271711.4
2026-07-31T14:02:00+00:00,NetworkOut,225412608.6
2026-07-31T14:07:00+00:00,NetworkOut,219360350.0
2026-07-31T14:12:00+00:00,NetworkOut,218283038.8
2026-07-31T14:17:00+00:00,NetworkOut,221105032.6
2026-07-31T14:22:00+00:00,NetworkOut,218253766.8
2026-07-31T14:27:00+00:00,NetworkOut,218557448.8
2026-07-31T14:32:00+00:00,NetworkOut,224154535.8
2026-07-31T14:37:00+00:00,NetworkOut,219623625.8
2026-07-31T14:42:00+00:00,NetworkOut,218437245.0
2026-07-31T14:47:00+00:00,NetworkOut,221568164.0
2026-07-31T14:52:00+00:00,NetworkOut,218456947.6
2026-07-31T14:57:00+00:00,NetworkOut,218646781.8
2026-07-31T15:02:00+00:00,NetworkOut,224563649.2
2026-07-31T15:07:00+00:00,NetworkOut,219243228.2
2026-07-31T15:12:00+00:00,NetworkOut,218733553.2
2026-07-31T15:17:00+00:00,NetworkOut,221483116.8
2026-07-31T15:22:00+00:00,NetworkOut,218428612.8
2026-07-31T15:27:00+00:00,NetworkOut,218356364.4
2026-07-31T15:32:00+00:00,NetworkOut,225365179.2
2026-07-31T15:37:00+00:00,NetworkOut,218585981.0
2026-07-31T15:42:00+00:00,NetworkOut,218998910.0
2026-07-31T15:47:00+00:00,NetworkOut,221599143.6
2026-07-31T15:52:00+00:00,NetworkOut,218140861.0
2026-07-31T15:57:00+00:00,NetworkOut,218147241.6
2026-07-31T16:02:00+00:00,NetworkOut,224734348.0
2026-07-31T16:07:00+00:00,NetworkOut,218663928.0
2026-07-31T16:12:00+00:00,NetworkOut,218038791.2
2026-07-31T16:17:00+00:00,NetworkOut,221112110.6
2026-07-31T16:22:00+00:00,NetworkOut,219201266.8
2026-07-31T16:27:00+00:00,NetworkOut,218715641.4
2026-07-31T16:32:00+00:00,NetworkOut,224337206.8
2026-07-31T16:37:00+00:00,NetworkOut,218935274.6
2026-07-31T16:42:00+00:00,NetworkOut,218206844.0
2026-07-31T16:47:00+00:00,NetworkOut,224328249.8
2026-07-31T16:52:00+00:00,NetworkOut,219193948.0
2026-07-31T16:57:00+00:00,NetworkOut,218836104.6
2026-07-31T17:02:00+00:00,NetworkOut,221654001.8
2026-07-31T17:07:00+00:00,NetworkOut,218198393.6
2026-07-31T17:12:00+00:00,NetworkOut,218593354.0
2026-07-31T17:17:00+00:00,NetworkOut,225135396.8
2026-07-31T17:22:00+00:00,NetworkOut,218609947.8
2026-07-31T17:27:00+00:00,NetworkOut,218566101.8
2026-07-31T17:32:00+00:00,NetworkOut,221877223.6
2026-07-31T17:37:00+00:00,NetworkOut,218790766.6
2026-07-31T17:42:00+00:00,NetworkOut,218666380.8
2026-07-31T17:47:00+00:00,NetworkOut,223754724.0
2026-07-31T17:52:00+00:00,NetworkOut,219582836.8
2026-07-31T17:57:00+00:00,NetworkOut,218297395.0
2026-07-31T18:02:00+00:00,NetworkOut,221624032.4
2026-07-31T18:07:00+00:00,NetworkOut,218121826.2
2026-07-31T18:12:00+00:00,NetworkOut,219102966.8
2026-07-31T18:17:00+00:00,NetworkOut,224360614.4
2026-07-31T18:22:00+00:00,NetworkOut,218469679.4
2026-07-31T18:27:00+00:00,NetworkOut,218326899.4
2026-07-31T18:32:00+00:00,NetworkOut,221868929.8
2026-07-31T18:37:00+00:00,NetworkOut,218590737.4
2026-07-31T18:42:00+00:00,NetworkOut,217919119.8
2026-07-31T18:47:00+00:00,NetworkOut,224038898.4
2026-07-31T18:52:00+00:00,NetworkOut,218854576.8
2026-07-31T18:57:00+00:00,NetworkOut,218464365.6
2026-07-31T19:02:00+00:00,NetworkOut,221926753.4
2026-07-31T19:07:00+00:00,NetworkOut,218373415.8
2026-07-31T19:12:00+00:00,NetworkOut,218440958.8
2026-07-31T19:17:00+00:00,NetworkOut,224307095.0
2026-07-31T19:22:00+00:00,NetworkOut,218505846.0
2026-07-31T19:27:00+00:00,NetworkOut,218289531.2
2026-07-31T19:32:00+00:00,NetworkOut,221640687.4
2026-07-31T19:37:00+00:00,NetworkOut,218356609.2
2026-07-31T19:42:00+00:00,NetworkOut,218255374.2
2026-07-31T19:47:00+00:00,NetworkOut,224676185.8
2026-07-31T19:52:00+00:00,NetworkOut,218559602.6
2026-07-31T19:57:00+00:00,NetworkOut,218848105.8
2026-07-31T20:02:00+00:00,NetworkOut,222249219.4
2026-07-31T20:07:00+00:00,NetworkOut,217903844.4
2026-07-31T20:12:00+00:00,NetworkOut,219075636.6
2026-07-31T20:17:00+00:00,NetworkOut,223898757.4
2026-07-31T20:22:00+00:00,NetworkOut,218767100.4
2026-07-31T20:27:00+00:00,NetworkOut,218425196.4
2026-07-31T20:32:00+00:00,NetworkOut,221079358.0
2026-07-31T20:37:00+00:00,NetworkOut,219170539.0
2026-07-31T20:42:00+00:00,NetworkOut,219301435.8
2026-07-31T20:47:00+00:00,NetworkOut,224396443.4
2026-07-31T20:52:00+00:00,NetworkOut,219311704.4
2026-07-31T20:57:00+00:00,NetworkOut,218195828.6
2026-07-31T21:02:00+00:00,NetworkOut,218448289.0
2026-07-31T21:07:00+00:00,NetworkOut,221578109.2
2026-07-31T21:12:00+00:00,NetworkOut,218526127.4
2026-07-31T21:17:00+00:00,NetworkOut,218144813.6
2026-07-31T21:22:00+00:00,NetworkOut,224217023.0
2026-07-31T21:27:00+00:00,NetworkOut,218993826.0
2026-07-31T21:32:00+00:00,NetworkOut,218319132.4
2026-07-31T21:37:00+00:00,NetworkOut,223897101.2
2026-07-31T21:42:00+00:00,NetworkOut,217976285.8
2026-07-31T21:47:00+00:00,NetworkOut,218619346.0
2026-07-31T21:52:00+00:00,NetworkOut,221448573.0
2026-07-31T21:57:00+00:00,NetworkOut,219375295.4
2026-07-31T22:02:00+00:00,NetworkOut,219248002.0
2026-07-31T22:07:00+00:00,NetworkOut,224198466.6
2026-07-31T22:12:00+00:00,NetworkOut,219140354.8
2026-07-31T22:17:00+00:00,NetworkOut,219085805.8
2026-07-31T22:22:00+00:00,NetworkOut,221572718.8
2026-07-31T22:27:00+00:00,NetworkOut,218690291.8
2026-07-31T22:32:00+00:00,NetworkOut,218038218.0
2026-07-31T22:37:00+00:00,NetworkOut,224461166.0
2026-07-31T22:42:00+00:00,NetworkOut,217792090.6
2026-07-31T22:47:00+00:00,NetworkOut,218046592.2
2026-07-31T22:52:00+00:00,NetworkOut,222340528.2
2026-07-31T22:57:00+00:00,NetworkOut,217459034.0
2026-07-31T23:02:00+00:00,NetworkOut,218538828.2
2026-07-31T23:07:00+00:00,NetworkOut,224133021.2
2026-07-31T23:12:00+00:00,NetworkOut,217000366.6
2026-07-31T23:17:00+00:00,NetworkOut,218617051.8
2026-07-31T23:22:00+00:00,NetworkOut,220996261.8
2026-07-31T23:27:00+00:00,NetworkOut,218146596.8
2026-07-31T23:32:00+00:00,NetworkOut,218011488.6
2026-07-31T23:37:00+00:00,NetworkOut,223815827.0
2026-07-31T23:42:00+00:00,NetworkOut,217605892.0
2026-07-31T23:47:00+00:00,NetworkOut,218261194.4
2026-07-31T23:52:00+00:00,NetworkOut,220159370.6
2026-07-31T23:57:00+00:00,NetworkOut,218082491.6
2026-08-01T00:02:00+00:00,NetworkOut,218092024.0
2026-08-01T00:07:00+00:00,NetworkOut,223129627.0
2026-08-01T00:12:00+00:00,NetworkOut,216901616.2
2026-08-01T00:17:00+00:00,NetworkOut,219505933.6
2026-08-01T00:22:00+00:00,NetworkOut,221058167.0
2026-08-01T00:27:00+00:00,NetworkOut,218567940.0
2026-08-01T00:32:00+00:00,NetworkOut,218845583.4
2026-08-01T00:37:00+00:00,NetworkOut,224630609.6
2026-08-01T00:42:00+00:00,NetworkOut,218106850.8
2026-08-01T00:47:00+00:00,NetworkOut,218673048.0
2026-08-01T00:52:00+00:00,NetworkOut,221529403.4
2026-08-01T00:57:00+00:00,NetworkOut,218239155.4
2026-08-01T01:02:00+00:00,NetworkOut,218346728.8
2026-08-01T01:07:00+00:00,NetworkOut,224128085.4
2026-08-01T01:12:00+00:00,NetworkOut,219555881.4
2026-08-01T01:17:00+00:00,NetworkOut,218915925.4
2026-08-01T01:22:00+00:00,NetworkOut,221240845.4
2026-08-01T01:27:00+00:00,NetworkOut,218402357.0
2026-08-01T01:32:00+00:00,NetworkOut,217648763.6
2026-08-01T01:37:00+00:00,NetworkOut,223883251.8
2026-08-01T01:42:00+00:00,NetworkOut,217659556.0
2026-08-01T01:47:00+00:00,NetworkOut,218159910.6
2026-08-01T01:52:00+00:00,NetworkOut,221453006.6
2026-08-01T01:57:00+00:00,NetworkOut,217497987.6
2026-08-01T02:02:00+00:00,NetworkOut,217944737.0
2026-08-01T02:07:00+00:00,NetworkOut,224580078.2
2026-08-01T02:12:00+00:00,NetworkOut,217756155.6
2026-08-01T02:17:00+00:00,NetworkOut,218092344.0
2026-08-01T02:22:00+00:00,NetworkOut,225002581.4
2026-08-01T02:27:00+00:00,NetworkOut,217288772.6
2026-08-01T02:32:00+00:00,NetworkOut,217954713.0
2026-08-01T02:37:00+00:00,NetworkOut,219890638.8
2026-08-01T02:42:00+00:00,NetworkOut,218877698.2
2026-08-01T02:47:00+00:00,NetworkOut,218241242.0
2026-08-01T02:52:00+00:00,NetworkOut,224444369.8
2026-08-01T02:57:00+00:00,NetworkOut,217392704.4
2026-08-01T03:02:00+00:00,NetworkOut,217820826.0
2026-08-01T03:07:00+00:00,NetworkOut,220908216.6
2026-08-01T03:12:00+00:00,NetworkOut,216740752.4
2026-08-01T03:17:00+00:00,NetworkOut,216974786.8
2026-08-01T03:22:00+00:00,NetworkOut,223776274.8
2026-08-01T03:27:00+00:00,NetworkOut,218879007.4
2026-08-01T03:32:00+00:00,NetworkOut,218219077.4
2026-08-01T03:37:00+00:00,NetworkOut,220974348.8
2026-08-01T03:42:00+00:00,NetworkOut,218654526.8
2026-08-01T03:47:00+00:00,NetworkOut,218283056.4
2026-08-01T03:52:00+00:00,NetworkOut,223812264.8
2026-08-01T03:57:00+00:00,NetworkOut,217992537.0
2026-08-01T04:02:00+00:00,NetworkOut,218386161.6
2026-08-01T04:07:00+00:00,NetworkOut,221097140.2
2026-08-01T04:12:00+00:00,NetworkOut,218357758.6
2026-08-01T04:17:00+00:00,NetworkOut,218865965.8
2026-08-01T04:22:00+00:00,NetworkOut,224121108.0
2026-08-01T04:27:00+00:00,NetworkOut,217543585.2
2026-08-01T04:32:00+00:00,NetworkOut,218321137.8
2026-08-01T04:37:00+00:00,NetworkOut,221031342.8
2026-08-01T04:42:00+00:00,NetworkOut,217926467.8
2026-08-01T04:47:00+00:00,NetworkOut,217778010.6
2026-08-01T04:52:00+00:00,NetworkOut,223244074.8
2026-08-01T04:57:00+00:00,NetworkOut,215706072.6
2026-08-01T05:02:00+00:00,NetworkOut,217545195.6
2026-08-01T05:07:00+00:00,NetworkOut,221899995.4
2026-08-01T05:12:00+00:00,NetworkOut,216222958.4
2026-08-01T05:17:00+00:00,NetworkOut,217839576.6
2026-08-01T05:22:00+00:00,NetworkOut,222874656.6
2026-08-01T05:27:00+00:00,NetworkOut,216610568.6
2026-08-01T05:32:00+00:00,NetworkOut,213373411.2
2026-08-01T05:37:00+00:00,NetworkOut,221250711.0
2026-08-01T05:42:00+00:00,NetworkOut,217130471.0
2026-08-01T05:47:00+00:00,NetworkOut,219107857.6
2026-08-01T05:52:00+00:00,NetworkOut,222996158.8
2026-08-01T05:57:00+00:00,NetworkOut,215883909.4
2026-08-01T06:02:00+00:00,NetworkOut,216621941.0
2026-08-01T06:07:00+00:00,NetworkOut,218932688.6
2026-08-01T06:12:00+00:00,NetworkOut,217331186.0
2026-08-01T06:17:00+00:00,NetworkOut,214782662.0
2026-08-01T06:22:00+00:00,NetworkOut,221380799.4
2026-08-01T06:27:00+00:00,NetworkOut,218353546.2
2026-08-01T06:32:00+00:00,NetworkOut,219413286.6
2026-08-01T06:37:00+00:00,NetworkOut,220094987.8
2026-08-01T06:42:00+00:00,NetworkOut,218853484.6
2026-08-01T06:47:00+00:00,NetworkOut,218220208.8
2026-08-01T06:52:00+00:00,NetworkOut,224067847.8
2026-08-01T06:57:00+00:00,NetworkOut,217828608.2
2026-08-01T07:02:00+00:00,NetworkOut,216330332.0
2026-08-01T07:07:00+00:00,NetworkOut,220445897.8
2026-08-01T07:12:00+00:00,NetworkOut,218055253.8
2026-08-01T07:17:00+00:00,NetworkOut,217878931.0
2026-08-01T07:22:00+00:00,NetworkOut,223139933.4
2026-08-01T07:27:00+00:00,NetworkOut,217191142.2
2026-08-01T07:32:00+00:00,NetworkOut,217798539.2
2026-08-01T07:37:00+00:00,NetworkOut,220264654.8
2026-08-01T07:42:00+00:00,NetworkOut,218035493.6
2026-08-01T07:47:00+00:00,NetworkOut,217713795.2
2026-08-01T07:52:00+00:00,NetworkOut,223265935.8
2026-08-01T07:57:00+00:00,NetworkOut,216465911.8
2026-08-01T08:02:00+00:00,NetworkOut,218337124.2
2026-08-01T08:07:00+00:00,NetworkOut,220052466.4
2026-08-01T08:12:00+00:00,NetworkOut,218546450.2
2026-08-01T08:17:00+00:00,NetworkOut,217428522.2
2026-08-01T08:22:00+00:00,NetworkOut,223676358.8
2026-08-01T08:27:00+00:00,NetworkOut,216703946.4
2026-08-01T08:32:00+00:00,NetworkOut,219513487.2
2026-08-01T08:37:00+00:00,NetworkOut,197064173.6
2026-08-01T08:42:00+00:00,NetworkOut,218529853.8
2026-08-01T08:47:00+00:00,NetworkOut,216956776.8
2026-08-01T08:52:00+00:00,NetworkOut,221906159.2
2026-08-01T08:57:00+00:00,NetworkOut,217139953.0
2026-08-01T09:02:00+00:00,NetworkOut,216394041.0
2026-08-01T09:07:00+00:00,NetworkOut,221602865.2
2026-08-01T09:12:00+00:00,NetworkOut,216893916.0
2026-08-01T09:17:00+00:00,NetworkOut,216866843.6
2026-08-01T09:22:00+00:00,NetworkOut,219261885.0
2026-08-01T09:27:00+00:00,NetworkOut,215962236.2
2026-08-01T09:32:00+00:00,NetworkOut,219270555.6
2026-08-01T09:37:00+00:00,NetworkOut,219804152.2
2026-08-01T09:42:00+00:00,NetworkOut,213891600.4
2026-08-01T09:47:00+00:00,NetworkOut,214618015.0
2026-08-01T09:52:00+00:00,NetworkOut,220455617.0
2026-08-01T09:57:00+00:00,NetworkOut,215989899.0
2026-08-01T10:02:00+00:00,NetworkOut,218314532.2
2026-08-01T10:07:00+00:00,NetworkOut,224608300.6
2026-08-01T10:12:00+00:00,NetworkOut,218482956.6
2026-08-01T10:17:00+00:00,NetworkOut,217351753.0
2026-08-01T10:22:00+00:00,NetworkOut,221478887.6
2026-08-01T10:27:00+00:00,NetworkOut,215759518.8
2026-08-01T10:32:00+00:00,NetworkOut,216435071.0
2026-08-01T10:37:00+00:00,NetworkOut,224510366.6
2026-08-01T10:42:00+00:00,NetworkOut,217376534.6
2026-08-01T10:47:00+00:00,NetworkOut,215500122.2
2026-08-01T10:52:00+00:00,NetworkOut,221605624.0
2026-08-01T10:57:00+00:00,NetworkOut,214416426.8
2026-08-01T11:02:00+00:00,NetworkOut,215162836.4
2026-08-01T11:07:00+00:00,NetworkOut,222709823.2
2026-08-01T11:12:00+00:00,NetworkOut,216941609.0
2026-08-01T11:17:00+00:00,NetworkOut,216173553.8
2026-08-01T11:22:00+00:00,NetworkOut,218791438.4
2026-08-01T11:27:00+00:00,NetworkOut,217112091.2
2026-08-01T11:32:00+00:00,NetworkOut,214841941.2
2026-08-01T11:37:00+00:00,NetworkOut,222340165.0
2026-08-01T11:42:00+00:00,NetworkOut,218084348.0
2026-08-01T11:47:00+00:00,NetworkOut,218255893.0
2026-08-01T11:52:00+00:00,NetworkOut,220036243.6
2026-08-01T11:57:00+00:00,NetworkOut,218173324.2
2026-08-01T12:02:00+00:00,NetworkOut,213253135.6
2026-08-01T12:07:00+00:00,NetworkOut,216003749.6
2026-08-01T12:12:00+00:00,NetworkOut,207168158.8
2026-08-01T12:17:00+00:00,NetworkOut,216747646.8
2026-08-01T12:22:00+00:00,NetworkOut,218612854.8
2026-08-01T12:27:00+00:00,NetworkOut,216383147.8
2026-08-01T12:32:00+00:00,NetworkOut,217881259.2
2026-08-01T12:37:00+00:00,NetworkOut,224081132.0
2026-08-01T12:42:00+00:00,NetworkOut,218252413.4
2026-08-01T12:47:00+00:00,NetworkOut,218981125.0
2026-08-01T12:52:00+00:00,NetworkOut,221409150.6
2026-08-01T12:57:00+00:00,NetworkOut,219319590.4
2026-08-01T13:02:00+00:00,NetworkOut,219103496.0
2026-08-01T13:07:00+00:00,NetworkOut,224644191.0
2026-08-01T13:12:00+00:00,NetworkOut,218766356.0
2026-08-01T13:17:00+00:00,NetworkOut,218719745.0
2026-08-01T13:22:00+00:00,NetworkOut,221602374.4
2026-08-01T13:27:00+00:00,NetworkOut,218667574.6
2026-08-01T13:32:00+00:00,NetworkOut,218073668.4
2026-08-01T13:37:00+00:00,NetworkOut,224878575.2
2026-08-01T13:42:00+00:00,NetworkOut,218563134.6
2026-08-01T13:47:00+00:00,NetworkOut,218780836.2
2026-08-01T13:52:00+00:00,NetworkOut,221270070.4
2026-08-01T13:57:00+00:00,NetworkOut,218292979.4
2026-08-01T14:02:00+00:00,NetworkOut,218669663.4
2026-08-01T14:07:00+00:00,NetworkOut,224619784.0
2026-08-01T14:12:00+00:00,NetworkOut,219064704.2
2026-08-01T14:17:00+00:00,NetworkOut,218475721.2
2026-08-01T14:22:00+00:00,NetworkOut,221762594.0
2026-08-01T14:27:00+00:00,NetworkOut,218905673.4
2026-08-01T14:32:00+00:00,NetworkOut,218620370.4
2026-08-01T14:37:00+00:00,NetworkOut,225164044.6
2026-08-01T14:42:00+00:00,NetworkOut,219415500.4
2026-08-01T14:47:00+00:00,NetworkOut,218845208.0
2026-08-01T14:52:00+00:00,NetworkOut,221588396.4
2026-08-01T14:57:00+00:00,NetworkOut,218820775.8
2026-08-01T15:02:00+00:00,NetworkOut,219255858.4
2026-08-01T15:07:00+00:00,NetworkOut,223881847.0
2026-08-01T15:12:00+00:00,NetworkOut,218074975.2
2026-08-01T15:17:00+00:00,NetworkOut,219466617.0
2026-08-01T15:22:00+00:00,NetworkOut,223939033.0
2026-08-01T15:27:00+00:00,NetworkOut,218699913.2
2026-08-01T15:32:00+00:00,NetworkOut,217921367.8
2026-08-01T15:37:00+00:00,NetworkOut,221064467.0
2026-08-01T15:42:00+00:00,NetworkOut,218337620.2
2026-08-01T15:47:00+00:00,NetworkOut,218884259.0
2026-08-01T15:52:00+00:00,NetworkOut,224036209.8
2026-08-01T15:57:00+00:00,NetworkOut,219113284.8
2026-08-01T16:02:00+00:00,NetworkOut,218898974.4
2026-08-01T16:07:00+00:00,NetworkOut,221493427.0
2026-08-01T16:12:00+00:00,NetworkOut,218923839.0
2026-08-01T16:17:00+00:00,NetworkOut,218062500.6
2026-08-01T16:22:00+00:00,NetworkOut,224553201.0
2026-08-01T16:27:00+00:00,NetworkOut,218259606.8
2026-08-01T16:32:00+00:00,NetworkOut,218879419.4
2026-08-01T16:37:00+00:00,NetworkOut,221147275.4
2026-08-01T16:42:00+00:00,NetworkOut,218459615.8
2026-08-01T16:47:00+00:00,NetworkOut,218641475.6
2026-08-01T16:52:00+00:00,NetworkOut,224169374.6
2026-08-01T16:57:00+00:00,NetworkOut,219244232.6
2026-08-01T17:02:00+00:00,NetworkOut,218583381.6
2026-08-01T17:07:00+00:00,NetworkOut,221708943.2
2026-08-01T17:12:00+00:00,NetworkOut,219235813.0
2026-08-01T17:17:00+00:00,NetworkOut,217895816.2
2026-08-01T17:22:00+00:00,NetworkOut,224602566.0
2026-08-01T17:27:00+00:00,NetworkOut,218453575.6
2026-08-01T17:32:00+00:00,NetworkOut,218561323.2
2026-08-01T17:37:00+00:00,NetworkOut,221451682.8
2026-08-01T17:42:00+00:00,NetworkOut,218645458.8
2026-08-01T17:47:00+00:00,NetworkOut,219092104.0
2026-08-01T17:52:00+00:00,NetworkOut,224343953.4
2026-08-01T17:57:00+00:00,NetworkOut,219471354.2
2026-08-01T18:02:00+00:00,NetworkOut,218692070.0
2026-08-01T18:07:00+00:00,NetworkOut,221432756.0
2026-08-01T18:12:00+00:00,NetworkOut,218901690.2
2026-08-01T18:17:00+00:00,NetworkOut,218160933.8
2026-08-01T18:22:00+00:00,NetworkOut,224851537.0
2026-08-01T18:27:00+00:00,NetworkOut,218377322.4
2026-08-01T18:32:00+00:00,NetworkOut,219169311.2
2026-08-01T18:37:00+00:00,NetworkOut,221867824.0
2026-08-01T18:42:00+00:00,NetworkOut,219086517.0
2026-08-01T18:47:00+00:00,NetworkOut,218379894.8
2026-08-01T18:52:00+00:00,NetworkOut,224472143.0
2026-08-01T18:57:00+00:00,NetworkOut,218392073.0
2026-08-01T19:02:00+00:00,NetworkOut,218820031.8
2026-08-01T19:07:00+00:00,NetworkOut,222042734.8
2026-08-01T19:12:00+00:00,NetworkOut,218217451.6
2026-08-01T19:17:00+00:00,NetworkOut,218757631.0
2026-08-01T19:22:00+00:00,NetworkOut,224384969.4
2026-08-01T19:27:00+00:00,NetworkOut,218731841.6
2026-08-01T19:32:00+00:00,NetworkOut,218453369.8
2026-08-01T19:37:00+00:00,NetworkOut,221490812.6
2026-08-01T19:42:00+00:00,NetworkOut,217857454.2
2026-08-01T19:47:00+00:00,NetworkOut,219207502.0
2026-08-01T19:52:00+00:00,NetworkOut,224184917.4
2026-08-01T19:57:00+00:00,NetworkOut,219153903.6
2026-08-01T20:02:00+00:00,NetworkOut,218817649.2
2026-08-01T20:07:00+00:00,NetworkOut,224292432.0
2026-08-01T20:12:00+00:00,NetworkOut,218561095.2
2026-08-01T20:17:00+00:00,NetworkOut,218526917.0
2026-08-01T20:22:00+00:00,NetworkOut,222033676.8
2026-08-01T20:27:00+00:00,NetworkOut,218273708.6
2026-08-01T20:32:00+00:00,NetworkOut,219425084.8
2026-08-01T20:37:00+00:00,NetworkOut,225020566.0
2026-08-01T20:42:00+00:00,NetworkOut,218700267.8
2026-08-01T20:47:00+00:00,NetworkOut,218400328.0
2026-08-01T20:52:00+00:00,NetworkOut,221283112.4
2026-08-01T20:57:00+00:00,NetworkOut,218193523.8
2026-08-01T21:02:00+00:00,NetworkOut,219078070.0
2026-08-01T21:07:00+00:00,NetworkOut,225401848.4
2026-08-01T21:12:00+00:00,NetworkOut,218430161.8
2026-08-01T21:17:00+00:00,NetworkOut,218295565.8
2026-08-01T21:22:00+00:00,NetworkOut,221182317.8
2026-08-01T21:27:00+00:00,NetworkOut,218295371.4
2026-08-01T21:32:00+00:00,NetworkOut,218510302.6
2026-08-01T21:37:00+00:00,NetworkOut,224119803.2
2026-08-01T21:42:00+00:00,NetworkOut,219381019.6
2026-08-01T21:47:00+00:00,NetworkOut,218212452.0
2026-08-01T21:52:00+00:00,NetworkOut,221386603.8
2026-08-01T21:57:00+00:00,NetworkOut,218418254.0
2026-08-01T22:02:00+00:00,NetworkOut,219012504.6
2026-08-01T22:07:00+00:00,NetworkOut,223099370.2
2026-08-01T22:12:00+00:00,NetworkOut,218840889.6
2026-08-01T22:17:00+00:00,NetworkOut,217695923.0
2026-08-01T22:22:00+00:00,NetworkOut,221120759.2
2026-08-01T22:27:00+00:00,NetworkOut,217746861.4
2026-08-01T22:32:00+00:00,NetworkOut,218724273.8
2026-08-01T22:37:00+00:00,NetworkOut,224348016.4
2026-08-01T22:42:00+00:00,NetworkOut,219432446.8
2026-08-01T22:47:00+00:00,NetworkOut,218084306.4
2026-08-01T22:52:00+00:00,NetworkOut,221432753.0
2026-08-01T22:57:00+00:00,NetworkOut,218256383.0
2026-08-01T23:02:00+00:00,NetworkOut,218505366.0
2026-08-01T23:07:00+00:00,NetworkOut,224090092.4
2026-08-01T23:12:00+00:00,NetworkOut,218654186.4
2026-08-01T23:17:00+00:00,NetworkOut,218197765.4
2026-08-01T23:22:00+00:00,NetworkOut,222094752.0
2026-08-01T23:27:00+00:00,NetworkOut,218195965.0
2026-08-01T23:32:00+00:00,NetworkOut,218125438.6
2026-08-01T23:37:00+00:00,NetworkOut,225867633.6
2026-08-01T23:42:00+00:00,NetworkOut,218578083.6
2026-08-01T23:47:00+00:00,NetworkOut,218383578.0
2026-08-01T23:52:00+00:00,NetworkOut,221296089.6
2026-08-01T23:57:00+00:00,NetworkOut,219005672.2
2026-08-02T00:02:00+00:00,NetworkOut,218164947.4
2026-08-02T00:07:00+00:00,NetworkOut,223753671.4
2026-08-02T00:12:00+00:00,NetworkOut,217966680.6
2026-08-02T00:17:00+00:00,NetworkOut,217012905.2
2026-08-02T00:22:00+00:00,NetworkOut,221469473.8
2026-08-02T00:27:00+00:00,NetworkOut,219329105.6
2026-08-02T00:32:00+00:00,NetworkOut,218179626.6
2026-08-02T00:37:00+00:00,NetworkOut,224534096.4
2026-08-02T00:42:00+00:00,NetworkOut,218766465.2
2026-08-02T00:47:00+00:00,NetworkOut,218888994.4
2026-08-02T00:52:00+00:00,NetworkOut,223586677.6
2026-08-02T00:57:00+00:00,NetworkOut,217660560.4
2026-08-02T01:02:00+00:00,NetworkOut,218644656.2
2026-08-02T01:07:00+00:00,NetworkOut,220835528.4
2026-08-02T01:12:00+00:00,NetworkOut,216269028.0
2026-08-02T01:17:00+00:00,NetworkOut,217782424.2
2026-08-02T01:22:00+00:00,NetworkOut,223786045.0
2026-08-02T01:27:00+00:00,NetworkOut,218092497.4
2026-08-02T01:32:00+00:00,NetworkOut,219177481.2
2026-08-02T01:37:00+00:00,NetworkOut,221728188.0
2026-08-02T01:42:00+00:00,NetworkOut,219360996.2
2026-08-02T01:47:00+00:00,NetworkOut,218190739.2
2026-08-02T01:52:00+00:00,NetworkOut,224878863.4
2026-08-02T01:57:00+00:00,NetworkOut,218410366.2
2026-08-02T02:02:00+00:00,NetworkOut,218698602.4
2026-08-02T02:07:00+00:00,NetworkOut,221413451.2
2026-08-02T02:12:00+00:00,NetworkOut,218188391.4
2026-08-02T02:17:00+00:00,NetworkOut,219123552.0
2026-08-02T02:22:00+00:00,NetworkOut,224040289.6
2026-08-02T02:27:00+00:00,NetworkOut,217945865.2
2026-08-02T02:32:00+00:00,NetworkOut,218179799.6
2026-08-02T02:37:00+00:00,NetworkOut,220980741.2
2026-08-02T02:42:00+00:00,NetworkOut,219312763.2
2026-08-02T02:47:00+00:00,NetworkOut,218393575.8
2026-08-02T02:52:00+00:00,NetworkOut,224933506.4
2026-08-02T02:57:00+00:00,NetworkOut,218015473.8
2026-08-02T03:02:00+00:00,NetworkOut,218330592.4
2026-08-02T03:07:00+00:00,NetworkOut,221596585.6
2026-08-02T03:12:00+00:00,NetworkOut,218331935.0
2026-08-02T03:17:00+00:00,NetworkOut,218570234.8
2026-08-02T03:22:00+00:00,NetworkOut,224554934.0
2026-08-02T03:27:00+00:00,NetworkOut,218003709.8
2026-08-02T03:32:00+00:00,NetworkOut,217533385.6
2026-08-02T03:37:00+00:00,NetworkOut,221091035.2
2026-08-02T03:42:00+00:00,NetworkOut,218378917.8
2026-08-02T03:47:00+00:00,NetworkOut,218663880.2
2026-08-02T03:52:00+00:00,NetworkOut,224384536.8
2026-08-02T03:57:00+00:00,NetworkOut,218064280.4
2026-08-02T04:02:00+00:00,NetworkOut,217226254.0
2026-08-02T04:07:00+00:00,NetworkOut,221413380.8
2026-08-02T04:12:00+00:00,NetworkOut,218101375.6
2026-08-02T04:17:00+00:00,NetworkOut,217899390.6
2026-08-02T04:22:00+00:00,NetworkOut,223102753.6
2026-08-02T04:27:00+00:00,NetworkOut,217880183.2
2026-08-02T04:32:00+00:00,NetworkOut,218222595.0
2026-08-02T04:37:00+00:00,NetworkOut,220400529.4
2026-08-02T04:42:00+00:00,NetworkOut,217395159.6
2026-08-02T04:47:00+00:00,NetworkOut,219462627.4
2026-08-02T04:52:00+00:00,NetworkOut,224378287.8
2026-08-02T04:57:00+00:00,NetworkOut,218206916.6
2026-08-02T05:02:00+00:00,NetworkOut,218644101.8
2026-08-02T05:07:00+00:00,NetworkOut,221822863.4
2026-08-02T05:12:00+00:00,NetworkOut,216911073.8
2026-08-02T05:17:00+00:00,NetworkOut,218465170.6
2026-08-02T05:22:00+00:00,NetworkOut,224065175.2
2026-08-02T05:27:00+00:00,NetworkOut,218145278.2
2026-08-02T05:32:00+00:00,NetworkOut,217950800.0
2026-08-02T05:37:00+00:00,NetworkOut,220787495.0
2026-08-02T05:42:00+00:00,NetworkOut,218069167.2
2026-08-02T05:47:00+00:00,NetworkOut,217334391.8
2026-08-02T05:52:00+00:00,NetworkOut,223239538.0
2026-08-02T05:57:00+00:00,NetworkOut,218729913.2
2026-08-02T06:02:00+00:00,NetworkOut,219191482.4
2026-08-02T06:07:00+00:00,NetworkOut,224752725.8
2026-08-02T06:12:00+00:00,NetworkOut,219151696.6
2026-08-02T06:17:00+00:00,NetworkOut,219038072.8
2026-08-02T06:22:00+00:00,NetworkOut,221491758.2
2026-08-02T06:27:00+00:00,NetworkOut,219194976.4
2026-08-02T06:32:00+00:00,NetworkOut,218828382.6
2026-08-02T06:37:00+00:00,NetworkOut,224702162.6
2026-08-02T06:42:00+00:00,NetworkOut,217929266.6
2026-08-02T06:47:00+00:00,NetworkOut,218319107.8
2026-08-02T06:52:00+00:00,NetworkOut,222023121.6
2026-08-02T06:57:00+00:00,NetworkOut,218807822.2
2026-08-02T07:02:00+00:00,NetworkOut,218408374.8
2026-08-02T07:07:00+00:00,NetworkOut,218945508.6
2026-08-02T07:12:00+00:00,NetworkOut,224797909.6
2026-08-02T07:17:00+00:00,NetworkOut,218651936.6
2026-08-02T07:22:00+00:00,NetworkOut,217740909.6
2026-08-02T07:27:00+00:00,NetworkOut,220627547.6
2026-08-02T07:32:00+00:00,NetworkOut,218243372.0
2026-08-02T07:37:00+00:00,NetworkOut,216688867.2
2026-08-02T07:42:00+00:00,NetworkOut,223387942.4
2026-08-02T07:47:00+00:00,NetworkOut,218030990.0
2026-08-02T07:52:00+00:00,NetworkOut,217378437.8
2026-08-02T07:57:00+00:00,NetworkOut,218248902.2
2026-08-02T08:02:00+00:00,NetworkOut,216226281.4
2026-08-02T08:07:00+00:00,NetworkOut,216485534.2
2026-08-02T08:12:00+00:00,NetworkOut,225296218.0
2026-08-02T08:17:00+00:00,NetworkOut,215822590.8
2026-08-02T08:22:00+00:00,NetworkOut,217192197.0
2026-08-02T08:27:00+00:00,NetworkOut,218414343.0
2026-08-02T08:32:00+00:00,NetworkOut,215890335.4
2026-08-02T08:37:00+00:00,NetworkOut,214937797.8
2026-08-02T08:42:00+00:00,NetworkOut,224558137.8
2026-08-02T08:47:00+00:00,NetworkOut,216638945.6
2026-08-02T08:52:00+00:00,NetworkOut,217292418.4
2026-08-02T08:57:00+00:00,NetworkOut,216960504.4
2026-08-02T09:02:00+00:00,NetworkOut,219063676.2
2026-08-02T09:07:00+00:00,NetworkOut,218667669.4
2026-08-02T09:12:00+00:00,NetworkOut,224633772.4
2026-08-02T09:17:00+00:00,NetworkOut,218231247.2
2026-08-02T09:22:00+00:00,NetworkOut,218837225.8
2026-08-02T09:27:00+00:00,NetworkOut,220063053.2
2026-08-02T09:32:00+00:00,NetworkOut,218148028.6
2026-08-02T09:37:00+00:00,NetworkOut,216538426.8
2026-08-02T09:42:00+00:00,NetworkOut,224224175.8
2026-08-02T09:47:00+00:00,NetworkOut,217492467.0
2026-08-02T09:52:00+00:00,NetworkOut,217171852.8
2026-08-02T09:57:00+00:00,NetworkOut,220911440.0
2026-08-02T10:02:00+00:00,NetworkOut,216412803.0
2026-08-02T10:07:00+00:00,NetworkOut,217115477.2
2026-08-02T10:12:00+00:00,NetworkOut,220663194.2
2026-08-02T10:17:00+00:00,NetworkOut,218792545.0
2026-08-02T10:22:00+00:00,NetworkOut,216560287.8
2026-08-02T10:27:00+00:00,NetworkOut,219459738.2
2026-08-02T10:32:00+00:00,NetworkOut,215256999.4
2026-08-02T10:37:00+00:00,NetworkOut,213937806.4
2026-08-02T10:42:00+00:00,NetworkOut,224608458.6
2026-08-02T10:47:00+00:00,NetworkOut,213221229.8
2026-08-02T10:52:00+00:00,NetworkOut,217016474.0
2026-08-02T10:57:00+00:00,NetworkOut,219836214.6
2026-08-02T11:02:00+00:00,NetworkOut,216520179.0
2026-08-02T11:07:00+00:00,NetworkOut,218081170.8
2026-08-02T11:12:00+00:00,NetworkOut,223956377.4
2026-08-02T11:17:00+00:00,NetworkOut,216969975.8
2026-08-02T11:22:00+00:00,NetworkOut,217343009.2
2026-08-02T11:27:00+00:00,NetworkOut,219740011.2
2026-08-02T11:32:00+00:00,NetworkOut,216606523.0
2026-08-02T11:37:00+00:00,NetworkOut,217343314.2
2026-08-02T11:42:00+00:00,NetworkOut,223497930.6
2026-08-02T11:47:00+00:00,NetworkOut,214670879.6
2026-08-02T11:52:00+00:00,NetworkOut,214830973.8
2026-08-02T11:57:00+00:00,NetworkOut,218094662.8
2026-08-02T12:02:00+00:00,NetworkOut,214375194.4
2026-08-02T12:07:00+00:00,NetworkOut,214603367.8
2026-08-02T12:12:00+00:00,NetworkOut,223165461.8
2026-08-02T12:17:00+00:00,NetworkOut,214454065.6
2026-08-02T12:22:00+00:00,NetworkOut,216173815.4
2026-08-02T12:27:00+00:00,NetworkOut,208162207.4
2026-08-02T12:32:00+00:00,NetworkOut,213691562.4
2026-08-02T12:37:00+00:00,NetworkOut,213626480.6
2026-08-02T12:42:00+00:00,NetworkOut,222297605.4
2026-08-02T12:47:00+00:00,NetworkOut,215497907.4
2026-08-02T12:52:00+00:00,NetworkOut,213356631.0
2026-08-02T12:57:00+00:00,NetworkOut,211539958.8
2026-08-02T13:02:00+00:00,NetworkOut,218473896.0
2026-08-02T13:07:00+00:00,NetworkOut,198853094.8
2026-08-02T13:12:00+00:00,NetworkOut,204113270.0
2026-08-02T13:17:00+00:00,NetworkOut,209026386.2
2026-08-02T13:22:00+00:00,NetworkOut,210635655.6
2026-08-02T13:27:00+00:00,NetworkOut,221617879.0
2026-08-02T13:32:00+00:00,NetworkOut,218311472.4
2026-08-02T13:37:00+00:00,NetworkOut,218810232.6
2026-08-02T13:42:00+00:00,NetworkOut,224074389.4
2026-08-02T13:47:00+00:00,NetworkOut,218864526.4
2026-08-02T13:52:00+00:00,NetworkOut,218697963.8
2026-08-02T13:57:00+00:00,NetworkOut,221620862.8
2026-08-02T14:02:00+00:00,NetworkOut,214250893.4
2026-08-02T14:07:00+00:00,NetworkOut,219486452.2
2026-08-02T14:12:00+00:00,NetworkOut,223927286.4
2026-08-02T14:17:00+00:00,NetworkOut,218677633.0
2026-08-02T14:22:00+00:00,NetworkOut,218746477.0
2026-08-02T14:27:00+00:00,NetworkOut,221982406.8
2026-08-02T14:32:00+00:00,NetworkOut,218789901.6
2026-08-02T14:37:00+00:00,NetworkOut,218260944.8
2026-08-02T14:42:00+00:00,NetworkOut,224352714.4
2026-08-02T14:47:00+00:00,NetworkOut,218709070.8
2026-08-02T14:52:00+00:00,NetworkOut,218093187.8
2026-08-02T14:57:00+00:00,NetworkOut,221460313.2
2026-08-02T15:02:00+00:00,NetworkOut,218974927.0
2026-08-02T15:07:00+00:00,NetworkOut,219365117.4
2026-08-02T15:12:00+00:00,NetworkOut,224172206.6
2026-08-02T15:17:00+00:00,NetworkOut,218214449.8
2026-08-02T15:22:00+00:00,NetworkOut,218612899.8
2026-08-02T15:27:00+00:00,NetworkOut,221711656.4
2026-08-02T15:32:00+00:00,NetworkOut,219255608.6
2026-08-02T15:37:00+00:00,NetworkOut,218273011.6
2026-08-02T15:42:00+00:00,NetworkOut,224275345.0
2026-08-02T15:47:00+00:00,NetworkOut,217972830.0
2026-08-02T15:52:00+00:00,NetworkOut,218382896.0
2026-08-02T15:57:00+00:00,NetworkOut,224664611.0
2026-08-02T16:02:00+00:00,NetworkOut,218975434.2
2026-08-02T16:07:00+00:00,NetworkOut,218910892.4
2026-08-02T16:12:00+00:00,NetworkOut,221406340.2
2026-08-02T16:17:00+00:00,NetworkOut,218517469.4
2026-08-02T16:22:00+00:00,NetworkOut,218874909.2
2026-08-02T16:27:00+00:00,NetworkOut,223273007.6
2026-08-02T16:32:00+00:00,NetworkOut,218825276.2
2026-08-02T16:37:00+00:00,NetworkOut,219037259.4
2026-08-02T16:42:00+00:00,NetworkOut,221793302.4
2026-08-02T16:47:00+00:00,NetworkOut,218758354.6
2026-08-02T16:52:00+00:00,NetworkOut,218143536.8
2026-08-02T16:57:00+00:00,NetworkOut,224680291.2
2026-08-02T17:02:00+00:00,NetworkOut,218777690.0
2026-08-02T17:07:00+00:00,NetworkOut,218782505.8
2026-08-02T17:12:00+00:00,NetworkOut,221455843.2
2026-08-02T17:17:00+00:00,NetworkOut,218991448.2
2026-08-02T17:22:00+00:00,NetworkOut,218923709.4
2026-08-02T17:27:00+00:00,NetworkOut,223921603.4
2026-08-02T17:32:00+00:00,NetworkOut,218689417.4
2026-08-02T17:37:00+00:00,NetworkOut,218346578.4
2026-08-02T17:42:00+00:00,NetworkOut,215732745.6
2026-08-02T17:47:00+00:00,NetworkOut,213174944.0
2026-08-02T17:52:00+00:00,NetworkOut,214141757.8
2026-08-02T17:57:00+00:00,NetworkOut,221728392.6
2026-08-02T18:02:00+00:00,NetworkOut,216549857.0
2026-08-02T18:07:00+00:00,NetworkOut,214091038.2
2026-08-02T18:12:00+00:00,NetworkOut,221374109.0
2026-08-02T18:17:00+00:00,NetworkOut,218142969.4
2026-08-02T18:22:00+00:00,NetworkOut,218872081.8
2026-08-02T18:27:00+00:00,NetworkOut,224094519.2
2026-08-02T18:32:00+00:00,NetworkOut,219498318.0
2026-08-02T18:37:00+00:00,NetworkOut,217935534.6
2026-08-02T18:42:00+00:00,NetworkOut,220863245.0
2026-08-02T18:47:00+00:00,NetworkOut,218632665.0
2026-08-02T18:52:00+00:00,NetworkOut,218160137.8
2026-08-02T18:57:00+00:00,NetworkOut,224331516.6
2026-08-02T19:02:00+00:00,NetworkOut,217807455.6
2026-08-02T19:07:00+00:00,NetworkOut,218739665.2
2026-08-02T19:12:00+00:00,NetworkOut,222146373.6
2026-08-02T19:17:00+00:00,NetworkOut,218367009.4
2026-08-02T19:22:00+00:00,NetworkOut,218347215.2
2026-08-02T19:27:00+00:00,NetworkOut,225178746.0
2026-08-02T19:32:00+00:00,NetworkOut,218128678.0
2026-08-02T19:37:00+00:00,NetworkOut,218658736.4
2026-08-02T19:42:00+00:00,NetworkOut,221550883.8
2026-08-02T19:47:00+00:00,NetworkOut,219739524.0
2026-08-02T19:52:00+00:00,NetworkOut,218242877.8
2026-08-02T19:57:00+00:00,NetworkOut,221128151.6
2026-08-02T20:02:00+00:00,NetworkOut,214768880.8
2026-08-02T20:07:00+00:00,NetworkOut,215801576.4
2026-08-02T20:12:00+00:00,NetworkOut,220555647.0
2026-08-02T20:17:00+00:00,NetworkOut,216062346.0
2026-08-02T20:22:00+00:00,NetworkOut,215871515.2
2026-08-02T20:27:00+00:00,NetworkOut,222196470.2
2026-08-02T20:32:00+00:00,NetworkOut,216071353.0
2026-08-02T20:37:00+00:00,NetworkOut,216409001.4
2026-08-02T20:42:00+00:00,NetworkOut,218195683.0
2026-08-02T20:47:00+00:00,NetworkOut,215851872.6
2026-08-02T20:52:00+00:00,NetworkOut,218587064.4
2026-08-02T20:57:00+00:00,NetworkOut,222195107.4
2026-08-02T21:02:00+00:00,NetworkOut,216301388.4
2026-08-02T21:07:00+00:00,NetworkOut,217072673.0
2026-08-02T21:12:00+00:00,NetworkOut,219882663.0
2026-08-02T21:17:00+00:00,NetworkOut,217572503.4
2026-08-02T21:22:00+00:00,NetworkOut,218371261.2
2026-08-02T21:27:00+00:00,NetworkOut,223932794.0
2026-08-02T21:32:00+00:00,NetworkOut,218133846.6
2026-08-02T21:37:00+00:00,NetworkOut,218587296.2
2026-08-02T21:42:00+00:00,NetworkOut,222008800.4
2026-08-02T21:47:00+00:00,NetworkOut,218479193.4
2026-08-02T21:52:00+00:00,NetworkOut,218465366.2
2026-08-02T21:57:00+00:00,NetworkOut,224504170.4
2026-08-02T22:02:00+00:00,NetworkOut,218295953.6
2026-08-02T22:07:00+00:00,NetworkOut,220147088.6
2026-08-02T22:12:00+00:00,NetworkOut,224934529.6
2026-08-02T22:17:00+00:00,NetworkOut,219216761.6
2026-08-02T22:22:00+00:00,NetworkOut,218384850.4
2026-08-02T22:27:00+00:00,NetworkOut,220720046.2
2026-08-02T22:32:00+00:00,NetworkOut,218390345.2
2026-08-02T22:37:00+00:00,NetworkOut,218039282.6
2026-08-02T22:42:00+00:00,NetworkOut,224067227.2
2026-08-02T22:47:00+00:00,NetworkOut,218690182.0
2026-08-02T22:52:00+00:00,NetworkOut,219267273.8
2026-08-02T22:57:00+00:00,NetworkOut,220679547.4
2026-08-02T23:02:00+00:00,NetworkOut,217654882.2
2026-08-02T23:07:00+00:00,NetworkOut,217517614.8
2026-08-02T23:12:00+00:00,NetworkOut,224129027.2
2026-08-02T23:17:00+00:00,NetworkOut,217340550.4
2026-08-02T23:22:00+00:00,NetworkOut,216423706.6
2026-08-02T23:27:00+00:00,NetworkOut,220361112.6
2026-08-02T23:32:00+00:00,NetworkOut,217839987.6
2026-08-02T23:37:00+00:00,NetworkOut,217057893.4
2026-08-02T23:42:00+00:00,NetworkOut,223329152.0
2026-08-02T23:47:00+00:00,NetworkOut,217808603.2
2026-08-02T23:52:00+00:00,NetworkOut,217358906.6
2026-08-02T23:57:00+00:00,NetworkOut,221778467.0
2026-08-03T00:02:00+00:00,NetworkOut,216086197.4
2026-08-03T00:07:00+00:00,NetworkOut,217675481.4
2026-08-03T00:12:00+00:00,NetworkOut,222638148.8
2026-08-03T00:17:00+00:00,NetworkOut,217262539.2
2026-08-03T00:22:00+00:00,NetworkOut,216785489.0
2026-08-03T00:27:00+00:00,NetworkOut,219076215.4
2026-08-03T00:32:00+00:00,NetworkOut,218488127.2
2026-08-03T00:37:00+00:00,NetworkOut,216518878.2
2026-08-03T00:42:00+00:00,NetworkOut,221535381.4
2026-08-03T00:47:00+00:00,NetworkOut,217612617.2
2026-08-03T00:52:00+00:00,NetworkOut,216658627.8
2026-08-03T00:57:00+00:00,NetworkOut,219826569.2
2026-08-03T01:02:00+00:00,NetworkOut,216256163.2
2026-08-03T01:07:00+00:00,NetworkOut,218465749.2
2026-08-03T01:12:00+00:00,NetworkOut,223881246.0
2026-08-03T01:17:00+00:00,NetworkOut,217126915.8
2026-08-03T01:22:00+00:00,NetworkOut,217220093.6
2026-08-03T01:27:00+00:00,NetworkOut,219882821.4
2026-08-03T01:32:00+00:00,NetworkOut,217885166.4
2026-08-03T01:37:00+00:00,NetworkOut,218638165.2
2026-08-03T01:42:00+00:00,NetworkOut,224352596.2
2026-08-03T01:47:00+00:00,NetworkOut,218544338.8
2026-08-03T01:52:00+00:00,NetworkOut,218369956.2
2026-08-03T01:57:00+00:00,NetworkOut,222038857.0
2026-08-03T02:02:00+00:00,NetworkOut,219299516.2
2026-08-03T02:07:00+00:00,NetworkOut,219062525.4
2026-08-03T02:12:00+00:00,NetworkOut,224501362.6
2026-08-03T02:17:00+00:00,NetworkOut,217820077.0
2026-08-03T02:22:00+00:00,NetworkOut,215732255.2
2026-08-03T02:27:00+00:00,NetworkOut,219845577.2
2026-08-03T02:32:00+00:00,NetworkOut,218061632.8
2026-08-03T02:37:00+00:00,NetworkOut,216996371.8
2026-08-03T02:42:00+00:00,NetworkOut,221954352.4
2026-08-03T02:47:00+00:00,NetworkOut,216931451.8
2026-08-03T02:52:00+00:00,NetworkOut,217269970.6
2026-08-03T02:57:00+00:00,NetworkOut,218162271.0
2026-08-03T03:02:00+00:00,NetworkOut,216522324.6
2026-08-03T03:07:00+00:00,NetworkOut,217594973.8
2026-08-03T03:12:00+00:00,NetworkOut,223756002.4
2026-08-03T03:17:00+00:00,NetworkOut,216661005.6
2026-08-03T03:22:00+00:00,NetworkOut,216396695.2
2026-08-03T03:27:00+00:00,NetworkOut,220592211.8
2026-08-03T03:32:00+00:00,NetworkOut,218898488.6
2026-08-03T03:37:00+00:00,NetworkOut,217780184.0
2026-08-03T03:42:00+00:00,NetworkOut,225504328.0
2026-08-03T03:47:00+00:00,NetworkOut,218003724.8
2026-08-03T03:52:00+00:00,NetworkOut,217708565.8
2026-08-03T03:57:00+00:00,NetworkOut,212746887.6
2026-08-03T04:02:00+00:00,NetworkOut,218170448.4
2026-08-03T04:07:00+00:00,NetworkOut,218070882.6
2026-08-03T04:12:00+00:00,NetworkOut,224674972.0
2026-08-03T04:17:00+00:00,NetworkOut,218483036.8
2026-08-03T04:22:00+00:00,NetworkOut,218035404.6
2026-08-03T04:27:00+00:00,NetworkOut,223824759.0
2026-08-03T04:32:00+00:00,NetworkOut,218328514.0
2026-08-03T04:37:00+00:00,NetworkOut,218230850.2
2026-08-03T04:42:00+00:00,NetworkOut,221078320.8
2026-08-03T04:47:00+00:00,NetworkOut,218892157.8
2026-08-03T04:52:00+00:00,NetworkOut,219276316.2
2026-08-03T04:57:00+00:00,NetworkOut,223186719.0
2026-08-03T05:02:00+00:00,NetworkOut,218336785.8
2026-08-03T05:07:00+00:00,NetworkOut,218378479.0
2026-08-03T05:12:00+00:00,NetworkOut,221307625.6
2026-08-03T05:17:00+00:00,NetworkOut,217734164.0
2026-08-03T05:22:00+00:00,NetworkOut,218572117.2
2026-08-03T05:27:00+00:00,NetworkOut,223340836.2
2026-08-03T05:32:00+00:00,NetworkOut,218372198.0
2026-08-03T05:37:00+00:00,NetworkOut,217905312.4
2026-08-03T05:42:00+00:00,NetworkOut,221125812.6
2026-08-03T05:47:00+00:00,NetworkOut,217203496.4
2026-08-03T05:52:00+00:00,NetworkOut,218921392.0
2026-08-03T05:57:00+00:00,NetworkOut,223730313.6
2026-08-03T06:02:00+00:00,NetworkOut,216212051.6
2026-08-03T06:07:00+00:00,NetworkOut,217040976.2
2026-08-03T06:12:00+00:00,NetworkOut,216425117.0
2026-08-03T06:17:00+00:00,NetworkOut,218383094.2
2026-08-03T06:22:00+00:00,NetworkOut,216436823.6
2026-08-03T06:27:00+00:00,NetworkOut,221424139.4
2026-08-03T06:32:00+00:00,NetworkOut,214346171.8
2026-08-03T06:37:00+00:00,NetworkOut,215958442.0
2026-08-03T06:42:00+00:00,NetworkOut,218212640.6
2026-08-03T06:47:00+00:00,NetworkOut,216372137.6
2026-08-03T06:52:00+00:00,NetworkOut,217601242.4
2026-08-03T06:57:00+00:00,NetworkOut,221725575.2
2026-08-03T07:02:00+00:00,NetworkOut,217397568.6
2026-08-03T07:07:00+00:00,NetworkOut,218473066.2
2026-08-03T07:12:00+00:00,NetworkOut,219575917.2
2026-08-03T07:17:00+00:00,NetworkOut,215933718.6
2026-08-03T07:22:00+00:00,NetworkOut,216911181.6
2026-08-03T07:27:00+00:00,NetworkOut,222174444.6
2026-08-03T07:32:00+00:00,NetworkOut,216171795.2
2026-08-03T07:37:00+00:00,NetworkOut,214524317.8
2026-08-03T07:42:00+00:00,NetworkOut,218441182.8
2026-08-03T07:47:00+00:00,NetworkOut,216889091.2
2026-08-03T07:52:00+00:00,NetworkOut,214126105.6
2026-08-03T07:57:00+00:00,NetworkOut,223483393.4
2026-08-03T08:02:00+00:00,NetworkOut,209780919.6
2026-08-03T08:07:00+00:00,NetworkOut,218745534.8
2026-08-03T08:12:00+00:00,NetworkOut,219163934.0
2026-08-03T08:17:00+00:00,NetworkOut,218066314.6
2026-08-03T08:22:00+00:00,NetworkOut,217889015.8
2026-08-03T08:27:00+00:00,NetworkOut,223612445.6
2026-08-03T08:32:00+00:00,NetworkOut,218396174.6
2026-08-03T08:37:00+00:00,NetworkOut,218624411.6
2026-08-03T08:42:00+00:00,NetworkOut,221054429.6
2026-08-03T08:47:00+00:00,NetworkOut,218567197.0
2026-08-03T08:52:00+00:00,NetworkOut,217718400.6
2026-08-03T08:57:00+00:00,NetworkOut,224100328.4
2026-08-03T09:02:00+00:00,NetworkOut,218354917.6
2026-08-03T09:07:00+00:00,NetworkOut,219135050.0
2026-08-03T09:12:00+00:00,NetworkOut,220428183.2
2026-08-03T09:17:00+00:00,NetworkOut,217947443.6
2026-08-03T09:22:00+00:00,NetworkOut,217037744.0
2026-08-03T09:27:00+00:00,NetworkOut,223460163.0
2026-08-03T09:32:00+00:00,NetworkOut,217094352.2
2026-08-03T09:37:00+00:00,NetworkOut,217680791.2
2026-08-03T09:42:00+00:00,NetworkOut,220539256.8
2026-08-03T09:47:00+00:00,NetworkOut,216240500.2
2026-08-03T09:52:00+00:00,NetworkOut,217979370.0
2026-08-03T09:57:00+00:00,NetworkOut,223783014.2
2026-08-03T10:02:00+00:00,NetworkOut,216582014.4
2026-08-03T10:07:00+00:00,NetworkOut,216394154.0
2026-08-03T10:12:00+00:00,NetworkOut,219731897.8
2026-08-03T10:17:00+00:00,NetworkOut,214266943.6
2026-08-03T10:22:00+00:00,NetworkOut,218746473.0
2026-08-03T10:27:00+00:00,NetworkOut,221439740.0
2026-08-03T10:32:00+00:00,NetworkOut,217098333.0
2026-08-03T10:37:00+00:00,NetworkOut,215585667.6
2026-08-03T10:42:00+00:00,NetworkOut,216590828.8
2026-08-03T10:47:00+00:00,NetworkOut,216553855.8
2026-08-03T10:52:00+00:00,NetworkOut,218081101.4
2026-08-03T10:57:00+00:00,NetworkOut,222720923.8
2026-08-03T11:02:00+00:00,NetworkOut,214600231.0
2026-08-03T11:07:00+00:00,NetworkOut,214512919.2
2026-08-03T11:12:00+00:00,NetworkOut,217502838.0
2026-08-03T11:17:00+00:00,NetworkOut,218991070.4
2026-08-03T11:22:00+00:00,NetworkOut,216617640.6
2026-08-03T11:27:00+00:00,NetworkOut,220134106.0
2026-08-03T11:32:00+00:00,NetworkOut,213915006.0
2026-08-03T11:37:00+00:00,NetworkOut,214400288.2
2026-08-03T11:42:00+00:00,NetworkOut,220943391.6
2026-08-03T11:47:00+00:00,NetworkOut,217281751.0
2026-08-03T11:52:00+00:00,NetworkOut,215585318.6
2026-08-03T11:57:00+00:00,NetworkOut,219128191.2
2026-08-03T12:02:00+00:00,NetworkOut,214412911.2
2026-08-03T12:07:00+00:00,NetworkOut,208090970.0
2026-08-03T12:12:00+00:00,NetworkOut,208087791.4
2026-08-03T12:17:00+00:00,NetworkOut,204935737.4
2026-08-03T12:22:00+00:00,NetworkOut,214781869.4
2026-08-03T12:27:00+00:00,NetworkOut,214869613.0
2026-08-03T12:32:00+00:00,NetworkOut,206304529.6
2026-08-03T12:37:00+00:00,NetworkOut,208545725.6
2026-08-03T12:42:00+00:00,NetworkOut,217205041.2
2026-08-03T12:47:00+00:00,NetworkOut,199492253.4
2026-08-03T12:52:00+00:00,NetworkOut,214214266.2
2026-08-03T12:57:00+00:00,NetworkOut,218894432.2
2026-08-03T13:02:00+00:00,NetworkOut,211966405.8
2026-08-03T13:07:00+00:00,NetworkOut,218277750.4
2026-08-03T13:12:00+00:00,NetworkOut,215196456.8
2026-08-03T13:17:00+00:00,NetworkOut,218024771.4
2026-08-03T13:22:00+00:00,NetworkOut,217502720.4
2026-08-03T13:27:00+00:00,NetworkOut,223788091.8
2026-08-03T13:32:00+00:00,NetworkOut,217707223.0
2026-08-03T13:37:00+00:00,NetworkOut,214714973.2
2026-08-03T13:42:00+00:00,NetworkOut,217930969.4
2026-08-03T13:47:00+00:00,NetworkOut,210175416.0
2026-08-03T13:52:00+00:00,NetworkOut,217508106.2
2026-08-03T13:57:00+00:00,NetworkOut,220579241.8
2026-08-03T14:02:00+00:00,NetworkOut,217246835.0
2026-08-03T14:07:00+00:00,NetworkOut,217637716.8
2026-08-03T14:12:00+00:00,NetworkOut,221195968.4
2026-08-03T14:17:00+00:00,NetworkOut,218971829.0
2026-08-03T14:22:00+00:00,NetworkOut,218060280.8
2026-08-03T14:27:00+00:00,NetworkOut,224761182.0
2026-08-03T14:32:00+00:00,NetworkOut,218854280.4
2026-08-03T14:37:00+00:00,NetworkOut,218657565.2
2026-08-03T14:42:00+00:00,NetworkOut,218661177.4
2026-08-03T14:47:00+00:00,NetworkOut,221110019.2
2026-08-03T14:52:00+00:00,NetworkOut,218439892.6
2026-08-03T14:57:00+00:00,NetworkOut,218407751.4
2026-08-03T15:02:00+00:00,NetworkOut,224728636.6
2026-08-03T15:07:00+00:00,NetworkOut,218908798.2
2026-08-03T15:12:00+00:00,NetworkOut,218707463.4
2026-08-03T15:17:00+00:00,NetworkOut,220649625.0
2026-08-03T15:22:00+00:00,NetworkOut,218708605.6
2026-08-03T15:27:00+00:00,NetworkOut,218710366.6
2026-08-03T15:32:00+00:00,NetworkOut,224394476.6
2026-08-03T15:37:00+00:00,NetworkOut,218267864.2
2026-08-03T15:42:00+00:00,NetworkOut,218226190.8
2026-08-03T15:47:00+00:00,NetworkOut,221083717.2
2026-08-03T15:52:00+00:00,NetworkOut,219420951.0
2026-08-03T15:57:00+00:00,NetworkOut,218210908.8
2026-08-03T16:02:00+00:00,NetworkOut,224764294.4
2026-08-03T16:07:00+00:00,NetworkOut,217664107.4
2026-08-03T16:12:00+00:00,NetworkOut,217745777.8
2026-08-03T16:17:00+00:00,NetworkOut,221335472.6
2026-08-03T16:22:00+00:00,NetworkOut,218022872.8
2026-08-03T16:27:00+00:00,NetworkOut,218447947.4
2026-08-03T16:32:00+00:00,NetworkOut,223868361.8
2026-08-03T16:37:00+00:00,NetworkOut,217777461.2
2026-08-03T16:42:00+00:00,NetworkOut,218111341.2
2026-08-03T16:47:00+00:00,NetworkOut,223851316.2
2026-08-03T16:52:00+00:00,NetworkOut,218041536.6
2026-08-03T16:57:00+00:00,NetworkOut,218249009.2
2026-08-03T17:02:00+00:00,NetworkOut,220960874.2
2026-08-03T17:07:00+00:00,NetworkOut,219093962.4
2026-08-03T17:12:00+00:00,NetworkOut,217484988.2
2026-08-03T17:17:00+00:00,NetworkOut,224464069.2
2026-08-03T17:22:00+00:00,NetworkOut,218139037.4
2026-08-03T17:27:00+00:00,NetworkOut,218271072.8
2026-08-03T17:32:00+00:00,NetworkOut,221095014.4
2026-08-03T17:37:00+00:00,NetworkOut,218819993.2
2026-08-03T17:42:00+00:00,NetworkOut,218948137.2
2026-08-03T17:47:00+00:00,NetworkOut,224603209.6
2026-08-03T17:52:00+00:00,NetworkOut,218176017.0
2026-08-03T17:57:00+00:00,NetworkOut,218276501.2
2026-08-03T18:02:00+00:00,NetworkOut,220958702.2
2026-08-03T18:07:00+00:00,NetworkOut,218718983.4
2026-08-03T18:12:00+00:00,NetworkOut,218439464.2
2026-08-03T18:17:00+00:00,NetworkOut,224317970.8
2026-08-03T18:22:00+00:00,NetworkOut,218140679.4
2026-08-03T18:27:00+00:00,NetworkOut,218095316.4
2026-08-03T18:32:00+00:00,NetworkOut,221459284.4
2026-08-03T18:37:00+00:00,NetworkOut,217853326.6
2026-08-03T18:42:00+00:00,NetworkOut,216296884.0
2026-08-03T18:47:00+00:00,NetworkOut,222113734.4
2026-08-03T18:52:00+00:00,NetworkOut,216311597.6
2026-08-03T18:57:00+00:00,NetworkOut,218348967.4
2026-08-03T19:02:00+00:00,NetworkOut,221683091.6
2026-08-03T19:07:00+00:00,NetworkOut,219747413.8
2026-08-03T19:12:00+00:00,NetworkOut,217976015.8
2026-08-03T19:17:00+00:00,NetworkOut,225115907.0
2026-08-03T19:22:00+00:00,NetworkOut,218215858.0
2026-08-03T19:27:00+00:00,NetworkOut,219022799.6
2026-08-03T19:32:00+00:00,NetworkOut,221116198.2
2026-08-03T19:37:00+00:00,NetworkOut,218560754.4
2026-08-03T19:42:00+00:00,NetworkOut,218838662.0
2026-08-03T19:47:00+00:00,NetworkOut,225743247.6
2026-08-03T19:52:00+00:00,NetworkOut,218278672.2
2026-08-03T19:57:00+00:00,NetworkOut,219082350.8
2026-08-03T20:02:00+00:00,NetworkOut,220647379.6
2026-08-03T20:07:00+00:00,NetworkOut,219252662.6
2026-08-03T20:12:00+00:00,NetworkOut,217698768.2
2026-08-03T20:17:00+00:00,NetworkOut,224370252.2
2026-08-03T20:22:00+00:00,NetworkOut,218714608.4
2026-08-03T20:27:00+00:00,NetworkOut,218418347.8
2026-08-03T20:32:00+00:00,NetworkOut,221049867.0
2026-08-03T20:37:00+00:00,NetworkOut,218597844.4
2026-08-03T20:42:00+00:00,NetworkOut,217828930.0
2026-08-03T20:47:00+00:00,NetworkOut,224932942.8
2026-08-03T20:52:00+00:00,NetworkOut,217870302.4
2026-08-03T20:57:00+00:00,NetworkOut,218846998.4
2026-08-03T21:02:00+00:00,NetworkOut,220958082.4
2026-08-03T21:07:00+00:00,NetworkOut,218422325.4
2026-08-03T21:12:00+00:00,NetworkOut,218116908.8
2026-08-03T21:17:00+00:00,NetworkOut,224619665.4
2026-08-03T21:22:00+00:00,NetworkOut,218187289.0
2026-08-03T21:27:00+00:00,NetworkOut,218172646.6
2026-08-03T21:32:00+00:00,NetworkOut,223414171.2
2026-08-03T21:37:00+00:00,NetworkOut,219058385.2
2026-08-03T21:42:00+00:00,NetworkOut,218019419.6
2026-08-03T21:47:00+00:00,NetworkOut,221046620.8
2026-08-03T21:52:00+00:00,NetworkOut,216880667.6
2026-08-03T21:57:00+00:00,NetworkOut,217071541.4
2026-08-03T22:02:00+00:00,NetworkOut,223368851.8
2026-08-03T22:07:00+00:00,NetworkOut,217725884.6
2026-08-03T22:12:00+00:00,NetworkOut,217998933.2
2026-08-03T22:17:00+00:00,NetworkOut,221226350.2
2026-08-03T22:22:00+00:00,NetworkOut,217370467.4
2026-08-03T22:27:00+00:00,NetworkOut,218796867.2
2026-08-03T22:32:00+00:00,NetworkOut,224965782.8
2026-08-03T22:37:00+00:00,NetworkOut,218680241.0
2026-08-03T22:42:00+00:00,NetworkOut,218554634.6
2026-08-03T22:47:00+00:00,NetworkOut,221582303.8
2026-08-03T22:52:00+00:00,NetworkOut,218854913.4
2026-08-03T22:57:00+00:00,NetworkOut,218857525.8
2026-08-03T23:02:00+00:00,NetworkOut,224134082.4
2026-08-03T23:07:00+00:00,NetworkOut,218553415.0
2026-08-03T23:12:00+00:00,NetworkOut,218599543.2
2026-08-03T23:17:00+00:00,NetworkOut,221442755.4
2026-08-03T23:22:00+00:00,NetworkOut,219053608.4
2026-08-03T23:27:00+00:00,NetworkOut,218438124.4
2026-08-03T23:32:00+00:00,NetworkOut,224455576.0
2026-08-03T23:37:00+00:00,NetworkOut,218868786.4
2026-08-03T23:42:00+00:00,NetworkOut,218479166.4
2026-08-03T23:47:00+00:00,NetworkOut,221692766.0
2026-08-03T23:52:00+00:00,NetworkOut,217386743.8
2026-08-03T23:57:00+00:00,NetworkOut,217387973.6
2026-08-04T00:02:00+00:00,NetworkOut,224291148.0
2026-08-04T00:07:00+00:00,NetworkOut,217747306.8
2026-08-04T00:12:00+00:00,NetworkOut,218006665.6
2026-08-04T00:17:00+00:00,NetworkOut,220506585.4
2026-08-04T00:22:00+00:00,NetworkOut,217734577.0
2026-08-04T00:27:00+00:00,NetworkOut,217853922.8
2026-08-04T00:32:00+00:00,NetworkOut,224321487.6
2026-08-04T00:37:00+00:00,NetworkOut,217870173.6
2026-08-04T00:42:00+00:00,NetworkOut,217888414.4
2026-08-04T00:47:00+00:00,NetworkOut,221067238.8
2026-08-04T00:52:00+00:00,NetworkOut,218973517.0
2026-08-04T00:57:00+00:00,NetworkOut,218770430.4
2026-08-04T01:02:00+00:00,NetworkOut,223902366.2
2026-08-04T01:07:00+00:00,NetworkOut,219303838.2
2026-08-04T01:12:00+00:00,NetworkOut,219323108.2
2026-08-04T01:17:00+00:00,NetworkOut,220851375.6
2026-08-04T01:22:00+00:00,NetworkOut,219085236.4
2026-08-04T01:27:00+00:00,NetworkOut,218983325.6
2026-08-04T01:32:00+00:00,NetworkOut,224618698.6
2026-08-04T01:37:00+00:00,NetworkOut,218359664.2
2026-08-04T01:42:00+00:00,NetworkOut,218513116.2
2026-08-04T01:47:00+00:00,NetworkOut,221654427.6
2026-08-04T01:52:00+00:00,NetworkOut,218186851.4
2026-08-04T01:57:00+00:00,NetworkOut,217573024.2
2026-08-04T02:02:00+00:00,NetworkOut,224207372.0
2026-08-04T02:07:00+00:00,NetworkOut,218609129.4
2026-08-04T02:12:00+00:00,NetworkOut,217949883.2
2026-08-04T02:17:00+00:00,NetworkOut,220846423.8
2026-08-04T02:22:00+00:00,NetworkOut,217408173.0
2026-08-04T02:27:00+00:00,NetworkOut,217703339.6
2026-08-04T02:32:00+00:00,NetworkOut,223962753.0
2026-08-04T02:37:00+00:00,NetworkOut,217862774.8
2026-08-04T02:42:00+00:00,NetworkOut,218626750.8
2026-08-04T02:47:00+00:00,NetworkOut,224904430.6
2026-08-04T02:52:00+00:00,NetworkOut,218306562.8
2026-08-04T02:57:00+00:00,NetworkOut,218992836.0
2026-08-04T03:02:00+00:00,NetworkOut,221984385.6
2026-08-04T03:07:00+00:00,NetworkOut,218607918.6
2026-08-04T03:12:00+00:00,NetworkOut,217414390.6
2026-08-04T03:17:00+00:00,NetworkOut,223511502.2
2026-08-04T03:22:00+00:00,NetworkOut,218160622.4
2026-08-04T03:27:00+00:00,NetworkOut,216990501.0
2026-08-04T03:32:00+00:00,NetworkOut,219645463.8
2026-08-04T03:37:00+00:00,NetworkOut,215829482.2
2026-08-04T03:42:00+00:00,NetworkOut,216558130.2
2026-08-04T03:47:00+00:00,NetworkOut,221806297.4
2026-08-04T03:52:00+00:00,NetworkOut,216213099.0
2026-08-04T03:57:00+00:00,NetworkOut,216949377.4
2026-08-04T04:02:00+00:00,NetworkOut,220939365.8
2026-08-04T04:07:00+00:00,NetworkOut,215297155.6
2026-08-04T04:12:00+00:00,NetworkOut,217068989.0
2026-08-04T04:17:00+00:00,NetworkOut,220836742.6
2026-08-04T04:22:00+00:00,NetworkOut,215292277.8
2026-08-04T04:27:00+00:00,NetworkOut,219677648.0
2026-08-04T04:32:00+00:00,NetworkOut,221443048.4
2026-08-04T04:37:00+00:00,NetworkOut,217914989.4
2026-08-04T04:42:00+00:00,NetworkOut,218440250.0
2026-08-04T04:47:00+00:00,NetworkOut,224886093.2
2026-08-04T04:52:00+00:00,NetworkOut,218754427.2
2026-08-04T04:57:00+00:00,NetworkOut,218416035.2
2026-08-04T05:02:00+00:00,NetworkOut,221730877.0
2026-08-04T05:07:00+00:00,NetworkOut,219356445.0
2026-08-04T05:12:00+00:00,NetworkOut,218557533.0
2026-08-04T05:17:00+00:00,NetworkOut,224517173.6
2026-08-04T05:22:00+00:00,NetworkOut,218584030.4
2026-08-04T05:27:00+00:00,NetworkOut,218094138.8
2026-08-04T05:32:00+00:00,NetworkOut,221910232.8
2026-08-04T05:37:00+00:00,NetworkOut,218700467.2
2026-08-04T05:42:00+00:00,NetworkOut,218595052.0
2026-08-04T05:47:00+00:00,NetworkOut,224366288.0
2026-08-04T05:52:00+00:00,NetworkOut,218307555.4
2026-08-04T05:57:00+00:00,NetworkOut,218703310.6
2026-08-04T06:02:00+00:00,NetworkOut,221445104.2
2026-08-04T06:07:00+00:00,NetworkOut,219673876.6
2026-08-04T06:12:00+00:00,NetworkOut,218798519.2
2026-08-04T06:17:00+00:00,NetworkOut,224865904.2
2026-08-04T06:22:00+00:00,NetworkOut,218641039.0
2026-08-04T06:27:00+00:00,NetworkOut,218423983.8
2026-08-04T06:32:00+00:00,NetworkOut,220499458.4
2026-08-04T06:37:00+00:00,NetworkOut,218071649.6
2026-08-04T06:42:00+00:00,NetworkOut,218668674.8
2026-08-04T06:47:00+00:00,NetworkOut,223993238.2
2026-08-04T06:52:00+00:00,NetworkOut,217423020.0
2026-08-04T06:57:00+00:00,NetworkOut,209770304.6
2026-08-04T07:02:00+00:00,NetworkOut,213696418.8
2026-08-04T07:07:00+00:00,NetworkOut,218484977.0
2026-08-04T07:12:00+00:00,NetworkOut,213308120.0
2026-08-04T07:17:00+00:00,NetworkOut,217548891.4
2026-08-04T07:22:00+00:00,NetworkOut,210588024.8
2026-08-04T07:27:00+00:00,NetworkOut,214414390.0
2026-08-04T07:32:00+00:00,NetworkOut,221054599.2
2026-08-04T07:37:00+00:00,NetworkOut,210858630.0
2026-08-04T07:42:00+00:00,NetworkOut,212376357.4
2026-08-04T07:47:00+00:00,NetworkOut,224356303.6
2026-08-04T07:52:00+00:00,NetworkOut,212924427.4
2026-08-04T07:57:00+00:00,NetworkOut,219243222.2
2026-08-04T08:02:00+00:00,NetworkOut,219619644.4
2026-08-04T08:07:00+00:00,NetworkOut,216323881.8
2026-08-04T08:12:00+00:00,NetworkOut,215389681.0
2026-08-04T08:17:00+00:00,NetworkOut,221234149.4
2026-08-04T08:22:00+00:00,NetworkOut,214177822.0
2026-08-04T08:27:00+00:00,NetworkOut,218050121.0
2026-08-04T08:32:00+00:00,NetworkOut,215655085.4
2026-08-04T08:37:00+00:00,NetworkOut,218074056.2
2026-08-04T08:42:00+00:00,NetworkOut,218366444.8
2026-08-04T08:47:00+00:00,NetworkOut,222727028.0
2026-08-04T08:52:00+00:00,NetworkOut,218655893.4
2026-08-04T08:57:00+00:00,NetworkOut,216210090.6
2026-08-04T09:02:00+00:00,NetworkOut,216777561.2
2026-08-04T09:07:00+00:00,NetworkOut,216639533.0
2026-08-04T09:12:00+00:00,NetworkOut,211852242.8
2026-08-04T09:17:00+00:00,NetworkOut,223869333.2
2026-08-04T09:22:00+00:00,NetworkOut,217593744.8
2026-08-04T09:27:00+00:00,NetworkOut,217091494.6
2026-08-04T09:32:00+00:00,NetworkOut,221390962.0
2026-08-04T09:37:00+00:00,NetworkOut,215175843.8
2026-08-04T09:42:00+00:00,NetworkOut,216215596.6
2026-08-04T09:47:00+00:00,NetworkOut,223205869.6
2026-08-04T09:52:00+00:00,NetworkOut,216609954.8
2026-08-04T09:57:00+00:00,NetworkOut,217358195.8
2026-08-04T10:02:00+00:00,NetworkOut,219100051.6
2026-08-04T10:07:00+00:00,NetworkOut,216138386.0
2026-08-04T10:12:00+00:00,NetworkOut,216352416.0
2026-08-04T10:17:00+00:00,NetworkOut,224213622.4
2026-08-04T10:22:00+00:00,NetworkOut,214690537.0
2026-08-04T10:27:00+00:00,NetworkOut,212937299.2
2026-08-04T10:32:00+00:00,NetworkOut,218397983.4
2026-08-04T10:37:00+00:00,NetworkOut,214963514.8
2026-08-04T10:42:00+00:00,NetworkOut,218808587.0
2026-08-04T10:47:00+00:00,NetworkOut,220734057.4
2026-08-04T10:52:00+00:00,NetworkOut,216395975.8
2026-08-04T10:57:00+00:00,NetworkOut,217303655.2
2026-08-04T11:02:00+00:00,NetworkOut,220902000.6
2026-08-04T11:07:00+00:00,NetworkOut,217444688.8
2026-08-04T11:12:00+00:00,NetworkOut,213869433.8
2026-08-04T11:17:00+00:00,NetworkOut,222488428.0
2026-08-04T11:22:00+00:00,NetworkOut,215874313.6
2026-08-04T11:27:00+00:00,NetworkOut,218711885.0
2026-08-04T11:32:00+00:00,NetworkOut,217788960.4
2026-08-04T11:37:00+00:00,NetworkOut,214186740.0
2026-08-04T11:42:00+00:00,NetworkOut,216223687.4
2026-08-04T11:47:00+00:00,NetworkOut,221581890.4
2026-08-04T11:52:00+00:00,NetworkOut,217914396.0
2026-08-04T11:57:00+00:00,NetworkOut,214115671.8
2026-08-04T12:02:00+00:00,NetworkOut,218732788.6
2026-08-04T12:07:00+00:00,NetworkOut,217095030.4
2026-08-04T12:12:00+00:00,NetworkOut,215572279.6
2026-08-04T12:17:00+00:00,NetworkOut,224160946.2
2026-08-04T12:22:00+00:00,NetworkOut,215975017.4
2026-08-04T12:27:00+00:00,NetworkOut,215278458.8
2026-08-04T12:32:00+00:00,NetworkOut,216992358.0
2026-08-04T12:37:00+00:00,NetworkOut,219049260.4
2026-08-04T12:42:00+00:00,NetworkOut,214261602.6
2026-08-04T12:47:00+00:00,NetworkOut,220654352.0
2026-08-04T12:52:00+00:00,NetworkOut,216087647.2
2026-08-04T12:57:00+00:00,NetworkOut,217369333.6
2026-08-04T13:02:00+00:00,NetworkOut,219126447.2
2026-08-04T13:07:00+00:00,NetworkOut,214137166.0
2026-08-04T13:12:00+00:00,NetworkOut,212462202.8
2026-08-04T13:17:00+00:00,NetworkOut,223550402.2
2026-08-04T13:22:00+00:00,NetworkOut,212365790.8
2026-08-04T13:27:00+00:00,NetworkOut,209787134.0
2026-08-04T13:32:00+00:00,NetworkOut,214020472.4
2026-08-04T13:37:00+00:00,NetworkOut,217662941.6
2026-08-04T13:42:00+00:00,NetworkOut,213243369.6
2026-08-04T13:47:00+00:00,NetworkOut,214874847.2
2026-08-04T13:52:00+00:00,NetworkOut,214039207.6
2026-08-04T13:57:00+00:00,NetworkOut,216492452.2
2026-08-04T14:02:00+00:00,NetworkOut,206132386.8
2026-08-04T14:07:00+00:00,NetworkOut,201911875.0
2026-08-04T14:12:00+00:00,NetworkOut,195659644.0
2026-08-04T14:17:00+00:00,NetworkOut,224310265.4
2026-08-04T14:22:00+00:00,NetworkOut,198777937.2
2026-08-04T14:27:00+00:00,NetworkOut,203942932.4
2026-08-04T14:32:00+00:00,NetworkOut,218394403.8
2026-08-04T14:37:00+00:00,NetworkOut,217388652.0
2026-08-04T14:42:00+00:00,NetworkOut,218648561.8
2026-08-04T14:47:00+00:00,NetworkOut,224165927.8
2026-08-04T14:52:00+00:00,NetworkOut,218753567.4
2026-08-04T14:57:00+00:00,NetworkOut,218981306.4
2026-08-04T15:02:00+00:00,NetworkOut,220960712.6
2026-08-04T15:07:00+00:00,NetworkOut,218823039.0
2026-08-04T15:12:00+00:00,NetworkOut,218890441.2
2026-08-04T15:17:00+00:00,NetworkOut,224722194.6
2026-08-04T15:22:00+00:00,NetworkOut,218217155.6
2026-08-04T15:27:00+00:00,NetworkOut,218615327.0
2026-08-04T15:32:00+00:00,NetworkOut,221764275.2
2026-08-04T15:37:00+00:00,NetworkOut,218887833.4
2026-08-04T15:42:00+00:00,NetworkOut,218472826.2
2026-08-04T15:47:00+00:00,NetworkOut,224041709.2
2026-08-04T15:52:00+00:00,NetworkOut,218921828.8
2026-08-04T15:57:00+00:00,NetworkOut,218834288.2
2026-08-04T16:02:00+00:00,NetworkOut,220886314.6
2026-08-04T16:07:00+00:00,NetworkOut,218803637.4
2026-08-04T16:12:00+00:00,NetworkOut,218494006.8
2026-08-04T16:17:00+00:00,NetworkOut,224396760.4
2026-08-04T16:22:00+00:00,NetworkOut,218334335.4
2026-08-04T16:27:00+00:00,NetworkOut,218660946.0
2026-08-04T16:32:00+00:00,NetworkOut,220939325.2
2026-08-04T16:37:00+00:00,NetworkOut,218492694.2
2026-08-04T16:42:00+00:00,NetworkOut,217479269.0
2026-08-04T16:47:00+00:00,NetworkOut,224806618.2
2026-08-04T16:52:00+00:00,NetworkOut,218573829.2
2026-08-04T16:57:00+00:00,NetworkOut,218936181.6
2026-08-04T17:02:00+00:00,NetworkOut,224538376.0
2026-08-04T17:07:00+00:00,NetworkOut,218922434.4
2026-08-04T17:12:00+00:00,NetworkOut,218771556.6
2026-08-04T17:17:00+00:00,NetworkOut,220281791.6
2026-08-04T17:22:00+00:00,NetworkOut,218710017.8
2026-08-04T17:27:00+00:00,NetworkOut,218685775.8
2026-08-04T17:32:00+00:00,NetworkOut,224531655.4
2026-08-04T17:37:00+00:00,NetworkOut,217785159.8
2026-08-04T17:42:00+00:00,NetworkOut,219279554.2
2026-08-04T17:47:00+00:00,NetworkOut,222130337.8
2026-08-04T17:52:00+00:00,NetworkOut,219042727.4
2026-08-04T17:57:00+00:00,NetworkOut,218526474.4
2026-08-04T18:02:00+00:00,NetworkOut,224592295.2
2026-08-04T18:07:00+00:00,NetworkOut,218999679.0
2026-08-04T18:12:00+00:00,NetworkOut,218309485.2
2026-08-04T18:17:00+00:00,NetworkOut,220930655.0
2026-08-04T18:22:00+00:00,NetworkOut,218692231.6
2026-08-04T18:27:00+00:00,NetworkOut,218754812.0
2026-08-04T18:32:00+00:00,NetworkOut,223484435.0
2026-08-04T18:37:00+00:00,NetworkOut,217731417.0
2026-08-04T18:42:00+00:00,NetworkOut,218305244.6
2026-08-04T18:47:00+00:00,NetworkOut,221567808.2
2026-08-04T18:52:00+00:00,NetworkOut,218284489.0
2026-08-04T18:57:00+00:00,NetworkOut,218095532.0
2026-08-04T19:02:00+00:00,NetworkOut,224524833.6
2026-08-04T19:07:00+00:00,NetworkOut,218902980.8
2026-08-04T19:12:00+00:00,NetworkOut,219043012.4
2026-08-04T19:17:00+00:00,NetworkOut,221048375.8
2026-08-04T19:22:00+00:00,NetworkOut,218855670.8
2026-08-04T19:27:00+00:00,NetworkOut,218056288.0
2026-08-04T19:32:00+00:00,NetworkOut,224184978.2
2026-08-04T19:37:00+00:00,NetworkOut,217925313.6
2026-08-04T19:42:00+00:00,NetworkOut,219000364.4
2026-08-04T19:47:00+00:00,NetworkOut,221715862.6
2026-08-04T19:52:00+00:00,NetworkOut,217979057.6
2026-08-04T19:57:00+00:00,NetworkOut,217988630.4
2026-08-04T20:02:00+00:00,NetworkOut,224584241.6
2026-08-04T20:07:00+00:00,NetworkOut,218055774.8
2026-08-04T20:12:00+00:00,NetworkOut,218947966.0
2026-08-04T20:17:00+00:00,NetworkOut,221612407.4
2026-08-04T20:22:00+00:00,NetworkOut,218937539.4
2026-08-04T20:27:00+00:00,NetworkOut,218334751.4
2026-08-04T20:32:00+00:00,NetworkOut,224278750.6
2026-08-04T20:37:00+00:00,NetworkOut,218317279.0
2026-08-04T20:42:00+00:00,NetworkOut,219514105.0
2026-08-04T20:47:00+00:00,NetworkOut,221975603.0
2026-08-04T20:52:00+00:00,NetworkOut,217736132.2
2026-08-04T20:57:00+00:00,NetworkOut,217875050.8
2026-08-04T21:02:00+00:00,NetworkOut,224705663.4
2026-08-04T21:07:00+00:00,NetworkOut,217702841.6
2026-08-04T21:12:00+00:00,NetworkOut,218426037.2
2026-08-04T21:17:00+00:00,NetworkOut,221018091.8
2026-08-04T21:22:00+00:00,NetworkOut,218400555.8
2026-08-04T21:27:00+00:00,NetworkOut,218269404.8
2026-08-04T21:32:00+00:00,NetworkOut,223866408.6
2026-08-04T21:37:00+00:00,NetworkOut,218995705.8
2026-08-04T21:42:00+00:00,NetworkOut,218063574.0
2026-08-04T21:47:00+00:00,NetworkOut,225000614.4
2026-08-04T21:52:00+00:00,NetworkOut,217460698.4
2026-08-04T21:57:00+00:00,NetworkOut,218829500.4
2026-08-04T22:02:00+00:00,NetworkOut,216696089.6
2026-08-04T22:07:00+00:00,NetworkOut,220161630.8
2026-08-04T22:12:00+00:00,NetworkOut,217689937.8
2026-08-04T22:17:00+00:00,NetworkOut,217017437.0
2026-08-04T22:22:00+00:00,NetworkOut,224328425.6
2026-08-04T22:27:00+00:00,NetworkOut,218541388.0
2026-08-04T22:32:00+00:00,NetworkOut,218340073.8
2026-08-04T22:37:00+00:00,NetworkOut,220747235.6
2026-08-04T22:42:00+00:00,NetworkOut,218925540.2
2026-08-04T22:47:00+00:00,NetworkOut,218158936.6
2026-08-04T22:52:00+00:00,NetworkOut,223851971.0
2026-08-04T22:57:00+00:00,NetworkOut,218156355.4
2026-08-04T23:02:00+00:00,NetworkOut,218805567.0
2026-08-04T23:07:00+00:00,NetworkOut,220794829.2
2026-08-04T23:12:00+00:00,NetworkOut,219363791.2
2026-08-04T23:17:00+00:00,NetworkOut,218575162.4
2026-08-04T23:22:00+00:00,NetworkOut,224598989.2
2026-08-04T23:27:00+00:00,NetworkOut,218946161.8
2026-08-04T23:32:00+00:00,NetworkOut,218229086.4
2026-08-04T23:37:00+00:00,NetworkOut,221282577.6
2026-08-04T23:42:00+00:00,NetworkOut,217541817.4
2026-08-04T23:47:00+00:00,NetworkOut,216909739.8
2026-08-04T23:52:00+00:00,NetworkOut,224284987.4
2026-08-04T23:57:00+00:00,NetworkOut,217757484.2
2026-08-05T00:02:00+00:00,NetworkOut,217904685.4
2026-08-05T00:07:00+00:00,NetworkOut,218639907.0
2026-08-05T00:12:00+00:00,NetworkOut,218650643.4
2026-08-05T00:17:00+00:00,NetworkOut,218270345.4
2026-08-05T00:22:00+00:00,NetworkOut,225308015.2
2026-08-05T00:27:00+00:00,NetworkOut,219061365.8
2026-08-05T00:32:00+00:00,NetworkOut,219453232.2
2026-08-05T00:37:00+00:00,NetworkOut,220946120.2
2026-08-05T00:42:00+00:00,NetworkOut,218444259.8
2026-08-05T00:47:00+00:00,NetworkOut,218692788.4
2026-08-05T00:52:00+00:00,NetworkOut,224961045.0
2026-08-05T00:57:00+00:00,NetworkOut,219234509.4
2026-08-05T01:02:00+00:00,NetworkOut,217791909.8
2026-08-05T01:07:00+00:00,NetworkOut,222063665.2
2026-08-05T01:12:00+00:00,NetworkOut,218186358.4
2026-08-05T01:17:00+00:00,NetworkOut,218108215.2
2026-08-05T01:22:00+00:00,NetworkOut,224826578.2
2026-08-05T01:27:00+00:00,NetworkOut,219172894.8
2026-08-05T01:32:00+00:00,NetworkOut,217734683.2
2026-08-05T01:37:00+00:00,NetworkOut,221070374.2
2026-08-05T01:42:00+00:00,NetworkOut,218991694.8
2026-08-05T01:47:00+00:00,NetworkOut,218148693.0
2026-08-05T01:52:00+00:00,NetworkOut,223709733.4
2026-08-05T01:57:00+00:00,NetworkOut,218529749.8
2026-08-05T02:02:00+00:00,NetworkOut,215794965.8
2026-08-05T02:07:00+00:00,NetworkOut,219235644.8
2026-08-05T02:12:00+00:00,NetworkOut,217529068.2
2026-08-05T02:17:00+00:00,NetworkOut,216928057.6
2026-08-05T02:22:00+00:00,NetworkOut,224657593.4
2026-08-05T02:27:00+00:00,NetworkOut,218967922.2
2026-08-05T02:32:00+00:00,NetworkOut,218825554.2
2026-08-05T02:37:00+00:00,NetworkOut,221739467.0
2026-08-05T02:42:00+00:00,NetworkOut,217604713.0
2026-08-05T02:47:00+00:00,NetworkOut,218028231.4
2026-08-05T02:52:00+00:00,NetworkOut,222829676.0
2026-08-05T02:57:00+00:00,NetworkOut,219002368.8
2026-08-05T03:02:00+00:00,NetworkOut,218202000.2
2026-08-05T03:07:00+00:00,NetworkOut,224218107.8
2026-08-05T03:12:00+00:00,NetworkOut,218416752.0
2026-08-05T03:17:00+00:00,NetworkOut,217540191.0
2026-08-05T03:22:00+00:00,NetworkOut,220357698.2
2026-08-05T03:27:00+00:00,NetworkOut,215987412.2
2026-08-05T03:32:00+00:00,NetworkOut,215837596.8
2026-08-05T03:37:00+00:00,NetworkOut,224003628.6
2026-08-05T03:42:00+00:00,NetworkOut,215173544.2
2026-08-05T03:47:00+00:00,NetworkOut,216035302.6
2026-08-05T03:52:00+00:00,NetworkOut,218410609.2
2026-08-05T03:57:00+00:00,NetworkOut,217610187.4
2026-08-05T04:02:00+00:00,NetworkOut,218364080.0
2026-08-05T04:07:00+00:00,NetworkOut,222162733.6
2026-08-05T04:12:00+00:00,NetworkOut,217191925.4
2026-08-05T04:17:00+00:00,NetworkOut,217720119.8
2026-08-05T04:22:00+00:00,NetworkOut,220190757.4
2026-08-05T04:27:00+00:00,NetworkOut,218425945.0
2026-08-05T04:32:00+00:00,NetworkOut,216450881.2
2026-08-05T04:37:00+00:00,NetworkOut,222148883.6
2026-08-05T04:42:00+00:00,NetworkOut,216765895.4
2026-08-05T04:47:00+00:00,NetworkOut,215956609.8
2026-08-05T04:52:00+00:00,NetworkOut,220206810.8
2026-08-05T04:57:00+00:00,NetworkOut,217169364.8
2026-08-05T05:02:00+00:00,NetworkOut,218827456.2
2026-08-05T05:07:00+00:00,NetworkOut,223128504.6
2026-08-05T05:12:00+00:00,NetworkOut,215927829.6
2026-08-05T05:17:00+00:00,NetworkOut,216180521.6
2026-08-05T05:22:00+00:00,NetworkOut,220082908.0
2026-08-05T05:27:00+00:00,NetworkOut,217453915.8
2026-08-05T05:32:00+00:00,NetworkOut,217149843.6
2026-08-05T05:37:00+00:00,NetworkOut,223675283.0
2026-08-05T05:42:00+00:00,NetworkOut,216197770.0
2026-08-05T05:47:00+00:00,NetworkOut,215646016.4
2026-08-05T05:52:00+00:00,NetworkOut,218531093.2
2026-08-05T05:57:00+00:00,NetworkOut,216647300.6
2026-08-05T06:02:00+00:00,NetworkOut,214975217.2
2026-08-05T06:07:00+00:00,NetworkOut,221726834.4
2026-08-05T06:12:00+00:00,NetworkOut,217424547.8
2026-08-05T06:17:00+00:00,NetworkOut,217769754.0
2026-08-05T06:22:00+00:00,NetworkOut,220448277.2
2026-08-05T06:27:00+00:00,NetworkOut,216500392.8
2026-08-05T06:32:00+00:00,NetworkOut,218232103.8
2026-08-05T06:37:00+00:00,NetworkOut,224586150.6
2026-08-05T06:42:00+00:00,NetworkOut,218409896.6
2026-08-05T06:47:00+00:00,NetworkOut,217844768.2
2026-08-05T06:52:00+00:00,NetworkOut,220433082.6
2026-08-05T06:57:00+00:00,NetworkOut,218208583.4
2026-08-05T07:02:00+00:00,NetworkOut,215535016.6
2026-08-05T07:07:00+00:00,NetworkOut,224606904.8
2026-08-05T07:12:00+00:00,NetworkOut,218930389.4
2026-08-05T07:17:00+00:00,NetworkOut,218203088.4
2026-08-05T07:22:00+00:00,NetworkOut,218548152.4
2026-08-05T07:27:00+00:00,NetworkOut,214265330.8
2026-08-05T07:32:00+00:00,NetworkOut,217618356.2
2026-08-05T07:37:00+00:00,NetworkOut,224556607.2
2026-08-05T07:42:00+00:00,NetworkOut,216839737.8
2026-08-05T07:47:00+00:00,NetworkOut,217298044.8
2026-08-05T07:52:00+00:00,NetworkOut,220454158.0
2026-08-05T07:57:00+00:00,NetworkOut,217803395.0
2026-08-05T08:02:00+00:00,NetworkOut,218646546.6
2026-08-05T08:07:00+00:00,NetworkOut,224151733.6
2026-08-05T08:12:00+00:00,NetworkOut,219675929.4
2026-08-05T08:17:00+00:00,NetworkOut,218829542.6
2026-08-05T08:22:00+00:00,NetworkOut,221345842.0
2026-08-05T08:27:00+00:00,NetworkOut,218431091.8
2026-08-05T08:32:00+00:00,NetworkOut,217758705.2
2026-08-05T08:37:00+00:00,NetworkOut,223657352.6
2026-08-05T08:42:00+00:00,NetworkOut,217012156.4
2026-08-05T08:47:00+00:00,NetworkOut,217935569.2
2026-08-05T08:52:00+00:00,NetworkOut,220767685.4
2026-08-05T08:57:00+00:00,NetworkOut,217739748.4
2026-08-05T09:02:00+00:00,NetworkOut,216619978.4
2026-08-05T09:07:00+00:00,NetworkOut,221809715.8
2026-08-05T09:12:00+00:00,NetworkOut,216966466.4
2026-08-05T09:17:00+00:00,NetworkOut,217681099.0
2026-08-05T09:22:00+00:00,NetworkOut,222200864.2
2026-08-05T09:27:00+00:00,NetworkOut,216506099.4
2026-08-05T09:32:00+00:00,NetworkOut,214448699.6
2026-08-05T09:37:00+00:00,NetworkOut,221568264.6
2026-08-05T09:42:00+00:00,NetworkOut,216737618.6
2026-08-05T09:47:00+00:00,NetworkOut,215419413.8
2026-08-05T09:52:00+00:00,NetworkOut,221583026.0
2026-08-05T09:57:00+00:00,NetworkOut,213920435.8
2026-08-05T10:02:00+00:00,NetworkOut,219069178.8
2026-08-05T10:07:00+00:00,NetworkOut,224008581.8
2026-08-05T10:12:00+00:00,NetworkOut,215776575.0
2026-08-05T10:17:00+00:00,NetworkOut,219542751.2
2026-08-05T10:22:00+00:00,NetworkOut,221080552.8
2026-08-05T10:27:00+00:00,NetworkOut,218848021.4
2026-08-05T10:32:00+00:00,NetworkOut,217409169.2
2026-08-05T10:37:00+00:00,NetworkOut,224458986.8
2026-08-05T10:42:00+00:00,NetworkOut,218742470.0
2026-08-05T10:47:00+00:00,NetworkOut,218621308.2
2026-08-05T10:52:00+00:00,NetworkOut,222142680.8
2026-08-05T10:57:00+00:00,NetworkOut,216788687.4
2026-08-05T11:02:00+00:00,NetworkOut,217120664.0
2026-08-05T11:07:00+00:00,NetworkOut,220605399.6
2026-08-05T11:12:00+00:00,NetworkOut,213675385.4
2026-08-05T11:17:00+00:00,NetworkOut,213839718.6
2026-08-05T11:22:00+00:00,NetworkOut,222020430.2
2026-08-05T11:27:00+00:00,NetworkOut,215190609.6
2026-08-05T11:32:00+00:00,NetworkOut,213285874.6
2026-08-05T11:37:00+00:00,NetworkOut,221250214.6
2026-08-05T11:42:00+00:00,NetworkOut,213332851.6
2026-08-05T11:47:00+00:00,NetworkOut,214594203.0
2026-08-05T11:52:00+00:00,NetworkOut,221681888.4
2026-08-05T11:57:00+00:00,NetworkOut,219149256.0
2026-08-05T12:02:00+00:00,NetworkOut,214382918.4
2026-08-05T12:07:00+00:00,NetworkOut,218019673.8
2026-08-05T12:12:00+00:00,NetworkOut,215998100.8
2026-08-05T12:17:00+00:00,NetworkOut,219820855.0
2026-08-05T12:22:00+00:00,NetworkOut,220083579.2
2026-08-05T12:27:00+00:00,NetworkOut,213920231.4
2026-08-05T12:32:00+00:00,NetworkOut,215550447.6
2026-08-05T12:37:00+00:00,NetworkOut,221438940.2
2026-08-05T12:42:00+00:00,NetworkOut,213341203.0
2026-08-05T12:47:00+00:00,NetworkOut,214877334.0
2026-08-05T12:52:00+00:00,NetworkOut,221566641.6
2026-08-05T12:57:00+00:00,NetworkOut,218747789.2
2026-08-05T13:02:00+00:00,NetworkOut,211016840.6
2026-08-05T13:07:00+00:00,NetworkOut,218305152.4
2026-08-05T13:12:00+00:00,NetworkOut,215694410.6
2026-08-05T13:17:00+00:00,NetworkOut,217459405.8
2026-08-05T13:22:00+00:00,NetworkOut,218943553.2
2026-08-05T13:27:00+00:00,NetworkOut,214878282.6
2026-08-05T13:32:00+00:00,NetworkOut,213282509.6
2026-08-05T13:37:00+00:00,NetworkOut,180083293.66666666
2026-08-05T13:42:00+00:00,NetworkOut,219069797.8
2026-08-05T13:47:00+00:00,NetworkOut,213229515.2
2026-08-05T13:52:00+00:00,NetworkOut,220924834.6
2026-08-05T13:57:00+00:00,NetworkOut,212981421.6
2026-08-05T14:02:00+00:00,NetworkOut,209072412.0
2026-08-05T14:07:00+00:00,NetworkOut,211885092.8
2026-08-05T14:12:00+00:00,NetworkOut,208843410.6
2026-08-05T14:17:00+00:00,NetworkOut,214730249.4
2026-08-05T14:22:00+00:00,NetworkOut,219867221.0
2026-08-05T14:27:00+00:00,NetworkOut,215810919.8
2026-08-05T14:32:00+00:00,NetworkOut,218034245.8
2026-08-05T14:37:00+00:00,NetworkOut,220437506.6
2026-08-05T14:42:00+00:00,NetworkOut,218379205.8
2026-08-05T14:47:00+00:00,NetworkOut,217666249.6
2026-08-05T14:52:00+00:00,NetworkOut,223397914.0
2026-08-05T14:57:00+00:00,NetworkOut,217434210.6
2026-08-05T15:02:00+00:00,NetworkOut,212933704.8
2026-08-05T15:07:00+00:00,NetworkOut,215464415.0
2026-08-05T15:12:00+00:00,NetworkOut,217137231.2
2026-08-05T15:17:00+00:00,NetworkOut,218132291.8
2026-08-05T15:22:00+00:00,NetworkOut,224903312.8
2026-08-05T15:27:00+00:00,NetworkOut,218843579.6
2026-08-05T15:32:00+00:00,NetworkOut,218183138.4
2026-08-05T15:37:00+00:00,NetworkOut,221857735.6
2026-08-05T15:42:00+00:00,NetworkOut,218746303.4
2026-08-05T15:47:00+00:00,NetworkOut,218735727.8
2026-08-05T15:52:00+00:00,NetworkOut,223863662.4
2026-08-05T15:57:00+00:00,NetworkOut,219050158.8
2026-08-05T16:02:00+00:00,NetworkOut,218840183.8
2026-08-05T16:07:00+00:00,NetworkOut,221448463.8
2026-08-05T16:12:00+00:00,NetworkOut,218775035.2
2026-08-05T16:17:00+00:00,NetworkOut,219547327.2
2026-08-05T16:22:00+00:00,NetworkOut,224585365.6
2026-08-05T16:27:00+00:00,NetworkOut,218770532.2
2026-08-05T16:32:00+00:00,NetworkOut,217837165.0
2026-08-05T16:37:00+00:00,NetworkOut,221704071.4
2026-08-05T16:42:00+00:00,NetworkOut,217770703.0
2026-08-05T16:47:00+00:00,NetworkOut,218461710.2
2026-08-05T16:52:00+00:00,NetworkOut,224086581.4
2026-08-05T16:57:00+00:00,NetworkOut,218977516.8
2026-08-05T17:02:00+00:00,NetworkOut,217103448.2
2026-08-05T17:07:00+00:00,NetworkOut,222020862.4
2026-08-05T17:12:00+00:00,NetworkOut,218933235.0
2026-08-05T17:17:00+00:00,NetworkOut,200871513.8
2026-08-05T17:22:00+00:00,NetworkOut,208152506.8
2026-08-05T17:27:00+00:00,NetworkOut,218725405.6
2026-08-05T17:32:00+00:00,NetworkOut,217708156.0
2026-08-05T17:37:00+00:00,NetworkOut,221383375.8
2026-08-05T17:42:00+00:00,NetworkOut,218780331.8
2026-08-05T17:47:00+00:00,NetworkOut,218809149.4
2026-08-05T17:52:00+00:00,NetworkOut,224942432.0
2026-08-05T17:57:00+00:00,NetworkOut,218891650.2
2026-08-05T18:02:00+00:00,NetworkOut,218519626.0
2026-08-05T18:07:00+00:00,NetworkOut,222239819.8
2026-08-05T18:12:00+00:00,NetworkOut,218177447.0
2026-08-05T18:17:00+00:00,NetworkOut,218090257.6
2026-08-05T18:22:00+00:00,NetworkOut,224566847.8
2026-08-05T18:27:00+00:00,NetworkOut,218931249.0
2026-08-05T18:32:00+00:00,NetworkOut,218214426.2
2026-08-05T18:37:00+00:00,NetworkOut,221252003.0
2026-08-05T18:42:00+00:00,NetworkOut,218234675.8
2026-08-05T18:47:00+00:00,NetworkOut,218390855.2
2026-08-05T18:52:00+00:00,NetworkOut,224190801.4
2026-08-05T18:57:00+00:00,NetworkOut,218746155.6
2026-08-05T19:02:00+00:00,NetworkOut,218693439.4
2026-08-05T19:07:00+00:00,NetworkOut,221739740.6
2026-08-05T19:12:00+00:00,NetworkOut,218966979.8
2026-08-05T19:17:00+00:00,NetworkOut,219035626.8
2026-08-05T19:22:00+00:00,NetworkOut,224702295.4
2026-08-05T19:27:00+00:00,NetworkOut,218528593.8
2026-08-05T19:32:00+00:00,NetworkOut,217758324.0
2026-08-05T19:37:00+00:00,NetworkOut,221194934.0
2026-08-05T19:42:00+00:00,NetworkOut,217761265.4
2026-08-05T19:47:00+00:00,NetworkOut,202234526.6
2026-08-05T19:52:00+00:00,NetworkOut,208204003.4
2026-08-05T19:57:00+00:00,NetworkOut,203202093.2
2026-08-05T20:02:00+00:00,NetworkOut,204275836.2
2026-08-05T20:07:00+00:00,NetworkOut,220528846.2
2026-08-05T20:12:00+00:00,NetworkOut,218763622.0
2026-08-05T20:17:00+00:00,NetworkOut,218505576.2
2026-08-05T20:22:00+00:00,NetworkOut,223907185.0
2026-08-05T20:27:00+00:00,NetworkOut,219198380.8
2026-08-05T20:32:00+00:00,NetworkOut,219020221.6
2026-08-05T20:37:00+00:00,NetworkOut,221271749.6
2026-08-05T20:42:00+00:00,NetworkOut,218582104.0
2026-08-05T20:47:00+00:00,NetworkOut,218195400.8
2026-08-05T20:52:00+00:00,NetworkOut,225009229.0
2026-08-05T20:57:00+00:00,NetworkOut,218672229.4
2026-08-05T21:02:00+00:00,NetworkOut,218879896.4
2026-08-05T21:07:00+00:00,NetworkOut,221755653.6
2026-08-05T21:12:00+00:00,NetworkOut,218835471.8
2026-08-05T21:17:00+00:00,NetworkOut,219297785.4
2026-08-05T21:22:00+00:00,NetworkOut,223650131.6
2026-08-05T21:27:00+00:00,NetworkOut,217555241.6
2026-08-05T21:32:00+00:00,NetworkOut,218801716.6
2026-08-05T21:37:00+00:00,NetworkOut,224323948.8
2026-08-05T21:42:00+00:00,NetworkOut,218445253.8
2026-08-05T21:47:00+00:00,NetworkOut,218780218.2
2026-08-05T21:52:00+00:00,NetworkOut,221879415.0
2026-08-05T21:57:00+00:00,NetworkOut,203135993.0
2026-08-05T22:02:00+00:00,NetworkOut,204246927.2
2026-08-05T22:07:00+00:00,NetworkOut,208943806.4
2026-08-05T22:12:00+00:00,NetworkOut,218319894.8
2026-08-05T22:17:00+00:00,NetworkOut,202810875.0
2026-08-05T22:22:00+00:00,NetworkOut,209989416.0
2026-08-05T22:27:00+00:00,NetworkOut,205224093.4
2026-08-05T22:32:00+00:00,NetworkOut,203971362.4
2026-08-05T22:37:00+00:00,NetworkOut,220525030.6
2026-08-05T22:42:00+00:00,NetworkOut,204874147.8
2026-08-05T22:47:00+00:00,NetworkOut,204668604.0
2026-08-05T22:52:00+00:00,NetworkOut,210091401.0
2026-08-05T22:57:00+00:00,NetworkOut,204062982.2
2026-08-05T23:02:00+00:00,NetworkOut,205912154.2
2026-08-05T23:07:00+00:00,NetworkOut,213879472.4
2026-08-05T23:12:00+00:00,NetworkOut,195603208.6
2026-08-05T23:17:00+00:00,NetworkOut,197052380.4
2026-08-05T23:22:00+00:00,NetworkOut,207570481.4
2026-08-05T23:27:00+00:00,NetworkOut,214081684.2
2026-08-05T23:32:00+00:00,NetworkOut,218715782.2
2026-08-05T23:37:00+00:00,NetworkOut,222174824.6
2026-08-05T23:42:00+00:00,NetworkOut,218957840.2
2026-08-05T23:47:00+00:00,NetworkOut,217517594.0
2026-08-05T23:52:00+00:00,NetworkOut,224234320.8
2026-08-05T23:57:00+00:00,NetworkOut,218669539.6
2026-08-06T00:02:00+00:00,NetworkOut,217965432.8
2026-08-06T00:07:00+00:00,NetworkOut,221914640.0
2026-08-06T00:12:00+00:00,NetworkOut,218918451.8
2026-08-06T00:17:00+00:00,NetworkOut,218199565.2
2026-08-06T00:22:00+00:00,NetworkOut,223966017.0
2026-08-06T00:27:00+00:00,NetworkOut,219012704.8
2026-08-06T00:32:00+00:00,NetworkOut,218773795.0
2026-08-06T00:37:00+00:00,NetworkOut,221353650.2
2026-08-06T00:42:00+00:00,NetworkOut,218629411.8
2026-08-06T00:47:00+00:00,NetworkOut,218537687.4
2026-08-06T00:52:00+00:00,NetworkOut,224149885.2
2026-08-06T00:57:00+00:00,NetworkOut,218554535.0
2026-08-06T01:02:00+00:00,NetworkOut,219060865.0
2026-08-06T01:07:00+00:00,NetworkOut,221572794.8
2026-08-06T01:12:00+00:00,NetworkOut,217798729.8
2026-08-06T01:17:00+00:00,NetworkOut,217786876.0
2026-08-06T01:22:00+00:00,NetworkOut,220118366.0
2026-08-06T01:27:00+00:00,NetworkOut,209334897.4
2026-08-06T01:32:00+00:00,NetworkOut,214508640.0
2026-08-06T01:37:00+00:00,NetworkOut,216588210.4
2026-08-06T01:42:00+00:00,NetworkOut,216065439.6
2026-08-06T01:47:00+00:00,NetworkOut,213883385.8
2026-08-06T01:52:00+00:00,NetworkOut,219993103.8
2026-08-06T01:57:00+00:00,NetworkOut,214648776.4
2026-08-06T02:02:00+00:00,NetworkOut,213408970.2
2026-08-06T02:07:00+00:00,NetworkOut,216905715.0
2026-08-06T02:12:00+00:00,NetworkOut,215113628.6
2026-08-06T02:17:00+00:00,NetworkOut,215991968.2
2026-08-06T02:22:00+00:00,NetworkOut,222850967.6
2026-08-06T02:27:00+00:00,NetworkOut,214898995.8
2026-08-06T02:32:00+00:00,NetworkOut,214761127.6
2026-08-06T02:37:00+00:00,NetworkOut,218432541.4
2026-08-06T02:42:00+00:00,NetworkOut,213889586.2
2026-08-06T02:47:00+00:00,NetworkOut,214737471.8
2026-08-06T02:52:00+00:00,NetworkOut,220616359.6
2026-08-06T02:57:00+00:00,NetworkOut,217389524.8
2026-08-06T03:02:00+00:00,NetworkOut,213759341.4
2026-08-06T03:07:00+00:00,NetworkOut,215193507.2
2026-08-06T03:12:00+00:00,NetworkOut,212537177.0
2026-08-06T03:17:00+00:00,NetworkOut,214286454.2
2026-08-06T03:22:00+00:00,NetworkOut,220467288.8
2026-08-06T03:27:00+00:00,NetworkOut,218866914.2
2026-08-06T03:32:00+00:00,NetworkOut,213226341.6
2026-08-06T03:37:00+00:00,NetworkOut,215882702.6
2026-08-06T03:42:00+00:00,NetworkOut,214448602.6
2026-08-06T03:47:00+00:00,NetworkOut,217198309.8
2026-08-06T03:52:00+00:00,NetworkOut,222289997.2
2026-08-06T03:57:00+00:00,NetworkOut,219386449.6
2026-08-06T04:02:00+00:00,NetworkOut,218326892.2
2026-08-06T04:07:00+00:00,NetworkOut,220961603.0
2026-08-06T04:12:00+00:00,NetworkOut,218929321.2
2026-08-06T04:17:00+00:00,NetworkOut,218651836.8
2026-08-06T04:22:00+00:00,NetworkOut,223856751.8
2026-08-06T04:27:00+00:00,NetworkOut,217300597.2
2026-08-06T04:32:00+00:00,NetworkOut,216053443.0
2026-08-06T04:37:00+00:00,NetworkOut,220030607.0
2026-08-06T04:42:00+00:00,NetworkOut,217131173.4
2026-08-06T04:47:00+00:00,NetworkOut,218829727.2
2026-08-06T04:52:00+00:00,NetworkOut,224248947.8
2026-08-06T04:57:00+00:00,NetworkOut,215550229.4
2026-08-06T05:02:00+00:00,NetworkOut,216688496.0
2026-08-06T05:07:00+00:00,NetworkOut,219986687.6
2026-08-06T05:12:00+00:00,NetworkOut,209625140.4
2026-08-06T05:17:00+00:00,NetworkOut,202069459.0
2026-08-06T05:22:00+00:00,NetworkOut,225114530.4
2026-08-06T05:27:00+00:00,NetworkOut,215437283.6
2026-08-06T05:32:00+00:00,NetworkOut,218684062.0
2026-08-06T05:37:00+00:00,NetworkOut,221587675.4
2026-08-06T05:42:00+00:00,NetworkOut,218772997.8
2026-08-06T05:47:00+00:00,NetworkOut,218349547.0
2026-08-06T05:52:00+00:00,NetworkOut,224190668.6
2026-08-06T05:57:00+00:00,NetworkOut,218086858.6
2026-08-06T06:02:00+00:00,NetworkOut,217258525.0
2026-08-06T06:07:00+00:00,NetworkOut,222367577.6
2026-08-06T06:12:00+00:00,NetworkOut,218440359.6
2026-08-06T06:17:00+00:00,NetworkOut,218143689.4
2026-08-06T06:22:00+00:00,NetworkOut,224072955.0
2026-08-06T06:27:00+00:00,NetworkOut,218737547.2
2026-08-06T06:32:00+00:00,NetworkOut,217983990.8
2026-08-06T06:37:00+00:00,NetworkOut,221656184.2
2026-08-06T06:42:00+00:00,NetworkOut,218545750.6
2026-08-06T06:47:00+00:00,NetworkOut,217300990.0
2026-08-06T06:52:00+00:00,NetworkOut,225799911.2
2026-08-06T06:57:00+00:00,NetworkOut,219146605.6
2026-08-06T07:02:00+00:00,NetworkOut,217508092.6
2026-08-06T07:07:00+00:00,NetworkOut,225556960.4
2026-08-06T07:12:00+00:00,NetworkOut,217875292.0
2026-08-06T07:17:00+00:00,NetworkOut,218935703.6
2026-08-06T07:22:00+00:00,NetworkOut,221263618.8
2026-08-06T07:27:00+00:00,NetworkOut,218545509.8
2026-08-06T07:32:00+00:00,NetworkOut,217552579.8
2026-08-06T07:37:00+00:00,NetworkOut,222592822.0
2026-08-06T07:42:00+00:00,NetworkOut,218502228.4
2026-08-06T07:47:00+00:00,NetworkOut,218990394.6
2026-08-06T07:52:00+00:00,NetworkOut,221846091.2
2026-08-06T07:57:00+00:00,NetworkOut,218860552.2
2026-08-06T08:02:00+00:00,NetworkOut,217805799.8
2026-08-06T08:07:00+00:00,NetworkOut,225053520.0
2026-08-06T08:12:00+00:00,NetworkOut,218526722.6
2026-08-06T08:17:00+00:00,NetworkOut,218496292.8
2026-08-06T08:22:00+00:00,NetworkOut,217369109.8
2026-08-06T08:27:00+00:00,NetworkOut,221669157.4
2026-08-06T08:32:00+00:00,NetworkOut,218885611.4
2026-08-06T08:37:00+00:00,NetworkOut,218175927.6
2026-08-06T08:42:00+00:00,NetworkOut,224248145.2
2026-08-06T08:47:00+00:00,NetworkOut,217807361.4
2026-08-06T08:52:00+00:00,NetworkOut,218169463.4
2026-08-06T08:57:00+00:00,NetworkOut,221807245.8
2026-08-06T09:02:00+00:00,NetworkOut,218683815.4
2026-08-06T09:07:00+00:00,NetworkOut,218541057.0
2026-08-06T09:12:00+00:00,NetworkOut,224184777.4
2026-08-06T09:17:00+00:00,NetworkOut,217991264.8
2026-08-06T09:22:00+00:00,NetworkOut,218594640.8
2026-08-06T09:27:00+00:00,NetworkOut,221557301.2
2026-08-06T09:32:00+00:00,NetworkOut,217861238.4
2026-08-06T09:37:00+00:00,NetworkOut,217268216.8
2026-08-06T09:42:00+00:00,NetworkOut,224320799.2
2026-08-06T09:47:00+00:00,NetworkOut,218443294.2
2026-08-06T09:52:00+00:00,NetworkOut,218816355.6
2026-08-06T09:57:00+00:00,NetworkOut,221609700.6
2026-08-06T10:02:00+00:00,NetworkOut,218860059.8
2026-08-06T10:07:00+00:00,NetworkOut,219424618.0
2026-08-06T10:12:00+00:00,NetworkOut,224075148.4
2026-08-06T10:17:00+00:00,NetworkOut,218298448.6
2026-08-06T10:22:00+00:00,NetworkOut,218526548.8
2026-08-06T10:27:00+00:00,NetworkOut,221608687.4
2026-08-06T10:32:00+00:00,NetworkOut,218862020.0
2026-08-06T10:37:00+00:00,NetworkOut,217851442.0
2026-08-06T10:42:00+00:00,NetworkOut,224514471.8
2026-08-06T10:47:00+00:00,NetworkOut,217910757.4
2026-08-06T10:52:00+00:00,NetworkOut,219546180.0
2026-08-06T10:57:00+00:00,NetworkOut,221701578.2
2026-08-06T11:02:00+00:00,NetworkOut,218111250.0
2026-08-06T11:07:00+00:00,NetworkOut,219072579.6
2026-08-06T11:12:00+00:00,NetworkOut,223972292.0
2026-08-06T11:17:00+00:00,NetworkOut,218618904.0
2026-08-06T11:22:00+00:00,NetworkOut,218482206.6
2026-08-06T11:27:00+00:00,NetworkOut,220841041.8
2026-08-06T11:32:00+00:00,NetworkOut,218465876.2
2026-08-06T11:37:00+00:00,NetworkOut,218061846.2
2026-08-06T11:42:00+00:00,NetworkOut,225239859.4
2026-08-06T11:47:00+00:00,NetworkOut,219213295.2
2026-08-06T11:52:00+00:00,NetworkOut,218689211.8
2026-08-06T11:57:00+00:00,NetworkOut,224682391.4
2026-08-06T12:02:00+00:00,NetworkOut,218026962.2
2026-08-06T12:07:00+00:00,NetworkOut,218788752.2
2026-08-06T12:12:00+00:00,NetworkOut,221493808.2
2026-08-06T12:17:00+00:00,NetworkOut,219176006.0
2026-08-06T12:22:00+00:00,NetworkOut,218688454.0
2026-08-06T12:27:00+00:00,NetworkOut,224993553.8
2026-08-06T12:32:00+00:00,NetworkOut,217692744.8
2026-08-06T12:37:00+00:00,NetworkOut,219124441.0
2026-08-06T12:42:00+00:00,NetworkOut,220859969.6
2026-08-06T12:47:00+00:00,NetworkOut,218930406.4
2026-08-06T12:52:00+00:00,NetworkOut,218722914.8
2026-08-06T12:57:00+00:00,NetworkOut,224532570.0
2026-08-06T13:02:00+00:00,NetworkOut,218507584.2
2026-08-06T13:07:00+00:00,NetworkOut,219384859.8
2026-08-06T13:12:00+00:00,NetworkOut,220993289.8
2026-08-06T13:17:00+00:00,NetworkOut,219278608.2
2026-08-06T13:22:00+00:00,NetworkOut,218466961.4
2026-08-06T13:27:00+00:00,NetworkOut,224363780.2
2026-08-06T13:32:00+00:00,NetworkOut,218976417.8
2026-08-06T13:37:00+00:00,NetworkOut,217737815.6
2026-08-06T13:42:00+00:00,NetworkOut,221339349.0
2026-08-06T13:47:00+00:00,NetworkOut,218333266.8
2026-08-06T13:52:00+00:00,NetworkOut,218619114.4
2026-08-06T13:57:00+00:00,NetworkOut,223943853.0
2026-08-06T14:02:00+00:00,NetworkOut,218799927.2
2026-08-06T14:07:00+00:00,NetworkOut,218445356.8
2026-08-06T14:12:00+00:00,NetworkOut,221462527.6
2026-08-06T14:17:00+00:00,NetworkOut,218512532.4
2026-08-06T14:22:00+00:00,NetworkOut,219145140.2
2026-08-06T14:27:00+00:00,NetworkOut,223971986.4
2026-08-06T14:32:00+00:00,NetworkOut,218472941.2
2026-08-06T14:37:00+00:00,NetworkOut,218199464.8
2026-08-06T14:42:00+00:00,NetworkOut,222168598.0
2026-08-06T14:47:00+00:00,NetworkOut,219163988.6
2026-08-06T14:52:00+00:00,NetworkOut,218560745.6
2026-08-06T14:57:00+00:00,NetworkOut,224113110.2
2026-08-06T15:02:00+00:00,NetworkOut,218471139.2
2026-08-06T15:07:00+00:00,NetworkOut,218537076.6
2026-08-06T15:12:00+00:00,NetworkOut,221806605.2
2026-08-06T15:17:00+00:00,NetworkOut,219097797.2
2026-08-06T15:22:00+00:00,NetworkOut,217905569.8
2026-08-06T15:27:00+00:00,NetworkOut,224787554.8
2026-08-06T15:32:00+00:00,NetworkOut,218934849.8
2026-08-06T15:37:00+00:00,NetworkOut,218498863.2
2026-08-06T15:42:00+00:00,NetworkOut,221619160.8
2026-08-06T15:47:00+00:00,NetworkOut,218916288.4
2026-08-06T15:52:00+00:00,NetworkOut,218315516.2
2026-08-06T15:57:00+00:00,NetworkOut,225038448.8
2026-08-06T16:02:00+00:00,NetworkOut,218337222.4
2026-08-06T16:07:00+00:00,NetworkOut,218866996.4
2026-08-06T16:12:00+00:00,NetworkOut,221512336.6
2026-08-06T16:17:00+00:00,NetworkOut,218692098.0
2026-08-06T16:22:00+00:00,NetworkOut,217984272.4
2026-08-06T16:27:00+00:00,NetworkOut,224545658.8
2026-08-06T16:32:00+00:00,NetworkOut,218303818.6
2026-08-06T16:37:00+00:00,NetworkOut,218636996.4
2026-08-06T16:42:00+00:00,NetworkOut,225015561.8
2026-08-06T16:47:00+00:00,NetworkOut,218169296.6
2026-08-06T16:52:00+00:00,NetworkOut,217901324.0
2026-08-06T16:57:00+00:00,NetworkOut,222132337.8
2026-08-06T17:02:00+00:00,NetworkOut,218276522.2
2026-08-06T17:07:00+00:00,NetworkOut,218831589.0
2026-08-06T17:12:00+00:00,NetworkOut,223585774.8
2026-08-06T17:17:00+00:00,NetworkOut,218615127.2
2026-08-06T17:22:00+00:00,NetworkOut,218764692.0
2026-08-06T17:27:00+00:00,NetworkOut,220862409.6
2026-08-06T17:32:00+00:00,NetworkOut,218378652.0
2026-08-06T17:37:00+00:00,NetworkOut,218579336.6
2026-08-06T17:42:00+00:00,NetworkOut,224735417.4
2026-08-06T17:47:00+00:00,NetworkOut,218939033.2
2026-08-06T17:52:00+00:00,NetworkOut,218197610.8
2026-08-06T17:57:00+00:00,NetworkOut,221206782.6
2026-08-06T18:02:00+00:00,NetworkOut,218929311.6
2026-08-06T18:07:00+00:00,NetworkOut,218546175.6
2026-08-06T18:12:00+00:00,NetworkOut,224443771.6
2026-08-06T18:17:00+00:00,NetworkOut,218649145.0
2026-08-06T18:22:00+00:00,NetworkOut,218931933.0
2026-08-06T18:27:00+00:00,NetworkOut,220943606.8
2026-08-06T18:32:00+00:00,NetworkOut,218269391.4
2026-08-06T18:37:00+00:00,NetworkOut,218511414.0
2026-08-06T18:42:00+00:00,NetworkOut,224216149.2
2026-08-06T18:47:00+00:00,NetworkOut,218658804.4
2026-08-06T18:52:00+00:00,NetworkOut,218850304.0
2026-08-06T18:57:00+00:00,NetworkOut,221498776.4
2026-08-06T19:02:00+00:00,NetworkOut,219291124.8
2026-08-06T19:07:00+00:00,NetworkOut,218646195.4
2026-08-06T19:12:00+00:00,NetworkOut,225074872.2
2026-08-06T19:17:00+00:00,NetworkOut,218326572.8
2026-08-06T19:22:00+00:00,NetworkOut,218663960.8
2026-08-06T19:27:00+00:00,NetworkOut,221613001.8
2026-08-06T19:32:00+00:00,NetworkOut,218220616.8
2026-08-06T19:37:00+00:00,NetworkOut,218359548.0
2026-08-06T19:42:00+00:00,NetworkOut,223961305.0
2026-08-06T19:47:00+00:00,NetworkOut,218460522.4
2026-08-06T19:52:00+00:00,NetworkOut,218421385.4
2026-08-06T19:57:00+00:00,NetworkOut,221438799.6
2026-08-06T20:02:00+00:00,NetworkOut,218871101.4
2026-08-06T20:07:00+00:00,NetworkOut,218673460.6
2026-08-06T20:12:00+00:00,NetworkOut,224508488.2
2026-08-06T20:17:00+00:00,NetworkOut,218866757.2
2026-08-06T20:22:00+00:00,NetworkOut,218878252.4
2026-08-06T20:27:00+00:00,NetworkOut,221644210.4
2026-08-06T20:32:00+00:00,NetworkOut,218288686.6
2026-08-06T20:37:00+00:00,NetworkOut,218330308.8
2026-08-06T20:42:00+00:00,NetworkOut,223822199.4
2026-08-06T20:47:00+00:00,NetworkOut,217846264.4
2026-08-06T20:52:00+00:00,NetworkOut,218257333.0
2026-08-06T20:57:00+00:00,NetworkOut,224535186.2
2026-08-06T21:02:00+00:00,NetworkOut,215578082.8
2026-08-06T21:07:00+00:00,NetworkOut,218925744.4
2026-08-06T21:12:00+00:00,NetworkOut,222356017.0
2026-08-06T21:17:00+00:00,NetworkOut,218201605.2
2026-08-06T21:22:00+00:00,NetworkOut,218173071.6
2026-08-06T21:27:00+00:00,NetworkOut,224763399.8
2026-08-06T21:32:00+00:00,NetworkOut,218363443.6
2026-08-06T21:37:00+00:00,NetworkOut,218670522.0
2026-08-06T21:42:00+00:00,NetworkOut,221152232.0
2026-08-06T21:47:00+00:00,NetworkOut,218237851.8
2026-08-06T21:52:00+00:00,NetworkOut,218622329.0
2026-08-06T21:57:00+00:00,NetworkOut,225198759.2
2026-08-06T22:02:00+00:00,NetworkOut,218558292.2
2026-08-06T22:07:00+00:00,NetworkOut,218243242.4
2026-08-06T22:12:00+00:00,NetworkOut,221505379.8
2026-08-06T22:17:00+00:00,NetworkOut,218691908.0
2026-08-06T22:22:00+00:00,NetworkOut,218367390.4
2026-08-06T22:27:00+00:00,NetworkOut,224543371.2
2026-08-06T22:32:00+00:00,NetworkOut,218137304.0
2026-08-06T22:37:00+00:00,NetworkOut,218950248.4
2026-08-06T22:42:00+00:00,NetworkOut,221829215.2
2026-08-06T22:47:00+00:00,NetworkOut,218313358.4
2026-08-06T22:52:00+00:00,NetworkOut,218506583.0
2026-08-06T22:57:00+00:00,NetworkOut,223885711.0
2026-08-06T23:02:00+00:00,NetworkOut,218403803.4
2026-08-06T23:07:00+00:00,NetworkOut,219285271.4
2026-08-06T23:12:00+00:00,NetworkOut,221284723.0
2026-08-06T23:17:00+00:00,NetworkOut,218422194.0
2026-08-06T23:22:00+00:00,NetworkOut,219203928.6
2026-08-06T23:27:00+00:00,NetworkOut,224843546.8
2026-08-06T23:32:00+00:00,NetworkOut,218990948.8
2026-08-06T23:37:00+00:00,NetworkOut,212023416.0
2026-08-06T23:42:00+00:00,NetworkOut,212995250.4
2026-08-06T23:47:00+00:00,NetworkOut,214591740.0
2026-08-06T23:52:00+00:00,NetworkOut,214714561.2
2026-08-06T23:57:00+00:00,NetworkOut,224547595.4
2026-08-07T00:02:00+00:00,NetworkOut,210667624.0
2026-08-07T00:07:00+00:00,NetworkOut,219052328.6
2026-08-07T00:12:00+00:00,NetworkOut,213179034.2
2026-08-07T00:17:00+00:00,NetworkOut,218933929.8
2026-08-07T00:22:00+00:00,NetworkOut,218677991.6
2026-08-07T00:27:00+00:00,NetworkOut,216367334.0
2026-08-07T00:32:00+00:00,NetworkOut,218638747.4
2026-08-07T00:37:00+00:00,NetworkOut,218788149.8
2026-08-07T00:42:00+00:00,NetworkOut,221498438.6
2026-08-07T00:47:00+00:00,NetworkOut,211753264.2
2026-08-07T00:52:00+00:00,NetworkOut,218021555.4
2026-08-07T00:57:00+00:00,NetworkOut,224445890.6
2026-08-07T01:02:00+00:00,NetworkOut,218711546.8
2026-08-07T01:07:00+00:00,NetworkOut,218992947.0
2026-08-07T01:12:00+00:00,NetworkOut,221682877.4
2026-08-07T01:17:00+00:00,NetworkOut,213319610.6
2026-08-07T01:22:00+00:00,NetworkOut,217983033.8
2026-08-07T01:27:00+00:00,NetworkOut,223830531.2
2026-08-07T01:32:00+00:00,NetworkOut,213291920.8
2026-08-07T01:37:00+00:00,NetworkOut,218190538.2
2026-08-07T01:42:00+00:00,NetworkOut,221760283.8
2026-08-07T01:47:00+00:00,NetworkOut,211367500.0
2026-08-07T01:52:00+00:00,NetworkOut,213005423.6
2026-08-07T01:57:00+00:00,NetworkOut,224726767.8
2026-08-07T02:02:00+00:00,NetworkOut,218379613.4
2026-08-07T02:07:00+00:00,NetworkOut,218383420.2
2026-08-07T02:12:00+00:00,NetworkOut,212776289.6
2026-08-07T02:17:00+00:00,NetworkOut,218520224.4
2026-08-07T02:22:00+00:00,NetworkOut,210544069.0
2026-08-07T02:27:00+00:00,NetworkOut,225364927.4
2026-08-07T02:32:00+00:00,NetworkOut,218139327.4
2026-08-07T02:37:00+00:00,NetworkOut,219304534.2
2026-08-07T02:42:00+00:00,NetworkOut,221014282.2
2026-08-07T02:47:00+00:00,NetworkOut,219565723.4
2026-08-07T02:52:00+00:00,NetworkOut,211019633.2
2026-08-07T02:57:00+00:00,NetworkOut,216482980.4
2026-08-07T03:02:00+00:00,NetworkOut,210889274.0
2026-08-07T03:07:00+00:00,NetworkOut,218880819.8
2026-08-07T03:12:00+00:00,NetworkOut,214360862.2
2026-08-07T03:17:00+00:00,NetworkOut,218957266.8
2026-08-07T03:22:00+00:00,NetworkOut,218799611.2
2026-08-07T03:27:00+00:00,NetworkOut,224585897.2
2026-08-07T03:32:00+00:00,NetworkOut,217596086.2
2026-08-07T03:37:00+00:00,NetworkOut,217916479.6
2026-08-07T03:42:00+00:00,NetworkOut,214754087.6
2026-08-07T03:47:00+00:00,NetworkOut,218152483.0
2026-08-07T03:52:00+00:00,NetworkOut,215448770.2
2026-08-07T03:57:00+00:00,NetworkOut,220183451.0
2026-08-07T04:02:00+00:00,NetworkOut,210113391.6
2026-08-07T04:07:00+00:00,NetworkOut,218363281.2
2026-08-07T04:12:00+00:00,NetworkOut,222281478.0
2026-08-07T04:17:00+00:00,NetworkOut,217866947.4
2026-08-07T04:22:00+00:00,NetworkOut,216646248.2
2026-08-07T04:27:00+00:00,NetworkOut,222574182.2
2026-08-07T04:32:00+00:00,NetworkOut,217242655.2
2026-08-07T04:37:00+00:00,NetworkOut,215953883.6
2026-08-07T04:42:00+00:00,NetworkOut,218810250.8
2026-08-07T04:47:00+00:00,NetworkOut,218803761.2
2026-08-07T04:52:00+00:00,NetworkOut,217823440.2
2026-08-07T04:57:00+00:00,NetworkOut,223988833.4
2026-08-07T05:02:00+00:00,NetworkOut,216696934.2
2026-08-07T05:07:00+00:00,NetworkOut,216759394.4
2026-08-07T05:12:00+00:00,NetworkOut,223808372.8
2026-08-07T05:17:00+00:00,NetworkOut,217107028.6
2026-08-07T05:22:00+00:00,NetworkOut,217110186.2
2026-08-07T05:27:00+00:00,NetworkOut,218329450.2
2026-08-07T05:32:00+00:00,NetworkOut,218589807.0
2026-08-07T05:37:00+00:00,NetworkOut,218614206.2
2026-08-07T05:42:00+00:00,NetworkOut,222953266.2
2026-08-07T05:47:00+00:00,NetworkOut,213742710.0
2026-08-07T05:52:00+00:00,NetworkOut,214847451.0
2026-08-07T05:57:00+00:00,NetworkOut,218946792.8
2026-08-07T06:02:00+00:00,NetworkOut,214189683.0
2026-08-07T06:07:00+00:00,NetworkOut,218527703.0
2026-08-07T06:12:00+00:00,NetworkOut,220836382.6
2026-08-07T06:17:00+00:00,NetworkOut,216447790.6
2026-08-07T06:22:00+00:00,NetworkOut,213548345.8
2026-08-07T06:27:00+00:00,NetworkOut,221798030.2
2026-08-07T06:32:00+00:00,NetworkOut,214090392.4
2026-08-07T06:37:00+00:00,NetworkOut,216050797.6
2026-08-07T06:42:00+00:00,NetworkOut,225053142.4
2026-08-07T06:47:00+00:00,NetworkOut,214891536.0
2026-08-07T06:52:00+00:00,NetworkOut,218023373.4
2026-08-07T06:57:00+00:00,NetworkOut,218402512.2
2026-08-07T07:02:00+00:00,NetworkOut,213764671.2
2026-08-07T07:07:00+00:00,NetworkOut,214782721.2
2026-08-07T07:12:00+00:00,NetworkOut,252312572.0
2026-08-07T07:17:00+00:00,NetworkOut,216108396.0
2026-08-07T07:22:00+00:00,NetworkOut,218465655.6
2026-08-07T07:27:00+00:00,NetworkOut,218874754.2
2026-08-07T07:32:00+00:00,NetworkOut,215822837.0
2026-08-07T07:37:00+00:00,NetworkOut,214811236.0
2026-08-07T07:42:00+00:00,NetworkOut,221643446.6
2026-08-07T07:47:00+00:00,NetworkOut,216747816.0
2026-08-07T07:52:00+00:00,NetworkOut,214316835.6
2026-08-07T07:57:00+00:00,NetworkOut,218316429.4
2026-08-07T08:02:00+00:00,NetworkOut,214840796.8
2026-08-07T08:07:00+00:00,NetworkOut,215064751.6
2026-08-07T08:12:00+00:00,NetworkOut,221148620.8
2026-08-07T08:17:00+00:00,NetworkOut,206997693.8
2026-08-07T08:22:00+00:00,NetworkOut,216445408.0
2026-08-07T08:27:00+00:00,NetworkOut,221197191.2
2026-08-07T08:32:00+00:00,NetworkOut,218313528.8
2026-08-07T08:37:00+00:00,NetworkOut,217594288.4
2026-08-07T08:42:00+00:00,NetworkOut,224456948.0
2026-08-07T08:47:00+00:00,NetworkOut,218083635.6
2026-08-07T08:52:00+00:00,NetworkOut,218452580.8
2026-08-07T08:57:00+00:00,NetworkOut,221524921.0
2026-08-07T09:02:00+00:00,NetworkOut,218497611.4
2026-08-07T09:07:00+00:00,NetworkOut,219103817.0
2026-08-07T09:12:00+00:00,NetworkOut,223512030.2
2026-08-07T09:17:00+00:00,NetworkOut,219083215.0
2026-08-07T09:22:00+00:00,NetworkOut,217733140.0
2026-08-07T09:27:00+00:00,NetworkOut,221561542.0
2026-08-07T09:32:00+00:00,NetworkOut,218498265.8
2026-08-07T09:37:00+00:00,NetworkOut,218100382.2
2026-08-07T09:42:00+00:00,NetworkOut,224855622.2
2026-08-07T09:47:00+00:00,NetworkOut,218246519.0
2026-08-07T09:52:00+00:00,NetworkOut,219209583.2
2026-08-07T09:57:00+00:00,NetworkOut,221045674.4
2026-08-07T10:02:00+00:00,NetworkOut,218988791.8
2026-08-07T10:07:00+00:00,NetworkOut,218407827.8
2026-08-07T10:12:00+00:00,NetworkOut,224543956.0
2026-08-07T10:17:00+00:00,NetworkOut,218631941.2
2026-08-07T10:22:00+00:00,NetworkOut,219320851.8
2026-08-07T10:27:00+00:00,NetworkOut,221342579.8
2026-08-07T10:32:00+00:00,NetworkOut,219142288.6
2026-08-07T10:37:00+00:00,NetworkOut,218292968.4
2026-08-07T10:42:00+00:00,NetworkOut,224290814.4
2026-08-07T10:47:00+00:00,NetworkOut,218937374.0
2026-08-07T10:52:00+00:00,NetworkOut,218518191.6
2026-08-07T10:57:00+00:00,NetworkOut,221280586.8
2026-08-07T11:02:00+00:00,NetworkOut,218931296.2
2026-08-07T11:07:00+00:00,NetworkOut,218919870.2
2026-08-07T11:12:00+00:00,NetworkOut,224032986.0
2026-08-07T11:17:00+00:00,NetworkOut,218222336.8
2026-08-07T11:22:00+00:00,NetworkOut,218079035.8
2026-08-07T11:27:00+00:00,NetworkOut,220858938.0
2026-08-07T11:32:00+00:00,NetworkOut,219124182.8
2026-08-07T11:37:00+00:00,NetworkOut,218138577.2
2026-08-07T11:42:00+00:00,NetworkOut,224367443.8
2026-08-07T11:47:00+00:00,NetworkOut,217985986.4
2026-08-07T11:52:00+00:00,NetworkOut,218698635.4
2026-08-07T11:57:00+00:00,NetworkOut,221116842.4
2026-08-07T12:02:00+00:00,NetworkOut,133230430.0
2026-08-07T12:07:00+00:00,NetworkOut,7061781.4
2026-08-07T12:12:00+00:00,NetworkOut,10971.8
2026-08-07T12:17:00+00:00,NetworkOut,6461.6
2026-08-07T12:22:00+00:00,NetworkOut,6436.8
2026-08-07T12:27:00+00:00,NetworkOut,6431.8
2026-08-07T12:32:00+00:00,NetworkOut,6486.6
2026-08-07T12:37:00+00:00,NetworkOut,6266.4
2026-08-07T12:42:00+00:00,NetworkOut,8390.0
2026-08-07T12:47:00+00:00,NetworkOut,6449.4
2026-08-07T12:52:00+00:00,NetworkOut,6469.2
2026-08-07T12:57:00+00:00,NetworkOut,6393.6
2026-08-07T13:02:00+00:00,NetworkOut,6404.6
2026-08-07T13:07:00+00:00,NetworkOut,5339.8
2026-08-07T13:12:00+00:00,NetworkOut,8336.2
2026-08-07T13:17:00+00:00,NetworkOut,6440.4
2026-08-07T13:22:00+00:00,NetworkOut,6448.6
2026-08-07T13:27:00+00:00,NetworkOut,6466.4
2026-08-07T13:32:00+00:00,NetworkOut,6443.4
2026-08-07T13:37:00+00:00,NetworkOut,8497.4
2026-08-07T13:42:00+00:00,NetworkOut,6509.2
2026-08-07T13:47:00+00:00,NetworkOut,6281.0
2026-08-07T13:52:00+00:00,NetworkOut,6428.0
2026-08-07T13:57:00+00:00,NetworkOut,6473.6
2026-08-07T14:02:00+00:00,NetworkOut,8345.8
2026-08-07T14:07:00+00:00,NetworkOut,6536.2
2026-08-07T14:12:00+00:00,NetworkOut,6490.4
2026-08-07T14:17:00+00:00,NetworkOut,6430.0
2026-08-07T14:22:00+00:00,NetworkOut,6490.6
2026-08-07T14:27:00+00:00,NetworkOut,6450.8
2026-08-07T14:32:00+00:00,NetworkOut,8271.6
2026-08-07T14:37:00+00:00,NetworkOut,6519.4
2026-08-07T14:42:00+00:00,NetworkOut,6525.0
2026-08-07T14:47:00+00:00,NetworkOut,6486.4
2026-08-07T14:52:00+00:00,NetworkOut,6475.2
2026-08-07T14:57:00+00:00,NetworkOut,5285.0
2026-08-07T15:02:00+00:00,NetworkOut,8398.8
2026-08-07T15:07:00+00:00,NetworkOut,6504.8
2026-08-07T15:12:00+00:00,NetworkOut,6306.4
2026-08-07T15:17:00+00:00,NetworkOut,6455.6
2026-08-07T15:22:00+00:00,NetworkOut,6512.2
2026-08-07T15:27:00+00:00,NetworkOut,6402.0
2026-08-07T15:32:00+00:00,NetworkOut,8463.2
2026-08-07T15:37:00+00:00,NetworkOut,6420.8
2026-08-07T15:42:00+00:00,NetworkOut,6493.8
2026-08-07T15:47:00+00:00,NetworkOut,6441.6
2026-08-07T15:52:00+00:00,NetworkOut,6490.4
2026-08-07T15:57:00+00:00,NetworkOut,8283.2
2026-08-07T16:02:00+00:00,NetworkOut,6427.2
2026-08-07T16:07:00+00:00,NetworkOut,6462.4
2026-08-07T16:12:00+00:00,NetworkOut,6502.2
2026-08-07T16:17:00+00:00,NetworkOut,6463.8
2026-08-07T16:22:00+00:00,NetworkOut,6444.8
