timestamp,thunder_rss_kb,thunder_vsz_kb,thunder_disk_used_bytes,thunder_disk_avail_bytes,thunder_log_bytes,runtime_transient_bytes,runtime_persistent_bytes,count_authorization_code,count_authorization_request,count_ciba_auth_request,count_webauthn_session,count_par_request,count_jti_record,count_runtime_store_attribute_cache,count_runtime_store_flow_state,count_runtime_store_authz_code,count_runtime_store_authz_req,count_runtime_store_logout_req,count_runtime_store_par_req,count_runtime_store_ciba_req,count_runtime_store_jti_token,count_runtime_store_vci_nonce,count_runtime_store_vci_offer,count_runtime_store_vp_state,count_sso_session,count_sso_session_context,count_sso_session_participant,count_revoked_token,count_consent,count_consent_authorization,count_consent_audit
2026-07-31T12:07:57Z,51456,1364996,2911322112,17689722880,4931,16428179,9956499,763,999,0,0,0,0,2,998,0,0,0,0,0,0,0,0,0,775,775,775,0,0,0,0
2026-07-31T12:12:58Z,54820,1364996,2964684800,17636360192,4931,57912467,96693395,50516,998,0,0,0,0,2,998,0,0,0,0,0,0,0,0,0,50530,50530,50531,0,0,0,0
2026-07-31T12:17:58Z,54496,1364996,2912948224,17688096768,3556492,90639507,183135379,100292,997,0,0,0,0,2,994,0,0,0,0,0,0,0,0,0,100319,100320,100321,0,0,0,0
2026-07-31T12:22:59Z,55040,1364996,2966409216,17634635776,57012338,121990291,269675667,150123,998,0,0,0,0,2,998,0,0,0,0,0,0,0,0,0,150138,150138,150138,0,0,0,0
2026-07-31T12:28:00Z,60048,1365956,2929438720,17671606272,20035758,154709139,356404371,199879,998,0,0,0,0,2,998,0,0,0,0,0,0,0,0,0,199900,199900,199902,0,0,0,0
2026-07-31T12:33:00Z,55276,1365956,2982785024,17618259968,73373768,184257683,442559635,249585,997,0,0,0,0,2,994,0,0,0,0,0,0,0,0,0,249611,249614,249614,0,0,0,0
2026-07-31T12:38:01Z,55976,1365956,2945806336,17655238656,36392215,217877651,529034387,299321,999,0,0,0,0,2,999,0,0,0,0,0,0,0,0,0,299338,299339,299348,0,0,0,0
2026-07-31T12:43:02Z,55280,1365956,2999226368,17601818624,89809329,252546195,615206035,349114,999,0,0,0,0,2,999,0,0,0,0,0,0,0,0,0,349138,349139,349142,0,0,0,0
2026-07-31T12:48:02Z,56944,1365956,2962288640,17638756352,52870291,283610259,701885587,398878,1000,0,0,0,0,2,1000,0,0,0,0,0,0,0,0,0,398907,398911,398913,0,0,0,0
2026-07-31T12:53:03Z,54864,1365956,3015696384,17585348608,106274532,317475987,788589715,448676,997,0,0,0,0,2,994,0,0,0,0,0,0,0,0,0,448694,448695,448703,0,0,0,0
2026-07-31T12:58:04Z,56048,1365956,2978824192,17622220800,69399971,347491475,874753171,498507,995,0,0,0,0,2,995,0,0,0,0,0,0,0,0,0,498527,498532,498537,0,0,0,0
2026-07-31T13:03:05Z,55856,1365956,3032084480,17568960512,122652994,382512275,960441491,548150,997,0,0,0,0,2,997,0,0,0,0,0,0,0,0,0,548173,548175,548184,0,0,0,0
2026-07-31T13:08:06Z,55424,1365956,2995060736,17605984256,85625505,411397267,1047604371,597844,993,0,0,0,0,2,989,0,0,0,0,0,0,0,0,0,597888,597892,597895,0,0,0,0
2026-07-31T13:13:06Z,58068,1365956,3048574976,17552470016,139133777,443813011,1136602259,647725,996,0,0,0,0,2,994,0,0,0,0,0,0,0,0,0,647753,647759,647769,0,0,0,0
2026-07-31T13:18:07Z,57596,1365956,3011579904,17589465088,102137094,480160915,1221921939,697428,1000,0,0,0,0,2,1000,0,0,0,0,0,0,0,0,0,697452,697457,697465,0,0,0,0
2026-07-31T13:23:08Z,56008,1365956,3064913920,17536131072,155464701,507858067,1307618451,747144,995,0,0,0,0,2,991,0,0,0,0,0,0,0,0,0,747200,747205,747215,0,0,0,0
2026-07-31T13:28:09Z,56472,1365956,3028086784,17572958208,118633957,543026323,1394314387,797019,998,0,0,0,0,2,997,0,0,0,0,0,0,0,0,0,797046,797052,797063,0,0,0,0
2026-07-31T13:33:09Z,56812,1365956,3081637888,17519407104,172178872,575851667,1480117395,846940,998,0,0,0,0,2,997,0,0,0,0,0,0,0,0,0,846961,846967,846976,0,0,0,0
2026-07-31T13:38:10Z,56776,1365956,3044470784,17556574208,135007670,612871315,1565781139,896484,998,0,0,0,0,2,997,0,0,0,0,0,0,0,0,0,896511,896515,896533,0,0,0,0
2026-07-31T13:43:11Z,57336,1365956,3097931776,17503113216,188468747,637144211,1652124819,946335,998,0,0,0,0,2,997,0,0,0,0,0,0,0,0,0,946373,946381,946398,0,0,0,0
2026-07-31T13:48:12Z,56044,1365956,3061092352,17539952640,151626728,670518419,1738239123,996191,998,0,0,0,0,2,996,0,0,0,0,0,0,0,0,0,996225,996235,996241,0,0,0,0
2026-07-31T13:53:13Z,55672,1365956,3114479616,17486565376,205001955,704466067,1824148627,1045945,997,0,0,0,0,2,996,0,0,0,0,0,0,0,0,0,1045983,1045986,1045999,0,0,0,0
2026-07-31T13:58:14Z,57868,1365956,3077660672,17523384320,168176139,738282643,1910549651,1095834,999,0,0,0,0,2,998,0,0,0,0,0,0,0,0,0,1095865,1095871,1095873,0,0,0,0
2026-07-31T14:03:14Z,55808,1365956,3131060224,17469984768,221576386,764898451,1998056595,1145603,992,0,0,0,0,2,989,0,0,0,0,0,0,0,0,0,1145680,1145689,1145708,0,0,0,0
2026-07-31T14:08:16Z,55480,1365956,3094224896,17506820096,184734606,798665875,2087382163,1195468,997,0,0,0,0,2,995,0,0,0,0,0,0,0,0,0,1195499,1195506,1195531,0,0,0,0
2026-07-31T14:13:16Z,57672,1365956,3147841536,17453203456,238353685,831638675,2177240211,1245476,994,0,0,0,0,2,990,0,0,0,0,0,0,0,0,0,1245513,1245531,1245547,0,0,0,0
2026-07-31T14:18:17Z,56500,1365956,3110940672,17490104320,201437158,866004115,2263723155,1295252,991,0,0,0,0,2,987,0,0,0,0,0,0,0,0,0,1295293,1295295,1295305,0,0,0,0
2026-07-31T14:23:18Z,56276,1365956,3164286976,17436758016,254783824,899951763,2349231251,1344974,1000,0,0,0,0,2,999,0,0,0,0,0,0,0,0,0,1344999,1345010,1345023,0,0,0,0
2026-07-31T14:28:19Z,57480,1365956,3127128064,17473916928,217616718,940739731,2434894995,1394540,995,0,0,0,0,2,993,0,0,0,0,0,0,0,0,0,1394569,1394579,1394598,0,0,0,0
2026-07-31T14:33:20Z,57732,1365956,3180572672,17420472320,271061100,958057619,2521099411,1444360,997,0,0,0,0,2,997,0,0,0,0,0,0,0,0,0,1444444,1444450,1444470,0,0,0,0
2026-07-31T14:38:21Z,56796,1365956,3143589888,17457455104,234071330,991906963,2607475859,1494091,998,0,0,0,0,2,995,0,0,0,0,0,0,0,0,0,1494144,1494151,1494170,0,0,0,0
2026-07-31T14:43:22Z,57044,1365956,3197284352,17403760640,287762779,1026337939,2694007955,1544159,994,0,0,0,0,2,992,0,0,0,0,0,0,0,0,0,1544194,1544212,1544235,0,0,0,0
2026-07-31T14:48:23Z,55704,1365956,3160395776,17440649216,250865845,1058024595,2779819155,1593959,997,0,0,0,0,2,993,0,0,0,0,0,0,0,0,0,1594004,1594018,1594025,0,0,0,0
2026-07-31T14:53:24Z,55904,1365956,3213832192,17387212800,304305655,1093930131,2865269907,1643781,996,0,0,0,0,2,994,0,0,0,0,0,0,0,0,0,1643830,1643838,1643857,0,0,0,0
2026-07-31T14:58:25Z,57468,1365956,3176861696,17424183296,267325559,1127025811,2950941843,1693515,995,0,0,0,0,2,994,0,0,0,0,0,0,0,0,0,1693561,1693573,1693589,0,0,0,0
2026-07-31T15:03:26Z,56388,1365956,3230380032,17370664960,320841281,1162497171,3037383827,1743389,998,0,0,0,0,2,998,0,0,0,0,0,0,0,0,0,1743427,1743447,1743460,0,0,0,0
2026-07-31T15:08:27Z,55832,1365956,3193393152,17407651840,283849079,1183263891,3123416211,1793117,991,0,0,0,0,2,989,0,0,0,0,0,0,0,0,0,1793213,1793230,1793253,0,0,0,0
2026-07-31T15:13:28Z,57224,1365956,3247071232,17353973760,337527490,1216605331,3209628819,1843153,995,0,0,0,0,2,993,0,0,0,0,0,0,0,0,0,1843203,1843220,1843250,0,0,0,0
2026-07-31T15:18:29Z,56776,1365956,3210121216,17390923776,300564801,1250274451,3295669395,1892905,999,0,0,0,0,2,996,0,0,0,0,0,0,0,0,0,1892952,1892965,1892987,0,0,0,0
2026-07-31T15:23:31Z,56208,1365956,3263606784,17337438208,354045709,1283910803,3382111379,1942760,1000,0,0,0,0,2,998,0,0,0,0,0,0,0,0,0,1942793,1942806,1942843,0,0,0,0
2026-07-31T15:28:31Z,57880,1365956,3226681344,17374363648,317117542,1317547155,3467840659,1992536,998,0,0,0,0,2,997,0,0,0,0,0,0,0,0,0,1992572,1992578,1992594,0,0,0,0
2026-07-31T15:33:33Z,56832,1365956,3280109568,17320935424,370544838,1351077011,3553889427,2042336,994,0,0,0,0,2,991,0,0,0,0,0,0,0,0,0,2042392,2042405,2042435,0,0,0,0
2026-07-31T15:38:34Z,56720,1365956,3243229184,17357815808,333656704,1384590483,3640519827,2092156,1000,0,0,0,0,2,999,0,0,0,0,0,0,0,0,0,2092186,2092205,2092239,0,0,0,0
2026-07-31T15:43:35Z,57328,1365956,3296681984,17304363008,387104534,1418464403,3727117459,2141987,997,0,0,0,0,2,994,0,0,0,0,0,0,0,0,0,2142034,2142048,2142069,0,0,0,0
2026-07-31T15:48:36Z,56580,1365956,3259834368,17341210624,350252436,1444818067,3813715091,2191826,993,0,0,0,0,2,991,0,0,0,0,0,0,0,0,0,2191885,2191903,2191926,0,0,0,0
2026-07-31T15:53:37Z,56516,1365956,3313283072,17287761920,403697678,1472359571,3900091539,2241644,995,0,0,0,0,2,992,0,0,0,0,0,0,0,0,0,2241737,2241756,2241790,0,0,0,0
2026-07-31T15:58:38Z,56592,1365956,3276345344,17324699648,366759365,1507110035,3986107539,2291422,999,0,0,0,0,2,997,0,0,0,0,0,0,0,0,0,2291473,2291489,2291543,0,0,0,0
2026-07-31T16:03:39Z,56564,1365956,3329798144,17271246848,420208518,1539607699,4072959123,2341240,995,0,0,0,0,2,993,0,0,0,0,0,0,0,0,0,2341282,2341306,2341352,0,0,0,0
2026-07-31T16:08:40Z,55964,1365956,3292835840,17308209152,383241167,1573104787,4161973395,2390987,999,0,0,0,0,2,998,0,0,0,0,0,0,0,0,0,2391034,2391055,2391080,0,0,0,0
2026-07-31T16:13:41Z,55920,1365956,3346399232,17254645760,436798759,1607011475,4251077779,2440924,997,0,0,0,0,2,995,0,0,0,0,0,0,0,0,0,2440968,2440989,2441021,0,0,0,0
2026-07-31T16:18:43Z,56492,1365956,3309383680,17291661312,399782131,1640443027,4338642067,2490620,995,0,0,0,0,2,994,0,0,0,0,0,0,0,0,0,2490658,2490668,2490682,0,0,0,0
2026-07-31T16:23:44Z,56232,1365956,3362779136,17238265856,453175109,1674013843,4424666259,2540392,1000,0,0,0,0,2,993,0,0,0,0,0,0,0,0,0,2540451,2540467,2540500,0,0,0,0
2026-07-31T16:28:45Z,58412,1365956,3325939712,17275105280,416329041,1708158099,4510674067,2590248,999,0,0,0,0,2,998,0,0,0,0,0,0,0,0,0,2590282,2590297,2590322,0,0,0,0
2026-07-31T16:33:46Z,58396,1365956,3289075712,17311969280,379457308,1740467347,4597132435,2640089,998,0,0,0,0,2,996,0,0,0,0,0,0,0,0,0,2640160,2640173,2640197,0,0,0,0
2026-07-31T16:38:47Z,55940,1365956,3342581760,17258463232,432960264,1775185043,4683410579,2689961,991,0,0,0,0,2,988,0,0,0,0,0,0,0,0,0,2690018,2690046,2690070,0,0,0,0
2026-07-31T16:43:48Z,58604,1365956,3305771008,17295273984,396140417,1794960531,4769983635,2739839,993,0,0,0,0,2,990,0,0,0,0,0,0,0,0,0,2739929,2739946,2739981,0,0,0,0
2026-07-31T16:48:50Z,56444,1365956,3359166464,17241878528,449530928,1824976019,4855934099,2789608,994,0,0,0,0,2,993,0,0,0,0,0,0,0,0,0,2789690,2789720,2789757,0,0,0,0
2026-07-31T16:53:51Z,56580,1365956,3322273792,17278771200,412631893,1859783827,4941974675,2839425,993,0,0,0,0,2,991,0,0,0,0,0,0,0,0,0,2839485,2839507,2839546,0,0,0,0
2026-07-31T16:58:52Z,56332,1365956,3375759360,17225285632,466117007,1893469331,5027892371,2889287,998,0,0,0,0,2,995,0,0,0,0,0,0,0,0,0,2889342,2889370,2889404,0,0,0,0
2026-07-31T17:03:53Z,57436,1365956,3338989568,17262055424,429339208,1927416979,5114178707,2939207,997,0,0,0,0,2,993,0,0,0,0,0,0,0,0,0,2939284,2939313,2939352,0,0,0,0
2026-07-31T17:08:55Z,55668,1365956,3392487424,17208557568,482829807,1961364627,5200530579,2989062,997,0,0,0,0,2,995,0,0,0,0,0,0,0,0,0,2989111,2989141,2989179,0,0,0,0
2026-07-31T17:13:56Z,58224,1365956,3355504640,17245540352,445841603,1995091091,5286481043,3038786,998,0,0,0,0,2,996,0,0,0,0,0,0,0,0,0,3038828,3038858,3038901,0,0,0,0
2026-07-31T17:18:57Z,56616,1365956,3409006592,17192038400,499339006,2028883091,5371505811,3088661,997,0,0,0,0,2,995,0,0,0,0,0,0,0,0,0,3088715,3088735,3088768,0,0,0,0
2026-07-31T17:23:59Z,57500,1365956,3357753344,17243291648,448088271,2061716627,5457546387,3138641,997,0,0,0,0,2,996,0,0,0,0,0,0,0,0,0,3138689,3138716,3138757,0,0,0,0
2026-07-31T17:29:00Z,57212,1365956,3411283968,17189761024,501616677,2094558355,5544078483,3188543,996,0,0,0,0,2,995,0,0,0,0,0,0,0,0,0,3188600,3188620,3188650,0,0,0,0
2026-07-31T17:34:01Z,58600,1365956,3359879168,17241165824,450204711,2129521811,5629906067,3238350,995,0,0,0,0,2,992,0,0,0,0,0,0,0,0,0,3238398,3238418,3238454,0,0,0,0
2026-07-31T17:39:02Z,55876,1365956,3413434368,17187610624,503755920,2163674259,5716479123,3288269,996,0,0,0,0,2,994,0,0,0,0,0,0,0,0,0,3288324,3288352,3288382,0,0,0,0
2026-07-31T17:44:03Z,58460,1365956,3362107392,17238937600,452424747,2195958931,5802478739,3338159,993,0,0,0,0,2,990,0,0,0,0,0,0,0,0,0,3338222,3338246,3338283,0,0,0,0
2026-07-31T17:49:05Z,56932,1365956,3415670784,17185374208,505985043,2241326227,5888683155,3388105,999,0,0,0,0,2,996,0,0,0,0,0,0,0,0,0,3388155,3388179,3388218,0,0,0,0
2026-07-31T17:54:06Z,56796,1365956,3364118528,17236926464,454431562,2239376531,5974854803,3437785,995,0,0,0,0,2,991,0,0,0,0,0,0,0,0,0,3437930,3437968,3438015,0,0,0,0
2026-07-31T17:59:08Z,55412,1365956,3417792512,17183252480,508098721,2277919891,6061829267,3487804,995,0,0,0,0,2,987,0,0,0,0,0,0,0,0,0,3487882,3487907,3487958,0,0,0,0
2026-07-31T18:04:09Z,60232,1365956,3366309888,17234735104,456617525,2311138451,6149467283,3537575,996,0,0,0,0,2,992,0,0,0,0,0,0,0,0,0,3537638,3537664,3537702,0,0,0,0
2026-07-31T18:09:11Z,55660,1365956,3419774976,17181270016,510076530,2344758419,6238071955,3587398,997,0,0,0,0,2,995,0,0,0,0,0,0,0,0,0,3587444,3587481,3587527,0,0,0,0
2026-07-31T18:14:12Z,57448,1365956,3368308736,17232736256,458611754,2378493075,6326774931,3637175,996,0,0,0,0,2,995,0,0,0,0,0,0,0,0,0,3637233,3637269,3637329,0,0,0,0
2026-07-31T18:19:13Z,57088,1365956,3421999104,17179045888,512291878,2412301459,6414429331,3687217,997,0,0,0,0,2,995,0,0,0,0,0,0,0,0,0,3687276,3687311,3687367,0,0,0,0
2026-07-31T18:24:15Z,57156,1365956,3370549248,17230495744,460839416,2445847699,6501026963,3737005,996,0,0,0,0,2,992,0,0,0,0,0,0,0,0,0,3737069,3737119,3737179,0,0,0,0
2026-07-31T18:29:16Z,57140,1365956,3424088064,17176956928,514371798,2478599315,6587616403,3786909,997,0,0,0,0,2,996,0,0,0,0,0,0,0,0,0,3786957,3786987,3787055,0,0,0,0
2026-07-31T18:34:18Z,57612,1365956,3372695552,17228349440,462976091,2512874643,6676515987,3836727,996,0,0,0,0,2,991,0,0,0,0,0,0,0,0,0,3836771,3836791,3836816,0,0,0,0
2026-07-31T18:39:19Z,56508,1365956,3426254848,17174790144,516529109,2546527379,6762671251,3886655,996,0,0,0,0,2,994,0,0,0,0,0,0,0,0,0,3886727,3886760,3886807,0,0,0,0
2026-07-31T18:44:20Z,57792,1365956,3374903296,17226141696,465174829,2580180115,6848900243,3936530,994,0,0,0,0,2,990,0,0,0,0,0,0,0,0,0,3936590,3936606,3936642,0,0,0,0
2026-07-31T18:49:22Z,57184,1365956,3428294656,17172750336,518563335,2613587091,6935243923,3986298,997,0,0,0,0,2,997,0,0,0,0,0,0,0,0,0,3986359,3986395,3986436,0,0,0,0
2026-07-31T18:54:23Z,56508,1365956,3376807936,17224237056,467074807,2647133331,7021653139,4036042,997,0,0,0,0,2,995,0,0,0,0,0,0,0,0,0,4036112,4036183,4036245,0,0,0,0
2026-07-31T18:59:25Z,58344,1365956,3430326272,17170718720,520594477,2680671379,7107939475,4085938,994,0,0,0,0,2,992,0,0,0,0,0,0,0,0,0,4086006,4086029,4086073,0,0,0,0
2026-07-31T19:04:27Z,57040,1365956,3378958336,17222086656,469218318,2714160275,7193726099,4135789,996,0,0,0,0,2,994,0,0,0,0,0,0,0,0,0,4135858,4135885,4135916,0,0,0,0
2026-07-31T19:09:28Z,56296,1365956,3432456192,17168588800,522717446,2747821203,7280290963,4185660,997,0,0,0,0,2,996,0,0,0,0,0,0,0,0,0,4185731,4185766,4185805,0,0,0,0
2026-07-31T19:14:30Z,57472,1365956,3381047296,17219997696,471306198,2786856083,7366683795,4235474,996,0,0,0,0,2,995,0,0,0,0,0,0,0,0,0,4235528,4235551,4235596,0,0,0,0
2026-07-31T19:19:31Z,57472,1365956,3434582016,17166462976,524840357,2794409107,7453486227,4285375,991,0,0,0,0,2,985,0,0,0,0,0,0,0,0,0,4285548,4285593,4285638,0,0,0,0
2026-07-31T19:24:33Z,57312,1365956,3383275520,17217769472,473523880,2823187603,7539649683,4335288,998,0,0,0,0,2,997,0,0,0,0,0,0,0,0,0,4335362,4335404,4335447,0,0,0,0
2026-07-31T19:29:35Z,56904,1365956,3436785664,17164259328,527034891,2856430739,7625624723,4385163,996,0,0,0,0,2,995,0,0,0,0,0,0,0,0,0,4385231,4385261,4385325,0,0,0,0
2026-07-31T19:34:36Z,57772,1365956,3385462784,17215582208,475706849,2890067091,7712345235,4435075,997,0,0,0,0,2,995,0,0,0,0,0,0,0,0,0,4435159,4435191,4435252,0,0,0,0
2026-07-31T19:39:38Z,56424,1365956,3439013888,17162031104,529256719,2923973779,7798459539,4484992,995,0,0,0,0,2,993,0,0,0,0,0,0,0,0,0,4485056,4485097,4485168,0,0,0,0
2026-07-31T19:44:39Z,58072,1365956,3387633664,17213411328,477868922,2956086419,7884901523,4534827,998,0,0,0,0,2,995,0,0,0,0,0,0,0,0,0,4534904,4534949,4535004,0,0,0,0
2026-07-31T19:49:41Z,56968,1365956,3441139712,17159905280,531376142,2991230099,7971302547,4584708,995,0,0,0,0,2,995,0,0,0,0,0,0,0,0,0,4584770,4584811,4584865,0,0,0,0
2026-07-31T19:54:43Z,56620,1365956,3389816832,17211228160,480049143,3025038483,8057695379,4634609,1000,0,0,0,0,2,997,0,0,0,0,0,0,0,0,0,4634696,4634737,4634789,0,0,0,0
2026-07-31T19:59:44Z,57124,1365956,3443408896,17157636096,533643413,3058732179,8144678035,4684572,998,0,0,0,0,2,994,0,0,0,0,0,0,0,0,0,4684650,4684708,4685659,0,0,0,0
2026-07-31T20:04:52Z,56860,1365956,3393077248,17207967744,483301860,3093179539,8233888915,4735381,998,0,0,0,0,2,997,0,0,0,0,0,0,0,0,0,4735453,4735514,4735600,0,0,0,0
2026-07-31T20:09:54Z,55964,1365956,3446640640,17154404352,536859863,3126774931,8321969299,4785314,998,0,0,0,0,2,997,0,0,0,0,0,0,0,0,0,4785391,4785417,4785628,0,0,0,0
2026-07-31T20:14:56Z,57268,1365956,3395465216,17205579776,485685435,3159649427,8409468051,4835346,996,0,0,0,0,2,992,0,0,0,0,0,0,0,0,0,4835411,4835444,4835488,0,0,0,0
2026-07-31T20:19:57Z,56960,1365956,3448893440,17152151552,539103943,3193793683,8496884883,4885149,999,0,0,0,0,2,999,0,0,0,0,0,0,0,0,0,4885192,4885225,4885283,0,0,0,0
2026-07-31T20:24:59Z,56900,1365956,3397455872,17203589120,487664853,3227724947,8583441555,4934951,996,0,0,0,0,2,993,0,0,0,0,0,0,0,0,0,4935023,4935044,4935100,0,0,0,0
2026-07-31T20:30:00Z,61912,1365956,3346169856,17254875136,436372666,3261828243,8669555859,4984882,990,0,0,0,0,2,982,0,0,0,0,0,0,0,0,0,4984945,4985023,4985066,0,0,0,0
2026-07-31T20:35:02Z,56700,1365956,3399737344,17201307648,489939187,3295612051,8755334291,5034807,994,0,0,0,0,2,993,0,0,0,0,0,0,0,0,0,5034899,5034942,5035008,0,0,0,0
2026-07-31T20:40:04Z,57804,1365956,3348258816,17252786176,438456176,3328953491,8841563283,5084573,996,0,0,0,0,2,995,0,0,0,0,0,0,0,0,0,5084653,5084679,5084731,0,0,0,0
2026-07-31T20:45:05Z,56920,1365956,3401940992,17199104000,492140894,3358715027,8928865427,5134612,992,0,0,0,0,2,988,0,0,0,0,0,0,0,0,0,5134712,5134746,5134796,0,0,0,0
2026-07-31T20:50:07Z,60548,1365956,3350757376,17250287616,440942687,3396095123,9015078035,5184644,989,0,0,0,0,2,987,0,0,0,0,0,0,0,0,0,5184743,5184780,5184835,0,0,0,0
2026-07-31T20:55:09Z,55916,1365956,3404349440,17196695552,494534978,3429395603,9101634707,5234604,996,0,0,0,0,2,995,0,0,0,0,0,0,0,0,0,5234701,5234755,5234835,0,0,0,0
2026-07-31T21:00:11Z,57432,1365956,3353305088,17247739904,443486643,3463990419,9188306067,5284746,999,0,0,0,0,2,998,0,0,0,0,0,0,0,0,0,5284816,5284853,5284929,0,0,0,0
2026-07-31T21:05:13Z,60036,1365956,3406807040,17194237952,496989509,3484028051,9274207379,5334661,996,0,0,0,0,2,995,0,0,0,0,0,0,0,0,0,5334723,5334783,5334946,0,0,0,0
2026-07-31T21:10:16Z,56952,1365956,3355537408,17245507584,445710137,3500043411,9361255571,5384573,998,0,0,0,0,2,995,0,0,0,0,0,0,0,0,0,5384740,5384779,5384854,0,0,0,0
2026-07-31T21:15:18Z,56736,1365956,3409346560,17191698432,499517709,3533434003,9448131731,5434731,996,0,0,0,0,2,996,0,0,0,0,0,0,0,0,0,5434810,5434872,5434962,0,0,0,0
2026-07-31T21:20:21Z,57432,1365956,3358040064,17243004928,448208336,3566693523,9534229651,5484649,1000,0,0,0,0,2,998,0,0,0,0,0,0,0,0,0,5484719,5484771,5484846,0,0,0,0
2026-07-31T21:25:23Z,57588,1365956,3411660800,17189384192,501825265,3597364371,9621023891,5534638,998,0,0,0,0,2,998,0,0,0,0,0,0,0,0,0,5534697,5534759,5534873,0,0,0,0
2026-07-31T21:30:25Z,58188,1365956,3360419840,17240625152,450577503,3634465939,9707506835,5584606,998,0,0,0,0,2,995,0,0,0,0,0,0,0,0,0,5584682,5584735,5584829,0,0,0,0
2026-07-31T21:35:27Z,56304,1365956,3414097920,17186947072,504255648,3668044947,9794161811,5634645,998,0,0,0,0,2,994,0,0,0,0,0,0,0,0,0,5634720,5634801,5634896,0,0,0,0
2026-07-31T21:40:29Z,57744,1365956,3362816000,17238228992,452966561,3701705875,9880784019,5684572,995,0,0,0,0,2,993,0,0,0,0,0,0,0,0,0,5684652,5684706,5684803,0,0,0,0
2026-07-31T21:45:32Z,58940,1365956,3416281088,17184763904,506424576,3735342227,9967291539,5734417,999,0,0,0,0,2,999,0,0,0,0,0,0,0,0,0,5734484,5734533,5734652,0,0,0,0
2026-07-31T21:50:34Z,57836,1365956,3403186176,17197858816,455084487,3769085075,10054102163,5784292,995,0,0,0,0,2,995,0,0,0,0,0,0,0,0,0,5784374,5784441,5784552,0,0,0,0
2026-07-31T21:55:36Z,58092,1365956,3456958464,17144086528,508846760,3802803347,10141035667,5834417,999,0,0,0,0,2,998,0,0,0,0,0,0,0,0,0,5834481,5834555,5835183,0,0,0,0
2026-07-31T22:00:42Z,56456,1365956,3406295040,17194749952,458182415,3837398163,10229402771,5884927,996,0,0,0,0,2,990,0,0,0,0,0,0,0,0,0,5885016,5885165,5885242,0,0,0,0
2026-07-31T22:05:45Z,56716,1365956,3460136960,17140908032,512019893,3871345811,10317581459,5935102,998,0,0,0,0,2,997,0,0,0,0,0,0,0,0,0,5935199,5935231,5935331,0,0,0,0
2026-07-31T22:10:47Z,57108,1365956,3408900096,17192144896,460783916,3904801939,10404957331,5985095,999,0,0,0,0,2,998,0,0,0,0,0,0,0,0,0,5985179,5985210,5985264,0,0,0,0
2026-07-31T22:15:49Z,56244,1365956,3462553600,17138491392,514437080,3938995347,10493267091,6035114,996,0,0,0,0,2,996,0,0,0,0,0,0,0,0,0,6035184,6035224,6035276,0,0,0,0
2026-07-31T22:20:50Z,57296,1365956,3411324928,17189720064,463201420,3972754579,10580397203,6085094,995,0,0,0,0,2,994,0,0,0,0,0,0,0,0,0,6085181,6085225,6085282,0,0,0,0
2026-07-31T22:25:52Z,58756,1365956,3465056256,17135988736,516931401,4006775955,10667158675,6135183,998,0,0,0,0,2,996,0,0,0,0,0,0,0,0,0,6135257,6135300,6135414,0,0,0,0
2026-07-31T22:30:54Z,57456,1365956,3413684224,17187360768,465558029,4040912019,10753313939,6185051,997,0,0,0,0,2,995,0,0,0,0,0,0,0,0,0,6185137,6185190,6185270,0,0,0,0
2026-07-31T22:35:56Z,56456,1365956,3467362304,17133682688,519233037,4074482835,10839870611,6235077,998,0,0,0,0,2,998,0,0,0,0,0,0,0,0,0,6235161,6235213,6235311,0,0,0,0
2026-07-31T22:40:59Z,57956,1365956,3416072192,17184972800,467938686,4108020883,10926378131,6285015,999,0,0,0,0,2,997,0,0,0,0,0,0,0,0,0,6285116,6285183,6285309,0,0,0,0
2026-07-31T22:46:01Z,57740,1365956,3469762560,17131282432,521620958,4142001299,11012951187,6335054,998,0,0,0,0,2,991,0,0,0,0,0,0,0,0,0,6335167,6335224,6335311,0,0,0,0
2026-07-31T22:51:04Z,56472,1365956,3418370048,17182674944,470225768,4175596691,11099270291,6384887,995,0,0,0,0,2,994,0,0,0,0,0,0,0,0,0,6384985,6385033,6385142,0,0,0,0
2026-07-31T22:56:06Z,57888,1365956,3471982592,17129062400,523832764,4209511571,11185736851,6434858,991,0,0,0,0,2,987,0,0,0,0,0,0,0,0,0,6434986,6435053,6435172,0,0,0,0
2026-07-31T23:01:09Z,56984,1365956,3420766208,17180278784,472609378,4243942547,11272170643,6484848,998,0,0,0,0,2,997,0,0,0,0,0,0,0,0,0,6484948,6485025,6485137,0,0,0,0
2026-07-31T23:06:11Z,57672,1365956,3474288640,17126756352,526135616,4277611667,11358686355,6534739,999,0,0,0,0,2,997,0,0,0,0,0,0,0,0,0,6534990,6535038,6535153,0,0,0,0
2026-07-31T23:11:15Z,58840,1365956,3423080448,17177964544,474920691,4311141523,11445496979,6584743,993,0,0,0,0,2,990,0,0,0,0,0,0,0,0,0,6585310,6585383,6585493,0,0,0,0
2026-07-31T23:16:20Z,60668,1365956,3477196800,17123848192,529028042,4345212051,11532004499,6635164,998,0,0,0,0,2,998,0,0,0,0,0,0,0,0,0,6635225,6635288,6635398,0,0,0,0
2026-07-31T23:21:23Z,59848,1366212,3425677312,17175367680,477508201,4359179411,11618077843,6684873,998,0,0,0,0,2,997,0,0,0,0,0,0,0,0,0,6684964,6685045,6685154,0,0,0,0
2026-07-31T23:26:25Z,59376,1366212,3479384064,17121660928,531213103,4374105235,11704552595,6734953,996,0,0,0,0,2,994,0,0,0,0,0,0,0,0,0,6735055,6735126,6735226,0,0,0,0
2026-07-31T23:31:28Z,57960,1366212,3428020224,17173024768,479846430,4407184531,11790625939,6784789,998,0,0,0,0,2,997,0,0,0,0,0,0,0,0,0,6784869,6784932,6785070,0,0,0,0
2026-07-31T23:36:31Z,58608,1366212,3481624576,17119420416,533451222,4440485011,11877272723,6834752,999,0,0,0,0,2,996,0,0,0,0,0,0,0,0,0,6834851,6834906,6835057,0,0,0,0
2026-07-31T23:41:33Z,58652,1366212,3430346752,17170698240,482164186,4473916563,11964058771,6884689,999,0,0,0,0,2,998,0,0,0,0,0,0,0,0,0,6884795,6884860,6885009,0,0,0,0
2026-07-31T23:46:36Z,58704,1366212,3483926528,17117118464,535742882,4507421843,12051033235,6934626,997,0,0,0,0,2,993,0,0,0,0,0,0,0,0,0,6934718,6934778,6934913,0,0,0,0
2026-07-31T23:51:39Z,58800,1366212,3432640512,17168404480,484449501,4541230227,12137524371,6984534,1000,0,0,0,0,2,998,0,0,0,0,0,0,0,0,0,6984646,6984716,6984835,0,0,0,0
2026-07-31T23:56:42Z,59964,1366212,3486121984,17114923008,537931266,4575005843,12224097427,7034391,994,0,0,0,0,2,993,0,0,0,0,0,0,0,0,0,7034500,7034564,7034723,0,0,0,0
2026-08-01T00:01:45Z,58992,1366212,3435388928,17165656064,486486012,4607650963,12311751827,7084166,998,0,0,0,0,2,998,0,0,0,0,0,0,0,0,0,7084367,7084452,7084617,0,0,0,0
2026-08-01T00:06:48Z,60024,1366212,3489316864,17111728128,540414072,4642098323,12400127123,7134429,996,0,0,0,0,2,996,0,0,0,0,0,0,0,0,0,7134663,7134737,7134879,0,0,0,0
2026-08-01T00:11:52Z,59676,1432212,3438014464,17163030528,489109608,4675931283,12488125587,7184353,999,0,0,0,0,2,999,0,0,0,0,0,0,0,0,0,7184497,7184578,7184718,0,0,0,0
2026-08-01T00:16:55Z,61048,1432220,3386470400,17214574592,437562485,4707962003,12575394963,7234020,999,0,0,0,0,2,993,0,0,0,0,0,0,0,0,0,7234164,7234241,7234415,0,0,0,0
2026-08-01T00:21:59Z,60868,1432220,3440160768,17160884224,491247140,4738559123,12662828179,7284066,1000,0,0,0,0,2,999,0,0,0,0,0,0,0,0,0,7284180,7284246,7285855,0,0,0,0
2026-08-01T00:27:11Z,59408,1432220,3390664704,17210380288,441750657,4777471123,12758822035,7335663,993,0,0,0,0,2,990,0,0,0,0,0,0,0,0,0,7335792,7335869,7337040,0,0,0,0
2026-08-01T00:32:20Z,58408,1432220,3633324032,16967720960,496611436,4808797331,12845223059,7386810,997,0,0,0,0,2,997,0,0,0,0,0,0,0,0,0,7386907,7386939,7387301,0,0,0,0
2026-08-01T00:37:24Z,59756,1432220,3582418944,17018626048,445693165,4845972627,12931206291,7437080,997,0,0,0,0,2,992,0,0,0,0,0,0,0,0,0,7437245,7437357,7437422,0,0,0,0
2026-08-01T00:42:27Z,58032,1432220,3636174848,16964870144,499448534,4878781587,13018098835,7487185,994,0,0,0,0,2,991,0,0,0,0,0,0,0,0,0,7487323,7487370,7487441,0,0,0,0
2026-08-01T00:47:29Z,60068,1432220,3585003520,17016041472,448273473,4913851539,13104606355,7537233,995,0,0,0,0,2,992,0,0,0,0,0,0,0,0,0,7537325,7537374,7537462,0,0,0,0
2026-08-01T00:52:31Z,59708,1432220,3638579200,16962465792,501850600,4947332243,13191335059,7587178,995,0,0,0,0,2,992,0,0,0,0,0,0,0,0,0,7587299,7587344,7587407,0,0,0,0
2026-08-01T00:57:33Z,59252,1432220,3587354624,17013690368,450615199,4981091475,13277564051,7637160,995,0,0,0,0,2,993,0,0,0,0,0,0,0,0,0,7637274,7637341,7637420,0,0,0,0
2026-08-01T01:02:36Z,58500,1432220,3641167872,16959877120,504430418,5015030931,13364341907,7687330,997,0,0,0,0,2,994,0,0,0,0,0,0,0,0,0,7687437,7687565,7687713,0,0,0,0
2026-08-01T01:07:39Z,59412,1432220,3589996544,17011048448,453259203,5048683667,13450669203,7737384,998,0,0,0,0,2,996,0,0,0,0,0,0,0,0,0,7737508,7737571,7737723,0,0,0,0
2026-08-01T01:12:42Z,58192,1432220,3643777024,16957267968,507036955,5082410131,13537815699,7787520,997,0,0,0,0,2,996,0,0,0,0,0,0,0,0,0,7787656,7787722,7787847,0,0,0,0
2026-08-01T01:17:45Z,58436,1432220,3592671232,17008373760,455928395,5116529811,13624454291,7837613,1000,0,0,0,0,2,999,0,0,0,0,0,0,0,0,0,7837738,7837816,7837947,0,0,0,0
2026-08-01T01:22:48Z,58112,1432220,3646566400,16954478592,509817430,5150346387,13711502483,7887837,997,0,0,0,0,2,995,0,0,0,0,0,0,0,0,0,7887966,7888038,7888168,0,0,0,0
2026-08-01T01:27:51Z,61572,1432220,3595505664,17005539328,458752336,5184007315,13798837395,7937996,997,0,0,0,0,2,996,0,0,0,0,0,0,0,0,0,7938099,7938171,7938323,0,0,0,0
2026-08-01T01:32:54Z,58508,1432220,3649249280,16951795712,512494257,5217750163,13886229651,7988081,1000,0,0,0,0,2,998,0,0,0,0,0,0,0,0,0,7988184,7988254,7988439,0,0,0,0
2026-08-01T01:37:57Z,59708,1432220,3597996032,17003048960,461240390,5249707155,13973015699,8038036,998,0,0,0,0,2,996,0,0,0,0,0,0,0,0,0,8038157,8038225,8038395,0,0,0,0
2026-08-01T01:43:00Z,60308,1432220,3651670016,16949374976,514907191,5285031059,14060088467,8088060,999,0,0,0,0,2,992,0,0,0,0,0,0,0,0,0,8088168,8088228,8088430,0,0,0,0
2026-08-01T01:48:03Z,61820,1432220,3600351232,17000693760,463587557,5318872211,14147685523,8137958,998,0,0,0,0,2,997,0,0,0,0,0,0,0,0,0,8138567,8138648,8138860,0,0,0,0
2026-08-01T01:53:09Z,58376,1432220,3654529024,16946515968,517761827,5352754323,14235176083,8188456,994,0,0,0,0,2,992,0,0,0,0,0,0,0,0,0,8188992,8189065,8189267,0,0,0,0
2026-08-01T01:58:15Z,59516,1432220,3603881984,16997163008,467110706,5386931347,14322715795,8238969,996,0,0,0,0,2,995,0,0,0,0,0,0,0,0,0,8239117,8239207,8239410,0,0,0,0
2026-08-01T02:03:18Z,59488,1432220,3657531392,16943513600,520754685,5420559507,14410460307,8288971,988,0,0,0,0,2,987,0,0,0,0,0,0,0,0,0,8289163,8289240,8289427,0,0,0,0
2026-08-01T02:08:22Z,59424,1432220,3606102016,16994942976,469321965,5440572563,14498466963,8338754,990,0,0,0,0,2,988,0,0,0,0,0,0,0,0,0,8338924,8339006,8339143,0,0,0,0
2026-08-01T02:13:25Z,58436,1432220,3660075008,16940969984,523294327,5452909715,14587653267,8389063,997,0,0,0,0,2,994,0,0,0,0,0,0,0,0,0,8389237,8389315,8389459,0,0,0,0
2026-08-01T02:18:29Z,59188,1432220,3608940544,16992104448,472160516,5472504979,14675668115,8439137,995,0,0,0,0,2,989,0,0,0,0,0,0,0,0,0,8439320,8439393,8439620,0,0,0,0
2026-08-01T02:23:32Z,59036,1432220,3662561280,16938483712,525774322,5505207443,14763043987,8489106,1000,0,0,0,0,2,997,0,0,0,0,0,0,0,0,0,8489199,8489275,8489463,0,0,0,0
2026-08-01T02:28:36Z,60336,1432220,3611570176,16989474816,474781214,5538696339,14850616467,8539324,997,0,0,0,0,2,993,0,0,0,0,0,0,0,0,0,8539443,8539535,8539738,0,0,0,0
2026-08-01T02:33:39Z,59592,1432220,3665125376,16935919616,528329125,5572193427,14937042067,8589214,998,0,0,0,0,2,998,0,0,0,0,0,0,0,0,0,8589329,8589421,8589687,0,0,0,0
2026-08-01T02:38:43Z,59356,1432220,3613802496,16987242496,477005482,5605502099,15023738003,8639104,994,0,0,0,0,2,993,0,0,0,0,0,0,0,0,0,8639249,8639343,8639570,0,0,0,0
2026-08-01T02:43:46Z,58552,1432220,3667587072,16933457920,530788708,5639294099,15110540435,8689234,998,0,0,0,0,2,993,0,0,0,0,0,0,0,0,0,8689376,8689453,8689687,0,0,0,0
2026-08-01T02:48:50Z,59952,1432220,3616542720,16984502272,479734718,5673405587,15197818003,8739379,996,0,0,0,0,2,996,0,0,0,0,0,0,0,0,0,8739938,8740022,8740249,0,0,0,0
2026-08-01T02:53:56Z,60068,1432220,3670740992,16930304000,533928976,5707246739,15284677779,8789902,996,0,0,0,0,2,994,0,0,0,0,0,0,0,0,0,8790081,8790189,8790381,0,0,0,0
2026-08-01T02:59:00Z,59568,1432220,3619614720,16981430272,482798368,5739662483,15371349139,8839953,998,0,0,0,0,2,998,0,0,0,0,0,0,0,0,0,8840124,8840240,8840432,0,0,0,0
2026-08-01T03:04:04Z,59520,1432220,3673255936,16927789056,536437062,5770226835,15458028691,8889945,999,0,0,0,0,2,997,0,0,0,0,0,0,0,0,0,8890077,8890182,8890376,0,0,0,0
2026-08-01T03:09:07Z,59216,1432220,3621982208,16979062784,485159793,5808639123,15544503443,8939891,997,0,0,0,0,2,996,0,0,0,0,0,0,0,0,0,8940024,8940153,8940376,0,0,0,0
2026-08-01T03:14:11Z,60244,1432220,3675791360,16925253632,538964530,5842799763,15631535251,8990035,993,0,0,0,0,2,988,0,0,0,0,0,0,0,0,0,8990232,8990385,8990576,0,0,0,0
2026-08-01T03:19:16Z,59920,1432220,3624439808,16976605184,487611671,5876534419,15720852627,9039901,997,0,0,0,0,2,994,0,0,0,0,0,0,0,0,0,9040103,9040417,9042512,0,0,0,0
2026-08-01T03:24:35Z,59812,1432220,3575611392,17025433600,438785433,5911735443,15812676755,9092102,1000,0,0,0,0,2,996,0,0,0,0,0,0,0,0,0,9093201,9093244,9095913,0,0,0,0
2026-08-01T03:29:59Z,59600,1432220,3633098752,16967946240,496263025,5948271763,15902182547,9145665,997,0,0,0,0,2,991,0,0,0,0,0,0,0,0,0,9145873,9146070,9146730,0,0,0,0
2026-08-01T03:35:06Z,61752,1432220,3582775296,17018269696,445938616,5981637779,15989206163,9196507,995,0,0,0,0,2,991,0,0,0,0,0,0,0,0,0,9196679,9196778,9196853,0,0,0,0
2026-08-01T03:40:09Z,59932,1432220,3636482048,16964562944,499638298,6016609427,16075656339,9246563,998,0,0,0,0,2,997,0,0,0,0,0,0,0,0,0,9246675,9246801,9247019,0,0,0,0
2026-08-01T03:45:13Z,61236,1432220,3585515520,17015529472,448674926,6050262163,16162663571,9296811,998,0,0,0,0,2,997,0,0,0,0,0,0,0,0,0,9296946,9297009,9297156,0,0,0,0
2026-08-01T03:50:16Z,58056,1432220,3639373824,16961671168,502522438,6083972243,16249687187,9346993,998,0,0,0,0,2,996,0,0,0,0,0,0,0,0,0,9347123,9347203,9347379,0,0,0,0
2026-08-01T03:55:19Z,58836,1432220,3588104192,17012940800,451248917,6118378643,16336563347,9396948,997,0,0,0,0,2,994,0,0,0,0,0,0,0,0,0,9397073,9397135,9397295,0,0,0,0
2026-08-01T04:00:22Z,58844,1432220,3641700352,16959344640,504847482,6151744659,16424004755,9446912,998,0,0,0,0,2,998,0,0,0,0,0,0,0,0,0,9447158,9447235,9447421,0,0,0,0
2026-08-01T04:05:26Z,60388,1432220,3590639616,17010405376,453783913,6185659539,16512158867,9497069,999,0,0,0,0,2,998,0,0,0,0,0,0,0,0,0,9497653,9497715,9497911,0,0,0,0
2026-08-01T04:10:32Z,58232,1432220,3644837888,16956207104,507966760,6219992211,16600329363,9547564,1000,0,0,0,0,2,999,0,0,0,0,0,0,0,0,0,9547781,9547999,9548221,0,0,0,0
2026-08-01T04:15:37Z,60628,1432220,3593990144,17007054848,457115228,6254128275,16688884883,9597914,996,0,0,0,0,2,994,0,0,0,0,0,0,0,0,0,9598083,9598182,9598388,0,0,0,0
2026-08-01T04:20:41Z,58844,1432220,3647979520,16953065472,511102935,6288313491,16777006227,9648227,1000,0,0,0,0,2,994,0,0,0,0,0,0,0,0,0,9648428,9648503,9648700,0,0,0,0
2026-08-01T04:25:45Z,59144,1432220,3596877824,17004167168,460000794,6321998995,16864775315,9698337,995,0,0,0,0,2,993,0,0,0,0,0,0,0,0,0,9698511,9698579,9698799,0,0,0,0
2026-08-01T04:30:48Z,59436,1432220,3650670592,16950374400,513793321,6356012179,16952577171,9748477,999,0,0,0,0,2,997,0,0,0,0,0,0,0,0,0,9748884,9748985,9749185,0,0,0,0
2026-08-01T04:35:54Z,60072,1432220,3599724544,17001320448,462835277,6390328467,17039682707,9798718,998,0,0,0,0,2,996,0,0,0,0,0,0,0,0,0,9798886,9798972,9799195,0,0,0,0
2026-08-01T04:40:57Z,59708,1432220,3653492736,16947552256,516604978,6424095891,17126755475,9848830,998,0,0,0,0,2,995,0,0,0,0,0,0,0,0,0,9849006,9849088,9849296,0,0,0,0
2026-08-01T04:46:01Z,59208,1432220,3602386944,16998658048,465498448,6458240147,17214508179,9898936,997,0,0,0,0,2,996,0,0,0,0,0,0,0,0,0,9899640,9899734,9899940,0,0,0,0
2026-08-01T04:51:08Z,60624,1432220,3656802304,16944242688,519912090,6492351635,17303006355,9949657,996,0,0,0,0,2,995,0,0,0,0,0,0,0,0,0,9950809,9950921,9951122,0,0,0,0
2026-08-01T04:56:18Z,59004,1432220,3606753280,16994291712,469855256,6527274131,17389563027,10000719,999,0,0,0,0,2,998,0,0,0,0,0,0,0,0,0,10000980,10001078,10001289,0,0,0,0
2026-08-01T05:01:22Z,59360,1432220,3660333056,16940711936,523432793,6559894675,17476037779,10050672,996,0,0,0,0,2,994,0,0,0,0,0,0,0,0,0,10050878,10050999,10051191,0,0,0,0
2026-08-01T05:06:26Z,59284,1432220,3608698880,16992346112,471786765,6594448531,17562021011,10100243,999,0,0,0,0,2,997,0,0,0,0,0,0,0,0,0,10100464,10100582,10100784,0,0,0,0
2026-08-01T05:11:30Z,60976,1432220,3662454784,16938590208,525539024,6628494483,17648446611,10150348,995,0,0,0,0,2,988,0,0,0,0,0,0,0,0,0,10150562,10150673,10150907,0,0,0,0
2026-08-01T05:16:35Z,59960,1432220,3611201536,16989843456,474280592,6661721235,17734872211,10200286,998,0,0,0,0,2,997,0,0,0,0,0,0,0,0,0,10200504,10200615,10200858,0,0,0,0
2026-08-01T05:21:39Z,59512,1432220,3664830464,16936214528,527904069,6695210131,17821150355,10250268,998,0,0,0,0,2,995,0,0,0,0,0,0,0,0,0,10250558,10250701,10250928,0,0,0,0
2026-08-01T05:26:44Z,59712,1432220,3613843456,16987201536,476920279,6729976979,17908395155,10300454,996,0,0,0,0,2,996,0,0,0,0,0,0,0,0,0,10300841,10300921,10301144,0,0,0,0
2026-08-01T05:31:49Z,59552,1432220,3667521536,16933523456,530591920,6764571795,17994730643,10350479,999,0,0,0,0,2,997,0,0,0,0,0,0,0,0,0,10350671,10350780,10351000,0,0,0,0
2026-08-01T05:36:53Z,60100,1432220,3615879168,16985165824,478947064,6798167187,18080648339,10400057,997,0,0,0,0,2,995,0,0,0,0,0,0,0,0,0,10400212,10400328,10400543,0,0,0,0
2026-08-01T05:41:58Z,60468,1432220,3668779008,16932265984,531842818,6810823827,18166172819,10449354,997,0,0,0,0,2,995,0,0,0,0,0,0,0,0,0,10449561,10449701,10449893,0,0,0,0
2026-08-01T05:47:02Z,59820,1432220,3617763328,16983281664,480826626,6821620883,18253163667,10499518,997,0,0,0,0,2,993,0,0,0,0,0,0,0,0,0,10499723,10499869,10500092,0,0,0,0
2026-08-01T05:52:06Z,60228,1432220,3671613440,16929431552,534670358,6836374675,18339908755,10549707,993,0,0,0,0,2,989,0,0,0,0,0,0,0,0,0,10549958,10550234,10550828,0,0,0,0
2026-08-01T05:57:14Z,59108,1432220,3621380096,16979664896,484436229,6869486739,18428005523,10600599,998,0,0,0,0,2,994,0,0,0,0,0,0,0,0,0,10600913,10601133,10602246,0,0,0,0
2026-08-01T06:02:27Z,58788,1432220,3676360704,16924684288,539410002,6903565459,18517355667,10651842,999,0,0,0,0,2,996,0,0,0,0,0,0,0,0,0,10652059,10652212,10653396,0,0,0,0
2026-08-01T06:07:39Z,60364,1432220,3626233856,16974811136,489280532,6937857171,18607565971,10702831,996,0,0,0,0,2,996,0,0,0,0,0,0,0,0,0,10703350,10703472,10703720,0,0,0,0
2026-08-01T06:12:46Z,61380,1432220,3575103488,17025941504,438147451,6970477715,18695064723,10752892,996,0,0,0,0,2,995,0,0,0,0,0,0,0,0,0,10753114,10753246,10753489,0,0,0,0
2026-08-01T06:17:51Z,61568,1432220,3628675072,16972369920,491722716,7005342867,18783595667,10802835,983,0,0,0,0,2,969,0,0,0,0,0,0,0,0,0,10803317,10803731,10804306,0,0,0,0
2026-08-01T06:23:01Z,62976,1432828,4255801344,16345243648,440623789,7039610003,18871143571,10852816,973,0,0,0,0,2,952,0,0,0,0,0,0,0,0,0,10853241,10853534,10853925,0,0,0,0
2026-08-01T06:28:09Z,61572,1432828,4081770496,16519274496,494645612,7073393811,18958347411,10903104,998,0,0,0,0,2,998,0,0,0,0,0,0,0,0,0,10903461,10903629,10906191,0,0,0,0
2026-08-01T06:33:34Z,61336,1432828,4033843200,16567201792,446716681,7109045395,19057478803,10956049,998,0,0,0,0,2,996,0,0,0,0,0,0,0,0,0,10960294,10960396,10962815,0,0,0,0
2026-08-01T06:39:18Z,60852,1432828,4094935040,16506109952,507806384,7148792979,19149294739,11012975,997,0,0,0,0,2,993,0,0,0,0,0,0,0,0,0,11013179,11013278,11016468,0,0,0,0
2026-08-01T06:44:43Z,60668,1432828,4047298560,16553746432,460167049,7184788627,19243584659,11066289,998,0,0,0,0,2,997,0,0,0,0,0,0,0,0,0,11067482,11067656,11069157,0,0,0,0
2026-08-01T06:50:03Z,61700,1432828,4104204288,16496840704,517071446,7220636819,19334859923,11119341,998,0,0,0,0,2,995,0,0,0,0,0,0,0,0,0,11120298,11120573,11121017,0,0,0,0
2026-08-01T06:55:15Z,61396,1432828,4054581248,16546463744,467437993,7255952531,19424742547,11170806,997,0,0,0,0,2,995,0,0,0,0,0,0,0,0,0,11172202,11172346,11175437,0,0,0,0
2026-08-01T07:00:48Z,60376,1432828,4113727488,16487317504,526581730,7293562003,19518745747,11225928,999,0,0,0,0,2,999,0,0,0,0,0,0,0,0,0,11226644,11226781,11229454,0,0,0,0
2026-08-01T07:06:17Z,60612,1432828,4066947072,16534097920,479791102,7330073747,19620629651,11280033,999,0,0,0,0,2,997,0,0,0,0,0,0,0,0,0,11281736,11282253,11283946,0,0,0,0
2026-08-01T07:11:44Z,59288,1432828,4124336128,16476708864,537181428,7366691987,19711388819,11333531,1000,0,0,0,0,2,999,0,0,0,0,0,0,0,0,0,11334193,11334865,11335750,0,0,0,0
2026-08-01T07:16:58Z,60132,1432828,4074938368,16526106624,487782796,7402187923,19800509587,11385206,999,0,0,0,0,2,998,0,0,0,0,0,0,0,0,0,11385734,11385820,11386069,0,0,0,0
2026-08-01T07:22:04Z,63352,1432828,4024061952,16576983040,436903950,7436438675,19883560083,11435499,997,0,0,0,0,2,995,0,0,0,0,0,0,0,0,0,11435658,11435705,11435919,0,0,0,0
2026-08-01T07:27:08Z,60600,1432828,4077834240,16523210752,490674553,7470746771,19970591891,11485626,996,0,0,0,0,2,993,0,0,0,0,0,0,0,0,0,11485844,11485944,11486209,0,0,0,0
2026-08-01T07:32:12Z,60476,1432828,4026679296,16574365696,439517449,7504596115,20056493203,11535672,996,0,0,0,0,2,996,0,0,0,0,0,0,0,0,0,11535852,11535937,11536189,0,0,0,0
2026-08-01T07:37:17Z,59832,1432828,4080267264,16520777728,493096086,7538363539,20142779539,11585602,998,0,0,0,0,2,994,0,0,0,0,0,0,0,0,0,11585828,11585907,11586173,0,0,0,0
2026-08-01T07:42:21Z,59848,1432828,4029321216,16571723776,442153623,7572835475,20229205139,11635857,998,0,0,0,0,2,996,0,0,0,0,0,0,0,0,0,11636065,11636173,11636424,0,0,0,0
2026-08-01T07:47:25Z,61144,1432828,4082929664,16518115328,495755565,7605890195,20315638931,11685815,999,0,0,0,0,2,998,0,0,0,0,0,0,0,0,0,11686048,11686133,11686402,0,0,0,0
2026-08-01T07:52:30Z,61904,1432828,4031758336,16569286656,444587167,7640591507,20405267603,11735847,998,0,0,0,0,2,995,0,0,0,0,0,0,0,0,0,11737510,11737602,11737883,0,0,0,0
2026-08-01T07:57:44Z,59736,1432828,4087394304,16513650688,500221113,7676210323,20493610131,11787702,996,0,0,0,0,2,994,0,0,0,0,0,0,0,0,0,11788143,11788247,11788506,0,0,0,0
2026-08-01T08:02:50Z,60264,1432828,4036431872,16564613120,449251854,7710608531,20584377491,11837923,998,0,0,0,0,2,997,0,0,0,0,0,0,0,0,0,11840183,11840451,11840657,0,0,0,0
2026-08-01T08:08:08Z,60812,1432828,4092432384,16508612608,505243765,7746800787,20671941779,11890109,995,0,0,0,0,2,994,0,0,0,0,0,0,0,0,0,11890389,11890508,11890725,0,0,0,0
2026-08-01T08:13:13Z,65668,1432828,4041543680,16559501312,454353742,7781158035,20760513683,11940408,998,0,0,0,0,2,996,0,0,0,0,0,0,0,0,0,11940632,11940776,11941027,0,0,0,0
2026-08-01T08:18:18Z,64684,1432828,4095238144,16505806848,508047412,7814999187,20848987283,11990434,999,0,0,0,0,2,998,0,0,0,0,0,0,0,0,0,11990647,11990771,11991273,0,0,0,0
2026-08-01T08:23:24Z,63736,1432828,4044464128,16556580864,457267331,7849168019,20937526419,12040832,990,0,0,0,0,2,986,0,0,0,0,0,0,0,0,0,12041074,12041193,12041458,0,0,0,0
2026-08-01T08:28:29Z,63944,1432828,4098367488,16502677504,511170589,7883058323,21025860755,12091073,999,0,0,0,0,2,999,0,0,0,0,0,0,0,0,0,12091750,12091868,12092094,0,0,0,0
2026-08-01T08:33:36Z,63048,1432828,4047740928,16553304064,460539552,7917759635,21113080979,12141602,995,0,0,0,0,2,993,0,0,0,0,0,0,0,0,0,12141840,12141946,12142195,0,0,0,0
2026-08-01T08:38:41Z,63792,1432828,4101476352,16499568640,514276171,7951682707,21200465043,12191693,991,0,0,0,0,2,986,0,0,0,0,0,0,0,0,0,12191972,12192075,12192284,0,0,0,0
2026-08-01T08:43:45Z,76276,1432828,4055859200,16545185792,468652016,,,,,,,,,,,,,,,,,,,,,,,,,,
2026-08-01T08:48:46Z,66020,1432828,4114644992,16486400000,527429119,8017491635,21361784499,12284635,1997,0,0,0,0,2,1993,0,0,0,0,0,0,0,0,0,12285133,12285483,12286202,0,0,0,0
2026-08-01T08:53:56Z,63440,1432828,4063215616,16537829376,475997118,8051726003,21449045683,12335644,1997,0,0,0,0,2,1991,0,0,0,0,0,0,0,0,0,12335946,12336088,12336306,0,0,0,0
2026-08-01T08:59:03Z,63940,1432828,4117020672,16484024320,529802742,8085665459,21537527475,12385795,1998,0,0,0,0,2,1996,0,0,0,0,0,0,0,0,0,12386999,12387135,12387548,0,0,0,0
2026-08-01T09:04:15Z,63816,1432828,4067123200,16533921792,479899507,8120702643,21625403059,12436994,1996,0,0,0,0,2,1993,0,0,0,0,0,0,0,0,0,12437828,12438286,12441404,0,0,0,0
2026-08-01T09:09:50Z,59456,1432828,4125822976,16475222016,538596149,8158287539,21724485299,12491686,1963,0,0,0,0,2,1928,0,0,0,0,0,0,0,0,0,12494904,12495026,12497897,0,0,0,0
2026-08-01T09:15:34Z,60688,1432828,4081319936,16519725056,494084258,8197650099,21823395507,12547916,1996,0,0,0,0,2,1992,0,0,0,0,0,0,0,0,0,12552017,12552157,12555731,0,0,0,0
2026-08-01T09:21:27Z,60284,1432828,4038529024,16562515968,451288617,8238380723,21926221491,12605711,1996,0,0,0,0,2,1992,0,0,0,0,0,0,0,0,0,12611588,12611774,12614527,0,0,0,0
2026-08-01T09:27:25Z,59292,1432828,4101554176,16499490816,514311861,8281568947,22025672371,12664429,1998,0,0,0,0,2,1992,0,0,0,0,0,0,0,0,0,12668852,12669093,12671292,0,0,0,0
2026-08-01T09:33:15Z,59520,1432828,4058034176,16543010816,470789467,8321291955,22123812531,12721543,1997,0,0,0,0,2,1996,0,0,0,0,0,0,0,0,0,12725762,12726802,12729652,0,0,0,0
2026-08-01T09:39:14Z,60304,1432828,4121202688,16479842304,533955556,8361899699,22223451827,12780398,1997,0,0,0,0,2,1992,0,0,0,0,0,0,0,0,0,12783093,12783333,12786385,0,0,0,0
2026-08-01T09:45:01Z,63104,1432828,4076589056,16524455936,489340549,8402376371,22324352691,12836505,1999,0,0,0,0,2,1996,0,0,0,0,0,0,0,0,0,12841091,12841379,12844849,0,0,0,0
2026-08-01T09:51:04Z,60852,1432828,4034879488,16566165504,447623532,8444139187,22426121907,12895331,1997,0,0,0,0,2,1995,0,0,0,0,0,0,0,0,0,12899663,12899904,12902728,0,0,0,0
2026-08-01T09:56:59Z,59248,1432828,4096937984,16504107008,509680061,8485107379,22527678131,12953150,1883,0,0,0,0,2,1780,0,0,0,0,0,0,0,0,0,12958113,12958326,12961658,0,0,0,0
2026-08-01T10:02:59Z,59580,1432828,4055568384,16545476608,468309674,8527165107,22625957555,13012284,1997,0,0,0,0,2,1995,0,0,0,0,0,0,0,0,0,13014356,13014651,13017072,0,0,0,0
2026-08-01T10:08:35Z,60400,1432828,4114374656,16486670336,527108017,8543925939,22718469811,13067080,1995,0,0,0,0,2,1992,0,0,0,0,0,0,0,0,0,13067211,13067324,13070068,0,0,0,0
2026-08-01T10:13:59Z,61288,1432828,4066971648,16534073344,479702348,8555050675,22812620467,13120626,1995,0,0,0,0,2,1993,0,0,0,0,0,0,0,0,0,13120889,13121015,13122270,0,0,0,0
2026-08-01T10:19:13Z,59272,1432828,4122607616,16478437376,535337023,8566093491,22904174259,13172486,1992,0,0,0,0,2,1992,0,0,0,0,0,0,0,0,0,13172782,13173087,13175102,0,0,0,0
2026-08-01T10:24:35Z,60320,1432828,4074659840,16526385152,487385707,8581805747,22997505715,13225523,1997,0,0,0,0,2,1992,0,0,0,0,0,0,0,0,0,13225974,13226463,13229485,0,0,0,0
2026-08-01T10:30:04Z,59240,1432828,4028071936,16572973056,440797404,8613926579,23095162547,13279833,1994,0,0,0,0,2,1993,0,0,0,0,0,0,0,0,0,13281816,13281971,13284940,0,0,0,0
2026-08-01T10:35:46Z,59392,1432828,4088025088,16513019904,500744130,8652355251,23193310899,13335695,1998,0,0,0,0,2,1994,0,0,0,0,0,0,0,0,0,13338212,13338570,13341845,0,0,0,0
2026-08-01T10:41:32Z,59456,1432828,4043988992,16557056000,456702576,8690898611,23291459251,13392363,1998,0,0,0,0,2,1995,0,0,0,0,0,0,0,0,0,13394702,13394854,13397977,0,0,0,0
2026-08-01T10:47:14Z,58668,1432828,4104560640,16496484352,517272813,8729409203,23392556723,13448805,1998,0,0,0,0,2,1995,0,0,0,0,0,0,0,0,0,13453311,13453659,13456994,0,0,0,0
2026-08-01T10:53:12Z,59248,1432828,4062834688,16538210304,475546110,8770713267,23491434163,13507636,1828,0,0,0,0,2,1665,0,0,0,0,0,0,0,0,0,13510358,13510554,13513095,0,0,0,0
2026-08-01T10:58:56Z,59608,1432828,4123127808,16477917184,535835130,8807405235,23590147763,13563813,1996,0,0,0,0,2,1989,0,0,0,0,0,0,0,0,0,13567361,13567702,13571172,0,0,0,0
2026-08-01T11:04:53Z,60116,1432828,4080672768,16520372224,493371498,8850495155,23690909363,13621945,1994,0,0,0,0,2,1989,0,0,0,0,0,0,0,0,0,13625360,13625556,13628736,0,0,0,0
2026-08-01T11:10:47Z,60764,1432828,4037480448,16563564544,450174455,8890734259,23791449779,13679386,1998,0,0,0,0,2,1995,0,0,0,0,0,0,0,0,0,13683163,13684076,13686972,0,0,0,0
2026-08-01T11:16:43Z,59616,1432828,4100132864,16500912128,512818011,8931677875,23891834547,13737758,1996,0,0,0,0,2,1990,0,0,0,0,0,0,0,0,0,13741123,13741336,13744629,0,0,0,0
2026-08-01T11:22:34Z,61044,1432828,4057018368,16544026624,469700023,8972007091,23991932595,13795342,1998,0,0,0,0,2,1995,0,0,0,0,0,0,0,0,0,13798956,13799261,13802805,0,0,0,0
2026-08-01T11:28:30Z,60164,1432828,4119703552,16481341440,532385964,9012745907,24093890227,13853736,1768,0,0,0,0,2,1582,0,0,0,0,0,0,0,0,0,13857742,13857808,13860426,0,0,0,0
2026-08-01T11:34:23Z,59948,1432828,4076146688,16524898304,488825572,9052894899,24192767667,13910937,1997,0,0,0,0,2,1992,0,0,0,0,0,0,0,0,0,13914858,13916134,13918764,0,0,0,0
2026-08-01T11:40:22Z,61028,1432828,4034129920,16566915072,446805650,9093797555,24303498931,13969484,1999,0,0,0,0,2,1996,0,0,0,0,0,0,0,0,0,13973457,13974208,13977266,0,0,0,0
2026-08-01T11:46:21Z,59684,1432828,4096933888,16504111104,509603567,9134216883,24404416179,14028003,1995,0,0,0,0,2,1991,0,0,0,0,0,0,0,0,0,14031802,14032607,14035876,0,0,0,0
2026-08-01T11:52:16Z,59712,1432828,4054745088,16546299904,467413009,9175332531,24498714291,14086382,1998,0,0,0,0,2,1995,0,0,0,0,0,0,0,0,0,14087966,14088780,14090316,0,0,0,0
2026-08-01T11:57:42Z,59732,1432828,4112490496,16488554496,525158202,9212106419,24592185011,14140209,1997,0,0,0,0,2,1993,0,0,0,0,0,0,0,0,0,14141811,14142706,14144470,0,0,0,0
2026-08-01T12:03:14Z,59324,1432828,4066209792,16534835200,478870940,9249789619,24685352627,14194799,1999,0,0,0,0,2,1994,0,0,0,0,0,0,0,0,0,14197456,14197606,14197954,0,0,0,0
2026-08-01T12:08:34Z,60760,1432828,4122742784,16478302208,535448681,9288496819,24781321907,9063512,1814,0,0,0,0,2,1679,0,0,0,0,0,0,0,0,0,14252168,14253465,14253767,0,0,0,0
2026-08-01T12:14:34Z,65044,1432828,4078047232,16522997760,490744548,9319814835,24875415219,160774,1000,0,0,0,0,2,999,0,0,0,0,0,0,0,0,0,10276982,9938063,9732128,0,0,0,0
2026-08-01T12:21:27Z,64400,1432828,4043321344,16557723648,456006023,9320339123,24985335475,225971,997,0,0,0,0,2,992,0,0,0,0,0,0,0,0,0,7587727,7478780,7417828,0,0,0,0
2026-08-01T12:27:07Z,63264,1432828,4102840320,16498204672,515527848,9317455539,25079281331,281417,999,0,0,0,0,2,998,0,0,0,0,0,0,0,0,0,5730155,5618945,5568050,0,0,0,0
2026-08-01T12:32:47Z,64280,1432828,4057800704,16543244288,470482991,9318577843,25161799347,337115,996,0,0,0,0,2,996,0,0,0,0,0,0,0,0,0,4932746,4934302,4934706,0,0,0,0
2026-08-01T12:38:04Z,65040,1432828,4113375232,16487669760,526057427,9318405811,25225139891,388917,990,0,0,0,0,2,987,0,0,0,0,0,0,0,0,0,4984553,4984585,4984961,0,0,0,0
2026-08-01T12:43:15Z,64348,1432828,4063604736,16537440256,476275734,9316816563,25260439219,440233,999,0,0,0,0,2,999,0,0,0,0,0,0,0,0,0,5035826,5035851,5035914,0,0,0,0
2026-08-01T12:48:21Z,63356,1432828,4117901312,16483143680,530571389,9318545075,25260439219,490848,995,0,0,0,0,2,995,0,0,0,0,0,0,0,0,0,5086462,5086489,5086527,0,0,0,0
2026-08-01T12:53:23Z,64420,1432828,4066541568,16534503424,479208415,9321789107,25260439219,540730,999,0,0,0,0,2,996,0,0,0,0,0,0,0,0,0,5136340,5136377,5136433,0,0,0,0
2026-08-01T12:58:24Z,64864,1432828,4120113152,16480931840,532781228,9318454963,25260439219,590670,996,0,0,0,0,2,996,0,0,0,0,0,0,0,0,0,5186273,5186319,5186390,0,0,0,0
2026-08-01T13:03:26Z,63460,1432828,4068773888,16532271104,481433900,9318512307,25260439219,640554,998,0,0,0,0,2,998,0,0,0,0,0,0,0,0,0,5236149,5236191,5236250,0,0,0,0
2026-08-01T13:08:28Z,63900,1432828,4122394624,16478650368,535054446,9318397619,25260439219,690530,997,0,0,0,0,2,997,0,0,0,0,0,0,0,0,0,5286131,5286189,5286246,0,0,0,0
2026-08-01T13:13:30Z,59464,1432828,4071055360,16529989632,483714157,9317177011,25260439219,740434,994,0,0,0,0,2,992,0,0,0,0,0,0,0,0,0,5336058,5336104,5336185,0,0,0,0
2026-08-01T13:18:32Z,59260,1432828,4124819456,16476225536,537476428,9318684339,25260439219,790543,998,0,0,0,0,2,995,0,0,0,0,0,0,0,0,0,5386156,5386207,5386266,0,0,0,0
2026-08-01T13:23:33Z,60508,1432828,4073500672,16527544320,486158373,9321748147,25260439219,840478,998,0,0,0,0,2,995,0,0,0,0,0,0,0,0,0,5436089,5436146,5436210,0,0,0,0
2026-08-01T13:28:35Z,58856,1432828,4127162368,16473882624,539807426,9317308083,25260439219,890474,996,0,0,0,0,2,992,0,0,0,0,0,0,0,0,0,5486129,5486192,5486247,0,0,0,0
2026-08-01T13:33:38Z,59324,1432828,4075978752,16525066240,488624190,9318487731,25260439219,940529,996,0,0,0,0,2,995,0,0,0,0,0,0,0,0,0,5536141,5536187,5536264,0,0,0,0
2026-08-01T13:38:40Z,60732,1432828,4024565760,16576479232,437208384,9318512307,25260439219,990355,1000,0,0,0,0,2,999,0,0,0,0,0,0,0,0,0,5585959,5586015,5586078,0,0,0,0
2026-08-01T13:43:42Z,59396,1432828,4078247936,16522797056,490890890,9318463155,25260439219,1040392,995,0,0,0,0,2,993,0,0,0,0,0,0,0,0,0,5636005,5636066,5636146,0,0,0,0
2026-08-01T13:48:44Z,61028,1432828,4028309504,16572735488,440944341,9318528691,25260439219,1090375,998,0,0,0,0,2,994,0,0,0,0,0,0,0,0,0,5685984,5686042,5686107,0,0,0,0
2026-08-01T13:53:46Z,59248,1432828,4081803264,16519241728,494438285,9315882675,25260439219,1140234,997,0,0,0,0,2,996,0,0,0,0,0,0,0,0,0,5735854,5735929,5736000,0,0,0,0
2026-08-01T13:58:48Z,60684,1432828,4030468096,16570576896,443092906,9318569651,25260439219,1190142,994,0,0,0,0,2,989,0,0,0,0,0,0,0,0,0,5785752,5785820,5785908,0,0,0,0
2026-08-01T14:03:50Z,60356,1432828,4083994624,16517050368,496616425,9318307507,25260439219,1240030,996,0,0,0,0,2,994,0,0,0,0,0,0,0,0,0,5835649,5835740,5835799,0,0,0,0
2026-08-01T14:08:52Z,61180,1432828,4032679936,16568365056,445296304,9318667955,25260439219,1289955,998,0,0,0,0,2,997,0,0,0,0,0,0,0,0,0,5885562,5885623,5885700,0,0,0,0
2026-08-01T14:13:54Z,59788,1432828,4086349824,16514695168,498960015,9318569651,25260439219,1339986,995,0,0,0,0,2,994,0,0,0,0,0,0,0,0,0,5935596,5935672,5935753,0,0,0,0
2026-08-01T14:18:56Z,61084,1432828,4035125248,16565919744,447738154,9318692531,25260439219,1390011,989,0,0,0,0,2,985,0,0,0,0,0,0,0,0,0,5985736,5985815,5985893,0,0,0,0
2026-08-01T14:23:59Z,59760,1432828,4088930304,16512114688,501539140,9318610611,25260439219,1440167,995,0,0,0,0,2,992,0,0,0,0,0,0,0,0,0,6035790,6035865,6035924,0,0,0,0
2026-08-01T14:29:01Z,59968,1432828,4037701632,16563343360,450303910,9317652147,25260439219,1490189,997,0,0,0,0,2,995,0,0,0,0,0,0,0,0,0,6085810,6085887,6085977,0,0,0,0
2026-08-01T14:34:03Z,60056,1432828,4091510784,16509534208,504102663,9318651571,25260439219,1540336,996,0,0,0,0,2,995,0,0,0,0,0,0,0,0,0,6135943,6136026,6138800,0,0,0,0
2026-08-01T14:39:25Z,61488,1432828,4043759616,16557285376,456358491,9318528691,25260439219,1593601,998,0,0,0,0,2,996,0,0,0,0,0,0,0,0,0,6189220,6189298,6191925,0,0,0,0
2026-08-01T14:44:45Z,61052,1432828,4100489216,16500555776,513083078,9318758067,25260439219,1646495,999,0,0,0,0,2,999,0,0,0,0,0,0,0,0,0,6242105,6242188,6244686,0,0,0,0
2026-08-01T14:50:05Z,62528,1432828,4052664320,16548380672,465260983,9318512307,25260447411,1699664,997,0,0,0,0,2,997,0,0,0,0,0,0,0,0,0,6295272,6295306,6295428,0,0,0,0
2026-08-01T14:55:08Z,61284,1432828,4106461184,16494583808,519047763,9323067059,25260447411,1749803,994,0,0,0,0,2,989,0,0,0,0,0,0,0,0,0,6345562,6345594,6345654,0,0,0,0
2026-08-01T15:00:11Z,60788,1432828,4055257088,16545787904,467842571,9318594227,25260447411,1799835,1000,0,0,0,0,2,1000,0,0,0,0,0,0,0,0,0,6395437,6395484,6395555,0,0,0,0
2026-08-01T15:05:12Z,60780,1432828,4108861440,16492183552,521444800,9318561459,25260447411,1849814,998,0,0,0,0,2,996,0,0,0,0,0,0,0,0,0,6445432,6445477,6445559,0,0,0,0
2026-08-01T15:10:14Z,60548,1432828,4057636864,16543408128,470221160,9318512307,25260447411,1899833,997,0,0,0,0,2,995,0,0,0,0,0,0,0,0,0,6495430,6495481,6495554,0,0,0,0
2026-08-01T15:15:16Z,58476,1432828,4111187968,16489857024,523761978,9318446771,25260447411,1949726,1000,0,0,0,0,2,999,0,0,0,0,0,0,0,0,0,6545336,6545366,6545443,0,0,0,0
2026-08-01T15:20:18Z,59404,1432828,4059758592,16541286400,472331053,9317488307,25260447411,1999540,1000,0,0,0,0,2,999,0,0,0,0,0,0,0,0,0,6595152,6595208,6595270,0,0,0,0
2026-08-01T15:25:20Z,59560,1432828,4113412096,16487632896,525983831,9318422195,25260455603,2049559,998,0,0,0,0,2,997,0,0,0,0,0,0,0,0,0,6645183,6645240,6645309,0,0,0,0
2026-08-01T15:30:22Z,60668,1432828,4062081024,16538963968,474644936,9322469043,25260455603,2099452,996,0,0,0,0,2,989,0,0,0,0,0,0,0,0,0,6695078,6695156,6695235,0,0,0,0
2026-08-01T15:35:24Z,60812,1432828,4115718144,16485326848,528281305,9318643379,25260455603,2149460,999,0,0,0,0,2,999,0,0,0,0,0,0,0,0,0,6745067,6745131,6745198,0,0,0,0
2026-08-01T15:40:26Z,59008,1432828,4064243712,16536801280,476806513,9323108019,25260455603,2199241,996,0,0,0,0,2,992,0,0,0,0,0,0,0,0,0,6794888,6794956,6795016,0,0,0,0
2026-08-01T15:45:28Z,61664,1432828,4117876736,16483168256,530436784,9318774451,25260455603,2249237,998,0,0,0,0,2,995,0,0,0,0,0,0,0,0,0,6844865,6844931,6844994,0,0,0,0
2026-08-01T15:50:30Z,57872,1432828,4066537472,16534507520,479086113,9318626995,25260455603,2299135,998,0,0,0,0,2,994,0,0,0,0,0,0,0,0,0,6894757,6894814,6894910,0,0,0,0
2026-08-01T15:55:32Z,59628,1432828,4120219648,16480825344,532765201,9318602419,25260455603,2349169,996,0,0,0,0,2,990,0,0,0,0,0,0,0,0,0,6944779,6944843,6944904,0,0,0,0
2026-08-01T16:00:35Z,61028,1432828,4068884480,16532160512,481423401,9318528691,25260455603,2399080,996,0,0,0,0,2,993,0,0,0,0,0,0,0,0,0,6994699,6994756,6994826,0,0,0,0
2026-08-01T16:05:37Z,59576,1432828,4122537984,16478507008,535078564,9318643379,25260455603,2449109,998,0,0,0,0,2,995,0,0,0,0,0,0,0,0,0,7044717,7044784,7044858,0,0,0,0
2026-08-01T16:10:39Z,59240,1432828,4071202816,16529842176,483742591,9318553267,25260455603,2499019,1000,0,0,0,0,2,998,0,0,0,0,0,0,0,0,0,7094625,7094719,7094794,0,0,0,0
2026-08-01T16:15:41Z,57888,1432828,4124860416,16476184576,537400023,9318700723,25260455603,2549039,995,0,0,0,0,2,994,0,0,0,0,0,0,0,0,0,7144671,7144767,7147431,0,0,0,0
2026-08-01T16:20:59Z,60032,1432828,4076441600,16524603392,488970110,9318667955,25260455603,2601666,998,0,0,0,0,2,996,0,0,0,0,0,0,0,0,0,7197296,7197389,7199511,0,0,0,0
2026-08-01T16:26:16Z,61576,1432828,4027805696,16573239296,440336874,9318610611,25260455603,2654114,999,0,0,0,0,2,999,0,0,0,0,0,0,0,0,0,7249722,7249809,7252000,0,0,0,0
2026-08-01T16:31:32Z,58760,1432828,4083900416,16517144576,496420482,9318717107,25260455603,2706393,994,0,0,0,0,2,992,0,0,0,0,0,0,0,0,0,7302063,7302138,7304306,0,0,0,0
2026-08-01T16:36:50Z,59264,1432828,4035301376,16565743616,447828498,9318512307,25260455603,2758845,998,0,0,0,0,2,996,0,0,0,0,0,0,0,0,0,7354457,7354549,7356542,0,0,0,0
2026-08-01T16:42:06Z,60820,1432828,4091437056,16509607936,503954612,9322952371,25260455603,2811165,997,0,0,0,0,2,994,0,0,0,0,0,0,0,0,0,7406776,7406877,7408856,0,0,0,0
2026-08-01T16:47:22Z,61072,1432828,4042481664,16558563328,454998348,9318733491,25260455603,2863303,995,0,0,0,0,2,995,0,0,0,0,0,0,0,0,0,7458922,7459048,7461133,0,0,0,0
2026-08-01T16:52:38Z,58748,1432828,4098510848,16502534144,511023220,9318479539,25260455603,2915534,997,0,0,0,0,2,995,0,0,0,0,0,0,0,0,0,7511175,7511270,7513257,0,0,0,0
2026-08-01T16:57:54Z,60532,1432828,4049862656,16551182336,462370612,9318479539,25260455603,2967921,997,0,0,0,0,2,993,0,0,0,0,0,0,0,0,0,7563549,7563627,7565813,0,0,0,0
2026-08-01T17:03:11Z,59260,1432828,4106162176,16494882816,518667199,9318708915,25260455603,3020408,989,0,0,0,0,2,987,0,0,0,0,0,0,0,0,0,7616034,7616137,7617822,0,0,0,0
2026-08-01T17:08:26Z,59332,1432828,4057108480,16543936512,469612212,9318741683,25260455603,3072440,994,0,0,0,0,2,992,0,0,0,0,0,0,0,0,0,7668088,7668201,7670417,0,0,0,0
2026-08-01T17:13:43Z,58748,1432828,4113502208,16487542784,526006466,9318626995,25260455603,3125007,995,0,0,0,0,2,993,0,0,0,0,0,0,0,0,0,7720628,7720769,7722480,0,0,0,0
2026-08-01T17:18:59Z,59576,1432828,4064493568,16536551424,476994558,9318733491,25260455603,3177168,995,0,0,0,0,2,993,0,0,0,0,0,0,0,0,0,7772804,7772866,7774570,0,0,0,0
2026-08-01T17:24:12Z,57444,1432828,4120084480,16480960512,532578320,9318708915,25260455603,3228973,994,0,0,0,0,2,993,0,0,0,0,0,0,0,0,0,7824606,7824648,7825232,0,0,0,0
2026-08-01T17:29:17Z,59720,1432828,4069351424,16531693568,481842055,9316619955,25260455603,3279458,999,0,0,0,0,2,997,0,0,0,0,0,0,0,0,0,7875098,7875144,7875240,0,0,0,0
2026-08-01T17:34:20Z,60864,1432828,4122976256,16478068736,535462452,9318422195,25260455603,3329469,999,0,0,0,0,2,998,0,0,0,0,0,0,0,0,0,7925079,7925126,7925182,0,0,0,0
2026-08-01T17:39:22Z,58192,1432828,4071649280,16529395712,484133933,9318790835,25260455603,3379363,997,0,0,0,0,2,993,0,0,0,0,0,0,0,0,0,7975130,7975201,7975290,0,0,0,0
2026-08-01T17:44:24Z,58412,1432828,4125470720,16475574272,537944162,9316906675,25260455603,3429526,996,0,0,0,0,2,994,0,0,0,0,0,0,0,0,0,8025156,8025214,8025298,0,0,0,0
2026-08-01T17:49:27Z,60212,1432828,4074258432,16526786560,486732358,9318725299,25260455603,3479530,997,0,0,0,0,2,996,0,0,0,0,0,0,0,0,0,8075161,8075208,8075282,0,0,0,0
2026-08-01T17:54:29Z,58488,1432828,4127977472,16473067520,540445612,9317717683,25260455603,3529612,998,0,0,0,0,2,997,0,0,0,0,0,0,0,0,0,8125238,8125308,8125372,0,0,0,0
2026-08-01T17:59:31Z,59632,1432828,4076687360,16524357632,489152370,9318725299,25260455603,3579544,994,0,0,0,0,2,987,0,0,0,0,0,0,0,0,0,8175193,8175245,8175324,0,0,0,0
2026-08-01T18:04:33Z,61192,1432828,4025442304,16575602688,437904281,9317758643,25260455603,3629513,997,0,0,0,0,2,996,0,0,0,0,0,0,0,0,0,8225144,8225214,8225293,0,0,0,0
2026-08-01T18:09:35Z,59292,1432828,4079104000,16521940992,491564377,9318446771,25260455603,3679541,996,0,0,0,0,2,996,0,0,0,0,0,0,0,0,0,8275177,8275238,8275324,0,0,0,0
2026-08-01T18:14:37Z,60624,1432828,4027916288,16573128704,440371625,9318864563,25260455603,3729547,996,0,0,0,0,2,993,0,0,0,0,0,0,0,0,0,8325168,8325248,8325339,0,0,0,0
2026-08-01T18:19:40Z,59100,1432828,4081610752,16519434240,494064338,9318520499,25260455603,3779608,998,0,0,0,0,2,996,0,0,0,0,0,0,0,0,0,8375256,8375323,8375423,0,0,0,0
2026-08-01T18:24:42Z,60276,1432828,4030365696,16570679296,442812309,9318561459,25260455603,3829578,997,0,0,0,0,2,995,0,0,0,0,0,0,0,0,0,8425213,8425279,8425377,0,0,0,0
2026-08-01T18:29:45Z,59324,1432828,4084191232,16516853760,496632616,9318561459,25260455603,3879753,997,0,0,0,0,2,994,0,0,0,0,0,0,0,0,0,8475385,8475453,8475526,0,0,0,0
2026-08-01T18:34:47Z,60192,1432828,4032921600,16568123392,445363752,9318684339,25260455603,3929701,999,0,0,0,0,2,996,0,0,0,0,0,0,0,0,0,8525338,8525416,8525497,0,0,0,0
2026-08-01T18:39:49Z,58916,1432828,4086689792,16514355200,499131314,9318758067,25260455603,3979814,997,0,0,0,0,2,996,0,0,0,0,0,0,0,0,0,8575442,8575526,8575634,0,0,0,0
2026-08-01T18:44:52Z,59496,1432828,4035510272,16565534720,447945360,9318807219,25260455603,4029843,1000,0,0,0,0,2,998,0,0,0,0,0,0,0,0,0,8625468,8625548,8625651,0,0,0,0
2026-08-01T18:49:54Z,58920,1432828,4089327616,16511717376,501758995,9318700723,25260455603,4080019,999,0,0,0,0,2,996,0,0,0,0,0,0,0,0,0,8675658,8675754,8675851,0,0,0,0
2026-08-01T18:54:57Z,61540,1432828,4038086656,16562958336,450513866,9318790835,25260455603,4129984,997,0,0,0,0,2,996,0,0,0,0,0,0,0,0,0,8725624,8725714,8726314,0,0,0,0
2026-08-01T19:00:02Z,59772,1432828,4092329984,16508715008,504750780,9318676147,25260455603,4180551,999,0,0,0,0,2,998,0,0,0,0,0,0,0,0,0,8776170,8776283,8776878,0,0,0,0
2026-08-01T19:05:09Z,60124,1432828,4041998336,16559046656,454420068,9321838259,25260455603,4231381,991,0,0,0,0,2,985,0,0,0,0,0,0,0,0,0,8827210,8827639,8827811,0,0,0,0
2026-08-01T19:10:16Z,58244,1432828,4096417792,16504627200,508826548,9318782643,25260455603,4282093,992,0,0,0,0,2,991,0,0,0,0,0,0,0,0,0,8877730,8877877,8877971,0,0,0,0
2026-08-01T19:15:19Z,60472,1432828,4053737472,16547307520,457753784,9318848179,25260455603,4332234,999,0,0,0,0,2,999,0,0,0,0,0,0,0,0,0,8927858,8927958,8930547,0,0,0,0
2026-08-01T19:20:37Z,59500,1432828,4110041088,16491003904,514055910,9318684339,25260455603,4384720,996,0,0,0,0,2,992,0,0,0,0,0,0,0,0,0,8980357,8980472,8982616,0,0,0,0
2026-08-01T19:25:52Z,59024,1432828,4061229056,16539815936,465245375,9318692531,25260455603,4436961,995,0,0,0,0,2,990,0,0,0,0,0,0,0,0,0,9032618,9032714,9033973,0,0,0,0
2026-08-01T19:31:04Z,58172,1432828,4116488192,16484556800,520498259,9318643379,25260455603,4488461,997,0,0,0,0,2,996,0,0,0,0,0,0,0,0,0,9084099,9084223,9086397,0,0,0,0
2026-08-01T19:36:21Z,58936,1432828,4068098048,16532946944,472106858,9318487731,25260455603,4541095,996,0,0,0,0,2,992,0,0,0,0,0,0,0,0,0,9136737,9136837,9137936,0,0,0,0
2026-08-01T19:41:31Z,58684,1432828,4123197440,16477847552,527201760,9318774451,25260455603,4592451,1000,0,0,0,0,2,998,0,0,0,0,0,0,0,0,0,9188087,9188173,9189038,0,0,0,0
2026-08-01T19:46:40Z,58732,1432828,4072968192,16528076800,476972428,9318823603,25260463795,4643373,995,0,0,0,0,2,990,0,0,0,0,0,0,0,0,0,9239027,9239158,9241168,0,0,0,0
2026-08-01T19:51:56Z,59548,1432828,4129071104,16471973888,533067129,9318684339,25260463795,4695663,999,0,0,0,0,2,997,0,0,0,0,0,0,0,0,0,9291292,9291405,9292504,0,0,0,0
2026-08-01T19:57:08Z,59492,1432828,4079407104,16521637888,483404306,9318766259,25260463795,4747103,999,0,0,0,0,2,998,0,0,0,0,0,0,0,0,0,9342740,9342868,9343766,0,0,0,0
2026-08-01T20:02:17Z,58328,1432828,4134404096,16466640896,538393782,9318864563,25260463795,4798361,998,0,0,0,0,2,997,0,0,0,0,0,0,0,0,0,9393992,9394109,9396936,0,0,0,0
2026-08-01T20:07:39Z,59492,1432828,4086620160,16514424832,490599555,9318766259,25260463795,4851549,996,0,0,0,0,2,993,0,0,0,0,0,0,0,0,0,9447195,9447335,9448515,0,0,0,0
2026-08-01T20:12:51Z,59484,1432828,4037120000,16563924992,441094301,9318495923,25260471987,4903135,996,0,0,0,0,2,995,0,0,0,0,0,0,0,0,0,9498792,9498932,9499874,0,0,0,0
2026-08-01T20:18:00Z,58540,1432828,4092166144,16508878848,496135549,9318651571,25260471987,4954453,997,0,0,0,0,2,997,0,0,0,0,0,0,0,0,0,9550102,9550224,9552400,0,0,0,0
2026-08-01T20:23:18Z,59980,1432828,4043444224,16557600768,447413651,9318692531,25260471987,5006764,997,0,0,0,0,2,997,0,0,0,0,0,0,0,0,0,9602433,9602737,9603873,0,0,0,0
2026-08-01T20:28:30Z,58516,1432828,4099145728,16501899264,503107799,9318659763,25260471987,5058689,994,0,0,0,0,2,993,0,0,0,0,0,0,0,0,0,9654368,9654837,9655571,0,0,0,0
2026-08-01T20:33:40Z,60740,1432828,4049281024,16551763968,453241877,9318782643,25260480179,5109937,996,0,0,0,0,2,995,0,0,0,0,0,0,0,0,0,9705592,9706277,9706960,0,0,0,0
2026-08-01T20:38:50Z,58780,1432828,4104343552,16496701440,508297298,9318364851,25260480179,5161263,997,0,0,0,0,2,995,0,0,0,0,0,0,0,0,0,9756894,9756941,9757025,0,0,0,0
2026-08-01T20:43:53Z,60820,1432828,4053286912,16547758080,457241913,9318586035,25260488371,5211417,998,0,0,0,0,2,995,0,0,0,0,0,0,0,0,0,9807200,9807261,9807362,0,0,0,0
2026-08-01T20:48:56Z,58468,1432828,4107177984,16493867008,511134391,9318520499,25260496563,5261645,992,0,0,0,0,2,986,0,0,0,0,0,0,0,0,0,9857333,9857413,9857507,0,0,0,0
2026-08-01T20:53:59Z,59180,1432828,4055965696,16545079296,459922754,9318700723,25260504755,5311634,995,0,0,0,0,2,993,0,0,0,0,0,0,0,0,0,9907291,9907427,9907544,0,0,0,0
2026-08-01T20:59:01Z,58980,1432828,4109717504,16491327488,513665145,9317717683,25260504755,5361740,996,0,0,0,0,2,991,0,0,0,0,0,0,0,0,0,9957390,9957443,9957546,0,0,0,0
2026-08-01T21:04:04Z,59860,1432828,4058398720,16542646272,462343116,9318618803,25260537523,5411643,1000,0,0,0,0,2,999,0,0,0,0,0,0,0,0,0,10007303,10007413,10007521,0,0,0,0
2026-08-01T21:09:07Z,58808,1432828,4112195584,16488849408,516140356,9318815411,25260562099,5461798,995,0,0,0,0,2,994,0,0,0,0,0,0,0,0,0,10057449,10057525,10057636,0,0,0,0
2026-08-01T21:14:09Z,59696,1432828,4061122560,16539922432,465063831,9318586035,25260594867,5511921,997,0,0,0,0,2,997,0,0,0,0,0,0,0,0,0,10107572,10107703,10107817,0,0,0,0
2026-08-01T21:19:12Z,59664,1432828,4114866176,16486178816,518808957,9317971635,25260603059,5562040,999,0,0,0,0,2,998,0,0,0,0,0,0,0,0,0,10157692,10157767,10157905,0,0,0,0
2026-08-01T21:24:15Z,60044,1432828,4063698944,16537346048,467632048,9318725299,25260627635,5612072,998,0,0,0,0,2,995,0,0,0,0,0,0,0,0,0,10207736,10207894,10207997,0,0,0,0
2026-08-01T21:29:18Z,58748,1432828,4117491712,16483553280,521426078,9318446771,25260635827,5662207,999,0,0,0,0,2,998,0,0,0,0,0,0,0,0,0,10257856,10257954,10258106,0,0,0,0
2026-08-01T21:34:22Z,60092,1432828,4066410496,16534634496,470335587,9318733491,25260684979,5712327,999,0,0,0,0,2,998,0,0,0,0,0,0,0,0,0,10307955,10308056,10308199,0,0,0,0
2026-08-01T21:39:25Z,60324,1432828,4120182784,16480862208,524110311,9318831795,25260750515,5762456,996,0,0,0,0,2,996,0,0,0,0,0,0,0,0,0,10358107,10358208,10358402,0,0,0,0
2026-08-01T21:44:29Z,59480,1432828,4069183488,16531861504,473106923,9318495923,25260807859,5812660,997,0,0,0,0,2,994,0,0,0,0,0,0,0,0,0,10408322,10408431,10408649,0,0,0,0
2026-08-01T21:49:32Z,58588,1432828,4123078656,16477966336,526991264,9318651571,25260840627,5862884,999,0,0,0,0,2,999,0,0,0,0,0,0,0,0,0,10458618,10458760,10458955,0,0,0,0
2026-08-01T21:54:36Z,59196,1432828,4072067072,16528977920,475988470,9318651571,25260914355,5913094,998,0,0,0,0,2,992,0,0,0,0,0,0,0,0,0,10508801,10508928,10509121,0,0,0,0
2026-08-01T21:59:40Z,58664,1432828,4125990912,16475054080,529908167,9317217971,25261020851,5963361,998,0,0,0,0,2,995,0,0,0,0,0,0,0,0,0,10559060,10559139,10559370,0,0,0,0
2026-08-01T22:04:43Z,59548,1432828,4074983424,16526061568,478897913,9318790835,25261094579,6013553,996,0,0,0,0,2,996,0,0,0,0,0,0,0,0,0,10609239,10609348,10609546,0,0,0,0
2026-08-01T22:09:47Z,59792,1432828,4128940032,16472104960,532854379,9318807219,25261151923,6063853,997,0,0,0,0,2,996,0,0,0,0,0,0,0,0,0,10659513,10659622,10659836,0,0,0,0
2026-08-01T22:14:51Z,59524,1432828,4077547520,16523497472,481458258,9318536883,25261242035,6113664,999,0,0,0,0,2,996,0,0,0,0,0,0,0,0,0,10709333,10709455,10709705,0,0,0,0
2026-08-01T22:19:54Z,59456,1432828,4131299328,16469745664,535202552,9318733491,25261430451,6163770,999,0,0,0,0,2,995,0,0,0,0,0,0,0,0,0,10759767,10759915,10760174,0,0,0,0
2026-08-01T22:25:00Z,60424,1432828,4080533504,16520511488,484437423,9318758067,25261553331,6214184,1000,0,0,0,0,2,999,0,0,0,0,0,0,0,0,0,10810199,10810361,10810635,0,0,0,0
2026-08-01T22:30:06Z,59384,1432828,4134731776,16466313216,538632500,9318586035,25261668019,6264691,999,0,0,0,0,2,998,0,0,0,0,0,0,0,0,0,10860382,10860501,10862905,0,0,0,0
2026-08-01T22:35:26Z,59996,1432828,4086583296,16514461696,490481821,9318733491,25261741747,6317548,994,0,0,0,0,2,992,0,0,0,0,0,0,0,0,0,10913236,10913359,10915959,0,0,0,0
2026-08-01T22:40:47Z,61508,1432828,4038467584,16562577408,442360332,9318635187,25261930163,6370426,997,0,0,0,0,2,992,0,0,0,0,0,0,0,0,0,10966121,10966987,10968745,0,0,0,0
2026-08-01T22:46:05Z,59812,1432828,4095139840,16505905152,499033799,9317275315,25262102195,6423261,996,0,0,0,0,2,992,0,0,0,0,0,0,0,0,0,11019138,11019256,11021539,0,0,0,0
2026-08-01T22:51:26Z,59820,1432828,4047151104,16553893888,451039622,9318594227,25262331571,6476255,996,0,0,0,0,2,994,0,0,0,0,0,0,0,0,0,11071901,11072021,11073941,0,0,0,0
2026-08-01T22:56:43Z,59504,1432828,4103266304,16497778688,507154867,9318577843,25262560947,6528556,998,0,0,0,0,2,995,0,0,0,0,0,0,0,0,0,11124258,11124421,11126594,0,0,0,0
2026-08-01T23:02:01Z,59344,1432828,4054937600,16546107392,458815092,9318741683,25262823091,6581230,997,0,0,0,0,2,995,0,0,0,0,0,0,0,0,0,11176902,11177343,11179236,0,0,0,0
2026-08-01T23:07:20Z,59568,1432828,4111400960,16489644032,515277003,9322469043,25262978739,6633867,997,0,0,0,0,2,996,0,0,0,0,0,0,0,0,0,11229518,11230252,11232445,0,0,0,0
2026-08-01T23:12:42Z,58812,1432828,4063592448,16537452544,467467745,9318684339,25263208115,6687041,995,0,0,0,0,2,992,0,0,0,0,0,0,0,0,0,11282715,11282853,11284842,0,0,0,0
2026-08-01T23:17:59Z,59984,1432828,4119863296,16481181696,523731361,9318905523,25263486643,6739488,992,0,0,0,0,2,989,0,0,0,0,0,0,0,0,0,11335154,11335298,11337480,0,0,0,0
2026-08-01T23:23:18Z,58556,1432828,4071555072,16529489920,475422290,9317455539,25263822515,6792188,991,0,0,0,0,2,989,0,0,0,0,0,0,0,0,0,11387879,11388046,11390077,0,0,0,0
2026-08-01T23:28:36Z,58068,1432828,4128059392,16472985600,531921415,9318741683,25264084659,6844855,996,0,0,0,0,2,994,0,0,0,0,0,0,0,0,0,11440508,11440663,11442832,0,0,0,0
2026-08-01T23:33:54Z,59696,1432828,4079648768,16521396224,483512123,9318708915,25264436915,6897464,996,0,0,0,0,2,995,0,0,0,0,0,0,0,0,0,11493128,11493302,11495299,0,0,0,0
2026-08-01T23:39:12Z,60364,1432828,4136050688,16464994304,539908708,9318897331,25264805555,6950033,996,0,0,0,0,2,994,0,0,0,0,0,0,0,0,0,11545702,11546168,11548222,0,0,0,0
2026-08-01T23:44:32Z,59408,1432828,4088086528,16512958464,491933970,9318700723,25265288883,7003051,993,0,0,0,0,2,990,0,0,0,0,0,0,0,0,0,11598729,11599593,11601480,0,0,0,0
2026-08-01T23:49:53Z,62432,1432828,4040224768,16560820224,444079868,9318700723,25265690291,7056190,990,0,0,0,0,2,987,0,0,0,0,0,0,0,0,0,11651900,11652054,11654202,0,0,0,0
2026-08-01T23:55:12Z,59308,1432828,4096851968,16504193024,500701611,9318749875,25266230963,7108965,995,0,0,0,0,2,995,0,0,0,0,0,0,0,0,0,11704643,11705127,11707107,0,0,0,0
2026-08-02T00:00:33Z,61616,1432828,4049072128,16551972864,452726110,9318602419,25266730675,7161980,994,0,0,0,0,2,993,0,0,0,0,0,0,0,0,0,11757657,11758423,11760517,0,0,0,0
2026-08-02T00:05:55Z,58392,1432828,4106280960,16494764032,509935055,9318651571,25267287731,7215292,998,0,0,0,0,2,997,0,0,0,0,0,0,0,0,0,11810979,11811409,11813332,0,0,0,0
2026-08-02T00:11:15Z,59848,1432828,4057964544,16543080448,461606130,9318618803,25267844787,7267991,996,0,0,0,0,2,995,0,0,0,0,0,0,0,0,0,11863654,11864390,11866414,0,0,0,0
2026-08-02T00:16:37Z,60784,1432828,4114960384,16486084608,518596555,9318782643,25268524723,7321112,995,0,0,0,0,2,996,0,0,0,0,0,0,0,0,0,11916800,11917148,11919249,0,0,0,0
2026-08-02T00:21:57Z,59648,1432828,4066811904,16534233088,470443072,9318733491,25269302963,7373940,1000,0,0,0,0,2,999,0,0,0,0,0,0,0,0,0,11969647,11970186,11971162,0,0,0,0
2026-08-02T00:27:09Z,61188,1432828,4121845760,16479199232,525479080,9318700723,25270056627,7425241,1000,0,0,0,0,2,997,0,0,0,0,0,0,0,0,0,12021109,12021787,12022192,0,0,0,0
2026-08-02T00:32:19Z,61136,1432828,4071821312,16529223680,475447753,9318807219,25270924979,7476330,1000,0,0,0,0,2,997,0,0,0,0,0,0,0,0,0,12072019,12072135,12072743,0,0,0,0
2026-08-02T00:37:25Z,60436,1432828,4126121984,16474923008,529780221,9318495923,25271965363,7526982,997,0,0,0,0,2,998,0,0,0,0,0,0,0,0,0,12122826,12122926,12123154,0,0,0,0
2026-08-02T00:42:30Z,60296,1432828,4075515904,16525529088,479165429,9318774451,25272809139,7577549,998,0,0,0,0,2,998,0,0,0,0,0,0,0,0,0,12173322,12173582,12173787,0,0,0,0
2026-08-02T00:47:36Z,59912,1432828,4129951744,16471093248,533600500,9318692531,25273947827,7628295,998,0,0,0,0,2,995,0,0,0,0,0,0,0,0,0,12223991,12224094,12224302,0,0,0,0
2026-08-02T00:52:40Z,61232,1432828,4078993408,16522051584,482633640,9318823603,25275233971,7678508,993,0,0,0,0,2,984,0,0,0,0,0,0,0,0,0,12274218,12274331,12274561,0,0,0,0
2026-08-02T00:57:44Z,60460,1432828,4132929536,16468115456,536573673,9318528691,25276962483,7728788,998,0,0,0,0,2,997,0,0,0,0,0,0,0,0,0,12324493,12324597,12324880,0,0,0,0
2026-08-02T01:02:48Z,61532,1432828,4081770496,16519274496,485408879,9318758067,25278985907,7778832,997,0,0,0,0,2,995,0,0,0,0,0,0,0,0,0,12374526,12374628,12374890,0,0,0,0
2026-08-02T01:07:52Z,60500,1432828,4135497728,16465547264,539128068,9318831795,25281345203,7828899,997,0,0,0,0,2,996,0,0,0,0,0,0,0,0,0,12424624,12424748,12425022,0,0,0,0
2026-08-02T01:12:57Z,60588,1432828,4084469760,16516575232,488100875,9318839987,25283835571,7879062,995,0,0,0,0,2,992,0,0,0,0,0,0,0,0,0,12475415,12475514,12475802,0,0,0,0
2026-08-02T01:18:05Z,63452,1432828,4033970176,16567074816,437598784,9317111475,25286252211,7929718,993,0,0,0,0,2,993,0,0,0,0,0,0,0,0,0,12526416,12526532,12526805,0,0,0,0
2026-08-02T01:23:15Z,60832,1432828,4088463360,16512581632,492081304,9318667955,25288349363,7980494,998,0,0,0,0,2,997,0,0,0,0,0,0,0,0,0,12576455,12576566,12576878,0,0,0,0
2026-08-02T01:28:21Z,61120,1432828,4037644288,16563400704,441259758,9315194547,25289848499,8030849,997,0,0,0,0,2,995,0,0,0,0,0,0,0,0,0,12626572,12626703,12629686,0,0,0,0
2026-08-02T01:33:46Z,60568,1432828,4095000576,16506044416,498617475,9318446771,25291568819,8084302,993,0,0,0,0,2,992,0,0,0,0,0,0,0,0,0,12680095,12680186,12682812,0,0,0,0
2026-08-02T01:39:05Z,59952,1432828,4046958592,16554086400,450568218,9318839987,25293289139,8137259,998,0,0,0,0,2,994,0,0,0,0,0,0,0,0,0,12733046,12733163,12736205,0,0,0,0
2026-08-02T01:44:31Z,59352,1432828,4104876032,16496168960,508475175,9318930099,25294927539,8191231,997,0,0,0,0,2,992,0,0,0,0,0,0,0,0,0,12786920,12787970,12790734,0,0,0,0
2026-08-02T01:50:01Z,59576,1432828,4058611712,16542433280,462210195,9318905523,25296787123,8245823,998,0,0,0,0,2,997,0,0,0,0,0,0,0,0,0,12841523,12841638,12843990,0,0,0,0
2026-08-02T01:55:23Z,59684,1432828,4115767296,16485277696,519365016,9318905523,25298949811,8299104,995,0,0,0,0,2,993,0,0,0,0,0,0,0,0,0,12894794,12894912,12896872,0,0,0,0
2026-08-02T02:00:42Z,60252,1432828,4067414016,16533630976,471010893,9318897331,25301366451,8351758,997,0,0,0,0,2,997,0,0,0,0,0,0,0,0,0,12947449,12947562,12949200,0,0,0,0
2026-08-02T02:05:59Z,59840,1432828,4123680768,16477364224,527268077,9318733491,25304495795,8404180,996,0,0,0,0,2,994,0,0,0,0,0,0,0,0,0,12999875,12999989,13001918,0,0,0,0
2026-08-02T02:11:18Z,59824,1432828,4075372544,16525672448,478957565,9318905523,25307788979,8456895,996,0,0,0,0,2,993,0,0,0,0,0,0,0,0,0,13052562,13053594,13055166,0,0,0,0
2026-08-02T02:16:40Z,59004,1432828,4132478976,16468566016,536061470,9318864563,25311368883,8510108,996,0,0,0,0,2,996,0,0,0,0,0,0,0,0,0,13105822,13105983,13107934,0,0,0,0
2026-08-02T02:21:59Z,59756,1432828,4084174848,16516870144,487755511,9318815411,25314645683,8562808,995,0,0,0,0,2,993,0,0,0,0,0,0,0,0,0,13158495,13158641,13160192,0,0,0,0
2026-08-02T02:27:16Z,59944,1432828,4035280896,16565764096,438858553,9318512307,25317840563,8614975,993,0,0,0,0,2,990,0,0,0,0,0,0,0,0,0,13210671,13211768,13213839,0,0,0,0
2026-08-02T02:32:41Z,58880,1432828,4093054976,16507990016,496624869,9318839987,25320445619,8668806,996,0,0,0,0,2,994,0,0,0,0,0,0,0,0,0,13264523,13264632,13266348,0,0,0,0
2026-08-02T02:37:59Z,59204,1432828,4044439552,16556605440,448006382,9319020211,25323009715,8721217,994,0,0,0,0,2,994,0,0,0,0,0,0,0,0,0,13316934,13318040,13320074,0,0,0,0
2026-08-02T02:43:25Z,58876,1432828,4102176768,16498868224,505746475,9318930099,25326065331,8775041,998,0,0,0,0,2,998,0,0,0,0,0,0,0,0,0,13370757,13371013,13372656,0,0,0,0
2026-08-02T02:48:43Z,59828,1432828,4053782528,16547262464,457341347,9318774451,25328899763,8827647,992,0,0,0,0,2,987,0,0,0,0,0,0,0,0,0,13423347,13424426,13426669,0,0,0,0
2026-08-02T02:54:10Z,59008,1432828,4111679488,16489365504,515234392,9318880947,25332053683,8881609,991,0,0,0,0,2,988,0,0,0,0,0,0,0,0,0,13477373,13477636,13479407,0,0,0,0
2026-08-02T02:59:29Z,59160,1432828,4063498240,16537546752,467053831,9318913715,25335330483,8934432,993,0,0,0,0,2,990,0,0,0,0,0,0,0,0,0,13530188,13531276,13533562,0,0,0,0
2026-08-02T03:04:56Z,60060,1432828,4121509888,16479535104,525060532,9318856371,25339254451,8988501,997,0,0,0,0,2,995,0,0,0,0,0,0,0,0,0,13584334,13585038,13586934,0,0,0,0
2026-08-02T03:10:20Z,59268,1432828,4073930752,16527114240,477477411,9318487731,25343399603,9041877,999,0,0,0,0,2,998,0,0,0,0,0,0,0,0,0,13637602,13638587,13640800,0,0,0,0
2026-08-02T03:15:46Z,58616,1432828,4131790848,16469254144,535331434,9318356659,25347847859,9095796,998,0,0,0,0,2,996,0,0,0,0,0,0,0,0,0,13691675,13692748,13694586,0,0,0,0
2026-08-02T03:21:12Z,59340,1432828,4084662272,16516382720,488199990,9318921907,25352623795,9149605,998,0,0,0,0,2,997,0,0,0,0,0,0,0,0,0,13745565,13746755,13748931,0,0,0,0
2026-08-02T03:26:40Z,59412,1432828,4038098944,16562946048,441633283,9318520499,25357317811,9203932,999,0,0,0,0,2,997,0,0,0,0,0,0,0,0,0,13799887,13801014,13802835,0,0,0,0
2026-08-02T03:32:06Z,58952,1432828,4095954944,16505090048,499481981,9318635187,25361348275,9257839,998,0,0,0,0,2,995,0,0,0,0,0,0,0,0,0,13853854,13855734,13858091,0,0,0,0
2026-08-02T03:37:41Z,59768,1432828,4050100224,16550944768,453630581,9318774451,25365558963,9312840,989,0,0,0,0,2,986,0,0,0,0,0,0,0,0,0,13908884,13909985,13912032,0,0,0,0
2026-08-02T03:43:09Z,61164,1432828,4108324864,16492720128,511852201,9318938291,25369376435,9367109,994,0,0,0,0,2,990,0,0,0,0,0,0,0,0,0,13963165,13964370,13966667,0,0,0,0
2026-08-02T03:48:39Z,59108,1432828,4061802496,16539242496,465330291,9318839987,25373374131,9421478,1000,0,0,0,0,2,997,0,0,0,0,0,0,0,0,0,14017562,14018676,14020676,0,0,0,0
2026-08-02T03:54:08Z,60492,1432828,4120068096,16480976896,523588558,9318921907,25377478323,9475780,996,0,0,0,0,2,995,0,0,0,0,0,0,0,0,0,14071889,14073097,14076252,0,0,0,0
2026-08-02T03:59:43Z,59256,1432828,4074696704,16526348288,478214658,9318971059,25381844659,9531205,997,0,0,0,0,2,995,0,0,0,0,0,0,0,0,0,14127746,14128882,14131086,0,0,0,0
2026-08-02T04:05:15Z,58920,1432828,4133478400,16467566592,536996576,9318717107,25386423987,9586003,997,0,0,0,0,2,993,0,0,0,0,0,0,0,0,0,14182708,14183880,14186073,0,0,0,0
2026-08-02T04:10:51Z,58656,1432828,4087779328,16513265664,491291552,9318766259,25391716019,9641124,996,0,0,0,0,2,992,0,0,0,0,0,0,0,0,0,14237750,14238986,14242179,0,0,0,0
2026-08-02T04:16:28Z,60376,1432828,4042555392,16558489600,446066222,9318782643,25397376691,9696698,996,0,0,0,0,2,995,0,0,0,0,0,0,0,0,0,14293583,14294868,14298159,0,0,0,0
2026-08-02T04:22:09Z,59264,1432828,4103102464,16497942528,506608185,9318790835,25403373235,9753122,1000,0,0,0,0,2,999,0,0,0,0,0,0,0,0,0,14350346,14351632,14354928,0,0,0,0
2026-08-02T04:27:52Z,59480,1432828,4058963968,16542081024,462462639,9318921907,25409353395,9809698,996,0,0,0,0,2,990,0,0,0,0,0,0,0,0,0,14407011,14408330,14411714,0,0,0,0
2026-08-02T04:33:38Z,60216,1432828,4119990272,16481054720,523483345,9318848179,25428424371,9866563,998,0,0,0,0,2,996,0,0,0,0,0,0,0,0,0,14463936,14465516,14468850,0,0,0,0
2026-08-02T04:39:24Z,59896,1432828,4076273664,16524771328,479766604,9318758067,25456121523,9923536,998,0,0,0,0,2,995,0,0,0,0,0,0,0,0,0,14520908,14522222,14525666,0,0,0,0
2026-08-02T04:45:11Z,65588,1432828,4142563328,16458481664,546078440,9318659763,25508468403,9980476,999,0,0,0,0,2,997,0,0,0,0,0,0,0,0,0,14577851,14579350,14582597,0,0,0,0
2026-08-02T04:50:57Z,60692,1432828,4093870080,16507174912,497352128,9326450355,25603569331,10037637,998,0,0,0,0,2,993,0,0,0,0,0,0,0,0,0,14634897,14636351,14638361,0,0,0,0
2026-08-02T04:56:33Z,58932,1432828,4048527360,16552517632,452006002,9318864563,25693484723,10093094,995,0,0,0,0,2,994,0,0,0,0,0,0,0,0,0,14688748,14690100,14693806,0,0,0,0
2026-08-02T05:02:10Z,58912,1432828,4108222464,16492822528,511696237,9318823603,25786930867,10148717,993,0,0,0,0,2,993,0,0,0,0,0,0,0,0,0,14744465,14745816,14749343,0,0,0,0
2026-08-02T05:07:45Z,59616,1432828,4062855168,16538189824,466328039,9318938291,25879770803,10204161,990,0,0,0,0,2,987,0,0,0,0,0,0,0,0,0,14799945,14801321,14804969,0,0,0,0
2026-08-02T05:13:22Z,58892,1432828,4122632192,16478412800,526103761,9318897331,25972856499,10259869,997,0,0,0,0,2,993,0,0,0,0,0,0,0,0,0,14855574,14856866,14860096,0,0,0,0
2026-08-02T05:18:55Z,60552,1432828,4076736512,16524308480,480197714,9318758067,26065458867,10314828,996,0,0,0,0,2,995,0,0,0,0,0,0,0,0,0,14910580,14910662,14912546,0,0,0,0
2026-08-02T05:24:11Z,60256,1432828,4132519936,16468525056,535980478,9318880947,26152859315,10366806,999,0,0,0,0,2,996,0,0,0,0,0,0,0,0,0,14962508,14963767,14965273,0,0,0,0
2026-08-02T05:29:30Z,59244,1432828,4084015104,16517029888,487472674,9318839987,26241160883,10419329,997,0,0,0,0,2,995,0,0,0,0,0,0,0,0,0,15015046,15016318,15016680,0,0,0,0
2026-08-02T05:34:41Z,62144,1432828,4232806400,16368238592,437731530,9317807795,26327905971,10470685,998,0,0,0,0,2,997,0,0,0,0,0,0,0,0,0,15066422,15066531,15066812,0,0,0,0
2026-08-02T05:39:46Z,60300,1432828,4286779392,16314265600,491699996,9318962867,26414175923,10520985,998,0,0,0,0,2,997,0,0,0,0,0,0,0,0,0,15117467,15117577,15117895,0,0,0,0
2026-08-02T05:44:55Z,60436,1432828,4236275712,16364769280,441196998,9318823603,26500798131,10571631,997,0,0,0,0,2,996,0,0,0,0,0,0,0,0,0,15168686,15168779,15169114,0,0,0,0
2026-08-02T05:50:08Z,59496,1432828,4291723264,16309321728,496642578,9318856371,26586797747,10623315,998,0,0,0,0,2,998,0,0,0,0,0,0,0,0,0,15219389,15219516,15219862,0,0,0,0
2026-08-02T05:55:15Z,60652,1432828,4241006592,16360038400,445921632,9318946483,26671855283,10673749,1000,0,0,0,0,2,999,0,0,0,0,0,0,0,0,0,15269513,15269609,15269929,0,0,0,0
2026-08-02T06:00:20Z,61200,1432828,4294774784,16306270208,499686215,9318987443,26756781747,10723875,998,0,0,0,0,2,997,0,0,0,0,0,0,0,0,0,15319629,15319732,15322365,0,0,0,0
2026-08-02T06:05:38Z,61584,1432828,4246568960,16354476032,451479256,9318946483,26846713523,10776672,995,0,0,0,0,2,994,0,0,0,0,0,0,0,0,0,15372387,15372488,15375722,0,0,0,0
2026-08-02T06:11:03Z,59072,1432828,4304318464,16296726528,509226577,9318880947,26938373811,10830491,995,0,0,0,0,2,993,0,0,0,0,0,0,0,0,0,15426214,15426337,15429165,0,0,0,0
2026-08-02T06:16:24Z,59632,1432828,4256460800,16344584192,461363258,9318864563,27029337779,10883628,998,0,0,0,0,2,998,0,0,0,0,0,0,0,0,0,15479375,15479795,15482000,0,0,0,0
2026-08-02T06:21:42Z,58820,1432828,4313038848,16288006144,517942349,9318995635,27120105139,10936373,999,0,0,0,0,2,997,0,0,0,0,0,0,0,0,0,15532075,15533075,15535205,0,0,0,0
2026-08-02T06:27:06Z,59264,1432828,4265771008,16335273984,470671767,9318807219,27213280947,10990056,998,0,0,0,0,2,996,0,0,0,0,0,0,0,0,0,15585961,15587204,15589753,0,0,0,0
2026-08-02T06:32:33Z,58872,1432828,4323766272,16277278720,528660287,9318823603,27306423987,11044104,998,0,0,0,0,2,998,0,0,0,0,0,0,0,0,0,15639977,15641048,15643993,0,0,0,0
2026-08-02T06:38:04Z,59072,1432828,4277645312,16323399680,482540069,9318749875,27400246963,11098845,996,0,0,0,0,2,990,0,0,0,0,0,0,0,0,0,15694829,15695814,15697867,0,0,0,0
2026-08-02T06:43:26Z,59168,1432828,4335013888,16266031104,539901586,9319028403,27490973363,11152322,997,0,0,0,0,2,995,0,0,0,0,0,0,0,0,0,15748133,15748307,15750955,0,0,0,0
2026-08-02T06:48:50Z,60444,1432828,4287520768,16313524224,492409394,9319012019,27582568115,11205802,999,0,0,0,0,2,995,0,0,0,0,0,0,0,0,0,15801748,15803069,15805273,0,0,0,0
2026-08-02T06:54:16Z,59320,1432828,4240379904,16360665088,445259681,9318946483,27676849843,11259592,995,0,0,0,0,2,994,0,0,0,0,0,0,0,0,0,15857121,15857308,15860511,0,0,0,0
2026-08-02T06:59:53Z,58420,1432828,4300320768,16300724224,505198450,9318848179,27769673395,11315469,998,0,0,0,0,2,998,0,0,0,0,0,0,0,0,0,15911416,15912699,15915025,0,0,0,0
2026-08-02T07:05:18Z,59620,1432828,4253265920,16347779072,458137492,9318708915,27863881395,11369330,996,0,0,0,0,2,994,0,0,0,0,0,0,0,0,0,15966809,15966983,15970180,0,0,0,0
2026-08-02T07:10:55Z,58204,1432828,4313096192,16287948800,517967176,9318946483,27956442803,11425091,1000,0,0,0,0,2,997,0,0,0,0,0,0,0,0,0,16021126,16022425,16025038,0,0,0,0
2026-08-02T07:16:24Z,59208,1432828,4266491904,16334553088,471357878,9318946483,28051142323,11479377,997,0,0,0,0,2,997,0,0,0,0,0,0,0,0,0,16076684,16076893,16080390,0,0,0,0
2026-08-02T07:22:02Z,59040,1432828,4326469632,16274575360,531333425,9318938291,28146456243,11535279,998,0,0,0,0,2,996,0,0,0,0,0,0,0,0,0,16132797,16134084,16137030,0,0,0,0
2026-08-02T07:27:42Z,59084,1432828,4281806848,16319238144,486667825,9318799027,28242859699,11591390,999,0,0,0,0,2,997,0,0,0,0,0,0,0,0,0,16189009,16189209,16193017,0,0,0,0
2026-08-02T07:33:25Z,60488,1432828,4237492224,16363552768,442348787,9318758067,28339279539,11647816,994,0,0,0,0,2,991,0,0,0,0,0,0,0,0,0,16245431,16246617,16249969,0,0,0,0
2026-08-02T07:39:08Z,59840,1432828,4298149888,16302895104,502998472,9316955827,28435928755,11704316,998,0,0,0,0,2,996,0,0,0,0,0,0,0,0,0,16301973,16302227,16306618,0,0,0,0
2026-08-02T07:44:56Z,59360,1432828,4254494720,16346550272,459343767,9318799027,28533626547,11761339,998,0,0,0,0,2,995,0,0,0,0,0,0,0,0,0,16359001,16360448,16363240,0,0,0,0
2026-08-02T07:50:37Z,60264,1432828,4314918912,16286126080,519764539,9318889139,28630210227,11817661,998,0,0,0,0,2,997,0,0,0,0,0,0,0,0,0,16415283,16415732,16419734,0,0,0,0
2026-08-02T07:56:23Z,58640,1432828,4271079424,16329965568,475923468,9318839987,28727170739,11874522,1000,0,0,0,0,2,998,0,0,0,0,0,0,0,0,0,16471978,16473324,16476325,0,0,0,0
2026-08-02T08:02:04Z,59856,1432828,4331466752,16269578240,536303658,9318446771,28823672499,11930788,999,0,0,0,0,2,999,0,0,0,0,0,0,0,0,0,16528284,16528515,16532586,0,0,0,0
2026-08-02T08:07:53Z,59980,1432828,4287709184,16313335808,492544617,9318848179,28922853043,11987722,998,0,0,0,0,2,993,0,0,0,0,0,0,0,0,0,16585656,16587542,16590580,0,0,0,0
2026-08-02T08:13:47Z,60956,1432828,4245053440,16355991552,449890577,9318889139,29024097971,12045699,998,0,0,0,0,2,996,0,0,0,0,0,0,0,0,0,16643935,16646208,16649463,0,0,0,0
2026-08-02T08:19:47Z,62552,1432828,4308353024,16292691968,513181523,9318905523,29126416051,12104666,1000,0,0,0,0,2,996,0,0,0,0,0,0,0,0,0,16702544,16702801,16707536,0,0,0,0
2026-08-02T08:25:41Z,59760,1432828,4265590784,16335454208,470412633,9318831795,29228684979,12162500,998,0,0,0,0,2,999,0,0,0,0,0,0,0,0,0,16761016,16762606,16766551,0,0,0,0
2026-08-02T08:31:42Z,59616,1432828,4329279488,16271765504,534099755,9321993907,29331297971,12221855,1000,0,0,0,0,2,997,0,0,0,0,0,0,0,0,0,16820103,16820366,16824919,0,0,0,0
2026-08-02T08:37:38Z,60508,1432828,4286898176,16314146816,491711067,9318889139,29433099955,12280063,993,0,0,0,0,2,992,0,0,0,0,0,0,0,0,0,16878610,16880578,16884226,0,0,0,0
2026-08-02T08:43:42Z,61632,1432828,4245729280,16355315712,450536498,9318692531,29537621683,12339394,785,0,0,0,0,2,600,0,0,0,0,0,0,0,0,0,16938964,16939054,16943938,0,0,0,0
2026-08-02T08:49:46Z,59808,1432828,4309524480,16291520512,514327655,9318004403,29638211251,12398849,999,0,0,0,0,2,995,0,0,0,0,0,0,0,0,0,16997385,16999274,17002888,0,0,0,0
2026-08-02T08:55:45Z,60368,1432828,4267978752,16333066240,472775071,9318839987,29740136115,12457825,1000,0,0,0,0,2,997,0,0,0,0,0,0,0,0,0,17056521,17057918,17061897,0,0,0,0
2026-08-02T09:01:44Z,60176,1432828,4331208704,16269836288,535998666,9318667955,29840250547,12516768,999,0,0,0,0,2,999,0,0,0,0,0,0,0,0,0,17114656,17116950,17120286,0,0,0,0
2026-08-02T09:07:43Z,60840,1432828,4288741376,16312303616,493539871,9317013171,29936645811,12574876,992,0,0,0,0,2,989,0,0,0,0,0,0,0,0,0,17170667,17172070,17175745,0,0,0,0
2026-08-02T09:13:20Z,61680,1432828,4243718144,16357326848,448515860,9318954675,30032852659,12630632,996,0,0,0,0,2,994,0,0,0,0,0,0,0,0,0,17226464,17226957,17231530,0,0,0,0
2026-08-02T09:19:00Z,59628,1432828,4303998976,16297046016,508787085,9318823603,30129591987,12686814,994,0,0,0,0,2,992,0,0,0,0,0,0,0,0,0,17282683,17283923,17290410,0,0,0,0
2026-08-02T09:24:53Z,59556,1432828,4261691392,16339353600,466476440,9318995635,30231189171,12745113,997,0,0,0,0,2,996,0,0,0,0,0,0,0,0,0,17341810,17343206,17346732,0,0,0,0
2026-08-02T09:30:36Z,59316,1432828,4322582528,16278462464,527368375,9318897331,30330812083,12801861,993,0,0,0,0,2,992,0,0,0,0,0,0,0,0,0,17399636,17401085,17405018,0,0,0,0
2026-08-02T09:36:28Z,59108,1432828,4279836672,16321208320,484620017,9317832371,30431598259,12859748,994,0,0,0,0,2,993,0,0,0,0,0,0,0,0,0,17457652,17459221,17463058,0,0,0,0
2026-08-02T09:42:21Z,60212,1432828,4237500416,16363544576,442286896,9318831795,30533146291,12918027,995,0,0,0,0,2,993,0,0,0,0,0,0,0,0,0,17516783,17519034,17522440,0,0,0,0
2026-08-02T09:48:23Z,60232,1432828,4301246464,16299798528,506019368,9318790835,30636013235,12977422,993,0,0,0,0,2,989,0,0,0,0,0,0,0,0,0,17576327,17578111,17582143,0,0,0,0
2026-08-02T09:54:25Z,59500,1432828,4260106240,16340938752,464882286,9318938291,30737749683,13036795,998,0,0,0,0,2,997,0,0,0,0,0,0,0,0,0,17635520,17637009,17641129,0,0,0,0
2026-08-02T10:00:25Z,59780,1432828,4323770368,16277274624,528539961,9318913715,30840657587,13096131,999,0,0,0,0,2,995,0,0,0,0,0,0,0,0,0,17694815,17696302,17700433,0,0,0,0
2026-08-02T10:06:25Z,59032,1432828,4282482688,16318562304,487246370,9318889139,30943590067,13155360,1000,0,0,0,0,2,995,0,0,0,0,0,0,0,0,0,17753913,17755363,17759480,0,0,0,0
2026-08-02T10:12:25Z,59680,1432828,4240990208,16360054784,445754646,9318815411,31046776499,13214394,996,0,0,0,0,2,992,0,0,0,0,0,0,0,0,0,17813171,17815171,17819004,0,0,0,0
2026-08-02T10:18:29Z,60248,1432828,4304945152,16296099840,509702959,9318774451,31152748211,13273987,802,0,0,0,0,2,563,0,0,0,0,0,0,0,0,0,17873736,17874977,17878751,0,0,0,0
2026-08-02T10:24:35Z,60920,1432828,4264226816,16336818176,468979246,9318905523,31255582387,13333752,999,0,0,0,0,2,996,0,0,0,0,0,0,0,0,0,17932603,17934079,17938388,0,0,0,0
2026-08-02T10:30:40Z,59376,1432828,4328247296,16272797696,532998158,9318905523,31360579251,13393412,924,0,0,0,0,2,844,0,0,0,0,0,0,0,0,0,17992997,17994597,17998385,0,0,0,0
2026-08-02T10:36:45Z,59172,1432828,4287819776,16313225216,492567828,9318839987,31462225587,13453434,767,0,0,0,0,2,531,0,0,0,0,0,0,0,0,0,18053357,18054492,18058359,0,0,0,0
2026-08-02T10:42:53Z,61668,1432828,4247195648,16353849344,451937701,9318815411,31566665395,13513293,793,0,0,0,0,2,655,0,0,0,0,0,0,0,0,0,18113461,18114657,18118457,0,0,0,0
2026-08-02T10:49:03Z,59204,1432828,4311826432,16289218560,516564909,9318815411,31670875827,13573508,793,0,0,0,0,2,602,0,0,0,0,0,0,0,0,0,18173521,18174778,18179554,0,0,0,0
2026-08-02T10:55:22Z,60648,1432828,4272947200,16328097792,477677204,9318995635,31773882035,13634975,1000,0,0,0,0,2,999,0,0,0,0,0,0,0,0,0,18233146,18234924,18240569,0,0,0,0
2026-08-02T11:01:34Z,62136,1432828,4233547776,16367497216,438270207,9318856371,31875225267,13695951,1000,0,0,0,0,2,997,0,0,0,0,0,0,0,0,0,18291810,18293668,18298789,0,0,0,0
2026-08-02T11:07:29Z,59756,1432828,4296052736,16304992256,500773375,9318905523,31976740531,13754206,994,0,0,0,0,2,997,0,0,0,0,0,0,0,0,0,18350443,18352343,18357523,0,0,0,0
2026-08-02T11:13:27Z,61176,1432828,4254158848,16346886144,458874614,9318880947,32091748019,13812849,994,0,0,0,0,2,994,0,0,0,0,0,0,0,0,0,18409125,18410367,18416004,0,0,0,0
2026-08-02T11:19:21Z,60088,1432828,4316561408,16284483584,521267900,9318766259,32191428275,13870990,995,0,0,0,0,2,990,0,0,0,0,0,0,0,0,0,18469030,18470506,18472326,0,0,0,0
2026-08-02T11:25:07Z,59420,1432828,4272697344,16328347648,477401283,9318921907,32287807155,13927814,999,0,0,0,0,2,996,0,0,0,0,0,0,0,0,0,18524729,18526088,18527921,0,0,0,0
2026-08-02T11:30:41Z,59304,1432828,4331618304,16269426688,536319276,9318962867,32384751283,13982723,998,0,0,0,0,2,997,0,0,0,0,0,0,0,0,0,18580751,18580890,18581230,0,0,0,0
2026-08-02T11:36:00Z,61528,1432828,4282916864,16318128128,487611873,9320822451,32475018931,14035046,997,0,0,0,0,2,992,0,0,0,0,0,0,0,0,0,18632869,18633000,18633379,0,0,0,0
2026-08-02T11:41:18Z,61804,1432828,4233879552,16367165440,438571437,9324066483,32561444531,14087049,998,0,0,0,0,2,997,0,0,0,0,0,0,0,0,0,18682957,18683110,18683463,0,0,0,0
2026-08-02T11:46:25Z,60940,1432828,4287987712,16313057280,492669201,9327392435,32649139891,14137466,995,0,0,0,0,2,993,0,0,0,0,0,0,0,0,0,18733658,18733800,18734148,0,0,0,0
2026-08-02T11:51:33Z,60160,1432828,4237512704,16363532288,442203434,9330824883,32736155315,14188136,998,0,0,0,0,2,995,0,0,0,0,0,0,0,0,0,18783975,18784118,18784501,0,0,0,0
2026-08-02T11:56:39Z,61140,1432828,4290764800,16310280192,495446797,9334273715,32822802099,14237764,997,0,0,0,0,2,995,0,0,0,0,0,0,0,0,0,18833934,18834071,18838383,0,0,0,0
2026-08-02T12:02:19Z,60044,1432828,4245516288,16355528704,450193000,9349027507,32918705843,14293311,1000,0,0,0,0,2,997,0,0,0,0,0,0,0,0,0,18889160,18889300,18893282,0,0,0,0
2026-08-02T12:07:59Z,61536,1432828,4305031168,16296013824,509706869,9384908467,33014789811,14348752,999,0,0,0,0,2,996,0,0,0,0,0,0,0,0,0,18944636,18944772,18949283,0,0,0,0
2026-08-02T12:13:42Z,60160,1432828,4259799040,16341245952,464402585,9420994227,33111266995,14404218,998,0,0,0,0,2,996,0,0,0,0,0,0,0,0,0,19000098,19000282,19004724,0,0,0,0
2026-08-02T12:19:26Z,61948,1432828,4319395840,16281649152,524059095,9457620659,33208211123,14459813,999,0,0,0,0,2,999,0,0,0,0,0,0,0,0,0,19055731,19055885,19060319,0,0,0,0
2026-08-02T12:25:08Z,60224,1432828,4274155520,16326889472,478819196,9494353587,33306080947,14515356,1000,0,0,0,0,2,996,0,0,0,0,0,0,0,0,0,19111780,19111928,19116248,0,0,0,0
2026-08-02T12:30:53Z,61764,1432828,4334166016,16266878976,538824253,9529644723,33410823859,7511249,914,0,0,0,0,2,842,0,0,0,0,0,0,0,0,0,19171553,19174098,19178902,0,0,0,0
2026-08-02T12:37:32Z,61664,1432828,4295684096,16305360896,500340166,9573848755,33511323315,168584,999,0,0,0,0,0,998,0,0,0,0,0,0,0,0,0,15648941,15479961,15253695,0,0,0,0
2026-08-02T12:43:31Z,61500,1432828,4253630464,16347414528,458283603,9589700275,33612830387,226977,998,0,0,0,0,0,996,0,0,0,0,0,0,0,0,0,12081034,11659714,11488322,0,0,0,0
2026-08-02T12:50:26Z,62224,1432828,4326002688,16275042304,530651634,9593214643,33729713843,294390,997,0,0,0,0,0,995,0,0,0,0,0,0,0,0,0,9088429,8945375,8774486,0,0,0,0
2026-08-02T12:56:34Z,61136,1432828,4285280256,16315764736,489929957,9589487283,33833211571,354080,1000,0,0,0,0,0,998,0,0,0,0,0,0,0,0,0,6790128,6681545,6534607,0,0,0,0
2026-08-02T13:02:42Z,61196,1432828,4244533248,16356511744,449176735,9591092915,33936570035,413778,998,0,0,0,0,0,997,0,0,0,0,0,0,0,0,0,5009067,5013026,5018431,0,0,0,0
2026-08-02T13:09:06Z,62292,1432828,4309970944,16291074048,514608892,9848886963,34041018035,474724,999,0,0,0,0,0,994,0,0,0,0,0,0,0,0,0,5070022,5072581,5077548,0,0,0,0
2026-08-02T13:15:37Z,67984,1432828,4269355008,16331689984,473991368,9611769523,34118244019,534454,998,0,0,0,0,0,1000,0,0,0,0,0,0,0,0,0,5129700,5131252,5135008,0,0,0,0
2026-08-02T13:21:55Z,67948,1432828,4331442176,16269602816,536073226,9613121203,34178168499,592291,1000,0,0,0,0,0,995,0,0,0,0,0,0,0,0,0,5187520,5187553,5190727,0,0,0,0
2026-08-02T13:27:43Z,69100,1432828,4285673472,16315371520,490305920,9610884787,34192373427,647275,997,0,0,0,0,0,995,0,0,0,0,0,0,0,0,0,5242504,5242537,5242946,0,0,0,0
2026-08-02T13:33:11Z,67172,1432828,4237000704,16364044288,441627562,9617315507,34192373427,699613,999,0,0,0,0,0,996,0,0,0,0,0,0,0,0,0,5294853,5294890,5294933,0,0,0,0
2026-08-02T13:38:13Z,67368,1432828,4290531328,16310513664,495155138,9611425459,34192373427,749508,996,0,0,0,0,0,993,0,0,0,0,0,0,0,0,0,5344748,5344776,5344839,0,0,0,0
2026-08-02T13:43:14Z,67732,1432828,4239302656,16361742336,443924594,9613162163,34192373427,799509,997,0,0,0,0,0,997,0,0,0,0,0,0,0,0,0,5394732,5394767,5394808,0,0,0,0
2026-08-02T13:48:16Z,67664,1432828,4292816896,16308228096,497439406,9613088435,34192373427,849394,997,0,0,0,0,0,993,0,0,0,0,0,0,0,0,0,5444634,5444684,5444730,0,0,0,0
2026-08-02T13:53:18Z,67240,1432828,4241453056,16359591936,446071188,9613055667,34192373427,899275,1000,0,0,0,0,0,998,0,0,0,0,0,0,0,0,0,5494510,5494567,5494625,0,0,0,0
2026-08-02T13:58:20Z,66632,1432828,4295041024,16306003968,499661380,9613162163,34192373427,949221,995,0,0,0,0,0,993,0,0,0,0,0,0,0,0,0,5544459,5544504,5544570,0,0,0,0
2026-08-02T14:03:22Z,67860,1432828,4243800064,16357244928,448409318,9623156403,34192373427,999218,998,0,0,0,0,0,997,0,0,0,0,0,0,0,0,0,5594453,5594497,5594578,0,0,0,0
2026-08-02T14:08:24Z,67092,1432828,4297359360,16303685632,501970000,9613129395,34192373427,1049140,994,0,0,0,0,0,991,0,0,0,0,0,0,0,0,0,5644455,5644515,5644586,0,0,0,0
2026-08-02T14:13:39Z,60328,1432828,4247351296,16353693696,451959795,9611777715,34192373427,1100256,998,0,0,0,0,0,995,0,0,0,0,0,0,0,0,0,5695499,5695560,5695616,0,0,0,0
2026-08-02T14:18:41Z,60044,1432828,4300918784,16300126208,505522576,9611196083,34192373427,1150184,999,0,0,0,0,0,998,0,0,0,0,0,0,0,0,0,5745433,5745504,5745586,0,0,0,0
2026-08-02T14:23:43Z,60392,1432828,4249681920,16351363072,454288664,9613244083,34192373427,1200183,998,0,0,0,0,0,996,0,0,0,0,0,0,0,0,0,5795430,5795495,5795556,0,0,0,0
2026-08-02T14:28:45Z,59740,1432828,4303372288,16297672704,507973512,9613063859,34192373427,1250230,997,0,0,0,0,0,996,0,0,0,0,0,0,0,0,0,5845468,5845534,5845601,0,0,0,0
2026-08-02T14:33:47Z,59936,1432828,4252151808,16348893184,456748332,9612326579,34192373427,1300237,995,0,0,0,0,0,992,0,0,0,0,0,0,0,0,0,5895584,5895656,5895717,0,0,0,0
2026-08-02T14:38:50Z,59920,1432828,4305821696,16295223296,510416307,9613129395,34192373427,1350261,995,0,0,0,0,0,992,0,0,0,0,0,0,0,0,0,5945516,5945588,5945664,0,0,0,0
2026-08-02T14:43:52Z,60276,1432828,4254502912,16346542080,459088164,9617028787,34192373427,1400178,995,0,0,0,0,0,992,0,0,0,0,0,0,0,0,0,5995423,5995503,5995567,0,0,0,0
2026-08-02T14:48:54Z,60224,1432828,4308205568,16292839424,512785615,9613080243,34192373427,1450227,997,0,0,0,0,0,994,0,0,0,0,0,0,0,0,0,6045461,6045533,6045619,0,0,0,0
2026-08-02T14:53:56Z,60348,1432828,4256907264,16344137728,461487014,9613153971,34192373427,1500167,999,0,0,0,0,0,999,0,0,0,0,0,0,0,0,0,6095413,6095512,6095607,0,0,0,0
2026-08-02T14:58:58Z,61540,1432828,4310573056,16290471936,515140363,9613194931,34192373427,1550200,996,0,0,0,0,0,994,0,0,0,0,0,0,0,0,0,6145442,6145511,6145603,0,0,0,0
2026-08-02T15:04:01Z,59860,1432828,4259270656,16341774336,463835210,9613129395,34192373427,1600130,997,0,0,0,0,0,996,0,0,0,0,0,0,0,0,0,6195375,6195446,6195525,0,0,0,0
2026-08-02T15:09:03Z,59488,1432828,4312915968,16288129024,517477661,9612457651,34192799411,1650146,993,0,0,0,0,0,992,0,0,0,0,0,0,0,0,0,6245409,6245478,6245553,0,0,0,0
2026-08-02T15:14:06Z,59592,1432828,4261965824,16339079168,466527539,9613285043,34195166899,1700399,996,0,0,0,0,0,995,0,0,0,0,0,0,0,0,0,6295645,6295711,6295808,0,0,0,0
2026-08-02T15:19:10Z,58888,1432828,4315795456,16285249536,520348980,9613268659,34197771955,1750573,997,0,0,0,0,0,995,0,0,0,0,0,0,0,0,0,6345814,6345888,6350070,0,0,0,0
2026-08-02T15:24:39Z,59968,1432828,4269334528,16331710464,473886004,9613178547,34199598771,1805026,998,0,0,0,0,0,997,0,0,0,0,0,0,0,0,0,6400267,6400355,6404133,0,0,0,0
2026-08-02T15:30:06Z,58460,1432828,4327272448,16273772544,531817717,9613178547,34200483507,1859023,993,0,0,0,0,0,990,0,0,0,0,0,0,0,0,0,6454273,6454362,6458066,0,0,0,0
2026-08-02T15:35:32Z,61876,1432828,4280344576,16320700416,484887919,9613113011,34200573619,1913032,998,0,0,0,0,0,995,0,0,0,0,0,0,0,0,0,6508271,6508310,6508771,0,0,0,0
2026-08-02T15:40:36Z,58556,1432828,4334456832,16266588160,539000917,9613063859,34200573619,1963495,999,0,0,0,0,0,998,0,0,0,0,0,0,0,0,0,6558734,6558765,6558821,0,0,0,0
2026-08-02T15:45:38Z,59588,1432828,4283158528,16317886464,487699961,9613260467,34200573619,2013423,994,0,0,0,0,0,988,0,0,0,0,0,0,0,0,0,6608674,6608714,6608785,0,0,0,0
2026-08-02T15:50:41Z,60496,1432828,4338855936,16262189056,543402851,9613194931,34200573619,2063352,997,0,0,0,0,0,891,0,0,0,0,0,0,0,0,0,6658677,6658716,6658777,0,0,0,0
2026-08-02T15:55:43Z,59412,1432828,4285313024,16315731968,489847441,9613162163,34200573619,2113196,997,0,0,0,0,0,996,0,0,0,0,0,0,0,0,0,6708440,6708499,6708560,0,0,0,0
2026-08-02T16:00:45Z,59804,1432828,4234002432,16367042560,438539115,9613137587,34200573619,2163126,998,0,0,0,0,0,997,0,0,0,0,0,0,0,0,0,6758367,6758416,6758467,0,0,0,0
2026-08-02T16:05:46Z,58860,1432828,4287594496,16313450496,492126460,9611654835,34200573619,2213083,1000,0,0,0,0,0,1000,0,0,0,0,0,0,0,0,0,6808327,6808375,6808450,0,0,0,0
2026-08-02T16:10:48Z,60360,1432828,4236206080,16364838912,440734678,9613145779,34200573619,2262942,998,0,0,0,0,0,994,0,0,0,0,0,0,0,0,0,6858202,6858254,6858311,0,0,0,0
2026-08-02T16:15:50Z,58872,1432828,4289896448,16311148544,494415551,9613170355,34200573619,2312985,996,0,0,0,0,0,994,0,0,0,0,0,0,0,0,0,6908238,6908276,6908333,0,0,0,0
2026-08-02T16:20:52Z,59044,1432828,4238589952,16362455040,443113156,9613121203,34200573619,2362927,995,0,0,0,0,0,993,0,0,0,0,0,0,0,0,0,6958168,6958215,6958288,0,0,0,0
2026-08-02T16:25:54Z,60840,1432828,4292263936,16308781056,496783439,9613162163,34200573619,2412957,997,0,0,0,0,0,996,0,0,0,0,0,0,0,0,0,7008212,7008275,7008341,0,0,0,0
2026-08-02T16:30:57Z,59356,1432828,4240928768,16360116224,445446499,9622927027,34200573619,2462873,999,0,0,0,0,0,999,0,0,0,0,0,0,0,0,0,7058103,7058145,7058234,0,0,0,0
2026-08-02T16:35:58Z,60232,1432828,4294529024,16306515968,499040705,9613252275,34200573619,2512823,996,0,0,0,0,0,993,0,0,0,0,0,0,0,0,0,7108098,7108159,7108223,0,0,0,0
2026-08-02T16:41:01Z,60720,1432828,4243222528,16357822464,447737589,9613055667,34200573619,2562767,995,0,0,0,0,0,990,0,0,0,0,0,0,0,0,0,7158025,7158088,7158154,0,0,0,0
2026-08-02T16:46:03Z,58448,1432828,4296773632,16304271360,501279173,9616594611,34200573619,2612678,997,0,0,0,0,0,996,0,0,0,0,0,0,0,0,0,7207934,7208008,7208094,0,0,0,0
2026-08-02T16:51:05Z,59288,1432828,4245659648,16355385344,450158170,9613235891,34200573619,2662783,996,0,0,0,0,0,995,0,0,0,0,0,0,0,0,0,7258032,7258092,7258197,0,0,0,0
2026-08-02T16:56:07Z,59692,1432828,4299243520,16301801472,503744229,9613227699,34200573619,2712741,1000,0,0,0,0,0,997,0,0,0,0,0,0,0,0,0,7307985,7308064,7308147,0,0,0,0
2026-08-02T17:01:10Z,59660,1432828,4247982080,16353062912,452477687,9611843251,34200573619,2762725,997,0,0,0,0,0,994,0,0,0,0,0,0,0,0,0,7357979,7358064,7358174,0,0,0,0
2026-08-02T17:06:13Z,58468,1432828,4302045184,16298999808,506540182,9613244083,34200573619,2813115,995,0,0,0,0,0,987,0,0,0,0,0,0,0,0,0,7408386,7408475,7408556,0,0,0,0
2026-08-02T17:11:16Z,60292,1432828,4250910720,16350134272,455403706,9613129395,34200573619,2863243,997,0,0,0,0,0,994,0,0,0,0,0,0,0,0,0,7458504,7458585,7458663,0,0,0,0
2026-08-02T17:16:18Z,59528,1432828,4304523264,16296521728,509005730,9613113011,34200573619,2913191,997,0,0,0,0,0,994,0,0,0,0,0,0,0,0,0,7508459,7508534,7508614,0,0,0,0
2026-08-02T17:21:20Z,62244,1432828,4253245440,16347799552,457727241,9613203123,34200573619,2963180,993,0,0,0,0,0,990,0,0,0,0,0,0,0,0,0,7558426,7558502,7558593,0,0,0,0
2026-08-02T17:26:23Z,59748,1432828,4307009536,16294035456,511487368,9613399731,34200573619,3013289,997,0,0,0,0,0,995,0,0,0,0,0,0,0,0,0,7608543,7608645,7608742,0,0,0,0
2026-08-02T17:31:25Z,60224,1432828,4255678464,16345366528,460147196,9612990131,34200573619,3063206,999,0,0,0,0,0,998,0,0,0,0,0,0,0,0,0,7658456,7658548,7658619,0,0,0,0
2026-08-02T17:36:28Z,61500,1432828,4309422080,16291622912,513890991,9613268659,34200573619,3113316,997,0,0,0,0,0,995,0,0,0,0,0,0,0,0,0,7708576,7708686,7708907,0,0,0,0
2026-08-02T17:41:32Z,61576,1432828,4258320384,16342724608,462784184,9613170355,34200573619,3163505,993,0,0,0,0,0,993,0,0,0,0,0,0,0,0,0,7758781,7758907,7759330,0,0,0,0
2026-08-02T17:46:36Z,59920,1432828,4312371200,16288673792,516835523,9613178547,34200573619,3213886,999,0,0,0,0,0,998,0,0,0,0,0,0,0,0,0,7809149,7809717,7813581,0,0,0,0
2026-08-02T17:52:19Z,62768,1432828,4266758144,16334286848,471207388,9613014707,34200573619,3269129,995,0,0,0,0,0,993,0,0,0,0,0,0,0,0,0,7864382,7864488,7868291,0,0,0,0
2026-08-02T17:58:00Z,60520,1432828,4326150144,16274894848,530599853,9613235891,34200573619,3324484,998,0,0,0,0,0,997,0,0,0,0,0,0,0,0,0,7919737,7919833,7923626,0,0,0,0
2026-08-02T18:03:42Z,60836,1432828,4280705024,16320339968,485151268,9613252275,34200573619,3379856,996,0,0,0,0,0,994,0,0,0,0,0,0,0,0,0,7975120,7975233,7979003,0,0,0,0
2026-08-02T18:09:24Z,61452,1432828,4235063296,16365981696,439503909,9613080243,34200573619,3435108,999,0,0,0,0,0,998,0,0,0,0,0,0,0,0,0,8030373,8030447,8034254,0,0,0,0
2026-08-02T18:15:05Z,65628,1432828,4294410240,16306634752,498845456,9613170355,34200573619,3490420,995,0,0,0,0,0,993,0,0,0,0,0,0,0,0,0,8085686,8085788,8086348,0,0,0,0
2026-08-02T18:20:10Z,66076,1432828,4243640320,16357404672,448069796,9613145779,34200573619,3540879,998,0,0,0,0,0,995,0,0,0,0,0,0,0,0,0,8136149,8136190,8136256,0,0,0,0
2026-08-02T18:25:13Z,66972,1432828,4297314304,16303730688,501740736,9613219507,34200573619,3590917,995,0,0,0,0,0,992,0,0,0,0,0,0,0,0,0,8186269,8186756,8186821,0,0,0,0
2026-08-02T18:30:18Z,65388,1432828,4246618112,16354426880,451044938,9613293235,34200573619,3641409,996,0,0,0,0,0,993,0,0,0,0,0,0,0,0,0,8236685,8236743,8236811,0,0,0,0
2026-08-02T18:35:22Z,65464,1432828,4300546048,16300498944,504974179,9613096627,34200573619,3691687,995,0,0,0,0,0,989,0,0,0,0,0,0,0,0,0,8286954,8287012,8287098,0,0,0,0
2026-08-02T18:40:24Z,65252,1432828,4249346048,16351698944,453760890,9613326003,34200573619,3741691,997,0,0,0,0,0,995,0,0,0,0,0,0,0,0,0,8336958,8337020,8337120,0,0,0,0
2026-08-02T18:45:26Z,66972,1432828,4302831616,16298213376,507246358,9613006515,34200573619,3791544,998,0,0,0,0,0,996,0,0,0,0,0,0,0,0,0,8386805,8386877,8386951,0,0,0,0
2026-08-02T18:50:29Z,65208,1432828,4251504640,16349540352,455916543,9623123635,34200573619,3841449,994,0,0,0,0,0,990,0,0,0,0,0,0,0,0,0,8436710,8436792,8436866,0,0,0,0
2026-08-02T18:55:31Z,66852,1432828,4305215488,16295829504,509628695,9613227699,34200573619,3891513,998,0,0,0,0,0,997,0,0,0,0,0,0,0,0,0,8486786,8486859,8486964,0,0,0,0
2026-08-02T19:00:33Z,65204,1432828,4253933568,16347111424,458340442,9613121203,34200573619,3941447,997,0,0,0,0,0,996,0,0,0,0,0,0,0,0,0,8536752,8536827,8536920,0,0,0,0
2026-08-02T19:05:36Z,65052,1432828,4307578880,16293466112,511980113,9613276851,34200573619,3991448,995,0,0,0,0,0,994,0,0,0,0,0,0,0,0,0,8586710,8586762,8586845,0,0,0,0
2026-08-02T19:10:38Z,59764,1432828,4256317440,16344727552,460715268,9613047475,34200573619,4041416,998,0,0,0,0,0,994,0,0,0,0,0,0,0,0,0,8636690,8636782,8636873,0,0,0,0
2026-08-02T19:15:41Z,58908,1432828,4309946368,16291098624,514340409,9613145779,34200573619,4091405,996,0,0,0,0,0,993,0,0,0,0,0,0,0,0,0,8686698,8686768,8686876,0,0,0,0
2026-08-02T19:20:43Z,60660,1432828,4258717696,16342327296,463105408,9613096627,34200573619,4141386,999,0,0,0,0,0,994,0,0,0,0,0,0,0,0,0,8736657,8736759,8736838,0,0,0,0
2026-08-02T19:25:46Z,60180,1432828,4312367104,16288677888,516753469,9613244083,34200573619,4191397,995,0,0,0,0,0,993,0,0,0,0,0,0,0,0,0,8786686,8786789,8786885,0,0,0,0
2026-08-02T19:30:49Z,60516,1432828,4261203968,16339841024,465584305,9606952627,34200573619,4241448,995,0,0,0,0,0,991,0,0,0,0,0,0,0,0,0,8836736,8836821,8837310,0,0,0,0
2026-08-02T19:35:54Z,59024,1432828,4315586560,16285458432,519963822,9613219507,34200573619,4292137,997,0,0,0,0,0,991,0,0,0,0,0,0,0,0,0,8887421,8887984,8888198,0,0,0,0
2026-08-02T19:41:00Z,60076,1432828,4264943616,16336101376,469318554,9613293235,34200573619,4342679,994,0,0,0,0,0,989,0,0,0,0,0,0,0,0,0,8937971,8938065,8938220,0,0,0,0
2026-08-02T19:46:03Z,60644,1432828,4318830592,16282214400,523201121,9613293235,34200573619,4392903,998,0,0,0,0,0,998,0,0,0,0,0,0,0,0,0,8988175,8988263,8988379,0,0,0,0
2026-08-02T19:51:06Z,59324,1432828,4267782144,16333262848,472149045,9613252275,34200573619,4443061,997,0,0,0,0,0,997,0,0,0,0,0,0,0,0,0,9038323,9038411,9038596,0,0,0,0
2026-08-02T19:56:09Z,59412,1432828,4321665024,16279379968,526028180,9611638451,34200573619,4493281,998,0,0,0,0,0,996,0,0,0,0,0,0,0,0,0,9088572,9088725,9092501,0,0,0,0
2026-08-02T20:01:38Z,59428,1432828,4275126272,16325918720,479476610,9613285043,34200573619,4547628,997,0,0,0,0,0,994,0,0,0,0,0,0,0,0,0,9142891,9142975,9146708,0,0,0,0
2026-08-02T20:07:19Z,60340,1432828,4334751744,16266293248,539101709,9613137587,34200573619,4603206,998,0,0,0,0,0,994,0,0,0,0,0,0,0,0,0,9198504,9198622,9202311,0,0,0,0
2026-08-02T20:13:01Z,59588,1432828,4289667072,16311377920,494012975,9613375155,34200573619,4658893,999,0,0,0,0,0,995,0,0,0,0,0,0,0,0,0,9254217,9254324,9258157,0,0,0,0
2026-08-02T20:18:43Z,60784,1432828,4244783104,16356261888,449134704,9613194931,34200573619,4714757,997,0,0,0,0,0,996,0,0,0,0,0,0,0,0,0,9310067,9310233,9314100,0,0,0,0
2026-08-02T20:24:27Z,61956,1432828,4304777216,16296267776,509121035,9613219507,34200573619,4770668,995,0,0,0,0,0,992,0,0,0,0,0,0,0,0,0,9365966,9366087,9369975,0,0,0,0
2026-08-02T20:30:08Z,59768,1432828,4259917824,16341127168,464261812,9611744947,34200573619,4826571,995,0,0,0,0,0,994,0,0,0,0,0,0,0,0,0,9421843,9421954,9425868,0,0,0,0
2026-08-02T20:35:51Z,60812,1432828,4320129024,16280915968,524465663,9613014707,34200573619,4882672,996,0,0,0,0,0,993,0,0,0,0,0,0,0,0,0,9477982,9478089,9482030,0,0,0,0
2026-08-02T20:41:32Z,59452,1432828,4275167232,16325877760,479500773,9613129395,34200573619,4938459,999,0,0,0,0,0,997,0,0,0,0,0,0,0,0,0,9533712,9533805,9537714,0,0,0,0
2026-08-02T20:47:14Z,59412,1432828,4335067136,16265977856,539396459,9613194931,34200573619,4994289,994,0,0,0,0,0,992,0,0,0,0,0,0,0,0,0,9589540,9589649,9594311,0,0,0,0
2026-08-02T20:53:02Z,60860,1432828,4291289088,16309755904,495620188,9613293235,34200573619,5051199,995,0,0,0,0,0,993,0,0,0,0,0,0,0,0,0,9646489,9646581,9650715,0,0,0,0
2026-08-02T20:58:46Z,60348,1432828,4255232000,16345812992,451169241,9613186739,34200573619,5107460,994,0,0,0,0,0,993,0,0,0,0,0,0,0,0,0,9702713,9702835,9706794,0,0,0,0
2026-08-02T21:04:29Z,60208,1432828,4315475968,16285569024,511410711,9613342387,34200573619,5163589,996,0,0,0,0,0,994,0,0,0,0,0,0,0,0,0,9758863,9758991,9763042,0,0,0,0
2026-08-02T21:10:11Z,61152,1432828,4270616576,16330428416,466549839,9613293235,34200573619,5219482,992,0,0,0,0,0,986,0,0,0,0,0,0,0,0,0,9814771,9815526,9819439,0,0,0,0
2026-08-02T21:15:58Z,59276,1432828,4331659264,16269385728,527587642,9613178547,34200573619,5276364,997,0,0,0,0,0,996,0,0,0,0,0,0,0,0,0,9871636,9871787,9875647,0,0,0,0
2026-08-02T21:21:39Z,59284,1432828,4287102976,16313942016,483022059,9613342387,34200573619,5332527,996,0,0,0,0,0,991,0,0,0,0,0,0,0,0,0,9927811,9927956,9931828,0,0,0,0
2026-08-02T21:27:23Z,61036,1432828,4242579456,16358465536,438491831,9617798835,34200573619,5388726,998,0,0,0,0,0,995,0,0,0,0,0,0,0,0,0,9984013,9984079,9984759,0,0,0,0
2026-08-02T21:32:29Z,58812,1432828,4296777728,16304267264,492690041,9613260467,34200573619,5439249,998,0,0,0,0,0,993,0,0,0,0,0,0,0,0,0,10034541,10035183,10035360,0,0,0,0
2026-08-02T21:37:35Z,59592,1432828,4246220800,16354824192,442130863,9613219507,34200573619,5489857,995,0,0,0,0,0,990,0,0,0,0,0,0,0,0,0,10085142,10085206,10085307,0,0,0,0
2026-08-02T21:42:38Z,59588,1432828,4299866112,16301178880,495772677,9611785907,34200573619,5539865,997,0,0,0,0,0,994,0,0,0,0,0,0,0,0,0,10135157,10135245,10135338,0,0,0,0
2026-08-02T21:47:41Z,59668,1432828,4248829952,16352215040,444739588,9613301427,34200573619,5590028,994,0,0,0,0,0,991,0,0,0,0,0,0,0,0,0,10185301,10185371,10185463,0,0,0,0
2026-08-02T21:52:44Z,59560,1432828,4302684160,16298360832,498581662,9613285043,34200573619,5640230,995,0,0,0,0,0,993,0,0,0,0,0,0,0,0,0,10235501,10235576,10235893,0,0,0,0
2026-08-02T21:57:48Z,61364,1432828,4251725824,16349319168,447627390,9613235891,34200573619,5690485,995,0,0,0,0,0,993,0,0,0,0,0,0,0,0,0,10285788,10285873,10286145,0,0,0,0
2026-08-02T22:02:52Z,58640,1432828,4305653760,16295391232,501552060,9613260467,34200573619,5740730,996,0,0,0,0,0,994,0,0,0,0,0,0,0,0,0,10336095,10336193,10336338,0,0,0,0
2026-08-02T22:07:55Z,59124,1432828,4254642176,16346402816,450541324,9613326003,34200573619,5790928,996,0,0,0,0,0,992,0,0,0,0,0,0,0,0,0,10386295,10386373,10386526,0,0,0,0
2026-08-02T22:12:59Z,59204,1432828,4308623360,16292421632,504519112,9613211315,34200573619,5841233,995,0,0,0,0,0,989,0,0,0,0,0,0,0,0,0,10436543,10436622,10436804,0,0,0,0
2026-08-02T22:18:02Z,61376,1432828,4257689600,16343355392,453579430,9613276851,34200573619,5891507,996,0,0,0,0,0,993,0,0,0,0,0,0,0,0,0,10486810,10486898,10487092,0,0,0,0
2026-08-02T22:23:06Z,59388,1432828,4311781376,16289263616,507666964,9613416115,34200573619,5941916,998,0,0,0,0,0,995,0,0,0,0,0,0,0,0,0,10537249,10537368,10537551,0,0,0,0
2026-08-02T22:28:09Z,59028,1432828,4260855808,16340189184,456739499,9613268659,34200573619,5992185,994,0,0,0,0,0,992,0,0,0,0,0,0,0,0,0,10587537,10587624,10587845,0,0,0,0
2026-08-02T22:33:13Z,58340,1432828,4314640384,16286404608,510521603,9613047475,34200573619,6042318,997,0,0,0,0,0,994,0,0,0,0,0,0,0,0,0,10637681,10637775,10637979,0,0,0,0
2026-08-02T22:38:19Z,59796,1432828,4263960576,16337084416,459836445,9613244083,34200573619,6092804,994,0,0,0,0,0,992,0,0,0,0,0,0,0,0,0,10688194,10688285,10688453,0,0,0,0
2026-08-02T22:43:24Z,58608,1432828,4318003200,16283041792,513880702,9613219507,34200573619,6143188,997,0,0,0,0,0,997,0,0,0,0,0,0,0,0,0,10738465,10738602,10738786,0,0,0,0
2026-08-02T22:48:28Z,59112,1432828,4266876928,16334168064,462749738,9613194931,34200573619,6193277,996,0,0,0,0,0,994,0,0,0,0,0,0,0,0,0,10788575,10788681,10788892,0,0,0,0
2026-08-02T22:53:31Z,59624,1432828,4320833536,16280211456,516698528,9613383347,34200573619,6243579,998,0,0,0,0,0,997,0,0,0,0,0,0,0,0,0,10838869,10838983,10839178,0,0,0,0
2026-08-02T22:58:35Z,58688,1432828,4269772800,16331272192,465640359,9613309619,34200573619,6293747,999,0,0,0,0,0,998,0,0,0,0,0,0,0,0,0,10889021,10889134,10889394,0,0,0,0
2026-08-02T23:03:38Z,60644,1432828,4323729408,16277315584,519594816,9613153971,34200573619,6344048,999,0,0,0,0,0,999,0,0,0,0,0,0,0,0,0,10939362,10939494,10939745,0,0,0,0
2026-08-02T23:08:42Z,60560,1432828,4272467968,16328577024,468332175,9613285043,34200573619,6393997,999,0,0,0,0,0,998,0,0,0,0,0,0,0,0,0,10989305,10989394,10989649,0,0,0,0
2026-08-02T23:13:46Z,60120,1432828,4326133760,16274911232,521990796,9613211315,34200573619,6444020,996,0,0,0,0,0,994,0,0,0,0,0,0,0,0,0,11039341,11039449,11039719,0,0,0,0
2026-08-02T23:18:51Z,61148,1432828,4274917376,16326127616,470768057,9613072051,34200573619,6493997,997,0,0,0,0,0,996,0,0,0,0,0,0,0,0,0,11089578,11089695,11093513,0,0,0,0
2026-08-02T23:24:36Z,59668,1432828,4335833088,16265211904,531676130,9613309619,34200573619,6550764,997,0,0,0,0,0,995,0,0,0,0,0,0,0,0,0,11146073,11146195,11149678,0,0,0,0
2026-08-02T23:30:15Z,61788,1432828,4290650112,16310394880,486497389,9613276851,34200573619,6606367,997,0,0,0,0,0,995,0,0,0,0,0,0,0,0,0,11201675,11202593,11206104,0,0,0,0
2026-08-02T23:35:59Z,60024,1432828,4246380544,16354664448,442228483,9613080243,34200573619,6662807,998,0,0,0,0,0,996,0,0,0,0,0,0,0,0,0,11258119,11258237,11261756,0,0,0,0
2026-08-02T23:41:38Z,59524,1432828,4306259968,16294785024,502102796,9613416115,34200573619,6718610,1000,0,0,0,0,0,998,0,0,0,0,0,0,0,0,0,11313926,11314571,11318194,0,0,0,0
2026-08-02T23:47:21Z,59412,1432828,4261826560,16339218432,457659592,9613227699,34200573619,6774893,995,0,0,0,0,0,994,0,0,0,0,0,0,0,0,0,11370187,11370791,11374479,0,0,0,0
2026-08-02T23:53:02Z,59992,1432828,4322099200,16278945792,517931196,9613113011,34200573619,6831061,994,0,0,0,0,0,994,0,0,0,0,0,0,0,0,0,11426369,11426633,11430299,0,0,0,0
2026-08-02T23:58:43Z,60168,1432828,4277346304,16323698688,473171997,9613203123,34200573619,6887046,994,0,0,0,0,0,993,0,0,0,0,0,0,0,0,0,11482364,11482509,11486159,0,0,0,0
2026-08-03T00:04:23Z,60772,1432828,4337561600,16263483392,533381137,9613293235,34200573619,6943179,999,0,0,0,0,0,1000,0,0,0,0,0,0,0,0,0,11538516,11539464,11543106,0,0,0,0
2026-08-03T00:10:09Z,59716,1432828,4293431296,16307613696,489255862,9613203123,34200573619,6999749,994,0,0,0,0,0,989,0,0,0,0,0,0,0,0,0,11595067,11595275,11598892,0,0,0,0
2026-08-03T00:15:49Z,61664,1432828,4248604672,16352440320,444418086,9613350579,34200573619,7055668,997,0,0,0,0,0,991,0,0,0,0,0,0,0,0,0,11651008,11651997,11655536,0,0,0,0
2026-08-03T00:21:35Z,58820,1432828,4309377024,16291667968,505190811,9613219507,34200573619,7112295,996,0,0,0,0,0,995,0,0,0,0,0,0,0,0,0,11707660,11707859,11711416,0,0,0,0
2026-08-03T00:27:15Z,60684,1432828,4264493056,16336551936,460301093,9615259315,34200573619,7168165,996,0,0,0,0,0,991,0,0,0,0,0,0,0,0,0,11763534,11764550,11768185,0,0,0,0
2026-08-03T00:33:01Z,59668,1432828,4325494784,16275550208,521297168,9613268659,34200573619,7225003,997,0,0,0,0,0,995,0,0,0,0,0,0,0,0,0,11820332,11820587,11824105,0,0,0,0
2026-08-03T00:38:43Z,59236,1432828,4280528896,16320516096,476334743,9613276851,34200573619,7280794,998,0,0,0,0,0,998,0,0,0,0,0,0,0,0,0,11876224,11877230,11880851,0,0,0,0
2026-08-03T00:44:31Z,59764,1432828,4341850112,16259194880,537644630,9613326003,34200573619,7337921,1000,0,0,0,0,0,996,0,0,0,0,0,0,0,0,0,11933461,11934382,11937778,0,0,0,0
2026-08-03T00:50:23Z,59168,1432828,4298555392,16302489600,494353305,9613252275,34200573619,7395292,997,0,0,0,0,0,996,0,0,0,0,0,0,0,0,0,11990857,11991854,11995345,0,0,0,0
2026-08-03T00:56:10Z,60024,1432828,4255137792,16345907200,450933880,9613211315,34200581811,7452507,999,0,0,0,0,0,999,0,0,0,0,0,0,0,0,0,12048093,12049155,12052646,0,0,0,0
2026-08-03T01:01:58Z,60676,1432828,4316446720,16284598272,512238926,9613104819,34200581811,7509641,998,0,0,0,0,0,996,0,0,0,0,0,0,0,0,0,12104886,12105943,12109854,0,0,0,0
2026-08-03T01:07:49Z,59528,1432828,4273217536,16327827456,468997007,9613211315,34200581811,7567046,994,0,0,0,0,0,992,0,0,0,0,0,0,0,0,0,12162518,12163563,12167164,0,0,0,0
2026-08-03T01:13:40Z,59132,1432828,4334960640,16266084352,530735339,9613350579,34200581811,7624578,997,0,0,0,0,0,995,0,0,0,0,0,0,0,0,0,12219983,12220182,12223651,0,0,0,0
2026-08-03T01:19:23Z,61072,1432828,4290420736,16310624256,486197678,9613244083,34200581811,7680780,997,0,0,0,0,0,995,0,0,0,0,0,0,0,0,0,12276087,12276593,12280049,0,0,0,0
2026-08-03T01:25:08Z,60960,1432828,4246269952,16354775040,442040986,9613194931,34200581811,7737346,997,0,0,0,0,0,996,0,0,0,0,0,0,0,0,0,12332653,12333688,12337202,0,0,0,0
2026-08-03T01:30:55Z,59964,1432828,4307595264,16293449728,503360966,9617135283,34200590003,7794489,995,0,0,0,0,0,993,0,0,0,0,0,0,0,0,0,12389808,12390187,12393608,0,0,0,0
2026-08-03T01:36:38Z,61040,1432828,4263124992,16337920000,458881911,9613342387,34200590003,7850746,998,0,0,0,0,0,996,0,0,0,0,0,0,0,0,0,12446033,12446968,12447932,0,0,0,0
2026-08-03T01:41:51Z,58872,1432828,4318507008,16282537984,514255726,9613285043,34200598195,7902348,999,0,0,0,0,0,996,0,0,0,0,0,0,0,0,0,12497699,12497841,12498003,0,0,0,0
2026-08-03T01:46:55Z,60972,1432828,4267634688,16333410304,463385364,9613178547,34200598195,7952683,998,0,0,0,0,0,998,0,0,0,0,0,0,0,0,0,12548011,12548085,12548244,0,0,0,0
2026-08-03T01:52:01Z,59748,1432828,4321927168,16279117824,517675686,9611982515,34200606387,8003273,996,0,0,0,0,0,993,0,0,0,0,0,0,0,0,0,12598611,12598703,12598927,0,0,0,0
2026-08-03T01:57:05Z,62844,1432828,4270968832,16330076160,466715182,9613334195,34200606387,8053562,997,0,0,0,0,0,995,0,0,0,0,0,0,0,0,0,12648888,12648963,12649173,0,0,0,0
2026-08-03T02:02:09Z,59276,1432828,4324876288,16276168704,520613985,9613326003,34200614579,8103790,997,0,0,0,0,0,992,0,0,0,0,0,0,0,0,0,12699121,12699222,12699484,0,0,0,0
2026-08-03T02:07:13Z,59992,1432828,4274044928,16327000064,469780711,9613153971,34200622771,8154166,999,0,0,0,0,0,998,0,0,0,0,0,0,0,0,0,12749499,12749614,12749865,0,0,0,0
2026-08-03T02:12:17Z,57776,1432828,4328038400,16273006592,523772244,9613055667,34200622771,8204492,999,0,0,0,0,0,997,0,0,0,0,0,0,0,0,0,12799854,12799959,12800220,0,0,0,0
2026-08-03T02:17:21Z,59988,1432828,4277161984,16323883008,472897379,9613293235,34200630963,8254810,997,0,0,0,0,0,992,0,0,0,0,0,0,0,0,0,12850166,12850287,12850562,0,0,0,0
2026-08-03T02:22:25Z,60992,1432828,4331028480,16270016512,526760428,9613170355,34200639155,8305026,998,0,0,0,0,0,998,0,0,0,0,0,0,0,0,0,12900357,12900469,12900853,0,0,0,0
2026-08-03T02:27:31Z,61992,1432828,4280102912,16320942080,475827546,9613252275,34200655539,8355290,999,0,0,0,0,0,995,0,0,0,0,0,0,0,0,0,12951160,12951267,12951555,0,0,0,0
2026-08-03T02:32:39Z,59316,1432828,4334039040,16267005952,529757314,9612465843,34200688307,8405543,998,0,0,0,0,0,997,0,0,0,0,0,0,0,0,0,13001078,13001209,13001526,0,0,0,0
2026-08-03T02:37:44Z,62128,1432828,4283179008,16317865984,478896503,9613383347,34200688307,8455860,998,0,0,0,0,0,998,0,0,0,0,0,0,0,0,0,13051299,13051408,13051681,0,0,0,0
2026-08-03T02:42:49Z,60924,1432828,4337008640,16264036352,532721468,9613285043,34200688307,8506014,999,0,0,0,0,0,998,0,0,0,0,0,0,0,0,0,13101703,13101807,13102094,0,0,0,0
2026-08-03T02:47:56Z,59864,1432828,4285984768,16315060224,481683470,9613235891,34200704691,8556158,999,0,0,0,0,0,998,0,0,0,0,0,0,0,0,0,13151482,13151611,13151910,0,0,0,0
2026-08-03T02:53:00Z,61948,1432828,4339503104,16261541888,535203495,9613219507,34200721075,8606043,995,0,0,0,0,0,989,0,0,0,0,0,0,0,0,0,13201385,13201493,13201801,0,0,0,0
2026-08-03T02:58:05Z,59888,1432828,4288139264,16312905728,483837353,9613260467,34200729267,8655892,994,0,0,0,0,0,992,0,0,0,0,0,0,0,0,0,13251290,13251419,13251706,0,0,0,0
2026-08-03T03:03:10Z,59356,1432828,4341919744,16259125248,537617801,9612818099,34200737459,8706007,998,0,0,0,0,0,994,0,0,0,0,0,0,0,0,0,13301554,13301674,13301997,0,0,0,0
2026-08-03T03:08:15Z,61252,1432828,4290535424,16310509568,486227256,9613162163,34200737459,8755828,981,0,0,0,0,0,969,0,0,0,0,0,0,0,0,0,13352076,13352228,13352520,0,0,0,0
2026-08-03T03:13:25Z,60732,1432828,4344922112,16256122880,540612340,9613391539,34200745651,8806514,998,0,0,0,0,0,990,0,0,0,0,0,0,0,0,0,13401990,13402110,13402427,0,0,0,0
2026-08-03T03:18:31Z,60920,1432828,4293906432,16307138560,489593267,9613080243,34200770227,8856693,1000,0,0,0,0,0,999,0,0,0,0,0,0,0,0,0,13452104,13452251,13452568,0,0,0,0
2026-08-03T03:23:36Z,60288,1432828,4242968576,16358076416,438653311,9612334771,34200835763,8906921,992,0,0,0,0,0,988,0,0,0,0,0,0,0,0,0,13503129,13503294,13503631,0,0,0,0
2026-08-03T03:28:58Z,60484,1432828,4299579392,16301465600,495262067,9612605107,34200860339,8959680,996,0,0,0,0,0,994,0,0,0,0,0,0,0,0,0,13555713,13555859,13560193,0,0,0,0
2026-08-03T03:34:47Z,59844,1432828,4255952896,16345092096,451628364,9613260467,34200876723,9016701,999,0,0,0,0,0,998,0,0,0,0,0,0,0,0,0,13613780,13613950,13617999,0,0,0,0
2026-08-03T03:40:41Z,58936,1432828,4318748672,16282296320,514419504,9613121203,34200909491,9075228,999,0,0,0,0,0,993,0,0,0,0,0,0,0,0,0,13670978,13671134,13675235,0,0,0,0
2026-08-03T03:46:26Z,60184,1432828,4275118080,16325926912,470784810,9613432499,34200966835,9132280,995,0,0,0,0,0,993,0,0,0,0,0,0,0,0,0,13727615,13727783,13731940,0,0,0,0
2026-08-03T03:52:10Z,60456,1432828,4335988736,16265056256,531653681,9613252275,34200991411,9189025,998,0,0,0,0,0,997,0,0,0,0,0,0,0,0,0,13784928,13785102,13789222,0,0,0,0
2026-08-03T03:57:57Z,58864,1432828,4292624384,16308420608,488268842,9613145779,34201056947,9246273,997,0,0,0,0,0,995,0,0,0,0,0,0,0,0,0,13843368,13843637,13847702,0,0,0,0
2026-08-03T04:03:53Z,59016,1432828,4250591232,16350453760,446238179,9613244083,34201106099,9304816,999,0,0,0,0,0,998,0,0,0,0,0,0,0,0,0,13900975,13901212,13905283,0,0,0,0
2026-08-03T04:09:41Z,60516,1432828,4312387584,16288657408,508022567,9613383347,34201179827,9362399,1000,0,0,0,0,0,998,0,0,0,0,0,0,0,0,0,13959835,13960070,13964237,0,0,0,0
2026-08-03T04:15:39Z,60640,1432828,4270641152,16330403840,466281611,9613252275,34201237171,9421202,996,0,0,0,0,0,991,0,0,0,0,0,0,0,0,0,14016509,14016876,14020695,0,0,0,0
2026-08-03T04:21:20Z,61068,1432828,4331200512,16269844480,526836255,9612359347,34201302707,9477644,998,0,0,0,0,0,994,0,0,0,0,0,0,0,0,0,14073014,14073212,14076981,0,0,0,0
2026-08-03T04:27:01Z,62956,1432828,4286763008,16314281984,482392414,9613334195,34201376435,9533954,996,0,0,0,0,0,994,0,0,0,0,0,0,0,0,0,14129360,14129680,14133461,0,0,0,0
2026-08-03T04:32:44Z,61916,1432828,4242550784,16358494208,438176949,9612302003,34201425587,9590466,997,0,0,0,0,0,993,0,0,0,0,0,0,0,0,0,14185818,14186314,14190460,0,0,0,0
2026-08-03T04:38:32Z,59704,1432828,4304162816,16296882176,499780031,9613178547,34201482931,9647865,994,0,0,0,0,0,991,0,0,0,0,0,0,0,0,0,14243218,14243585,14247250,0,0,0,0
2026-08-03T04:44:14Z,60892,1432828,4259758080,16341286912,455383584,9613383347,34201581235,9704230,996,0,0,0,0,0,993,0,0,0,0,0,0,0,0,0,14299588,14299943,14303569,0,0,0,0
2026-08-03T04:49:55Z,61124,1432828,4320243712,16280801280,515858971,9613350579,34201753267,9760588,997,0,0,0,0,0,993,0,0,0,0,0,0,0,0,0,14355945,14356316,14359935,0,0,0,0
2026-08-03T04:55:36Z,60684,1432828,4275892224,16325152768,471500704,9616635571,34201867955,9816976,999,0,0,0,0,0,999,0,0,0,0,0,0,0,0,0,14412306,14412674,14416242,0,0,0,0
2026-08-03T05:01:16Z,59700,1432828,4336271360,16264773632,531882574,9613375155,34201966259,9873262,999,0,0,0,0,0,995,0,0,0,0,0,0,0,0,0,14468656,14469047,14472623,0,0,0,0
2026-08-03T05:06:58Z,61032,1432828,4291719168,16309325824,487319087,9613104819,34202097331,9929459,998,0,0,0,0,0,998,0,0,0,0,0,0,0,0,0,14524873,14525273,14528780,0,0,0,0
2026-08-03T05:12:40Z,60812,1432828,4247412736,16353632256,443016290,9612654259,34202203827,9985891,999,0,0,0,0,0,995,0,0,0,0,0,0,0,0,0,14581391,14581993,14585523,0,0,0,0
2026-08-03T05:18:25Z,58600,1432828,4308520960,16292524032,504116872,9613285043,34202302131,10042828,997,0,0,0,0,0,995,0,0,0,0,0,0,0,0,0,14638523,14639047,14642657,0,0,0,0
2026-08-03T05:24:10Z,62076,1432828,4264636416,16336408576,460229487,9611925171,34202457779,10099646,995,0,0,0,0,0,992,0,0,0,0,0,0,0,0,0,14695775,14696214,14699729,0,0,0,0
2026-08-03T05:29:56Z,60904,1432828,4325924864,16275120128,521517925,9613260467,34202629811,10156782,996,0,0,0,0,0,996,0,0,0,0,0,0,0,0,0,14753351,14753768,14757433,0,0,0,0
2026-08-03T05:35:47Z,59236,1432828,4283031552,16318013440,478609884,9613309619,34202826419,10214512,997,0,0,0,0,0,993,0,0,0,0,0,0,0,0,0,14811167,14811593,14815303,0,0,0,0
2026-08-03T05:41:38Z,59268,1432828,4345368576,16255676416,540947668,9613219507,34203080371,10272617,997,0,0,0,0,0,996,0,0,0,0,0,0,0,0,0,14869503,14870006,14873949,0,0,0,0
2026-08-03T05:47:35Z,59376,1432828,4303572992,16297472000,499192909,9613096627,34203358899,10331414,998,0,0,0,0,0,993,0,0,0,0,0,0,0,0,0,14928437,14928902,14933180,0,0,0,0
2026-08-03T05:53:35Z,60012,1432828,4262211584,16338833408,457829323,9613293235,34203621043,10390593,998,0,0,0,0,0,997,0,0,0,0,0,0,0,0,0,14987808,14988237,14992560,0,0,0,0
2026-08-03T05:59:34Z,59908,1432828,4325580800,16275464192,521192475,9613342387,34203850419,10449628,998,0,0,0,0,0,998,0,0,0,0,0,0,0,0,0,15046810,15047272,15051517,0,0,0,0
2026-08-03T06:05:31Z,60144,1432828,4283887616,16317157376,479483767,9613244083,34204120755,10508482,998,0,0,0,0,0,995,0,0,0,0,0,0,0,0,0,15105565,15106180,15110062,0,0,0,0
2026-08-03T06:11:28Z,63508,1432828,4241760256,16359284736,437359828,9613301427,34204423859,10566952,995,0,0,0,0,0,994,0,0,0,0,0,0,0,0,0,15164011,15164686,15168504,0,0,0,0
2026-08-03T06:17:29Z,58928,1432828,4305264640,16295780352,500855792,9612908211,34204686003,10626108,997,0,0,0,0,0,994,0,0,0,0,0,0,0,0,0,15223815,15224324,15228860,0,0,0,0
2026-08-03T06:23:38Z,60212,1432828,4264640512,16336404480,460227033,9613244083,34204997299,10685917,999,0,0,0,0,0,996,0,0,0,0,0,0,0,0,0,15283452,15284560,15288344,0,0,0,0
2026-08-03T06:29:44Z,59984,1432828,4328718336,16272326656,524299423,9613293235,34205382323,10745624,996,0,0,0,0,0,994,0,0,0,0,0,0,0,0,0,15343387,15344015,15347924,0,0,0,0
2026-08-03T06:35:50Z,59320,1432828,4288106496,16312938496,483674290,9613219507,34205783731,10805456,999,0,0,0,0,0,999,0,0,0,0,0,0,0,0,0,15402657,15403128,15404996,0,0,0,0
2026-08-03T06:41:41Z,60684,1432828,4244185088,16356859904,439759498,9611294387,34206185139,10862224,998,0,0,0,0,0,998,0,0,0,0,0,0,0,0,0,15459817,15460246,15461470,0,0,0,0
2026-08-03T06:47:10Z,60640,1432828,4302028800,16299016192,497599715,9612662451,34206545587,10916122,999,0,0,0,0,0,997,0,0,0,0,0,0,0,0,0,15511528,15511635,15511981,0,0,0,0
2026-08-03T06:52:15Z,60844,1432828,4250525696,16350519296,446094161,9613129395,34206914227,10965824,999,0,0,0,0,0,995,0,0,0,0,0,0,0,0,0,15561590,15561680,15562017,0,0,0,0
2026-08-03T06:57:23Z,59816,1432828,4304441344,16296603648,500003837,9613235891,34207340211,11016068,996,0,0,0,0,0,995,0,0,0,0,0,0,0,0,0,15611685,15611782,15612129,0,0,0,0
2026-08-03T07:02:29Z,61936,1432828,4253503488,16347541504,449063034,9613170355,34207807155,11066310,995,0,0,0,0,0,993,0,0,0,0,0,0,0,0,0,15661740,15661853,15662202,0,0,0,0
2026-08-03T07:07:34Z,61692,1432828,4307234816,16293810176,502786932,9613629107,34208331443,11116377,993,0,0,0,0,0,989,0,0,0,0,0,0,0,0,0,15711995,15712116,15712516,0,0,0,0
2026-08-03T07:12:41Z,60396,1432828,4256514048,16344530944,452067640,9613170355,34208822963,11166814,998,0,0,0,0,0,998,0,0,0,0,0,0,0,0,0,15762246,15762348,15762698,0,0,0,0
2026-08-03T07:17:47Z,61204,1432828,4310507520,16290537472,506053512,9613268659,34209429171,11217130,999,0,0,0,0,0,993,0,0,0,0,0,0,0,0,0,15812574,15812672,15812986,0,0,0,0
2026-08-03T07:22:53Z,60576,1432828,4259463168,16341581824,455006673,9612433075,34210100915,11267266,997,0,0,0,0,0,996,0,0,0,0,0,0,0,0,0,15862655,15862779,15863141,0,0,0,0
2026-08-03T07:27:59Z,62396,1432828,4312993792,16288051200,508537590,9613276851,34210584243,11317167,997,0,0,0,0,0,993,0,0,0,0,0,0,0,0,0,15912623,15912768,15913052,0,0,0,0
2026-08-03T07:33:05Z,60732,1432828,4261933056,16339111936,457472335,9613170355,34211034803,11367289,990,0,0,0,0,0,976,0,0,0,0,0,0,0,0,0,15962955,15963087,15963440,0,0,0,0
2026-08-03T07:38:12Z,61864,1432828,4315938816,16285106176,511470266,9613178547,34211796659,11417628,972,0,0,0,0,0,948,0,0,0,0,0,0,0,0,0,16016196,16016305,16016583,0,0,0,0
2026-08-03T07:43:37Z,61468,1432828,4267945984,16333099008,463481727,9611908787,34212361907,11470595,932,0,0,0,0,0,884,0,0,0,0,0,0,0,0,0,16067423,16067523,16067841,0,0,0,0
2026-08-03T07:48:55Z,59872,1432828,4323061760,16277983232,518594677,9613219507,34213050035,11521936,998,0,0,0,0,0,995,0,0,0,0,0,0,0,0,0,16117589,16117821,16118125,0,0,0,0
2026-08-03T07:54:06Z,59856,1432828,4272312320,16328732672,467839962,9613235891,34213705395,11572353,999,0,0,0,0,0,998,0,0,0,0,0,0,0,0,0,16168659,16168792,16169099,0,0,0,0
2026-08-03T07:59:28Z,60748,1432828,4328407040,16272637952,523921045,9613219507,34214598323,11624610,998,0,0,0,0,0,997,0,0,0,0,0,0,0,0,0,16220182,16220308,16220602,0,0,0,0
2026-08-03T08:04:34Z,60536,1432828,4277612544,16323432448,473128375,9610548915,34215442099,11674984,999,0,0,0,0,0,998,0,0,0,0,0,0,0,0,0,16273911,16274034,16274541,0,0,0,0
2026-08-03T08:10:05Z,61236,1432828,4334034944,16267010048,529546369,9613153971,34216261299,11727528,996,0,0,0,0,0,994,0,0,0,0,0,0,0,0,0,16322830,16322959,16323385,0,0,0,0
2026-08-03T08:15:11Z,60080,1432828,4283420672,16317624320,478930638,9613137587,34216941235,11778072,992,0,0,0,0,0,990,0,0,0,0,0,0,0,0,0,16373468,16373618,16374425,0,0,0,0
2026-08-03T08:20:19Z,59744,1432828,4337504256,16263540736,533011220,9613285043,34217776819,11828482,997,0,0,0,0,0,996,0,0,0,0,0,0,0,0,0,16423868,16424030,16424366,0,0,0,0
2026-08-03T08:25:25Z,60148,1432828,4286795776,16314249216,482292198,9613358771,34218702515,11878943,990,0,0,0,0,0,987,0,0,0,0,0,0,0,0,0,16475046,16475944,16480193,0,0,0,0
2026-08-03T08:31:11Z,60584,1432828,4242870272,16358174720,438369470,9613227699,34219792051,11935750,997,0,0,0,0,0,996,0,0,0,0,0,0,0,0,0,16531270,16531413,16535456,0,0,0,0
2026-08-03T08:36:46Z,59704,1432828,4302118912,16298926080,497619902,9613301427,34220750515,11990966,994,0,0,0,0,0,993,0,0,0,0,0,0,0,0,0,16586326,16586482,16590582,0,0,0,0
2026-08-03T08:42:24Z,59536,1432828,4257304576,16343740416,452803188,9613219507,34221995699,12046922,998,0,0,0,0,0,995,0,0,0,0,0,0,0,0,0,16642324,16642514,16646571,0,0,0,0
2026-08-03T08:48:01Z,59264,1432828,4317020160,16284024832,512516641,9613293235,34223290035,12102580,997,0,0,0,0,0,995,0,0,0,0,0,0,0,0,0,16698282,16698469,16702525,0,0,0,0
2026-08-03T08:53:39Z,60792,1432828,4272046080,16328998912,467534546,9613293235,34224674483,12158384,999,0,0,0,0,0,995,0,0,0,0,0,0,0,0,0,16753909,16755101,16759122,0,0,0,0
2026-08-03T08:59:24Z,59884,1432828,4333060096,16267984896,528543175,9613186739,34226009779,12215253,996,0,0,0,0,0,993,0,0,0,0,0,0,0,0,0,16812677,16812861,16816913,0,0,0,0
2026-08-03T09:05:14Z,59248,1432828,4290183168,16310861824,485667800,9613391539,34227377843,12273030,998,0,0,0,0,0,996,0,0,0,0,0,0,0,0,0,16870221,16870424,16874462,0,0,0,0
2026-08-03T09:11:03Z,60316,1432828,4246966272,16354078720,442442541,9613178547,34228786867,12330470,997,0,0,0,0,0,996,0,0,0,0,0,0,0,0,0,16927719,16927965,16932020,0,0,0,0
2026-08-03T09:16:52Z,60752,1432828,4308987904,16292057088,504462136,9613211315,34230204083,12388272,996,0,0,0,0,0,993,0,0,0,0,0,0,0,0,0,16985675,16985880,16989904,0,0,0,0
2026-08-03T09:22:45Z,61412,1432828,4266405888,16334639104,461877082,9613186739,34231744179,12446291,998,0,0,0,0,0,997,0,0,0,0,0,0,0,0,0,17043770,17044021,17048350,0,0,0,0
2026-08-03T09:28:40Z,60592,1432828,4329172992,16271872000,524632834,9612359347,34233398963,12504777,999,0,0,0,0,0,997,0,0,0,0,0,0,0,0,0,17102319,17102569,17106832,0,0,0,0
2026-08-03T09:34:34Z,61396,1432828,4286586880,16314458112,482049065,9613252275,34235135667,12562791,1000,0,0,0,0,0,1000,0,0,0,0,0,0,0,0,0,17160251,17160482,17164971,0,0,0,0
2026-08-03T09:40:29Z,62180,1432828,4244193280,16356851712,439651744,9612965555,34236765875,12620998,999,0,0,0,0,0,997,0,0,0,0,0,0,0,0,0,17218138,17218413,17222661,0,0,0,0
2026-08-03T09:46:21Z,63232,1432828,4306595840,16294449152,502046166,9613244083,34238731955,12679146,997,0,0,0,0,0,997,0,0,0,0,0,0,0,0,0,17276814,17277062,17281366,0,0,0,0
2026-08-03T09:52:20Z,61068,1432828,4264968192,16336076800,460417286,9613375155,34240927411,12738044,997,0,0,0,0,0,995,0,0,0,0,0,0,0,0,0,17337031,17337296,17342262,0,0,0,0
2026-08-03T09:58:28Z,60928,1432828,4329766912,16271278080,525214513,9613227699,34242705075,12798432,996,0,0,0,0,0,991,0,0,0,0,0,0,0,0,0,17396400,17396696,17401050,0,0,0,0
2026-08-03T10:04:28Z,60944,1432828,4288024576,16313020416,483472266,9613276851,34244753075,12857214,998,0,0,0,0,0,995,0,0,0,0,0,0,0,0,0,17455887,17456158,17460736,0,0,0,0
2026-08-03T10:10:33Z,61696,1432828,4247351296,16353693696,442786351,9613113011,34246882995,12917018,997,0,0,0,0,0,993,0,0,0,0,0,0,0,0,0,17515622,17515922,17520367,0,0,0,0
2026-08-03T10:16:38Z,63228,1432828,4311474176,16289570816,506908693,9616365235,34249152179,12976762,1000,0,0,0,0,0,999,0,0,0,0,0,0,0,0,0,17575242,17575937,17580537,0,0,0,0
2026-08-03T10:22:47Z,61668,1432828,4271558656,16329486336,466983349,9613178547,34251331251,13037236,998,0,0,0,0,0,998,0,0,0,0,0,0,0,0,0,17636187,17636448,17641005,0,0,0,0
2026-08-03T10:28:58Z,61052,1432828,4336431104,16264613888,531854374,9613194931,34253641395,13097681,996,0,0,0,0,0,990,0,0,0,0,0,0,0,0,0,17696575,17696883,17701528,0,0,0,0
2026-08-03T10:35:06Z,61404,1432828,4296093696,16304951296,491510771,9613260467,34256107187,13157782,992,0,0,0,0,0,989,0,0,0,0,0,0,0,0,0,17756631,17756940,17761520,0,0,0,0
2026-08-03T10:41:14Z,61508,1432828,4256141312,16344903680,451551479,9613211315,34258409139,13218233,999,0,0,0,0,0,998,0,0,0,0,0,0,0,0,0,17817018,17817358,17821895,0,0,0,0
2026-08-03T10:47:25Z,62964,1432828,4320829440,16280215552,516239157,9613211315,34260997811,13278507,997,0,0,0,0,0,997,0,0,0,0,0,0,0,0,0,17876985,17877307,17881787,0,0,0,0
2026-08-03T10:53:33Z,61364,1432828,4280233984,16320811008,475631231,9613055667,34263652019,13338377,998,0,0,0,0,0,997,0,0,0,0,0,0,0,0,0,17937936,17938040,17942257,0,0,0,0
2026-08-03T10:59:43Z,62260,1432828,4345135104,16255909888,540530127,9613186739,34266519219,13398839,997,0,0,0,0,0,997,0,0,0,0,0,0,0,0,0,17997500,17997773,18002373,0,0,0,0
2026-08-03T11:05:49Z,61076,1432828,4304744448,16296300544,500138877,9613326003,34269435571,13458917,997,0,0,0,0,0,997,0,0,0,0,0,0,0,0,0,18057414,18058012,18062211,0,0,0,0
2026-08-03T11:11:56Z,60636,1432828,4263882752,16337162240,459271756,9613334195,34272212659,13518528,949,0,0,0,0,0,906,0,0,0,0,0,0,0,0,0,18117769,18117902,18121930,0,0,0,0
2026-08-03T11:18:05Z,60552,1432828,4328214528,16272830464,523605900,9613375155,34275079859,13578466,997,0,0,0,0,0,996,0,0,0,0,0,0,0,0,0,18177352,18177679,18182307,0,0,0,0
2026-08-03T11:24:16Z,61896,1432828,4288036864,16313008128,483418249,9614653107,34278479539,13638740,1000,0,0,0,0,0,1000,0,0,0,0,0,0,0,0,0,18238616,18238769,18243314,0,0,0,0
2026-08-03T11:30:28Z,60612,1432828,4248674304,16352370688,444059171,9613170355,34281600691,13699763,995,0,0,0,0,0,993,0,0,0,0,0,0,0,0,0,18298458,18298770,18303349,0,0,0,0
2026-08-03T11:36:37Z,60652,1432828,4313194496,16287850496,508574932,9613227699,34284934835,13759878,997,0,0,0,0,0,997,0,0,0,0,0,0,0,0,0,18358526,18358988,18363757,0,0,0,0
2026-08-03T11:42:50Z,61176,1432828,4273098752,16327946240,468474669,9613186739,34288408243,13820212,999,0,0,0,0,0,998,0,0,0,0,0,0,0,0,0,18419415,18420658,18424906,0,0,0,0
2026-08-03T11:49:06Z,60440,1432828,4338597888,16262447104,533969550,9613268659,34291914419,13881236,1000,0,0,0,0,0,999,0,0,0,0,0,0,0,0,0,18480708,18481447,18486071,0,0,0,0
2026-08-03T11:55:20Z,60336,1432828,4299599872,16301445120,494973082,9611204275,34295355059,13942605,1000,0,0,0,0,0,1000,0,0,0,0,0,0,0,0,0,18542020,18543158,18547745,0,0,0,0
2026-08-03T12:01:37Z,60984,1432828,4260827136,16340217856,456189777,9613203123,34298648243,14004142,995,0,0,0,0,0,990,0,0,0,0,0,0,0,0,0,18602917,18604100,18608930,0,0,0,0
2026-08-03T12:07:54Z,61152,1432828,4326490112,16274554880,521849749,9613252275,34302572211,14065331,997,0,0,0,0,0,995,0,0,0,0,0,0,0,0,0,18664525,18667048,18671392,0,0,0,0
2026-08-03T12:14:46Z,63504,1432828,4290990080,16310054912,486084369,9613178547,34306512563,14129635,999,0,0,0,0,0,998,0,0,0,0,0,0,0,0,0,18728977,18731370,18735725,0,0,0,0
2026-08-03T12:21:36Z,63696,1432828,4254973952,16346071040,450322650,9612490419,34310502067,14193944,996,0,0,0,0,0,994,0,0,0,0,0,0,0,0,0,18792518,18794725,18799318,0,0,0,0
2026-08-03T12:28:21Z,63808,1432828,4323430400,16277614592,518778319,9613227699,34314712755,14257700,998,0,0,0,0,0,994,0,0,0,0,0,0,0,0,0,18856975,18860504,18864428,0,0,0,0
2026-08-03T12:35:15Z,63012,1432828,4288438272,16312606720,483782707,9613407923,34318841523,14322686,999,0,0,0,0,0,999,0,0,0,0,0,0,0,0,0,18921473,18927017,18931463,0,0,0,0
2026-08-03T12:42:19Z,63556,1432828,4255604736,16345440256,450939744,9613358771,34323494579,14389718,999,0,0,0,0,0,997,0,0,0,0,0,0,0,0,0,18988710,18994621,18998569,0,0,0,0
2026-08-03T12:49:25Z,63016,1432828,4327473152,16273571840,522811659,9613285043,34328106675,14456654,985,0,0,0,0,0,974,0,0,0,0,0,0,0,0,0,19057214,19057403,19061914,0,0,0,0
2026-08-03T12:56:18Z,64312,1432828,4291198976,16309846016,486531384,9616520883,34332497587,14520430,890,0,0,0,0,0,808,0,0,0,0,0,0,0,0,0,19119774,19121048,19123047,0,0,0,0
2026-08-03T13:02:19Z,64084,1432828,4249014272,16352030720,444341219,9631364787,34336618163,11881812,998,0,0,0,0,0,994,0,0,0,0,0,0,0,0,0,19176567,19179598,19181227,0,0,0,0
2026-08-03T13:08:18Z,90080,1432828,4309733376,16291311616,505058889,9653114547,34340615859,157710,996,0,0,0,0,0,996,0,0,0,0,0,0,0,0,0,15571719,15417297,15266797,0,0,0,0
2026-08-03T13:14:06Z,61384,1432828,4265975808,16335069184,461297371,9653704371,34344859315,214543,794,0,0,0,0,0,582,0,0,0,0,0,0,0,0,0,12782349,12417534,12328569,0,0,0,0
2026-08-03T13:21:12Z,60600,1432828,4339769344,16261275648,535084749,9655695027,34349495987,283255,996,0,0,0,0,0,994,0,0,0,0,0,0,0,0,0,10694238,10621855,10572851,0,0,0,0
2026-08-03T13:26:46Z,60096,1432828,4294168576,16306876416,489475860,9653581491,34357540531,338421,997,0,0,0,0,0,994,0,0,0,0,0,0,0,0,0,9216355,9160610,9134857,0,0,0,0
2026-08-03T13:32:14Z,60392,1432828,4247138304,16353906688,442447585,9653466803,34368558771,392289,997,0,0,0,0,0,993,0,0,0,0,0,0,0,0,0,7939214,7908704,7887867,0,0,0,0
2026-08-03T13:37:37Z,59368,1432828,4304211968,16296833024,499519599,9653663411,34379601587,445468,999,0,0,0,0,0,995,0,0,0,0,0,0,0,0,0,6811418,6786718,6771609,0,0,0,0
2026-08-03T13:42:57Z,59724,1432828,4255887360,16345157632,451185496,9652704947,34394814131,498111,997,0,0,0,0,0,994,0,0,0,0,0,0,0,0,0,5782047,5765931,5755588,0,0,0,0
2026-08-03T13:48:19Z,59644,1432828,4312023040,16289021952,507320382,9686701747,34421413555,550420,1000,0,0,0,0,0,999,0,0,0,0,0,0,0,0,0,5121561,5123263,5123883,0,0,0,0
2026-08-03T13:53:37Z,63096,1433516,4261163008,16339881984,456457415,9887635123,34452346547,599839,999,0,0,0,0,0,994,0,0,0,0,0,0,0,0,0,5171631,5172927,5173565,0,0,0,0
2026-08-03T13:58:58Z,61568,1433516,4317724672,16283320320,513011230,9653835443,34517595827,652549,997,0,0,0,0,0,997,0,0,0,0,0,0,0,0,0,5224258,5226132,5226240,0,0,0,0
2026-08-03T14:04:26Z,61372,1433516,4270002176,16331042816,465289195,9651795635,34573866675,705795,1000,0,0,0,0,0,998,0,0,0,0,0,0,0,0,0,5277489,5277569,5277758,0,0,0,0
2026-08-03T14:09:36Z,61924,1433516,4324696064,16276348928,519980570,9657308851,34599138995,756746,995,0,0,0,0,0,994,0,0,0,0,0,0,0,0,0,5328446,5328683,5328759,0,0,0,0
2026-08-03T14:14:45Z,62448,1433516,4274393088,16326651904,469668515,9653810867,34599138995,807593,998,0,0,0,0,0,996,0,0,0,0,0,0,0,0,0,5379291,5379335,5379376,0,0,0,0
2026-08-03T14:19:47Z,61612,1433516,4327923712,16273121280,523196228,9650280115,34599138995,857485,997,0,0,0,0,0,997,0,0,0,0,0,0,0,0,0,5429181,5429235,5429281,0,0,0,0
2026-08-03T14:24:49Z,62868,1433516,4276514816,16324530176,471781050,9653573299,34599138995,907333,997,0,0,0,0,0,994,0,0,0,0,0,0,0,0,0,5479040,5479093,5479129,0,0,0,0
2026-08-03T14:29:50Z,62528,1433516,4330049536,16270995456,525317174,9653524147,34599138995,957238,989,0,0,0,0,0,985,0,0,0,0,0,0,0,0,0,5528958,5529004,5529055,0,0,0,0
2026-08-03T14:34:52Z,62040,1433516,4278693888,16322351104,473956108,9653769907,34599138995,1007130,998,0,0,0,0,0,998,0,0,0,0,0,0,0,0,0,5578826,5578876,5578938,0,0,0,0
2026-08-03T14:39:54Z,63344,1433516,4332400640,16268644352,527659921,9653663411,34599138995,1057196,997,0,0,0,0,0,996,0,0,0,0,0,0,0,0,0,5628905,5628966,5629025,0,0,0,0
2026-08-03T14:44:56Z,63136,1433516,4281208832,16319836160,476465173,9653892787,34599138995,1107240,994,0,0,0,0,0,990,0,0,0,0,0,0,0,0,0,5678945,5678995,5679048,0,0,0,0
2026-08-03T14:49:58Z,61788,1433516,4334784512,16266260480,530036323,9652541107,34599138995,1157176,999,0,0,0,0,0,996,0,0,0,0,0,0,0,0,0,5728889,5728946,5728994,0,0,0,0
2026-08-03T14:55:00Z,61800,1433516,4283502592,16317542400,478753606,9652295347,34599138995,1207148,998,0,0,0,0,0,995,0,0,0,0,0,0,0,0,0,5778863,5778920,5779000,0,0,0,0
2026-08-03T15:00:02Z,62124,1433516,4337176576,16263868416,532424441,9659930291,34599138995,1257198,995,0,0,0,0,0,992,0,0,0,0,0,0,0,0,0,5828913,5828967,5829017,0,0,0,0
2026-08-03T15:05:04Z,61628,1433516,4285825024,16315219968,481068752,9653794483,34599138995,1307082,990,0,0,0,0,0,987,0,0,0,0,0,0,0,0,0,5878824,5878887,5878961,0,0,0,0
2026-08-03T15:10:07Z,61080,1433516,4339666944,16261378048,534903450,9653696179,34599138995,1357268,994,0,0,0,0,0,993,0,0,0,0,0,0,0,0,0,5928988,5929038,5929111,0,0,0,0
2026-08-03T15:15:09Z,61696,1433516,4288417792,16312627200,483649002,9653671603,34599138995,1407257,997,0,0,0,0,0,995,0,0,0,0,0,0,0,0,0,5978987,5979038,5979104,0,0,0,0
2026-08-03T15:20:11Z,61008,1433516,4341993472,16259051520,537219928,9653761715,34599138995,1457198,999,0,0,0,0,0,997,0,0,0,0,0,0,0,0,0,6028909,6028980,6029066,0,0,0,0
2026-08-03T15:25:13Z,61936,1433516,4290580480,16310464512,485813195,9652418227,34599138995,1507059,994,0,0,0,0,0,984,0,0,0,0,0,0,0,0,0,6078792,6078876,6078938,0,0,0,0
2026-08-03T15:30:15Z,62580,1433516,4344410112,16256634880,539635884,9652688563,34599138995,1557232,995,0,0,0,0,0,993,0,0,0,0,0,0,0,0,0,6128945,6129022,6129111,0,0,0,0
2026-08-03T15:35:17Z,61224,1433516,4293124096,16307920896,488344056,9653941939,34599138995,1607192,997,0,0,0,0,0,992,0,0,0,0,0,0,0,0,0,6178992,6179049,6179121,0,0,0,0
2026-08-03T15:40:21Z,63224,1433516,4242108416,16358936576,437323598,9653900979,34599138995,1657396,997,0,0,0,0,0,997,0,0,0,0,0,0,0,0,0,6229100,6229182,6229240,0,0,0,0
2026-08-03T15:45:23Z,62924,1433516,4295704576,16305340416,490924645,9657374387,34599138995,1707375,998,0,0,0,0,0,996,0,0,0,0,0,0,0,0,0,6279097,6279192,6279274,0,0,0,0
2026-08-03T15:50:26Z,62984,1433516,4244500480,16356544512,439709922,9653704371,34599138995,1757405,999,0,0,0,0,0,998,0,0,0,0,0,0,0,0,0,6329114,6329198,6329269,0,0,0,0
2026-08-03T15:55:28Z,63092,1433516,4298113024,16302931968,493321863,9651402419,34599138995,1807399,996,0,0,0,0,0,996,0,0,0,0,0,0,0,0,0,6379120,6379210,6379285,0,0,0,0
2026-08-03T16:00:31Z,62680,1433516,4246876160,16354168832,442085181,9653630643,34599138995,1857384,994,0,0,0,0,0,993,0,0,0,0,0,0,0,0,0,6429107,6429208,6429299,0,0,0,0
2026-08-03T16:05:33Z,61608,1433516,4300607488,16300437504,495813585,9653835443,34599138995,1907471,997,0,0,0,0,0,997,0,0,0,0,0,0,0,0,0,6479189,6479279,6483172,0,0,0,0
2026-08-03T16:11:07Z,62760,1433516,4254973952,16346071040,450170553,9663936179,34599138995,1962679,997,0,0,0,0,0,995,0,0,0,0,0,0,0,0,0,6534384,6534468,6538690,0,0,0,0
2026-08-03T16:16:47Z,62180,1433516,4315037696,16286007296,510232687,9653991091,34599138995,2018666,996,0,0,0,0,0,993,0,0,0,0,0,0,0,0,0,6590485,6590598,6594375,0,0,0,0
2026-08-03T16:22:24Z,61188,1433516,4269629440,16331415552,464823443,9653941939,34599138995,2074107,996,0,0,0,0,0,995,0,0,0,0,0,0,0,0,0,6645830,6645875,6646359,0,0,0,0
2026-08-03T16:27:28Z,62568,1433516,4323667968,16277377024,518857416,9653966515,34599138995,2124480,998,0,0,0,0,0,997,0,0,0,0,0,0,0,0,0,6696197,6696227,6696283,0,0,0,0
2026-08-03T16:32:30Z,62360,1433516,4272373760,16328671232,467560656,9653966515,34599138995,2174425,998,0,0,0,0,0,994,0,0,0,0,0,0,0,0,0,6746145,6746199,6746257,0,0,0,0
2026-08-03T16:37:32Z,62204,1433516,4325916672,16275128320,521090938,9653868211,34599138995,2224324,999,0,0,0,0,0,997,0,0,0,0,0,0,0,0,0,6796035,6796068,6796121,0,0,0,0
2026-08-03T16:42:34Z,61632,1433516,4274401280,16326643712,469572967,9653917363,34599138995,2274086,995,0,0,0,0,0,993,0,0,0,0,0,0,0,0,0,6845804,6845839,6845912,0,0,0,0
2026-08-03T16:47:39Z,61628,1433516,4328382464,16272662528,523551461,9653810867,34599138995,2324406,997,0,0,0,0,0,996,0,0,0,0,0,0,0,0,0,6896123,6896180,6896246,0,0,0,0
2026-08-03T16:52:41Z,62032,1433516,4276924416,16324120576,472092571,9653712563,34599138995,2374227,998,0,0,0,0,0,996,0,0,0,0,0,0,0,0,0,6945937,6946012,6946086,0,0,0,0
2026-08-03T16:57:43Z,61476,1433516,4330434560,16270610432,525601094,9653843635,34599138995,2424119,997,0,0,0,0,0,996,0,0,0,0,0,0,0,0,0,6995839,6995880,6995947,0,0,0,0
2026-08-03T17:02:45Z,61084,1433516,4279181312,16321863680,474339108,9653737139,34599138995,2474098,993,0,0,0,0,0,989,0,0,0,0,0,0,0,0,0,7045806,7045867,7045951,0,0,0,0
2026-08-03T17:07:47Z,62436,1433516,4332797952,16268247040,527957034,9653900979,34599138995,2524078,994,0,0,0,0,0,991,0,0,0,0,0,0,0,0,0,7095881,7095934,7095996,0,0,0,0
2026-08-03T17:12:50Z,59440,1433516,4281528320,16319516672,476681255,9653950131,34599138995,2574108,996,0,0,0,0,0,990,0,0,0,0,0,0,0,0,0,7145842,7145894,7145963,0,0,0,0
2026-08-03T17:17:52Z,59768,1433516,4335022080,16266022912,530169297,9653819059,34599138995,2623956,998,0,0,0,0,0,995,0,0,0,0,0,0,0,0,0,7195678,7195752,7195832,0,0,0,0
2026-08-03T17:22:54Z,62516,1433516,4283727872,16317317120,478878441,9653761715,34599138995,2673956,999,0,0,0,0,0,999,0,0,0,0,0,0,0,0,0,7245688,7245757,7245836,0,0,0,0
2026-08-03T17:27:56Z,59940,1433516,4337385472,16263659520,532536299,9653786291,34599138995,2723972,1000,0,0,0,0,0,1000,0,0,0,0,0,0,0,0,0,7295684,7295737,7295828,0,0,0,0
2026-08-03T17:32:58Z,61064,1433516,4285911040,16315133952,481055337,9653835443,34599138995,2773823,998,0,0,0,0,0,998,0,0,0,0,0,0,0,0,0,7345551,7345626,7345704,0,0,0,0
2026-08-03T17:38:01Z,60036,1433516,4339560448,16261484544,534701016,9653860019,34599138995,2823829,995,0,0,0,0,0,994,0,0,0,0,0,0,0,0,0,7395552,7395638,7395727,0,0,0,0
2026-08-03T17:43:03Z,61636,1433516,4288258048,16312786944,483392862,9653958323,34599138995,2873811,997,0,0,0,0,0,996,0,0,0,0,0,0,0,0,0,7445546,7445622,7445714,0,0,0,0
2026-08-03T17:48:05Z,60468,1433516,4342190080,16258854912,537321647,9653925555,34599138995,2924082,995,0,0,0,0,0,992,0,0,0,0,0,0,0,0,0,7495803,7495872,7495956,0,0,0,0
2026-08-03T17:53:08Z,61512,1433516,4290871296,16310173696,486010527,9653745331,34599138995,2974098,1000,0,0,0,0,0,994,0,0,0,0,0,0,0,0,0,7545824,7545922,7546025,0,0,0,0
2026-08-03T17:58:10Z,59848,1433516,4344516608,16256528384,539648054,9653909171,34599138995,3024103,994,0,0,0,0,0,989,0,0,0,0,0,0,0,0,0,7595835,7595924,7596024,0,0,0,0
2026-08-03T18:03:13Z,60300,1433516,4293189632,16307855360,488317519,9653892787,34599138995,3074028,999,0,0,0,0,0,998,0,0,0,0,0,0,0,0,0,7645761,7645876,7645958,0,0,0,0
2026-08-03T18:08:15Z,62664,1433516,4241809408,16359235584,436930954,9653991091,34599138995,3123964,996,0,0,0,0,0,996,0,0,0,0,0,0,0,0,0,7695721,7695816,7695907,0,0,0,0
2026-08-03T18:13:18Z,60816,1433516,4295614464,16305430528,490728517,9653753523,34599138995,3174119,994,0,0,0,0,0,992,0,0,0,0,0,0,0,0,0,7745844,7745929,7746019,0,0,0,0
2026-08-03T18:18:21Z,62140,1433516,4244295680,16356749312,439414514,9653827251,34599138995,3224104,993,0,0,0,0,0,988,0,0,0,0,0,0,0,0,0,7795843,7795918,7796013,0,0,0,0
2026-08-03T18:23:23Z,61092,1433516,4298047488,16302997504,493156746,9653810867,34599138995,3274196,996,0,0,0,0,0,993,0,0,0,0,0,0,0,0,0,7845936,7846022,7846159,0,0,0,0
2026-08-03T18:28:26Z,61560,1433516,4246761472,16354283520,441868792,9654941363,34599138995,3324195,997,0,0,0,0,0,997,0,0,0,0,0,0,0,0,0,7895980,7896357,7896847,0,0,0,0
2026-08-03T18:33:36Z,60764,1433516,4301774848,16299270144,496879696,9653933747,34599138995,3375453,998,0,0,0,0,0,996,0,0,0,0,0,0,0,0,0,7947180,7947775,7951659,0,0,0,0
2026-08-03T18:39:11Z,61388,1433516,4256243712,16344801280,451338814,9653851827,34599138995,3430792,995,0,0,0,0,0,992,0,0,0,0,0,0,0,0,0,8002523,8002636,8006447,0,0,0,0
2026-08-03T18:44:44Z,61400,1433516,4315025408,16286019584,510120039,9653933747,34599138995,3485572,998,0,0,0,0,0,996,0,0,0,0,0,0,0,0,0,8057324,8057520,8061307,0,0,0,0
2026-08-03T18:50:18Z,60092,1433516,4268838912,16332206080,463929360,9654032051,34599138995,3540265,993,0,0,0,0,0,986,0,0,0,0,0,0,0,0,0,8112020,8112151,8115937,0,0,0,0
2026-08-03T18:55:52Z,60852,1433516,4327526400,16273518592,522611024,9652737715,34599138995,3594957,998,0,0,0,0,0,996,0,0,0,0,0,0,0,0,0,8166700,8166805,8170657,0,0,0,0
2026-08-03T19:01:27Z,60704,1433516,4281593856,16319451136,476673531,9653982899,34599138995,3649843,999,0,0,0,0,0,998,0,0,0,0,0,0,0,0,0,8221570,8221643,8222267,0,0,0,0
2026-08-03T19:06:32Z,60156,1433516,4335902720,16265142272,530978738,9653884595,34599138995,3700471,994,0,0,0,0,0,993,0,0,0,0,0,0,0,0,0,8272220,8272890,8272982,0,0,0,0
2026-08-03T19:11:38Z,59456,1433516,4285317120,16315727872,480396029,9653900979,34599138995,3751070,998,0,0,0,0,0,995,0,0,0,0,0,0,0,0,0,8322833,8322900,8322973,0,0,0,0
2026-08-03T19:16:41Z,60096,1433516,4339097600,16261947392,534172194,9653900979,34599138995,3801194,995,0,0,0,0,0,992,0,0,0,0,0,0,0,0,0,8372931,8372981,8373072,0,0,0,0
2026-08-03T19:21:43Z,60328,1433516,4287795200,16313249792,482868306,9653524147,34599138995,3851110,998,0,0,0,0,0,997,0,0,0,0,0,0,0,0,0,8422829,8422885,8423013,0,0,0,0
2026-08-03T19:26:45Z,60924,1433516,4341555200,16259489792,536624952,9653860019,34599138995,3901222,999,0,0,0,0,0,996,0,0,0,0,0,0,0,0,0,8473076,8473147,8473234,0,0,0,0
2026-08-03T19:31:49Z,63040,1433516,4290445312,16310599680,485517756,9653802675,34599138995,3951316,998,0,0,0,0,0,995,0,0,0,0,0,0,0,0,0,8523045,8523119,8523196,0,0,0,0
2026-08-03T19:36:51Z,61572,1433516,4344160256,16256884736,539227902,9653909171,34599138995,4001395,995,0,0,0,0,0,994,0,0,0,0,0,0,0,0,0,8573123,8573191,8573281,0,0,0,0
2026-08-03T19:41:53Z,61020,1433516,4293021696,16308023296,488083760,9653794483,34599138995,4051439,996,0,0,0,0,0,994,0,0,0,0,0,0,0,0,0,8623174,8623233,8623353,0,0,0,0
2026-08-03T19:46:56Z,62168,1433516,4241891328,16359153664,436947512,9654015667,34599138995,4101507,997,0,0,0,0,0,990,0,0,0,0,0,0,0,0,0,8673253,8673336,8673434,0,0,0,0
2026-08-03T19:51:58Z,60076,1433516,4295720960,16305324032,490780892,9653827251,34599138995,4151688,996,0,0,0,0,0,991,0,0,0,0,0,0,0,0,0,8723426,8723495,8723589,0,0,0,0
2026-08-03T19:57:01Z,61344,1433516,4244500480,16356544512,439553413,9653966515,34599138995,4201680,991,0,0,0,0,0,990,0,0,0,0,0,0,0,0,0,8773428,8773495,8773572,0,0,0,0
2026-08-03T20:02:03Z,61056,1433516,4298280960,16302764032,493334570,9653843635,34599138995,4251813,998,0,0,0,0,0,996,0,0,0,0,0,0,0,0,0,8823550,8823607,8823708,0,0,0,0
2026-08-03T20:07:06Z,60476,1433516,4247113728,16353931264,442157641,9654007475,34599138995,4301840,997,0,0,0,0,0,997,0,0,0,0,0,0,0,0,0,8873575,8873659,8873840,0,0,0,0
2026-08-03T20:12:09Z,59492,1433516,4300959744,16300085248,496000473,9653786291,34599138995,4352040,994,0,0,0,0,0,993,0,0,0,0,0,0,0,0,0,8923833,8924041,8924323,0,0,0,0
2026-08-03T20:17:13Z,61444,1433516,4249980928,16351064064,445025793,9653769907,34599138995,4402245,996,0,0,0,0,0,992,0,0,0,0,0,0,0,0,0,8974003,8974528,8974869,0,0,0,0
2026-08-03T20:22:20Z,62040,1433516,4304367616,16296677376,499406395,9656661683,34599138995,4452947,982,0,0,0,0,0,979,0,0,0,0,0,0,0,0,0,9024725,9024834,9024986,0,0,0,0
2026-08-03T20:27:23Z,61332,1433516,4253388800,16347656192,448424479,9653868211,34599138995,4503160,998,0,0,0,0,0,998,0,0,0,0,0,0,0,0,0,9074894,9074989,9075110,0,0,0,0
2026-08-03T20:32:26Z,60604,1433516,4307128320,16293916672,502159578,9653933747,34599138995,4553249,995,0,0,0,0,0,992,0,0,0,0,0,0,0,0,0,9125009,9125096,9125269,0,0,0,0
2026-08-03T20:37:29Z,60788,1433516,4255965184,16345079808,450996064,9653278387,34599138995,4603297,998,0,0,0,0,0,996,0,0,0,0,0,0,0,0,0,9175080,9175245,9175418,0,0,0,0
2026-08-03T20:42:33Z,59380,1433516,4309897216,16291147776,504920730,9653909171,34599138995,4653560,997,0,0,0,0,0,995,0,0,0,0,0,0,0,0,0,9225358,9225470,9229365,0,0,0,0
2026-08-03T20:48:06Z,60296,1433516,4264034304,16337010688,459045074,9652221619,34599138995,4708539,1000,0,0,0,0,0,996,0,0,0,0,0,0,0,0,0,9280279,9280363,9284185,0,0,0,0
2026-08-03T20:53:41Z,60400,1433516,4323438592,16277606400,518440527,9653876403,34599138995,4763891,998,0,0,0,0,0,997,0,0,0,0,0,0,0,0,0,9335665,9335767,9339613,0,0,0,0
2026-08-03T20:59:16Z,61992,1433516,4277805056,16323239936,472811791,9653671603,34599138995,4819077,992,0,0,0,0,0,991,0,0,0,0,0,0,0,0,0,9390798,9390916,9394824,0,0,0,0
2026-08-03T21:04:52Z,60948,1433516,4345815040,16255229952,532427233,9653687987,34599138995,4874641,993,0,0,0,0,0,993,0,0,0,0,0,0,0,0,0,9446413,9447157,9451050,0,0,0,0
2026-08-03T21:10:32Z,61164,1433516,4301185024,16299859968,487792336,9654105779,34599138995,4930740,996,0,0,0,0,0,996,0,0,0,0,0,0,0,0,0,9502481,9502597,9506557,0,0,0,0
2026-08-03T21:16:09Z,61968,1433516,4255858688,16345186304,442469376,9653909171,34599138995,4986231,997,0,0,0,0,0,996,0,0,0,0,0,0,0,0,0,9557981,9558090,9562820,0,0,0,0
2026-08-03T21:21:50Z,61292,1433516,4316499968,16284545024,503106069,9653925555,34599138995,5042741,999,0,0,0,0,0,997,0,0,0,0,0,0,0,0,0,9614490,9614618,9618346,0,0,0,0
2026-08-03T21:27:26Z,61856,1433516,4270944256,16330100736,457548782,9653876403,34599138995,5097987,995,0,0,0,0,0,992,0,0,0,0,0,0,0,0,0,9669745,9669846,9673664,0,0,0,0
2026-08-03T21:33:01Z,61284,1433516,4330450944,16270594048,517042829,9653884595,34599138995,5153428,997,0,0,0,0,0,995,0,0,0,0,0,0,0,0,0,9725174,9725275,9729209,0,0,0,0
2026-08-03T21:38:38Z,61052,1433516,4285116416,16315928576,471707834,9653720755,34599138995,5208877,997,0,0,0,0,0,997,0,0,0,0,0,0,0,0,0,9780654,9780747,9784682,0,0,0,0
2026-08-03T21:44:15Z,61456,1433516,4344844288,16256200704,531432363,9652098739,34599138995,5264546,997,0,0,0,0,0,994,0,0,0,0,0,0,0,0,0,9836295,9836427,9840156,0,0,0,0
2026-08-03T21:49:50Z,61356,1433516,4299292672,16301752320,485880186,9653900979,34599138995,5319792,993,0,0,0,0,0,989,0,0,0,0,0,0,0,0,0,9891567,9891675,9895449,0,0,0,0
2026-08-03T21:55:25Z,62296,1433516,4253609984,16347435008,440194591,9653868211,34599138995,5374916,995,0,0,0,0,0,993,0,0,0,0,0,0,0,0,0,9946687,9947589,9952485,0,0,0,0
2026-08-03T22:01:14Z,62108,1433516,4315078656,16285966336,501652645,9653860019,34599138995,5432197,992,0,0,0,0,0,989,0,0,0,0,0,0,0,0,0,10003974,10004108,10008100,0,0,0,0
2026-08-03T22:06:52Z,61388,1433516,4269924352,16331120640,456505584,9653982899,34599138995,5487814,998,0,0,0,0,0,997,0,0,0,0,0,0,0,0,0,10059560,10059735,10063575,0,0,0,0
2026-08-03T22:12:30Z,60676,1433516,4329705472,16271339520,516280188,9653720755,34599138995,5543520,993,0,0,0,0,0,993,0,0,0,0,0,0,0,0,0,10115265,10115406,10119325,0,0,0,0
2026-08-03T22:18:08Z,61648,1433516,4284534784,16316510208,471106258,9653876403,34599138995,5599119,992,0,0,0,0,0,988,0,0,0,0,0,0,0,0,0,10170922,10171782,10175635,0,0,0,0
2026-08-03T22:23:50Z,63352,1433516,4345061376,16255983616,531627773,9653991091,34599138995,5655514,996,0,0,0,0,0,993,0,0,0,0,0,0,0,0,0,10227278,10227360,10232137,0,0,0,0
2026-08-03T22:29:33Z,60692,1433516,4300648448,16300396544,487208135,9653884595,34599138995,5711809,997,0,0,0,0,0,995,0,0,0,0,0,0,0,0,0,10283556,10283642,10284419,0,0,0,0
2026-08-03T22:34:40Z,63948,1433516,4250255360,16350789632,436809042,9654064819,34599138995,5762563,998,0,0,0,0,0,995,0,0,0,0,0,0,0,0,0,10334336,10335227,10335312,0,0,0,0
2026-08-03T22:39:47Z,60184,1433516,4305055744,16295989248,491607073,9653712563,34599138995,5813647,996,0,0,0,0,0,996,0,0,0,0,0,0,0,0,0,10385383,10385466,10385551,0,0,0,0
2026-08-03T22:44:53Z,61356,1433516,4254437376,16346607616,440985900,9653843635,34599138995,5864174,993,0,0,0,0,0,992,0,0,0,0,0,0,0,0,0,10435984,10436059,10436217,0,0,0,0
2026-08-03T22:49:57Z,60904,1433516,4308332544,16292712448,494874681,9653900979,34599138995,5914416,994,0,0,0,0,0,993,0,0,0,0,0,0,0,0,0,10486274,10486346,10486447,0,0,0,0
2026-08-03T22:55:00Z,61184,1433516,4257284096,16343760896,443830628,9653778099,34599138995,5964566,997,0,0,0,0,0,994,0,0,0,0,0,0,0,0,0,10536420,10536485,10537193,0,0,0,0
2026-08-03T23:00:07Z,59860,1433516,4311904256,16289140736,498443920,9653606067,34599138995,6015476,995,0,0,0,0,0,994,0,0,0,0,0,0,0,0,0,10587228,10587341,10587597,0,0,0,0
2026-08-03T23:05:11Z,63740,1433516,4260900864,16340144128,447438385,9653827251,34599138995,6065650,997,0,0,0,0,0,997,0,0,0,0,0,0,0,0,0,10637535,10637633,10637829,0,0,0,0
2026-08-03T23:10:15Z,61360,1433516,4314898432,16286146560,501430046,9653835443,34599138995,6115980,996,0,0,0,0,0,993,0,0,0,0,0,0,0,0,0,10687786,10687880,10687977,0,0,0,0
2026-08-03T23:15:18Z,62112,1433516,4263788544,16337256448,450320652,9657857715,34599138995,6166068,1000,0,0,0,0,0,996,0,0,0,0,0,0,0,0,0,10737804,10737909,10738076,0,0,0,0
2026-08-03T23:20:21Z,62136,1433516,4317634560,16283410432,504159095,9653868211,34599138995,6216259,998,0,0,0,0,0,996,0,0,0,0,0,0,0,0,0,10788030,10788118,10788241,0,0,0,0
2026-08-03T23:25:24Z,62800,1433516,4266573824,16334471168,453090928,9653941939,34599138995,6266395,999,0,0,0,0,0,996,0,0,0,0,0,0,0,0,0,10838138,10838244,10838436,0,0,0,0
2026-08-03T23:30:28Z,61336,1433516,4320514048,16280530944,507031298,9654073011,34599138995,6316663,998,0,0,0,0,0,997,0,0,0,0,0,0,0,0,0,10888415,10888518,10888715,0,0,0,0
2026-08-03T23:35:31Z,61268,1433516,4269445120,16331599872,455962474,9653180083,34599138995,6366787,994,0,0,0,0,0,993,0,0,0,0,0,0,0,0,0,10938562,10938667,10938863,0,0,0,0
2026-08-03T23:40:35Z,61076,1433516,4323409920,16277635072,509921675,9653950131,34599138995,6417097,998,0,0,0,0,0,996,0,0,0,0,0,0,0,0,0,10988874,10988989,10989183,0,0,0,0
2026-08-03T23:45:38Z,62008,1433516,4272459776,16328585216,458969625,9653958323,34599138995,6467351,994,0,0,0,0,0,992,0,0,0,0,0,0,0,0,0,11039142,11039264,11039481,0,0,0,0
2026-08-03T23:50:42Z,60680,1433516,4326346752,16274698240,512853648,9653819059,34599138995,6517585,999,0,0,0,0,0,998,0,0,0,0,0,0,0,0,0,11089358,11089456,11089678,0,0,0,0
2026-08-03T23:55:46Z,60732,1433516,4275232768,16325812224,461738488,9653343923,34599138995,6567683,996,0,0,0,0,0,993,0,0,0,0,0,0,0,0,0,11139463,11139553,11139791,0,0,0,0
2026-08-04T00:00:50Z,61516,1433516,4328873984,16272171008,515375328,9654007475,34599138995,6617672,997,0,0,0,0,0,996,0,0,0,0,0,0,0,0,0,11189451,11189543,11189821,0,0,0,0
2026-08-04T00:05:54Z,61476,1433516,4277649408,16323395584,464146386,9653982899,34599138995,6667665,999,0,0,0,0,0,996,0,0,0,0,0,0,0,0,0,11239823,11239928,11240222,0,0,0,0
2026-08-04T00:11:00Z,60992,1433516,4331843584,16269201408,518340088,9653876403,34599138995,6718160,998,0,0,0,0,0,997,0,0,0,0,0,0,0,0,0,11290054,11290177,11294049,0,0,0,0
2026-08-04T00:16:42Z,60472,1433516,4287361024,16313683968,473851542,9653958323,34599138995,6774409,996,0,0,0,0,0,995,0,0,0,0,0,0,0,0,0,11346193,11346292,11350044,0,0,0,0
2026-08-04T00:22:18Z,60208,1433516,4346908672,16254136320,533390575,9653704371,34599138995,6829907,997,0,0,0,0,0,997,0,0,0,0,0,0,0,0,0,11401753,11402004,11405786,0,0,0,0
2026-08-04T00:27:57Z,60408,1433516,4301795328,16299249664,488277082,9653802675,34599138995,6885570,998,0,0,0,0,0,997,0,0,0,0,0,0,0,0,0,11457351,11457481,11461335,0,0,0,0
2026-08-04T00:33:33Z,61372,1433516,4256370688,16344674304,442852585,9653851827,34599138995,6940957,999,0,0,0,0,0,995,0,0,0,0,0,0,0,0,0,11512803,11512987,11516885,0,0,0,0
2026-08-04T00:39:10Z,62128,1433516,4315959296,16285085696,502443724,9653671603,34599138995,6996497,998,0,0,0,0,0,998,0,0,0,0,0,0,0,0,0,11568264,11568519,11572452,0,0,0,0
2026-08-04T00:44:47Z,61052,1433516,4270747648,16330297344,457223817,9654146739,34599138995,7052064,996,0,0,0,0,0,994,0,0,0,0,0,0,0,0,0,11623835,11623966,11627955,0,0,0,0
2026-08-04T00:50:24Z,61188,1433516,4330340352,16270704640,516809504,9653892787,34599138995,7107605,997,0,0,0,0,0,995,0,0,0,0,0,0,0,0,0,11679481,11679762,11683684,0,0,0,0
2026-08-04T00:56:02Z,61124,1433516,4285513728,16315531264,471978448,9657718451,34599138995,7163545,1000,0,0,0,0,0,999,0,0,0,0,0,0,0,0,0,11735318,11735489,11739397,0,0,0,0
2026-08-04T01:01:36Z,60912,1433516,4345008128,16256036864,531469806,9653827251,34599138995,7218988,997,0,0,0,0,0,995,0,0,0,0,0,0,0,0,0,11790854,11791170,11795068,0,0,0,0
2026-08-04T01:07:13Z,60524,1433516,4299685888,16301359104,486142218,9653900979,34599138995,7274469,996,0,0,0,0,0,995,0,0,0,0,0,0,0,0,0,11846294,11846490,11850315,0,0,0,0
2026-08-04T01:12:48Z,60876,1433516,4254224384,16346820608,440675305,9651885747,34599138995,7329815,994,0,0,0,0,0,989,0,0,0,0,0,0,0,0,0,11901723,11902009,11905828,0,0,0,0
2026-08-04T01:18:24Z,60600,1433516,4314038272,16287006720,500488149,9653974707,34599138995,7385571,998,0,0,0,0,0,996,0,0,0,0,0,0,0,0,0,11957441,11957671,11961386,0,0,0,0
2026-08-04T01:23:58Z,61836,1433516,4268376064,16332668928,454821656,9653835443,34599138995,7440729,1000,0,0,0,0,0,999,0,0,0,0,0,0,0,0,0,12012647,12012951,12016722,0,0,0,0
2026-08-04T01:29:34Z,60576,1433516,4327993344,16273051648,514436273,9653966515,34599138995,7496302,998,0,0,0,0,0,998,0,0,0,0,0,0,0,0,0,12068326,12068637,12072561,0,0,0,0
2026-08-04T01:35:11Z,60764,1433516,4283052032,16317992960,469491418,9653876403,34599138995,7552131,995,0,0,0,0,0,991,0,0,0,0,0,0,0,0,0,12123969,12124337,12128358,0,0,0,0
2026-08-04T01:40:49Z,60740,1433516,4343062528,16257982464,529499330,9653835443,34599138995,7608055,993,0,0,0,0,0,989,0,0,0,0,0,0,0,0,0,12179990,12180377,12184137,0,0,0,0
2026-08-04T01:46:25Z,59588,1433516,4297596928,16303448064,484024664,9653884595,34599138995,7663399,994,0,0,0,0,0,992,0,0,0,0,0,0,0,0,0,12235208,12235381,12239103,0,0,0,0
2026-08-04T01:51:58Z,61232,1433516,4251873280,16349171712,438296738,9653032627,34599138995,7718516,996,0,0,0,0,0,995,0,0,0,0,0,0,0,0,0,12290319,12290487,12294137,0,0,0,0
2026-08-04T01:57:31Z,61860,1433516,4310958080,16290086912,497379577,9653819059,34599138995,7773577,997,0,0,0,0,0,994,0,0,0,0,0,0,0,0,0,12345362,12346150,12349891,0,0,0,0
2026-08-04T02:03:08Z,61532,1433516,4265631744,16335413248,452050395,9653032627,34599138995,7829078,996,0,0,0,0,0,993,0,0,0,0,0,0,0,0,0,12400880,12401069,12404771,0,0,0,0
2026-08-04T02:08:45Z,61528,1433516,4325249024,16275795968,511664632,9653909171,34599138995,7884649,995,0,0,0,0,0,994,0,0,0,0,0,0,0,0,0,12456455,12457258,12460892,0,0,0,0
2026-08-04T02:14:26Z,61344,1433516,4280823808,16320221184,467232285,9653933747,34599138995,7940939,1000,0,0,0,0,0,996,0,0,0,0,0,0,0,0,0,12512737,12513160,12516814,0,0,0,0
2026-08-04T02:20:05Z,60684,1433516,4340871168,16260173824,527277345,9653802675,34599138995,7996901,993,0,0,0,0,0,991,0,0,0,0,0,0,0,0,0,12568690,12569424,12573398,0,0,0,0
2026-08-04T02:25:49Z,61368,1433516,4296912896,16304132096,483323685,9654015667,34599138995,8053665,997,0,0,0,0,0,995,0,0,0,0,0,0,0,0,0,12625505,12626298,12630400,0,0,0,0
2026-08-04T02:31:34Z,62200,1433516,4252962816,16348082176,439365809,9653900979,34599138995,8110411,998,0,0,0,0,0,989,0,0,0,0,0,0,0,0,0,12682282,12683016,12686850,0,0,0,0
2026-08-04T02:37:17Z,60500,1433516,4313706496,16287338496,500109233,9653909171,34599138995,8167019,997,0,0,0,0,0,995,0,0,0,0,0,0,0,0,0,12738920,12739913,12743819,0,0,0,0
2026-08-04T02:43:03Z,64500,1433516,4269727744,16331317248,456124984,9653876403,34599138995,8223764,999,0,0,0,0,0,998,0,0,0,0,0,0,0,0,0,12795524,12795603,12796560,0,0,0,0
2026-08-04T02:48:11Z,61372,1433516,4324429824,16276615168,510824235,9653958323,34599138995,8274728,997,0,0,0,0,0,995,0,0,0,0,0,0,0,0,0,12846653,12847393,12847614,0,0,0,0
2026-08-04T02:53:19Z,60680,1433516,4274335744,16326709248,460724382,9653876403,34599138995,8325792,999,0,0,0,0,0,998,0,0,0,0,0,0,0,0,0,12897581,12897681,12897923,0,0,0,0
2026-08-04T02:58:23Z,60532,1433516,4328280064,16272764928,514666019,9653917363,34599138995,8376059,996,0,0,0,0,0,996,0,0,0,0,0,0,0,0,0,12947878,12947964,12948201,0,0,0,0
2026-08-04T03:03:27Z,61636,1433516,4277465088,16323579904,463849223,9654040243,34599155379,8426448,997,0,0,0,0,0,995,0,0,0,0,0,0,0,0,0,12998230,12998337,12998591,0,0,0,0
2026-08-04T03:08:35Z,61016,1433516,4332142592,16268902400,518512453,9653925555,34599163571,8477387,996,0,0,0,0,0,994,0,0,0,0,0,0,0,0,0,13049181,13049292,13049567,0,0,0,0
2026-08-04T03:13:39Z,62860,1433516,4281163776,16319881216,467530658,9653982899,34599163571,8527619,995,0,0,0,0,0,993,0,0,0,0,0,0,0,0,0,13099609,13099728,13100011,0,0,0,0
2026-08-04T03:18:44Z,64152,1433516,4334968832,16266076160,521332727,9653982899,34599171763,8577771,1000,0,0,0,0,0,1000,0,0,0,0,0,0,0,0,0,13150383,13150481,13150754,0,0,0,0
2026-08-04T03:23:53Z,63132,1433516,4284899328,16316145664,471259954,9652565683,34599171763,8628835,998,0,0,0,0,0,995,0,0,0,0,0,0,0,0,0,13200737,13200863,13201132,0,0,0,0
2026-08-04T03:28:58Z,62752,1433516,4338782208,16262262784,525139925,9653860019,34599179955,8679052,998,0,0,0,0,0,996,0,0,0,0,0,0,0,0,0,13250924,13251041,13251331,0,0,0,0
2026-08-04T03:34:03Z,62352,1433516,4287586304,16313458688,473946690,9653917363,34599196339,8729062,999,0,0,0,0,0,997,0,0,0,0,0,0,0,0,0,13300903,13301028,13301285,0,0,0,0
2026-08-04T03:39:08Z,64072,1433516,4341166080,16259878912,527519452,9652475571,34599212723,8778985,998,0,0,0,0,0,997,0,0,0,0,0,0,0,0,0,13350849,13350976,13351267,0,0,0,0
2026-08-04T03:44:13Z,62920,1433516,4289703936,16311341056,476057462,9657169587,34599220915,8828735,999,0,0,0,0,0,994,0,0,0,0,0,0,0,0,0,13400852,13400983,13401292,0,0,0,0
2026-08-04T03:49:19Z,63932,1433516,4343623680,16257421312,529969102,9654064819,34599220915,8878985,992,0,0,0,0,0,992,0,0,0,0,0,0,0,0,0,13450774,13450915,13451265,0,0,0,0
2026-08-04T03:54:24Z,64324,1433516,4292157440,16308887552,478494542,9653991091,34599220915,8928722,995,0,0,0,0,0,994,0,0,0,0,0,0,0,0,0,13500798,13500931,13501246,0,0,0,0
2026-08-04T03:59:30Z,63620,1433516,4345933824,16255111168,532180334,9653958323,34599229107,8978756,980,0,0,0,0,0,975,0,0,0,0,0,0,0,0,0,13551381,13551525,13551868,0,0,0,0
2026-08-04T04:04:40Z,63476,1433516,4295528448,16305516544,481784400,9653860019,34599237299,9029503,997,0,0,0,0,0,995,0,0,0,0,0,0,0,0,0,13601517,13601660,13601969,0,0,0,0
2026-08-04T04:09:46Z,63148,1433516,4349620224,16251424768,535865370,9653917363,34599237299,9079899,996,0,0,0,0,0,990,0,0,0,0,0,0,0,0,0,13652009,13652145,13652487,0,0,0,0
2026-08-04T04:14:52Z,66112,1433516,4298280960,16302764032,484525371,9653868211,34599253683,9129775,996,0,0,0,0,0,990,0,0,0,0,0,0,0,0,0,13702758,13702905,13703209,0,0,0,0
2026-08-04T04:20:04Z,66944,1433516,4353150976,16247894016,539398325,9653925555,34599261875,9180905,997,0,0,0,0,0,997,0,0,0,0,0,0,0,0,0,13752831,13752987,13753352,0,0,0,0
2026-08-04T04:25:19Z,64624,1433516,4303200256,16297844736,489442784,9653958323,34599270067,9232059,996,0,0,0,0,0,995,0,0,0,0,0,0,0,0,0,13803975,13804162,13808714,0,0,0,0
2026-08-04T04:31:02Z,65236,1433516,4258357248,16342687744,444599522,9652090547,34599286451,9287961,996,0,0,0,0,0,995,0,0,0,0,0,0,0,0,0,13862022,13862716,13866850,0,0,0,0
2026-08-04T04:36:54Z,64284,1433516,4321067008,16279977984,507301706,9654023859,34599311027,9346382,999,0,0,0,0,0,997,0,0,0,0,0,0,0,0,0,13918946,13919653,13923788,0,0,0,0
2026-08-04T04:42:37Z,65848,1433516,4276760576,16324284416,462991924,9653581491,34599335603,9402797,998,0,0,0,0,0,998,0,0,0,0,0,0,0,0,0,13974555,13975399,13979563,0,0,0,0
2026-08-04T04:48:15Z,64692,1433516,4336906240,16264138752,523135362,9653892787,34599360179,9458866,997,0,0,0,0,0,995,0,0,0,0,0,0,0,0,0,14030734,14030874,14034939,0,0,0,0
2026-08-04T04:53:51Z,64116,1433516,4291612672,16309432320,477832877,9652811443,34599409331,9514368,992,0,0,0,0,0,989,0,0,0,0,0,0,0,0,0,14086226,14086367,14090481,0,0,0,0
2026-08-04T04:59:25Z,64132,1433516,4350967808,16250077184,537184791,9653745331,34599433907,9569680,997,0,0,0,0,0,993,0,0,0,0,0,0,0,0,0,14141550,14142436,14146430,0,0,0,0
2026-08-04T05:05:03Z,64984,1433516,4306042880,16295002112,492252164,9653704371,34599442099,9625536,1000,0,0,0,0,0,999,0,0,0,0,0,0,0,0,0,14197363,14198225,14202293,0,0,0,0
2026-08-04T05:10:42Z,64116,1433516,4261548032,16339496960,447761719,9653966515,34599458483,9681809,996,0,0,0,0,0,993,0,0,0,0,0,0,0,0,0,14253586,14253998,14258048,0,0,0,0
2026-08-04T05:16:19Z,60068,1433516,4321198080,16279846912,507403478,9653966515,34599474867,9737397,992,0,0,0,0,0,987,0,0,0,0,0,0,0,0,0,14309246,14310132,14314247,0,0,0,0
2026-08-04T05:22:00Z,60412,1433516,4276789248,16324255744,462994406,9653982899,34599491251,9793755,997,0,0,0,0,0,995,0,0,0,0,0,0,0,0,0,14365588,14366460,14370542,0,0,0,0
2026-08-04T05:27:40Z,60104,1433516,4337201152,16263843840,523403475,9653753523,34599532211,9850063,998,0,0,0,0,0,995,0,0,0,0,0,0,0,0,0,14421881,14422778,14426813,0,0,0,0
2026-08-04T05:33:20Z,61556,1433516,4292571136,16308473856,478764159,9653982899,34599556787,9906197,997,0,0,0,0,0,994,0,0,0,0,0,0,0,0,0,14478065,14478974,14482919,0,0,0,0
2026-08-04T05:38:59Z,60616,1433516,4352942080,16248102912,539131729,9654073011,34599605939,9962458,1000,0,0,0,0,0,998,0,0,0,0,0,0,0,0,0,14534356,14535279,14539107,0,0,0,0
2026-08-04T05:44:39Z,60496,1433516,4308336640,16292708352,494526680,9653958323,34599630515,10018616,1000,0,0,0,0,0,997,0,0,0,0,0,0,0,0,0,14590536,14591505,14595446,0,0,0,0
2026-08-04T05:50:19Z,60752,1433516,4263768064,16337276928,449957601,9653933747,34599663283,10074819,995,0,0,0,0,0,993,0,0,0,0,0,0,0,0,0,14646785,14647694,14651640,0,0,0,0
2026-08-04T05:56:01Z,61720,1433516,4324364288,16276680704,510549122,9653991091,34599704243,10131292,997,0,0,0,0,0,997,0,0,0,0,0,0,0,0,0,14703418,14704377,14708305,0,0,0,0
2026-08-04T06:01:44Z,60404,1433516,4280414208,16320630784,466594820,9653909171,34599753395,10188054,997,0,0,0,0,0,996,0,0,0,0,0,0,0,0,0,14760252,14761156,14765122,0,0,0,0
2026-08-04T06:07:27Z,60248,1433516,4341276672,16259768320,527454689,9653909171,34599810739,10244778,999,0,0,0,0,0,995,0,0,0,0,0,0,0,0,0,14817848,14818652,14822818,0,0,0,0
2026-08-04T06:13:15Z,59556,1433516,4298203136,16302841856,484375460,9653917363,34599876275,10302349,999,0,0,0,0,0,996,0,0,0,0,0,0,0,0,0,14876040,14876877,14880977,0,0,0,0
2026-08-04T06:19:09Z,61332,1433516,4256157696,16344887296,442329268,9653860019,34599958195,10360905,996,0,0,0,0,0,994,0,0,0,0,0,0,0,0,0,14934519,14935393,14939340,0,0,0,0
2026-08-04T06:25:01Z,61780,1433516,4318863360,16282181632,505020089,9653876403,34599999155,10419329,994,0,0,0,0,0,989,0,0,0,0,0,0,0,0,0,14993115,14993970,14998334,0,0,0,0
2026-08-04T06:30:58Z,61052,1433516,4277104640,16323940352,463262412,9653999283,34600081075,10478123,999,0,0,0,0,0,994,0,0,0,0,0,0,0,0,0,15051693,15052841,15057221,0,0,0,0
2026-08-04T06:36:53Z,59860,1433516,4340174848,16260870144,526331719,9653933747,34600187571,10536914,999,0,0,0,0,0,996,0,0,0,0,0,0,0,0,0,15110662,15111630,15115849,0,0,0,0
2026-08-04T06:42:50Z,61768,1433516,4298362880,16302682112,484511383,9653843635,34600343219,10595635,997,0,0,0,0,0,994,0,0,0,0,0,0,0,0,0,15169349,15170212,15175037,0,0,0,0
2026-08-04T06:48:49Z,60748,1433516,4256944128,16344100864,443089681,9654015667,34600408755,10654753,997,0,0,0,0,0,995,0,0,0,0,0,0,0,0,0,15228301,15229397,15233661,0,0,0,0
2026-08-04T06:54:46Z,61552,1433516,4320161792,16280883200,506299244,9654073011,34600498867,10713654,996,0,0,0,0,0,996,0,0,0,0,0,0,0,0,0,15287213,15288578,15293543,0,0,0,0
2026-08-04T07:00:50Z,62200,1433516,4279447552,16321597440,465585382,9653376691,34600613555,10773415,999,0,0,0,0,0,995,0,0,0,0,0,0,0,0,0,15348045,15348967,15353575,0,0,0,0
2026-08-04T07:07:15Z,60684,1433516,4345569280,16255475712,531706366,9653933747,34600761011,10835002,999,0,0,0,0,0,996,0,0,0,0,0,0,0,0,0,15409089,15410011,15414428,0,0,0,0
2026-08-04T07:13:35Z,59144,1433516,4306190336,16294854656,492320557,9653384883,34600867507,10895970,995,0,0,0,0,0,993,0,0,0,0,0,0,0,0,0,15470408,15471405,15476219,0,0,0,0
2026-08-04T07:19:58Z,61668,1433516,4267536384,16333508608,453658809,9653835443,34601055923,10957608,997,0,0,0,0,0,993,0,0,0,0,0,0,0,0,0,15532375,15533860,15538415,0,0,0,0
2026-08-04T07:26:24Z,61916,1433516,4334370816,16266674176,520488360,9653868211,34601252531,11019867,996,0,0,0,0,0,996,0,0,0,0,0,0,0,0,0,15594902,15595850,15600396,0,0,0,0
2026-08-04T07:32:50Z,62144,1433516,4296097792,16304947200,482210928,9653868211,34601399987,11081841,997,0,0,0,0,0,996,0,0,0,0,0,0,0,0,0,15656853,15658024,15662717,0,0,0,0
2026-08-04T07:39:15Z,63448,1433516,4258123776,16342921216,444237063,9657292467,34601604787,11144136,998,0,0,0,0,0,996,0,0,0,0,0,0,0,0,0,15718769,15719710,15724530,0,0,0,0
2026-08-04T07:45:45Z,60728,1433516,4325011456,16276033536,511115078,9653933747,34601957043,11206434,998,0,0,0,0,0,994,0,0,0,0,0,0,0,0,0,15781488,15782354,15786680,0,0,0,0
2026-08-04T07:52:07Z,60800,1433516,4286550016,16314494976,472646424,9653974707,34602284723,11268236,999,0,0,0,0,0,996,0,0,0,0,0,0,0,0,0,15840707,15841687,15846091,0,0,0,0
2026-08-04T07:57:55Z,60968,1433516,4348223488,16252821504,534321295,9653982899,34602514099,11325715,995,0,0,0,0,0,992,0,0,0,0,0,0,0,0,0,15899385,15900725,15902526,0,0,0,0
2026-08-04T08:03:54Z,61484,1433516,4305604608,16295440384,491699386,9653999283,34602768051,11383675,1000,0,0,0,0,0,998,0,0,0,0,0,0,0,0,0,15955716,15955813,15956176,0,0,0,0
2026-08-04T08:09:00Z,62244,1433516,4254646272,16346398720,440737296,9652180659,34603071155,11433886,999,0,0,0,0,0,996,0,0,0,0,0,0,0,0,0,16008840,16008949,16010942,0,0,0,0
2026-08-04T08:14:39Z,60928,1433516,4314112000,16286932992,500197192,9653933747,34603415219,11489293,997,0,0,0,0,0,996,0,0,0,0,0,0,0,0,0,16062907,16063048,16063369,0,0,0,0
2026-08-04T08:20:02Z,61440,1433516,4265734144,16335310848,451823256,9653958323,34603628211,11541916,999,0,0,0,0,0,995,0,0,0,0,0,0,0,0,0,16115068,16115252,16115643,0,0,0,0
2026-08-04T08:25:16Z,63412,1433516,4320600064,16280444928,506680341,9653900979,34603914931,11593046,1000,0,0,0,0,0,998,0,0,0,0,0,0,0,0,0,16164959,16165111,16165431,0,0,0,0
2026-08-04T08:30:22Z,61488,1433516,4268814336,16332230656,454893123,9653098163,34604439219,11642486,993,0,0,0,0,0,992,0,0,0,0,0,0,0,0,0,16214391,16214557,16214947,0,0,0,0
2026-08-04T08:35:28Z,61528,1433516,4323065856,16277979136,509138441,9653499571,34604832435,11693023,997,0,0,0,0,0,996,0,0,0,0,0,0,0,0,0,16264967,16265140,16265496,0,0,0,0
2026-08-04T08:40:34Z,60852,1433516,4270903296,16330141696,456965720,9653851827,34605119155,11742079,996,0,0,0,0,0,993,0,0,0,0,0,0,0,0,0,16313950,16314096,16314380,0,0,0,0
2026-08-04T08:45:39Z,60068,1433516,4325076992,16275968000,511136960,9653843635,34605471411,11792580,994,0,0,0,0,0,991,0,0,0,0,0,0,0,0,0,16364480,16364607,16364923,0,0,0,0
2026-08-04T08:50:45Z,61524,1433516,4274294784,16326750208,460359290,9653876403,34605848243,11842994,999,0,0,0,0,0,996,0,0,0,0,0,0,0,0,0,16414920,16415039,16415406,0,0,0,0
2026-08-04T08:55:51Z,62100,1433516,4328153088,16272891904,514213068,9653966515,34606159539,11893186,995,0,0,0,0,0,993,0,0,0,0,0,0,0,0,0,16465109,16465250,16465616,0,0,0,0
2026-08-04T09:00:57Z,60980,1433516,4277514240,16323530752,463568608,9654032051,34606479027,11943719,996,0,0,0,0,0,994,0,0,0,0,0,0,0,0,0,16515596,16515739,16516130,0,0,0,0
2026-08-04T09:06:14Z,62272,1433516,4333232128,16267812864,519285639,9653843635,34606831283,11995661,998,0,0,0,0,0,995,0,0,0,0,0,0,0,0,0,16567792,16567958,16568323,0,0,0,0
2026-08-04T09:11:21Z,61940,1433516,4281765888,16319279104,467802343,9653892787,34607330995,12045381,999,0,0,0,0,0,999,0,0,0,0,0,0,0,0,0,16617287,16617468,16619035,0,0,0,0
2026-08-04T09:16:39Z,62884,1433516,4337274880,16263770112,523313593,9653851827,34607912627,12097113,998,0,0,0,0,0,998,0,0,0,0,0,0,0,0,0,16672479,16672665,16674061,0,0,0,0
2026-08-04T09:22:30Z,62580,1433516,4292923392,16308121600,478958989,9653917363,34608469683,12153474,998,0,0,0,0,0,996,0,0,0,0,0,0,0,0,0,16726285,16726427,16726768,0,0,0,0
2026-08-04T09:27:41Z,64308,1433516,4347990016,16253054976,534025785,9653868211,34609100467,12204793,997,0,0,0,0,0,995,0,0,0,0,0,0,0,0,0,16776822,16777005,16777406,0,0,0,0
2026-08-04T09:32:48Z,63096,1433516,4297240576,16303804416,483269898,9654032051,34609714867,12255213,998,0,0,0,0,0,998,0,0,0,0,0,0,0,0,0,16827269,16827427,16827831,0,0,0,0
2026-08-04T09:37:55Z,62816,1433516,4351471616,16249573376,537497201,9653991091,34610239155,12305758,995,0,0,0,0,0,994,0,0,0,0,0,0,0,0,0,16877696,16877859,16878398,0,0,0,0
2026-08-04T09:43:02Z,64192,1433516,4300988416,16300056576,487014934,9648813747,34610779827,12356427,993,0,0,0,0,0,988,0,0,0,0,0,0,0,0,0,16928875,16929026,16930645,0,0,0,0
2026-08-04T09:48:24Z,63796,1433516,4252172288,16348872704,438198501,9653892787,34611402419,12408645,996,0,0,0,0,0,993,0,0,0,0,0,0,0,0,0,16980660,16981012,16985600,0,0,0,0
2026-08-04T09:54:09Z,62484,1433516,4312641536,16288403456,498656938,9653843635,34612180659,12464984,996,0,0,0,0,0,993,0,0,0,0,0,0,0,0,0,17039729,17039875,17043915,0,0,0,0
2026-08-04T10:00:05Z,62760,1433516,4270419968,16330625024,456435946,9653876403,34612836019,12523320,998,0,0,0,0,0,995,0,0,0,0,0,0,0,0,0,17096263,17096434,17100551,0,0,0,0
2026-08-04T10:05:54Z,62332,1433516,4331810816,16269234176,517825494,9653843635,34613687987,12580524,999,0,0,0,0,0,997,0,0,0,0,0,0,0,0,0,17154848,17155036,17159636,0,0,0,0
2026-08-04T10:11:57Z,59624,1433516,4290637824,16310407168,476640198,9653032627,34614597299,12639835,999,0,0,0,0,0,995,0,0,0,0,0,0,0,0,0,17214178,17214440,17218969,0,0,0,0
2026-08-04T10:17:59Z,60608,1433516,4354293760,16246751232,540294974,9652188851,34615596723,12699141,996,0,0,0,0,0,996,0,0,0,0,0,0,0,0,0,17275605,17275849,17280143,0,0,0,0
2026-08-04T10:24:12Z,61732,1433516,4314832896,16286212096,500827582,9653909171,34616448691,12760047,997,0,0,0,0,0,997,0,0,0,0,0,0,0,0,0,17334610,17335492,17339846,0,0,0,0
2026-08-04T10:30:20Z,63416,1433516,4274253824,16326791168,460248725,9653941939,34617464499,12819914,999,0,0,0,0,0,994,0,0,0,0,0,0,0,0,0,17396980,17397208,17401649,0,0,0,0
2026-08-04T10:36:42Z,62228,1433516,4340670464,16260374528,526660654,9654073011,34618570419,12881781,998,0,0,0,0,0,995,0,0,0,0,0,0,0,0,0,17458895,17459089,17463398,0,0,0,0
2026-08-04T10:43:01Z,60872,1433516,4302106624,16298938368,488087646,9653458611,34619709107,12943491,999,0,0,0,0,0,995,0,0,0,0,0,0,0,0,0,17518875,17519093,17523330,0,0,0,0
2026-08-04T10:49:10Z,61712,1433516,4261601280,16339443712,447578508,9653794483,34621085363,13003437,999,0,0,0,0,0,994,0,0,0,0,0,0,0,0,0,17580311,17580908,17585129,0,0,0,0
2026-08-04T10:55:29Z,61796,1433516,4327944192,16273100800,513919661,9653925555,34622363315,13065237,992,0,0,0,0,0,990,0,0,0,0,0,0,0,0,0,17642865,17643091,17647647,0,0,0,0
2026-08-04T11:01:51Z,60488,1433516,4290113536,16310931456,476081933,9653982899,34623674035,13127642,997,0,0,0,0,0,996,0,0,0,0,0,0,0,0,0,17705247,17705486,17709829,0,0,0,0
2026-08-04T11:08:11Z,61808,1433516,4252184576,16348860416,438151089,9653687987,34625074867,13189986,999,0,0,0,0,0,999,0,0,0,0,0,0,0,0,0,17766994,17767232,17771511,0,0,0,0
2026-08-04T11:14:28Z,62308,1433516,4318396416,16282648576,504361881,9653974707,34626533043,13251680,997,0,0,0,0,0,995,0,0,0,0,0,0,0,0,0,17828853,17829088,17833667,0,0,0,0
2026-08-04T11:20:51Z,61052,1433516,4280434688,16320610304,466396145,9656989363,34628155059,13313958,999,0,0,0,0,0,995,0,0,0,0,0,0,0,0,0,17891512,17891754,17896615,0,0,0,0
2026-08-04T11:27:14Z,60384,1433516,4347592704,16253452288,533541691,9653950131,34629801651,13376506,996,0,0,0,0,0,993,0,0,0,0,0,0,0,0,0,17953996,17954249,17958811,0,0,0,0
2026-08-04T11:33:36Z,62008,1433516,4309598208,16291446784,495541039,9653941939,34631456435,13438797,997,0,0,0,0,0,996,0,0,0,0,0,0,0,0,0,18016332,18016583,18021237,0,0,0,0
2026-08-04T11:39:56Z,61228,1433516,4271382528,16329662464,457323921,9653868211,34633070259,13500867,999,0,0,0,0,0,998,0,0,0,0,0,0,0,0,0,18078387,18079198,18083175,0,0,0,0
2026-08-04T11:46:21Z,63008,1433516,4338384896,16262660096,524320640,9653941939,34634741427,13563275,996,0,0,0,0,0,995,0,0,0,0,0,0,0,0,0,18141277,18141547,18146021,0,0,0,0
2026-08-04T11:52:44Z,60404,1433516,4300562432,16300482560,486498176,9653958323,34636461747,13625691,1000,0,0,0,0,0,998,0,0,0,0,0,0,0,0,0,18203142,18203308,18207643,0,0,0,0
2026-08-04T11:59:02Z,61536,1433516,4261892096,16339152896,447826852,9653884595,34638657203,13687346,1000,0,0,0,0,0,999,0,0,0,0,0,0,0,0,0,18264935,18265203,18269804,0,0,0,0
2026-08-04T12:05:25Z,61600,1433516,4328603648,16272441344,514530862,9653794483,34640484019,13749498,992,0,0,0,0,0,976,0,0,0,0,0,0,0,0,0,18327538,18328541,18333031,0,0,0,0
2026-08-04T12:11:53Z,60340,1433516,4291678208,16309366784,477598026,9653876403,34642335411,13812762,996,0,0,0,0,0,992,0,0,0,0,0,0,0,0,0,18390576,18391976,18396000,0,0,0,0
2026-08-04T12:18:19Z,61468,1433516,4254474240,16346570752,440395371,9653909171,34644539059,13875822,753,0,0,0,0,0,579,0,0,0,0,0,0,0,0,0,18454324,18454808,18458940,0,0,0,0
2026-08-04T12:24:46Z,59608,1433516,4322308096,16278736896,508219722,9653900979,34646775475,13939002,999,0,0,0,0,0,992,0,0,0,0,0,0,0,0,0,18516786,18517835,18522360,0,0,0,0
2026-08-04T12:31:13Z,62868,1433516,4285284352,16315760640,471187381,9653655219,34649126579,14002206,999,0,0,0,0,0,998,0,0,0,0,0,0,0,0,0,18580159,18581588,18585943,0,0,0,0
2026-08-04T12:37:42Z,59912,1433516,4353228800,16247816192,539131635,9653819059,34651182771,14065497,999,0,0,0,0,0,997,0,0,0,0,0,0,0,0,0,18642937,18646066,18649958,0,0,0,0
2026-08-04T12:44:15Z,60748,1433516,4317171712,16283873280,503079520,9653786291,34653476531,14129606,1000,0,0,0,0,0,996,0,0,0,0,0,0,0,0,0,18706892,18709790,18713467,0,0,0,0
2026-08-04T12:50:45Z,60852,1433516,4280348672,16320696320,466249755,9654023859,34656040627,14192976,999,0,0,0,0,0,995,0,0,0,0,0,0,0,0,0,18770598,18772871,18777206,0,0,0,0
2026-08-04T12:57:17Z,62236,1433516,4348690432,16252354560,534585030,9653819059,34658555571,14256649,998,0,0,0,0,0,995,0,0,0,0,0,0,0,0,0,18833966,18836067,18840330,0,0,0,0
2026-08-04T13:03:44Z,60004,1433516,4311793664,16289251328,497683438,9653860019,34661373619,14319950,998,0,0,0,0,0,994,0,0,0,0,0,0,0,0,0,18896846,18899954,18903966,0,0,0,0
2026-08-04T13:10:13Z,61520,1433516,4274905088,16326139904,460793976,9653794483,34664339123,14383266,999,0,0,0,0,0,997,0,0,0,0,0,0,0,0,0,18960564,18963964,18968027,0,0,0,0
2026-08-04T13:16:48Z,66636,1433516,4343906304,16257138688,529792529,9653991091,34667124403,14447553,1000,0,0,0,0,0,999,0,0,0,0,0,0,0,0,0,19025427,19029741,19033624,0,0,0,0
2026-08-04T13:23:38Z,66916,1433516,4309917696,16291127296,495796765,9653933747,34670360243,14513526,997,0,0,0,0,0,996,0,0,0,0,0,0,0,0,0,19090550,19096448,19100427,0,0,0,0
2026-08-04T13:30:33Z,67740,1433516,4276903936,16324141056,462782335,9668261555,34673546931,14580437,998,0,0,0,0,0,993,0,0,0,0,0,0,0,0,0,19157995,19164443,19168944,0,0,0,0
2026-08-04T13:37:39Z,67056,1433516,4349317120,16251727872,535188907,9701062323,34676496051,14647857,994,0,0,0,0,0,993,0,0,0,0,0,0,0,0,0,19219655,19220643,19224893,0,0,0,0
2026-08-04T13:43:33Z,67012,1433516,4306116608,16294928384,491980939,9716750003,34679543475,14705273,992,0,0,0,0,0,990,0,0,0,0,0,0,0,0,0,19277312,19278253,19282265,0,0,0,0
2026-08-04T13:49:22Z,67588,1433516,4261150720,16339894272,447011299,9728767667,34682492595,122072,995,0,0,0,0,0,992,0,0,0,0,0,0,0,0,0,18519169,18091829,17800990,0,0,0,0
2026-08-04T13:56:26Z,66896,1433516,4333801472,16267243520,519657116,9723631283,34685621939,189703,997,0,0,0,0,0,996,0,0,0,0,0,0,0,0,0,13716252,12999756,12786354,0,0,0,0
2026-08-04T14:04:50Z,67512,1433516,4316278784,16284766208,502137665,9497294515,34687981235,270921,996,0,0,0,0,0,996,0,0,0,0,0,0,0,0,0,9936602,9823850,9468643,0,0,0,0
2026-08-04T14:11:23Z,64108,1433516,4276944896,16324100096,462797312,9496590003,34687981235,331821,995,0,0,0,0,0,991,0,0,0,0,0,0,0,0,0,5018480,5012554,4915900,0,0,0,0
2026-08-04T14:17:39Z,63552,1433516,4339589120,16261455872,525436976,9691879091,34687981235,390152,1000,0,0,0,0,0,996,0,0,0,0,0,0,0,0,0,4967083,4967629,4974104,0,0,0,0
2026-08-04T14:24:09Z,64560,1433516,4298002432,16303042560,483844018,8714335923,34514810547,448959,1000,0,0,0,0,0,1001,0,0,0,0,0,0,0,0,0,5025884,5026326,5032993,0,0,0,0
2026-08-04T14:30:28Z,64652,1433516,4255211520,16345833472,441054610,8714819251,34413950643,506705,995,0,0,0,0,0,993,0,0,0,0,0,0,0,0,0,5083643,5083678,5088660,0,0,0,0
2026-08-04T14:36:31Z,63772,1433516,4316123136,16284921856,501957560,8714360499,34406086323,563423,996,0,0,0,0,0,995,0,0,0,0,0,0,0,0,0,5140344,5140387,5140831,0,0,0,0
2026-08-04T14:41:51Z,62936,1433516,4266946560,16334098432,452779350,8714426035,34406086323,615265,998,0,0,0,0,0,998,0,0,0,0,0,0,0,0,0,5192175,5192194,5192262,0,0,0,0
2026-08-04T14:46:56Z,63008,1433516,4321087488,16279957504,506915651,8714385075,34406086323,665723,998,0,0,0,0,0,996,0,0,0,0,0,0,0,0,0,5242639,5242681,5242734,0,0,0,0
2026-08-04T14:51:58Z,64564,1433516,4269584384,16331460608,455411500,8714385075,34406086323,715484,992,0,0,0,0,0,991,0,0,0,0,0,0,0,0,0,5292436,5292473,5292532,0,0,0,0
2026-08-04T14:57:00Z,63936,1433516,4323196928,16277848064,509013865,8714385075,34406086323,765457,991,0,0,0,0,0,989,0,0,0,0,0,0,0,0,0,5342394,5342461,5342504,0,0,0,0
2026-08-04T15:02:02Z,63036,1433516,4271853568,16329191424,457672883,8714770099,34406086323,815349,998,0,0,0,0,0,997,0,0,0,0,0,0,0,0,0,5392270,5392347,5392403,0,0,0,0
2026-08-04T15:07:04Z,63456,1433516,4325593088,16275451904,511406619,8714417843,34406086323,865439,997,0,0,0,0,0,996,0,0,0,0,0,0,0,0,0,5442353,5442393,5442465,0,0,0,0
2026-08-04T15:12:06Z,60300,1433516,4274114560,16326930432,459927713,8714385075,34406086323,915217,997,0,0,0,0,0,998,0,0,0,0,0,0,0,0,0,5492139,5492196,5492260,0,0,0,0
2026-08-04T15:17:08Z,61048,1433516,4327825408,16273219584,513630982,8714434227,34406086323,965282,994,0,0,0,0,0,991,0,0,0,0,0,0,0,0,0,5542216,5542304,5542393,0,0,0,0
2026-08-04T15:22:10Z,60180,1433516,4276584448,16324460544,462390502,8714426035,34406086323,1015284,997,0,0,0,0,0,992,0,0,0,0,0,0,0,0,0,5592207,5592282,5592348,0,0,0,0
2026-08-04T15:27:12Z,60208,1433516,4330287104,16270757888,516084734,8714442419,34406086323,1065322,996,0,0,0,0,0,995,0,0,0,0,0,0,0,0,0,5642254,5642322,5642405,0,0,0,0
2026-08-04T15:32:14Z,61236,1433516,4287315968,16313729024,464725265,8714417843,34406086323,1115228,994,0,0,0,0,0,995,0,0,0,0,0,0,0,0,0,5692163,5692222,5692296,0,0,0,0
2026-08-04T15:37:16Z,61932,1433516,4340908032,16260136960,518307143,8713696947,34406086323,1165178,997,0,0,0,0,0,995,0,0,0,0,0,0,0,0,0,5742116,5742167,5742235,0,0,0,0
2026-08-04T15:42:18Z,61124,1433516,4289576960,16311468032,466973603,8714409651,34406086323,1215108,997,0,0,0,0,0,998,0,0,0,0,0,0,0,0,0,5792033,5792081,5792159,0,0,0,0
2026-08-04T15:47:20Z,61396,1433516,4343369728,16257675264,520767835,8714409651,34406086323,1265259,995,0,0,0,0,0,996,0,0,0,0,0,0,0,0,0,5842186,5842263,5842339,0,0,0,0
2026-08-04T15:52:23Z,60848,1433516,4291944448,16309100544,469335468,8715138739,34406086323,1315092,998,0,0,0,0,0,999,0,0,0,0,0,0,0,0,0,5892014,5892095,5892209,0,0,0,0
2026-08-04T15:57:25Z,63384,1433516,4345667584,16255377408,523058625,8714409651,34406086323,1365170,996,0,0,0,0,0,997,0,0,0,0,0,0,0,0,0,5942145,5942219,5942284,0,0,0,0
2026-08-04T16:02:27Z,60480,1433516,4294459392,16306585600,471847832,8714409651,34406086323,1415212,997,0,0,0,0,0,996,0,0,0,0,0,0,0,0,0,5992148,5992253,5992320,0,0,0,0
2026-08-04T16:07:30Z,60376,1433516,4348207104,16252837888,525592161,8714401459,34406086323,1465309,997,0,0,0,0,0,997,0,0,0,0,0,0,0,0,0,6042240,6042349,6042420,0,0,0,0
2026-08-04T16:12:33Z,60060,1433516,4297011200,16304033792,474393549,8714393267,34406086323,1515356,996,0,0,0,0,0,994,0,0,0,0,0,0,0,0,0,6092277,6092347,6092431,0,0,0,0
2026-08-04T16:17:36Z,59456,1433516,4350709760,16250335232,528091470,8714434227,34406086323,1565411,996,0,0,0,0,0,995,0,0,0,0,0,0,0,0,0,6142335,6142416,6142501,0,0,0,0
2026-08-04T16:22:38Z,60000,1433516,4299468800,16301576192,476839977,8714409651,34406086323,1615424,997,0,0,0,0,0,993,0,0,0,0,0,0,0,0,0,6192358,6192466,6192538,0,0,0,0
2026-08-04T16:27:40Z,63352,1433516,4353269760,16247775232,530642386,8714401459,34406086323,1665580,998,0,0,0,0,0,997,0,0,0,0,0,0,0,0,0,6242499,6242531,6246396,0,0,0,0
2026-08-04T16:33:07Z,62156,1433516,4306337792,16294707200,483705288,8714426035,34406086323,1719598,997,0,0,0,0,0,996,0,0,0,0,0,0,0,0,0,6296586,6296610,6300350,0,0,0,0
2026-08-04T16:38:32Z,60084,1433516,4363927552,16237117440,541289783,8714385075,34368485043,1773276,997,0,0,0,0,0,996,0,0,0,0,0,0,0,0,0,6350204,6350233,6350419,0,0,0,0
2026-08-04T16:43:35Z,61244,1433516,4312608768,16288436224,489966232,8714417843,34368485043,1823225,998,0,0,0,0,0,998,0,0,0,0,0,0,0,0,0,6400144,6400189,6400266,0,0,0,0
2026-08-04T16:48:37Z,62248,1433516,4261216256,16339828736,438570233,8714401459,34368485043,1873109,996,0,0,0,0,0,995,0,0,0,0,0,0,0,0,0,6450043,6450097,6450143,0,0,0,0
2026-08-04T16:53:39Z,60048,1433516,4314845184,16286199808,492194704,8714385075,34368485043,1923084,998,0,0,0,0,0,995,0,0,0,0,0,0,0,0,0,6500024,6500071,6500131,0,0,0,0
2026-08-04T16:58:40Z,62300,1433516,4263448576,16337596416,440796446,8714376883,34368485043,1972957,997,0,0,0,0,0,995,0,0,0,0,0,0,0,0,0,6549893,6549950,6550035,0,0,0,0
2026-08-04T17:03:43Z,61276,1433516,4317335552,16283709440,494680064,8714385075,34368485043,2023197,995,0,0,0,0,0,993,0,0,0,0,0,0,0,0,0,6600138,6600192,6600252,0,0,0,0
2026-08-04T17:08:49Z,61268,1433516,4266659840,16334385152,444003680,8713942707,34368485043,2073737,998,0,0,0,0,0,997,0,0,0,0,0,0,0,0,0,6650663,6650714,6650785,0,0,0,0
2026-08-04T17:13:50Z,60512,1433516,4320178176,16280866816,497520011,8714401459,34368485043,2123629,994,0,0,0,0,0,995,0,0,0,0,0,0,0,0,0,6700593,6700657,6700708,0,0,0,0
2026-08-04T17:18:52Z,61232,1433516,4268941312,16332103680,446281296,8713975475,34368485043,2173627,998,0,0,0,0,0,997,0,0,0,0,0,0,0,0,0,6750547,6750610,6750676,0,0,0,0
2026-08-04T17:23:55Z,60320,1433516,4322353152,16278691840,499692144,8714385075,34368485043,2223410,996,0,0,0,0,0,997,0,0,0,0,0,0,0,0,0,6800336,6800386,6800484,0,0,0,0
2026-08-04T17:28:56Z,60796,1433516,4271042560,16330002432,448369721,8714401459,34368485043,2273374,997,0,0,0,0,0,997,0,0,0,0,0,0,0,0,0,6850304,6850381,6850456,0,0,0,0
2026-08-04T17:33:59Z,60388,1433516,4324659200,16276385792,501989250,8714344115,34368485043,2323346,998,0,0,0,0,0,998,0,0,0,0,0,0,0,0,0,6900279,6900328,6900392,0,0,0,0
2026-08-04T17:39:01Z,59996,1433516,4273278976,16327766016,450604261,8714417843,34368485043,2373215,997,0,0,0,0,0,996,0,0,0,0,0,0,0,0,0,6950147,6950219,6950296,0,0,0,0
2026-08-04T17:44:03Z,60580,1433516,4326916096,16274128896,504238026,8714376883,34368485043,2423211,996,0,0,0,0,0,995,0,0,0,0,0,0,0,0,0,7000148,7000210,7000301,0,0,0,0
2026-08-04T17:49:05Z,60824,1433516,4275740672,16325304320,453057370,8714360499,34368485043,2473287,997,0,0,0,0,0,996,0,0,0,0,0,0,0,0,0,7050223,7050303,7050376,0,0,0,0
2026-08-04T17:54:07Z,60420,1433516,4329472000,16271572992,506787779,8714417843,34368485043,2523367,999,0,0,0,0,0,998,0,0,0,0,0,0,0,0,0,7100316,7100402,7100478,0,0,0,0
2026-08-04T17:59:09Z,61872,1433516,4278284288,16322760704,455593409,8714917555,34368485043,2573424,994,0,0,0,0,0,991,0,0,0,0,0,0,0,0,0,7150369,7150436,7150523,0,0,0,0
2026-08-04T18:04:12Z,61808,1433516,4332048384,16268996608,509353229,8714385075,34368485043,2623541,999,0,0,0,0,0,997,0,0,0,0,0,0,0,0,0,7200473,7200555,7200653,0,0,0,0
2026-08-04T18:09:14Z,60168,1433516,4280770560,16320274432,458074039,8714401459,34368485043,2673518,995,0,0,0,0,0,994,0,0,0,0,0,0,0,0,0,7250471,7250571,7250662,0,0,0,0
2026-08-04T18:14:17Z,59152,1433516,4334612480,16266432512,511907725,8714393267,34368485043,2723696,997,0,0,0,0,0,994,0,0,0,0,0,0,0,0,0,7300629,7300701,7300809,0,0,0,0
2026-08-04T18:19:19Z,60832,1433516,4283207680,16317837312,460505140,8714401459,34368485043,2773570,998,0,0,0,0,0,997,0,0,0,0,0,0,0,0,0,7350506,7350591,7350677,0,0,0,0
2026-08-04T18:24:22Z,59272,1433516,4336975872,16264069120,514270639,8714352307,34368485043,2823688,995,0,0,0,0,0,996,0,0,0,0,0,0,0,0,0,7400629,7400727,7400831,0,0,0,0
2026-08-04T18:29:25Z,61172,1433516,4285857792,16315187200,463143666,8714393267,34368485043,2873810,998,0,0,0,0,0,997,0,0,0,0,0,0,0,0,0,7450756,7450844,7450932,0,0,0,0
2026-08-04T18:34:28Z,60380,1433516,4339535872,16261509120,516819123,8714729139,34368485043,2923851,999,0,0,0,0,0,996,0,0,0,0,0,0,0,0,0,7500793,7500907,7500999,0,0,0,0
2026-08-04T18:39:30Z,60380,1433516,4287991808,16313053184,465279941,8714368691,34368485043,2973605,994,0,0,0,0,0,995,0,0,0,0,0,0,0,0,0,7550552,7550676,7550769,0,0,0,0
2026-08-04T18:44:33Z,60120,1433516,4341637120,16259407872,518921668,8714409651,34368485043,3023609,999,0,0,0,0,0,997,0,0,0,0,0,0,0,0,0,7600548,7600679,7604557,0,0,0,0
2026-08-04T18:50:04Z,61024,1433516,4295467008,16305577984,472749994,8714794675,34368485043,3078341,996,0,0,0,0,0,991,0,0,0,0,0,0,0,0,0,7655291,7655372,7659117,0,0,0,0
2026-08-04T18:55:32Z,61440,1433516,4353617920,16247427072,530890669,8714417843,34368485043,3132540,995,0,0,0,0,0,995,0,0,0,0,0,0,0,0,0,7709476,7709590,7713316,0,0,0,0
2026-08-04T19:01:01Z,60368,1433516,4306931712,16294113280,484198561,8714401459,34368485043,3186855,993,0,0,0,0,0,992,0,0,0,0,0,0,0,0,0,7763800,7763921,7767611,0,0,0,0
2026-08-04T19:06:29Z,62844,1433516,4260147200,16340897792,437415929,8714360499,34368485043,3241076,989,0,0,0,0,0,990,0,0,0,0,0,0,0,0,0,7818018,7818484,7822238,0,0,0,0
2026-08-04T19:12:00Z,60472,1433516,4318801920,16282243072,496064851,8714270387,34368485043,3295761,993,0,0,0,0,0,989,0,0,0,0,0,0,0,0,0,7872779,7872827,7873458,0,0,0,0
2026-08-04T19:17:06Z,60952,1433516,4268228608,16332816384,445489649,8714352307,34368485043,3346452,999,0,0,0,0,0,998,0,0,0,0,0,0,0,0,0,7923385,7923530,7923579,0,0,0,0
2026-08-04T19:22:09Z,59988,1433516,4321968128,16279076864,499223227,8714385075,34368485043,3396546,997,0,0,0,0,0,993,0,0,0,0,0,0,0,0,0,7973522,7973825,7973885,0,0,0,0
2026-08-04T19:27:13Z,61716,1433516,4270891008,16330153984,448146869,8714368691,34368485043,3446726,994,0,0,0,0,0,993,0,0,0,0,0,0,0,0,0,8023679,8023717,8023797,0,0,0,0
2026-08-04T19:32:16Z,60544,1433516,4324683776,16276361216,501931344,8714393267,34368485043,3496855,998,0,0,0,0,0,997,0,0,0,0,0,0,0,0,0,8073794,8073855,8073936,0,0,0,0
2026-08-04T19:37:18Z,62176,1433516,4281643008,16319401984,450505369,8714819251,34368485043,3546707,996,0,0,0,0,0,996,0,0,0,0,0,0,0,0,0,8123646,8123710,8123794,0,0,0,0
2026-08-04T19:42:20Z,59928,1433516,4335218688,16265826304,504077813,8714393267,34368485043,3596658,999,0,0,0,0,0,995,0,0,0,0,0,0,0,0,0,8173617,8173686,8173752,0,0,0,0
2026-08-04T19:47:23Z,59324,1433516,4284076032,16316968960,452927549,8714434227,34368485043,3646723,994,0,0,0,0,0,993,0,0,0,0,0,0,0,0,0,8223667,8223739,8223802,0,0,0,0
2026-08-04T19:52:25Z,59928,1433516,4337860608,16263184384,506705041,8714393267,34368485043,3696843,996,0,0,0,0,0,996,0,0,0,0,0,0,0,0,0,8273793,8273848,8273923,0,0,0,0
2026-08-04T19:57:27Z,61164,1433516,4286480384,16314564608,455320896,8714368691,34368485043,3746698,998,0,0,0,0,0,996,0,0,0,0,0,0,0,0,0,8323634,8323707,8323790,0,0,0,0
2026-08-04T20:02:30Z,61404,1433516,4340088832,16260956160,508927487,8714368691,34368485043,3796670,996,0,0,0,0,0,993,0,0,0,0,0,0,0,0,0,8373639,8373716,8373788,0,0,0,0
2026-08-04T20:07:32Z,62092,1433516,4288843776,16312201216,457687726,8714376883,34368485043,3846655,995,0,0,0,0,0,996,0,0,0,0,0,0,0,0,0,8423590,8423646,8423733,0,0,0,0
2026-08-04T20:12:35Z,59216,1433516,4342464512,16258580480,511298205,8714376883,34368485043,3896624,994,0,0,0,0,0,993,0,0,0,0,0,0,0,0,0,8473579,8473661,8473753,0,0,0,0
2026-08-04T20:17:37Z,60412,1433516,4291194880,16309850112,460029243,8714368691,34368485043,3946586,998,0,0,0,0,0,998,0,0,0,0,0,0,0,0,0,8523523,8523595,8523667,0,0,0,0
2026-08-04T20:22:39Z,59360,1433516,4344967168,16256077824,513795678,8714385075,34368485043,3996690,996,0,0,0,0,0,993,0,0,0,0,0,0,0,0,0,8573653,8573759,8573841,0,0,0,0
2026-08-04T20:27:42Z,62732,1433516,4293840896,16307204096,462669717,8714360499,34368485043,4046780,997,0,0,0,0,0,997,0,0,0,0,0,0,0,0,0,8623721,8624193,8624367,0,0,0,0
2026-08-04T20:32:47Z,60116,1433516,4348108800,16252936192,516938081,8714417843,34368485043,4097363,997,0,0,0,0,0,996,0,0,0,0,0,0,0,0,0,8674420,8674567,8674868,0,0,0,0
2026-08-04T20:37:53Z,60484,1433516,4297392128,16303652864,466209970,8714360499,34368485043,4147822,996,0,0,0,0,0,995,0,0,0,0,0,0,0,0,0,8724781,8724975,8725261,0,0,0,0
2026-08-04T20:42:58Z,60172,1433516,4351524864,16249520128,520342447,8714483379,34368485043,4198292,992,0,0,0,0,0,985,0,0,0,0,0,0,0,0,0,8775273,8775371,8775515,0,0,0,0
2026-08-04T20:48:01Z,62672,1433516,4300451840,16300593152,469267558,8714376883,34368485043,4248420,996,0,0,0,0,0,993,0,0,0,0,0,0,0,0,0,8825370,8825475,8825606,0,0,0,0
2026-08-04T20:53:04Z,60760,1433516,4354322432,16246722560,523135889,8714344115,34368485043,4298631,991,0,0,0,0,0,991,0,0,0,0,0,0,0,0,0,8875595,8875706,8879564,0,0,0,0
2026-08-04T20:58:35Z,60944,1433516,4308086784,16292958208,476896147,8714360499,34368485043,4353274,995,0,0,0,0,0,994,0,0,0,0,0,0,0,0,0,8930254,8930362,8934003,0,0,0,0
2026-08-04T21:04:06Z,61308,1433516,4366622720,16234422272,535427425,8714368691,34368485043,4407825,995,0,0,0,0,0,995,0,0,0,0,0,0,0,0,0,8984779,8984889,8988512,0,0,0,0
2026-08-04T21:09:36Z,60184,1433516,4320210944,16280834048,489016980,8714368691,34368485043,4462283,998,0,0,0,0,0,996,0,0,0,0,0,0,0,0,0,9039246,9039346,9043005,0,0,0,0
2026-08-04T21:15:07Z,61620,1433516,4273946624,16327098368,442746897,8714360499,34368485043,4516877,996,0,0,0,0,0,996,0,0,0,0,0,0,0,0,0,9093823,9093990,9097641,0,0,0,0
2026-08-04T21:20:39Z,61244,1433516,4332773376,16268271616,501569735,8714376883,34368485043,4571716,996,0,0,0,0,0,994,0,0,0,0,0,0,0,0,0,9148705,9148818,9152541,0,0,0,0
2026-08-04T21:26:11Z,61204,1433516,4286746624,16314298368,455541132,8714426035,34368485043,4626508,992,0,0,0,0,0,991,0,0,0,0,0,0,0,0,0,9203478,9203589,9207311,0,0,0,0
2026-08-04T21:31:43Z,61416,1433516,4345516032,16255528960,514300672,8714409651,34368485043,4681285,996,0,0,0,0,0,992,0,0,0,0,0,0,0,0,0,9258261,9258465,9262128,0,0,0,0
2026-08-04T21:37:15Z,60756,1433516,4299546624,16301498368,468331191,8714376883,34368485043,4736154,999,0,0,0,0,0,997,0,0,0,0,0,0,0,0,0,9313133,9313526,9318005,0,0,0,0
2026-08-04T21:42:54Z,59756,1433516,4359843840,16241201152,528619257,8714393267,34368485043,4792341,998,0,0,0,0,0,997,0,0,0,0,0,0,0,0,0,9369303,9369434,9373127,0,0,0,0
2026-08-04T21:48:27Z,60644,1433516,4313804800,16287240192,482581782,8714335923,34368485043,4847145,994,0,0,0,0,0,994,0,0,0,0,0,0,0,0,0,9424098,9424210,9427945,0,0,0,0
2026-08-04T21:53:58Z,63128,1433516,4267843584,16333201408,436619398,8714368691,34368485043,4902016,998,0,0,0,0,0,998,0,0,0,0,0,0,0,0,0,9478959,9479478,9483204,0,0,0,0
2026-08-04T21:59:33Z,61204,1433516,4327014400,16274030592,495779489,8714393267,34368485043,4957168,999,0,0,0,0,0,998,0,0,0,0,0,0,0,0,0,9534142,9534293,9538048,0,0,0,0
2026-08-04T22:05:06Z,61020,1433516,4281311232,16319733760,450071078,8714368691,34368485043,5012289,997,0,0,0,0,0,995,0,0,0,0,0,0,0,0,0,9589283,9589413,9593248,0,0,0,0
2026-08-04T22:10:44Z,61380,1433516,4340662272,16260382720,509421932,8714352307,34368485043,5067596,996,0,0,0,0,0,995,0,0,0,0,0,0,0,0,0,9644617,9645096,9648859,0,0,0,0
2026-08-04T22:16:22Z,63708,1433516,4295462912,16305582080,464223133,8714712755,34368485043,5123183,997,0,0,0,0,0,995,0,0,0,0,0,0,0,0,0,9700318,9700385,9704344,0,0,0,0
2026-08-04T22:22:00Z,64552,1433516,4355231744,16245813248,523991325,8714368691,34368485043,5178891,996,0,0,0,0,0,994,0,0,0,0,0,0,0,0,0,9755847,9756397,9760051,0,0,0,0
2026-08-04T22:27:39Z,64236,1433516,4310044672,16291000320,478791830,8714376883,34368485043,5234491,998,0,0,0,0,0,994,0,0,0,0,0,0,0,0,0,9811464,9811573,9812274,0,0,0,0
2026-08-04T22:32:46Z,64568,1433516,4364603392,16236441600,533348600,8714376883,34368485043,5285331,997,0,0,0,0,0,997,0,0,0,0,0,0,0,0,0,9862321,9862972,9863044,0,0,0,0
2026-08-04T22:37:52Z,63452,1433516,4313976832,16287068160,482723976,8714344115,34368485043,5335885,991,0,0,0,0,0,990,0,0,0,0,0,0,0,0,0,9912852,9912945,9913023,0,0,0,0
2026-08-04T22:42:54Z,65188,1433516,4367593472,16233451520,536336134,8714368691,34368485043,5385865,998,0,0,0,0,0,998,0,0,0,0,0,0,0,0,0,9962821,9962986,9963110,0,0,0,0
2026-08-04T22:48:00Z,64196,1433516,4317044736,16284000256,485781503,8714778291,34368485043,5436494,997,0,0,0,0,0,996,0,0,0,0,0,0,0,0,0,10013458,10013518,10013611,0,0,0,0
2026-08-04T22:53:03Z,63768,1433516,4370829312,16230215680,539562203,8714417843,34368485043,5486617,998,0,0,0,0,0,998,0,0,0,0,0,0,0,0,0,10063573,10063650,10063870,0,0,0,0
2026-08-04T22:58:06Z,64472,1433516,4319604736,16281440256,488336611,8714393267,34368485043,5536621,995,0,0,0,0,0,994,0,0,0,0,0,0,0,0,0,10113589,10113681,10114119,0,0,0,0
2026-08-04T23:03:11Z,64788,1433516,4268834816,16332210176,437567755,8714393267,34368485043,5587045,993,0,0,0,0,0,990,0,0,0,0,0,0,0,0,0,10164030,10164655,10164893,0,0,0,0
2026-08-04T23:08:18Z,63240,1433516,4323282944,16277762048,492011078,8714385075,34368485043,5637797,1000,0,0,0,0,0,1000,0,0,0,0,0,0,0,0,0,10214781,10214888,10215044,0,0,0,0
2026-08-04T23:13:21Z,61152,1433516,4272087040,16328957952,440812130,8714385075,34368485043,5687819,998,0,0,0,0,0,998,0,0,0,0,0,0,0,0,0,10264772,10264875,10265022,0,0,0,0
2026-08-04T23:18:24Z,62808,1433516,4325982208,16275062784,494704472,8714368691,34368485043,5738081,998,0,0,0,0,0,994,0,0,0,0,0,0,0,0,0,10315096,10315205,10315394,0,0,0,0
2026-08-04T23:23:28Z,61312,1433516,4274966528,16326078464,443685184,8714368691,34368485043,5788226,997,0,0,0,0,0,998,0,0,0,0,0,0,0,0,0,10365260,10365386,10365570,0,0,0,0
2026-08-04T23:28:32Z,60812,1433516,4329058304,16271986688,497768273,8714368691,34368485043,5838642,999,0,0,0,0,0,998,0,0,0,0,0,0,0,0,0,10415709,10415820,10416007,0,0,0,0
2026-08-04T23:33:36Z,61144,1433516,4278046720,16322998272,446760563,8714385075,34368485043,5888834,998,0,0,0,0,0,997,0,0,0,0,0,0,0,0,0,10465843,10465931,10466153,0,0,0,0
2026-08-04T23:38:39Z,60612,1433516,4331978752,16269066240,500691330,8714352307,34368485043,5939113,998,0,0,0,0,0,996,0,0,0,0,0,0,0,0,0,10516126,10516249,10516453,0,0,0,0
2026-08-04T23:43:43Z,61832,1433516,4280999936,16320045056,449706470,8714344115,34368485043,5989329,999,0,0,0,0,0,998,0,0,0,0,0,0,0,0,0,10566312,10566428,10566635,0,0,0,0
2026-08-04T23:48:47Z,61292,1433516,4334919680,16266125312,503616955,8714360499,34368485043,6039578,999,0,0,0,0,0,1000,0,0,0,0,0,0,0,0,0,10616595,10616705,10616938,0,0,0,0
2026-08-04T23:53:51Z,61464,1433516,4283621376,16317423616,452322165,8714385075,34368485043,6089506,999,0,0,0,0,0,998,0,0,0,0,0,0,0,0,0,10666483,10666595,10666838,0,0,0,0
2026-08-04T23:58:55Z,62588,1433516,4336947200,16264097792,505638559,8714327731,34368485043,6139197,999,0,0,0,0,0,997,0,0,0,0,0,0,0,0,0,10716602,10716697,10716953,0,0,0,0
2026-08-05T00:04:01Z,61624,1433516,4286357504,16314687488,455050511,8714393267,34368485043,6189783,998,0,0,0,0,0,997,0,0,0,0,0,0,0,0,0,10767052,10767163,10767438,0,0,0,0
2026-08-05T00:09:07Z,61308,1433516,4340363264,16260681728,509049796,8714409651,34368485043,6240101,999,0,0,0,0,0,999,0,0,0,0,0,0,0,0,0,10817122,10817260,10817532,0,0,0,0
2026-08-05T00:14:11Z,61656,1433516,4288737280,16312307712,457421000,8714385075,34368485043,6289701,995,0,0,0,0,0,994,0,0,0,0,0,0,0,0,0,10866646,10866768,10870668,0,0,0,0
2026-08-05T00:19:46Z,61252,1433516,4348088320,16252956672,516768088,8714385075,34368485043,6345007,992,0,0,0,0,0,990,0,0,0,0,0,0,0,0,0,10922131,10922259,10926083,0,0,0,0
2026-08-05T00:25:25Z,61228,1433516,4303400960,16297644032,472072082,8714434227,34368485043,6401065,995,0,0,0,0,0,991,0,0,0,0,0,0,0,0,0,10978081,10978194,10981952,0,0,0,0
2026-08-05T00:31:00Z,62308,1433516,4362788864,16238256128,531455468,8714385075,34368485043,6456404,994,0,0,0,0,0,995,0,0,0,0,0,0,0,0,0,11033391,11034343,11038118,0,0,0,0
2026-08-05T00:36:39Z,60744,1433516,4318294016,16282750976,486958181,8714385075,34368485043,6512657,996,0,0,0,0,0,995,0,0,0,0,0,0,0,0,0,11089634,11089758,11093601,0,0,0,0
2026-08-05T00:42:15Z,61776,1433516,4272988160,16328056832,441651209,8714311347,34368485043,6568152,997,0,0,0,0,0,997,0,0,0,0,0,0,0,0,0,11145124,11145256,11148991,0,0,0,0
2026-08-05T00:47:49Z,61048,1433516,4332122112,16268922880,500777854,8714335923,34368485043,6623266,995,0,0,0,0,0,994,0,0,0,0,0,0,0,0,0,11200238,11200386,11204066,0,0,0,0
2026-08-05T00:53:21Z,61352,1433516,4286214144,16314830848,454872928,8714393267,34368485043,6678207,998,0,0,0,0,0,996,0,0,0,0,0,0,0,0,0,11255195,11255499,11259179,0,0,0,0
2026-08-05T00:58:55Z,61100,1433516,4345528320,16255516672,514179159,8714376883,34368485043,6733487,999,0,0,0,0,0,998,0,0,0,0,0,0,0,0,0,11310484,11311212,11314866,0,0,0,0
2026-08-05T01:04:31Z,61224,1433516,4300402688,16300642304,469054439,8714385075,34368485043,6789152,997,0,0,0,0,0,996,0,0,0,0,0,0,0,0,0,11366135,11366297,11369981,0,0,0,0
2026-08-05T01:10:05Z,60908,1433516,4359704576,16241340416,528347317,8714376883,34368485043,6844399,993,0,0,0,0,0,989,0,0,0,0,0,0,0,0,0,11421415,11421696,11425277,0,0,0,0
2026-08-05T01:15:40Z,61220,1433516,4314230784,16286814208,482867777,8714376883,34368485043,6899728,998,0,0,0,0,0,998,0,0,0,0,0,0,0,0,0,11476699,11477444,11481145,0,0,0,0
2026-08-05T01:21:18Z,62484,1433516,4269203456,16331841536,437839535,8714360499,34368485043,6955485,998,0,0,0,0,0,995,0,0,0,0,0,0,0,0,0,11532482,11532613,11536115,0,0,0,0
2026-08-05T01:26:52Z,59816,1433516,4328468480,16272576512,497103137,8714360499,34368485043,7010722,994,0,0,0,0,0,992,0,0,0,0,0,0,0,0,0,11587749,11588499,11591989,0,0,0,0
2026-08-05T01:32:30Z,64000,1433516,4283494400,16317550592,452128582,8714409651,34368485043,7066520,996,0,0,0,0,0,997,0,0,0,0,0,0,0,0,0,11643524,11643710,11647147,0,0,0,0
2026-08-05T01:38:03Z,61344,1433516,4342661120,16258383872,511285410,8714393267,34368485043,7121658,998,0,0,0,0,0,996,0,0,0,0,0,0,0,0,0,11698683,11699519,11703008,0,0,0,0
2026-08-05T01:43:42Z,62788,1433516,4297789440,16303255552,466409352,8714401459,34368485043,7177557,997,0,0,0,0,0,994,0,0,0,0,0,0,0,0,0,11754631,11754825,11758250,0,0,0,0
2026-08-05T01:49:16Z,60580,1433516,4357156864,16243888128,525777434,8714409651,34368485043,7232891,997,0,0,0,0,0,997,0,0,0,0,0,0,0,0,0,11809969,11810860,11814581,0,0,0,0
2026-08-05T01:54:58Z,61296,1433516,4312723456,16288321536,481332029,8714344115,34368485043,7289182,998,0,0,0,0,0,994,0,0,0,0,0,0,0,0,0,11866360,11867250,11870968,0,0,0,0
2026-08-05T02:00:41Z,62304,1433516,4268589056,16332455936,437199185,8714368691,34368485043,7345779,999,0,0,0,0,0,998,0,0,0,0,0,0,0,0,0,11922879,11923242,11927343,0,0,0,0
2026-08-05T02:06:19Z,60976,1433516,4328509440,16272535552,497106710,8714344115,34368485043,7401600,997,0,0,0,0,0,997,0,0,0,0,0,0,0,0,0,11978737,11979630,11984372,0,0,0,0
2026-08-05T02:12:15Z,60400,1433516,4286017536,16315027456,454619385,8714368691,34368485043,7459705,999,0,0,0,0,0,999,0,0,0,0,0,0,0,0,0,12036975,12038077,12041752,0,0,0,0
2026-08-05T02:18:07Z,61284,1433516,4347772928,16253272064,516364887,8714401459,34368485043,7517229,997,0,0,0,0,0,997,0,0,0,0,0,0,0,0,0,12094239,12094313,12097839,0,0,0,0
2026-08-05T02:23:48Z,62764,1433516,4302925824,16298119168,471514825,8714360499,34368485043,7573138,998,0,0,0,0,0,998,0,0,0,0,0,0,0,0,0,12150136,12150214,12151667,0,0,0,0
2026-08-05T02:29:00Z,60792,1433516,4358045696,16242999296,526630173,8714393267,34368485043,7624506,999,0,0,0,0,0,999,0,0,0,0,0,0,0,0,0,12201825,12202704,12202940,0,0,0,0
2026-08-05T02:34:16Z,61704,1433516,4309213184,16291831808,477791742,8714360499,34368485043,7676731,1000,0,0,0,0,0,998,0,0,0,0,0,0,0,0,0,12253764,12253859,12254099,0,0,0,0
2026-08-05T02:39:20Z,60388,1433516,4363214848,16237830144,531794026,8714385075,34368485043,7727054,999,0,0,0,0,0,999,0,0,0,0,0,0,0,0,0,12304116,12304217,12304675,0,0,0,0
2026-08-05T02:44:25Z,61092,1433516,4312489984,16288555008,481064732,8714335923,34368485043,7777510,999,0,0,0,0,0,999,0,0,0,0,0,0,0,0,0,12354652,12354752,12355096,0,0,0,0
2026-08-05T02:49:30Z,61460,1433516,4366548992,16234496000,535125472,8714352307,34368485043,7827892,998,0,0,0,0,0,996,0,0,0,0,0,0,0,0,0,12404959,12405044,12405345,0,0,0,0
2026-08-05T02:54:35Z,60612,1433516,4315471872,16285573120,484039837,8714376883,34368485043,7877997,995,0,0,0,0,0,994,0,0,0,0,0,0,0,0,0,12455010,12455132,12455335,0,0,0,0
2026-08-05T02:59:48Z,61772,1433516,4370599936,16230445056,539161735,8714376883,34368485043,7929368,992,0,0,0,0,0,985,0,0,0,0,0,0,0,0,0,12506479,12506580,12506780,0,0,0,0
2026-08-05T03:04:52Z,63220,1433516,4319780864,16281264128,488347359,8714385075,34368485043,7979738,996,0,0,0,0,0,996,0,0,0,0,0,0,0,0,0,12556811,12556914,12557093,0,0,0,0
2026-08-05T03:09:56Z,63368,1433516,4268834816,16332210176,437395941,8714466995,34368485043,8029990,993,0,0,0,0,0,988,0,0,0,0,0,0,0,0,0,12607017,12607168,12607441,0,0,0,0
2026-08-05T03:15:01Z,60816,1433516,4322680832,16278364160,491238596,8714401459,34368485043,8080167,998,0,0,0,0,0,997,0,0,0,0,0,0,0,0,0,12657168,12657273,12657558,0,0,0,0
2026-08-05T03:20:05Z,64200,1433516,4271636480,16329408512,440186923,8714401459,34368485043,8130313,1000,0,0,0,0,0,1001,0,0,0,0,0,0,0,0,0,12707330,12707422,12707694,0,0,0,0
2026-08-05T03:25:09Z,61204,1433516,4325380096,16275664896,493929484,8714393267,34368485043,8180399,998,0,0,0,0,0,998,0,0,0,0,0,0,0,0,0,12757450,12757563,12757872,0,0,0,0
2026-08-05T03:30:14Z,63344,1433516,4274311168,16326733824,442852095,8714335923,34368485043,8230522,998,0,0,0,0,0,997,0,0,0,0,0,0,0,0,0,12807744,12807888,12808168,0,0,0,0
2026-08-05T03:35:19Z,62364,1433516,4327956480,16273088512,496496305,8714360499,34368485043,8280514,998,0,0,0,0,0,995,0,0,0,0,0,0,0,0,0,12857724,12857840,12858113,0,0,0,0
2026-08-05T03:40:25Z,61564,1433516,4276473856,16324571136,445010214,8714401459,34368485043,8330232,997,0,0,0,0,0,994,0,0,0,0,0,0,0,0,0,12907290,12907412,12907730,0,0,0,0
2026-08-05T03:45:29Z,61344,1433516,4330446848,16270598144,498984254,8714352307,34368485043,8380546,998,0,0,0,0,0,995,0,0,0,0,0,0,0,0,0,12957565,12957680,12957963,0,0,0,0
2026-08-05T03:50:34Z,62824,1433516,4278841344,16322203648,447374489,8714376883,34368485043,8430130,1000,0,0,0,0,0,1000,0,0,0,0,0,0,0,0,0,13007147,13007302,13007589,0,0,0,0
2026-08-05T03:55:38Z,61576,1433516,4332126208,16268918784,500659143,8714401459,34368485043,8479789,996,0,0,0,0,0,996,0,0,0,0,0,0,0,0,0,13056832,13056958,13057265,0,0,0,0
2026-08-05T04:00:43Z,61912,1433516,4280602624,16320442368,449126299,8714458803,34368485043,8529472,995,0,0,0,0,0,995,0,0,0,0,0,0,0,0,0,13106823,13106930,13107242,0,0,0,0
2026-08-05T04:05:50Z,60872,1433516,4334690304,16266354688,503208733,8714393267,34368485043,8579872,1000,0,0,0,0,0,1000,0,0,0,0,0,0,0,0,0,13157739,13157874,13158650,0,0,0,0
2026-08-05T04:11:06Z,60916,1433516,4285652992,16315392000,454124925,8714393267,34368485043,8631843,994,0,0,0,0,0,994,0,0,0,0,0,0,0,0,0,13209075,13209223,13213130,0,0,0,0
2026-08-05T04:16:51Z,64876,1433516,4346392576,16254652416,514850455,8714393267,34368485043,8688423,999,0,0,0,0,0,999,0,0,0,0,0,0,0,0,0,13266205,13266469,13270354,0,0,0,0
2026-08-05T04:22:39Z,63900,1433516,4302954496,16298090496,471406672,8714393267,34368485043,8745624,999,0,0,0,0,0,999,0,0,0,0,0,0,0,0,0,13322762,13322932,13326935,0,0,0,0
2026-08-05T04:28:22Z,65416,1433516,4363620352,16237424640,532071235,8714385075,34368485043,8802165,1000,0,0,0,0,0,1000,0,0,0,0,0,0,0,0,0,13379175,13379496,13383501,0,0,0,0
2026-08-05T04:34:07Z,63136,1433516,4319412224,16281632768,487863765,8714385075,34368485043,8858653,998,0,0,0,0,0,999,0,0,0,0,0,0,0,0,0,13435711,13436048,13440066,0,0,0,0
2026-08-05T04:39:53Z,63748,1433516,4275318784,16325726208,443766890,8714409651,34368485043,8915260,998,0,0,0,0,0,995,0,0,0,0,0,0,0,0,0,13492346,13492692,13496737,0,0,0,0
2026-08-05T04:45:39Z,64388,1433516,4336205824,16264839168,504651033,8714393267,34368485043,8971992,999,0,0,0,0,0,1000,0,0,0,0,0,0,0,0,0,13549543,13549829,13553881,0,0,0,0
2026-08-05T04:51:28Z,63884,1433516,4292751360,16308293632,461187215,8714360499,34368485043,9029174,997,0,0,0,0,0,995,0,0,0,0,0,0,0,0,0,13606538,13606867,13610882,0,0,0,0
2026-08-05T04:57:15Z,64092,1433516,4353892352,16247152640,522324612,8714368691,34368485043,9086168,999,0,0,0,0,0,999,0,0,0,0,0,0,0,0,0,13663837,13664147,13668135,0,0,0,0
2026-08-05T05:03:04Z,64636,1433516,4310429696,16290615296,478858596,8714409651,34368485043,9143354,993,0,0,0,0,0,993,0,0,0,0,0,0,0,0,0,13720715,13721081,13725064,0,0,0,0
2026-08-05T05:08:51Z,64596,1433516,4371599360,16229445632,540026981,8714368691,34368485043,9200346,994,0,0,0,0,0,731,0,0,0,0,0,0,0,0,0,13778395,13779037,13782993,0,0,0,0
2026-08-05T05:14:44Z,60156,1433516,4328845312,16272199680,497270328,8714376883,34368485043,9258202,994,0,0,0,0,0,995,0,0,0,0,0,0,0,0,0,13835598,13835984,13840142,0,0,0,0
2026-08-05T05:20:35Z,61600,1433516,4285509632,16315535360,453932009,8714360499,34368485043,9315523,998,0,0,0,0,0,997,0,0,0,0,0,0,0,0,0,13893742,13894068,13898564,0,0,0,0
2026-08-05T05:26:33Z,60824,1433516,4348522496,16252522496,516931422,8714417843,34368485043,9374212,996,0,0,0,0,0,995,0,0,0,0,0,0,0,0,0,13952754,13953078,13957240,0,0,0,0
2026-08-05T05:32:30Z,60776,1433516,4306546688,16294498304,474961105,8714393267,34368485043,9432789,998,0,0,0,0,0,997,0,0,0,0,0,0,0,0,0,14011320,14011690,14016013,0,0,0,0
2026-08-05T05:38:27Z,60708,1433516,4369399808,16231645184,537806317,8714385075,34368485043,9491346,997,0,0,0,0,0,998,0,0,0,0,0,0,0,0,0,14069773,14070148,14074236,0,0,0,0
2026-08-05T05:44:23Z,61192,1433516,4327178240,16273866752,495578303,8714393267,34368485043,9549689,998,0,0,0,0,0,998,0,0,0,0,0,0,0,0,0,14128331,14128708,14133297,0,0,0,0
2026-08-05T05:50:25Z,61284,1433516,4285726720,16315318272,454125016,8714376883,34368501427,9608746,1000,0,0,0,0,0,997,0,0,0,0,0,0,0,0,0,14187469,14187850,14192440,0,0,0,0
2026-08-05T05:56:27Z,60372,1433516,4349292544,16251752448,517684707,8714352307,34368501427,9667963,996,0,0,0,0,0,995,0,0,0,0,0,0,0,0,0,14246805,14247980,14251444,0,0,0,0
2026-08-05T06:02:27Z,62968,1433516,4307472384,16293572608,475868812,8714368691,34368542387,9726684,998,0,0,0,0,0,995,0,0,0,0,0,0,0,0,0,14306191,14306557,14310803,0,0,0,0
2026-08-05T06:08:32Z,60924,1433516,4371550208,16229494784,539937463,8714368691,34368566963,9786360,935,0,0,0,0,0,855,0,0,0,0,0,0,0,0,0,14364705,14365170,14369397,0,0,0,0
2026-08-05T06:14:36Z,60784,1433516,4329545728,16271499264,497934831,8714368691,34368566963,9844908,995,0,0,0,0,0,996,0,0,0,0,0,0,0,0,0,14422003,14422364,14426750,0,0,0,0
2026-08-05T06:20:25Z,61512,1433516,4286226432,16314818560,454610625,8714368691,34368591539,9902213,996,0,0,0,0,0,995,0,0,0,0,0,0,0,0,0,14479339,14479718,14483530,0,0,0,0
2026-08-05T06:26:09Z,60768,1433516,4346941440,16254103552,515314753,8714393267,34368599731,9958778,997,0,0,0,0,0,994,0,0,0,0,0,0,0,0,0,14535893,14536361,14540184,0,0,0,0
2026-08-05T06:31:56Z,60824,1433516,4303220736,16297824256,471599221,8714360499,34368616115,10015747,994,0,0,0,0,0,993,0,0,0,0,0,0,0,0,0,14592840,14593331,14597596,0,0,0,0
2026-08-05T06:37:46Z,62432,1433516,4365189120,16235855872,533560717,8714376883,34368632499,10073490,996,0,0,0,0,0,996,0,0,0,0,0,0,0,0,0,14650652,14651102,14655119,0,0,0,0
2026-08-05T06:43:34Z,60264,1433516,4321959936,16279085056,490322324,8714409651,34368640691,10130887,997,0,0,0,0,0,998,0,0,0,0,0,0,0,0,0,14708671,14709118,14713271,0,0,0,0
2026-08-05T06:49:26Z,63404,1433516,4279193600,16321851392,447553894,8714409651,34368648883,10188744,998,0,0,0,0,0,998,0,0,0,0,0,0,0,0,0,14766764,14767214,14771762,0,0,0,0
2026-08-05T06:55:22Z,61028,1433516,4342177792,16258867200,510538998,8714401459,34368681651,10247434,997,0,0,0,0,0,997,0,0,0,0,0,0,0,0,0,14825652,14826112,14830824,0,0,0,0
2026-08-05T07:01:20Z,60728,1433516,4300562432,16300482560,468919838,8714000051,34368730803,10306347,996,0,0,0,0,0,994,0,0,0,0,0,0,0,0,0,14884979,14885453,14890076,0,0,0,0
2026-08-05T07:07:21Z,60808,1433516,4364525568,16236519424,532870189,8714393267,34368788147,10365935,999,0,0,0,0,0,999,0,0,0,0,0,0,0,0,0,14945006,14945389,14949812,0,0,0,0
2026-08-05T07:13:26Z,59996,1433516,4323352576,16277692416,491694357,8714352307,34368829107,10425253,998,0,0,0,0,0,997,0,0,0,0,0,0,0,0,0,15003356,15003549,15007162,0,0,0,0
2026-08-05T07:19:14Z,62644,1433516,4280225792,16320819200,448564577,8714368691,34368935603,10482785,997,0,0,0,0,0,996,0,0,0,0,0,0,0,0,0,15059829,15060167,15063771,0,0,0,0
2026-08-05T07:24:57Z,60936,1433516,4340920320,16260124672,509258872,8714417843,34368992947,10539354,997,0,0,0,0,0,998,0,0,0,0,0,0,0,0,0,15116463,15116893,15120891,0,0,0,0
2026-08-05T07:30:36Z,61808,1433516,4295467008,16305577984,463799127,8714352307,34369050291,10594684,995,0,0,0,0,0,992,0,0,0,0,0,0,0,0,0,15171838,15173173,15174338,0,0,0,0
2026-08-05T07:36:17Z,60932,1433516,4354871296,16246173696,523200311,8714401459,34369115827,10650039,999,0,0,0,0,0,998,0,0,0,0,0,0,0,0,0,15228661,15228773,15229147,0,0,0,0
2026-08-05T07:41:32Z,60428,1433516,4305731584,16295313408,474057127,8714426035,34369181363,10701941,1000,0,0,0,0,0,1001,0,0,0,0,0,0,0,0,0,15279178,15279339,15280793,0,0,0,0
2026-08-05T07:46:45Z,60108,1433516,4361302016,16239742976,529623021,8714393267,34369296051,10753734,1000,0,0,0,0,0,996,0,0,0,0,0,0,0,0,0,15331019,15331147,15331492,0,0,0,0
2026-08-05T07:51:52Z,61416,1433516,4310151168,16290893824,478469384,8714393267,34369410739,10803779,1000,0,0,0,0,0,1000,0,0,0,0,0,0,0,0,0,15382499,15382607,15382952,0,0,0,0
2026-08-05T07:57:07Z,62648,1433516,4365656064,16235388928,533973010,8714401459,34369525427,10855521,995,0,0,0,0,0,995,0,0,0,0,0,0,0,0,0,15433881,15434010,15434319,0,0,0,0
2026-08-05T08:02:20Z,61016,1433516,4316073984,16284971008,484387287,8714368691,34369607347,10907019,996,0,0,0,0,0,996,0,0,0,0,0,0,0,0,0,15485739,15485847,15489859,0,0,0,0
2026-08-05T08:08:11Z,62040,1433516,4273369088,16327675904,441677646,8714368691,34369705651,10964944,997,0,0,0,0,0,995,0,0,0,0,0,0,0,0,0,15542039,15542166,15545988,0,0,0,0
2026-08-05T08:13:39Z,59492,1433516,4331626496,16269418496,499931247,8714368691,34369787571,11019228,998,0,0,0,0,0,998,0,0,0,0,0,0,0,0,0,15596305,15596457,15601112,0,0,0,0
2026-08-05T08:19:14Z,61376,1433516,4286255104,16314789888,454557710,8714344115,34369975987,11074671,1000,0,0,0,0,0,996,0,0,0,0,0,0,0,0,0,15653530,15653675,15657778,0,0,0,0
2026-08-05T08:24:56Z,62284,1433516,4347035648,16254009344,515334699,8714385075,34370164403,11131319,999,0,0,0,0,0,999,0,0,0,0,0,0,0,0,0,15708490,15708660,15712809,0,0,0,0
2026-08-05T08:30:28Z,62104,1433516,4301094912,16299950080,469388565,8714368691,34370295475,11186224,999,0,0,0,0,0,999,0,0,0,0,0,0,0,0,0,15763894,15764090,15768496,0,0,0,0
2026-08-05T08:36:06Z,60108,1433516,4360843264,16240201728,529129412,8714376883,34370434739,11241905,998,0,0,0,0,0,996,0,0,0,0,0,0,0,0,0,15820129,15820288,15824587,0,0,0,0
2026-08-05T08:41:46Z,60400,1433516,4316135424,16284909568,484419781,8714360499,34370541235,11297955,996,0,0,0,0,0,996,0,0,0,0,0,0,0,0,0,15876043,15876225,15880237,0,0,0,0
2026-08-05T08:47:24Z,62944,1433516,4270936064,16330108928,439219316,8714360499,34370713267,11353563,999,0,0,0,0,0,1000,0,0,0,0,0,0,0,0,0,15933132,15933285,15937318,0,0,0,0
2026-08-05T08:53:11Z,62704,1433516,4332204032,16268840960,500488388,8714368691,34370918067,11410661,998,0,0,0,0,0,997,0,0,0,0,0,0,0,0,0,15989564,15989743,15993989,0,0,0,0
2026-08-05T08:58:58Z,61360,1433516,4288516096,16312528896,456791981,8714344115,34371172019,11467657,999,0,0,0,0,0,1000,0,0,0,0,0,0,0,0,0,16047272,16047452,16052153,0,0,0,0
2026-08-05T09:04:49Z,62952,1433516,4350652416,16250392576,518924708,8714368691,34371401395,11525567,999,0,0,0,0,0,1000,0,0,0,0,0,0,0,0,0,16104755,16104973,16109724,0,0,0,0
2026-08-05T09:10:41Z,61044,1433516,4307619840,16293425152,475891758,8714368691,34371671731,11583161,997,0,0,0,0,0,996,0,0,0,0,0,0,0,0,0,16163922,16164113,16168519,0,0,0,0
2026-08-05T09:16:42Z,62976,1433516,4370915328,16230129664,539182543,8714393267,34372007603,11642143,998,0,0,0,0,0,996,0,0,0,0,0,0,0,0,0,16222837,16223053,16227692,0,0,0,0
2026-08-05T09:22:43Z,65432,1433516,4329598976,16271446016,497861884,8714417843,34372269747,11701377,996,0,0,0,0,0,992,0,0,0,0,0,0,0,0,0,16282146,16282345,16286904,0,0,0,0
2026-08-05T09:28:44Z,63276,1433516,4288659456,16312385536,456916350,8714376883,34372531891,11760923,999,0,0,0,0,0,999,0,0,0,0,0,0,0,0,0,16341712,16342153,16346595,0,0,0,0
2026-08-05T09:34:46Z,63700,1433516,4352331776,16248713216,520579369,8714385075,34372875955,11820255,999,0,0,0,0,0,999,0,0,0,0,0,0,0,0,0,16401438,16401652,16406234,0,0,0,0
2026-08-05T09:40:52Z,63528,1433516,4311371776,16289673216,479621244,8714376883,34373293747,11879786,1000,0,0,0,0,0,1000,0,0,0,0,0,0,0,0,0,16461093,16461334,16465825,0,0,0,0
2026-08-05T09:46:58Z,64052,1433516,4270460928,16330584064,438708822,8714417843,34373678771,11939382,998,0,0,0,0,0,998,0,0,0,0,0,0,0,0,0,16520570,16520800,16525451,0,0,0,0
2026-08-05T09:53:02Z,63304,1433516,4334661632,16266383360,502910467,8740779699,34374080179,11999208,998,0,0,0,0,0,997,0,0,0,0,0,0,0,0,0,16580687,16581158,16585565,0,0,0,0
2026-08-05T09:59:09Z,63644,1433516,4294127616,16306917376,462369592,8774104755,34374465203,12059146,999,0,0,0,0,0,998,0,0,0,0,0,0,0,0,0,16640477,16640866,16645414,0,0,0,0
2026-08-05T10:05:18Z,64084,1433516,4358524928,16242520064,526762737,8807052979,34374973107,12119152,998,0,0,0,0,0,996,0,0,0,0,0,0,0,0,0,16698793,16698970,16702985,0,0,0,0
2026-08-05T10:11:06Z,62828,1433516,4315336704,16285708288,483575802,8837854899,34375571123,12176623,1000,0,0,0,0,0,1000,0,0,0,0,0,0,0,0,0,16756380,16756570,16760258,0,0,0,0
2026-08-05T10:16:52Z,62276,1433516,4271448064,16329596928,439685614,8868615859,34375988915,12233458,1000,0,0,0,0,0,1000,0,0,0,0,0,0,0,0,0,16811558,16811741,16816298,0,0,0,0
2026-08-05T10:22:34Z,61040,1433516,4331925504,16269119488,500157765,8875652787,34376414899,12289820,997,0,0,0,0,0,987,0,0,0,0,0,0,0,0,0,16866896,16868185,16872076,0,0,0,0
2026-08-05T10:28:12Z,61556,1433516,4286873600,16314171392,455102777,8875652787,34376799923,12345578,993,0,0,0,0,0,990,0,0,0,0,0,0,0,0,0,16922689,16922904,16926764,0,0,0,0
2026-08-05T10:33:42Z,61312,1433516,4345679872,16255365120,513903324,8875693747,34377324211,12400387,998,0,0,0,0,0,994,0,0,0,0,0,0,0,0,0,16977426,16977929,16981831,0,0,0,0
2026-08-05T10:39:16Z,62204,1433516,4299755520,16301289472,467976841,8875677363,34377954995,12455327,996,0,0,0,0,0,995,0,0,0,0,0,0,0,0,0,17032382,17032918,17036868,0,0,0,0
2026-08-05T10:44:49Z,60976,1433516,4358950912,16242094080,527166195,8875701939,34378413747,12510500,994,0,0,0,0,0,995,0,0,0,0,0,0,0,0,0,17087651,17088258,17092075,0,0,0,0
2026-08-05T10:50:24Z,60824,1433516,4313468928,16287576064,481678775,8875693747,34379011763,12565852,997,0,0,0,0,0,994,0,0,0,0,0,0,0,0,0,17143314,17143894,17148110,0,0,0,0
2026-08-05T10:56:05Z,63612,1433516,4269064192,16331980800,437267172,8875841203,34379691699,12622211,998,0,0,0,0,0,996,0,0,0,0,0,0,0,0,0,17200462,17201065,17205816,0,0,0,0
2026-08-05T11:01:56Z,62160,1433516,4330799104,16270245888,498998958,8875644595,34380388019,12679749,996,0,0,0,0,0,997,0,0,0,0,0,0,0,0,0,17259044,17260045,17264910,0,0,0,0
2026-08-05T11:07:55Z,61640,1433516,4289138688,16311906304,457336193,8906495667,34381174451,12738637,998,0,0,0,0,0,989,0,0,0,0,0,0,0,0,0,17318518,17319383,17323729,0,0,0,0
2026-08-05T11:13:56Z,60612,1433516,4352516096,16248528896,520702347,8938337971,34381928115,12797691,997,0,0,0,0,0,999,0,0,0,0,0,0,0,0,0,17377534,17378069,17382659,0,0,0,0
2026-08-05T11:19:57Z,60268,1433516,4310573056,16290471936,478762312,8970057395,34382649011,12856339,999,0,0,0,0,0,1000,0,0,0,0,0,0,0,0,0,17437226,17437770,17442398,0,0,0,0
2026-08-05T11:26:06Z,63108,1433516,4269756416,16331288576,437938034,9002604211,34383615667,12916020,998,0,0,0,0,0,997,0,0,0,0,0,0,0,0,0,17497407,17498272,17502520,0,0,0,0
2026-08-05T11:32:14Z,60988,1433516,4334411776,16266633216,502594099,9035904691,34384393907,12976269,997,0,0,0,0,0,993,0,0,0,0,0,0,0,0,0,17557504,17558692,17563114,0,0,0,0
2026-08-05T11:38:25Z,60740,1433516,4294582272,16306462720,462760138,9069115059,34385221299,13036848,998,0,0,0,0,0,999,0,0,0,0,0,0,0,0,0,17617843,17619693,17623143,0,0,0,0
2026-08-05T11:44:36Z,61792,1433516,4358893568,16242151424,527062655,9101809331,34386089651,13096769,996,0,0,0,0,0,995,0,0,0,0,0,0,0,0,0,17678056,17679275,17684006,0,0,0,0
2026-08-05T11:50:51Z,61156,1433516,4319367168,16281677824,487535819,9135208115,34387121843,13157616,998,0,0,0,0,0,998,0,0,0,0,0,0,0,0,0,17739370,17742272,17745909,0,0,0,0
2026-08-05T11:57:13Z,60884,1433516,4281159680,16319885312,449325288,9169548979,34388326067,13219747,997,0,0,0,0,0,996,0,0,0,0,0,0,0,0,0,17801446,17804312,17808510,0,0,0,0
2026-08-05T12:03:36Z,60368,1433516,4348686336,16252358656,516854466,9204389555,34389448371,13282666,998,0,0,0,0,0,999,0,0,0,0,0,0,0,0,0,17864309,17868224,17872128,0,0,0,0
2026-08-05T12:10:07Z,63296,1433516,4311994368,16289050624,480148696,9239262899,34390726323,13346170,1000,0,0,0,0,0,998,0,0,0,0,0,0,0,0,0,17930120,17933716,17938009,0,0,0,0
2026-08-05T12:16:51Z,61772,1433516,4277854208,16323190784,446004919,9276184243,34392053427,13412028,766,0,0,0,0,0,560,0,0,0,0,0,0,0,0,0,17995407,17999976,18003890,0,0,0,0
2026-08-05T12:23:34Z,62216,1433516,4348727296,16252317696,516879693,9312900787,34393568947,13478071,999,0,0,0,0,0,998,0,0,0,0,0,0,0,0,0,18061246,18066822,18070711,0,0,0,0
2026-08-05T12:30:24Z,62516,1433516,4315500544,16285544448,483641004,9349994163,34395027123,13544786,979,0,0,0,0,0,971,0,0,0,0,0,0,0,0,0,18128340,18132905,18136755,0,0,0,0
2026-08-05T12:37:08Z,62864,1433516,4281139200,16319905792,449271062,9386948275,34396419763,13610466,996,0,0,0,0,0,998,0,0,0,0,0,0,0,0,0,18193728,18198695,18202737,0,0,0,0
2026-08-05T12:43:53Z,62868,1433516,4351991808,16249053184,520123575,9423697587,34397730483,13676478,1000,0,0,0,0,0,998,0,0,0,0,0,0,0,0,0,18258638,18264737,18268796,0,0,0,0
2026-08-05T12:50:39Z,62200,1433516,4318072832,16282972160,486192928,9460184755,34399458995,13742543,767,0,0,0,0,0,615,0,0,0,0,0,0,0,0,0,18326223,18331067,18335068,0,0,0,0
2026-08-05T12:57:26Z,62092,1433516,4284272640,16316772352,452392876,9497056947,34401359539,13808736,997,0,0,0,0,0,994,0,0,0,0,0,0,0,0,0,18391265,18397571,18401542,0,0,0,0
2026-08-05T13:04:12Z,61596,1433516,4355723264,16245321728,523839807,9533830835,34402932403,13875313,820,0,0,0,0,0,662,0,0,0,0,0,0,0,0,0,18458126,18463857,18467833,0,0,0,0
2026-08-05T13:11:05Z,62460,1433516,4322234368,16278810624,490354746,9571374771,34404677299,13941775,998,0,0,0,0,0,996,0,0,0,0,0,0,0,0,0,18524644,18530953,18534944,0,0,0,0
2026-08-05T13:17:58Z,66632,1433516,4289642496,16311402496,457751502,9608337075,34406495923,14009056,963,0,0,0,0,0,909,0,0,0,0,0,0,0,0,0,18592651,18594252,18598617,0,0,0,0
2026-08-05T13:24:30Z,67364,1433516,4357951488,16243093504,526058972,9644013235,34408363699,14072697,999,0,0,0,0,0,1000,0,0,0,0,0,0,0,0,0,18654653,18655413,18660273,0,0,0,0
2026-08-05T13:30:53Z,67264,1433516,4319543296,16281501696,487646486,9678255795,34410305203,14134559,1000,0,0,0,0,0,995,0,0,0,0,0,0,0,0,0,18716497,18717307,18722030,0,0,0,0
2026-08-05T13:37:13Z,66828,1433516,4280950784,16320094208,449045712,9712432819,34412287667,14196281,997,0,0,0,0,0,994,0,0,0,0,0,0,0,0,0,18778337,18779170,18780918,0,0,0,0
2026-08-05T13:43:16Z,67200,1433516,4344258560,16256786432,512350688,9745135283,34414139059,14255266,998,0,0,0,0,0,996,0,0,0,0,0,0,0,0,0,18838138,18839680,18841020,0,0,0,0
2026-08-05T13:49:17Z,67052,1433516,4302516224,16298528768,470606586,9778337459,34416015027,14314054,997,0,0,0,0,0,996,0,0,0,0,0,0,0,0,0,18894579,18894833,18895163,0,0,0,0
2026-08-05T13:54:43Z,66624,1433516,4359249920,16241795072,527338143,9807271603,34417768115,14366918,999,0,0,0,0,0,998,0,0,0,0,0,0,0,0,0,18944299,18944464,18944830,0,0,0,0
2026-08-05T13:59:55Z,67284,1433516,4308762624,16292282368,476837949,9833821875,34419627699,14417549,999,0,0,0,0,0,999,0,0,0,0,0,0,0,0,0,18999898,19000174,19000567,0,0,0,0
2026-08-05T14:05:36Z,67052,1433516,4367933440,16233111552,536009366,9864615603,34421520051,14472692,760,0,0,0,0,0,548,0,0,0,0,0,0,0,0,0,19052979,19053210,19053626,0,0,0,0
2026-08-05T14:11:16Z,67636,1433516,4321042432,16280002560,489117950,9893918387,34423330483,14526677,999,0,0,0,0,0,996,0,0,0,0,0,0,0,0,0,19103944,19104588,19105196,0,0,0,0
2026-08-05T14:16:39Z,66764,1433516,4270407680,16330637312,438486359,9724401331,34425558707,144394,936,0,0,0,0,0,892,0,0,0,0,0,0,0,0,0,16807501,16526431,16383311,0,0,0,0
2026-08-05T14:23:27Z,64648,1433516,4340486144,16260558848,508551614,9759618739,34427827891,209647,995,0,0,0,0,0,993,0,0,0,0,0,0,0,0,0,13599299,13381908,13253001,0,0,0,0
2026-08-05T14:29:43Z,65664,1433516,4299968512,16301076480,468033003,9764099763,34436355763,269519,1000,0,0,0,0,0,998,0,0,0,0,0,0,0,0,0,11428161,11288753,11236761,0,0,0,0
2026-08-05T14:35:36Z,64140,1433516,4361932800,16239112192,529996792,9764050611,34458531507,327253,998,0,0,0,0,0,992,0,0,0,0,0,0,0,0,0,9762910,9697486,9658336,0,0,0,0
2026-08-05T14:41:09Z,65072,1433516,4315922432,16285122560,483976558,9767122611,34479691443,382075,997,0,0,0,0,0,995,0,0,0,0,0,0,0,0,0,8403717,8356775,8322569,0,0,0,0
2026-08-05T14:46:41Z,65428,1433516,4269744128,16331300864,437803249,9764288179,34500908723,436723,999,0,0,0,0,0,999,0,0,0,0,0,0,0,0,0,7200340,7143238,7115702,0,0,0,0
2026-08-05T14:52:11Z,64244,1433516,4328079360,16272965632,496132819,9764361907,34533185203,491079,999,0,0,0,0,0,997,0,0,0,0,0,0,0,0,0,6109706,6071775,6056670,0,0,0,0
2026-08-05T14:57:36Z,64140,1433516,4280381440,16320663552,448423899,9764189875,34598958771,544327,998,0,0,0,0,0,995,0,0,0,0,0,0,0,0,0,5127922,5128620,5129784,0,0,0,0
2026-08-05T15:02:50Z,64640,1433516,4336046080,16264998912,504082335,9953351347,34669983411,596195,997,0,0,0,0,0,997,0,0,0,0,0,0,0,0,0,5179860,5180237,5181314,0,0,0,0
2026-08-05T15:08:10Z,66032,1433516,4287578112,16313466880,455613650,9769121459,34730038963,648744,1000,0,0,0,0,0,1000,0,0,0,0,0,0,0,0,0,5232381,5232519,5237935,0,0,0,0
2026-08-05T15:14:03Z,60720,1433516,4348796928,16252248064,516826968,9764173491,34790528691,705783,1000,0,0,0,0,0,999,0,0,0,0,0,0,0,0,0,5289353,5289395,5293564,0,0,0,0
2026-08-05T15:19:50Z,62016,1433516,4303433728,16297611264,471456620,9768597171,34815211187,761139,992,0,0,0,0,0,989,0,0,0,0,0,0,0,0,0,5344726,5344782,5345147,0,0,0,0
2026-08-05T15:25:03Z,62820,1433516,4359004160,16242040832,527027523,9764288179,34815211187,812935,998,0,0,0,0,0,998,0,0,0,0,0,0,0,0,0,5396513,5396553,5396619,0,0,0,0
2026-08-05T15:30:05Z,60856,1433516,4307734528,16293310464,475752933,9764320947,34815211187,862884,995,0,0,0,0,0,995,0,0,0,0,0,0,0,0,0,5446489,5446535,5446581,0,0,0,0
2026-08-05T15:35:07Z,61144,1433516,4361420800,16239624192,529442810,9763673779,34815211187,912926,998,0,0,0,0,0,995,0,0,0,0,0,0,0,0,0,5496502,5496549,5496604,0,0,0,0
2026-08-05T15:40:09Z,62020,1433516,4309999616,16291045376,478017770,9764312755,34815211187,962746,998,0,0,0,0,0,993,0,0,0,0,0,0,0,0,0,5546332,5546382,5546427,0,0,0,0
2026-08-05T15:45:11Z,61960,1433516,4363669504,16237375488,531682801,9764337331,34815211187,1012756,997,0,0,0,0,0,996,0,0,0,0,0,0,0,0,0,5596334,5596385,5596438,0,0,0,0
2026-08-05T15:50:13Z,61692,1433516,4312436736,16288608256,480445269,9764320947,34815211187,1062754,995,0,0,0,0,0,990,0,0,0,0,0,0,0,0,0,5646347,5646403,5646463,0,0,0,0
2026-08-05T15:55:15Z,60576,1433516,4366065664,16234979328,534064169,9764230835,34815211187,1112735,995,0,0,0,0,0,995,0,0,0,0,0,0,0,0,0,5696322,5696372,5696432,0,0,0,0
2026-08-05T16:00:17Z,62004,1433516,4314673152,16286371840,482678495,9761781427,34815211187,1162585,997,0,0,0,0,0,996,0,0,0,0,0,0,0,0,0,5746160,5746222,5746279,0,0,0,0
2026-08-05T16:05:19Z,61444,1433516,4368379904,16232665088,536379202,9764345523,34815211187,1212647,997,0,0,0,0,0,997,0,0,0,0,0,0,0,0,0,5796225,5796287,5796350,0,0,0,0
2026-08-05T16:10:21Z,61424,1433516,4317138944,16283906048,485137722,9764189875,34815211187,1262641,996,0,0,0,0,0,994,0,0,0,0,0,0,0,0,0,5846222,5846286,5846357,0,0,0,0
2026-08-05T16:15:23Z,59412,1433516,4370751488,16230293504,538747087,9761789619,34815211187,1312608,998,0,0,0,0,0,997,0,0,0,0,0,0,0,0,0,5896175,5896255,5896334,0,0,0,0
2026-08-05T16:20:25Z,59648,1433516,4319625216,16281419776,487622302,9764361907,34815211187,1362699,991,0,0,0,0,0,988,0,0,0,0,0,0,0,0,0,5946369,5946432,5946509,0,0,0,0
2026-08-05T16:25:28Z,61592,1433516,4375719936,16225325056,543721712,9764386483,34815211187,1412846,1000,0,0,0,0,0,873,0,0,0,0,0,0,0,0,0,5996534,5996606,5996656,0,0,0,0
2026-08-05T16:30:30Z,61112,1433516,4322222080,16278822912,490205502,9764058803,34815211187,1462864,995,0,0,0,0,0,994,0,0,0,0,0,0,0,0,0,6046439,6046509,6046567,0,0,0,0
2026-08-05T16:35:32Z,61180,1433516,4270923776,16330121216,438904407,9764304563,34815211187,1512814,995,0,0,0,0,0,992,0,0,0,0,0,0,0,0,0,6096391,6096466,6096541,0,0,0,0
2026-08-05T16:40:34Z,60360,1433516,4324507648,16276537344,492491875,9764386483,34815211187,1562779,998,0,0,0,0,0,995,0,0,0,0,0,0,0,0,0,6146369,6146442,6146531,0,0,0,0
2026-08-05T16:45:36Z,62008,1433516,4273307648,16327737344,441278515,9764091571,34815211187,1612813,999,0,0,0,0,0,999,0,0,0,0,0,0,0,0,0,6196391,6196477,6196540,0,0,0,0
2026-08-05T16:50:45Z,62596,1433516,4327878656,16273166336,495850632,9764198067,34815211187,1663668,993,0,0,0,0,0,990,0,0,0,0,0,0,0,0,0,6247275,6247357,6247445,0,0,0,0
2026-08-05T16:55:47Z,61440,1433516,4276621312,16324423680,444590301,9764329139,34815211187,1713645,995,0,0,0,0,0,992,0,0,0,0,0,0,0,0,0,6297242,6297323,6297395,0,0,0,0
2026-08-05T17:00:50Z,60976,1433516,4330270720,16270774272,498229642,9764353715,34815211187,1763651,995,0,0,0,0,0,992,0,0,0,0,0,0,0,0,0,6347237,6347325,6347424,0,0,0,0
2026-08-05T17:05:52Z,61780,1433516,4278976512,16322068480,446939645,9764247219,34815211187,1813612,998,0,0,0,0,0,996,0,0,0,0,0,0,0,0,0,6397188,6397281,6397376,0,0,0,0
2026-08-05T17:10:55Z,62120,1433516,4332646400,16268398592,500595519,9764435635,34815211187,1863639,999,0,0,0,0,0,997,0,0,0,0,0,0,0,0,0,6447215,6447308,6447404,0,0,0,0
2026-08-05T17:15:57Z,63816,1433516,4281421824,16319623168,449370624,9764386483,34815211187,1913643,998,0,0,0,0,0,995,0,0,0,0,0,0,0,0,0,6497234,6497325,6501185,0,0,0,0
2026-08-05T17:21:26Z,59704,1433516,4339855360,16261189632,507800410,9764386483,34815211187,1968103,997,0,0,0,0,0,993,0,0,0,0,0,0,0,0,0,6551697,6551821,6557820,0,0,0,0
2026-08-05T17:27:33Z,59796,1433516,4295483392,16305561600,463424920,9768752819,34815211187,2024452,995,0,0,0,0,0,985,0,0,0,0,0,0,0,0,0,6608052,6608087,6613637,0,0,0,0
2026-08-05T17:33:33Z,63080,1433516,4355571712,16245473280,523504305,9764394675,34815211187,2080426,998,0,0,0,0,0,995,0,0,0,0,0,0,0,0,0,6664026,6664066,6664501,0,0,0,0
2026-08-05T17:38:38Z,61292,1433516,4304707584,16296337408,472648065,9764320947,34815211187,2130764,1000,0,0,0,0,0,998,0,0,0,0,0,0,0,0,0,6714349,6714395,6714457,0,0,0,0
2026-08-05T17:43:42Z,60020,1433516,4358791168,16242253824,526728780,9764271795,34815211187,2181164,995,0,0,0,0,0,994,0,0,0,0,0,0,0,0,0,6764755,6764801,6764853,0,0,0,0
2026-08-05T17:48:44Z,61220,1433516,4307488768,16293556224,475422984,9764165299,34815211187,2231118,996,0,0,0,0,0,991,0,0,0,0,0,0,0,0,0,6814713,6814752,6814820,0,0,0,0
2026-08-05T17:53:46Z,60620,1433516,4369567744,16231477248,529109784,9764484787,34815211187,2281178,998,0,0,0,0,0,996,0,0,0,0,0,0,0,0,0,6864765,6864828,6864899,0,0,0,0
2026-08-05T17:58:48Z,60868,1433516,4318355456,16282689536,477892411,9764452019,34815211187,2331185,999,0,0,0,0,0,999,0,0,0,0,0,0,0,0,0,6914772,6914824,6914876,0,0,0,0
2026-08-05T18:03:50Z,60928,1433516,4372062208,16228982784,531596288,9764435635,34815211187,2381249,997,0,0,0,0,0,995,0,0,0,0,0,0,0,0,0,6964849,6964897,6964982,0,0,0,0
2026-08-05T18:08:52Z,61076,1433516,4320739328,16280305664,480272809,9764329139,34815211187,2431198,993,0,0,0,0,0,991,0,0,0,0,0,0,0,0,0,7014791,7014835,7014916,0,0,0,0
2026-08-05T18:13:55Z,59192,1433516,4374495232,16226549760,534018797,9764296371,34815211187,2481298,995,0,0,0,0,0,992,0,0,0,0,0,0,0,0,0,7064886,7064953,7065028,0,0,0,0
2026-08-05T18:18:57Z,61560,1433516,4323180544,16277864448,482696522,9764443827,34815211187,2531237,999,0,0,0,0,0,999,0,0,0,0,0,0,0,0,0,7114828,7114884,7114956,0,0,0,0
2026-08-05T18:23:59Z,60012,1433516,4376743936,16224301056,536261053,9764337331,34815211187,2581163,996,0,0,0,0,0,995,0,0,0,0,0,0,0,0,0,7164751,7164833,7164885,0,0,0,0
2026-08-05T18:29:01Z,60772,1433516,4325380096,16275664896,484899205,9764460211,34815211187,2631073,995,0,0,0,0,0,992,0,0,0,0,0,0,0,0,0,7214701,7214764,7214851,0,0,0,0
2026-08-05T18:34:03Z,60164,1433516,4379127808,16221917184,538641548,9764370099,34815211187,2681179,997,0,0,0,0,0,995,0,0,0,0,0,0,0,0,0,7264773,7264845,7264915,0,0,0,0
2026-08-05T18:39:06Z,60536,1433516,4327899136,16273145856,487409799,9764361907,34815211187,2731184,998,0,0,0,0,0,997,0,0,0,0,0,0,0,0,0,7314777,7314840,7314924,0,0,0,0
2026-08-05T18:44:08Z,59784,1433516,4381507584,16219537408,541013591,9764452019,34815211187,2781145,996,0,0,0,0,0,988,0,0,0,0,0,0,0,0,0,7364745,7364804,7364871,0,0,0,0
2026-08-05T18:49:10Z,60756,1433516,4330135552,16270909440,489642407,9764484787,34815211187,2831028,993,0,0,0,0,0,990,0,0,0,0,0,0,0,0,0,7414625,7414684,7414770,0,0,0,0
2026-08-05T18:54:12Z,62300,1433516,4278857728,16322187264,438368309,9764206259,34815211187,2881017,995,0,0,0,0,0,995,0,0,0,0,0,0,0,0,0,7464604,7464690,7464743,0,0,0,0
2026-08-05T18:59:15Z,61944,1433516,4332470272,16268574720,491969117,9765344947,34815211187,2930983,992,0,0,0,0,0,989,0,0,0,0,0,0,0,0,0,7514576,7514669,7514756,0,0,0,0
2026-08-05T19:04:17Z,61712,1433516,4281311232,16319733760,440806313,9764419251,34815211187,2981066,995,0,0,0,0,0,993,0,0,0,0,0,0,0,0,0,7564659,7564727,7564820,0,0,0,0
2026-08-05T19:09:19Z,60996,1433516,4335042560,16266002432,494534219,9764525747,34815211187,3031151,994,0,0,0,0,0,990,0,0,0,0,0,0,0,0,0,7614748,7614830,7614897,0,0,0,0
2026-08-05T19:14:22Z,61300,1433516,4283768832,16317276160,443255060,9764402867,34815211187,3081159,996,0,0,0,0,0,994,0,0,0,0,0,0,0,0,0,7664749,7664858,7664944,0,0,0,0
2026-08-05T19:19:25Z,62936,1433516,4337655808,16263389184,497141369,9764378291,34815211187,3131391,996,0,0,0,0,0,992,0,0,0,0,0,0,0,0,0,7714993,7715096,7715201,0,0,0,0
2026-08-05T19:24:27Z,60616,1433516,4286525440,16314519552,446008818,9764288179,34815211187,3181536,992,0,0,0,0,0,988,0,0,0,0,0,0,0,0,0,7765156,7765239,7765344,0,0,0,0
2026-08-05T19:29:30Z,60468,1433516,4340281344,16260763648,499766277,9764394675,34815211187,3231653,997,0,0,0,0,0,995,0,0,0,0,0,0,0,0,0,7815258,7815361,7815456,0,0,0,0
2026-08-05T19:34:33Z,61328,1433516,4289036288,16312008704,448511691,9764476595,34815211187,3281660,993,0,0,0,0,0,991,0,0,0,0,0,0,0,0,0,7865347,7865449,7865700,0,0,0,0
2026-08-05T19:39:37Z,61648,1433516,4342947840,16258097152,502421309,9763804851,34815211187,3331920,998,0,0,0,0,0,993,0,0,0,0,0,0,0,0,0,7915530,7915681,7916145,0,0,0,0
2026-08-05T19:44:42Z,61568,1433516,4292145152,16308899840,451613770,9764525747,34815211187,3382317,996,0,0,0,0,0,991,0,0,0,0,0,0,0,0,0,7965939,7966495,7970816,0,0,0,0
2026-08-05T19:50:23Z,60108,1433516,4352512000,16248532992,511980674,9764386483,34815211187,3438583,993,0,0,0,0,0,991,0,0,0,0,0,0,0,0,0,8022199,8022310,8028017,0,0,0,0
2026-08-05T19:56:32Z,60464,1433516,4308856832,16292188160,468315053,9764271795,34815211187,3495579,996,0,0,0,0,0,993,0,0,0,0,0,0,0,0,0,8079170,8079286,8084921,0,0,0,0
2026-08-05T20:02:39Z,61392,1433516,4370034688,16231010304,529487178,9764435635,34815211187,3552557,999,0,0,0,0,0,992,0,0,0,0,0,0,0,0,0,8136168,8136323,8141932,0,0,0,0
2026-08-05T20:08:47Z,60384,1433516,4326678528,16274366464,486134241,9764468403,34815211187,3609808,997,0,0,0,0,0,994,0,0,0,0,0,0,0,0,0,8193406,8193523,8199158,0,0,0,0
2026-08-05T20:14:55Z,61636,1433516,4282990592,16318054400,442441834,9764165299,34815211187,3666793,992,0,0,0,0,0,991,0,0,0,0,0,0,0,0,0,8250415,8250479,8251027,0,0,0,0
2026-08-05T20:20:00Z,60040,1433516,4337254400,16263790592,496706236,9764320947,34815211187,3717381,999,0,0,0,0,0,994,0,0,0,0,0,0,0,0,0,8301007,8301617,8301689,0,0,0,0
2026-08-05T20:25:06Z,62224,1433516,4286619648,16314425344,446063415,9764320947,34815211187,3767917,997,0,0,0,0,0,992,0,0,0,0,0,0,0,0,0,8351521,8351599,8351688,0,0,0,0
2026-08-05T20:30:08Z,61332,1433516,4340387840,16260657152,499817712,9764492979,34815211187,3818032,996,0,0,0,0,0,993,0,0,0,0,0,0,0,0,0,8401630,8401724,8401799,0,0,0,0
2026-08-05T20:35:13Z,61068,1433516,4289732608,16311312384,449168672,9764484787,34815211187,3868555,993,0,0,0,0,0,988,0,0,0,0,0,0,0,0,0,8452181,8452239,8452341,0,0,0,0
2026-08-05T20:40:15Z,60280,1433516,4343455744,16257589248,502888809,9763477171,34815211187,3918630,1000,0,0,0,0,0,999,0,0,0,0,0,0,0,0,0,8502242,8502295,8502380,0,0,0,0
2026-08-05T20:45:18Z,61056,1433516,4292182016,16308862976,451605692,9764345523,34815211187,3968569,999,0,0,0,0,0,994,0,0,0,0,0,0,0,0,0,8552189,8552251,8552341,0,0,0,0
2026-08-05T20:50:20Z,60632,1433516,4345884672,16255160320,505306159,9763903155,34815211187,4018626,1000,0,0,0,0,0,998,0,0,0,0,0,0,0,0,0,8602207,8602264,8602366,0,0,0,0
2026-08-05T20:55:22Z,62212,1433516,4294782976,16306262016,454202853,9764353715,34815211187,4068728,997,0,0,0,0,0,996,0,0,0,0,0,0,0,0,0,8652490,8652554,8652643,0,0,0,0
2026-08-05T21:00:26Z,61704,1433516,4348661760,16252383232,508075991,9764345523,34815211187,4118952,999,0,0,0,0,0,997,0,0,0,0,0,0,0,0,0,8702556,8702620,8702702,0,0,0,0
2026-08-05T21:05:28Z,61644,1433516,4297449472,16303595520,456860980,9764452019,34815211187,4168952,1000,0,0,0,0,0,995,0,0,0,0,0,0,0,0,0,8752554,8752629,8752715,0,0,0,0
2026-08-05T21:10:31Z,60904,1433516,4351213568,16249831424,510620088,9764509363,34815211187,4219065,995,0,0,0,0,0,993,0,0,0,0,0,0,0,0,0,8802682,8802757,8802833,0,0,0,0
2026-08-05T21:15:33Z,60500,1433516,4300091392,16300953600,459497903,9764345523,34815211187,4269163,996,0,0,0,0,0,995,0,0,0,0,0,0,0,0,0,8852767,8852849,8852939,0,0,0,0
2026-08-05T21:20:36Z,60064,1433516,4353839104,16247205888,513238487,9764312755,34815211187,4319248,1000,0,0,0,0,0,997,0,0,0,0,0,0,0,0,0,8902864,8902961,8903117,0,0,0,0
2026-08-05T21:25:39Z,60940,1433516,4302778368,16298266624,462172920,9764476595,34815211187,4369390,998,0,0,0,0,0,994,0,0,0,0,0,0,0,0,0,8952997,8953092,8953643,0,0,0,0
2026-08-05T21:30:44Z,60816,1433516,4356861952,16244183040,516247113,9764501171,34815202995,4419798,997,0,0,0,0,0,994,0,0,0,0,0,0,0,0,0,9003413,9004089,9004186,0,0,0,0
2026-08-05T21:35:50Z,62032,1433516,4306259968,16294785024,465650688,9764452019,34815202995,4470393,998,0,0,0,0,0,998,0,0,0,0,0,0,0,0,0,9054015,9054108,9054243,0,0,0,0
2026-08-05T21:40:53Z,60668,1433516,4360097792,16240947200,519483166,9764452019,34815202995,4520558,993,0,0,0,0,0,990,0,0,0,0,0,0,0,0,0,9104194,9104322,9104439,0,0,0,0
2026-08-05T21:45:56Z,61208,1433516,4308918272,16292126720,468298361,9764402867,34815202995,4570596,999,0,0,0,0,0,998,0,0,0,0,0,0,0,0,0,9154210,9154317,9154480,0,0,0,0
2026-08-05T21:50:59Z,59764,1433516,4362760192,16238284800,522139291,9764443827,34815202995,4620788,1001,0,0,0,0,0,997,0,0,0,0,0,0,0,0,0,9204402,9204530,9204703,0,0,0,0
2026-08-05T21:56:03Z,62700,1433516,4311760896,16289284096,471137255,9764279987,34815202995,4670987,1000,0,0,0,0,0,1000,0,0,0,0,0,0,0,0,0,9254639,9254743,9258717,0,0,0,0
2026-08-05T22:01:34Z,60112,1433516,4370653184,16230391808,530024221,9764484787,34815202995,4725878,996,0,0,0,0,0,991,0,0,0,0,0,0,0,0,0,9309502,9309603,9315645,0,0,0,0
2026-08-05T22:07:43Z,61588,1433516,4327555072,16273489920,486926535,9764296371,34815202995,4783377,1000,0,0,0,0,0,1000,0,0,0,0,0,0,0,0,0,9367018,9367127,9373060,0,0,0,0
2026-08-05T22:13:49Z,60436,1433516,4284125184,16316919808,443490377,9764411059,34815202995,4840557,1001,0,0,0,0,0,1000,0,0,0,0,0,0,0,0,0,9424205,9424306,9430140,0,0,0,0
2026-08-05T22:19:54Z,61092,1433516,4345405440,16255639552,504767110,9761887923,34815202995,4897633,998,0,0,0,0,0,995,0,0,0,0,0,0,0,0,0,9481274,9482006,9488082,0,0,0,0
2026-08-05T22:26:08Z,61348,1433516,4302991360,16298053632,462348921,9764566707,34815202995,4955768,998,0,0,0,0,0,998,0,0,0,0,0,0,0,0,0,9539409,9539551,9545588,0,0,0,0
2026-08-05T22:32:16Z,63032,1433516,4364763136,16236281856,524114953,9764353715,34815202995,5013310,999,0,0,0,0,0,999,0,0,0,0,0,0,0,0,0,9596900,9597013,9603119,0,0,0,0
2026-08-05T22:38:23Z,62452,1433516,4321415168,16279629824,480759751,9763829427,34815202995,5070563,998,0,0,0,0,0,999,0,0,0,0,0,0,0,0,0,9654294,9654401,9660671,0,0,0,0
2026-08-05T22:44:34Z,61948,1433516,4279029760,16322015232,438373251,9764140723,34815202995,5128715,1002,0,0,0,0,0,1003,0,0,0,0,0,0,0,0,0,9712334,9712443,9718657,0,0,0,0
2026-08-05T22:50:44Z,60432,1433516,4340936704,16260108288,500273013,9764509363,34815202995,5186380,1002,0,0,0,0,0,1003,0,0,0,0,0,0,0,0,0,9769992,9770135,9776204,0,0,0,0
2026-08-05T22:56:52Z,62204,1433516,4297760768,16303284224,457095825,9764492979,34815202995,5243783,1000,0,0,0,0,0,1001,0,0,0,0,0,0,0,0,0,9827422,9827552,9833713,0,0,0,0
2026-08-05T23:03:01Z,62908,1433516,4359593984,16241451008,518926131,9764443827,34815202995,5301375,997,0,0,0,0,0,995,0,0,0,0,0,0,0,0,0,9885000,9885118,9891100,0,0,0,0
2026-08-05T23:09:06Z,61396,1433516,4316151808,16284893184,475470491,9762698931,34815202995,5358513,997,0,0,0,0,0,998,0,0,0,0,0,0,0,0,0,9942133,9942269,9948244,0,0,0,0
2026-08-05T23:15:32Z,60248,1433516,4379357184,16221687808,538676251,9764460211,34815202995,5417369,1000,0,0,0,0,0,998,0,0,0,0,0,0,0,0,0,10001007,10001869,10007897,0,0,0,0
2026-08-05T23:22:06Z,61116,1433516,4338577408,16262467584,497891440,9764230835,34815202995,5476976,1003,0,0,0,0,0,1006,0,0,0,0,0,0,0,0,0,10060591,10060739,10066729,0,0,0,0
2026-08-05T23:28:33Z,60920,1433516,4296691712,16304353280,456004230,9764370099,34815202995,5535543,1001,0,0,0,0,0,1002,0,0,0,0,0,0,0,0,0,10119162,10119339,10125213,0,0,0,0
2026-08-05T23:34:57Z,61200,1433516,4359806976,16241238016,519116952,9764574899,34815202995,5594308,997,0,0,0,0,0,998,0,0,0,0,0,0,0,0,0,10177974,10178065,10178827,0,0,0,0
2026-08-05T23:40:04Z,61232,1433516,4309438464,16291606528,468740904,9764583091,34815202995,5645040,1000,0,0,0,0,0,1002,0,0,0,0,0,0,0,0,0,10228667,10229511,10229726,0,0,0,0
2026-08-05T23:45:12Z,63396,1433516,4364242944,16236802048,523547900,9764509363,34815202995,5696131,1000,0,0,0,0,0,1000,0,0,0,0,0,0,0,0,0,10279754,10279827,10279932,0,0,0,0
2026-08-05T23:50:17Z,61960,1433516,4313604096,16287440896,472905076,9764591283,34815202995,5746666,1003,0,0,0,0,0,1003,0,0,0,0,0,0,0,0,0,10330288,10330350,10330458,0,0,0,0
2026-08-05T23:55:20Z,60652,1433516,4367233024,16233811968,526537229,9764443827,34815202995,5796670,1000,0,0,0,0,0,997,0,0,0,0,0,0,0,0,0,10380303,10380385,10380482,0,0,0,0
2026-08-06T00:00:23Z,61488,1433516,4315983872,16285061120,475277848,9764394675,34815202995,5846631,1002,0,0,0,0,0,1002,0,0,0,0,0,0,0,0,0,10430259,10430337,10430745,0,0,0,0
2026-08-06T00:05:27Z,63056,1433516,4370083840,16230961152,529375655,9764345523,34815202995,5897051,1001,0,0,0,0,0,1000,0,0,0,0,0,0,0,0,0,10480731,10480820,10481081,0,0,0,0
2026-08-06T00:10:31Z,61592,1433516,4319133696,16281911296,478423704,9764476595,34815202995,5947288,1000,0,0,0,0,0,1001,0,0,0,0,0,0,0,0,0,10530993,10531096,10531240,0,0,0,0
2026-08-06T00:15:35Z,59580,1433516,4373037056,16228007936,532317918,9764476595,34815202995,5997541,1001,0,0,0,0,0,1001,0,0,0,0,0,0,0,0,0,10581241,10581302,10581416,0,0,0,0
2026-08-06T00:20:38Z,60912,1433516,4321943552,16279101440,481225348,9768105651,34815202995,6047649,1000,0,0,0,0,0,998,0,0,0,0,0,0,0,0,0,10631302,10631393,10631569,0,0,0,0
2026-08-06T00:25:41Z,60312,1433516,4375810048,16225234944,535090439,9764329139,34815202995,6097865,998,0,0,0,0,0,996,0,0,0,0,0,0,0,0,0,10681512,10681611,10681803,0,0,0,0
2026-08-06T00:30:45Z,61180,1433516,4324704256,16276340736,483984367,9764353715,34815202995,6147966,1002,0,0,0,0,0,1001,0,0,0,0,0,0,0,0,0,10731683,10731788,10731970,0,0,0,0
2026-08-06T00:35:49Z,60168,1433516,4378767360,16222277632,538038214,9764452019,34815202995,6198350,1000,0,0,0,0,0,1001,0,0,0,0,0,0,0,0,0,10782041,10782145,10782337,0,0,0,0
2026-08-06T00:40:53Z,61428,1433516,4327817216,16273227776,487082908,9764271795,34815202995,6248593,1002,0,0,0,0,0,1002,0,0,0,0,0,0,0,0,0,10832282,10832371,10832603,0,0,0,0
2026-08-06T00:45:57Z,60648,1433516,4381642752,16219402240,540903123,9764361907,34815202995,6298759,997,0,0,0,0,0,998,0,0,0,0,0,0,0,0,0,10882473,10882566,10882789,0,0,0,0
2026-08-06T00:51:01Z,60360,1433516,4330721280,16270323712,489984816,9763944115,34815202995,6349035,1004,0,0,0,0,0,1002,0,0,0,0,0,0,0,0,0,10932798,10932898,10933067,0,0,0,0
2026-08-06T00:56:05Z,61944,1433516,4279734272,16321310720,438996544,9764443827,34815202995,6399304,1001,0,0,0,0,0,1003,0,0,0,0,0,0,0,0,0,10982938,10983049,10983262,0,0,0,0
2026-08-06T01:01:08Z,60588,1433516,4333772800,16267272192,493026756,9764402867,34815202995,6449657,999,0,0,0,0,0,1000,0,0,0,0,0,0,0,0,0,11033318,11033417,11033623,0,0,0,0
2026-08-06T01:06:12Z,61940,1433516,4282634240,16318410752,441889682,9764345523,34815202995,6499799,996,0,0,0,0,0,998,0,0,0,0,0,0,0,0,0,11083454,11083556,11083762,0,0,0,0
2026-08-06T01:11:16Z,60448,1433516,4336627712,16264417280,495881909,9764484787,34815202995,6550130,1002,0,0,0,0,0,1003,0,0,0,0,0,0,0,0,0,11133782,11133905,11134146,0,0,0,0
2026-08-06T01:16:19Z,62216,1433516,4285517824,16315527168,444775063,9762633395,34815202995,6600251,1001,0,0,0,0,0,1001,0,0,0,0,0,0,0,0,0,11183898,11184018,11184289,0,0,0,0
2026-08-06T01:21:23Z,62988,1433516,4339298304,16261746688,498545373,9764468403,34815202995,6650369,1003,0,0,0,0,0,1003,0,0,0,0,0,0,0,0,0,11234036,11234181,11234469,0,0,0,0
2026-08-06T01:26:28Z,61700,1433516,4288081920,16312963072,447332123,9764501171,34815202995,6700368,1000,0,0,0,0,0,999,0,0,0,0,0,0,0,0,0,11284199,11284292,11284559,0,0,0,0
2026-08-06T01:31:33Z,62892,1433516,4341465088,16259579904,500705878,9764476595,34815202995,6750096,998,0,0,0,0,0,995,0,0,0,0,0,0,0,0,0,11333793,11333928,11337862,0,0,0,0
2026-08-06T01:37:35Z,62552,1433516,4298305536,16302739456,457547832,9764435635,34815202995,6807553,1003,0,0,0,0,0,1004,0,0,0,0,0,0,0,0,0,11391274,11391398,11395367,0,0,0,0
2026-08-06T01:43:20Z,62768,1433516,4358553600,16242491392,517784637,9764247219,34815202995,6863694,1000,0,0,0,0,0,1001,0,0,0,0,0,0,0,0,0,11447333,11447615,11451634,0,0,0,0
2026-08-06T01:49:08Z,61768,1433516,4314058752,16286986240,473290770,9764509363,34815202995,6919908,1002,0,0,0,0,0,1005,0,0,0,0,0,0,0,0,0,11503600,11503738,11507763,0,0,0,0
2026-08-06T01:54:58Z,62120,1433516,4374642688,16226402304,533871484,9764361907,34815202995,6976352,1003,0,0,0,0,0,1006,0,0,0,0,0,0,0,0,0,11560009,11560146,11564275,0,0,0,0
2026-08-06T02:00:46Z,62408,1433516,4330262528,16270782464,489482610,9764427443,34815202995,7032679,999,0,0,0,0,0,999,0,0,0,0,0,0,0,0,0,11616345,11616578,11620791,0,0,0,0
2026-08-06T02:06:36Z,62236,1433516,4286382080,16314662912,445604428,9764452019,34815202995,7089475,1002,0,0,0,0,0,1002,0,0,0,0,0,0,0,0,0,11673115,11673330,11677531,0,0,0,0
2026-08-06T02:12:26Z,62088,1433516,4347224064,16253820928,506439232,9764509363,34815202995,7146158,1004,0,0,0,0,0,1002,0,0,0,0,0,0,0,0,0,11729889,11730033,11734147,0,0,0,0
2026-08-06T02:18:14Z,66152,1433516,4302893056,16298151936,462111891,9764411059,34815202995,7202537,1000,0,0,0,0,0,1002,0,0,0,0,0,0,0,0,0,11786201,11786486,11790613,0,0,0,0
2026-08-06T02:24:01Z,65608,1433516,4363788288,16237256704,523002184,9764583091,34815202995,7259262,1000,0,0,0,0,0,999,0,0,0,0,0,0,0,0,0,11842980,11843146,11847284,0,0,0,0
2026-08-06T02:29:49Z,64412,1433516,4319498240,16281546752,478706339,9764550323,34815202995,7315669,1001,0,0,0,0,0,1002,0,0,0,0,0,0,0,0,0,11899346,11899658,11903815,0,0,0,0
2026-08-06T02:35:39Z,64888,1433516,4380651520,16220393472,539860253,9764476595,34815202995,7372653,1002,0,0,0,0,0,1002,0,0,0,0,0,0,0,0,0,11956408,11956572,11960567,0,0,0,0
2026-08-06T02:41:28Z,65244,1433516,4336693248,16264351744,495893656,9764468403,34815202995,7429371,1001,0,0,0,0,0,1000,0,0,0,0,0,0,0,0,0,12013041,12013377,12017528,0,0,0,0
2026-08-06T02:47:18Z,65172,1433516,4292841472,16308203520,452042481,9764288179,34815202995,7486200,1003,0,0,0,0,0,1005,0,0,0,0,0,0,0,0,0,12070009,12070286,12074316,0,0,0,0
2026-08-06T02:53:07Z,64880,1433516,4354039808,16247005184,513234847,9764542131,34815202995,7543212,1003,0,0,0,0,0,1004,0,0,0,0,0,0,0,0,0,12126907,12127223,12131247,0,0,0,0
2026-08-06T02:58:58Z,63796,1433516,4310122496,16290922496,469305088,9764648627,34815202995,7599958,999,0,0,0,0,0,1003,0,0,0,0,0,0,0,0,0,12183855,12184366,12188415,0,0,0,0
2026-08-06T03:04:51Z,65180,1433516,4371595264,16229449728,530776476,9764419251,34815202995,7657250,999,0,0,0,0,0,1002,0,0,0,0,0,0,0,0,0,12241190,12241674,12246647,0,0,0,0
2026-08-06T03:10:51Z,64764,1433516,4329324544,16271720448,488500312,9764525747,34815202995,7715550,1000,0,0,0,0,0,1002,0,0,0,0,0,0,0,0,0,12299516,12300018,12304335,0,0,0,0
2026-08-06T03:16:52Z,64028,1433516,4286746624,16314298368,445924233,9764419251,34815202995,7773580,1002,0,0,0,0,0,1001,0,0,0,0,0,0,0,0,0,12357594,12358068,12362232,0,0,0,0
2026-08-06T03:22:51Z,62312,1433516,4348960768,16252084224,508136125,9764468403,34815202995,7831533,1001,0,0,0,0,0,1005,0,0,0,0,0,0,0,0,0,12415149,12415819,12419761,0,0,0,0
2026-08-06T03:28:44Z,61940,1433516,4305571840,16295473152,464738837,9764484787,34815202995,7888825,1002,0,0,0,0,0,1003,0,0,0,0,0,0,0,0,0,12472580,12472866,12476645,0,0,0,0
2026-08-06T03:34:34Z,61748,1433516,4366786560,16234258432,525951877,9764411059,34815202995,7945866,998,0,0,0,0,0,997,0,0,0,0,0,0,0,0,0,12529595,12530253,12534257,0,0,0,0
2026-08-06T03:40:32Z,62940,1433516,4323995648,16277049344,483160502,9764492979,34815202995,8003700,999,0,0,0,0,0,999,0,0,0,0,0,0,0,0,0,12587391,12587768,12591708,0,0,0,0
2026-08-06T03:46:27Z,62948,1433516,4280532992,16320512000,439698329,9764181683,34815202995,8060909,999,0,0,0,0,0,999,0,0,0,0,0,0,0,0,0,12644577,12645746,12650018,0,0,0,0
2026-08-06T03:52:15Z,61844,1433516,4341227520,16259817472,500381811,9764501171,34815202995,8117455,1002,0,0,0,0,0,1000,0,0,0,0,0,0,0,0,0,12701133,12701874,12702827,0,0,0,0
2026-08-06T03:57:40Z,62460,1433516,4293562368,16307482624,452710752,9764427443,34815202995,8170783,1001,0,0,0,0,0,1005,0,0,0,0,0,0,0,0,0,12754454,12755213,12756047,0,0,0,0
2026-08-06T04:03:06Z,61980,1433516,4350951424,16250093568,510095011,9764550323,34815202995,8224255,1003,0,0,0,0,0,1005,0,0,0,0,0,0,0,0,0,12807954,12808063,12808281,0,0,0,0
2026-08-06T04:08:10Z,63808,1433516,4300013568,16301031424,459154128,9764591283,34815202995,8274565,1002,0,0,0,0,0,1003,0,0,0,0,0,0,0,0,0,12858219,12858309,12858498,0,0,0,0
2026-08-06T04:13:13Z,61088,1433516,4353859584,16247185408,513000675,9764509363,34815202995,8324764,1001,0,0,0,0,0,1001,0,0,0,0,0,0,0,0,0,12908411,12908502,12908710,0,0,0,0
2026-08-06T04:18:17Z,60600,1433516,4302860288,16298184704,461996134,9764411059,34815202995,8375004,1000,0,0,0,0,0,1000,0,0,0,0,0,0,0,0,0,12958649,12958738,12958952,0,0,0,0
2026-08-06T04:23:21Z,60852,1433516,4356726784,16244318208,515861730,9764591283,34815202995,8425218,1004,0,0,0,0,0,1007,0,0,0,0,0,0,0,0,0,13008900,13008991,13009253,0,0,0,0
2026-08-06T04:28:25Z,61620,1433516,4305666048,16295378944,464788147,9764599475,34815202995,8475429,1003,0,0,0,0,0,1004,0,0,0,0,0,0,0,0,0,13059162,13059268,13059532,0,0,0,0
2026-08-06T04:33:29Z,61540,1433516,4362178560,16238866432,518803843,9764484787,34815202995,8525773,1001,0,0,0,0,0,1001,0,0,0,0,0,0,0,0,0,13109924,13110028,13110317,0,0,0,0
2026-08-06T04:38:37Z,60988,1433516,4311359488,16289685504,467983209,9764411059,34815202995,8576167,1004,0,0,0,0,0,1006,0,0,0,0,0,0,0,0,0,13160184,13160289,13160568,0,0,0,0
2026-08-06T04:43:43Z,62592,1433516,4365324288,16235720704,521946523,9764517555,34815202995,8626462,1002,0,0,0,0,0,1002,0,0,0,0,0,0,0,0,0,13210158,13210251,13210537,0,0,0,0
2026-08-06T04:48:47Z,62396,1433516,4314021888,16287023104,470639068,9764533939,34815202995,8676349,1001,0,0,0,0,0,1004,0,0,0,0,0,0,0,0,0,13260049,13260154,13260460,0,0,0,0
2026-08-06T04:53:52Z,62972,1433516,4367781888,16233263104,524392970,9764492979,34815202995,8726459,1001,0,0,0,0,0,1003,0,0,0,0,0,0,0,0,0,13310201,13310320,13314329,0,0,0,0
2026-08-06T04:59:20Z,60772,1433516,4321054720,16279990272,477663005,9764296371,34815202995,8780636,1002,0,0,0,0,0,1003,0,0,0,0,0,0,0,0,0,13364305,13364442,13368426,0,0,0,0
2026-08-06T05:04:48Z,62576,1433516,4378284032,16222760960,534893457,9764148915,34815202995,147977,999,0,0,0,0,0,995,0,0,0,0,0,0,0,0,0,10085518,9935268,9689406,0,0,0,0
2026-08-06T05:10:44Z,61472,1433516,4336222208,16264822784,492825789,6661838515,34815202995,206436,998,0,0,0,0,0,997,0,0,0,0,0,0,0,0,0,6374998,6153194,5967068,0,0,0,0
2026-08-06T05:16:56Z,62276,1433516,4296445952,16304599040,453042595,6732904115,34815202995,267014,1000,0,0,0,0,0,997,0,0,0,0,0,0,0,0,0,4823514,4824621,4829426,0,0,0,0
2026-08-06T05:22:49Z,61444,1433516,4357042176,16244002816,513639493,6689658547,33232582323,323469,1000,0,0,0,0,0,998,0,0,0,0,0,0,0,0,0,4879946,4881316,4887668,0,0,0,0
2026-08-06T05:29:00Z,64008,1433516,4313837568,16287207424,470430199,6693992115,30951372467,380832,1003,0,0,0,0,0,984,0,0,0,0,0,0,0,0,0,4937343,4937374,4937752,0,0,0,0
2026-08-06T05:34:05Z,60824,1433516,4367695872,16233349120,524282764,6688806579,21439526579,430967,1002,0,0,0,0,0,1002,0,0,0,0,0,0,0,0,0,4987447,4987484,4989056,0,0,0,0
2026-08-06T05:39:23Z,63164,1433516,4317970432,16283074560,474554225,6687618739,21439526579,482370,999,0,0,0,0,0,999,0,0,0,0,0,0,0,0,0,5038846,5038877,5039008,0,0,0,0
2026-08-06T05:44:25Z,61184,1433516,4371681280,16229363712,528258742,6688814771,21439526579,532425,999,0,0,0,0,0,996,0,0,0,0,0,0,0,0,0,5088905,5088939,5089492,0,0,0,0
2026-08-06T05:49:30Z,61432,1433516,4320862208,16280182784,477437367,6688773811,21439526579,582801,999,0,0,0,0,0,995,0,0,0,0,0,0,0,0,0,5139278,5139316,5139570,0,0,0,0
2026-08-06T05:54:33Z,60696,1433516,4374675456,16226369536,531247956,6688822963,21439526579,632958,1000,0,0,0,0,0,1001,0,0,0,0,0,0,0,0,0,5189460,5189485,5190131,0,0,0,0
2026-08-06T05:59:39Z,60700,1433516,4323917824,16277127168,480483848,6684505779,21439526579,683380,1001,0,0,0,0,0,1000,0,0,0,0,0,0,0,0,0,5239851,5239891,5239996,0,0,0,0
2026-08-06T06:04:41Z,61160,1433516,4377595904,16223449088,534157801,6688765619,21439526579,733414,998,0,0,0,0,0,996,0,0,0,0,0,0,0,0,0,5289893,5289967,5290110,0,0,0,0
2026-08-06T06:09:43Z,61444,1433516,4325691392,16275353600,482582927,6690223795,21439526579,783083,997,0,0,0,0,0,998,0,0,0,0,0,0,0,0,0,5339573,5339630,5339772,0,0,0,0
2026-08-06T06:14:45Z,59108,1433516,4379394048,16221650944,536274876,6688765619,21439526579,833128,1001,0,0,0,0,0,1001,0,0,0,0,0,0,0,0,0,5389595,5389644,5389768,0,0,0,0
2026-08-06T06:19:47Z,60072,1433516,4328071168,16272973824,484952095,6688814771,21439526579,883026,998,0,0,0,0,0,999,0,0,0,0,0,0,0,0,0,5439500,5439565,5439704,0,0,0,0
2026-08-06T06:24:49Z,62672,1433516,4381700096,16219344896,538577497,6688773811,21439526579,933040,1000,0,0,0,0,0,1000,0,0,0,0,0,0,0,0,0,5489505,5489561,5489680,0,0,0,0
2026-08-06T06:29:51Z,60128,1433516,4330323968,16270721024,487199652,6688880307,21439526579,982878,1000,0,0,0,0,0,996,0,0,0,0,0,0,0,0,0,5539390,5539444,5540080,0,0,0,0
2026-08-06T06:34:58Z,79648,1433516,4279525376,16321519616,436395957,6688847539,21439526579,1033360,832,0,0,0,0,0,730,0,0,0,0,0,0,0,0,0,5590018,5590104,5590353,0,0,0,0
2026-08-06T06:40:01Z,59936,1433516,4333563904,16267481088,490434488,6688847539,21439526579,1083669,1001,0,0,0,0,0,1001,0,0,0,0,0,0,0,0,0,5640135,5640224,5640433,0,0,0,0
2026-08-06T06:45:04Z,61264,1433516,4282388480,16318656512,439251687,6688519859,21439526579,1133734,996,0,0,0,0,0,994,0,0,0,0,0,0,0,0,0,5690221,5690296,5690421,0,0,0,0
2026-08-06T06:50:06Z,60520,1433516,4336070656,16264974336,492932299,6688765619,21439526579,1183776,1001,0,0,0,0,0,998,0,0,0,0,0,0,0,0,0,5740262,5740335,5740452,0,0,0,0
2026-08-06T06:55:08Z,62536,1433516,4284731392,16316313600,441588598,6690567859,21439526579,1233685,1000,0,0,0,0,0,999,0,0,0,0,0,0,0,0,0,5790261,5790324,5790667,0,0,0,0
2026-08-06T07:00:13Z,59752,1433516,4338909184,16262135808,495758695,6688863923,21439526579,1284177,999,0,0,0,0,0,999,0,0,0,0,0,0,0,0,0,5840658,5840738,5841058,0,0,0,0
2026-08-06T07:05:16Z,64088,1433516,4340666368,16260378624,444726371,6690633395,21439526579,1334362,999,0,0,0,0,0,998,0,0,0,0,0,0,0,0,0,5890846,5890946,5891049,0,0,0,0
2026-08-06T07:10:18Z,60952,1433516,4394258432,16206786560,498306518,6688765619,21439526579,1384305,999,0,0,0,0,0,999,0,0,0,0,0,0,0,0,0,5940784,5940880,5941017,0,0,0,0
2026-08-06T07:15:21Z,60048,1433516,4343046144,16257998848,447099178,6688814771,21439526579,1434344,1002,0,0,0,0,0,1002,0,0,0,0,0,0,0,0,0,5990826,5990903,5991032,0,0,0,0
2026-08-06T07:20:23Z,59592,1433516,4396732416,16204312576,500776739,6686996147,21439526579,1484377,1000,0,0,0,0,0,997,0,0,0,0,0,0,0,0,0,6040858,6040959,6041274,0,0,0,0
2026-08-06T07:25:27Z,61592,1433516,4345720832,16255324160,449768305,6687987379,21439526579,1534598,997,0,0,0,0,0,994,0,0,0,0,0,0,0,0,0,6091151,6091735,6092163,0,0,0,0
2026-08-06T07:30:35Z,61044,1433516,4400476160,16200568832,504516223,6690813619,21439526579,1585630,999,0,0,0,0,0,999,0,0,0,0,0,0,0,0,0,6142106,6142672,6142901,0,0,0,0
2026-08-06T07:35:41Z,60520,1433516,4349800448,16251244544,453839820,6688798387,21439526579,1636161,998,0,0,0,0,0,996,0,0,0,0,0,0,0,0,0,6192659,6192719,6193868,0,0,0,0
2026-08-06T07:40:52Z,60944,1433516,4404600832,16196444160,508637643,6686144179,21439526579,1687236,1000,0,0,0,0,0,999,0,0,0,0,0,0,0,0,0,6243725,6243756,6244711,0,0,0,0
2026-08-06T07:45:59Z,61732,1433516,4353900544,16247144448,457932228,6688757427,21439526579,1737734,1002,0,0,0,0,0,999,0,0,0,0,0,0,0,0,0,6294207,6294239,6294362,0,0,0,0
2026-08-06T07:51:01Z,59800,1433516,4407554048,16193490944,511584529,6688814771,21439526579,1787729,999,0,0,0,0,0,998,0,0,0,0,0,0,0,0,0,6344211,6344273,6344404,0,0,0,0
2026-08-06T07:56:04Z,61176,1433516,4356349952,16244695040,460379112,6688855731,21439526579,1837766,997,0,0,0,0,0,995,0,0,0,0,0,0,0,0,0,6394266,6394308,6394488,0,0,0,0
2026-08-06T08:01:06Z,61704,1433516,4410216448,16190828544,514231149,6687667891,21439526579,1887964,998,0,0,0,0,0,998,0,0,0,0,0,0,0,0,0,6444438,6444473,6444981,0,0,0,0
2026-08-06T08:06:11Z,61856,1433516,4359487488,16241557504,463502796,6688708275,21439526579,1938450,1000,0,0,0,0,0,997,0,0,0,0,0,0,0,0,0,6494994,6495047,6495149,0,0,0,0
2026-08-06T08:11:14Z,60520,1433516,4413255680,16187789312,517272189,6688863923,21439526579,1988579,999,0,0,0,0,0,998,0,0,0,0,0,0,0,0,0,6545076,6545123,6545232,0,0,0,0
2026-08-06T08:16:16Z,61944,1433516,4361904128,16239140864,465912286,6688773811,21439526579,2038461,998,0,0,0,0,0,996,0,0,0,0,0,0,0,0,0,6594952,6594996,6595109,0,0,0,0
2026-08-06T08:21:18Z,60928,1433516,4415401984,16185643008,519411494,6690543283,21439526579,2088331,1002,0,0,0,0,0,1002,0,0,0,0,0,0,0,0,0,6644812,6644874,6645000,0,0,0,0
2026-08-06T08:26:20Z,60952,1433516,4364075008,16236969984,468076185,6688847539,21439526579,2138270,1000,0,0,0,0,0,997,0,0,0,0,0,0,0,0,0,6694758,6694826,6694914,0,0,0,0
2026-08-06T08:31:22Z,62020,1433516,4417642496,16183402496,521645488,6688872115,21439526579,2188227,1000,0,0,0,0,0,998,0,0,0,0,0,0,0,0,0,6744713,6744774,6744896,0,0,0,0
2026-08-06T08:36:25Z,60256,1433516,4366299136,16234745856,470289066,6688773811,21439526579,2238111,1001,0,0,0,0,0,1001,0,0,0,0,0,0,0,0,0,6794599,6794668,6794798,0,0,0,0
2026-08-06T08:41:27Z,60592,1433516,4420046848,16180998144,524040086,6688806579,21439526579,2288212,997,0,0,0,0,0,995,0,0,0,0,0,0,0,0,0,6844701,6844771,6844901,0,0,0,0
2026-08-06T08:46:29Z,60844,1433516,4385566720,16215478272,472777010,6688814771,21439526579,2338185,998,0,0,0,0,0,998,0,0,0,0,0,0,0,0,0,6894671,6894736,6894878,0,0,0,0
2026-08-06T08:51:32Z,60056,1433516,4439224320,16161820672,526434015,6688822963,21439526579,2388214,998,0,0,0,0,0,998,0,0,0,0,0,0,0,0,0,6944733,6944821,6945460,0,0,0,0
2026-08-06T08:56:37Z,60436,1433516,4388425728,16212619264,475626743,6688839347,21439526579,2438626,1001,0,0,0,0,0,1000,0,0,0,0,0,0,0,0,0,6995109,6995194,6995505,0,0,0,0
2026-08-06T09:01:41Z,61236,1433516,4442324992,16158720000,529524544,6687921843,21439526579,2488875,997,0,0,0,0,0,995,0,0,0,0,0,0,0,0,0,7045370,7045455,7045729,0,0,0,0
2026-08-06T09:06:45Z,61468,1433516,4391292928,16209752064,478492278,6687938227,21439526579,2539051,1000,0,0,0,0,0,998,0,0,0,0,0,0,0,0,0,7095532,7095629,7095812,0,0,0,0
2026-08-06T09:11:47Z,60908,1433516,4445032448,16156012544,532232157,6688798387,21439526579,2589147,1002,0,0,0,0,0,1002,0,0,0,0,0,0,0,0,0,7145630,7145733,7145883,0,0,0,0
2026-08-06T09:16:50Z,63676,1433516,4393836544,16207208448,481022389,6688659123,21439526579,2639180,995,0,0,0,0,0,995,0,0,0,0,0,0,0,0,0,7195676,7195752,7195875,0,0,0,0
2026-08-06T09:21:53Z,61328,1433516,4447465472,16153579520,534650078,6687733427,21439526579,2689154,1001,0,0,0,0,0,1000,0,0,0,0,0,0,0,0,0,7245648,7245745,7245893,0,0,0,0
2026-08-06T09:26:55Z,62656,1433516,4396199936,16204845056,483388273,6690526899,21439526579,2739108,1001,0,0,0,0,0,1002,0,0,0,0,0,0,0,0,0,7295596,7295692,7295819,0,0,0,0
2026-08-06T09:31:58Z,63400,1433516,4450004992,16151040000,537187233,6688855731,21439526579,2789255,1000,0,0,0,0,0,1000,0,0,0,0,0,0,0,0,0,7345741,7345845,7346055,0,0,0,0
2026-08-06T09:37:01Z,62360,1433516,4398931968,16202113024,486113955,6688847539,21439526579,2839415,996,0,0,0,0,0,990,0,0,0,0,0,0,0,0,0,7395941,7396501,7396664,0,0,0,0
2026-08-06T09:42:07Z,61492,1433516,4453154816,16147890176,540326819,6688765619,21439526579,2889939,999,0,0,0,0,0,998,0,0,0,0,0,0,0,0,0,7446430,7447363,7448345,0,0,0,0
2026-08-06T09:47:21Z,64708,1433516,4403589120,16197455872,490761007,6688724659,21439526579,2941489,996,0,0,0,0,0,991,0,0,0,0,0,0,0,0,0,7497986,7498098,7499438,0,0,0,0
2026-08-06T09:52:32Z,62352,1433516,4353892352,16247152640,441053764,6690911923,21439526579,2992891,997,0,0,0,0,0,996,0,0,0,0,0,0,0,0,0,7549424,7551041,7552056,0,0,0,0
2026-08-06T09:57:50Z,63680,1433516,4410372096,16190672896,497534278,6688798387,21439526579,3045539,1000,0,0,0,0,0,1000,0,0,0,0,0,0,0,0,0,7602029,7602970,7603498,0,0,0,0
2026-08-06T10:03:00Z,61928,1433516,4360409088,16240635904,447562094,6688749235,21439526579,3096734,998,0,0,0,0,0,999,0,0,0,0,0,0,0,0,0,7653222,7653296,7653418,0,0,0,0
2026-08-06T10:08:03Z,63344,1433516,4414185472,16186859520,501336909,6688691891,21439526579,3146861,1000,0,0,0,0,0,997,0,0,0,0,0,0,0,0,0,7703353,7703943,7704194,0,0,0,0
2026-08-06T10:13:10Z,61520,1433516,4363874304,16237170688,451024562,6688724659,21439526579,3197743,1002,0,0,0,0,0,1001,0,0,0,0,0,0,0,0,0,7754227,7754269,7754408,0,0,0,0
2026-08-06T10:18:12Z,61300,1433516,4417572864,16183472128,504717645,6688749235,21439526579,3247797,999,0,0,0,0,0,999,0,0,0,0,0,0,0,0,0,7804288,7804338,7804486,0,0,0,0
2026-08-06T10:23:14Z,61440,1433516,4366196736,16234848256,453337557,6688773811,21439526579,3297708,1001,0,0,0,0,0,1001,0,0,0,0,0,0,0,0,0,7854199,7854254,7854379,0,0,0,0
2026-08-06T10:28:17Z,62096,1433516,4419960832,16181084160,507101309,6688839347,21439526579,3347824,999,0,0,0,0,0,998,0,0,0,0,0,0,0,0,0,7904310,7904378,7904568,0,0,0,0
2026-08-06T10:33:19Z,62240,1433516,4368805888,16232239104,455946931,6688495283,21439526579,3397854,1001,0,0,0,0,0,1000,0,0,0,0,0,0,0,0,0,7954352,7954425,7954734,0,0,0,0
2026-08-06T10:38:23Z,60144,1433516,4422672384,16178372608,509806621,6688839347,21439526579,3448056,1000,0,0,0,0,0,1001,0,0,0,0,0,0,0,0,0,8004554,8004644,8004979,0,0,0,0
2026-08-06T10:43:27Z,62064,1433516,4371685376,16229359616,458820533,6687430323,21439526579,3498280,999,0,0,0,0,0,998,0,0,0,0,0,0,0,0,0,8054785,8054840,8054985,0,0,0,0
2026-08-06T10:48:29Z,59808,1433516,4425404416,16175640576,512528564,6688831155,21439526579,3548338,1001,0,0,0,0,0,1000,0,0,0,0,0,0,0,0,0,8104855,8104910,8105054,0,0,0,0
2026-08-06T10:53:32Z,61708,1433516,4374114304,16226930688,461238442,6688872115,21439526579,3598276,999,0,0,0,0,0,1000,0,0,0,0,0,0,0,0,0,8154777,8154852,8155109,0,0,0,0
2026-08-06T10:58:35Z,61144,1433516,4428087296,16172957696,515207167,6688880307,21439526579,3648579,1002,0,0,0,0,0,1002,0,0,0,0,0,0,0,0,0,8205078,8205146,8205440,0,0,0,0
2026-08-06T11:03:39Z,62400,1433516,4377116672,16223928320,464240102,6688822963,21480904371,3698815,1000,0,0,0,0,0,1001,0,0,0,0,0,0,0,0,0,8255381,8255463,8255614,0,0,0,0
2026-08-06T11:08:42Z,60764,1433516,4431015936,16170029056,518133474,6688765619,21535225523,3749053,998,0,0,0,0,0,997,0,0,0,0,0,0,0,0,0,8305615,8305699,8305859,0,0,0,0
2026-08-06T11:13:45Z,61860,1433516,4379910144,16221134848,467027703,6688822963,21593675443,3799156,998,0,0,0,0,0,997,0,0,0,0,0,0,0,0,0,8355657,8355733,8355892,0,0,0,0
2026-08-06T11:18:48Z,59460,1433516,4433625088,16167419904,520740408,6688880307,21652166323,3849223,997,0,0,0,0,0,993,0,0,0,0,0,0,0,0,0,8405736,8405827,8406009,0,0,0,0
2026-08-06T11:23:51Z,60112,1433516,4382453760,16218591232,469565022,6688143027,21710608051,3899263,998,0,0,0,0,0,996,0,0,0,0,0,0,0,0,0,8455773,8455845,8455987,0,0,0,0
2026-08-06T11:28:53Z,60872,1433516,4436148224,16164896768,523256437,6687831731,21769017011,3949318,998,0,0,0,0,0,998,0,0,0,0,0,0,0,0,0,8505817,8505905,8506070,0,0,0,0
2026-08-06T11:33:56Z,60504,1433516,4384952320,16216092672,472057606,6688822963,21827491507,3999329,1000,0,0,0,0,0,996,0,0,0,0,0,0,0,0,0,8555856,8555965,8556104,0,0,0,0
2026-08-06T11:38:59Z,60100,1433516,4438597632,16162447360,525700510,6688208563,21885867699,4049348,1001,0,0,0,0,0,1001,0,0,0,0,0,0,0,0,0,8605860,8605941,8606195,0,0,0,0
2026-08-06T11:44:02Z,60580,1433516,4387594240,16213450752,474691422,6688831155,21944481459,4099533,998,0,0,0,0,0,993,0,0,0,0,0,0,0,0,0,8656053,8656157,8656376,0,0,0,0
2026-08-06T11:49:06Z,60476,1433516,4441542656,16159502336,528638240,6688888499,22003201715,4149817,1000,0,0,0,0,0,999,0,0,0,0,0,0,0,0,0,8706318,8706427,8706657,0,0,0,0
2026-08-06T11:54:09Z,61232,1433516,4390555648,16210489344,477643898,6688814771,22061881011,4200042,1000,0,0,0,0,0,1000,0,0,0,0,0,0,0,0,0,8756571,8756654,8756816,0,0,0,0
2026-08-06T11:59:12Z,59804,1433516,4444549120,16156495872,531638484,6688822963,22120642227,4250373,997,0,0,0,0,0,996,0,0,0,0,0,0,0,0,0,8806881,8807491,8808413,0,0,0,0
2026-08-06T12:04:24Z,60808,1433516,4395024384,16206020608,482107143,6688855731,22180918963,4301944,998,0,0,0,0,0,998,0,0,0,0,0,0,0,0,0,8858456,8859151,8859897,0,0,0,0
2026-08-06T12:09:34Z,59864,1433516,4450164736,16150880256,537240497,6688806579,22240892595,4353332,1000,0,0,0,0,0,1000,0,0,0,0,0,0,0,0,0,8909852,8909940,8911008,0,0,0,0
2026-08-06T12:14:43Z,60144,1433516,4400091136,16200953856,487164071,6688806579,22300530355,4404391,999,0,0,0,0,0,995,0,0,0,0,0,0,0,0,0,8960898,8961020,8961291,0,0,0,0
2026-08-06T12:19:47Z,90512,1433516,4349001728,16252043264,436069446,6688806579,22359389875,4454569,989,0,0,0,0,0,982,0,0,0,0,0,0,0,0,0,9011150,9011241,9011542,0,0,0,0
2026-08-06T12:24:52Z,60232,1433516,4403232768,16197812224,490267706,6688863923,22418323123,4505020,985,0,0,0,0,0,963,0,0,0,0,0,0,0,0,0,9061579,9061848,9062012,0,0,0,0
2026-08-06T12:29:56Z,60756,1433516,4352442368,16248602624,439503604,6688511667,22477149875,4555444,996,0,0,0,0,0,994,0,0,0,0,0,0,0,0,0,9111972,9112312,9112501,0,0,0,0
2026-08-06T12:35:00Z,60028,1433516,4406599680,16194445312,493655421,6688880307,22536107699,4605919,1001,0,0,0,0,0,1001,0,0,0,0,0,0,0,0,0,9162422,9162534,9164258,0,0,0,0
2026-08-06T12:40:15Z,60844,1433516,4357386240,16243658752,444437797,6688757427,22596867763,4657790,999,0,0,0,0,0,999,0,0,0,0,0,0,0,0,0,9214447,9215193,9217272,0,0,0,0
2026-08-06T12:45:35Z,59904,1433516,4414238720,16186806272,501287576,6687798963,22658635443,4710777,997,0,0,0,0,0,994,0,0,0,0,0,0,0,0,0,9267305,9267708,9268170,0,0,0,0
2026-08-06T12:50:41Z,60572,1433516,4363784192,16237260800,450823902,6688749235,22717863603,4761496,1001,0,0,0,0,0,998,0,0,0,0,0,0,0,0,0,9318012,9318133,9318815,0,0,0,0
2026-08-06T12:55:48Z,60428,1433516,4418211840,16182833152,505253779,6688356019,22776247987,4812223,1000,0,0,0,0,0,1000,0,0,0,0,0,0,0,0,0,9368739,9368838,9369262,0,0,0,0
2026-08-06T13:00:54Z,60936,1433516,4367699968,16233345024,454730266,6687889075,22835410611,4862863,999,0,0,0,0,0,995,0,0,0,0,0,0,0,0,0,9419384,9419670,9420269,0,0,0,0
2026-08-06T13:06:02Z,62060,1433516,4422328320,16178716672,509357183,6688888499,22894974643,4913786,998,0,0,0,0,0,997,0,0,0,0,0,0,0,0,0,9470296,9470400,9472094,0,0,0,0
2026-08-06T13:11:14Z,61452,1433516,4372987904,16228057088,460011388,6688110259,22955472563,4965518,997,0,0,0,0,0,995,0,0,0,0,0,0,0,0,0,9522039,9522445,9522649,0,0,0,0
2026-08-06T13:16:20Z,59632,1433516,4427231232,16173813760,514250558,6690985651,23012415155,5016079,998,0,0,0,0,0,998,0,0,0,0,0,0,0,0,0,9572594,9573227,9573954,0,0,0,0
2026-08-06T13:21:29Z,60832,1433516,4377362432,16223682560,464376823,6688888499,23072298675,5067341,1002,0,0,0,0,0,1000,0,0,0,0,0,0,0,0,0,9623860,9623911,9624609,0,0,0,0
2026-08-06T13:26:37Z,60328,1433516,4432134144,16168910848,519150418,6688847539,23132051123,5118394,998,0,0,0,0,0,995,0,0,0,0,0,0,0,0,0,9674910,9674974,9675122,0,0,0,0
2026-08-06T13:31:40Z,61296,1433516,4381085696,16219959296,468093011,6688863923,23190640307,5168545,996,0,0,0,0,0,995,0,0,0,0,0,0,0,0,0,9725060,9725119,9725315,0,0,0,0
2026-08-06T13:36:43Z,59716,1433516,4434862080,16166182912,521866696,6688831155,23249172147,5218661,1000,0,0,0,0,0,1000,0,0,0,0,0,0,0,0,0,9775177,9775238,9775439,0,0,0,0
2026-08-06T13:41:46Z,61152,1433516,4383698944,16217346048,470703375,6688921267,23307687603,5268715,998,0,0,0,0,0,997,0,0,0,0,0,0,0,0,0,9825265,9825341,9825484,0,0,0,0
2026-08-06T13:46:48Z,59740,1433516,4437360640,16163684352,524361009,6688831155,23366063795,5318729,1000,0,0,0,0,0,1000,0,0,0,0,0,0,0,0,0,9875241,9875302,9875442,0,0,0,0
2026-08-06T13:51:51Z,62156,1433516,4386238464,16214806528,473236625,6688888499,23424595635,5368825,999,0,0,0,0,0,997,0,0,0,0,0,0,0,0,0,9925347,9925424,9925589,0,0,0,0
2026-08-06T13:56:54Z,60556,1433516,4440068096,16160976896,527061951,6688732851,23483160243,5418995,998,0,0,0,0,0,996,0,0,0,0,0,0,0,0,0,9975509,9975575,9975738,0,0,0,0
2026-08-06T14:01:57Z,62016,1433516,4388888576,16212156416,475884974,6688888499,23541626547,5469034,1000,0,0,0,0,0,1001,0,0,0,0,0,0,0,0,0,10025570,10025619,10026129,0,0,0,0
2026-08-06T14:07:03Z,62932,1433516,4443148288,16157896704,530141044,6688888499,23600666291,5519612,1000,0,0,0,0,0,999,0,0,0,0,0,0,0,0,0,10076139,10076206,10076724,0,0,0,0
2026-08-06T14:12:08Z,61116,1433516,4392374272,16208670720,479359856,6692026035,23659484851,5569997,1002,0,0,0,0,0,1001,0,0,0,0,0,0,0,0,0,10126516,10126614,10126947,0,0,0,0
2026-08-06T14:17:12Z,59896,1433516,4446392320,16154652672,533374917,6688773811,23718311603,5620353,1000,0,0,0,0,0,1000,0,0,0,0,0,0,0,0,0,10176872,10176961,10177151,0,0,0,0
2026-08-06T14:22:16Z,59976,1433516,4395319296,16205725696,482295628,6688822963,23776827059,5670481,1001,0,0,0,0,0,998,0,0,0,0,0,0,0,0,0,10227016,10227121,10227396,0,0,0,0
2026-08-06T14:27:19Z,61016,1433516,4449333248,16151711744,536304130,6688904883,23835645619,5720838,1001,0,0,0,0,0,996,0,0,0,0,0,0,0,0,0,10277364,10277436,10278318,0,0,0,0
2026-08-06T14:32:27Z,60696,1433516,4399120384,16201924608,486081629,6688831155,23895127731,5771756,997,0,0,0,0,0,997,0,0,0,0,0,0,0,0,0,10328263,10328355,10329566,0,0,0,0
2026-08-06T14:37:37Z,85764,1433516,4349132800,16251912192,436096361,6688831155,23955134131,5822960,999,0,0,0,0,0,998,0,0,0,0,0,0,0,0,0,10379570,10379644,10380922,0,0,0,0
2026-08-06T14:42:49Z,60824,1433516,4404535296,16196509696,491493835,6687012531,24015394483,5874549,999,0,0,0,0,0,997,0,0,0,0,0,0,0,0,0,10431075,10431171,10431893,0,0,0,0
2026-08-06T14:47:56Z,61048,1433516,4354240512,16246804480,441198012,6688954035,24074753715,5925402,998,0,0,0,0,0,998,0,0,0,0,0,0,0,0,0,10481921,10482017,10482260,0,0,0,0
2026-08-06T14:52:59Z,62764,1433516,4408233984,16192811008,495182944,6688954035,24133605043,5975740,1002,0,0,0,0,0,1002,0,0,0,0,0,0,0,0,0,10532256,10532355,10532546,0,0,0,0
2026-08-06T14:58:02Z,60704,1433516,4357136384,16243908608,444086307,6688700083,24192112307,6025842,1001,0,0,0,0,0,1000,0,0,0,0,0,0,0,0,0,10582376,10582481,10582658,0,0,0,0
2026-08-06T15:03:06Z,61124,1433516,4411068416,16189976576,498014457,6688822963,24250791603,6076117,1000,0,0,0,0,0,999,0,0,0,0,0,0,0,0,0,10632637,10632741,10632947,0,0,0,0
2026-08-06T15:08:09Z,63600,1433516,4359962624,16241082368,446914084,6688765619,24309388979,6126227,997,0,0,0,0,0,996,0,0,0,0,0,0,0,0,0,10682753,10682854,10683120,0,0,0,0
2026-08-06T15:13:13Z,61400,1433516,4413980672,16187064320,500920872,6688757427,24368248499,6176569,996,0,0,0,0,0,995,0,0,0,0,0,0,0,0,0,10733111,10733219,10733418,0,0,0,0
2026-08-06T15:18:17Z,63020,1433516,4362932224,16238112768,449877917,6688863923,24426870451,6226729,1000,0,0,0,0,0,998,0,0,0,0,0,0,0,0,0,10783240,10783366,10783574,0,0,0,0
2026-08-06T15:23:20Z,62264,1433516,4416843776,16184201216,503785058,6688880307,24485533363,6276977,999,0,0,0,0,0,1000,0,0,0,0,0,0,0,0,0,10833512,10833873,10834147,0,0,0,0
2026-08-06T15:28:26Z,62984,1433516,4366192640,16234852352,453135173,6684194483,24544564915,6327511,999,0,0,0,0,0,997,0,0,0,0,0,0,0,0,0,10884034,10884555,10885257,0,0,0,0
2026-08-06T15:33:35Z,61928,1433516,4421066752,16179978240,508002837,6687372979,24604350131,6378647,1001,0,0,0,0,0,1000,0,0,0,0,0,0,0,0,0,10935159,10935355,10936628,0,0,0,0
2026-08-06T15:38:45Z,60864,1433516,4371390464,16229654528,458319820,6688822963,24664487603,6430073,1002,0,0,0,0,0,1003,0,0,0,0,0,0,0,0,0,10986608,10986738,10987483,0,0,0,0
2026-08-06T15:43:54Z,60080,1433516,4426252288,16174792704,513180464,6688888499,24724231859,6481211,997,0,0,0,0,0,994,0,0,0,0,0,0,0,0,0,11037770,11037904,11038728,0,0,0,0
2026-08-06T15:49:01Z,60556,1433516,4375973888,16225071104,462899828,6688863923,24783541939,6532081,1001,0,0,0,0,0,1000,0,0,0,0,0,0,0,0,0,11088609,11088771,11090133,0,0,0,0
2026-08-06T15:54:13Z,61524,1433516,4431441920,16169603072,518362798,6688888499,24843941555,6583787,1001,0,0,0,0,0,1001,0,0,0,0,0,0,0,0,0,11140325,11140478,11140993,0,0,0,0
2026-08-06T15:59:19Z,60992,1433516,4380839936,16220205056,467753454,6688773811,24903038643,6634338,993,0,0,0,0,0,992,0,0,0,0,0,0,0,0,0,11190875,11191767,11193424,0,0,0,0
2026-08-06T16:04:37Z,60628,1433516,4437303296,16163741696,524218087,6688888499,24964495027,6686979,1000,0,0,0,0,0,1001,0,0,0,0,0,0,0,0,0,11243509,11244396,11247321,0,0,0,0
2026-08-06T16:10:04Z,61544,1433516,4390440960,16210604032,477345352,6688724659,25027671731,6741015,997,0,0,0,0,0,994,0,0,0,0,0,0,0,0,0,11297552,11298473,11300860,0,0,0,0
2026-08-06T16:15:28Z,59940,1433516,4448112640,16152932352,535009739,6688872115,25090487987,6794768,1001,0,0,0,0,0,1001,0,0,0,0,0,0,0,0,0,11351329,11352235,11354681,0,0,0,0
2026-08-06T16:20:53Z,61340,1433516,4400840704,16200204288,487738138,6688814771,25153148595,6848447,1000,0,0,0,0,0,1000,0,0,0,0,0,0,0,0,0,11404984,11405916,11408356,0,0,0,0
2026-08-06T16:26:18Z,61644,1433516,4353638400,16247406592,440536585,6688790195,25215989427,6902177,1003,0,0,0,0,0,1003,0,0,0,0,0,0,0,0,0,11458737,11459687,11462156,0,0,0,0
2026-08-06T16:31:43Z,59916,1433516,4411265024,16189779968,498156493,6688880307,25278822067,6955896,1003,0,0,0,0,0,1002,0,0,0,0,0,0,0,0,0,11512459,11513390,11515844,0,0,0,0
2026-08-06T16:37:08Z,60444,1433516,4364140544,16236904448,451029291,6688937651,25341605555,7009701,1000,0,0,0,0,0,998,0,0,0,0,0,0,0,0,0,11566262,11567062,11569460,0,0,0,0
2026-08-06T16:42:31Z,60524,1433516,4421660672,16179384320,508548353,6688839347,25402103475,7063312,1003,0,0,0,0,0,1004,0,0,0,0,0,0,0,0,0,11619860,11620685,11623146,0,0,0,0
2026-08-06T16:47:56Z,60424,1433516,4374290432,16226754560,461172367,6688773811,25464755891,7116902,1002,0,0,0,0,0,1001,0,0,0,0,0,0,0,0,0,11673450,11674437,11676951,0,0,0,0
2026-08-06T16:53:22Z,59504,1433516,4432019456,16169025536,518902790,6688798387,25527555763,7170708,998,0,0,0,0,0,997,0,0,0,0,0,0,0,0,0,11727199,11728286,11730853,0,0,0,0
2026-08-06T16:58:48Z,60368,1433516,4385046528,16215998464,471923373,6688855731,25590781619,7224654,997,0,0,0,0,0,996,0,0,0,0,0,0,0,0,0,11781331,11782434,11784976,0,0,0,0
2026-08-06T17:04:15Z,59912,1433516,4443279360,16157765632,530150734,6688904883,25654064819,7278932,998,0,0,0,0,0,998,0,0,0,0,0,0,0,0,0,11835515,11836608,11839159,0,0,0,0
2026-08-06T17:09:42Z,61152,1433516,4396306432,16204738560,483172502,6687848115,25713039027,7332872,1002,0,0,0,0,0,1001,0,0,0,0,0,0,0,0,0,11889433,11890346,11893864,0,0,0,0
2026-08-06T17:15:13Z,63588,1433516,4350160896,16250884096,437026264,6686865075,25777411763,2003582,1001,0,0,0,0,0,997,0,0,0,0,0,0,0,0,0,11944406,11945411,11948471,0,0,0,0
2026-08-06T17:20:47Z,60724,1433516,4409311232,16191733760,496172412,5934896819,25841407667,162436,1000,0,0,0,0,0,999,0,0,0,0,0,0,0,0,0,11803197,11800191,11789846,0,0,0,0
2026-08-06T17:26:18Z,61288,1433516,4363145216,16237899776,450004213,5932439219,25905313459,217112,995,0,0,0,0,0,995,0,0,0,0,0,0,0,0,0,11644861,11644923,11638149,0,0,0,0
2026-08-06T17:31:37Z,59756,1433516,4419764224,16181280768,506620540,5936961203,25966982835,269882,998,0,0,0,0,0,997,0,0,0,0,0,0,0,0,0,11491619,11491712,11487948,0,0,0,0
2026-08-06T17:36:47Z,60828,1433516,4369879040,16231165952,456734467,5937665715,26026874547,321130,998,0,0,0,0,0,998,0,0,0,0,0,0,0,0,0,11342874,11342956,11336800,0,0,0,0
2026-08-06T17:42:00Z,60820,1433516,4425490432,16175554560,512339944,5935355571,26087429811,372957,999,0,0,0,0,0,998,0,0,0,0,0,0,0,0,0,11192693,11192794,11191314,0,0,0,0
2026-08-06T17:47:05Z,60536,1433516,4374695936,16226349056,461543844,5933676211,26146231987,423341,997,0,0,0,0,0,995,0,0,0,0,0,0,0,0,0,11047083,11047185,11044836,0,0,0,0
2026-08-06T17:52:11Z,60148,1433516,4429058048,16171986944,515901066,5935191731,26205402803,474016,999,0,0,0,0,0,999,0,0,0,0,0,0,0,0,0,10900767,10900857,10899294,0,0,0,0
2026-08-06T17:57:16Z,60504,1433516,4378394624,16222650368,465236111,5934003891,26264336051,524529,998,0,0,0,0,0,997,0,0,0,0,0,0,0,0,0,10755266,10754363,10751410,0,0,0,0
2026-08-06T18:02:26Z,60848,1433516,4433321984,16167723008,520151188,5938591411,26324244147,575722,999,0,0,0,0,0,998,0,0,0,0,0,0,0,0,0,10607462,10607562,10601487,0,0,0,0
2026-08-06T18:07:40Z,60384,1433516,4384075776,16216969216,470903865,5935535795,26378958515,627563,999,0,0,0,0,0,999,0,0,0,0,0,0,0,0,0,10458301,10455201,10452379,0,0,0,0
2026-08-06T18:12:54Z,61156,1433516,4439810048,16161234944,526638764,5944407731,26432353971,679503,998,0,0,0,0,0,995,0,0,0,0,0,0,0,0,0,10309258,10308397,10306891,0,0,0,0
2026-08-06T18:18:00Z,60884,1433516,4389339136,16211705856,476160881,5938755251,26484356787,730188,995,0,0,0,0,0,994,0,0,0,0,0,0,0,0,0,10163954,10163088,10161765,0,0,0,0
2026-08-06T18:23:08Z,60220,1433516,4443889664,16157155328,530710914,5935101619,26536449715,781018,998,0,0,0,0,0,997,0,0,0,0,0,0,0,0,0,10017763,10015696,10008965,0,0,0,0
2026-08-06T18:28:28Z,60972,1433516,4395925504,16205119488,482745633,5935240883,26591016627,834066,996,0,0,0,0,0,993,0,0,0,0,0,0,0,0,0,9865824,9863026,9860888,0,0,0,0
2026-08-06T18:33:46Z,60704,1433516,4452409344,16148635648,539221334,5935167155,26612004531,886689,997,0,0,0,0,0,995,0,0,0,0,0,0,0,0,0,9713462,9711180,9708924,0,0,0,0
2026-08-06T18:38:57Z,59356,1433516,4402647040,16198397952,489455737,5935101619,26612004531,938039,998,0,0,0,0,0,996,0,0,0,0,0,0,0,0,0,9563794,9563886,9563992,0,0,0,0
2026-08-06T18:44:00Z,62320,1433516,4351541248,16249503744,438345920,5933962931,26612004531,988142,992,0,0,0,0,0,988,0,0,0,0,0,0,0,0,0,9418909,9418987,9418092,0,0,0,0
2026-08-06T18:49:03Z,59684,1433516,4405297152,16195747840,492090901,5935093427,26612004531,1038236,996,0,0,0,0,0,995,0,0,0,0,0,0,0,0,0,9273989,9274076,9272585,0,0,0,0
2026-08-06T18:54:08Z,63496,1433516,4354580480,16246464512,441376330,5935027891,26612004531,1088703,999,0,0,0,0,0,999,0,0,0,0,0,0,0,0,0,9128449,9128555,9127900,0,0,0,0
2026-08-06T18:59:12Z,60664,1433516,4408651776,16192393216,495445324,5933078195,26612004531,1139113,997,0,0,0,0,0,996,0,0,0,0,0,0,0,0,0,8984891,8984007,8983370,0,0,0,0
2026-08-06T19:04:17Z,62272,1433516,4357779456,16243265536,444568675,5933127347,26612004531,1189430,998,0,0,0,0,0,996,0,0,0,0,0,0,0,0,0,8840169,8840295,8839458,0,0,0,0
2026-08-06T19:09:20Z,60020,1433516,4411723776,16189321216,498507473,5935273651,26612004531,1239701,998,0,0,0,0,0,996,0,0,0,0,0,0,0,0,0,8696454,8695642,8695758,0,0,0,0
2026-08-06T19:14:23Z,62168,1433516,4360630272,16240414720,447412268,5935257267,26612004531,1289823,998,0,0,0,0,0,995,0,0,0,0,0,0,0,0,0,8550574,8549636,8549784,0,0,0,0
2026-08-06T19:19:25Z,62180,1433516,4414484480,16186560512,501262954,5935191731,26612004531,1340010,995,0,0,0,0,0,994,0,0,0,0,0,0,0,0,0,8404763,8404858,8403937,0,0,0,0
2026-08-06T19:24:27Z,62548,1433516,4363186176,16237858816,449967953,5938394803,26612004531,1389939,996,0,0,0,0,0,994,0,0,0,0,0,0,0,0,0,8259763,8259844,8259944,0,0,0,0
2026-08-06T19:29:30Z,62044,1433516,4416991232,16184053760,503766093,5935085235,26612004531,1440095,999,0,0,0,0,0,996,0,0,0,0,0,0,0,0,0,8115850,8114946,8115075,0,0,0,0
2026-08-06T19:34:32Z,62600,1433516,4365832192,16235212800,452604362,5935232691,26612004531,1490146,996,0,0,0,0,0,992,0,0,0,0,0,0,0,0,0,7970913,7971025,7970176,0,0,0,0
2026-08-06T19:39:35Z,62080,1433516,4419526656,16181518336,506296757,5935257267,26612004531,1540189,995,0,0,0,0,0,993,0,0,0,0,0,0,0,0,0,7826955,7827036,7827146,0,0,0,0
2026-08-06T19:44:38Z,61904,1433516,4368334848,16232710144,455107502,5933037235,26612004531,1590220,998,0,0,0,0,0,998,0,0,0,0,0,0,0,0,0,7683969,7684044,7683188,0,0,0,0
2026-08-06T19:49:40Z,62316,1433516,4421910528,16179134464,508675651,5935183539,26612004531,1640159,996,0,0,0,0,0,995,0,0,0,0,0,0,0,0,0,7538915,7538968,7538131,0,0,0,0
2026-08-06T19:54:44Z,61880,1433516,4370948096,16230096896,457711972,5935216307,26612004531,1690388,996,0,0,0,0,0,993,0,0,0,0,0,0,0,0,0,7392166,7392229,7391481,0,0,0,0
2026-08-06T19:59:47Z,64260,1433516,4424794112,16176250880,511546842,5938714291,26612004531,1740574,995,0,0,0,0,0,989,0,0,0,0,0,0,0,0,0,7246414,7246477,7246557,0,0,0,0
2026-08-06T20:04:50Z,63140,1433516,4373692416,16227352576,460445339,5935158963,26612004531,1790687,997,0,0,0,0,0,991,0,0,0,0,0,0,0,0,0,7101446,7101503,7101596,0,0,0,0
2026-08-06T20:09:52Z,62100,1433516,4427403264,16173641728,514149344,5935027891,26612004531,1840746,998,0,0,0,0,0,995,0,0,0,0,0,0,0,0,0,6957508,6957603,6956701,0,0,0,0
2026-08-06T20:14:55Z,60600,1433516,4376186880,16224858112,462930755,5933635251,26612004531,1890744,998,0,0,0,0,0,994,0,0,0,0,0,0,0,0,0,6813505,6813593,6812768,0,0,0,0
2026-08-06T20:19:58Z,60672,1433516,4430069760,16170975232,516803218,5933872819,26612004531,1940958,993,0,0,0,0,0,991,0,0,0,0,0,0,0,0,0,6669729,6669809,6668958,0,0,0,0
2026-08-06T20:25:00Z,60596,1433516,4378779648,16222265344,465508296,5933725363,26612004531,1990891,995,0,0,0,0,0,993,0,0,0,0,0,0,0,0,0,6643066,6643128,6643341,0,0,0,0
2026-08-06T20:30:07Z,62184,1433516,4433313792,16167731200,520043430,5935077043,26612004531,2041723,995,0,0,0,0,0,992,0,0,0,0,0,0,0,0,0,6693888,6693933,6693998,0,0,0,0
2026-08-06T20:35:09Z,61372,1433516,4382081024,16218963968,468800869,5932947123,26612004531,2091726,999,0,0,0,0,0,995,0,0,0,0,0,0,0,0,0,6743897,6743941,6743989,0,0,0,0
2026-08-06T20:40:11Z,61264,1433516,4435628032,16165416960,522346546,5935265459,26612004531,2141633,998,0,0,0,0,0,997,0,0,0,0,0,0,0,0,0,6793818,6793861,6793933,0,0,0,0
2026-08-06T20:45:13Z,62656,1433516,4384337920,16216707072,471056356,5935142579,26612004531,2191568,993,0,0,0,0,0,991,0,0,0,0,0,0,0,0,0,6843780,6843818,6843886,0,0,0,0
2026-08-06T20:50:15Z,62056,1433516,4437884928,16163160064,524603104,5935290035,26612004531,2241481,997,0,0,0,0,0,995,0,0,0,0,0,0,0,0,0,6893648,6893686,6893749,0,0,0,0
2026-08-06T20:55:17Z,60964,1433516,4386422784,16214622208,473133854,5935199923,26612004531,2291253,995,0,0,0,0,0,989,0,0,0,0,0,0,0,0,0,6943436,6943513,6943602,0,0,0,0
2026-08-06T21:00:19Z,60252,1433516,4440059904,16160985088,526771209,5938050739,26612004531,2341269,998,0,0,0,0,0,995,0,0,0,0,0,0,0,0,0,6993439,6993492,6995888,0,0,0,0
2026-08-06T21:05:35Z,60892,1433516,4391305216,16209739776,478010926,5935142579,26612004531,2393561,996,0,0,0,0,0,996,0,0,0,0,0,0,0,0,0,7045743,7045799,7048462,0,0,0,0
2026-08-06T21:11:00Z,62560,1433516,4456493056,16144551936,534812726,5935290035,26612004531,2446504,997,0,0,0,0,0,995,0,0,0,0,0,0,0,0,0,7098674,7098718,7100110,0,0,0,0
2026-08-06T21:16:11Z,61220,1433516,4406943744,16194101248,485250001,5935347379,26612004531,2498047,994,0,0,0,0,0,987,0,0,0,0,0,0,0,0,0,7150225,7150288,7151431,0,0,0,0
2026-08-06T21:21:20Z,59724,1433516,4461764608,16139280384,540064451,5935109811,26612004531,2549134,995,0,0,0,0,0,993,0,0,0,0,0,0,0,0,0,7201307,7201374,7201824,0,0,0,0
2026-08-06T21:26:24Z,61568,1433516,4410900480,16190144512,489201909,5934978739,26612004531,2599479,995,0,0,0,0,0,994,0,0,0,0,0,0,0,0,0,7251653,7251722,7251911,0,0,0,0
2026-08-06T21:31:29Z,62108,1433516,4359942144,16241102848,438246970,5936182963,26612004531,2649732,998,0,0,0,0,0,997,0,0,0,0,0,0,0,0,0,7301902,7301978,7302348,0,0,0,0
2026-08-06T21:36:33Z,60916,1433516,4413853696,16187191296,492145277,5933438643,26612004531,2699966,996,0,0,0,0,0,992,0,0,0,0,0,0,0,0,0,7352181,7352281,7352872,0,0,0,0
2026-08-06T21:41:38Z,62548,1433516,4363329536,16237715456,441618620,5935404723,26612004531,2750625,992,0,0,0,0,0,991,0,0,0,0,0,0,0,0,0,7402801,7402924,7403417,0,0,0,0
2026-08-06T21:46:43Z,60436,1433516,4417425408,16183619584,495714372,5935339187,26612004531,2801044,995,0,0,0,0,0,993,0,0,0,0,0,0,0,0,0,7453220,7453280,7454597,0,0,0,0
2026-08-06T21:51:54Z,61892,1433516,4367757312,16233287680,446043709,5935101619,26612004531,2852490,1000,0,0,0,0,0,997,0,0,0,0,0,0,0,0,0,7504673,7504746,7505169,0,0,0,0
2026-08-06T21:56:59Z,60096,1433516,4421881856,16179163136,500167901,5935265459,26612004531,2902943,999,0,0,0,0,0,999,0,0,0,0,0,0,0,0,0,7555115,7555235,7555424,0,0,0,0
2026-08-06T22:02:03Z,60392,1433516,4371017728,16230027264,449296679,5933749939,26612004531,2953277,997,0,0,0,0,0,993,0,0,0,0,0,0,0,0,0,7605447,7605534,7605887,0,0,0,0
2026-08-06T22:07:07Z,60464,1433516,4425076736,16175968256,503354807,5935216307,26612004531,3003682,1000,0,0,0,0,0,997,0,0,0,0,0,0,0,0,0,7655863,7655943,7656293,0,0,0,0
2026-08-06T22:12:11Z,60608,1433516,4374056960,16226988032,452330859,5935257267,26612004531,3053854,995,0,0,0,0,0,992,0,0,0,0,0,0,0,0,0,7706042,7706149,7706564,0,0,0,0
2026-08-06T22:17:15Z,59396,1433516,4428075008,16172969984,506341657,5935330995,26612004531,3104203,999,0,0,0,0,0,995,0,0,0,0,0,0,0,0,0,7756370,7756463,7756812,0,0,0,0
2026-08-06T22:22:19Z,60172,1433516,4377092096,16223952896,455357341,5935118003,26612004531,3154428,995,0,0,0,0,0,992,0,0,0,0,0,0,0,0,0,7806601,7806678,7807018,0,0,0,0
2026-08-06T22:27:23Z,61164,1433516,4431052800,16169992192,509316471,5935298227,26612004531,3204725,998,0,0,0,0,0,995,0,0,0,0,0,0,0,0,0,7856912,7857031,7858179,0,0,0,0
2026-08-06T22:32:32Z,60340,1433516,4380966912,16220078080,459221740,5933569715,26612004531,3255779,996,0,0,0,0,0,992,0,0,0,0,0,0,0,0,0,7907968,7908059,7908498,0,0,0,0
2026-08-06T22:37:37Z,60168,1433516,4435255296,16165789696,513500856,5934945971,26612004531,3306377,998,0,0,0,0,0,996,0,0,0,0,0,0,0,0,0,7958564,7958657,7958965,0,0,0,0
2026-08-06T22:42:42Z,62432,1433516,4384456704,16216588288,462704130,5935298227,26612004531,3356777,999,0,0,0,0,0,996,0,0,0,0,0,0,0,0,0,8008939,8009038,8009498,0,0,0,0
2026-08-06T22:47:47Z,59968,1433516,4438532096,16162512896,516773745,5935330995,26612004531,3407194,999,0,0,0,0,0,997,0,0,0,0,0,0,0,0,0,8059383,8059493,8060184,0,0,0,0
2026-08-06T22:52:53Z,60936,1433516,4387991552,16213053440,466239126,5935232691,26612004531,3457815,994,0,0,0,0,0,992,0,0,0,0,0,0,0,0,0,8109985,8110111,8110519,0,0,0,0
2026-08-06T22:57:57Z,61276,1433516,4442112000,16158932992,520357233,5938378419,26612004531,3508273,998,0,0,0,0,0,995,0,0,0,0,0,0,0,0,0,8160444,8160560,8161922,0,0,0,0
2026-08-06T23:03:07Z,61432,1433516,4392124416,16208920576,470367191,5935281843,26612004531,3559420,999,0,0,0,0,0,996,0,0,0,0,0,0,0,0,0,8211588,8211730,8212116,0,0,0,0
2026-08-06T23:08:14Z,60924,1433516,4446453760,16154591232,524691809,5935126195,26612004531,3610057,995,0,0,0,0,0,994,0,0,0,0,0,0,0,0,0,8262250,8262319,8262899,0,0,0,0
2026-08-06T23:13:19Z,60428,1433516,4395880448,16205164544,474114308,5935339187,26612004531,3660649,995,0,0,0,0,0,991,0,0,0,0,0,0,0,0,0,8312825,8312865,8312954,0,0,0,0
2026-08-06T23:18:21Z,61924,1433516,4449456128,16151588864,527687182,5933086387,26612004531,3710594,995,0,0,0,0,0,993,0,0,0,0,0,0,0,0,0,8362771,8362838,8362924,0,0,0,0
2026-08-06T23:23:24Z,61000,1433516,4398231552,16202813440,476462055,5935371955,26612004531,3760581,990,0,0,0,0,0,988,0,0,0,0,0,0,0,0,0,8412773,8412807,8412883,0,0,0,0
2026-08-06T23:28:26Z,60036,1433516,4452007936,16149037056,530235049,5933635251,26612004531,3810712,995,0,0,0,0,0,994,0,0,0,0,0,0,0,0,0,8462893,8462946,8463033,0,0,0,0
2026-08-06T23:33:28Z,60184,1433516,4400885760,16200159232,479109751,5935339187,26612004531,3860813,994,0,0,0,0,0,993,0,0,0,0,0,0,0,0,0,8513000,8513046,8513127,0,0,0,0
2026-08-06T23:38:30Z,60188,1433516,4454625280,16146419712,532846633,5935216307,26612004531,3910898,991,0,0,0,0,0,989,0,0,0,0,0,0,0,0,0,8563096,8563151,8563256,0,0,0,0
2026-08-06T23:43:32Z,60572,1433516,4403380224,16197664768,481600975,5935355571,26612004531,3960880,997,0,0,0,0,0,997,0,0,0,0,0,0,0,0,0,8613064,8613142,8615053,0,0,0,0
2026-08-06T23:48:55Z,60436,1433516,4459028480,16142016512,537242612,5935216307,26612004531,4012726,994,0,0,0,0,0,990,0,0,0,0,0,0,0,0,0,8664909,8664996,8668051,0,0,0,0
2026-08-06T23:54:29Z,60608,1433516,4411367424,16189677568,489576221,5935224499,26612004531,4066002,997,0,0,0,0,0,994,0,0,0,0,0,0,0,0,0,8718198,8718265,8720284,0,0,0,0
2026-08-06T23:59:54Z,61160,1433516,4362313728,16238731264,440523384,5934077619,26612004531,4117992,999,0,0,0,0,0,997,0,0,0,0,0,0,0,0,0,8770166,8770248,8770788,0,0,0,0
2026-08-07T00:05:00Z,61704,1433516,4416745472,16184299520,494768933,5935314611,26612004531,4168556,999,0,0,0,0,0,999,0,0,0,0,0,0,0,0,0,8820737,8820814,8823580,0,0,0,0
2026-08-07T00:10:29Z,61280,1433516,4368371712,16232673280,446396848,5938501299,26612004531,4221190,996,0,0,0,0,0,994,0,0,0,0,0,0,0,0,0,8873491,8873570,8873882,0,0,0,0
2026-08-07T00:15:35Z,60124,1433516,4422676480,16178368512,500699339,5935462067,26612004531,4271806,999,0,0,0,0,0,999,0,0,0,0,0,0,0,0,0,8923986,8924077,8925836,0,0,0,0
2026-08-07T00:20:58Z,61704,1433516,4373200896,16227844096,451221330,5935380147,26612004531,4323392,999,0,0,0,0,0,1001,0,0,0,0,0,0,0,0,0,8975585,8975663,8976168,0,0,0,0
2026-08-07T00:26:03Z,59920,1433516,4427431936,16173613056,505447362,5935347379,26612004531,4373942,999,0,0,0,0,0,999,0,0,0,0,0,0,0,0,0,9026120,9026224,9026843,0,0,0,0
2026-08-07T00:31:08Z,61040,1433516,4376805376,16224239616,454815395,5935363763,26612004531,4424498,1000,0,0,0,0,0,1001,0,0,0,0,0,0,0,0,0,9076685,9076776,9078533,0,0,0,0
2026-08-07T00:36:31Z,62396,1433516,4432195584,16168849408,510206417,5935240883,26612004531,4476107,999,0,0,0,0,0,1000,0,0,0,0,0,0,0,0,0,9128302,9128386,9129581,0,0,0,0
2026-08-07T00:41:40Z,61220,1433516,4382224384,16218820608,460230697,5935421107,26612004531,4527253,997,0,0,0,0,0,997,0,0,0,0,0,0,0,0,0,9179459,9179575,9179792,0,0,0,0
2026-08-07T00:46:44Z,61020,1433516,4436205568,16164839424,514209642,5935175347,26612004531,4577580,999,0,0,0,0,0,1000,0,0,0,0,0,0,0,0,0,9229769,9229865,9230175,0,0,0,0
2026-08-07T00:51:50Z,63464,1433516,4385554432,16215490560,463553204,5935290035,26612004531,4628122,998,0,0,0,0,0,999,0,0,0,0,0,0,0,0,0,9280322,9280433,9282131,0,0,0,0
2026-08-07T00:57:12Z,61216,1433516,4440903680,16160141312,518899665,5934995123,26612004531,4679672,1000,0,0,0,0,0,1000,0,0,0,0,0,0,0,0,0,9331868,9331977,9332429,0,0,0,0
2026-08-07T01:02:16Z,60596,1433516,4390113280,16210931712,468105928,5935355571,26612004531,4730056,999,0,0,0,0,0,996,0,0,0,0,0,0,0,0,0,9382265,9382363,9382773,0,0,0,0
2026-08-07T01:07:21Z,64788,1433516,4444143616,16156901376,522132293,5935347379,26612004531,4780460,1002,0,0,0,0,0,1002,0,0,0,0,0,0,0,0,0,9432652,9432745,9433431,0,0,0,0
2026-08-07T01:12:28Z,60296,1433516,4393697280,16207347712,471681703,5935404723,26612004531,4831146,1000,0,0,0,0,0,1001,0,0,0,0,0,0,0,0,0,9483341,9483461,9484656,0,0,0,0
2026-08-07T01:17:37Z,58756,1433516,4448718848,16152326144,526700606,5935355571,26612004531,4882433,1000,0,0,0,0,0,1000,0,0,0,0,0,0,0,0,0,9534633,9534742,9535132,0,0,0,0
2026-08-07T01:22:42Z,61624,1433516,4398067712,16202977280,476052985,5935314611,26612004531,4932972,999,0,0,0,0,0,998,0,0,0,0,0,0,0,0,0,9585164,9585294,9586739,0,0,0,0
2026-08-07T01:28:01Z,61056,1433516,4453146624,16147898368,531122201,5935281843,26612004531,4984289,999,0,0,0,0,0,998,0,0,0,0,0,0,0,0,0,9636489,9636601,9637211,0,0,0,0
2026-08-07T01:33:06Z,60224,1433516,4402343936,16198701056,480312995,5934405299,26612004531,5034665,1001,0,0,0,0,0,1003,0,0,0,0,0,0,0,0,0,9686887,9687053,9687492,0,0,0,0
2026-08-07T01:38:12Z,59712,1433516,4456722432,16144322560,534688845,5935429299,26612004531,5085356,999,0,0,0,0,0,996,0,0,0,0,0,0,0,0,0,9737567,9737679,9739311,0,0,0,0
2026-08-07T01:43:32Z,60080,1433516,4407123968,16193921024,485093202,5935257267,26612004531,5136845,1001,0,0,0,0,0,1000,0,0,0,0,0,0,0,0,0,9789078,9789220,9790459,0,0,0,0
2026-08-07T01:48:42Z,61464,1433516,4462272512,16138772480,540233490,5938411187,26612004531,5188234,998,0,0,0,0,0,996,0,0,0,0,0,0,0,0,0,9840450,9840559,9841033,0,0,0,0
2026-08-07T01:53:49Z,60076,1433516,4411928576,16189116416,489889302,5935314611,26612004531,5239038,1002,0,0,0,0,0,999,0,0,0,0,0,0,0,0,0,9891327,9891463,9893489,0,0,0,0
2026-08-07T01:59:16Z,62572,1433516,4363370496,16237674496,441323963,5935453875,26612004531,5291478,997,0,0,0,0,0,996,0,0,0,0,0,0,0,0,0,9943778,9943911,9945571,0,0,0,0
2026-08-07T02:04:38Z,61156,1433516,4419035136,16182009856,496994271,5935191731,26612004531,5343353,997,0,0,0,0,0,995,0,0,0,0,0,0,0,0,0,9995560,9995706,9996962,0,0,0,0
2026-08-07T02:09:48Z,61288,1433516,4369215488,16231829504,447169305,5935290035,26612004531,5394642,996,0,0,0,0,0,997,0,0,0,0,0,0,0,0,0,10046856,10046988,10047474,0,0,0,0
2026-08-07T02:14:55Z,60304,1433516,4423524352,16177520640,501475059,5935339187,26612004531,5445278,992,0,0,0,0,0,995,0,0,0,0,0,0,0,0,0,10097508,10097636,10099477,0,0,0,0
2026-08-07T02:20:20Z,61808,1433516,4374212608,16226832384,452159780,5935273651,26612004531,5496996,998,0,0,0,0,0,998,0,0,0,0,0,0,0,0,0,10149198,10149347,10149757,0,0,0,0
2026-08-07T02:25:24Z,61032,1433516,4428308480,16172736512,506247142,5935298227,26612004531,5547416,999,0,0,0,0,0,999,0,0,0,0,0,0,0,0,0,10199617,10199793,10201715,0,0,0,0
2026-08-07T02:30:50Z,61156,1433516,4379373568,16221671424,457309013,5935118003,26612004531,5599494,996,0,0,0,0,0,996,0,0,0,0,0,0,0,0,0,10251724,10251869,10252831,0,0,0,0
2026-08-07T02:35:59Z,61440,1433516,4434194432,16166850560,512128972,5935412915,26612004531,5650591,1000,0,0,0,0,0,1002,0,0,0,0,0,0,0,0,0,10302798,10302856,10303655,0,0,0,0
2026-08-07T02:41:06Z,61004,1433516,4383875072,16217169920,461810376,5935347379,26612004531,5701420,994,0,0,0,0,0,996,0,0,0,0,0,0,0,0,0,10353652,10353702,10354454,0,0,0,0
2026-08-07T02:46:13Z,62276,1433516,4438347776,16162697216,516273683,5935273651,26612004531,5752182,998,0,0,0,0,0,998,0,0,0,0,0,0,0,0,0,10404404,10404470,10404570,0,0,0,0
2026-08-07T02:51:15Z,61004,1433516,4387250176,16213794816,465172999,5935388339,26612004531,5802276,999,0,0,0,0,0,999,0,0,0,0,0,0,0,0,0,10454475,10454546,10454654,0,0,0,0
2026-08-07T02:56:18Z,62832,1433516,4441047040,16159997952,518967523,5935355571,26612004531,5852444,999,0,0,0,0,0,1002,0,0,0,0,0,0,0,0,0,10504654,10504717,10507798,0,0,0,0
2026-08-07T03:01:50Z,59812,1433516,4393328640,16207716352,471242163,5935322803,26612004531,5905636,1000,0,0,0,0,0,1003,0,0,0,0,0,0,0,0,0,10557860,10557926,10561403,0,0,0,0
2026-08-07T03:07:27Z,60744,1433516,4451262464,16149782528,529170606,5935412915,26612004531,5959608,997,0,0,0,0,0,997,0,0,0,0,0,0,0,0,0,10611840,10611906,10613957,0,0,0,0
2026-08-07T03:12:53Z,60820,1433516,4402225152,16198819840,480134968,5935306419,26612004531,6011603,1000,0,0,0,0,0,1001,0,0,0,0,0,0,0,0,0,10663831,10663906,10664304,0,0,0,0
2026-08-07T03:17:58Z,58932,1433516,4456431616,16144613376,534334995,5935290035,26612004531,6062120,1000,0,0,0,0,0,1003,0,0,0,0,0,0,0,0,0,10714338,10714422,10716153,0,0,0,0
2026-08-07T03:23:21Z,60476,1433516,4407136256,16193908736,485034990,5935355571,26612004531,6113875,1005,0,0,0,0,0,1002,0,0,0,0,0,0,0,0,0,10766103,10766179,10767460,0,0,0,0
2026-08-07T03:28:31Z,60944,1433516,4462243840,16138801152,540143513,5935339187,26612004531,6165245,1000,0,0,0,0,0,998,0,0,0,0,0,0,0,0,0,10817454,10817532,10817940,0,0,0,0
2026-08-07T03:33:36Z,60292,1433516,4411559936,16189485056,489451974,5935330995,26612004531,6215727,999,0,0,0,0,0,998,0,0,0,0,0,0,0,0,0,10867955,10868036,10868448,0,0,0,0
2026-08-07T03:38:41Z,61956,1433516,4360548352,16240496640,438436579,5935355571,26612004531,6265889,999,0,0,0,0,0,1000,0,0,0,0,0,0,0,0,0,10918157,10918249,10918734,0,0,0,0
2026-08-07T03:43:46Z,60248,1433516,4414701568,16186343424,492582959,5935355571,26612004531,6316376,1002,0,0,0,0,0,1004,0,0,0,0,0,0,0,0,0,10968609,10968689,10969137,0,0,0,0
2026-08-07T03:48:51Z,62072,1433516,4363849728,16237195264,441730890,5935249075,26612004531,6366700,1002,0,0,0,0,0,1000,0,0,0,0,0,0,0,0,0,11018915,11019007,11020953,0,0,0,0
2026-08-07T03:54:16Z,63204,1433516,4419760128,16181284864,497639888,5935404723,26612004531,6418798,1001,0,0,0,0,0,1001,0,0,0,0,0,0,0,0,0,11071029,11071141,11072694,0,0,0,0
2026-08-07T03:59:29Z,61728,1433516,4370636800,16230408192,448510501,5937813171,26612004531,6470704,1004,0,0,0,0,0,1002,0,0,0,0,0,0,0,0,0,11122939,11123055,11125560,0,0,0,0
2026-08-07T04:04:58Z,61444,1433516,4427026432,16174018560,504892157,5935101619,26612004531,6523250,1002,0,0,0,0,0,1003,0,0,0,0,0,0,0,0,0,11175571,11175671,11177642,0,0,0,0
2026-08-07T04:10:24Z,61960,1433516,4377948160,16223096832,455811842,5935322803,26612004531,6575175,996,0,0,0,0,0,995,0,0,0,0,0,0,0,0,0,11227470,11227569,11229119,0,0,0,0
2026-08-07T04:15:38Z,60496,1433516,4433723392,16167321600,511582968,5934429875,26612004531,6627150,999,0,0,0,0,0,1000,0,0,0,0,0,0,0,0,0,11279386,11279507,11279963,0,0,0,0
2026-08-07T04:20:43Z,60196,1433516,4383006720,16218038272,460862876,5934847667,26612004531,6677617,1004,0,0,0,0,0,1002,0,0,2026-08-07T04:25:54Z,61988,1433516,4438179840,16162865152,516038225,5934298803,26612004531,6729040,1002,0,0,0,0,0,1004,0,0,0,0,0,0,0,0,0,11381261,11381372,11383109,0,0,0,0
2026-08-07T04:31:12Z,61620,1433516,4389175296,16211869696,467025726,5935273651,26612004531,6781061,1003,0,0,0,0,0,1002,0,0,0,0,0,0,0,0,0,11433303,11433419,11435294,0,0,0,0
2026-08-07T04:36:32Z,62492,1433516,4444921856,16156123136,522766424,5935232691,26612004531,6833011,1001,0,0,0,0,0,1000,0,0,0,0,0,0,0,0,0,11485244,11485356,11486901,0,0,0,0
2026-08-07T04:41:46Z,60856,1433516,4395388928,16205656064,473236922,5935314611,26612004531,6884546,1003,0,0,0,0,0,1003,0,0,0,0,0,0,0,0,0,11536766,11536876,11538373,0,0,0,0
2026-08-07T04:47:01Z,61436,1433516,4450721792,16150323200,528569430,5935249075,26612004531,6936118,1003,0,0,0,0,0,1005,0,0,0,0,0,0,0,0,0,11588336,11588439,11589839,0,0,0,0
2026-08-07T04:52:16Z,61312,1433516,4400807936,16200237056,478648667,5935355571,26612004531,6987316,1004,0,0,0,0,0,1006,0,0,0,0,0,0,0,0,0,11639529,11639656,11640221,0,0,0,0
2026-08-07T04:57:21Z,60652,1433516,4455178240,16145866752,533019804,5935232691,26612004531,7038003,1005,0,0,0,0,0,1007,0,0,0,0,0,0,0,0,0,11690223,11690355,11691014,0,0,0,0
2026-08-07T05:02:28Z,60164,1433516,4404596736,16196448256,482434695,5935290035,26612004531,7088591,995,0,0,0,0,0,991,0,0,0,0,0,0,0,0,0,11740852,11740979,11742375,0,0,0,0
2026-08-07T05:07:41Z,60488,1433516,4459986944,16141058048,537821563,5935396531,26612004531,7140218,1002,0,0,0,0,0,999,0,0,0,0,0,0,0,0,0,11792465,11792618,11794584,0,0,0,0
2026-08-07T05:12:59Z,61996,1433516,4411215872,16189829120,489045560,5937772211,26612004531,7192497,1002,0,0,0,0,0,1003,0,0,0,0,0,0,0,0,0,11844720,11844870,11846330,0,0,0,0
2026-08-07T05:18:15Z,64976,1433516,4361461760,16239583232,439287785,5951542963,26612004531,7243835,1000,0,0,0,0,0,1001,0,0,0,0,0,0,0,0,0,11896103,11896755,11897413,0,0,0,0
2026-08-07T05:23:25Z,64968,1433516,4416565248,16184479744,494380832,5978453683,26612004531,7295188,1002,0,0,0,0,0,1002,0,0,0,0,0,0,0,0,0,11947442,11947619,11949532,0,0,0,0
2026-08-07T05:28:45Z,65040,1433516,4368019456,16233025536,445835238,6005577395,26612004531,7347655,1001,0,0,0,0,0,996,0,0,0,0,0,0,0,0,0,11999900,12000129,12002329,0,0,0,0
2026-08-07T05:34:06Z,65084,1433516,4424683520,16176361472,502498890,6033258163,26612004531,7400472,1004,0,0,0,0,0,1003,0,0,0,0,0,0,0,0,0,12052726,12053382,12055059,0,0,0,0
2026-08-07T05:39:29Z,65448,1433516,4376170496,16224874496,453978901,6060619443,26612004531,7452955,1005,0,0,0,0,0,1006,0,0,0,0,0,0,0,0,0,12105212,12105535,12106114,0,0,0,0
2026-08-07T05:44:36Z,65256,1433516,4430802944,16170242048,508610569,6086981299,26612004531,7503889,1002,0,0,0,0,0,1003,0,0,0,0,0,0,0,0,0,12156154,12156861,12158790,0,0,0,0
2026-08-07T05:50:00Z,65236,1433516,4382867456,16218177536,460668755,6114604723,26612004531,7556909,1006,0,0,0,0,0,1008,0,0,0,0,0,0,0,0,0,12209192,12209489,12212508,0,0,0,0
2026-08-07T05:55:32Z,65656,1433516,4440625152,16160419840,518421485,6143112883,26612004531,7610719,1005,0,0,0,0,0,1008,0,0,0,0,0,0,0,0,0,12263048,12263268,12265131,0,0,0,0
2026-08-07T06:00:54Z,66296,1433516,4391915520,16209129472,469708969,6170343091,26612004531,7663023,1003,0,0,0,0,0,1004,0,0,0,0,0,0,0,0,0,12315401,12315712,12317687,0,0,0,0
2026-08-07T06:06:18Z,65564,1433516,4448681984,16152363008,526470838,6197941939,26612004531,7715929,1003,0,0,0,0,0,1003,0,0,0,0,0,0,0,0,0,12368300,12369050,12371713,0,0,0,0
2026-08-07T06:11:50Z,65856,1433516,4401569792,16199475200,479353571,6226040499,26612004531,7769709,1002,0,0,0,0,0,1004,0,0,0,0,0,0,0,0,0,12422170,12422540,12423247,0,0,0,0
2026-08-07T06:17:00Z,59860,1433516,4456665088,16144379904,534449313,6252959411,26612004531,7821066,1002,0,0,0,0,0,1004,0,0,0,0,0,0,0,0,0,12473553,12473824,12475742,0,0,0,0
2026-08-07T06:22:23Z,60416,1433516,4408004608,16193040384,485783173,6280255155,26612004531,7873406,1004,0,0,0,0,0,1005,0,0,0,0,0,0,0,0,0,12525763,12526061,12528046,0,0,0,0
2026-08-07T06:27:46Z,63916,1433516,4359856128,16241188864,437635237,6307927731,26616886963,7926268,1004,0,0,0,0,0,1005,0,0,0,0,0,0,0,0,0,12578602026-08-07T07:11:00Z,60648,1433516,4394917888,16206127104,472662718,6474061491,26926184115,8349720,1004,0,0,0,0,0,1007,0,0,0,0,0,0,0,0,0,13001958,13002039,13004997,0,0,0,0
2026-08-07T07:16:26Z,60556,1433516,4451753984,16149291008,529515208,6502053555,26988123827,8402697,1002,0,0,0,0,0,1004,0,0,0,0,0,0,0,0,0,13054950,13055017,13057313,0,0,0,0
2026-08-07T07:21:47Z,61372,1433516,4403359744,16197685248,481115534,6529480371,27049621171,8455304,1006,0,0,0,0,0,1008,0,0,0,0,0,0,0,0,0,13107557,13107614,13110393,0,0,0,0
2026-08-07T07:27:10Z,61932,1433516,4460199936,16140845056,537945847,6556997299,27111536307,8508264,999,0,0,0,0,0,998,0,0,0,0,0,0,0,0,0,13160505,13160588,13161746,0,0,0,0
2026-08-07T07:32:22Z,62616,1433516,4410728448,16190316544,488475289,6583924403,27172017843,8559902,1002,0,0,0,0,0,1004,0,0,0,0,0,0,0,0,0,13212151,13212259,13217237,0,0,0,0
2026-08-07T07:38:04Z,61280,1433516,4365606912,16235438080,443352311,6613391027,27237119667,8615554,1003,0,0,0,0,0,1003,0,0,0,0,0,0,0,0,0,13267808,13267889,13272830,0,0,0,0
2026-08-07T07:43:43Z,61512,1433516,4425048064,16175996928,502791002,6641923763,27301861043,8670946,1005,0,0,0,0,0,1004,0,0,0,0,0,0,0,0,0,13323194,13323304,13328290,0,0,0,0
2026-08-07T07:49:26Z,60748,1433516,4379828224,16221216768,457566719,6670964403,27366807219,8726473,1004,0,0,0,0,0,1004,0,0,0,0,0,0,0,0,0,13378718,13378841,13383912,0,0,0,0
2026-08-07T07:55:07Z,60428,1433516,4439502848,16161542144,517241477,6702929587,27431966387,8782080,1005,0,0,0,0,0,1004,0,0,0,0,0,0,0,0,0,13434377,13435256,13440441,0,0,0,0
2026-08-07T08:00:56Z,62320,1433516,4395589632,16205455360,473323738,6730036915,27498395315,8838858,999,0,0,0,0,0,1001,0,0,0,0,0,0,0,0,0,13491104,13491246,13496206,0,0,0,0
2026-08-07T08:06:37Z,59112,1433516,4455161856,16145883136,532891230,6758774451,27563349683,8894358,1006,0,0,0,0,0,1008,0,0,0,0,0,0,0,0,0,13546631,13547491,13552290,0,0,0,0
2026-08-07T08:12:23Z,61664,1433516,4410630144,16190414848,488352579,6788126387,27629033139,8950566,1002,0,0,0,0,0,1003,0,0,0,0,0,0,0,0,0,13602829,13603310,13608284,0,0,0,0
2026-08-07T08:18:06Z,62116,1433516,4365803520,16235241472,443523929,6817183411,27694413491,9006480,1004,0,0,0,0,0,1006,0,0,0,0,0,0,0,0,0,13658744,13659512,13664398,0,0,0,0
2026-08-07T08:23:52Z,63032,1433516,4425740288,16175304704,503461352,6855759539,27760580275,115801,892,0,0,0,0,0,769,0,0,0,0,0,0,0,0,0,13699252,13687313,13665047,0,0,0,0
2026-08-07T08:30:14Z,62844,1433516,4385333248,16215711744,463043819,6870316723,27829704371,175748,1000,0,0,0,0,0,997,0,0,0,0,0,0,0,0,0,13517425,13514508,13507754,0,0,0,0
2026-08-07T08:35:35Z,63416,1433516,4442480640,16158564352,520188153,6869522099,27891955379,229024,998,0,0,0,0,0,996,0,0,0,0,0,0,0,0,0,13362715,13362869,13356836,0,0,0,0
2026-08-07T08:40:53Z,63100,1433516,4394020864,16207024128,471726637,6871479987,27953378995,281579,997,0,0,0,0,0,997,0,0,0,0,0,0,0,0,0,13210247,13209421,13198141,0,0,0,0
2026-08-07T08:46:22Z,61644,1433516,4452143104,16148901888,529836814,6870750899,28016809651,335730,997,0,0,0,0,0,996,0,0,0,0,0,0,0,0,0,13052404,13051570,13045797,0,0,0,0
2026-08-07T08:51:42Z,62516,1433516,4404006912,16197038080,481702043,6873093811,28078601907,388606,998,0,0,0,0,0,997,0,0,0,0,0,0,0,0,0,12899287,12898436,12892630,0,0,0,0
2026-08-07T08:57:01Z,61612,1433516,4460457984,16140587008,538146994,6869661363,28140082867,441201,996,0,0,0,0,0,993,0,0,0,0,0,0,0,0,0,12746891,12747070,12739597,0,0,0,0
2026-08-07T09:02:22Z,60940,1433516,4412571648,16188473344,490256569,6871406259,28196288179,494325,998,0,0,0,0,0,998,0,0,0,0,0,0,0,0,0,12593997,12591099,12588126,0,0,0,0
2026-08-07T09:07:37Z,61732,1433516,4363411456,16237633536,441097678,6869702323,28221544115,546260,996,0,0,0,0,0,991,0,0,0,0,0,0,0,0,0,12442964,12439280,12438518,0,0,0,0
2026-08-07T09:12:48Z,61372,1433516,4418621440,16182423552,496300034,6869497523,28234094259,597725,1000,0,0,0,0,0,999,0,0,0,0,0,0,0,0,0,12293401,12290363,12290572,0,0,0,0
2026-08-07T09:17:56Z,61144,1433516,4368445440,16232599552,446117290,6873544371,28241327795,648683,998,0,0,0,0,0,995,0,0,0,0,0,0,0,0,0,12144364,12144441,12143569,0,0,0,0
2026-08-07T09:22:59Z,60904,1433516,4422144000,16178900992,499815564,6871955123,28248479411,698739,995,0,0,0,0,0,989,0,0,0,0,0,0,0,0,0,11998427,11998527,11997688,0,0,0,0
2026-08-07T09:28:02Z,60636,1433516,4371079168,16229965824,448744071,6869530291,28255581875,748880,998,0,0,0,0,0,997,0,0,0,0,0,0,0,0,0,11852564,11852656,11851865,0,0,0,0
2026-08-07T09:33:05Z,60696,1433516,4424761344,16176283648,502425916,6869505715,28262684339,798935,994,0,0,0,0,0,990,0,0,0,0,0,0,0,0,0,11706626,11706733,11705949,0,0,0,0
2026-08-07T09:38:08Z,61212,1433516,4373671936,16227373056,451330821,6867859123,28269819571,849051,997,0,0,0,0,0,997,0,0,0,0,0,0,0,0,0,11560725,11560845,11560059,0,0,0,0
2026-08-07T09:43:11Z,60216,1433516,4427411456,16173633536,505066962,6869489331,28276913843,899150,997,0,0,0,0,0,997,0,0,0,0,0,0,0,0,0,11415829,11415924,11415068,0,0,0,0
2026-08-07T09:48:14Z,60368,1433516,4376256512,16224788480,453909991,6869554867,28284040883,949217,996,0,0,0,0,0,993,0,0,0,0,0,0,0,0,0,11270898,11270009,11270237,0,0,0,0
2026-08-07T09:53:18Z,61804,1433516,4430438400,16170606592,508083813,6869448371,28287170227,999706,996,0,0,0,0,0,992,0,0,0,0,0,0,0,0,0,11125404,11124575,11123867,0,0,0,0
2026-08-07T09:58:23Z,61484,1433516,4379381760,16221663232,457029239,6869702323,28287170227,1049847,998,0,0,0,0,0,997,0,0,0,0,0,0,0,0,0,10980533,10979712,10972367,0,0,0,0
2026-08-07T10:03:45Z,60324,1433516,4436721664,16164323328,514361828,6869571251,28287170227,1103290,997,0,0,0,0,0,993,0,0,0,0,0,0,0,0,0,10826986,10822401,10820960,0,0,0,0
2026-08-07T10:08:58Z,61816,1433516,4387418112,16213626880,465062601,6869472947,28287170227,1155076,999,0,0,0,0,0,996,0,0,0,0,0,0,0,0,0,10675756,10675833,10674352,0,0,0,0
2026-08-07T10:14:04Z,60292,1433516,4441665536,16159379456,519298405,6873061043,28287170227,1205641,996,0,0,0,0,0,995,0,0,0,0,0,0,0,0,0,10528332,10528406,10527530,0,0,0,0
2026-08-07T10:19:06Z,60408,1433516,4390395904,16210649088,468026110,6869546675,28287170227,1255592,997,0,0,0,0,0,993,0,0,0,0,0,0,0,0,0,10382315,10382416,10382545,0,0,0,0
2026-08-07T10:24:09Z,60312,1433516,4444315648,16156729344,521947283,6869604019,28287170227,1305853,994,0,0,0,0,0,993,0,0,0,0,0,0,0,0,0,10236535,10235181,10234374,0,0,0,0
2026-08-07T10:29:16Z,60728,1433516,4393975808,16207069184,471606267,6869612211,28287170227,1356680,1000,0,0,0,0,0,996,0,0,0,0,0,0,0,0,0,10089377,10088557,10088706,0,0,0,0
2026-08-07T10:34:20Z,59904,1433516,4447879168,16153165824,525500616,6869595827,28287170227,1406918,999,0,0,0,0,0,997,0,0,0,0,0,0,0,0,0,9943607,9943677,9942804,0,0,0,0
2026-08-07T10:39:22Z,63012,1433516,4396695552,16204349440,474316454,6869563059,28287170227,1456976,997,0,0,0,0,0,993,0,0,0,0,0,0,0,0,0,9798662,9798796,9798018,0,0,0,0
2026-08-07T10:44:26Z,65216,1433516,4453224448,16147820544,528280209,6869735091,28287170227,1507287,979,0,0,0,0,0,950,0,0,0,0,0,0,0,0,0,9653012,9652147,9652344,0,0,0,0
2026-08-07T10:49:30Z,60180,1433516,4399702016,16201342976,477265568,6869423795,28287170227,1557457,997,0,0,0,0,0,994,0,0,0,0,0,0,0,0,0,9508154,9508257,9507425,0,0,0,0
2026-08-07T10:54:37Z,60128,1433516,4454289408,16146755584,531849032,6869612211,28287170227,1608327,997,0,0,0,0,0,993,0,0,0,0,0,0,0,0,0,9360059,9360120,9359466,0,0,0,0
2026-08-07T10:59:41Z,59992,1433516,4403339264,16197705728,480890850,6869694131,28287170227,1658588,991,0,0,0,0,0,984,0,0,0,0,0,0,0,0,0,9213288,9211839,9211942,0,0,0,0
2026-08-07T11:04:46Z,59748,1433516,4457492480,16143552512,535045578,6869587635,28287170227,1709088,996,0,0,0,0,0,992,0,0,0,0,0,0,0,0,0,9066783,9066833,9066054,0,0,0,0
2026-08-07T11:09:49Z,60116,1433516,4406431744,16194613248,483981824,6873126579,28287170227,1759250,997,0,0,0,0,0,995,0,0,0,0,0,0,0,0,0,8920944,8920003,8920181,0,0,0,0
2026-08-07T11:14:52Z,59360,1433516,4460290048,16140754944,537838123,6869407411,28287170227,1809442,988,0,0,0,0,0,983,0,0,0,0,0,0,0,0,0,8775151,8775235,8774395,0,0,0,0
2026-08-07T11:19:55Z,60588,1433516,4409106432,16191938560,486648652,6869595827,28287170227,1859480,993,0,0,0,0,0,992,0,0,0,0,0,0,0,0,0,8630173,8629263,8629404,0,0,0,0
2026-08-07T11:24:57Z,60856,1433516,4462706688,16138338304,540248511,6869530291,28287170227,1909452,1000,0,0,0,0,0,998,0,0,0,0,0,0,0,0,0,8484145,8484222,8483396,0,0,0,0
2026-08-07T11:30:01Z,60244,1433516,4411621376,16189423616,489151998,6869563059,28287170227,1959575,995,0,0,0,0,0,991,0,0,0,0,0,0,0,0,0,8338306,8336894,8337019,0,0,0,0
2026-08-07T11:35:08Z,61988,1433516,4361175040,16239869952,438696269,6869669555,28287170227,2010288,996,0,0,0,0,0,995,0,0,0,0,0,0,0,0,0,8191044,8191120,8190295,0,0,0,0
2026-08-07T11:40:12Z,60632,1433516,4415098880,16185946112,492619362,6869694131,28287170227,2060554,999,0,0,0,0,0,997,0,0,0,0,0,0,0,0,0,8045245,8044301,8044417,0,0,0,0
2026-08-07T11:45:14Z,60640,1433516,4363857920,16237187072,441377190,6869628595,28287170227,2110551,996,0,0,0,0,0,994,0,0,0,0,0,0,0,0,0,7899242,7899319,7898412,0,0,0,0
2026-08-07T11:50:17Z,60512,1433516,4417445888,16183599104,494963506,6869505715,28287170227,2160508,1000,0,0,0,0,0,997,0,0,0,0,0,0,0,0,0,7753199,7753287,7752428,0,0,0,0
2026-08-07T11:55:19Z,62008,1433516,4366233600,16234811392,443740199,6869497523,28287170227,2210512,997,0,0,0,0,0,996,0,0,0,0,0,0,0,0,0,7607208,7607284,7606385,0,0,0,0
2026-08-07T12:00:22Z,60164,1433516,4419899392,16181145600,497402230,6869489331,28287170227,2260546,997,0,0,0,0,0,996,0,0,0,0,0,0,0,0,0,7462254,7461389,7460583,0,0,0,0
2026-08-07T12:05:25Z,60696,1433516,4368781312,16232263680,446283548,6872954547,28287170227,2310650,994,0,0,0,0,0,989,0,0,0,0,0,0,0,0,0,7316388,7315467,7315598,0,0,0,0
2026-08-07T12:10:28Z,57616,1433516,4393377792,16207667200,470881898,6869587635,28287170227,2333559,1000,0,0,0,0,0,993,0,0,0,0,0,0,0,0,0,7143215,7143215,7143215,0,0,0,0
2026-08-07T12:15:30Z,54160,1433516,4393402368,16207642624,470881898,6869587635,28287170227,2333559,1000,0,0,0,0,0,993,0,0,0,0,0,0,0,0,0,6948215,6948215,6948215,0,0,0,0
