bucket_epoch,label,count,errors,mean_ms,p50,p90,p95,p99,p99_9,max_ms
1785499500,5 Obtain access token,20951,0,5.123,5,7,8,10,30,83
1785499500,3 Perform authentication,20952,0,13.219,12,17,19,26,89,106
1785499500,1 Send request to authorize endpoint,21948,0,5.562,5,8,10,12,43,265
1785499500,2 Start Authentication Flow,21948,0,3.918,4,5,6,9,17,82
1785499500,__ALL__,106751,0,6.500,5,12,14,19,41,265
1785499500,4 Obtain authorization code,20952,0,4.843,5,6,7,10,17,89
1785499800,5 Obtain access token,49567,0,5.147,5,7,8,11,23,91
1785499800,3 Perform authentication,49566,0,13.371,12,17,19,27,90,142
1785499800,1 Send request to authorize endpoint,49569,0,5.240,5,7,8,11,24,91
1785499800,2 Start Authentication Flow,49568,0,3.951,4,5,6,9,19,86
1785499800,__ALL__,247836,0,6.524,5,13,14,19,40,142
1785499800,4 Obtain authorization code,49566,0,4.910,5,6,7,10,26,90
1785500100,5 Obtain access token,49755,0,5.151,5,7,8,10,22,86
1785500100,3 Perform authentication,49756,0,13.172,12,17,19,25,63,98
1785500100,1 Send request to authorize endpoint,49756,0,5.249,5,7,8,11,20,85
1785500100,2 Start Authentication Flow,49757,0,3.959,4,5,6,9,15,82
1785500100,__ALL__,248780,0,6.487,5,12,14,19,35,98
1785500100,4 Obtain authorization code,49756,0,4.905,5,6,7,10,17,83
1785500400,5 Obtain access token,49725,0,5.199,5,7,8,10,24,84
1785500400,3 Perform authentication,49727,0,13.366,13,17,19,26,71,117
1785500400,1 Send request to authorize endpoint,49724,0,5.310,5,7,8,11,25,83
1785500400,2 Start Authentication Flow,49724,0,4.004,4,5,6,9,17,86
1785500400,__ALL__,248625,0,6.568,5,13,15,19,38,117
1785500400,4 Obtain authorization code,49725,0,4.961,5,6,7,10,22,94
1785500700,5 Obtain access token,49588,0,5.915,5,7,8,17,196,1563
1785500700,3 Perform authentication,49588,0,17.916,13,17,20,72,1220,1568
1785500700,1 Send request to authorize endpoint,49589,0,6.415,5,7,8,22,238,1566
1785500700,2 Start Authentication Flow,49588,0,4.798,4,5,7,16,185,474
1785500700,__ALL__,247941,0,8.464,5,13,15,30,484,1568
1785500700,4 Obtain authorization code,49588,0,7.277,5,7,8,27,529,1563
1785501000,5 Obtain access token,49602,0,5.096,5,7,7,10,15,80
1785501000,3 Perform authentication,49601,0,13.119,12,17,19,24,45,107
1785501000,1 Send request to authorize endpoint,49602,0,5.196,5,7,8,10,16,91
1785501000,2 Start Authentication Flow,49601,0,3.918,4,5,6,8,13,91
1785501000,__ALL__,248009,0,6.437,5,12,14,19,30,107
1785501000,4 Obtain authorization code,49603,0,4.856,5,6,7,9,14,91
1785501300,5 Obtain access token,49651,0,5.697,5,7,8,13,139,1584
1785501300,3 Perform authentication,49651,0,17.524,12,17,19,33,1251,1584
1785501300,1 Send request to authorize endpoint,49648,0,6.065,5,7,8,13,203,1584
1785501300,2 Start Authentication Flow,49649,0,4.512,4,5,6,11,131,1583
1785501300,__ALL__,248250,0,7.983,5,13,15,23,351,1584
1785501300,4 Obtain authorization code,49651,0,6.117,5,7,8,12,298,578
1785501600,5 Obtain access token,49701,0,5.145,5,7,8,10,15,40
1785501600,3 Perform authentication,49700,0,13.258,13,17,19,24,36,51
1785501600,1 Send request to authorize endpoint,49703,0,5.265,5,7,8,10,16,43
1785501600,2 Start Authentication Flow,49704,0,3.987,4,5,6,8,12,40
1785501600,__ALL__,248507,0,6.517,5,13,14,19,29,51
1785501600,4 Obtain authorization code,49699,0,4.930,5,6,7,9,14,38
1785501900,5 Obtain access token,49534,0,5.908,5,7,8,13,210,1570
1785501900,3 Perform authentication,49540,0,17.809,12,17,19,36,1234,1575
1785501900,1 Send request to authorize endpoint,49533,0,6.327,5,7,8,14,251,1573
1785501900,2 Start Authentication Flow,49533,0,4.616,4,5,6,11,175,619
1785501900,__ALL__,247676,0,8.368,5,13,15,24,511,1575
1785501900,4 Obtain authorization code,49536,0,7.178,5,6,7,14,527,1568
1785502200,5 Obtain access token,49827,0,5.130,5,7,8,10,15,45
1785502200,3 Perform authentication,49822,0,13.143,12,17,19,24,41,74
1785502200,1 Send request to authorize endpoint,49829,0,5.238,5,7,8,10,16,41
1785502200,2 Start Authentication Flow,49829,0,3.944,4,5,6,8,12,38
1785502200,__ALL__,249134,0,6.470,5,13,14,19,29,74
1785502200,4 Obtain authorization code,49827,0,4.899,5,6,7,10,15,40
1785502500,5 Obtain access token,49573,0,5.615,5,7,8,12,134,1561
1785502500,3 Perform authentication,49573,0,17.486,13,17,19,31,1290,1566
1785502500,1 Send request to authorize endpoint,49573,0,5.928,5,7,8,13,186,1559
1785502500,2 Start Authentication Flow,49573,0,4.513,4,5,6,10,144,1561
1785502500,__ALL__,247865,0,7.958,5,13,15,22,363,1566
1785502500,4 Obtain authorization code,49573,0,6.248,5,6,7,12,350,1562
1785502800,5 Obtain access token,49565,0,5.124,5,7,8,10,17,37
1785502800,3 Perform authentication,49566,0,13.218,13,17,19,25,38,72
1785502800,1 Send request to authorize endpoint,49565,0,5.240,5,7,8,10,18,42
1785502800,2 Start Authentication Flow,49564,0,3.961,4,5,6,9,14,42
1785502800,__ALL__,247825,0,6.491,5,13,14,19,31,72
1785502800,4 Obtain authorization code,49565,0,4.911,5,6,7,10,16,39
1785503100,5 Obtain access token,49614,0,5.922,5,7,8,14,195,1541
1785503100,3 Perform authentication,49612,0,17.671,13,17,20,43,1248,1534
1785503100,1 Send request to authorize endpoint,49614,0,6.150,5,7,8,16,203,443
1785503100,2 Start Authentication Flow,49614,0,4.734,4,5,6,12,174,1543
1785503100,__ALL__,248067,0,8.290,5,13,15,25,455,1543
1785503100,4 Obtain authorization code,49613,0,6.974,5,6,8,15,487,821
1785503400,5 Obtain access token,49705,0,5.185,5,7,8,10,20,44
1785503400,3 Perform authentication,49705,0,13.318,13,17,19,24,49,101
1785503400,1 Send request to authorize endpoint,49703,0,5.310,5,7,8,11,21,52
1785503400,2 Start Authentication Flow,49704,0,3.995,4,5,6,8,15,32
1785503400,__ALL__,248522,0,6.555,5,13,15,19,31,101
1785503400,4 Obtain authorization code,49705,0,4.965,5,6,7,10,18,57
1785503700,5 Obtain access token,49643,0,6.122,5,7,8,13,280,634
1785503700,3 Perform authentication,49645,0,18.074,13,17,19,36,1284,1579
1785503700,1 Send request to authorize endpoint,49645,0,6.313,5,7,8,14,264,1565
1785503700,2 Start Authentication Flow,49643,0,4.933,4,5,6,11,192,1565
1785503700,__ALL__,248220,0,8.547,5,13,15,24,518,1579
1785503700,4 Obtain authorization code,49644,0,7.294,5,7,8,13,517,1566
1785504000,5 Obtain access token,49667,0,5.158,5,7,8,10,17,38
1785504000,3 Perform authentication,49664,0,13.184,12,17,19,24,40,73
1785504000,1 Send request to authorize endpoint,49666,0,5.257,5,7,8,10,16,38
1785504000,2 Start Authentication Flow,49667,0,3.979,4,5,6,9,14,36
1785504000,__ALL__,248329,0,6.504,5,13,14,19,29,73
1785504000,4 Obtain authorization code,49665,0,4.945,5,6,7,10,17,37
1785504300,5 Obtain access token,49697,0,5.420,5,7,8,11,104,339
1785504300,3 Perform authentication,49701,0,17.019,12,17,19,29,1266,1548
1785504300,1 Send request to authorize endpoint,49698,0,5.830,5,7,8,12,159,1545
1785504300,2 Start Authentication Flow,49696,0,4.389,4,5,6,10,137,1541
1785504300,__ALL__,248492,0,7.712,5,13,15,21,302,1548
1785504300,4 Obtain authorization code,49700,0,5.899,5,6,7,11,269,540
1785504600,5 Obtain access token,49610,0,5.132,5,7,8,10,15,39
1785504600,3 Perform authentication,49607,0,13.180,13,17,19,24,36,48
1785504600,1 Send request to authorize endpoint,49609,0,5.248,5,7,8,10,16,50
1785504600,2 Start Authentication Flow,49610,0,3.955,4,5,6,8,13,36
1785504600,__ALL__,248043,0,6.488,5,13,14,19,28,50
1785504600,4 Obtain authorization code,49607,0,4.922,5,6,7,10,14,38
1785504900,5 Obtain access token,49553,0,5.601,5,7,8,12,120,1547
1785504900,3 Perform authentication,49552,0,16.947,12,17,19,29,1200,1543
1785504900,1 Send request to authorize endpoint,49552,0,5.828,5,7,8,13,161,372
1785504900,2 Start Authentication Flow,49552,0,4.430,4,5,6,10,128,331
1785504900,__ALL__,247762,0,7.780,5,13,15,22,307,1547
1785504900,4 Obtain authorization code,49553,0,6.096,5,6,7,12,283,1543
1785505200,5 Obtain access token,49657,0,5.120,5,7,7,10,14,36
1785505200,3 Perform authentication,49660,0,13.201,13,17,19,24,38,66
1785505200,1 Send request to authorize endpoint,49658,0,5.241,5,7,8,10,15,40
1785505200,2 Start Authentication Flow,49659,0,3.954,4,5,6,8,13,36
1785505200,__ALL__,248293,0,6.491,5,13,14,19,27,66
1785505200,4 Obtain authorization code,49659,0,4.936,5,6,7,10,14,37
1785505500,5 Obtain access token,49664,0,5.678,5,7,8,12,147,1581
1785505500,3 Perform authentication,49664,0,17.509,12,17,19,30,1262,1583
1785505500,1 Send request to authorize endpoint,49664,0,5.918,5,7,8,13,194,1583
1785505500,2 Start Authentication Flow,49664,0,4.382,4,5,6,10,127,1577
1785505500,__ALL__,248320,0,7.903,5,13,15,22,365,1583
1785505500,4 Obtain authorization code,49664,0,6.026,5,6,7,11,318,581
1785505800,5 Obtain access token,49763,0,5.078,5,7,7,10,15,41
1785505800,3 Perform authentication,49763,0,13.077,12,17,19,23,36,58
1785505800,1 Send request to authorize endpoint,49763,0,5.186,5,7,8,10,15,40
1785505800,2 Start Authentication Flow,49763,0,3.907,4,5,6,8,13,37
1785505800,__ALL__,248814,0,6.427,5,12,14,19,27,58
1785505800,4 Obtain authorization code,49762,0,4.886,5,6,7,10,14,48
1785506100,5 Obtain access token,49632,0,5.724,5,7,8,12,151,1564
1785506100,3 Perform authentication,49632,0,17.470,13,17,19,31,1219,1566
1785506100,1 Send request to authorize endpoint,49630,0,5.957,5,7,8,13,181,1563
1785506100,2 Start Authentication Flow,49630,0,4.567,4,5,6,10,167,1563
1785506100,__ALL__,248158,0,8.022,5,13,15,22,371,1566
1785506100,4 Obtain authorization code,49634,0,6.389,5,6,7,12,352,1564
1785506400,5 Obtain access token,49744,0,5.151,5,7,8,10,16,40
1785506400,3 Perform authentication,49745,0,13.224,13,17,19,24,45,106
1785506400,1 Send request to authorize endpoint,49746,0,5.266,5,7,8,10,18,87
1785506400,2 Start Authentication Flow,49745,0,3.957,4,5,6,8,14,85
1785506400,__ALL__,248724,0,6.505,5,13,14,19,31,106
1785506400,4 Obtain authorization code,49744,0,4.927,5,6,7,10,16,86
1785506700,5 Obtain access token,49721,0,6.429,5,7,8,14,337,1555
1785506700,3 Perform authentication,49720,0,17.757,13,17,20,39,1187,1565
1785506700,1 Send request to authorize endpoint,49721,0,6.450,5,7,8,17,254,1554
1785506700,2 Start Authentication Flow,49721,0,4.633,4,5,6,12,170,496
1785506700,__ALL__,248602,0,8.429,5,13,15,25,431,1565
1785506700,4 Obtain authorization code,49719,0,6.878,5,6,8,14,321,1555
1785507000,5 Obtain access token,49833,0,5.167,5,7,8,10,19,56
1785507000,3 Perform authentication,49835,0,13.260,13,17,19,24,45,132
1785507000,1 Send request to authorize endpoint,49833,0,5.268,5,7,8,10,20,49
1785507000,2 Start Authentication Flow,49832,0,3.976,4,5,6,8,14,38
1785507000,__ALL__,249168,0,6.525,5,13,14,19,30,132
1785507000,4 Obtain authorization code,49835,0,4.953,5,6,7,10,19,61
1785507300,5 Obtain access token,49495,0,6.508,5,7,8,14,307,1577
1785507300,3 Perform authentication,49495,0,17.969,12,17,19,42,1328,1584
1785507300,1 Send request to authorize endpoint,49494,0,6.452,5,7,8,15,264,1574
1785507300,2 Start Authentication Flow,49495,0,4.707,4,5,6,12,183,328
1785507300,__ALL__,247472,0,8.522,5,13,15,25,409,1584
1785507300,4 Obtain authorization code,49493,0,6.973,5,6,8,14,344,1574
1785507600,5 Obtain access token,49501,0,5.199,5,7,8,10,16,40
1785507600,3 Perform authentication,49498,0,13.216,13,17,19,24,40,62
1785507600,1 Send request to authorize endpoint,49502,0,5.298,5,7,8,10,17,35
1785507600,2 Start Authentication Flow,49503,0,4.014,4,5,6,9,13,38
1785507600,__ALL__,247504,0,6.542,5,13,14,19,29,62
1785507600,4 Obtain authorization code,49500,0,4.985,5,6,7,10,15,36
1785507900,5 Obtain access token,49640,0,6.947,5,7,8,16,409,674
1785507900,3 Perform authentication,49640,0,18.706,13,17,19,44,1314,1593
1785507900,1 Send request to authorize endpoint,49641,0,6.692,5,7,8,18,303,1584
1785507900,2 Start Authentication Flow,49641,0,5.024,4,6,7,14,194,1588
1785507900,__ALL__,248202,0,8.968,5,13,15,27,520,1593
1785507900,4 Obtain authorization code,49640,0,7.471,5,7,8,15,439,1120
1785508200,5 Obtain access token,49556,0,5.190,5,7,8,10,19,39
1785508200,3 Perform authentication,49559,0,13.296,13,17,19,25,45,80
1785508200,1 Send request to authorize endpoint,49556,0,5.285,5,7,8,11,19,42
1785508200,2 Start Authentication Flow,49556,0,4.006,4,5,6,9,17,40
1785508200,__ALL__,247784,0,6.552,5,13,14,19,32,80
1785508200,4 Obtain authorization code,49557,0,4.981,5,6,7,10,20,40
1785508500,5 Obtain access token,49564,0,6.967,5,7,8,13,417,1574
1785508500,3 Perform authentication,49562,0,18.089,12,17,19,36,1288,1566
1785508500,1 Send request to authorize endpoint,49562,0,6.509,5,7,8,15,286,1570
1785508500,2 Start Authentication Flow,49560,0,4.764,4,5,6,12,176,1573
1785508500,__ALL__,247812,0,8.658,5,13,15,24,491,1575
1785508500,4 Obtain authorization code,49564,0,6.961,5,7,8,15,330,1575
1785508800,5 Obtain access token,49929,0,5.163,5,7,8,10,19,43
1785508800,3 Perform authentication,49928,0,13.219,13,17,19,24,44,90
1785508800,1 Send request to authorize endpoint,49931,0,5.263,5,7,8,10,17,51
1785508800,2 Start Authentication Flow,49933,0,3.979,4,5,6,8,14,34
1785508800,__ALL__,249650,0,6.516,5,13,14,19,29,90
1785508800,4 Obtain authorization code,49929,0,4.959,5,6,7,10,16,38
1785509100,5 Obtain access token,49570,0,5.978,5,7,8,13,195,1568
1785509100,3 Perform authentication,49570,0,17.928,13,17,19,32,1302,1576
1785509100,1 Send request to authorize endpoint,49570,0,6.245,5,7,8,14,238,1567
1785509100,2 Start Authentication Flow,49571,0,4.614,4,5,6,11,141,1565
1785509100,__ALL__,247852,0,8.238,5,13,15,23,392,1576
1785509100,4 Obtain authorization code,49571,0,6.426,5,7,8,13,364,1568
1785509400,5 Obtain access token,49653,0,5.204,5,7,8,10,15,36
1785509400,3 Perform authentication,49656,0,13.282,13,17,19,25,40,74
1785509400,1 Send request to authorize endpoint,49653,0,5.320,5,7,8,11,16,37
1785509400,2 Start Authentication Flow,49652,0,4.023,4,5,6,8,13,36
1785509400,__ALL__,248267,0,6.567,5,13,15,19,30,74
1785509400,4 Obtain authorization code,49653,0,5.008,5,7,7,10,16,35
1785509700,5 Obtain access token,49712,0,5.746,5,7,8,12,140,1558
1785509700,3 Perform authentication,49709,0,17.577,13,17,19,31,1297,1558
1785509700,1 Send request to authorize endpoint,49711,0,5.977,5,7,8,13,186,1555
1785509700,2 Start Authentication Flow,49711,0,4.513,4,5,6,11,124,1557
1785509700,__ALL__,248554,0,7.967,5,13,15,22,303,1558
1785509700,4 Obtain authorization code,49711,0,6.024,5,7,8,12,262,1557
1785510000,5 Obtain access token,49520,0,5.299,5,7,8,10,16,1541
1785510000,3 Perform authentication,49528,0,13.785,13,17,19,25,42,1542
1785510000,1 Send request to authorize endpoint,49520,0,5.369,5,7,8,11,16,43
1785510000,2 Start Authentication Flow,49521,0,4.091,4,5,6,9,13,1545
1785510000,__ALL__,247610,0,6.729,5,13,15,19,31,1545
1785510000,4 Obtain authorization code,49521,0,5.098,5,7,8,10,15,1544
1785510300,5 Obtain access token,49697,0,6.326,5,7,8,14,293,604
1785510300,3 Perform authentication,49691,0,17.719,13,17,20,35,1207,1523
1785510300,1 Send request to authorize endpoint,49696,0,6.330,5,7,8,14,259,727
1785510300,2 Start Authentication Flow,49696,0,4.682,4,5,6,12,163,398
1785510300,__ALL__,248476,0,8.408,5,13,15,24,419,1523
1785510300,4 Obtain authorization code,49696,0,6.987,5,7,8,13,357,881
1785510600,5 Obtain access token,49712,0,6.395,5,7,8,14,293,1598
1785510600,3 Perform authentication,49711,0,18.555,13,17,19,41,1354,1608
1785510600,1 Send request to authorize endpoint,49710,0,6.521,5,7,8,15,296,1597
1785510600,2 Start Authentication Flow,49708,0,4.918,4,5,6,12,190,1598
1785510600,__ALL__,248553,0,8.733,5,13,15,25,531,1608
1785510600,4 Obtain authorization code,49712,0,7.275,5,7,8,14,456,926
1785510900,5 Obtain access token,49717,0,5.214,5,7,8,10,15,39
1785510900,3 Perform authentication,49718,0,13.317,13,17,19,24,38,51
1785510900,1 Send request to authorize endpoint,49720,0,5.345,5,7,8,10,16,38
1785510900,2 Start Authentication Flow,49721,0,4.049,4,5,6,9,13,38
1785510900,__ALL__,248594,0,6.591,5,13,15,19,29,51
1785510900,4 Obtain authorization code,49718,0,5.029,5,7,7,10,15,38
1785511200,5 Obtain access token,49552,0,5.964,5,7,8,13,193,1573
1785511200,3 Perform authentication,49550,0,18.335,13,17,20,36,1319,1585
1785511200,1 Send request to authorize endpoint,49552,0,6.246,5,7,8,14,208,526
1785511200,2 Start Authentication Flow,49552,0,4.677,4,5,6,11,162,444
1785511200,__ALL__,247758,0,8.415,5,13,15,24,462,1585
1785511200,4 Obtain authorization code,49552,0,6.853,5,7,8,13,452,1575
1785511500,5 Obtain access token,49642,0,5.208,5,7,8,10,16,43
1785511500,3 Perform authentication,49644,0,13.340,13,17,19,24,41,57
1785511500,1 Send request to authorize endpoint,49643,0,5.308,5,7,8,11,17,39
1785511500,2 Start Authentication Flow,49643,0,4.003,4,5,6,8,14,34
1785511500,__ALL__,248214,0,6.570,5,13,15,19,29,57
1785511500,4 Obtain authorization code,49642,0,4.989,5,6,7,10,15,39
1785511800,5 Obtain access token,49616,0,6.285,5,7,8,13,306,548
1785511800,3 Perform authentication,49614,0,17.429,13,17,19,34,1242,1548
1785511800,1 Send request to authorize endpoint,49614,0,6.362,5,7,8,13,283,570
1785511800,2 Start Authentication Flow,49615,0,4.612,4,5,6,11,143,307
1785511800,__ALL__,248075,0,8.191,5,13,15,23,383,1548
1785511800,4 Obtain authorization code,49616,0,6.269,5,7,8,12,255,1539
1785512100,5 Obtain access token,49704,0,5.192,5,7,8,10,16,38
1785512100,3 Perform authentication,49704,0,13.528,13,17,19,25,40,75
1785512100,1 Send request to authorize endpoint,49705,0,5.305,5,7,8,11,17,41
1785512100,2 Start Authentication Flow,49703,0,4.018,4,5,6,9,13,43
1785512100,__ALL__,248520,0,6.608,5,13,15,19,31,75
1785512100,4 Obtain authorization code,49704,0,4.996,5,7,7,10,16,41
1785512400,5 Obtain access token,49550,0,5.888,5,7,8,13,200,1545
1785512400,3 Perform authentication,49550,0,17.612,13,17,19,35,1252,1540
1785512400,1 Send request to authorize endpoint,49548,0,6.049,5,7,8,13,182,1547
1785512400,2 Start Authentication Flow,49547,0,4.559,4,5,6,11,167,331
1785512400,__ALL__,247744,0,8.234,5,13,15,23,470,1547
1785512400,4 Obtain authorization code,49549,0,7.060,5,7,8,13,517,1546
1785512700,5 Obtain access token,49783,0,5.293,5,7,8,10,16,40
1785512700,3 Perform authentication,49783,0,13.499,13,17,19,25,38,83
1785512700,1 Send request to authorize endpoint,49786,0,5.376,5,7,8,11,16,43
1785512700,2 Start Authentication Flow,49789,0,4.071,4,5,6,9,14,39
1785512700,__ALL__,248923,0,6.662,5,13,15,19,30,83
1785512700,4 Obtain authorization code,49782,0,5.069,5,7,7,10,15,37
1785513000,5 Obtain access token,49541,0,6.887,5,7,8,17,396,725
1785513000,3 Perform authentication,49541,0,19.076,13,17,20,61,1375,1597
1785513000,1 Send request to authorize endpoint,49540,0,6.851,5,7,8,24,317,1592
1785513000,2 Start Authentication Flow,49539,0,5.041,4,6,7,18,215,1590
1785513000,__ALL__,247703,0,9.120,5,13,15,30,542,1597
1785513000,4 Obtain authorization code,49542,0,7.744,5,7,8,24,517,1060
1785513300,5 Obtain access token,49646,0,5.202,5,7,8,10,16,48
1785513300,3 Perform authentication,49648,0,13.271,13,17,19,24,40,88
1785513300,1 Send request to authorize endpoint,49644,0,5.307,5,7,8,11,21,39
1785513300,2 Start Authentication Flow,49643,0,4.006,4,5,6,8,14,34
1785513300,__ALL__,248230,0,6.557,5,13,14,19,30,88
1785513300,4 Obtain authorization code,49649,0,4.997,5,6,7,10,18,80
1785513600,5 Obtain access token,49532,0,6.405,5,7,8,13,290,641
1785513600,3 Perform authentication,49533,0,18.219,13,17,19,36,1250,1583
1785513600,1 Send request to authorize endpoint,49534,0,6.421,5,7,8,14,257,1577
1785513600,2 Start Authentication Flow,49536,0,4.703,4,5,6,11,157,1573
1785513600,__ALL__,247667,0,8.485,5,13,15,24,426,1583
1785513600,4 Obtain authorization code,49532,0,6.676,5,7,8,14,300,1576
1785513900,5 Obtain access token,49688,0,5.227,5,7,8,10,16,44
1785513900,3 Perform authentication,49684,0,13.334,13,17,19,24,40,83
1785513900,1 Send request to authorize endpoint,49687,0,5.347,5,7,8,11,16,49
1785513900,2 Start Authentication Flow,49686,0,4.017,4,5,6,8,14,54
1785513900,__ALL__,248429,0,6.586,5,13,15,19,30,83
1785513900,4 Obtain authorization code,49684,0,5.004,5,6,7,10,15,41
1785514200,5 Obtain access token,49621,0,5.829,5,7,8,13,159,1606
1785514200,3 Perform authentication,49622,0,18.092,13,17,19,31,1307,1612
1785514200,1 Send request to authorize endpoint,49622,0,6.078,5,7,8,13,207,391
1785514200,2 Start Authentication Flow,49622,0,4.654,4,5,6,11,153,1606
1785514200,__ALL__,248109,0,8.218,5,13,15,23,415,1612
1785514200,4 Obtain authorization code,49622,0,6.439,5,7,8,12,361,662
1785514500,5 Obtain access token,49583,0,5.257,5,7,8,10,16,54
1785514500,3 Perform authentication,49584,0,13.484,13,17,19,25,45,77
1785514500,1 Send request to authorize endpoint,49582,0,5.375,5,7,8,11,23,52
1785514500,2 Start Authentication Flow,49583,0,4.092,4,5,6,9,15,57
1785514500,__ALL__,247916,0,6.658,5,13,15,20,32,77
1785514500,4 Obtain authorization code,49584,0,5.079,5,7,8,10,19,53
1785514800,5 Obtain access token,49541,0,6.815,5,7,8,16,366,1591
1785514800,3 Perform authentication,49539,0,19.104,13,18,20,51,1299,1593
1785514800,1 Send request to authorize endpoint,49543,0,6.859,5,7,9,22,310,553
1785514800,2 Start Authentication Flow,49542,0,5.040,4,6,7,15,208,454
1785514800,__ALL__,247704,0,9.053,5,13,15,29,544,1593
1785514800,4 Obtain authorization code,49539,0,7.449,5,7,8,19,433,827
1785515100,5 Obtain access token,49720,0,5.235,5,7,8,10,16,40
1785515100,3 Perform authentication,49722,0,13.405,13,17,19,24,38,63
1785515100,1 Send request to authorize endpoint,49719,0,5.369,5,7,8,11,17,50
1785515100,2 Start Authentication Flow,49720,0,4.068,4,5,6,9,13,50
1785515100,__ALL__,248603,0,6.626,5,13,15,19,29,63
1785515100,4 Obtain authorization code,49722,0,5.053,5,7,8,10,14,37
1785515400,5 Obtain access token,49710,0,5.993,5,7,8,12,184,1581
1785515400,3 Perform authentication,49709,0,17.873,13,17,19,31,1310,1588
1785515400,1 Send request to authorize endpoint,49709,0,6.183,5,7,8,13,214,1580
1785515400,2 Start Authentication Flow,49708,0,4.591,4,5,6,10,149,343
1785515400,__ALL__,248544,0,8.179,5,13,15,23,386,1588
1785515400,4 Obtain authorization code,49708,0,6.256,5,7,8,12,325,671
1785515700,5 Obtain access token,49634,0,5.225,5,7,8,10,17,38
1785515700,3 Perform authentication,49633,0,13.462,13,17,19,25,37,61
1785515700,1 Send request to authorize endpoint,49635,0,5.326,5,7,8,11,16,37
1785515700,2 Start Authentication Flow,49634,0,4.024,4,5,6,9,13,36
1785515700,__ALL__,248170,0,6.613,5,13,15,19,30,61
1785515700,4 Obtain authorization code,49634,0,5.027,5,7,7,10,16,37
1785516000,5 Obtain access token,49640,0,6.531,5,7,8,17,279,1567
1785516000,3 Perform authentication,49643,0,18.308,13,17,20,49,1315,1574
1785516000,1 Send request to authorize endpoint,49640,0,6.673,5,7,9,18,266,1566
1785516000,2 Start Authentication Flow,49641,0,4.982,4,6,7,13,201,1561
1785516000,__ALL__,248205,0,8.831,5,13,15,28,492,1574
1785516000,4 Obtain authorization code,49641,0,7.662,5,7,8,17,527,1562
1785516300,5 Obtain access token,49638,0,5.324,5,7,8,11,18,40
1785516300,3 Perform authentication,49635,0,13.478,13,17,19,25,41,67
1785516300,1 Send request to authorize endpoint,49638,0,5.452,5,7,8,11,18,43
1785516300,2 Start Authentication Flow,49637,0,4.153,4,6,6,9,15,43
1785516300,__ALL__,248186,0,6.710,5,13,15,20,31,67
1785516300,4 Obtain authorization code,49638,0,5.145,5,7,8,10,22,40
1785516600,5 Obtain access token,49554,0,5.686,5,7,8,12,129,349
1785516600,3 Perform authentication,49557,0,17.592,13,17,19,30,1296,1553
1785516600,1 Send request to authorize endpoint,49555,0,5.980,5,7,8,13,186,386
1785516600,2 Start Authentication Flow,49556,0,4.501,4,5,6,10,125,304
1785516600,__ALL__,247778,0,7.978,5,13,15,22,329,1553
1785516600,4 Obtain authorization code,49556,0,6.129,5,7,8,12,281,1543
1785516900,5 Obtain access token,49738,0,5.234,5,7,8,10,15,39
1785516900,3 Perform authentication,49737,0,13.320,13,17,19,24,37,59
1785516900,1 Send request to authorize endpoint,49737,0,5.343,5,7,8,10,15,46
1785516900,2 Start Authentication Flow,49737,0,4.044,4,5,6,8,13,36
1785516900,__ALL__,248686,0,6.596,5,13,15,19,29,59
1785516900,4 Obtain authorization code,49737,0,5.039,5,7,7,10,15,42
1785517200,5 Obtain access token,49589,0,5.732,5,7,8,13,121,1561
1785517200,3 Perform authentication,49587,0,17.311,13,17,20,37,1198,1573
1785517200,1 Send request to authorize endpoint,49588,0,6.037,5,7,8,14,185,452
1785517200,2 Start Authentication Flow,49588,0,4.649,4,5,7,12,141,1569
1785517200,__ALL__,247939,0,8.048,5,13,15,23,366,1573
1785517200,4 Obtain authorization code,49587,0,6.511,5,7,8,14,365,1561
1785517500,5 Obtain access token,49649,0,5.238,5,7,8,10,17,41
1785517500,3 Perform authentication,49651,0,13.408,13,17,19,25,41,66
1785517500,1 Send request to authorize endpoint,49651,0,5.347,5,7,8,11,18,44
1785517500,2 Start Authentication Flow,49651,0,4.034,4,5,6,9,14,37
1785517500,__ALL__,248251,0,6.609,5,13,15,19,30,66
1785517500,4 Obtain authorization code,49649,0,5.015,5,6,7,10,16,42
1785517800,5 Obtain access token,49504,0,5.976,5,7,8,13,169,1548
1785517800,3 Perform authentication,49502,0,17.450,13,17,19,34,1233,1553
1785517800,1 Send request to authorize endpoint,49503,0,6.179,5,7,8,14,199,1547
1785517800,2 Start Authentication Flow,49502,0,4.640,4,5,7,11,150,409
1785517800,__ALL__,247516,0,8.152,5,13,15,23,359,1553
1785517800,4 Obtain authorization code,49505,0,6.517,5,7,8,13,360,1548
1785518100,5 Obtain access token,49729,0,5.277,5,7,8,10,15,45
1785518100,3 Perform authentication,49730,0,13.558,13,17,19,25,40,62
1785518100,1 Send request to authorize endpoint,49728,0,5.389,5,7,8,11,16,41
1785518100,2 Start Authentication Flow,49728,0,4.088,4,5,6,8,13,44
1785518100,__ALL__,248644,0,6.681,5,13,15,19,30,62
1785518100,4 Obtain authorization code,49729,0,5.092,5,7,8,10,16,51
1785518400,5 Obtain access token,49717,0,5.971,5,7,8,13,217,1552
1785518400,3 Perform authentication,49721,0,17.857,13,17,20,35,1240,1560
1785518400,1 Send request to authorize endpoint,49717,0,6.239,5,7,8,14,210,1551
1785518400,2 Start Authentication Flow,49719,0,4.676,4,5,6,11,155,1549
1785518400,__ALL__,248592,0,8.377,5,13,15,24,492,1560
1785518400,4 Obtain authorization code,49718,0,7.144,5,7,8,13,517,925
1785518700,5 Obtain access token,49737,0,5.184,5,7,8,10,16,36
1785518700,3 Perform authentication,49733,0,13.259,13,17,19,24,36,55
1785518700,1 Send request to authorize endpoint,49738,0,5.280,5,7,8,11,16,39
1785518700,2 Start Authentication Flow,49734,0,3.981,4,5,6,8,12,34
1785518700,__ALL__,248678,0,6.538,5,13,15,19,28,55
1785518700,4 Obtain authorization code,49736,0,4.988,5,6,7,10,15,35
1785519000,5 Obtain access token,49621,0,5.922,5,7,8,13,184,1601
1785519000,3 Perform authentication,49621,0,18.156,13,17,19,35,1291,1611
1785519000,1 Send request to authorize endpoint,49621,0,6.270,5,7,8,14,228,1601
1785519000,2 Start Authentication Flow,49625,0,4.761,4,5,6,12,170,1599
1785519000,__ALL__,248109,0,8.399,5,13,15,23,475,1611
1785519000,4 Obtain authorization code,49621,0,6.889,5,7,8,13,450,1603
1785519300,5 Obtain access token,49741,0,5.215,5,7,8,10,16,40
1785519300,3 Perform authentication,49740,0,13.473,13,17,19,24,39,55
1785519300,1 Send request to authorize endpoint,49742,0,5.331,5,7,8,10,16,37
1785519300,2 Start Authentication Flow,49741,0,4.048,4,5,6,9,14,34
1785519300,__ALL__,248705,0,6.623,5,13,15,19,29,55
1785519300,4 Obtain authorization code,49741,0,5.046,5,7,7,10,15,34
1785519600,5 Obtain access token,49669,0,5.837,5,7,8,13,164,1573
1785519600,3 Perform authentication,49670,0,17.810,13,17,19,34,1316,1582
1785519600,1 Send request to authorize endpoint,49668,0,6.058,5,7,8,13,188,1569
1785519600,2 Start Authentication Flow,49668,0,4.504,4,5,6,10,128,307
1785519600,__ALL__,248345,0,8.074,5,13,15,23,349,1582
1785519600,4 Obtain authorization code,49670,0,6.158,5,7,8,12,271,1573
1785519900,5 Obtain access token,49656,0,5.262,5,7,8,10,18,39
1785519900,3 Perform authentication,49656,0,13.456,13,17,19,25,43,63
1785519900,1 Send request to authorize endpoint,49657,0,5.375,5,7,8,11,18,48
1785519900,2 Start Authentication Flow,49658,0,4.074,4,5,6,9,14,46
1785519900,__ALL__,248282,0,6.650,5,13,15,20,31,63
1785519900,4 Obtain authorization code,49655,0,5.082,5,7,8,10,16,47
1785520200,5 Obtain access token,49484,0,5.924,5,7,8,14,157,1581
1785520200,3 Perform authentication,49482,0,17.855,13,17,19,40,1245,1593
1785520200,1 Send request to authorize endpoint,49482,0,6.202,5,7,8,15,204,1581
1785520200,2 Start Authentication Flow,49482,0,4.610,4,5,6,12,155,333
1785520200,__ALL__,247413,0,8.228,5,13,15,24,414,1593
1785520200,4 Obtain authorization code,49483,0,6.547,5,7,8,15,366,1577
1785520500,5 Obtain access token,49707,0,5.170,5,7,8,10,17,46
1785520500,3 Perform authentication,49709,0,13.222,13,17,19,24,40,67
1785520500,1 Send request to authorize endpoint,49707,0,5.267,5,7,8,11,17,47
1785520500,2 Start Authentication Flow,49707,0,3.984,4,5,6,8,13,41
1785520500,__ALL__,248538,0,6.523,5,13,14,19,29,67
1785520500,4 Obtain authorization code,49708,0,4.970,5,6,7,10,18,37
1785520800,5 Obtain access token,49539,0,7.791,5,7,8,21,561,1595
1785520800,3 Perform authentication,49543,0,19.738,13,17,20,95,1343,1601
1785520800,1 Send request to authorize endpoint,49541,0,6.997,5,7,8,32,334,725
1785520800,2 Start Authentication Flow,49540,0,5.353,4,6,7,20,259,1594
1785520800,__ALL__,247704,0,9.597,5,13,15,36,621,1601
1785520800,4 Obtain authorization code,49541,0,8.104,5,7,8,49,413,861
1785521100,5 Obtain access token,49644,0,5.259,5,7,8,10,17,44
1785521100,3 Perform authentication,49640,0,13.371,13,17,19,24,41,64
1785521100,1 Send request to authorize endpoint,49644,0,5.379,5,7,8,11,17,43
1785521100,2 Start Authentication Flow,49645,0,4.059,4,5,6,9,14,38
1785521100,__ALL__,248215,0,6.624,5,13,15,19,30,64
1785521100,4 Obtain authorization code,49642,0,5.053,5,7,7,10,16,39
1785521400,5 Obtain access token,49552,0,6.859,5,7,8,15,352,1572
1785521400,3 Perform authentication,49553,0,18.806,13,18,20,42,1262,1581
1785521400,1 Send request to authorize endpoint,49550,0,6.669,5,7,9,16,274,1572
1785521400,2 Start Authentication Flow,49549,0,5.029,4,6,7,13,200,1570
1785521400,__ALL__,247758,0,8.968,5,13,15,26,489,1581
1785521400,4 Obtain authorization code,49554,0,7.476,5,7,8,16,379,910
1785521700,5 Obtain access token,49757,0,5.259,5,7,8,10,16,46
1785521700,3 Perform authentication,49756,0,13.545,13,17,19,25,39,62
1785521700,1 Send request to authorize endpoint,49759,0,5.381,5,7,8,11,18,42
1785521700,2 Start Authentication Flow,49760,0,4.068,4,5,6,8,14,44
1785521700,__ALL__,248787,0,6.662,5,13,15,19,29,62
1785521700,4 Obtain authorization code,49755,0,5.059,5,7,7,10,15,39
1785522000,5 Obtain access token,49628,0,6.208,5,7,8,16,242,1599
1785522000,3 Perform authentication,49629,0,18.901,13,18,20,44,1343,1605
1785522000,1 Send request to authorize endpoint,49627,0,6.512,5,7,8,19,243,1599
1785522000,2 Start Authentication Flow,49626,0,5.008,4,6,7,14,204,1604
1785522000,__ALL__,248139,0,8.912,5,13,15,27,580,1605
1785522000,4 Obtain authorization code,49629,0,7.933,5,7,8,17,584,1600
1785522300,5 Obtain access token,49562,0,5.216,5,7,8,10,19,38
1785522300,3 Perform authentication,49561,0,13.254,13,17,19,24,42,88
1785522300,1 Send request to authorize endpoint,49561,0,5.325,5,7,8,10,18,49
1785522300,2 Start Authentication Flow,49562,0,4.037,4,5,6,9,16,35
1785522300,__ALL__,247807,0,6.569,5,13,14,19,30,88
1785522300,4 Obtain authorization code,49561,0,5.012,5,6,7,10,16,37
1785522600,5 Obtain access token,49556,0,6.117,5,7,8,13,218,1588
1785522600,3 Perform authentication,49555,0,18.108,13,17,20,35,1300,1591
1785522600,1 Send request to authorize endpoint,49558,0,6.334,5,7,8,15,228,1583
1785522600,2 Start Authentication Flow,49557,0,4.722,4,6,6,11,143,1587
1785522600,__ALL__,247782,0,8.371,5,13,15,24,413,1591
1785522600,4 Obtain authorization code,49556,0,6.574,5,7,8,13,379,782
1785522900,5 Obtain access token,49759,0,5.311,5,7,8,10,17,44
1785522900,3 Perform authentication,49760,0,13.598,13,17,19,25,40,62
1785522900,1 Send request to authorize endpoint,49759,0,5.430,5,7,8,11,18,38
1785522900,2 Start Authentication Flow,49759,0,4.118,4,6,6,9,14,42
1785522900,__ALL__,248796,0,6.717,5,13,15,20,31,62
1785522900,4 Obtain authorization code,49759,0,5.127,5,7,8,10,16,37
1785523200,5 Obtain access token,49637,0,6.471,5,7,8,14,327,732
1785523200,3 Perform authentication,49636,0,18.210,13,17,20,37,1248,1553
1785523200,1 Send request to authorize endpoint,49636,0,6.389,5,7,8,15,251,1559
1785523200,2 Start Authentication Flow,49637,0,4.781,4,5,7,12,189,1557
1785523200,__ALL__,248182,0,8.591,5,13,15,25,452,1559
1785523200,4 Obtain authorization code,49636,0,7.106,5,7,8,14,371,1557
1785523500,5 Obtain access token,49557,0,5.237,5,7,8,10,17,36
1785523500,3 Perform authentication,49558,0,13.387,13,17,19,24,38,55
1785523500,1 Send request to authorize endpoint,49556,0,5.341,5,7,8,10,16,42
1785523500,2 Start Authentication Flow,49555,0,4.053,4,5,6,8,13,36
1785523500,__ALL__,247785,0,6.611,5,13,15,19,29,55
1785523500,4 Obtain authorization code,49559,0,5.038,5,6,7,10,16,41
1785523800,5 Obtain access token,49499,0,5.887,5,7,8,13,170,1567
1785523800,3 Perform authentication,49500,0,17.863,13,17,19,32,1314,1576
1785523800,1 Send request to authorize endpoint,49501,0,6.059,5,7,8,13,207,1565
1785523800,2 Start Authentication Flow,49501,0,4.528,4,5,6,10,123,1564
1785523800,__ALL__,247501,0,8.085,5,13,15,22,339,1576
1785523800,4 Obtain authorization code,49500,0,6.088,5,7,8,13,244,1565
1785524100,5 Obtain access token,49591,0,5.190,5,7,8,10,22,46
1785524100,3 Perform authentication,49588,0,13.269,13,17,19,24,43,80
1785524100,1 Send request to authorize endpoint,49590,0,5.278,5,7,8,10,18,37
1785524100,2 Start Authentication Flow,49588,0,4.002,4,5,6,8,16,40
1785524100,__ALL__,247945,0,6.546,5,13,14,19,30,80
1785524100,4 Obtain authorization code,49588,0,4.994,5,6,7,10,18,51
1785524400,5 Obtain access token,49594,0,6.737,5,7,8,14,362,645
1785524400,3 Perform authentication,49596,0,18.381,13,17,20,39,1307,1592
1785524400,1 Send request to authorize endpoint,49594,0,6.493,5,7,8,15,297,693
1785524400,2 Start Authentication Flow,49596,0,4.830,4,5,6,12,168,1581
1785524400,__ALL__,247975,0,8.593,5,13,15,24,444,1592
1785524400,4 Obtain authorization code,49595,0,6.524,5,7,8,14,231,1585
1785524700,5 Obtain access token,49690,0,5.299,5,7,8,10,20,55
1785524700,3 Perform authentication,49689,0,13.615,13,17,19,25,50,106
1785524700,1 Send request to authorize endpoint,49690,0,5.413,5,7,8,11,22,40
1785524700,2 Start Authentication Flow,49689,0,4.094,4,5,6,9,17,50
1785524700,__ALL__,248448,0,6.705,5,13,15,20,32,106
1785524700,4 Obtain authorization code,49690,0,5.103,5,7,8,10,19,55
1785525000,5 Obtain access token,49529,0,6.860,5,7,8,14,360,1575
1785525000,3 Perform authentication,49532,0,18.685,13,17,20,43,1356,1581
1785525000,1 Send request to authorize endpoint,49530,0,6.635,5,7,8,17,299,1576
1785525000,2 Start Authentication Flow,49531,0,4.850,4,6,7,13,165,1575
1785525000,__ALL__,247650,0,8.783,5,13,15,26,447,1581
1785525000,4 Obtain authorization code,49528,0,6.883,5,7,8,20,299,1575
1785525300,5 Obtain access token,49651,0,5.301,5,7,8,11,21,95
1785525300,3 Perform authentication,49651,0,13.412,13,17,19,25,55,125
1785525300,1 Send request to authorize endpoint,49649,0,5.357,5,7,8,11,23,106
1785525300,2 Start Authentication Flow,49649,0,4.065,4,5,6,9,17,94
1785525300,__ALL__,248252,0,6.643,5,13,15,20,34,125
1785525300,4 Obtain authorization code,49652,0,5.078,5,7,7,10,22,103
1785525600,5 Obtain access token,49567,0,5.852,5,7,8,14,141,1572
1785525600,3 Perform authentication,49564,0,17.890,13,17,20,36,1272,1568
1785525600,1 Send request to authorize endpoint,49567,0,6.251,5,7,8,15,211,1574
1785525600,2 Start Authentication Flow,49566,0,4.731,4,6,7,12,171,400
1785525600,__ALL__,247830,0,8.232,5,13,15,24,382,1574
1785525600,4 Obtain authorization code,49566,0,6.435,5,7,8,14,339,1574
1785525900,5 Obtain access token,49640,0,5.207,5,7,8,10,17,39
1785525900,3 Perform authentication,49641,0,13.308,13,17,19,24,40,66
1785525900,1 Send request to authorize endpoint,49640,0,5.300,5,7,8,10,17,39
1785525900,2 Start Authentication Flow,49639,0,4.014,4,5,6,8,13,37
1785525900,__ALL__,248200,0,6.567,5,13,14,19,30,66
1785525900,4 Obtain authorization code,49640,0,5.005,5,6,7,10,15,41
1785526200,5 Obtain access token,49611,0,5.720,5,7,8,12,103,1546
1785526200,3 Perform authentication,49613,0,17.257,13,17,20,31,1242,1550
1785526200,1 Send request to authorize endpoint,49613,0,5.976,5,7,8,13,153,1543
1785526200,2 Start Authentication Flow,49616,0,4.490,4,5,6,10,115,1543
1785526200,__ALL__,248067,0,7.898,5,13,15,22,282,1550
1785526200,4 Obtain authorization code,49614,0,6.049,5,7,8,12,274,492
1785526500,5 Obtain access token,49665,0,5.210,5,7,8,10,17,40
1785526500,3 Perform authentication,49665,0,13.344,13,17,19,24,40,71
1785526500,1 Send request to authorize endpoint,49664,0,5.303,5,7,8,10,18,37
1785526500,2 Start Authentication Flow,49663,0,4.021,4,5,6,9,14,37
1785526500,__ALL__,248321,0,6.578,5,13,15,19,30,71
1785526500,4 Obtain authorization code,49664,0,5.011,5,6,7,10,16,44
1785526800,5 Obtain access token,49596,0,6.318,5,7,8,14,296,1584
1785526800,3 Perform authentication,49594,0,18.184,13,17,20,38,1268,1594
1785526800,1 Send request to authorize endpoint,49596,0,6.397,5,7,8,15,264,559
1785526800,2 Start Authentication Flow,49594,0,4.695,4,5,6,12,177,310
1785526800,__ALL__,247974,0,8.565,5,13,15,25,463,1594
1785526800,4 Obtain authorization code,49594,0,7.230,5,7,8,14,390,1588
1785527100,5 Obtain access token,49565,0,5.205,5,7,8,10,17,49
1785527100,3 Perform authentication,49565,0,13.290,13,17,19,24,38,56
1785527100,1 Send request to authorize endpoint,49565,0,5.294,5,7,8,10,16,52
1785527100,2 Start Authentication Flow,49566,0,4.014,4,5,6,8,13,35
1785527100,__ALL__,247826,0,6.561,5,13,15,19,29,56
1785527100,4 Obtain authorization code,49565,0,5.001,5,6,7,10,15,46
1785527400,5 Obtain access token,49738,0,6.507,5,7,8,14,317,1543
1785527400,3 Perform authentication,49738,0,17.805,13,17,20,40,1245,1551
1785527400,1 Send request to authorize endpoint,49738,0,6.356,5,7,8,16,246,486
1785527400,2 Start Authentication Flow,49740,0,4.703,4,5,7,12,156,649
1785527400,__ALL__,248694,0,8.447,5,13,15,24,395,1551
1785527400,4 Obtain authorization code,49740,0,6.866,5,7,8,16,329,1541
1785527700,5 Obtain access token,49654,0,5.320,5,7,8,11,18,39
1785527700,3 Perform authentication,49653,0,13.720,13,18,20,29,44,64
1785527700,1 Send request to authorize endpoint,49653,0,5.474,5,7,9,13,22,36
1785527700,2 Start Authentication Flow,49652,0,4.107,4,6,7,10,16,37
1785527700,__ALL__,248265,0,6.760,5,13,15,21,34,64
1785527700,4 Obtain authorization code,49653,0,5.180,5,7,8,13,22,37
1785528000,5 Obtain access token,49580,0,6.907,5,7,8,15,397,1561
1785528000,3 Perform authentication,49579,0,18.355,13,18,20,39,1279,1569
1785528000,1 Send request to authorize endpoint,49580,0,6.529,5,7,8,16,259,1561
1785528000,2 Start Authentication Flow,49580,0,5.026,4,6,7,12,185,1565
1785528000,__ALL__,247898,0,8.823,5,13,15,26,481,1569
1785528000,4 Obtain authorization code,49579,0,7.299,5,7,8,14,369,1566
1785528300,5 Obtain access token,49655,0,5.302,5,7,8,10,17,91
1785528300,3 Perform authentication,49660,0,13.605,13,17,19,25,43,101
1785528300,1 Send request to authorize endpoint,49656,0,5.421,5,7,8,11,17,91
1785528300,2 Start Authentication Flow,49655,0,4.085,4,5,6,9,14,35
1785528300,__ALL__,248283,0,6.701,5,13,15,19,31,101
1785528300,4 Obtain authorization code,49657,0,5.089,5,7,7,10,17,43
1785528600,5 Obtain access token,49606,0,6.329,5,7,8,14,284,1563
1785528600,3 Perform authentication,49602,0,18.050,13,17,20,37,1268,1572
1785528600,1 Send request to authorize endpoint,49606,0,6.389,5,7,8,15,245,1565
1785528600,2 Start Authentication Flow,49605,0,4.721,4,5,6,12,174,333
1785528600,__ALL__,248023,0,8.486,5,13,15,24,369,1572
1785528600,4 Obtain authorization code,49604,0,6.944,5,7,8,13,327,1563
1785528900,5 Obtain access token,49533,0,5.178,5,7,8,10,17,45
1785528900,3 Perform authentication,49532,0,13.299,13,17,19,24,41,79
1785528900,1 Send request to authorize endpoint,49533,0,5.278,5,7,8,10,18,41
1785528900,2 Start Authentication Flow,49535,0,4.004,4,5,6,8,14,37
1785528900,__ALL__,247666,0,6.554,5,13,14,19,32,79
1785528900,4 Obtain authorization code,49533,0,5.010,5,6,7,10,17,38
1785529200,5 Obtain access token,49587,0,6.831,5,7,8,15,362,1575
1785529200,3 Perform authentication,49590,0,18.355,13,17,20,41,1223,1577
1785529200,1 Send request to authorize endpoint,49585,0,6.575,5,7,8,16,266,1570
1785529200,2 Start Authentication Flow,49583,0,4.928,4,6,7,13,190,1572
1785529200,__ALL__,247934,0,8.781,5,13,15,26,466,1577
1785529200,4 Obtain authorization code,49589,0,7.217,5,7,8,16,352,923
1785529500,5 Obtain access token,49602,0,5.732,5,7,8,11,154,1566
1785529500,3 Perform authentication,49644,0,17.610,13,17,19,29,1277,1557
1785529500,1 Send request to authorize endpoint,49566,0,5.972,5,7,8,12,204,1567
1785529500,2 Start Authentication Flow,49524,0,4.362,4,5,6,9,123,564
1785529500,__ALL__,247952,0,7.973,5,13,15,21,354,1567
1785529500,4 Obtain authorization code,49616,0,6.175,5,7,8,11,337,1565
1785529800,5 Obtain access token,49684,0,5.350,5,7,8,11,27,354
1785529800,3 Perform authentication,49644,0,13.485,13,17,19,25,48,265
1785529800,1 Send request to authorize endpoint,49723,0,5.552,5,7,8,11,54,237
1785529800,2 Start Authentication Flow,49768,0,4.276,4,5,6,9,67,362
1785529800,__ALL__,248490,0,6.777,5,13,15,20,45,610
1785529800,4 Obtain authorization code,49671,0,5.234,5,7,8,10,36,610
1785530100,5 Obtain access token,49503,0,5.903,5,7,8,13,205,436
1785530100,3 Perform authentication,49499,0,17.726,13,17,19,34,1282,1545
1785530100,1 Send request to authorize endpoint,49502,0,6.136,5,7,8,14,210,456
1785530100,2 Start Authentication Flow,49501,0,4.597,4,5,6,11,140,1549
1785530100,__ALL__,247506,0,8.298,5,13,15,23,476,1549
1785530100,4 Obtain authorization code,49501,0,7.128,5,7,8,13,497,1546
1785530400,5 Obtain access token,49763,0,5.190,5,7,8,10,16,47
1785530400,3 Perform authentication,49763,0,13.250,13,17,19,24,39,71
1785530400,1 Send request to authorize endpoint,49764,0,5.291,5,7,8,11,17,42
1785530400,2 Start Authentication Flow,49762,0,4.014,4,5,6,8,15,43
1785530400,__ALL__,248815,0,6.548,5,13,14,19,30,71
1785530400,4 Obtain authorization code,49763,0,4.993,5,6,7,10,15,44
1785530700,5 Obtain access token,49736,0,6.368,5,7,8,15,285,637
1785530700,3 Perform authentication,49737,0,18.615,13,18,20,45,1290,1579
1785530700,1 Send request to authorize endpoint,49735,0,6.496,5,7,8,17,259,1575
1785530700,2 Start Authentication Flow,49736,0,4.808,4,6,7,13,171,1577
1785530700,__ALL__,248680,0,8.763,5,13,15,27,527,1579
1785530700,4 Obtain authorization code,49736,0,7.525,5,7,8,17,542,1576
1785531000,5 Obtain access token,49712,0,5.335,5,7,8,11,22,56
1785531000,3 Perform authentication,49711,0,13.604,13,17,19,26,52,99
1785531000,1 Send request to authorize endpoint,49713,0,5.444,5,7,8,11,21,44
1785531000,2 Start Authentication Flow,49715,0,4.127,4,5,6,9,17,42
1785531000,__ALL__,248562,0,6.727,5,13,15,20,35,99
1785531000,4 Obtain authorization code,49711,0,5.123,5,7,8,10,19,40
1785531300,5 Obtain access token,49805,0,5.719,5,7,8,12,104,1568
1785531300,3 Perform authentication,49804,0,18.130,13,17,19,30,1329,1582
1785531300,1 Send request to authorize endpoint,49803,0,6.152,5,7,8,13,190,1567
1785531300,2 Start Authentication Flow,49802,0,4.715,4,5,6,11,162,1567
1785531300,__ALL__,249019,0,8.194,5,13,15,22,377,1582
1785531300,4 Obtain authorization code,49805,0,6.253,5,7,8,12,300,591
1785531600,5 Obtain access token,49561,0,5.286,5,7,8,11,22,45
1785531600,3 Perform authentication,49563,0,13.439,13,17,19,26,57,86
1785531600,1 Send request to authorize endpoint,49561,0,5.415,5,7,8,11,37,55
1785531600,2 Start Authentication Flow,49562,0,4.063,4,5,6,9,18,44
1785531600,__ALL__,247809,0,6.666,5,13,15,20,40,86
1785531600,4 Obtain authorization code,49562,0,5.130,5,7,8,11,36,54
1785531900,5 Obtain access token,49446,0,6.024,5,7,8,16,179,1569
1785531900,3 Perform authentication,49445,0,18.104,13,17,20,50,1260,1577
1785531900,1 Send request to authorize endpoint,49448,0,6.266,5,7,8,17,202,1568
1785531900,2 Start Authentication Flow,49447,0,4.727,4,5,7,13,162,1569
1785531900,__ALL__,247231,0,8.391,5,13,15,26,426,1577
1785531900,4 Obtain authorization code,49445,0,6.833,5,7,8,16,425,1569
1785532200,5 Obtain access token,49703,0,5.257,5,7,8,10,18,76
1785532200,3 Perform authentication,49703,0,13.351,13,17,19,25,46,108
1785532200,1 Send request to authorize endpoint,49703,0,5.371,5,7,8,11,23,49
1785532200,2 Start Authentication Flow,49704,0,4.064,4,5,6,9,17,50
1785532200,__ALL__,248516,0,6.627,5,13,15,19,32,108
1785532200,4 Obtain authorization code,49703,0,5.096,5,7,8,10,21,46
1785532500,5 Obtain access token,49570,0,5.749,5,7,8,13,126,1565
1785532500,3 Perform authentication,49574,0,17.636,13,17,19,30,1263,1568
1785532500,1 Send request to authorize endpoint,49569,0,6.041,5,7,8,13,183,481
1785532500,2 Start Authentication Flow,49568,0,4.697,4,6,7,11,155,1566
1785532500,__ALL__,247853,0,8.111,5,13,15,23,349,1568
1785532500,4 Obtain authorization code,49572,0,6.429,5,7,8,12,335,1567
1785532800,5 Obtain access token,49634,0,5.214,5,7,8,10,17,40
1785532800,3 Perform authentication,49630,0,13.327,13,17,19,25,42,63
1785532800,1 Send request to authorize endpoint,49635,0,5.313,5,7,8,11,18,39
1785532800,2 Start Authentication Flow,49634,0,4.028,4,5,6,9,14,37
1785532800,__ALL__,248166,0,6.585,5,13,15,19,32,63
1785532800,4 Obtain authorization code,49633,0,5.045,5,7,7,10,16,38
1785533100,5 Obtain access token,49597,0,6.025,5,7,8,15,224,550
1785533100,3 Perform authentication,49597,0,18.709,13,17,20,43,1307,1604
1785533100,1 Send request to authorize endpoint,49596,0,6.490,5,7,8,16,277,1600
1785533100,2 Start Authentication Flow,49596,0,4.809,4,5,6,13,198,499
1785533100,__ALL__,247983,0,8.672,5,13,15,26,562,1604
1785533100,4 Obtain authorization code,49597,0,7.329,5,7,8,18,558,1600
1785533400,5 Obtain access token,49686,0,5.193,5,7,8,10,16,42
1785533400,3 Perform authentication,49688,0,13.379,13,17,19,25,41,58
1785533400,1 Send request to authorize endpoint,49686,0,5.286,5,7,8,11,17,40
1785533400,2 Start Authentication Flow,49688,0,3.994,4,5,6,9,14,41
1785533400,__ALL__,248434,0,6.576,5,13,15,19,31,58
1785533400,4 Obtain authorization code,49686,0,5.026,5,7,8,10,16,42
1785533700,5 Obtain access token,49582,0,6.519,5,7,8,27,279,1555
1785533700,3 Perform authentication,49580,0,18.994,13,17,20,150,1260,1564
1785533700,1 Send request to authorize endpoint,49583,0,6.820,5,7,8,46,276,1551
1785533700,2 Start Authentication Flow,49583,0,5.103,4,5,7,32,213,1549
1785533700,__ALL__,247909,0,9.082,5,13,15,50,496,1564
1785533700,4 Obtain authorization code,49581,0,7.973,5,7,8,94,503,1550
1785534000,5 Obtain access token,49436,0,6.599,5,7,8,31,323,1041
1785534000,3 Perform authentication,49436,0,17.111,13,17,20,126,703,1372
1785534000,1 Send request to authorize endpoint,49435,0,7.637,5,7,8,48,485,1302
1785534000,2 Start Authentication Flow,49435,0,6.031,4,5,7,31,491,1159
1785534000,__ALL__,247178,0,9.351,5,13,15,48,633,1849
1785534000,4 Obtain authorization code,49436,0,9.376,5,7,8,110,866,1849
1785534300,5 Obtain access token,49535,0,6.703,5,7,9,49,246,1568
1785534300,3 Perform authentication,49535,0,20.434,13,18,21,210,1249,1563
1785534300,1 Send request to authorize endpoint,49535,0,7.648,5,7,9,84,368,929
1785534300,2 Start Authentication Flow,49533,0,6.037,4,6,7,63,351,1566
1785534300,__ALL__,247673,0,10.144,5,13,16,100,648,1568
1785534300,4 Obtain authorization code,49535,0,9.899,5,7,8,191,661,1566
1785534600,5 Obtain access token,49644,0,5.976,5,7,8,14,185,660
1785534600,3 Perform authentication,49644,0,15.506,13,17,20,36,472,1254
1785534600,1 Send request to authorize endpoint,49645,0,6.747,5,7,8,15,363,1320
1785534600,2 Start Authentication Flow,49646,0,5.229,4,5,6,12,322,1055
1785534600,__ALL__,248224,0,8.195,5,13,15,25,432,1320
1785534600,4 Obtain authorization code,49645,0,7.516,5,7,8,15,599,1301
1785534900,5 Obtain access token,49636,0,5.680,5,7,8,13,118,1571
1785534900,3 Perform authentication,49639,0,18.029,13,17,20,36,1296,1587
1785534900,1 Send request to authorize endpoint,49634,0,6.054,5,7,8,14,186,1575
1785534900,2 Start Authentication Flow,49635,0,4.598,4,5,6,11,158,497
1785534900,__ALL__,248180,0,8.144,5,13,15,24,369,1587
1785534900,4 Obtain authorization code,49636,0,6.360,5,7,8,14,315,592
1785535200,5 Obtain access token,49663,0,5.235,5,7,8,11,18,46
1785535200,3 Perform authentication,49664,0,13.376,13,17,19,25,45,62
1785535200,1 Send request to authorize endpoint,49663,0,5.342,5,7,8,11,22,41
1785535200,2 Start Authentication Flow,49662,0,4.037,4,5,6,9,16,36
1785535200,__ALL__,248314,0,6.615,5,13,15,19,33,62
1785535200,4 Obtain authorization code,49662,0,5.085,5,7,8,10,19,42
1785535500,5 Obtain access token,49697,0,5.755,5,7,8,13,127,1588
1785535500,3 Perform authentication,49695,0,18.334,13,17,20,33,1338,1588
1785535500,1 Send request to authorize endpoint,49697,0,6.093,5,7,8,14,186,1587
1785535500,2 Start Authentication Flow,49697,0,4.675,4,5,6,11,150,1591
1785535500,__ALL__,248484,0,8.257,5,13,15,23,414,1591
1785535500,4 Obtain authorization code,49698,0,6.431,5,7,8,13,332,1590
1785535800,5 Obtain access token,49669,0,5.185,5,7,8,10,17,39
1785535800,3 Perform authentication,49668,0,13.267,13,17,19,24,40,73
1785535800,1 Send request to authorize endpoint,49671,0,5.290,5,7,8,10,17,53
1785535800,2 Start Authentication Flow,49672,0,4.007,4,5,6,9,14,40
1785535800,__ALL__,248350,0,6.553,5,13,14,19,31,73
1785535800,4 Obtain authorization code,49670,0,5.015,5,6,7,10,16,38
1785536100,5 Obtain access token,49713,0,5.937,5,7,8,13,194,1558
1785536100,3 Perform authentication,49712,0,17.895,13,17,19,33,1298,1558
1785536100,1 Send request to authorize endpoint,49710,0,6.251,5,7,8,14,232,1559
1785536100,2 Start Authentication Flow,49710,0,4.589,4,5,6,11,151,344
1785536100,__ALL__,248556,0,8.250,5,13,15,23,406,1559
1785536100,4 Obtain authorization code,49711,0,6.578,5,7,8,13,400,1555
1785536400,5 Obtain access token,49783,0,5.237,5,7,8,10,18,70
1785536400,3 Perform authentication,49785,0,13.416,13,17,19,26,43,91
1785536400,1 Send request to authorize endpoint,49782,0,5.352,5,7,8,11,18,40
1785536400,2 Start Authentication Flow,49781,0,4.064,4,5,6,9,15,36
1785536400,__ALL__,248915,0,6.626,5,13,15,19,32,91
1785536400,4 Obtain authorization code,49784,0,5.063,5,7,8,10,17,40
1785536700,5 Obtain access token,49521,0,6.672,5,7,8,13,368,1554
1785536700,3 Perform authentication,49520,0,18.012,13,17,19,37,1294,1559
1785536700,1 Send request to authorize endpoint,49524,0,6.426,5,7,8,14,245,1554
1785536700,2 Start Authentication Flow,49524,0,4.671,4,5,6,11,171,410
1785536700,__ALL__,247609,0,8.516,5,13,15,23,461,1559
1785536700,4 Obtain authorization code,49520,0,6.801,5,7,8,13,309,1555
1785537000,5 Obtain access token,49706,0,5.178,5,7,8,10,18,38
1785537000,3 Perform authentication,49708,0,13.322,13,17,19,25,43,73
1785537000,1 Send request to authorize endpoint,49707,0,5.283,5,7,8,10,18,51
1785537000,2 Start Authentication Flow,49707,0,4.005,4,5,6,8,14,35
1785537000,__ALL__,248536,0,6.562,5,13,15,19,30,73
1785537000,4 Obtain authorization code,49708,0,5.020,5,7,7,10,17,47
1785537300,5 Obtain access token,49501,0,6.211,5,7,8,32,182,1579
1785537300,3 Perform authentication,49500,0,19.421,13,17,20,169,1271,1595
1785537300,1 Send request to authorize endpoint,49501,0,6.935,5,7,8,53,293,1577
1785537300,2 Start Authentication Flow,49502,0,5.336,4,5,7,40,227,1578
1785537300,__ALL__,247504,0,9.223,5,13,15,61,549,1595
1785537300,4 Obtain authorization code,49500,0,8.211,5,7,8,122,506,1578
1785537600,5 Obtain access token,49630,0,5.892,5,7,8,13,169,1047
1785537600,3 Perform authentication,49629,0,15.064,13,17,19,35,445,850
1785537600,1 Send request to authorize endpoint,49627,0,6.392,5,7,8,14,304,822
1785537600,2 Start Authentication Flow,49626,0,4.848,4,5,6,11,223,725
1785537600,__ALL__,248142,0,7.838,5,13,15,24,356,1047
1785537600,4 Obtain authorization code,49630,0,6.993,5,7,8,14,496,1025
1785537900,5 Obtain access token,49493,0,7.153,5,7,8,60,324,842
1785537900,3 Perform authentication,49493,0,20.413,13,17,21,227,1291,1553
1785537900,1 Send request to authorize endpoint,49495,0,8.095,5,7,9,95,458,1542
1785537900,2 Start Authentication Flow,49495,0,6.106,4,6,7,67,379,1166
1785537900,__ALL__,247468,0,10.288,5,13,16,110,680,1553
1785537900,4 Obtain authorization code,49492,0,9.674,5,7,8,206,691,1542
1785538200,5 Obtain access token,49510,0,6.379,5,7,8,25,305,844
1785538200,3 Perform authentication,49508,0,16.631,13,17,20,90,668,1652
1785538200,1 Send request to authorize endpoint,49511,0,7.465,5,7,8,31,511,1466
1785538200,2 Start Authentication Flow,49512,0,5.570,4,5,6,25,363,1392
1785538200,__ALL__,247551,0,8.967,5,13,15,36,579,1652
1785538200,4 Obtain authorization code,49510,0,8.789,5,7,8,56,801,1596
1785538500,5 Obtain access token,49602,0,7.187,5,7,8,68,315,804
1785538500,3 Perform authentication,49603,0,22.073,13,18,21,305,1293,1886
1785538500,1 Send request to authorize endpoint,49601,0,8.345,5,7,9,102,524,1429
1785538500,2 Start Authentication Flow,49601,0,6.341,4,6,7,71,433,1177
1785538500,__ALL__,248010,0,10.866,5,13,16,119,835,1886
1785538500,4 Obtain authorization code,49603,0,10.382,5,7,8,174,882,1873
1785538800,5 Obtain access token,49442,0,6.932,5,7,8,41,356,1333
1785538800,3 Perform authentication,49445,0,19.489,13,17,20,170,1101,2370
1785538800,1 Send request to authorize endpoint,49442,0,8.551,5,7,8,78,656,2210
1785538800,2 Start Authentication Flow,49442,0,6.443,4,6,7,58,503,2103
1785538800,__ALL__,247214,0,10.537,5,13,15,81,905,2641
1785538800,4 Obtain authorization code,49443,0,11.268,5,7,8,158,1257,2641
1785539100,5 Obtain access token,49372,0,8.327,5,7,9,100,453,1561
1785539100,3 Perform authentication,49371,0,23.331,13,18,21,378,1290,1919
1785539100,1 Send request to authorize endpoint,49371,0,9.613,5,7,9,148,689,1828
1785539100,2 Start Authentication Flow,49370,0,7.252,4,6,7,104,537,1568
1785539100,__ALL__,246857,0,12.322,5,13,16,189,981,1919
1785539100,4 Obtain authorization code,49373,0,13.089,5,7,8,340,1112,1847
1785539400,5 Obtain access token,49574,0,7.122,5,7,8,41,433,1461
1785539400,3 Perform authentication,49574,0,18.302,13,17,20,163,896,1865
1785539400,1 Send request to authorize endpoint,49576,0,8.597,5,7,8,80,717,1592
1785539400,2 Start Authentication Flow,49577,0,6.550,4,6,7,57,530,1542
1785539400,__ALL__,247874,0,10.285,5,13,15,81,789,2386
1785539400,4 Obtain authorization code,49573,0,10.856,5,7,8,161,1038,2386
1785539700,5 Obtain access token,49222,0,12.046,5,7,11,200,933,2311
1785539700,3 Perform authentication,49221,0,32.807,13,19,28,717,1578,2545
1785539700,1 Send request to authorize endpoint,49222,0,16.410,5,8,12,327,1382,3088
1785539700,2 Start Authentication Flow,49221,0,13.479,4,6,9,263,1206,3148
1785539700,__ALL__,246107,0,19.676,5,14,19,423,1525,3148
1785539700,4 Obtain authorization code,49221,0,23.640,5,7,11,652,1823,3119
1785540000,5 Obtain access token,49711,0,5.249,5,7,8,11,19,87
1785540000,3 Perform authentication,49712,0,13.144,12,17,19,25,51,106
1785540000,1 Send request to authorize endpoint,49710,0,5.239,5,7,8,11,20,88
1785540000,2 Start Authentication Flow,49709,0,3.968,4,5,6,9,16,88
1785540000,__ALL__,248553,0,6.522,5,12,14,19,34,106
1785540000,4 Obtain authorization code,49711,0,5.009,5,6,7,10,18,88
1785540300,5 Obtain access token,49360,0,7.416,5,7,9,67,387,1556
1785540300,3 Perform authentication,49361,0,22.037,13,18,21,321,1325,1944
1785540300,1 Send request to authorize endpoint,49360,0,8.840,5,7,9,115,575,1554
1785540300,2 Start Authentication Flow,49360,0,7.112,4,6,7,89,615,1555
1785540300,__ALL__,246804,0,11.506,5,13,16,144,933,2167
1785540300,4 Obtain authorization code,49363,0,12.126,5,7,8,259,1012,2167
1785540600,5 Obtain access token,49625,0,7.217,5,7,8,50,400,1388
1785540600,3 Perform authentication,49623,0,18.608,13,17,20,187,920,1970
1785540600,1 Send request to authorize endpoint,49624,0,8.728,5,7,8,95,664,2156
1785540600,2 Start Authentication Flow,49625,0,6.687,4,5,7,70,540,1938
1785540600,__ALL__,248118,0,10.624,5,13,15,102,822,2624
1785540600,4 Obtain authorization code,49621,0,11.883,5,7,8,210,1175,2624
1785540900,5 Obtain access token,49454,0,8.240,5,7,9,93,492,1760
1785540900,3 Perform authentication,49455,0,23.888,13,18,21,396,1355,2334
1785540900,1 Send request to authorize endpoint,49454,0,10.020,5,7,9,159,753,1786
1785540900,2 Start Authentication Flow,49454,0,7.793,4,6,7,115,667,1820
1785540900,__ALL__,247274,0,12.782,5,13,16,195,1012,2334
1785540900,4 Obtain authorization code,49457,0,13.969,5,7,8,340,1139,2076
1785541200,5 Obtain access token,49478,0,7.406,5,7,8,52,490,1537
1785541200,3 Perform authentication,49477,0,19.415,13,17,20,206,1022,1980
1785541200,1 Send request to authorize endpoint,49480,0,9.487,5,7,8,97,921,1939
1785541200,2 Start Authentication Flow,49481,0,7.253,4,6,7,83,661,1702
1785541200,__ALL__,247392,0,11.203,5,13,15,111,916,2676
1785541200,4 Obtain authorization code,49476,0,12.454,5,7,8,232,1224,2676
1785541500,5 Obtain access token,49389,0,8.054,5,7,8,76,542,1586
1785541500,3 Perform authentication,49389,0,24.017,13,18,21,420,1434,2033
1785541500,1 Send request to authorize endpoint,49387,0,10.055,5,7,9,145,817,2015
1785541500,2 Start Authentication Flow,49386,0,7.944,4,6,7,104,760,2067
1785541500,__ALL__,246940,0,12.673,5,13,16,175,1078,2388
1785541500,4 Obtain authorization code,49389,0,13.297,5,7,8,285,1202,2388
1785541800,5 Obtain access token,49429,0,7.770,5,7,8,64,506,1657
1785541800,3 Perform authentication,49429,0,20.088,13,18,21,236,1050,2067
1785541800,1 Send request to authorize endpoint,49429,0,9.896,5,7,9,121,861,2094
1785541800,2 Start Authentication Flow,49429,0,7.584,4,6,7,94,724,1714
1785541800,__ALL__,247145,0,11.658,5,13,16,134,951,2829
1785541800,4 Obtain authorization code,49429,0,12.954,5,7,8,257,1221,2829
1785542100,5 Obtain access token,49259,0,11.071,5,7,8,129,1579,2575
1785542100,3 Perform authentication,49258,0,25.568,13,18,21,468,1625,3424
1785542100,1 Send request to authorize endpoint,49259,0,14.356,5,7,9,229,1685,2972
1785542100,2 Start Authentication Flow,49259,0,12.160,4,6,7,169,1699,3099
1785542100,__ALL__,246294,0,16.639,5,13,16,297,1711,3499
1785542100,4 Obtain authorization code,49259,0,20.041,5,7,8,579,1894,3499
1785542400,5 Obtain access token,49581,0,7.746,5,7,9,58,506,1334
1785542400,3 Perform authentication,49586,0,19.544,13,18,21,210,957,1946
1785542400,1 Send request to authorize endpoint,49582,0,9.572,5,8,9,111,817,1974
1785542400,2 Start Authentication Flow,49581,0,7.642,4,6,7,73,761,1858
1785542400,__ALL__,247913,0,11.359,5,13,16,116,905,2048
1785542400,4 Obtain authorization code,49583,0,12.290,5,7,8,230,1201,2048
1785542700,5 Obtain access token,49329,0,11.209,5,7,9,139,1110,3601
1785542700,3 Perform authentication,49324,0,30.668,13,18,21,762,2033,3732
1785542700,1 Send request to authorize endpoint,49326,0,15.632,5,8,9,269,1784,3721
1785542700,2 Start Authentication Flow,49327,0,11.632,4,6,7,182,1464,3896
1785542700,__ALL__,246632,0,18.870,5,13,16,355,1951,4432
1785542700,4 Obtain authorization code,49326,0,25.210,5,7,9,791,2579,4432
1785543000,5 Obtain access token,49380,0,10.288,5,7,9,115,977,2376
1785543000,3 Perform authentication,49383,0,26.153,13,18,21,479,1669,4203
1785543000,1 Send request to authorize endpoint,49384,0,13.295,5,7,9,232,1326,3072
1785543000,2 Start Authentication Flow,49385,0,10.779,4,6,7,181,1292,2986
1785543000,__ALL__,246913,0,16.164,5,13,16,281,1575,4203
1785543000,4 Obtain authorization code,49381,0,20.305,5,7,8,604,2045,4038
1785543300,5 Obtain access token,49261,0,9.287,5,7,9,124,586,2105
1785543300,3 Perform authentication,49258,0,27.157,13,18,22,544,1489,2287
1785543300,1 Send request to authorize endpoint,49260,0,11.513,5,8,10,184,982,2305
1785543300,2 Start Authentication Flow,49259,0,8.905,4,6,8,140,756,2530
1785543300,__ALL__,246299,0,14.854,5,14,17,251,1271,2811
1785543300,4 Obtain authorization code,49261,0,17.410,5,7,9,459,1533,2811
1785543600,5 Obtain access token,49823,0,5.504,5,7,8,12,24,39
1785543600,3 Perform authentication,49824,0,13.919,13,18,21,29,47,64
1785543600,1 Send request to authorize endpoint,49822,0,5.675,5,8,9,13,26,44
1785543600,2 Start Authentication Flow,49822,0,4.313,4,6,7,10,21,36
1785543600,__ALL__,249115,0,6.958,5,13,15,21,35,64
1785543600,4 Obtain authorization code,49824,0,5.378,5,7,8,12,24,42
1785543900,5 Obtain access token,49557,0,6.371,5,7,9,27,211,1555
1785543900,3 Perform authentication,49559,0,19.086,13,18,23,79,1250,1564
1785543900,1 Send request to authorize endpoint,49559,0,6.711,5,8,10,32,222,532
1785543900,2 Start Authentication Flow,49557,0,5.090,4,6,8,25,177,1555
1785543900,__ALL__,247789,0,8.912,5,14,16,40,480,1564
1785543900,4 Obtain authorization code,49557,0,7.301,5,7,9,34,426,1557
1785544200,5 Obtain access token,49562,0,5.376,5,7,8,11,17,39
1785544200,3 Perform authentication,49560,0,13.570,13,17,19,25,37,57
1785544200,1 Send request to authorize endpoint,49562,0,5.490,5,7,8,11,16,43
1785544200,2 Start Authentication Flow,49563,0,4.192,4,6,7,9,16,43
1785544200,__ALL__,247809,0,6.773,5,13,15,19,30,57
1785544200,4 Obtain authorization code,49562,0,5.235,5,7,8,10,17,38
1785544500,5 Obtain access token,49632,0,5.826,5,7,8,14,126,1574
1785544500,3 Perform authentication,49632,0,18.378,13,18,20,38,1350,1575
1785544500,1 Send request to authorize endpoint,49630,0,6.229,5,7,9,15,217,407
1785544500,2 Start Authentication Flow,49630,0,4.800,4,6,7,13,161,1575
1785544500,__ALL__,248155,0,8.361,5,13,15,25,394,1576
1785544500,4 Obtain authorization code,49631,0,6.569,5,7,8,15,325,1576
1785544800,5 Obtain access token,49737,0,5.337,5,7,8,11,20,41
1785544800,3 Perform authentication,49735,0,13.523,13,17,20,26,43,63
1785544800,1 Send request to authorize endpoint,49738,0,5.435,5,7,8,12,21,36
1785544800,2 Start Authentication Flow,49739,0,4.138,4,6,7,9,17,34
1785544800,__ALL__,248685,0,6.722,5,13,15,20,32,63
1785544800,4 Obtain authorization code,49736,0,5.176,5,7,8,11,20,41
1785545100,5 Obtain access token,49511,0,6.183,5,7,8,15,204,1556
1785545100,3 Perform authentication,49515,0,18.237,13,17,20,41,1277,1564
1785545100,1 Send request to authorize endpoint,49509,0,6.335,5,7,9,16,210,459
1785545100,2 Start Authentication Flow,49509,0,4.810,4,6,7,13,176,405
1785545100,__ALL__,247557,0,8.595,5,13,15,25,485,1564
1785545100,4 Obtain authorization code,49513,0,7.408,5,7,8,17,495,1559
1785545400,5 Obtain access token,49701,0,5.361,5,7,8,11,23,46
1785545400,3 Perform authentication,49700,0,13.558,13,17,19,26,51,88
1785545400,1 Send request to authorize endpoint,49703,0,5.461,5,7,8,11,25,39
1785545400,2 Start Authentication Flow,49702,0,4.159,4,6,7,9,21,39
1785545400,__ALL__,248505,0,6.741,5,13,15,20,35,88
1785545400,4 Obtain authorization code,49699,0,5.168,5,7,8,11,21,37
1785545700,5 Obtain access token,49642,0,5.911,5,7,8,14,166,1567
1785545700,3 Perform authentication,49641,0,18.384,13,17,20,39,1295,1577
1785545700,1 Send request to authorize endpoint,49640,0,6.271,5,7,8,16,210,1569
1785545700,2 Start Authentication Flow,49641,0,4.663,4,6,7,12,150,352
1785545700,__ALL__,248207,0,8.543,5,13,15,24,537,1577
1785545700,4 Obtain authorization code,49643,0,7.485,5,7,8,15,546,846
1785546000,5 Obtain access token,49625,0,5.185,5,7,8,10,16,43
1785546000,3 Perform authentication,49625,0,13.267,13,17,19,25,39,60
1785546000,1 Send request to authorize endpoint,49627,0,5.287,5,7,8,11,16,43
1785546000,2 Start Authentication Flow,49627,0,3.996,4,5,6,8,14,45
1785546000,__ALL__,248129,0,6.547,5,13,14,19,30,60
1785546000,4 Obtain authorization code,49625,0,5.003,5,7,7,10,14,36
1785546300,5 Obtain access token,49500,0,5.697,5,7,8,13,120,1564
1785546300,3 Perform authentication,49500,0,17.614,13,17,20,34,1245,1574
1785546300,1 Send request to authorize endpoint,49500,0,6.088,5,7,8,15,184,1564
1785546300,2 Start Authentication Flow,49501,0,4.617,4,5,6,11,141,1565
1785546300,__ALL__,247502,0,8.076,5,13,15,23,361,1574
1785546300,4 Obtain authorization code,49501,0,6.364,5,7,8,13,315,1567
1785546600,5 Obtain access token,49649,0,5.204,5,7,8,10,19,37
1785546600,3 Perform authentication,49650,0,13.405,13,17,19,25,43,66
1785546600,1 Send request to authorize endpoint,49647,0,5.306,5,7,8,11,17,41
1785546600,2 Start Authentication Flow,49645,0,4.022,4,5,6,9,14,36
1785546600,__ALL__,248241,0,6.596,5,13,15,19,32,66
1785546600,4 Obtain authorization code,49650,0,5.041,5,7,7,10,18,37
1785546900,5 Obtain access token,49675,0,5.858,5,7,8,14,152,403
1785546900,3 Perform authentication,49672,0,18.737,13,18,21,39,1355,1610
1785546900,1 Send request to authorize endpoint,49677,0,6.381,5,7,9,16,216,1606
1785546900,2 Start Authentication Flow,49679,0,4.763,4,6,7,12,164,409
1785546900,__ALL__,248375,0,8.520,5,13,15,26,453,1610
1785546900,4 Obtain authorization code,49672,0,6.861,5,7,8,15,417,665
1785547200,5 Obtain access token,49822,0,5.307,5,7,8,11,34,90
1785547200,3 Perform authentication,49824,0,13.594,13,17,19,26,129,321
1785547200,1 Send request to authorize endpoint,49821,0,5.450,5,7,8,11,34,230
1785547200,2 Start Authentication Flow,49821,0,4.105,4,5,6,9,31,177
1785547200,__ALL__,249112,0,6.737,5,13,15,20,48,321
1785547200,4 Obtain authorization code,49824,0,5.230,5,7,7,10,81,286
1785547500,5 Obtain access token,49477,0,7.159,5,7,8,57,346,1565
1785547500,3 Perform authentication,49476,0,21.208,13,18,21,285,1256,1583
1785547500,1 Send request to authorize endpoint,49478,0,8.022,5,7,9,85,456,1568
1785547500,2 Start Authentication Flow,49477,0,6.125,4,6,7,65,372,1568
1785547500,__ALL__,247383,0,10.599,5,13,16,108,783,1583
1785547500,4 Obtain authorization code,49475,0,10.481,5,7,8,230,781,1567
1785547800,5 Obtain access token,49572,0,6.794,5,7,8,32,376,1489
1785547800,3 Perform authentication,49573,0,17.851,13,17,20,134,833,1867
1785547800,1 Send request to authorize endpoint,49573,0,8.036,5,7,8,54,649,1395
1785547800,2 Start Authentication Flow,49573,0,6.045,4,5,7,38,470,1514
1785547800,__ALL__,247865,0,9.721,5,13,15,56,721,1867
1785547800,4 Obtain authorization code,49574,0,9.880,5,7,8,122,976,1710
1785548100,5 Obtain access token,49399,0,7.608,5,7,9,70,403,1541
1785548100,3 Perform authentication,49399,0,22.329,13,18,21,339,1351,1773
1785548100,1 Send request to authorize endpoint,49398,0,9.454,5,7,9,120,748,1647
1785548100,2 Start Authentication Flow,49398,0,7.209,4,6,7,92,567,1595
1785548100,__ALL__,246993,0,11.811,5,13,16,139,967,2146
1785548100,4 Obtain authorization code,49399,0,12.454,5,7,8,230,1234,2146
1785548400,5 Obtain access token,49469,0,7.590,5,7,8,56,510,1772
1785548400,3 Perform authentication,49472,0,19.744,13,17,20,221,1085,2282
1785548400,1 Send request to authorize endpoint,49470,0,9.406,5,7,8,108,791,2329
1785548400,2 Start Authentication Flow,49466,0,7.457,4,6,7,84,739,1895
1785548400,__ALL__,247346,0,11.285,5,13,15,119,960,2453
1785548400,4 Obtain authorization code,49469,0,12.225,5,7,8,240,1223,2453
1785548700,5 Obtain access token,49453,0,8.713,5,7,9,110,550,1720
1785548700,3 Perform authentication,49449,0,25.450,13,18,21,474,1428,2144
1785548700,1 Send request to authorize endpoint,49453,0,10.599,5,7,9,176,800,2081
1785548700,2 Start Authentication Flow,49458,0,8.288,4,6,7,125,751,2427
1785548700,__ALL__,247265,0,13.764,5,13,16,226,1137,2697
1785548700,4 Obtain authorization code,49452,0,15.772,5,7,8,404,1262,2697
1785549000,5 Obtain access token,49439,0,7.141,5,7,8,53,375,1674
1785549000,3 Perform authentication,49440,0,19.001,13,17,20,210,887,1858
1785549000,1 Send request to authorize endpoint,49439,0,8.744,5,7,8,96,698,1939
1785549000,2 Start Authentication Flow,49438,0,7.100,4,5,7,71,629,2174
1785549000,__ALL__,247195,0,10.712,5,13,15,106,830,2174
1785549000,4 Obtain authorization code,49439,0,11.576,5,7,8,209,1104,2090
1785549300,5 Obtain access token,49582,0,8.679,5,7,9,114,527,2332
1785549300,3 Perform authentication,49582,0,24.115,13,18,22,411,1346,1825
1785549300,1 Send request to authorize endpoint,49580,0,10.076,5,8,9,159,739,1905
1785549300,2 Start Authentication Flow,49580,0,7.800,4,6,7,110,664,2199
1785549300,__ALL__,247906,0,12.995,5,13,16,201,1080,2332
1785549300,4 Obtain authorization code,49582,0,14.306,5,7,9,301,1276,2175
1785549600,5 Obtain access token,49425,0,8.276,5,7,8,69,630,2275
1785549600,3 Perform authentication,49429,0,22.102,13,18,21,307,1346,3463
1785549600,1 Send request to authorize endpoint,49426,0,10.675,5,7,9,144,1006,2718
1785549600,2 Start Authentication Flow,49427,0,8.417,4,6,7,108,901,2943
1785549600,__ALL__,247133,0,12.867,5,13,16,157,1198,3463
1785549600,4 Obtain authorization code,49426,0,14.863,5,7,8,319,1588,3300
1785549900,5 Obtain access token,49396,0,7.600,5,7,9,62,419,1620
1785549900,3 Perform authentication,49392,0,23.057,13,18,21,333,1322,1911
1785549900,1 Send request to authorize endpoint,49393,0,8.957,5,8,9,112,671,1381
1785549900,2 Start Authentication Flow,49392,0,7.194,4,6,7,88,693,1783
1785549900,__ALL__,246968,0,11.754,5,13,16,135,977,1934
1785549900,4 Obtain authorization code,49395,0,11.960,5,7,8,234,1078,1934
1785550200,5 Obtain access token,49655,0,5.327,5,7,8,11,21,90
1785550200,3 Perform authentication,49654,0,13.548,13,17,19,27,55,110
1785550200,1 Send request to authorize endpoint,49658,0,5.352,5,7,8,11,27,90
1785550200,2 Start Authentication Flow,49658,0,4.042,4,5,6,9,19,89
1785550200,__ALL__,248280,0,6.675,5,13,15,20,35,110
1785550200,4 Obtain authorization code,49655,0,5.107,5,7,8,10,20,89
1785550500,5 Obtain access token,49362,0,8.486,5,7,9,105,507,1649
1785550500,3 Perform authentication,49364,0,24.315,13,18,21,411,1414,2210
1785550500,1 Send request to authorize endpoint,49363,0,9.988,5,7,9,152,752,2113
1785550500,2 Start Authentication Flow,49364,0,7.735,4,6,7,107,746,1929
1785550500,__ALL__,246815,0,12.972,5,13,16,199,1108,2892
1785550500,4 Obtain authorization code,49362,0,14.337,5,7,9,334,1246,2892
1785550800,5 Obtain access token,49364,0,6.748,5,7,8,31,284,1622
1785550800,3 Perform authentication,49497,0,20.542,13,18,21,224,1304,1626
1785550800,1 Send request to authorize endpoint,49230,0,6.833,5,7,8,21,340,1627
1785550800,2 Start Authentication Flow,49211,0,5.244,4,6,7,15,312,1626
1785550800,__ALL__,246768,0,9.734,5,13,15,53,644,1627
1785550800,4 Obtain authorization code,49466,0,9.254,5,7,8,173,602,1627
1785551100,5 Obtain access token,49701,0,8.450,5,7,8,87,515,1677
1785551100,3 Perform authentication,49569,0,20.896,13,18,21,279,1206,2314
1785551100,1 Send request to authorize endpoint,49832,0,10.541,5,7,9,170,830,1984
1785551100,2 Start Authentication Flow,49850,0,8.445,4,6,7,127,759,2818
1785551100,__ALL__,248552,0,12.369,5,13,16,169,1006,2818
1785551100,4 Obtain authorization code,49600,0,13.555,5,7,8,294,1382,2172
1785551400,5 Obtain access token,49204,0,8.711,5,7,9,111,498,1879
1785551400,3 Perform authentication,49205,0,25.273,13,18,21,457,1466,1987
1785551400,1 Send request to authorize endpoint,49207,0,10.584,5,7,9,170,811,2246
1785551400,2 Start Authentication Flow,49208,0,8.132,4,6,7,127,686,2012
1785551400,__ALL__,246030,0,13.570,5,14,16,226,1092,2521
1785551400,4 Obtain authorization code,49206,0,15.152,5,7,8,360,1188,2521
1785551700,5 Obtain access token,49486,0,7.752,5,7,8,63,536,1354
1785551700,3 Perform authentication,49484,0,20.350,13,18,21,250,1111,2019
1785551700,1 Send request to authorize endpoint,49485,0,10.015,5,7,9,130,900,1978
1785551700,2 Start Authentication Flow,49484,0,7.640,4,6,7,91,727,1763
1785551700,__ALL__,247422,0,11.831,5,13,16,136,992,2682
1785551700,4 Obtain authorization code,49483,0,13.398,5,7,8,285,1332,2682
1785552000,5 Obtain access token,49356,0,8.815,5,7,9,115,579,1711
1785552000,3 Perform authentication,49359,0,25.373,13,18,22,479,1401,2858
1785552000,1 Send request to authorize endpoint,49356,0,11.098,5,7,9,165,1016,2523
1785552000,2 Start Authentication Flow,49356,0,8.598,4,6,7,129,761,1920
1785552000,__ALL__,246785,0,13.969,5,13,16,228,1221,2858
1785552000,4 Obtain authorization code,49358,0,15.959,5,7,8,381,1495,2412
1785552300,5 Obtain access token,49649,0,8.064,5,7,9,70,560,1683
1785552300,3 Perform authentication,49645,0,21.553,13,18,21,280,1244,2128
1785552300,1 Send request to authorize endpoint,49650,0,10.254,5,7,9,131,938,2669
1785552300,2 Start Authentication Flow,49651,0,8.001,4,6,7,94,809,2003
1785552300,__ALL__,248241,0,12.429,5,13,16,146,1119,2695
1785552300,4 Obtain authorization code,49646,0,14.273,5,7,8,300,1526,2695
1785552600,5 Obtain access token,49372,0,10.717,5,7,9,190,713,1828
1785552600,3 Perform authentication,49372,0,29.607,13,18,22,632,1588,3747
1785552600,1 Send request to authorize endpoint,49372,0,14.081,5,8,9,259,1349,2720
1785552600,2 Start Authentication Flow,49372,0,10.381,4,6,7,166,1084,2733
1785552600,__ALL__,246861,0,17.037,5,14,17,332,1496,3747
1785552600,4 Obtain authorization code,49373,0,20.397,5,7,9,504,1822,3361
1785552900,5 Obtain access token,49470,0,9.283,5,7,9,101,782,2668
1785552900,3 Perform authentication,49468,0,23.729,13,18,21,397,1483,2871
1785552900,1 Send request to authorize endpoint,49469,0,11.915,5,7,9,184,1181,2777
1785552900,2 Start Authentication Flow,49467,0,9.199,4,6,7,130,977,2342
1785552900,__ALL__,247343,0,14.338,5,13,16,214,1368,2907
1785552900,4 Obtain authorization code,49469,0,17.563,5,7,9,467,1775,2907
1785553200,5 Obtain access token,49300,0,9.357,5,7,9,133,528,1739
1785553200,3 Perform authentication,49301,0,24.687,13,18,21,412,1426,2303
1785553200,1 Send request to authorize endpoint,49301,0,11.617,5,7,9,188,1334,1788
1785553200,2 Start Authentication Flow,49303,0,10.343,4,6,7,148,1543,1789
1785553200,__ALL__,246505,0,14.324,5,13,16,253,1381,2303
1785553200,4 Obtain authorization code,49300,0,15.615,5,7,8,355,1429,2192
1785553500,5 Obtain access token,49532,0,7.615,5,7,8,69,451,1531
1785553500,3 Perform authentication,49533,0,20.061,13,18,21,245,1034,2266
1785553500,1 Send request to authorize endpoint,49531,0,9.647,5,7,9,127,764,1950
1785553500,2 Start Authentication Flow,49529,0,7.489,4,6,7,90,648,1477
1785553500,__ALL__,247659,0,11.482,5,13,16,144,866,2331
1785553500,4 Obtain authorization code,49534,0,12.596,5,7,8,249,1149,2331
1785553800,5 Obtain access token,49222,0,11.284,5,7,9,193,951,2445
1785553800,3 Perform authentication,49221,0,30.651,13,18,22,685,1660,3760
1785553800,1 Send request to authorize endpoint,49223,0,15.166,5,7,9,293,1465,3422
1785553800,2 Start Authentication Flow,49224,0,11.500,4,6,7,205,1140,3102
1785553800,__ALL__,246111,0,18.145,5,14,17,364,1564,3760
1785553800,4 Obtain authorization code,49221,0,22.124,5,7,9,615,1928,3474
1785554100,5 Obtain access token,49087,0,10.917,5,7,8,142,1010,3056
1785554100,3 Perform authentication,49088,0,26.927,13,18,21,511,1862,3307
1785554100,1 Send request to authorize endpoint,49086,0,14.894,5,7,9,291,1585,3360
1785554100,2 Start Authentication Flow,49086,0,12.064,4,6,7,207,1457,3324
1785554100,__ALL__,245433,0,17.514,5,13,16,332,1766,3831
1785554100,4 Obtain authorization code,49086,0,22.770,5,7,8,694,2319,3831
1785554400,5 Obtain access token,49516,0,6.347,5,8,9,18,225,523
1785554400,3 Perform authentication,49514,0,19.028,13,20,26,51,1302,1610
1785554400,1 Send request to authorize endpoint,49516,0,6.845,5,8,12,26,219,1603
1785554400,2 Start Authentication Flow,49517,0,4.995,4,6,8,18,165,1601
1785554400,__ALL__,247579,0,8.856,5,14,17,35,406,1610
1785554400,4 Obtain authorization code,49516,0,7.063,5,8,12,28,362,777
1785554700,5 Obtain access token,49570,0,5.185,5,7,8,10,16,40
1785554700,3 Perform authentication,49571,0,13.443,13,17,19,25,37,63
1785554700,1 Send request to authorize endpoint,49568,0,5.310,5,7,8,11,16,44
1785554700,2 Start Authentication Flow,49568,0,4.010,4,5,6,8,14,34
1785554700,__ALL__,247848,0,6.623,5,13,15,19,29,63
1785554700,4 Obtain authorization code,49571,0,5.169,5,7,8,10,16,37
1785555000,5 Obtain access token,49619,0,6.042,5,7,8,14,206,1587
1785555000,3 Perform authentication,49618,0,18.477,13,17,19,39,1300,1589
1785555000,1 Send request to authorize endpoint,49621,0,6.378,5,7,8,14,240,1588
1785555000,2 Start Authentication Flow,49620,0,4.784,4,5,6,12,183,421
1785555000,__ALL__,248096,0,8.554,5,13,15,24,487,1589
1785555000,4 Obtain authorization code,49618,0,7.090,5,7,8,14,461,1589
1785555300,5 Obtain access token,49540,0,5.219,5,7,8,10,19,42
1785555300,3 Perform authentication,49541,0,13.567,13,17,19,25,46,111
1785555300,1 Send request to authorize endpoint,49540,0,5.337,5,7,8,11,20,41
1785555300,2 Start Authentication Flow,49541,0,4.048,4,5,6,9,15,34
1785555300,__ALL__,247702,0,6.664,5,13,15,19,32,111
1785555300,4 Obtain authorization code,49540,0,5.151,5,7,8,10,19,42
1785555600,5 Obtain access token,49559,0,5.768,5,7,8,12,157,1517
1785555600,3 Perform authentication,49560,0,16.832,13,17,19,32,1132,1522
1785555600,1 Send request to authorize endpoint,49556,0,5.885,5,7,8,13,169,1516
1785555600,2 Start Authentication Flow,49555,0,4.475,4,5,6,10,115,1516
1785555600,__ALL__,247790,0,7.843,5,13,15,22,282,1522
1785555600,4 Obtain authorization code,49560,0,6.256,5,7,8,13,265,1516
1785555900,5 Obtain access token,49710,0,5.214,5,7,8,11,21,53
1785555900,3 Perform authentication,49710,0,13.361,13,17,19,26,52,108
1785555900,1 Send request to authorize endpoint,49714,0,5.346,5,7,8,11,20,46
1785555900,2 Start Authentication Flow,49714,0,4.044,4,5,6,9,18,42
1785555900,__ALL__,248558,0,6.614,5,13,15,20,34,108
1785555900,4 Obtain authorization code,49710,0,5.103,5,7,8,11,21,47
1785556200,5 Obtain access token,49460,0,6.694,5,7,8,14,395,1562
1785556200,3 Perform authentication,49463,0,18.222,13,17,20,42,1266,1561
1785556200,1 Send request to authorize endpoint,49459,0,6.588,5,7,8,17,291,1563
1785556200,2 Start Authentication Flow,49460,0,4.810,4,5,6,14,179,1561
1785556200,__ALL__,247303,0,8.700,5,13,15,26,481,1563
1785556200,4 Obtain authorization code,49461,0,7.187,5,7,8,15,435,1563
1785556500,5 Obtain access token,49540,0,5.247,5,7,8,11,33,124
1785556500,3 Perform authentication,49537,0,13.468,13,17,19,25,128,278
1785556500,1 Send request to authorize endpoint,49540,0,5.382,5,7,8,11,40,284
1785556500,2 Start Authentication Flow,49540,0,4.048,4,5,6,9,31,166
1785556500,__ALL__,247695,0,6.675,5,13,15,20,58,284
1785556500,4 Obtain authorization code,49538,0,5.232,5,7,7,10,85,282
1785556800,5 Obtain access token,49455,0,6.411,5,7,8,36,233,1560
1785556800,3 Perform authentication,49456,0,20.056,13,17,20,182,1332,1568
1785556800,1 Send request to authorize endpoint,49455,0,7.200,5,7,9,54,375,1557
1785556800,2 Start Authentication Flow,49454,0,5.476,4,6,7,43,267,1556
1785556800,__ALL__,247277,0,9.591,5,13,15,64,682,1568
1785556800,4 Obtain authorization code,49457,0,8.813,5,7,8,118,680,1559
1785557100,5 Obtain access token,49558,0,6.861,5,7,8,32,334,1123
1785557100,3 Perform authentication,49556,0,18.563,13,18,21,148,998,1895
1785557100,1 Send request to authorize endpoint,49557,0,8.220,5,7,9,54,669,1730
1785557100,2 Start Authentication Flow,49556,0,6.175,4,6,7,40,478,1622
1785557100,__ALL__,247783,0,10.050,5,13,15,58,795,2011
1785557100,4 Obtain authorization code,49556,0,10.430,5,7,8,127,1084,2011
1785557400,5 Obtain access token,49442,0,7.190,5,7,8,59,346,1586
1785557400,3 Perform authentication,49446,0,22.267,13,18,21,311,1385,1613
1785557400,1 Send request to authorize endpoint,49440,0,8.484,5,7,9,101,541,1590
1785557400,2 Start Authentication Flow,49442,0,6.338,4,6,7,72,416,1575
1785557400,__ALL__,247213,0,10.967,5,13,16,120,876,1613
1785557400,4 Obtain authorization code,49443,0,10.557,5,7,8,190,856,1611
1785557700,5 Obtain access token,49707,0,6.186,5,7,8,20,233,1037
1785557700,3 Perform authentication,49702,0,16.356,13,17,20,72,645,1183
1785557700,1 Send request to authorize endpoint,49711,0,7.011,5,7,8,24,467,1100
1785557700,2 Start Authentication Flow,49708,0,5.282,4,5,6,17,333,1510
1785557700,__ALL__,248534,0,8.596,5,13,15,33,532,1510
1785557700,4 Obtain authorization code,49706,0,8.145,5,7,8,37,731,1352
1785558000,5 Obtain access token,49496,0,6.766,5,7,8,48,257,1567
1785558000,3 Perform authentication,49498,0,21.145,13,18,21,255,1251,1658
1785558000,1 Send request to authorize endpoint,49494,0,7.928,5,7,9,95,445,1175
1785558000,2 Start Authentication Flow,49496,0,6.223,4,6,7,68,406,1565
1785558000,__ALL__,247481,0,10.432,5,13,16,109,756,1658
1785558000,4 Obtain authorization code,49497,0,10.099,5,7,8,185,770,1587
1785558300,5 Obtain access token,49510,0,6.635,5,7,8,29,310,1041
1785558300,3 Perform authentication,49509,0,18.158,13,17,20,151,898,1840
1785558300,1 Send request to authorize endpoint,49511,0,7.917,5,7,8,52,559,1599
1785558300,2 Start Authentication Flow,49512,0,6.119,4,5,7,43,474,1539
1785558300,__ALL__,247552,0,9.828,5,13,15,56,755,1840
1785558300,4 Obtain authorization code,49510,0,10.311,5,7,8,120,1050,1805
1785558600,5 Obtain access token,49355,0,8.514,5,7,9,108,500,1841
1785558600,3 Perform authentication,49355,0,25.177,13,18,21,444,1464,2118
1785558600,1 Send request to authorize endpoint,49356,0,10.126,5,7,9,155,867,2131
1785558600,2 Start Authentication Flow,49352,0,7.694,4,6,7,111,603,2193
1785558600,__ALL__,246772,0,13.140,5,13,16,200,1176,2464
1785558600,4 Obtain authorization code,49354,0,14.188,5,7,9,289,1282,2464
1785558900,5 Obtain access token,49556,0,7.287,5,7,8,55,417,1377
1785558900,3 Perform authentication,49556,0,20.800,13,18,21,229,1181,2333
1785558900,1 Send request to authorize endpoint,49554,0,8.890,5,7,9,96,670,2297
1785558900,2 Start Authentication Flow,49558,0,6.770,4,6,7,69,529,2407
1785558900,__ALL__,247780,0,11.298,5,13,16,115,993,2914
1785558900,4 Obtain authorization code,49556,0,12.741,5,7,8,223,1404,2914
1785559200,5 Obtain access token,49505,0,8.378,5,7,9,89,551,1925
1785559200,3 Perform authentication,49505,0,25.583,13,18,22,466,1427,2413
1785559200,1 Send request to authorize endpoint,49506,0,10.917,5,7,9,167,968,2126
1785559200,2 Start Authentication Flow,49506,0,8.603,4,6,7,134,779,1948
1785559200,__ALL__,247528,0,13.804,5,13,16,211,1202,3100
1785559200,4 Obtain authorization code,49506,0,15.540,5,7,9,356,1433,3100
1785559500,5 Obtain access token,49514,0,7.161,5,7,8,42,437,1632
1785559500,3 Perform authentication,49515,0,18.744,13,18,21,162,914,1682
1785559500,1 Send request to authorize endpoint,49514,0,8.473,5,7,9,81,653,1779
1785559500,2 Start Authentication Flow,49514,0,6.569,4,6,7,53,579,2182
1785559500,__ALL__,247570,0,10.355,5,13,16,85,798,2182
1785559500,4 Obtain authorization code,49513,0,10.826,5,7,8,167,1031,1839
1785559800,5 Obtain access token,49388,0,9.705,5,7,9,136,669,1973
1785559800,3 Perform authentication,49388,0,28.052,13,18,23,536,1496,2413
1785559800,1 Send request to authorize endpoint,49386,0,11.878,5,7,10,196,992,2292
1785559800,2 Start Authentication Flow,49384,0,9.302,4,6,8,159,831,2254
1785559800,__ALL__,246934,0,15.509,5,14,17,281,1287,2574
1785559800,4 Obtain authorization code,49388,0,18.606,5,7,9,459,1598,2574
1785560100,5 Obtain access token,49324,0,9.194,5,7,9,96,853,2305
1785560100,3 Perform authentication,49324,0,25.633,13,18,22,431,1741,3470
1785560100,1 Send request to authorize endpoint,49325,0,12.330,5,8,10,194,1266,3669
1785560100,2 Start Authentication Flow,49327,0,9.706,4,6,7,152,1126,3057
1785560100,__ALL__,246625,0,14.966,5,13,16,230,1472,3915
1785560100,4 Obtain authorization code,49325,0,17.970,5,7,9,416,1957,3915
1785560400,5 Obtain access token,48852,0,13.723,5,7,9,251,1296,4572
1785560400,3 Perform authentication,48851,0,39.108,13,18,22,993,2834,4736
1785560400,1 Send request to authorize endpoint,48852,0,19.634,5,8,10,357,2308,4843
1785560400,2 Start Authentication Flow,48851,0,15.101,4,6,8,258,1981,3880
1785560400,__ALL__,244258,0,24.001,5,14,17,512,2502,4995
1785560400,4 Obtain authorization code,48852,0,32.437,5,7,9,1022,3091,4995
1785560700,5 Obtain access token,49368,0,9.792,5,7,9,131,721,2866
1785560700,3 Perform authentication,49372,0,28.375,13,18,22,610,1616,3373
1785560700,1 Send request to authorize endpoint,49365,0,14.011,5,8,9,280,1175,2641
1785560700,2 Start Authentication Flow,49366,0,9.853,4,6,7,175,923,2295
1785560700,__ALL__,246839,0,16.522,5,13,17,317,1436,3373
1785560700,4 Obtain authorization code,49368,0,20.580,5,7,9,553,1884,3263
1785561000,5 Obtain access token,49414,0,9.004,5,7,10,115,482,1928
1785561000,3 Perform authentication,49414,0,27.380,13,18,24,499,1382,2018
1785561000,1 Send request to authorize endpoint,49418,0,11.625,5,8,10,192,779,2185
1785561000,2 Start Authentication Flow,49417,0,9.264,4,6,8,158,689,1746
1785561000,__ALL__,247078,0,14.701,5,14,18,255,1055,2185
1785561000,4 Obtain authorization code,49415,0,16.232,5,7,10,392,1149,1678
1785561300,5 Obtain access token,49126,0,11.758,5,7,9,169,1204,2377
1785561300,3 Perform authentication,49123,0,29.941,13,18,21,641,2108,4516
1785561300,1 Send request to authorize endpoint,49127,0,17.233,5,7,9,376,1825,3887
1785561300,2 Start Authentication Flow,49128,0,13.781,4,6,7,251,1604,3902
1785561300,__ALL__,245629,0,19.655,5,13,16,434,1958,4516
1785561300,4 Obtain authorization code,49125,0,25.564,5,7,8,840,2411,4321
1785561600,5 Obtain access token,49406,0,9.284,5,7,10,126,473,1620
1785561600,3 Perform authentication,49406,0,27.906,13,19,25,523,1364,1632
1785561600,1 Send request to authorize endpoint,49406,0,11.947,5,8,11,215,727,1596
1785561600,2 Start Authentication Flow,49406,0,9.526,4,6,8,165,669,1599
1785561600,__ALL__,247031,0,15.330,5,14,18,289,1061,2146
1785561600,4 Obtain authorization code,49407,0,17.988,5,7,11,457,1163,2146
1785561900,5 Obtain access token,49244,0,9.903,5,7,9,145,713,2312
1785561900,3 Perform authentication,49246,0,26.228,13,18,22,492,1300,2807
1785561900,1 Send request to authorize endpoint,49243,0,13.660,5,8,9,272,1118,2520
1785561900,2 Start Authentication Flow,49243,0,10.892,4,6,7,216,954,2104
1785561900,__ALL__,246220,0,16.237,5,14,17,327,1231,2886
1785561900,4 Obtain authorization code,49244,0,20.503,5,7,9,578,1655,2886
1785562200,5 Obtain access token,49056,0,12.782,5,7,9,235,1087,3137
1785562200,3 Perform authentication,49053,0,34.434,13,18,23,817,2042,4234
1785562200,1 Send request to authorize endpoint,49057,0,17.274,5,8,10,344,1659,3968
1785562200,2 Start Authentication Flow,49054,0,14.332,4,6,8,253,1727,3352
1785562200,__ALL__,245274,0,21.322,5,14,17,459,1941,5052
1785562200,4 Obtain authorization code,49054,0,27.787,5,7,9,803,2590,5052
1785562500,5 Obtain access token,48370,0,22.718,5,8,17,495,2201,5899
1785562500,3 Perform authentication,48371,0,54.219,13,19,89,1234,3451,7417
1785562500,1 Send request to authorize endpoint,48369,0,37.686,5,8,26,1102,3362,7160
1785562500,2 Start Authentication Flow,48371,0,29.723,4,6,18,899,2892,6481
1785562500,__ALL__,241852,0,41.013,5,15,30,1124,3611,7585
1785562500,4 Obtain authorization code,48371,0,60.719,5,8,53,1905,4657,7585
1785562800,5 Obtain access token,49484,0,7.314,5,7,8,37,425,1566
1785562800,3 Perform authentication,49482,0,19.664,13,18,21,179,1280,1576
1785562800,1 Send request to authorize endpoint,49483,0,7.219,5,7,9,56,346,1563
1785562800,2 Start Authentication Flow,49484,0,5.324,4,6,7,43,225,642
1785562800,__ALL__,247416,0,9.580,5,13,16,68,546,1576
1785562800,4 Obtain authorization code,49483,0,8.380,5,7,8,125,465,812
1785563100,5 Obtain access token,49345,0,8.115,5,7,9,69,555,2475
1785563100,3 Perform authentication,49346,0,21.911,13,18,22,298,1292,2853
1785563100,1 Send request to authorize endpoint,49346,0,10.280,5,8,9,150,875,1911
1785563100,2 Start Authentication Flow,49343,0,7.957,4,6,7,103,802,2262
1785563100,__ALL__,246725,0,12.577,5,13,16,161,1109,2853
1785563100,4 Obtain authorization code,49345,0,14.624,5,7,9,307,1549,2673
1785563400,5 Obtain access token,49529,0,7.366,5,7,9,65,362,1665
1785563400,3 Perform authentication,49532,0,22.583,13,18,22,299,1299,1597
1785563400,1 Send request to authorize endpoint,49529,0,8.700,5,7,9,111,554,1582
1785563400,2 Start Authentication Flow,49531,0,6.653,4,6,7,79,484,1581
1785563400,__ALL__,247652,0,11.297,5,13,16,137,852,1965
1785563400,4 Obtain authorization code,49531,0,11.182,5,7,9,207,868,1965
1785563700,5 Obtain access token,49273,0,11.479,5,7,9,169,1048,2474
1785563700,3 Perform authentication,49270,0,29.547,13,18,22,577,1824,3702
1785563700,1 Send request to authorize endpoint,49274,0,15.978,5,7,9,319,1600,3296
1785563700,2 Start Authentication Flow,49273,0,12.597,4,6,7,247,1375,3353
1785563700,__ALL__,246362,0,18.812,5,14,17,393,1726,3714
1785563700,4 Obtain authorization code,49272,0,24.458,5,7,9,694,2279,3714
1785564000,5 Obtain access token,48964,0,16.064,5,7,9,363,1560,3971
1785564000,3 Perform authentication,48965,0,34.778,13,18,22,817,2498,4307
1785564000,1 Send request to authorize endpoint,48962,0,23.804,5,8,9,704,2143,4922
1785564000,2 Start Authentication Flow,48964,0,21.269,4,6,7,570,2191,4263
1785564000,__ALL__,244818,0,26.214,5,14,17,732,2402,6990
1785564000,4 Obtain authorization code,48963,0,35.153,5,7,9,1330,2998,6990
1785564300,5 Obtain access token,49042,0,11.652,5,7,10,168,1075,2666
1785564300,3 Perform authentication,49044,0,30.170,13,18,23,602,2004,3216
1785564300,1 Send request to authorize endpoint,49044,0,16.908,5,8,10,341,1683,3051
1785564300,2 Start Authentication Flow,49043,0,13.367,4,6,8,249,1522,3866
1785564300,__ALL__,245217,0,19.578,5,14,17,394,1871,3894
1785564300,4 Obtain authorization code,49044,0,25.792,5,7,9,779,2461,3894
1785564600,5 Obtain access token,48906,0,15.333,5,8,10,324,1378,3492
1785564600,3 Perform authentication,48904,0,39.889,13,19,25,974,2554,5072
1785564600,1 Send request to authorize endpoint,48906,0,22.475,5,8,11,498,2251,4779
1785564600,2 Start Authentication Flow,48905,0,17.770,4,6,9,393,2006,5031
1785564600,__ALL__,244526,0,26.426,5,14,18,657,2465,5757
1785564600,4 Obtain authorization code,48905,0,36.663,5,8,11,1147,3118,5757
1785564900,5 Obtain access token,49241,0,12.218,5,9,16,177,981,2522
1785564900,3 Perform authentication,49243,0,31.364,13,23,45,559,1764,3262
1785564900,1 Send request to authorize endpoint,49239,0,17.001,5,9,17,318,1546,3164
1785564900,2 Start Authentication Flow,49240,0,13.681,4,7,13,242,1319,3358
1785564900,__ALL__,246204,0,20.030,5,15,23,401,1681,3460
1785564900,4 Obtain authorization code,49241,0,25.885,5,9,17,722,2136,3460
1785565200,5 Obtain access token,48359,0,23.620,10,27,49,356,1102,3559
1785565200,3 Perform authentication,48359,0,71.705,27,72,161,1325,3268,3575
1785565200,1 Send request to authorize endpoint,48360,0,30.670,9,27,88,585,1407,3544
1785565200,2 Start Authentication Flow,48360,0,24.826,7,23,69,454,1176,3556
1785565200,__ALL__,241800,0,40.299,11,43,94,756,2503,3575
1785565200,4 Obtain authorization code,48362,0,50.673,9,26,134,1323,2700,3573
1785565500,5 Obtain access token,48691,0,18.538,7,19,26,277,1454,3446
1785565500,3 Perform authentication,48690,0,46.153,19,50,68,848,2646,6790
1785565500,1 Send request to authorize endpoint,48692,0,26.545,7,18,26,604,2471,4872
1785565500,2 Start Authentication Flow,48692,0,21.284,5,15,22,424,2323,4620
1785565500,__ALL__,243453,0,30.516,8,27,43,647,2673,6790
1785565500,4 Obtain authorization code,48688,0,40.060,7,17,25,1328,3445,6496
1785565800,5 Obtain access token,49471,0,8.862,5,9,15,107,386,1567
1785565800,3 Perform authentication,49474,0,24.839,13,23,46,307,1282,1575
1785565800,1 Send request to authorize endpoint,49471,0,10.804,5,10,23,157,498,1259
1785565800,2 Start Authentication Flow,49472,0,8.432,4,7,14,132,474,1567
1785565800,__ALL__,247360,0,13.382,5,16,25,199,721,1575
1785565800,4 Obtain authorization code,49472,0,13.973,5,10,24,297,727,1566
1785566100,5 Obtain access token,49481,0,7.518,5,7,9,61,364,929
1785566100,3 Perform authentication,49475,0,19.205,13,19,24,182,676,1525
1785566100,1 Send request to authorize endpoint,49479,0,9.467,5,8,10,129,572,1683
1785566100,2 Start Authentication Flow,49479,0,7.608,4,6,8,102,531,1246
1785566100,__ALL__,247393,0,11.087,5,14,18,131,619,1777
1785566100,4 Obtain authorization code,49479,0,11.639,5,7,10,216,828,1777
1785566400,5 Obtain access token,49464,0,6.413,5,7,8,21,272,537
1785566400,3 Perform authentication,49484,0,19.116,13,18,22,98,1301,1582
1785566400,1 Send request to authorize endpoint,49460,0,6.660,5,7,9,32,249,540
1785566400,2 Start Authentication Flow,49456,0,4.879,4,6,7,22,159,1579
1785566400,__ALL__,247331,0,8.962,5,13,16,37,389,1582
1785566400,4 Obtain authorization code,49467,0,7.739,5,7,9,50,350,772
1785566700,5 Obtain access token,49716,0,5.267,5,7,8,11,39,111
1785566700,3 Perform authentication,49698,0,13.933,13,18,20,28,101,184
1785566700,1 Send request to authorize endpoint,49720,0,5.479,5,7,8,12,68,132
1785566700,2 Start Authentication Flow,49722,0,4.124,4,5,6,9,50,170
1785566700,__ALL__,248571,0,6.862,5,13,15,21,73,215
1785566700,4 Obtain authorization code,49715,0,5.510,5,7,8,12,83,215
1785567000,5 Obtain access token,49490,0,6.406,5,7,8,17,293,1565
1785567000,3 Perform authentication,49491,0,18.710,13,18,21,61,1231,1580
1785567000,1 Send request to authorize endpoint,49491,0,6.447,5,7,9,21,245,1562
1785567000,2 Start Authentication Flow,49492,0,4.728,4,6,7,15,153,1566
1785567000,__ALL__,247452,0,8.743,5,13,16,31,399,1580
1785567000,4 Obtain authorization code,49488,0,7.423,5,7,8,33,338,1567
1785567300,5 Obtain access token,49541,0,7.393,5,8,11,61,280,704
1785567300,3 Perform authentication,49539,0,19.522,13,20,29,185,568,1201
1785567300,1 Send request to authorize endpoint,49537,0,9.064,5,8,12,106,442,905
1785567300,2 Start Authentication Flow,49538,0,6.961,4,6,9,79,420,833
1785567300,__ALL__,247696,0,10.796,5,14,19,117,499,1201
1785567300,4 Obtain authorization code,49541,0,11.041,5,8,12,173,632,1185
1785567600,5 Obtain access token,49416,0,8.910,5,8,11,104,555,1696
1785567600,3 Perform authentication,49418,0,26.796,13,20,31,462,1412,2222
1785567600,1 Send request to authorize endpoint,49417,0,11.165,5,8,13,166,824,2906
1785567600,2 Start Authentication Flow,49417,0,8.574,4,6,9,125,713,2085
1785567600,__ALL__,247085,0,14.294,5,15,19,202,1160,2906
1785567600,4 Obtain authorization code,49417,0,16.025,5,8,13,327,1387,2743
1785567900,5 Obtain access token,49072,0,11.636,5,7,9,152,1216,2885
1785567900,3 Perform authentication,49071,0,31.644,13,18,22,690,2332,5000
1785567900,1 Send request to authorize endpoint,49076,0,16.253,5,8,9,290,1791,4952
1785567900,2 Start Authentication Flow,49075,0,12.684,4,6,7,222,1641,3990
1785567900,__ALL__,245366,0,19.895,5,14,17,362,2175,5000
1785567900,4 Obtain authorization code,49072,0,27.259,5,7,9,839,2808,4507
1785568200,5 Obtain access token,49233,0,9.822,5,7,9,146,717,2125
1785568200,3 Perform authentication,49233,0,28.861,13,18,22,648,1556,2603
1785568200,1 Send request to authorize endpoint,49233,0,12.623,5,7,9,218,1222,3026
1785568200,2 Start Authentication Flow,49233,0,9.650,4,6,7,144,1080,2789
1785568200,__ALL__,246164,0,16.043,5,14,17,266,1466,3206
1785568200,4 Obtain authorization code,49232,0,19.256,5,7,9,454,1847,3206
1785568500,5 Obtain access token,49380,0,8.824,5,7,9,102,688,2106
1785568500,3 Perform authentication,49381,0,24.708,13,18,22,401,1561,3451
1785568500,1 Send request to authorize endpoint,49380,0,11.488,5,7,9,172,1096,2816
1785568500,2 Start Authentication Flow,49381,0,9.072,4,6,7,132,994,2455
1785568500,__ALL__,246904,0,14.210,5,14,16,202,1363,3451
1785568500,4 Obtain authorization code,49382,0,16.957,5,7,9,427,1714,2971
1785568800,5 Obtain access token,49414,0,8.398,5,7,9,105,441,1586
1785568800,3 Perform authentication,49415,0,26.109,13,18,22,463,1399,1999
1785568800,1 Send request to authorize endpoint,49414,0,10.580,5,7,9,174,760,1901
1785568800,2 Start Authentication Flow,49413,0,8.143,4,6,7,126,600,2098
1785568800,__ALL__,247068,0,13.765,5,14,17,227,1094,2651
1785568800,4 Obtain authorization code,49412,0,15.595,5,7,9,376,1235,2651
1785569100,5 Obtain access token,49428,0,8.092,5,7,9,71,571,1720
1785569100,3 Perform authentication,49425,0,22.259,13,18,22,301,1298,2456
1785569100,1 Send request to authorize endpoint,49427,0,10.076,5,7,9,141,851,2400
1785569100,2 Start Authentication Flow,49428,0,7.793,4,6,7,103,682,2513
1785569100,__ALL__,247137,0,12.593,5,14,16,165,1106,2935
1785569100,4 Obtain authorization code,49429,0,14.746,5,7,8,311,1567,2935
1785569400,5 Obtain access token,49177,0,11.499,5,7,9,212,938,1922
1785569400,3 Perform authentication,49177,0,33.219,13,18,22,790,1839,3493
1785569400,1 Send request to authorize endpoint,49178,0,15.124,5,7,9,276,1476,3297
1785569400,2 Start Authentication Flow,49175,0,11.593,4,6,7,203,1427,3832
1785569400,__ALL__,245884,0,19.243,5,14,17,385,1729,4066
1785569400,4 Obtain authorization code,49177,0,24.779,5,7,9,694,2333,4066
1785569700,5 Obtain access token,49491,0,8.175,5,7,9,85,517,1910
1785569700,3 Perform authentication,49492,0,22.385,13,18,21,332,1288,2205
1785569700,1 Send request to authorize endpoint,49490,0,10.440,5,7,9,149,889,1965
1785569700,2 Start Authentication Flow,49491,0,7.911,4,6,7,106,664,1715
1785569700,__ALL__,247456,0,12.833,5,13,16,185,1088,2705
1785569700,4 Obtain authorization code,49492,0,15.253,5,7,8,350,1442,2705
1785570000,5 Obtain access token,49273,0,12.078,5,7,9,196,1196,3302
1785570000,3 Perform authentication,49275,0,34.353,13,19,24,840,2001,4312
1785570000,1 Send request to authorize endpoint,49271,0,16.113,5,8,11,293,1573,3964
1785570000,2 Start Authentication Flow,49273,0,12.747,4,6,8,219,1574,3297
1785570000,__ALL__,246366,0,20.246,5,14,17,422,1889,4312
1785570000,4 Obtain authorization code,49274,0,25.939,5,7,10,698,2487,4143
1785570300,5 Obtain access token,49304,0,8.214,5,7,9,80,555,1955
1785570300,3 Perform authentication,49302,0,22.185,13,18,21,322,1240,1887
1785570300,1 Send request to authorize endpoint,49306,0,10.783,5,7,9,157,945,2284
1785570300,2 Start Authentication Flow,49305,0,8.221,4,6,7,121,741,2829
1785570300,__ALL__,246519,0,12.960,5,13,16,184,1135,2829
1785570300,4 Obtain authorization code,49302,0,15.399,5,7,9,327,1508,2697
1785570600,5 Obtain access token,49384,0,8.978,5,7,9,123,479,1560
1785570600,3 Perform authentication,49388,0,26.360,13,18,23,462,1447,2072
1785570600,1 Send request to authorize endpoint,49385,0,10.983,5,8,10,181,854,1668
1785570600,2 Start Authentication Flow,49386,0,8.524,4,6,8,137,687,2273
1785570600,__ALL__,246928,0,14.242,5,14,17,245,1145,2437
1785570600,4 Obtain authorization code,49385,0,16.367,5,7,9,371,1402,2437
1785570900,5 Obtain access token,49332,0,8.692,5,7,9,103,585,2644
1785570900,3 Perform authentication,49327,0,23.993,13,18,21,386,1458,2608
1785570900,1 Send request to authorize endpoint,49331,0,11.587,5,7,9,192,1036,2749
1785570900,2 Start Authentication Flow,49331,0,9.488,4,6,7,143,1012,2485
1785570900,__ALL__,246651,0,14.087,5,13,16,230,1235,2852
1785570900,4 Obtain authorization code,49330,0,16.676,5,7,8,412,1453,2852
1785571200,5 Obtain access token,49138,0,11.525,5,7,10,182,914,2083
1785571200,3 Perform authentication,49140,0,32.704,13,19,26,696,1777,3394
1785571200,1 Send request to authorize endpoint,49138,0,16.163,5,8,11,282,1588,3652
1785571200,2 Start Authentication Flow,49134,0,12.487,4,6,9,203,1266,2715
1785571200,__ALL__,245690,0,19.735,5,14,19,368,1700,3874
1785571200,4 Obtain authorization code,49140,0,25.793,5,7,10,660,2412,3874
1785571500,5 Obtain access token,49497,0,8.039,5,7,9,80,464,2239
1785571500,3 Perform authentication,49497,0,21.178,13,18,23,272,1000,2235
1785571500,1 Send request to authorize endpoint,49497,0,10.007,5,8,10,140,753,1640
1785571500,2 Start Authentication Flow,49498,0,7.513,4,6,7,101,616,1845
1785571500,__ALL__,247486,0,12.096,5,14,17,167,892,2239
1785571500,4 Obtain authorization code,49497,0,13.746,5,7,9,282,1183,2219
1785571800,5 Obtain access token,49190,0,11.559,5,7,10,189,884,2112
1785571800,3 Perform authentication,49192,0,32.480,13,18,24,735,1736,4347
1785571800,1 Send request to authorize endpoint,49191,0,16.043,5,8,10,297,1587,3616
1785571800,2 Start Authentication Flow,49193,0,12.010,4,6,8,211,1208,3259
1785571800,__ALL__,245956,0,19.133,5,14,18,378,1663,4347
1785571800,4 Obtain authorization code,49190,0,23.573,5,7,10,596,2148,3832
1785572100,5 Obtain access token,49475,0,8.337,5,7,9,96,426,1594
1785572100,3 Perform authentication,49471,0,22.301,13,18,23,321,938,1981
1785572100,1 Send request to authorize endpoint,49473,0,10.748,5,8,10,185,712,1439
1785572100,2 Start Authentication Flow,49474,0,8.352,4,6,8,143,622,1531
1785572100,__ALL__,247367,0,12.997,5,14,17,213,850,2157
1785572100,4 Obtain authorization code,49474,0,15.245,5,7,9,362,1129,2157
1785572400,5 Obtain access token,49294,0,8.711,5,7,10,105,474,1585
1785572400,3 Perform authentication,49294,0,25.921,13,18,24,437,1386,1768
1785572400,1 Send request to authorize endpoint,49295,0,10.854,5,8,10,178,737,2022
1785572400,2 Start Authentication Flow,49295,0,8.553,4,6,8,142,616,1697
1785572400,__ALL__,246472,0,13.896,5,14,18,226,1003,2417
1785572400,4 Obtain authorization code,49294,0,15.442,5,7,9,348,1174,2417
1785572700,5 Obtain access token,49479,0,7.995,5,7,9,91,397,1184
1785572700,3 Perform authentication,49480,0,21.450,13,18,22,290,937,1912
1785572700,1 Send request to authorize endpoint,49479,0,9.868,5,8,9,150,635,1716
1785572700,2 Start Authentication Flow,49478,0,7.725,4,6,7,111,571,1455
1785572700,__ALL__,247394,0,12.144,5,14,17,181,794,1942
1785572700,4 Obtain authorization code,49478,0,13.679,5,7,9,315,1086,1942
1785573000,5 Obtain access token,49181,0,11.074,5,7,10,196,790,2216
1785573000,3 Perform authentication,49181,0,31.942,13,18,23,685,1731,2835
1785573000,1 Send request to authorize endpoint,49181,0,14.884,5,8,10,280,1396,2708
1785573000,2 Start Authentication Flow,49181,0,11.941,4,6,8,211,1255,2706
1785573000,__ALL__,245907,0,18.567,5,14,18,353,1601,3420
1785573000,4 Obtain authorization code,49183,0,22.995,5,7,9,569,2035,3420
1785573300,5 Obtain access token,49460,0,7.840,5,7,9,81,407,1689
1785573300,3 Perform authentication,49459,0,20.867,13,18,23,293,786,1567
1785573300,1 Send request to authorize endpoint,49458,0,9.689,5,8,10,140,619,1807
1785573300,2 Start Authentication Flow,49459,0,7.705,4,6,8,108,580,1722
1785573300,__ALL__,247294,0,11.822,5,14,17,175,711,2092
1785573300,4 Obtain authorization code,49458,0,13.010,5,7,10,297,941,2092
1785573600,5 Obtain access token,48179,5400,28.114,5,9,202,356,1925,4572
1785573600,3 Perform authentication,48180,5398,63.221,13,194,251,1158,3103,6081
1785573600,1 Send request to authorize endpoint,48181,0,33.966,5,8,166,731,2889,5382
1785573600,2 Start Authentication Flow,48180,4401,39.998,4,166,236,471,2496,5316
1785573600,__ALL__,240900,15199,45.532,5,50,233,837,2985,7042
1785573600,4 Obtain authorization code,48180,0,62.358,5,193,252,1483,3823,7042
1785573900,5 Obtain access token,49155,0,10.734,5,7,9,160,919,3334
1785573900,3 Perform authentication,49154,0,28.776,13,18,22,537,1871,4070
1785573900,1 Send request to authorize endpoint,49155,0,14.700,5,8,10,265,1600,3316
1785573900,2 Start Authentication Flow,49156,0,11.591,4,6,7,204,1451,2807
1785573900,__ALL__,245775,0,18.059,5,14,17,337,1840,4070
1785573900,4 Obtain authorization code,49155,0,24.494,5,7,9,658,2442,3988
1785574200,5 Obtain access token,49074,0,13.466,5,7,10,214,1320,3723
1785574200,3 Perform authentication,49076,0,35.863,13,18,26,815,2255,4868
1785574200,1 Send request to authorize endpoint,49074,0,19.792,5,8,11,402,2016,4688
1785574200,2 Start Authentication Flow,49072,0,15.368,4,6,8,288,1812,3521
1785574200,__ALL__,245371,0,22.961,5,14,18,506,2200,4868
1785574200,4 Obtain authorization code,49075,0,30.316,5,7,10,938,2812,4616
1785574500,5 Obtain access token,49361,0,9.700,5,8,12,132,564,1506
1785574500,3 Perform authentication,49360,0,26.483,13,19,32,455,1156,1981
1785574500,1 Send request to authorize endpoint,49361,0,13.365,5,8,14,253,873,2080
1785574500,2 Start Authentication Flow,49360,0,10.358,4,6,10,193,828,1858
1785574500,__ALL__,246802,0,15.977,5,14,20,307,1048,2174
1785574500,4 Obtain authorization code,49360,0,19.979,5,8,14,522,1359,2174
1785574800,5 Obtain access token,48806,0,15.110,5,8,16,280,1199,3874
1785574800,3 Perform authentication,48804,0,43.627,13,20,51,1032,2381,4483
1785574800,1 Send request to authorize endpoint,48807,0,22.888,5,8,23,505,1938,4564
1785574800,2 Start Authentication Flow,48809,0,17.981,4,6,15,383,1797,3488
1785574800,__ALL__,244031,0,27.778,5,15,27,679,2263,4854
1785574800,4 Obtain authorization code,48805,0,39.288,5,8,27,1169,2881,4854
1785575100,5 Obtain access token,49542,0,5.875,5,7,8,12,172,1585
1785575100,3 Perform authentication,49637,0,18.039,13,18,20,36,1318,1597
1785575100,1 Send request to authorize endpoint,49483,0,6.060,5,7,8,14,225,1579
1785575100,2 Start Authentication Flow,49400,0,4.337,4,5,6,10,144,633
1785575100,__ALL__,247639,0,8.227,5,13,15,23,428,1597
1785575100,4 Obtain authorization code,49577,0,6.794,5,7,8,15,428,1579
1785575400,5 Obtain access token,48968,0,14.416,5,8,13,240,1533,5274
1785575400,3 Perform authentication,48874,0,38.214,13,20,39,828,2951,5057
1785575400,1 Send request to authorize endpoint,49026,0,22.717,5,8,20,454,2515,5514
1785575400,2 Start Authentication Flow,49109,0,18.573,4,6,13,332,2193,4513
1785575400,__ALL__,244911,0,26.253,5,15,22,550,2710,5905
1785575400,4 Obtain authorization code,48934,0,37.400,5,8,19,1215,3547,5905
1785575700,5 Obtain access token,49138,0,13.895,5,14,46,213,594,1616
1785575700,3 Perform authentication,49138,0,39.465,13,46,153,647,1418,2009
1785575700,1 Send request to authorize endpoint,49138,0,20.699,5,21,84,372,1016,1885
1785575700,2 Start Authentication Flow,49139,0,16.862,4,13,66,318,952,1612
1785575700,__ALL__,245690,0,24.297,5,23,91,453,1157,2009
1785575700,4 Obtain authorization code,49137,0,30.563,5,23,153,628,1256,1898
1785576000,5 Obtain access token,49073,0,12.796,5,18,44,172,535,1136
1785576000,3 Perform authentication,49074,0,33.172,13,56,126,427,1030,2257
1785576000,1 Send request to authorize endpoint,49073,0,18.697,5,29,82,293,793,1835
1785576000,2 Start Authentication Flow,49071,0,15.210,4,17,67,260,683,1471
1785576000,__ALL__,245365,0,21.129,5,27,86,333,910,2257
1785576000,4 Obtain authorization code,49074,0,25.770,5,33,127,460,1114,1942
1785576300,5 Obtain access token,48904,0,14.811,5,10,31,263,1110,2655
1785576300,3 Perform authentication,48906,0,41.395,13,27,96,872,2249,3989
1785576300,1 Send request to authorize endpoint,48903,0,20.977,5,11,52,359,1821,3943
1785576300,2 Start Authentication Flow,48905,0,16.365,4,8,37,290,1638,3905
1785576300,__ALL__,244522,0,25.406,5,17,56,464,2038,4195
1785576300,4 Obtain authorization code,48904,0,33.482,5,11,78,792,2622,4195
1785576600,5 Obtain access token,48954,0,13.353,5,10,30,170,1073,3178
1785576600,3 Perform authentication,48952,0,36.246,13,30,88,620,2262,3918
1785576600,1 Send request to authorize endpoint,48956,0,19.933,5,13,50,318,1750,4428
1785576600,2 Start Authentication Flow,48955,0,15.335,4,8,36,245,1552,3229
1785576600,__ALL__,244770,0,23.223,5,18,53,379,2075,4428
1785576600,4 Obtain authorization code,48953,0,31.248,5,13,67,733,2641,4261
1785576900,5 Obtain access token,48612,0,21.781,5,8,22,549,2034,3517
1785576900,3 Perform authentication,48610,0,52.216,13,21,73,1316,3021,4983
1785576900,1 Send request to authorize endpoint,48612,0,31.013,5,9,34,769,2662,4613
1785576900,2 Start Authentication Flow,48613,0,24.936,4,7,23,646,2374,4675
1785576900,__ALL__,243059,0,36.945,5,15,37,989,2892,7247
1785576900,4 Obtain authorization code,48612,0,54.779,5,9,46,1746,3540,7247
1785577200,5 Obtain access token,49485,0,5.225,5,7,8,10,16,38
1785577200,3 Perform authentication,49487,0,13.897,13,18,20,27,40,64
1785577200,1 Send request to authorize endpoint,49483,0,5.366,5,7,8,12,18,43
1785577200,2 Start Authentication Flow,49482,0,4.005,4,5,6,9,14,37
1785577200,__ALL__,247424,0,6.778,5,13,15,20,32,64
1785577200,4 Obtain authorization code,49487,0,5.399,5,7,8,12,19,42
1785577500,5 Obtain access token,48404,0,19.104,5,9,29,380,1664,2945
1785577500,3 Perform authentication,48404,0,58.838,14,26,104,1422,3040,4878
1785577500,1 Send request to authorize endpoint,48405,0,28.328,5,11,48,678,2403,4215
1785577500,2 Start Authentication Flow,48403,0,21.946,4,8,34,451,2087,4640
1785577500,__ALL__,242018,0,36.265,5,17,52,966,2795,4878
1785577500,4 Obtain authorization code,48402,0,53.112,5,12,79,1637,3385,4725
1785577800,5 Obtain access token,48754,0,17.197,5,9,17,322,1719,3599
1785577800,3 Perform authentication,48752,0,44.225,13,24,54,963,3331,5455
1785577800,1 Send request to authorize endpoint,48755,0,25.330,5,10,26,572,2535,5159
1785577800,2 Start Authentication Flow,48756,0,19.747,4,7,16,406,2233,5676
1785577800,__ALL__,243771,0,30.061,5,16,31,685,2995,6910
1785577800,4 Obtain authorization code,48754,0,43.806,5,10,30,1289,3769,6910
1785578100,5 Obtain access token,49119,0,12.324,5,9,26,205,661,2535
1785578100,3 Perform authentication,49120,0,34.800,14,26,89,623,1515,2775
1785578100,1 Send request to authorize endpoint,49119,0,15.884,5,11,43,269,1038,2514
1785578100,2 Start Authentication Flow,49120,0,12.239,4,8,30,212,807,3119
1785578100,__ALL__,245598,0,19.954,5,17,44,346,1370,3119
1785578100,4 Obtain authorization code,49120,0,24.525,5,12,65,470,1732,2836
1785578400,5 Obtain access token,48998,0,14.230,5,8,22,248,1035,2450
1785578400,3 Perform authentication,48998,0,39.775,13,22,95,750,2279,3575
1785578400,1 Send request to authorize endpoint,48995,0,20.818,5,9,35,443,1549,3105
1785578400,2 Start Authentication Flow,48995,0,16.343,4,7,23,346,1366,3412
1785578400,__ALL__,244983,0,25.323,5,16,39,538,1925,4705
1785578400,4 Obtain authorization code,48997,0,35.447,5,9,64,929,2589,4705
1785578700,5 Obtain access token,49464,0,6.334,5,7,9,33,156,495
1785578700,3 Perform authentication,49466,0,19.815,13,19,23,101,1273,1595
1785578700,1 Send request to authorize endpoint,49466,0,6.910,5,8,10,56,219,1586
1785578700,2 Start Authentication Flow,49466,0,5.074,4,6,7,40,154,351
1785578700,__ALL__,247326,0,9.208,5,14,17,62,492,1595
1785578700,4 Obtain authorization code,49464,0,7.906,5,8,10,80,443,1584
1785579000,5 Obtain access token,49563,0,5.335,5,7,8,12,30,52
1785579000,3 Perform authentication,49562,0,13.891,13,18,20,31,76,112
1785579000,1 Send request to authorize endpoint,49564,0,5.400,5,7,8,12,36,72
1785579000,2 Start Authentication Flow,49565,0,4.050,4,5,6,10,30,56
1785579000,__ALL__,247817,0,6.808,5,13,15,21,49,112
1785579000,4 Obtain authorization code,49563,0,5.362,5,7,8,12,38,88
1785579300,5 Obtain access token,49486,0,7.546,5,7,9,67,342,1551
1785579300,3 Perform authentication,49487,0,21.321,13,19,24,225,1244,1564
1785579300,1 Send request to authorize endpoint,49483,0,8.193,5,8,10,108,330,1554
1785579300,2 Start Authentication Flow,49482,0,6.275,4,6,8,84,292,1553
1785579300,__ALL__,247425,0,10.706,5,14,17,137,536,1564
1785579300,4 Obtain authorization code,49487,0,10.197,5,7,10,210,473,1550
1785579600,5 Obtain access token,49446,0,6.353,5,7,9,39,161,536
1785579600,3 Perform authentication,49445,0,16.957,13,19,24,131,385,859
1785579600,1 Send request to authorize endpoint,49449,0,7.258,5,8,10,73,251,493
1785579600,2 Start Authentication Flow,49450,0,5.655,4,6,7,58,246,878
1785579600,__ALL__,247236,0,8.962,5,14,17,81,319,878
1785579600,4 Obtain authorization code,49446,0,8.585,5,8,10,127,416,751
1785579900,5 Obtain access token,49553,0,5.899,5,7,8,15,204,534
1785579900,3 Perform authentication,49554,0,18.181,13,18,20,43,1270,1573
1785579900,1 Send request to authorize endpoint,49551,0,6.148,5,7,8,18,204,546
1785579900,2 Start Authentication Flow,49550,0,4.671,4,5,6,12,167,1563
1785579900,__ALL__,247761,0,8.393,5,13,15,26,427,1573
1785579900,4 Obtain authorization code,49553,0,7.068,5,7,8,19,423,1561
1785580200,5 Obtain access token,48998,0,14.486,5,8,11,292,1163,3147
1785580200,3 Perform authentication,48996,0,38.955,13,20,32,874,2234,4478
1785580200,1 Send request to authorize endpoint,48998,0,21.305,5,8,14,505,1781,3943
1785580200,2 Start Authentication Flow,48996,0,16.699,4,6,9,378,1546,3450
1785580200,__ALL__,244985,0,25.558,5,15,21,626,2107,4478
1785580200,4 Obtain authorization code,48997,0,36.344,5,8,14,1073,2913,4287
1785580500,5 Obtain access token,48991,0,11.590,5,8,12,171,975,2507
1785580500,3 Perform authentication,48992,0,33.321,13,21,34,721,1744,3576
1785580500,1 Send request to authorize endpoint,48993,0,15.309,5,9,15,283,1390,3146
1785580500,2 Start Authentication Flow,48993,0,12.032,4,6,10,211,1298,2723
1785580500,__ALL__,244961,0,19.534,5,15,21,384,1679,3922
1785580500,4 Obtain authorization code,48992,0,25.419,5,9,15,622,2309,3922
1785580800,5 Obtain access token,49510,0,10.386,5,8,11,161,608,1825
1785580800,3 Perform authentication,49511,0,28.496,13,20,30,506,1272,2471
1785580800,1 Send request to authorize endpoint,49509,0,14.148,5,8,13,289,928,2140
1785580800,2 Start Authentication Flow,49511,0,11.382,4,6,9,233,824,1590
1785580800,__ALL__,247550,0,17.097,5,15,20,343,1103,2762
1785580800,4 Obtain authorization code,49509,0,21.072,5,8,13,530,1374,2762
1785581100,5 Obtain access token,49152,0,11.461,5,9,13,161,948,2748
1785581100,3 Perform authentication,49152,0,34.728,13,24,38,769,2094,4295
1785581100,1 Send request to authorize endpoint,49151,0,15.786,5,10,18,276,1520,4752
1785581100,2 Start Authentication Flow,49149,0,12.234,4,7,11,200,1219,3125
1785581100,__ALL__,245758,0,19.834,5,15,24,356,1763,4752
1785581100,4 Obtain authorization code,49154,0,24.962,5,10,20,635,2200,3729
1785581400,5 Obtain access token,48912,0,14.108,5,8,19,258,906,2386
1785581400,3 Perform authentication,48912,0,40.465,13,20,77,855,1764,2978
1785581400,1 Send request to authorize endpoint,48912,0,21.348,5,8,30,473,1465,3122
1785581400,2 Start Authentication Flow,48914,0,16.658,4,6,19,389,1160,2377
1785581400,__ALL__,244561,0,25.488,5,15,33,600,1613,3122
1785581400,4 Obtain authorization code,48911,0,34.862,5,8,53,942,1980,2903
1785581700,5 Obtain access token,48624,0,18.030,5,8,12,357,1845,6381
1785581700,3 Perform authentication,48622,0,45.049,13,22,35,1180,3375,6513
1785581700,1 Send request to authorize endpoint,48625,0,27.782,5,9,15,671,3097,6213
1785581700,2 Start Authentication Flow,48625,0,21.103,4,7,10,373,2881,4597
1785581700,__ALL__,243120,0,32.070,5,15,22,834,3413,7747
1785581700,4 Obtain authorization code,48624,0,48.385,5,9,16,1806,4419,7747
1785582000,5 Obtain access token,49695,0,5.170,5,7,8,10,18,41
1785582000,3 Perform authentication,49695,0,13.622,13,17,19,25,45,91
1785582000,1 Send request to authorize endpoint,49696,0,5.298,5,7,8,11,21,44
1785582000,2 Start Authentication Flow,49696,0,3.966,4,5,6,8,15,35
1785582000,__ALL__,248477,0,6.693,5,13,15,19,32,91
1785582000,4 Obtain authorization code,49695,0,5.407,5,7,8,10,20,47
1785582300,5 Obtain access token,48569,0,16.385,5,8,17,288,1469,3559
1785582300,3 Perform authentication,48568,0,47.130,13,22,55,1100,2897,5460
1785582300,1 Send request to authorize endpoint,48568,0,24.862,5,9,23,550,2349,5194
1785582300,2 Start Authentication Flow,48569,0,20.801,4,7,15,451,2373,5529
1785582300,__ALL__,242842,0,30.471,5,15,30,721,2710,5529
1785582300,4 Obtain authorization code,48568,0,43.176,5,9,32,1220,3502,5267
1785582600,5 Obtain access token,49101,0,11.963,5,8,11,171,1160,3426
1785582600,3 Perform authentication,49101,0,33.858,13,21,33,682,2436,5023
1785582600,1 Send request to authorize endpoint,49101,0,17.679,5,9,14,315,1964,3732
1785582600,2 Start Authentication Flow,49101,0,13.669,4,6,9,228,1656,4250
1785582600,__ALL__,245505,0,21.098,5,15,20,386,2152,5023
1785582600,4 Obtain authorization code,49101,0,28.321,5,9,14,796,2795,4941
1785582900,5 Obtain access token,49118,0,10.826,5,8,14,171,572,1333
1785582900,3 Perform authentication,49119,0,33.095,13,22,47,620,1364,1977
1785582900,1 Send request to authorize endpoint,49115,0,15.646,5,9,20,308,1043,2305
1785582900,2 Start Authentication Flow,49113,0,12.402,4,7,14,250,857,2110
1785582900,__ALL__,245584,0,19.132,5,15,27,393,1194,2515
1785582900,4 Obtain authorization code,49119,0,23.690,5,9,25,584,1444,2515
1785583200,5 Obtain access token,49114,0,12.651,5,8,11,192,1213,3443
1785583200,3 Perform authentication,49116,0,35.135,13,21,32,773,2463,4839
1785583200,1 Send request to authorize endpoint,49113,0,18.286,5,9,13,335,1889,4139
1785583200,2 Start Authentication Flow,49114,0,14.460,4,6,10,253,1770,3565
1785583200,__ALL__,245572,0,22.324,5,15,21,420,2268,4839
1785583200,4 Obtain authorization code,49115,0,31.087,5,9,14,931,2873,4778
1785583500,5 Obtain access token,48573,0,19.532,5,9,56,375,1380,2583
1785583500,3 Perform authentication,48573,0,57.352,13,22,237,1210,2630,4132
1785583500,1 Send request to authorize endpoint,48577,0,30.130,5,9,115,651,1943,3068
1785583500,2 Start Authentication Flow,48578,0,24.163,4,7,81,512,1879,4316
1785583500,__ALL__,242873,0,36.916,5,16,118,872,2317,4553
1785583500,4 Obtain authorization code,48572,0,53.404,5,9,274,1332,2838,4553
1785583800,5 Obtain access token,48867,0,16.786,5,7,9,309,1832,4347
1785583800,3 Perform authentication,48864,0,40.946,13,20,25,1040,3334,6503
1785583800,1 Send request to authorize endpoint,48868,0,25.322,5,8,11,584,2954,5409
1785583800,2 Start Authentication Flow,48868,0,20.683,4,6,8,377,2775,5502
1785583800,__ALL__,244333,0,29.531,5,14,18,753,3363,7219
1785583800,4 Obtain authorization code,48866,0,43.920,5,8,11,1665,4227,7219
1785584100,5 Obtain access token,49369,0,7.607,5,7,9,49,437,1567
1785584100,3 Perform authentication,49372,0,20.436,13,19,23,147,1349,1573
1785584100,1 Send request to authorize endpoint,49369,0,7.664,5,8,10,84,309,1566
1785584100,2 Start Authentication Flow,49369,0,5.741,4,6,7,66,205,1569
1785584100,__ALL__,246849,0,10.106,5,14,17,95,501,1573
1785584100,4 Obtain authorization code,49370,0,9.080,5,8,10,142,347,1567
1785584400,5 Obtain access token,48888,0,14.609,5,8,15,278,1057,3074
1785584400,3 Perform authentication,48886,0,40.846,13,21,46,830,2135,3673
1785584400,1 Send request to authorize endpoint,48885,0,22.111,5,9,22,494,1745,3711
1785584400,2 Start Authentication Flow,48885,0,17.425,4,7,14,386,1511,3019
1785584400,__ALL__,244432,0,26.427,5,15,29,615,1928,4079
1785584400,4 Obtain authorization code,48888,0,37.143,5,9,29,1002,2537,4079
1785584700,5 Obtain access token,49232,0,9.175,5,8,11,129,464,1315
1785584700,3 Perform authentication,49232,0,26.266,13,21,30,428,1357,1866
1785584700,1 Send request to authorize endpoint,49235,0,12.148,5,8,13,242,788,1637
1785584700,2 Start Authentication Flow,49234,0,9.723,4,6,9,194,743,1559
1785584700,__ALL__,246165,0,14.683,5,15,19,268,1006,2586
1785584700,4 Obtain authorization code,49232,0,16.104,5,8,13,407,1145,2586
1785585000,5 Obtain access token,49569,0,6.950,5,7,8,32,431,1413
1785585000,3 Perform authentication,49571,0,19.101,13,18,21,156,990,2062
1785585000,1 Send request to authorize endpoint,49569,0,8.150,5,7,8,57,641,1649
1785585000,2 Start Authentication Flow,49570,0,6.056,4,5,7,37,439,1611
1785585000,__ALL__,247847,0,10.273,5,13,16,58,840,2062
1785585000,4 Obtain authorization code,49568,0,11.107,5,7,8,147,1168,1976
1785585300,5 Obtain access token,49251,0,10.842,5,8,10,202,743,2472
1785585300,3 Perform authentication,49248,0,31.053,13,20,26,696,1602,3546
1785585300,1 Send request to authorize endpoint,49249,0,13.416,5,8,12,241,1312,2826
1785585300,2 Start Authentication Flow,49248,0,10.461,4,6,8,166,1188,2497
1785585300,__ALL__,246247,0,17.494,5,14,18,319,1538,4487
1785585300,4 Obtain authorization code,49251,0,21.696,5,8,12,536,2056,4487
1785585600,5 Obtain access token,49493,0,8.670,5,7,9,112,475,1122
1785585600,3 Perform authentication,49496,0,23.710,13,19,23,378,943,1601
1785585600,1 Send request to authorize endpoint,49495,0,10.657,5,8,10,174,678,1451
1785585600,2 Start Authentication Flow,49496,0,8.412,4,6,8,143,563,1494
1785585600,__ALL__,247475,0,13.424,5,14,18,232,804,1647
1785585600,4 Obtain authorization code,49495,0,15.670,5,7,9,374,993,1647
1785585900,5 Obtain access token,47441,0,33.862,5,25,134,723,2128,5656
1785585900,3 Perform authentication,47443,0,86.398,14,108,483,1644,3399,5705
1785585900,1 Send request to authorize endpoint,47441,0,53.565,5,44,253,1212,2841,5574
1785585900,2 Start Authentication Flow,47438,0,45.007,4,30,190,1061,2895,5956
1785585900,__ALL__,237203,0,62.987,6,46,290,1444,3419,6845
1785585900,4 Obtain authorization code,47440,0,96.101,6,78,586,2128,4097,6845
1785586200,5 Obtain access token,46988,0,39.025,6,62,177,739,1897,5537
1785586200,3 Perform authentication,46983,0,107.516,15,243,643,1683,3250,5325
1785586200,1 Send request to authorize endpoint,46988,0,62.154,6,119,336,1188,2623,4704
1785586200,2 Start Authentication Flow,46989,0,50.013,4,86,246,1036,2394,5064
1785586200,__ALL__,234935,0,75.494,6,132,408,1473,3078,5830
1785586200,4 Obtain authorization code,46987,0,118.768,6,265,798,2178,3804,5830
1785586500,5 Obtain access token,47676,0,31.591,6,25,114,667,1987,4515
1785586500,3 Perform authentication,47683,0,85.172,15,114,443,1539,3383,5387
1785586500,1 Send request to authorize endpoint,47676,0,50.774,6,38,230,1098,2780,4988
1785586500,2 Start Authentication Flow,47678,0,41.269,4,27,166,989,2502,4428
1785586500,__ALL__,238393,0,59.853,6,45,253,1334,3272,6632
1785586500,4 Obtain authorization code,47680,0,90.456,6,75,498,2074,4182,6632
1785586800,5 Obtain access token,49109,0,11.100,5,9,14,172,608,1862
1785586800,3 Perform authentication,49102,0,30.531,14,24,40,486,1374,2542
1785586800,1 Send request to authorize endpoint,49109,0,15.289,5,10,17,279,1061,3076
1785586800,2 Start Authentication Flow,49108,0,11.802,4,7,12,230,822,1804
1785586800,__ALL__,245533,0,18.357,6,16,25,344,1212,3076
1785586800,4 Obtain authorization code,49105,0,23.064,5,10,17,558,1602,2827
1785587100,5 Obtain access token,48807,0,13.808,5,10,31,228,769,1905
1785587100,3 Perform authentication,48808,0,43.563,14,27,144,859,1619,2889
1785587100,1 Send request to authorize endpoint,48805,0,20.174,5,12,55,397,1180,2384
1785587100,2 Start Authentication Flow,48805,0,15.835,4,8,40,312,1020,3033
1785587100,__ALL__,244032,0,25.391,6,18,59,541,1475,3033
1785587100,4 Obtain authorization code,48807,0,33.573,5,12,114,833,1828,2631
1785587400,5 Obtain access token,49107,0,10.989,5,7,9,137,1088,3666
1785587400,3 Perform authentication,49107,0,32.803,13,19,23,697,2515,4510
1785587400,1 Send request to authorize endpoint,49108,0,15.320,5,8,10,265,1821,4103
1785587400,2 Start Authentication Flow,49109,0,11.490,4,6,7,194,1477,3093
1785587400,__ALL__,245539,0,19.235,5,14,17,340,2151,4965
1785587400,4 Obtain authorization code,49108,0,25.572,5,7,9,732,2761,4965
1785587700,5 Obtain access token,49398,0,7.761,5,7,10,79,326,1580
1785587700,3 Perform authentication,49403,0,22.332,13,19,25,253,1273,1588
1785587700,1 Send request to authorize endpoint,49397,0,8.733,5,8,10,124,370,1582
1785587700,2 Start Authentication Flow,49395,0,6.587,4,6,8,89,298,1582
1785587700,__ALL__,246993,0,11.243,5,14,18,154,530,1588
1785587700,4 Obtain authorization code,49400,0,10.802,5,7,10,252,490,867
1785588000,5 Obtain access token,49530,0,5.323,5,7,8,11,31,68
1785588000,3 Perform authentication,49527,0,13.834,13,18,21,30,82,125
1785588000,1 Send request to authorize endpoint,49529,0,5.506,5,7,9,14,33,75
1785588000,2 Start Authentication Flow,49531,0,4.136,4,6,7,10,22,71
1785588000,__ALL__,247646,0,6.836,5,13,15,22,42,125
1785588000,4 Obtain authorization code,49529,0,5.380,5,7,9,13,40,89
1785588300,5 Obtain access token,49672,0,6.895,5,7,8,15,384,632
1785588300,3 Perform authentication,49669,0,19.291,13,18,22,45,1390,1635
1785588300,1 Send request to authorize endpoint,49671,0,6.726,5,8,9,19,304,572
1785588300,2 Start Authentication Flow,49671,0,4.995,4,6,7,14,202,1624
1785588300,__ALL__,248353,0,9.120,5,13,16,29,505,1635
1785588300,4 Obtain authorization code,49670,0,7.693,5,7,9,19,387,1623
1785588600,5 Obtain access token,49568,0,5.242,5,7,8,11,19,39
1785588600,3 Perform authentication,49572,0,13.635,13,18,20,28,42,62
1785588600,1 Send request to authorize endpoint,49572,0,5.424,5,7,9,13,21,37
1785588600,2 Start Authentication Flow,49570,0,4.060,4,6,7,9,16,35
1785588600,__ALL__,247851,0,6.704,5,13,15,21,33,62
1785588600,4 Obtain authorization code,49569,0,5.162,5,7,8,12,20,38
1785588900,5 Obtain access token,49611,0,6.195,5,7,8,16,223,481
1785588900,3 Perform authentication,49609,0,19.000,13,18,21,49,1358,1646
1785588900,1 Send request to authorize endpoint,49611,0,6.685,5,8,9,19,258,1638
1785588900,2 Start Authentication Flow,49612,0,4.954,4,6,7,15,197,1632
1785588900,__ALL__,248054,0,8.839,5,13,16,30,541,1646
1785588900,4 Obtain authorization code,49611,0,7.360,5,7,9,20,525,1635
1785589200,5 Obtain access token,49675,0,5.244,5,7,8,11,17,46
1785589200,3 Perform authentication,49679,0,13.588,13,18,20,27,43,93
1785589200,1 Send request to authorize endpoint,49674,0,5.410,5,7,9,12,19,47
1785589200,2 Start Authentication Flow,49675,0,4.054,4,5,6,9,15,42
1785589200,__ALL__,248379,0,6.683,5,13,15,20,33,93
1785589200,4 Obtain authorization code,49676,0,5.120,5,7,8,11,19,46
1785589500,5 Obtain access token,49612,0,6.033,5,7,9,17,181,398
1785589500,3 Perform authentication,49607,0,18.572,13,19,23,47,1270,1559
1785589500,1 Send request to authorize endpoint,49613,0,6.542,5,8,10,25,216,452
1785589500,2 Start Authentication Flow,49612,0,4.728,4,6,8,15,142,1555
1785589500,__ALL__,248055,0,8.474,5,13,16,35,326,1559
1785589500,4 Obtain authorization code,49611,0,6.495,5,7,10,25,249,1559
1785589800,5 Obtain access token,49735,0,5.222,5,7,8,11,20,41
1785589800,3 Perform authentication,49736,0,13.596,13,18,20,27,42,65
1785589800,1 Send request to authorize endpoint,49734,0,5.370,5,7,9,12,23,43
1785589800,2 Start Authentication Flow,49734,0,4.022,4,5,6,9,16,39
1785589800,__ALL__,248674,0,6.656,5,13,15,21,34,65
1785589800,4 Obtain authorization code,49735,0,5.073,5,7,8,12,21,39
1785590100,5 Obtain access token,49693,0,5.638,5,7,8,13,139,447
1785590100,3 Perform authentication,49691,0,18.108,13,17,20,34,1341,1598
1785590100,1 Send request to authorize endpoint,49693,0,6.048,5,7,8,14,212,1587
1785590100,2 Start Authentication Flow,49693,0,4.589,4,5,6,11,158,1589
1785590100,__ALL__,248462,0,8.134,5,13,15,23,409,1598
1785590100,4 Obtain authorization code,49692,0,6.287,5,7,8,13,344,617
1785590400,5 Obtain access token,49675,0,5.186,5,7,8,11,22,73
1785590400,3 Perform authentication,49677,0,13.322,13,17,19,26,51,117
1785590400,1 Send request to authorize endpoint,49676,0,5.299,5,7,8,11,21,63
1785590400,2 Start Authentication Flow,49676,0,3.990,4,5,6,9,16,61
1785590400,__ALL__,248381,0,6.558,5,13,15,20,34,117
1785590400,4 Obtain authorization code,49677,0,4.995,5,7,8,10,20,46
1785590700,5 Obtain access token,49671,0,5.837,5,7,8,15,147,1570
1785590700,3 Perform authentication,49670,0,17.994,13,18,20,39,1237,1579
1785590700,1 Send request to authorize endpoint,49671,0,6.146,5,7,9,16,187,1571
1785590700,2 Start Authentication Flow,49672,0,4.728,4,6,7,13,159,1569
1785590700,__ALL__,248353,0,8.231,5,13,15,25,386,1579
1785590700,4 Obtain authorization code,49669,0,6.450,5,7,8,15,331,1568
1785591000,5 Obtain access token,49650,0,5.302,5,7,8,12,22,47
1785591000,3 Perform authentication,49652,0,13.720,13,18,21,30,45,61
1785591000,1 Send request to authorize endpoint,49650,0,5.532,5,8,9,15,29,59
1785591000,2 Start Authentication Flow,49649,0,4.105,4,6,7,10,18,47
1785591000,__ALL__,248253,0,6.769,5,13,15,22,36,61
1785591000,4 Obtain authorization code,49652,0,5.187,5,7,9,14,23,50
1785591300,5 Obtain access token,49529,0,5.935,5,7,8,14,189,1623
1785591300,3 Perform authentication,49526,0,18.407,13,17,20,39,1289,1639
1785591300,1 Send request to authorize endpoint,49529,0,6.211,5,7,8,15,234,1626
1785591300,2 Start Authentication Flow,49530,0,4.658,4,5,6,12,156,1626
1785591300,__ALL__,247641,0,8.322,5,13,15,24,432,1639
1785591300,4 Obtain authorization code,49527,0,6.398,5,7,8,14,335,1629
1785591600,5 Obtain access token,49778,0,5.186,5,7,8,10,16,47
1785591600,3 Perform authentication,49778,0,13.268,13,17,19,25,45,68
1785591600,1 Send request to authorize endpoint,49777,0,5.279,5,7,8,11,18,39
1785591600,2 Start Authentication Flow,49775,0,3.976,4,5,6,8,14,40
1785591600,__ALL__,248886,0,6.534,5,13,14,19,33,68
1785591600,4 Obtain authorization code,49778,0,4.962,5,6,7,10,19,41
1785591900,5 Obtain access token,49569,0,5.966,5,7,8,14,249,727
1785591900,3 Perform authentication,49571,0,18.482,13,17,20,40,1316,1597
1785591900,1 Send request to authorize endpoint,49568,0,6.279,5,7,8,16,248,1590
1785591900,2 Start Authentication Flow,49566,0,4.675,4,5,6,12,169,467
1785591900,__ALL__,247844,0,8.571,5,13,15,25,583,1597
1785591900,4 Obtain authorization code,49570,0,7.451,5,6,8,15,581,849
1785592200,5 Obtain access token,49600,0,5.107,5,7,8,10,17,41
1785592200,3 Perform authentication,49600,0,13.115,12,17,19,24,39,58
1785592200,1 Send request to authorize endpoint,49600,0,5.202,5,7,8,11,18,43
1785592200,2 Start Authentication Flow,49603,0,3.921,4,5,6,9,14,36
1785592200,__ALL__,248002,0,6.449,5,12,14,19,31,58
1785592200,4 Obtain authorization code,49599,0,4.900,5,6,7,10,17,36
1785592500,5 Obtain access token,49550,0,6.203,5,7,8,14,289,1590
1785592500,3 Perform authentication,49550,0,18.447,13,17,19,38,1338,1599
1785592500,1 Send request to authorize endpoint,49550,0,6.302,5,7,8,15,252,1584
1785592500,2 Start Authentication Flow,49550,0,4.642,4,5,6,11,165,1591
1785592500,__ALL__,247751,0,8.591,5,13,15,24,563,1599
1785592500,4 Obtain authorization code,49551,0,7.360,5,6,7,14,552,1037
1785592800,5 Obtain access token,49561,0,5.267,5,7,8,12,20,41
1785592800,3 Perform authentication,49563,0,13.660,13,18,21,31,47,106
1785592800,1 Send request to authorize endpoint,49563,0,5.491,5,7,9,15,25,46
1785592800,2 Start Authentication Flow,49562,0,4.103,4,6,7,10,19,42
1785592800,__ALL__,247811,0,6.738,5,13,15,21,37,106
1785592800,4 Obtain authorization code,49562,0,5.169,5,7,8,14,26,46
1785593100,5 Obtain access token,49617,0,6.200,5,7,8,16,252,1645
1785593100,3 Perform authentication,49615,0,18.806,12,17,19,53,1341,1650
1785593100,1 Send request to authorize endpoint,49617,0,6.529,5,7,8,20,253,1644
1785593100,2 Start Authentication Flow,49618,0,4.892,4,5,6,14,215,441
1785593100,__ALL__,248082,0,8.901,5,13,15,28,639,1650
1785593100,4 Obtain authorization code,49615,0,8.079,5,6,8,25,658,1643
1785593400,5 Obtain access token,49737,0,5.152,5,7,8,10,21,54
1785593400,3 Perform authentication,49737,0,13.266,13,17,19,26,48,110
1785593400,1 Send request to authorize endpoint,49737,0,5.240,5,7,8,11,21,60
1785593400,2 Start Authentication Flow,49738,0,3.972,4,5,6,9,15,64
1785593400,__ALL__,248686,0,6.516,5,13,14,19,34,110
1785593400,4 Obtain authorization code,49737,0,4.951,5,6,7,10,19,57
1785593700,5 Obtain access token,49642,0,5.649,5,7,8,15,139,370
1785593700,3 Perform authentication,49642,0,17.561,13,17,20,41,1254,1576
1785593700,1 Send request to authorize endpoint,49641,0,6.062,5,7,8,16,200,1567
1785593700,2 Start Authentication Flow,49639,0,4.455,4,5,6,12,138,333
1785593700,__ALL__,248207,0,7.983,5,13,15,24,357,1576
1785593700,4 Obtain authorization code,49643,0,6.188,5,6,8,15,321,1567
1785594000,5 Obtain access token,49704,0,5.176,5,7,8,10,18,44
1785594000,3 Perform authentication,49705,0,13.279,13,17,19,25,41,54
1785594000,1 Send request to authorize endpoint,49704,0,5.266,5,7,8,11,19,41
1785594000,2 Start Authentication Flow,49706,0,3.972,4,5,6,9,15,40
1785594000,__ALL__,248524,0,6.529,5,13,15,19,32,54
1785594000,4 Obtain authorization code,49705,0,4.951,5,6,7,10,16,37
1785594300,5 Obtain access token,49585,0,5.825,5,7,8,13,175,1564
1785594300,3 Perform authentication,49585,0,17.787,13,17,20,37,1304,1569
1785594300,1 Send request to authorize endpoint,49584,0,6.015,5,7,8,14,198,1561
1785594300,2 Start Authentication Flow,49583,0,4.538,4,5,6,11,141,1561
1785594300,__ALL__,247920,0,8.075,5,13,15,23,362,1569
1785594300,4 Obtain authorization code,49583,0,6.207,5,7,8,13,312,659
1785594600,5 Obtain access token,49761,0,5.368,5,7,8,11,23,42
1785594600,3 Perform authentication,49760,0,14.031,13,19,22,30,46,62
1785594600,1 Send request to authorize endpoint,49762,0,5.651,5,8,10,14,29,51
1785594600,2 Start Authentication Flow,49763,0,4.177,4,6,7,10,18,40
1785594600,__ALL__,248809,0,6.915,5,13,15,23,36,62
1785594600,4 Obtain authorization code,49763,0,5.347,5,7,9,14,25,42
1785594900,5 Obtain access token,49583,0,6.258,5,7,8,15,283,630
1785594900,3 Perform authentication,49584,0,18.487,13,18,21,46,1214,1579
1785594900,1 Send request to authorize endpoint,49581,0,6.486,5,7,9,19,268,660
1785594900,2 Start Authentication Flow,49581,0,4.892,4,6,7,13,189,1578
1785594900,__ALL__,247912,0,8.782,5,13,15,28,545,1579
1785594900,4 Obtain authorization code,49583,0,7.787,5,7,8,19,615,1574
1785595200,5 Obtain access token,49676,0,5.244,5,7,8,11,24,40
1785595200,3 Perform authentication,49676,0,13.647,13,17,20,30,52,82
1785595200,1 Send request to authorize endpoint,49679,0,5.436,5,7,9,14,30,48
1785595200,2 Start Authentication Flow,49678,0,4.054,4,5,6,10,20,41
1785595200,__ALL__,248384,0,6.711,5,13,15,21,38,82
1785595200,4 Obtain authorization code,49675,0,5.172,5,7,8,13,29,44
1785595500,5 Obtain access token,49789,0,5.831,5,7,8,15,167,398
1785595500,3 Perform authentication,49789,0,18.405,13,18,21,42,1350,1563
1785595500,1 Send request to authorize endpoint,49789,0,6.258,5,7,9,18,198,1554
1785595500,2 Start Authentication Flow,49788,0,4.723,4,6,7,13,159,1554
1785595500,__ALL__,248945,0,8.485,5,13,15,27,458,1563
1785595500,4 Obtain authorization code,49790,0,7.206,5,7,9,20,466,751
1785595800,5 Obtain access token,49686,0,5.116,5,7,8,10,20,45
1785595800,3 Perform authentication,49687,0,13.466,13,17,19,25,48,80
1785595800,1 Send request to authorize endpoint,49684,0,5.193,5,7,8,11,20,41
1785595800,2 Start Authentication Flow,49682,0,3.904,4,5,6,8,14,37
1785595800,__ALL__,248423,0,6.517,5,13,15,19,32,80
1785595800,4 Obtain authorization code,49684,0,4.902,5,6,7,10,19,38
1785596100,5 Obtain access token,49574,0,5.956,5,7,9,18,159,1597
1785596100,3 Perform authentication,49571,0,18.775,13,18,22,58,1362,1603
1785596100,1 Send request to authorize endpoint,49574,0,6.435,5,8,10,23,217,1597
1785596100,2 Start Authentication Flow,49578,0,4.721,4,6,7,17,152,424
1785596100,__ALL__,247872,0,8.521,5,13,16,31,409,1603
1785596100,4 Obtain authorization code,49575,0,6.720,5,7,9,24,360,1597
1785596400,5 Obtain access token,49727,0,5.195,5,7,8,11,18,46
1785596400,3 Perform authentication,49730,0,13.480,13,17,20,26,42,62
1785596400,1 Send request to authorize endpoint,49728,0,5.346,5,7,8,12,20,64
1785596400,2 Start Authentication Flow,49726,0,4.032,4,5,6,9,14,38
1785596400,__ALL__,248638,0,6.615,5,13,15,20,32,64
1785596400,4 Obtain authorization code,49727,0,5.021,5,7,8,11,18,44
1785596700,5 Obtain access token,49673,0,6.268,5,7,9,16,223,1622
1785596700,3 Perform authentication,49669,0,18.804,13,18,22,44,1336,1625
1785596700,1 Send request to authorize endpoint,49674,0,6.595,5,8,10,21,243,1619
1785596700,2 Start Authentication Flow,49673,0,4.900,4,6,7,14,173,1619
1785596700,__ALL__,248361,0,8.754,5,13,16,30,525,1625
1785596700,4 Obtain authorization code,49672,0,7.203,5,7,9,20,531,810
1785597000,5 Obtain access token,49592,0,5.227,5,7,8,11,24,46
1785597000,3 Perform authentication,49594,0,13.479,13,17,20,27,51,137
1785597000,1 Send request to authorize endpoint,49592,0,5.365,5,7,8,12,24,50
1785597000,2 Start Authentication Flow,49595,0,4.021,4,5,6,9,16,44
1785597000,__ALL__,247966,0,6.629,5,13,15,20,34,137
1785597000,4 Obtain authorization code,49593,0,5.055,5,7,8,11,24,52
1785597300,5 Obtain access token,49529,0,6.334,5,7,8,13,263,1529
1785597300,3 Perform authentication,49527,0,17.623,13,17,20,34,1225,1546
1785597300,1 Send request to authorize endpoint,49528,0,6.251,5,7,9,14,227,1525
1785597300,2 Start Authentication Flow,49528,0,4.686,4,6,7,11,146,1527
1785597300,__ALL__,247640,0,8.279,5,13,15,24,351,1546
1785597300,4 Obtain authorization code,49528,0,6.501,5,7,8,13,274,1529
1785597600,5 Obtain access token,49718,0,5.129,5,7,8,10,16,41
1785597600,3 Perform authentication,49719,0,13.288,13,17,19,25,41,67
1785597600,1 Send request to authorize endpoint,49718,0,5.237,5,7,8,11,19,43
1785597600,2 Start Authentication Flow,49717,0,3.946,4,5,6,9,14,40
1785597600,__ALL__,248590,0,6.514,5,13,14,19,32,67
1785597600,4 Obtain authorization code,49718,0,4.970,5,6,7,11,16,40
1785597900,5 Obtain access token,49536,0,5.817,5,7,8,13,177,1558
1785597900,3 Perform authentication,49536,0,17.611,13,17,19,37,1262,1571
1785597900,1 Send request to authorize endpoint,49535,0,6.053,5,7,8,14,228,466
1785597900,2 Start Authentication Flow,49535,0,4.579,4,5,6,11,156,1561
1785597900,__ALL__,247678,0,8.061,5,13,15,23,361,1571
1785597900,4 Obtain authorization code,49536,0,6.246,5,7,8,13,304,1562
1785598200,5 Obtain access token,49658,0,5.246,5,7,8,11,18,52
1785598200,3 Perform authentication,49660,0,13.419,13,17,20,27,47,72
1785598200,1 Send request to authorize endpoint,49660,0,5.368,5,7,8,12,24,42
1785598200,2 Start Authentication Flow,49661,0,4.045,4,5,6,9,17,48
1785598200,__ALL__,248299,0,6.625,5,13,15,20,33,72
1785598200,4 Obtain authorization code,49660,0,5.050,5,7,8,11,19,43
1785598500,5 Obtain access token,49403,0,6.630,5,7,9,19,326,1590
1785598500,3 Perform authentication,49404,0,19.074,13,18,22,50,1332,1583
1785598500,1 Send request to authorize endpoint,49403,0,6.738,5,8,9,22,305,559
1785598500,2 Start Authentication Flow,49399,0,4.918,4,6,7,16,194,1587
1785598500,__ALL__,247012,0,8.979,5,13,15,31,510,1590
1785598500,4 Obtain authorization code,49403,0,7.534,5,7,9,23,412,1587
1785598800,5 Obtain access token,49658,0,5.276,5,7,8,11,22,42
1785598800,3 Perform authentication,49655,0,13.480,13,17,20,28,50,72
1785598800,1 Send request to authorize endpoint,49657,0,5.404,5,7,8,13,24,49
1785598800,2 Start Authentication Flow,49660,0,4.071,4,5,6,9,18,39
1785598800,__ALL__,248287,0,6.663,5,13,15,20,36,72
1785598800,4 Obtain authorization code,49657,0,5.086,5,7,8,12,23,38
1785599100,5 Obtain access token,49585,0,6.147,5,7,8,14,251,1554
1785599100,3 Perform authentication,49587,0,17.801,13,17,20,42,1243,1562
1785599100,1 Send request to authorize endpoint,49585,0,6.291,5,7,9,18,218,1555
1785599100,2 Start Authentication Flow,49583,0,4.697,4,6,7,13,156,1552
1785599100,__ALL__,247925,0,8.341,5,13,15,26,399,1562
1785599100,4 Obtain authorization code,49585,0,6.767,5,7,8,16,368,1554
1785599400,5 Obtain access token,49677,0,5.219,5,7,8,10,16,40
1785599400,3 Perform authentication,49676,0,13.365,13,17,19,25,42,60
1785599400,1 Send request to authorize endpoint,49678,0,5.363,5,7,8,12,19,43
1785599400,2 Start Authentication Flow,49680,0,4.059,4,5,6,9,15,39
1785599400,__ALL__,248389,0,6.611,5,13,15,19,32,60
1785599400,4 Obtain authorization code,49678,0,5.050,5,7,8,11,17,39
1785599700,5 Obtain access token,49561,0,5.609,5,7,8,13,103,1552
1785599700,3 Perform authentication,49559,0,17.241,13,17,20,37,1219,1560
1785599700,1 Send request to authorize endpoint,49559,0,5.929,5,7,9,15,164,1556
1785599700,2 Start Authentication Flow,49560,0,4.528,4,5,7,11,132,1554
1785599700,__ALL__,247798,0,7.892,5,13,15,24,294,1560
1785599700,4 Obtain authorization code,49559,0,6.155,5,7,8,14,287,542
1785600000,5 Obtain access token,49635,0,5.192,5,7,8,10,18,69
1785600000,3 Perform authentication,49637,0,13.391,13,17,19,27,44,104
1785600000,1 Send request to authorize endpoint,49637,0,5.308,5,7,8,12,22,50
1785600000,2 Start Authentication Flow,49635,0,3.996,4,5,6,9,17,47
1785600000,__ALL__,248181,0,6.582,5,13,15,20,34,104
1785600000,4 Obtain authorization code,49637,0,5.023,5,7,8,11,22,47
1785600300,5 Obtain access token,49600,0,5.947,5,7,8,14,211,506
1785600300,3 Perform authentication,49603,0,18.237,13,17,19,38,1347,1598
1785600300,1 Send request to authorize endpoint,49598,0,6.216,5,7,8,15,249,472
1785600300,2 Start Authentication Flow,49599,0,4.596,4,5,6,12,152,1592
1785600300,__ALL__,248002,0,8.318,5,13,15,24,436,1598
1785600300,4 Obtain authorization code,49602,0,6.593,5,7,8,13,403,1592
1785600600,5 Obtain access token,49691,0,5.232,5,7,8,11,19,42
1785600600,3 Perform authentication,49687,0,13.563,13,18,21,31,45,85
1785600600,1 Send request to authorize endpoint,49692,0,5.462,5,7,9,15,24,40
1785600600,2 Start Authentication Flow,49692,0,4.073,4,6,7,10,20,42
1785600600,__ALL__,248449,0,6.700,5,13,15,21,35,85
1785600600,4 Obtain authorization code,49687,0,5.171,5,7,8,14,23,38
1785600900,5 Obtain access token,49665,0,5.597,5,7,8,12,108,1538
1785600900,3 Perform authentication,49668,0,17.343,13,17,20,34,1299,1547
1785600900,1 Send request to authorize endpoint,49664,0,5.799,5,7,8,14,150,1540
1785600900,2 Start Authentication Flow,49665,0,4.305,4,5,7,10,102,292
1785600900,__ALL__,248330,0,7.763,5,13,15,23,255,1547
1785600900,4 Obtain authorization code,49668,0,5.769,5,7,8,13,214,446
1785601200,5 Obtain access token,49556,0,5.222,5,7,8,11,24,40
1785601200,3 Perform authentication,49553,0,13.626,13,18,20,30,57,93
1785601200,1 Send request to authorize endpoint,49556,0,5.403,5,7,8,13,27,55
1785601200,2 Start Authentication Flow,49556,0,4.052,4,5,7,10,19,50
1785601200,__ALL__,247774,0,6.687,5,13,15,21,39,93
1785601200,4 Obtain authorization code,49553,0,5.135,5,7,8,13,30,60
1785601500,5 Obtain access token,49647,0,5.864,5,7,8,14,185,1567
1785601500,3 Perform authentication,49649,0,17.887,13,17,20,39,1244,1574
1785601500,1 Send request to authorize endpoint,49648,0,6.129,5,7,8,15,219,414
1785601500,2 Start Authentication Flow,49646,0,4.688,4,5,6,12,162,1566
1785601500,__ALL__,248237,0,8.257,5,13,15,24,417,1574
1785601500,4 Obtain authorization code,49647,0,6.718,5,7,8,15,411,632
1785601800,5 Obtain access token,49613,0,5.222,5,7,8,11,22,41
1785601800,3 Perform authentication,49611,0,13.784,13,18,20,29,50,90
1785601800,1 Send request to authorize endpoint,49614,0,5.397,5,7,8,13,27,64
1785601800,2 Start Authentication Flow,49616,0,4.035,4,5,6,9,17,36
1785601800,__ALL__,248068,0,6.716,5,13,15,21,36,90
1785601800,4 Obtain authorization code,49614,0,5.139,5,7,8,13,25,63
1785602100,5 Obtain access token,49586,0,5.844,5,7,8,13,209,463
1785602100,3 Perform authentication,49586,0,17.939,13,17,20,33,1250,1590
1785602100,1 Send request to authorize endpoint,49584,0,6.083,5,7,8,13,214,1583
1785602100,2 Start Authentication Flow,49584,0,4.563,4,5,6,11,159,1585
1785602100,__ALL__,247926,0,8.148,5,13,15,23,384,1590
1785602100,4 Obtain authorization code,49586,0,6.313,5,7,8,13,339,1585
1785602400,5 Obtain access token,49527,0,5.190,5,7,8,11,23,55
1785602400,3 Perform authentication,49527,0,13.593,13,17,20,27,52,95
1785602400,1 Send request to authorize endpoint,49529,0,5.341,5,7,8,12,22,43
1785602400,2 Start Authentication Flow,49528,0,4.008,4,5,6,9,17,43
1785602400,__ALL__,247637,0,6.643,5,13,15,20,34,95
1785602400,4 Obtain authorization code,49526,0,5.082,5,7,8,12,22,42
1785602700,5 Obtain access token,49669,0,5.851,5,7,8,15,126,1575
1785602700,3 Perform authentication,49671,0,18.482,13,19,22,42,1307,1606
1785602700,1 Send request to authorize endpoint,49667,0,6.215,5,8,9,19,186,384
1785602700,2 Start Authentication Flow,49666,0,4.586,4,6,7,14,131,412
1785602700,__ALL__,248342,0,8.321,5,13,16,28,376,1606
1785602700,4 Obtain authorization code,49669,0,6.470,5,7,9,19,322,556
1785603000,5 Obtain access token,49616,0,5.180,5,7,8,11,17,38
1785603000,3 Perform authentication,49620,0,13.659,13,17,20,26,50,105
1785603000,1 Send request to authorize endpoint,49617,0,5.300,5,7,8,11,23,66
1785603000,2 Start Authentication Flow,49619,0,3.988,4,5,6,9,17,39
1785603000,__ALL__,248092,0,6.634,5,13,15,20,36,105
1785603000,4 Obtain authorization code,49620,0,5.044,5,7,8,10,26,65
1785603300,5 Obtain access token,49566,0,6.384,5,7,8,16,288,657
1785603300,3 Perform authentication,49560,0,18.920,13,18,22,45,1343,1578
1785603300,1 Send request to authorize endpoint,49567,0,6.555,5,8,9,19,263,514
1785603300,2 Start Authentication Flow,49565,0,4.799,4,6,7,14,190,1569
1785603300,__ALL__,247821,0,8.830,5,13,16,28,496,1578
1785603300,4 Obtain authorization code,49563,0,7.492,5,7,9,19,496,1570
1785603600,5 Obtain access token,49784,0,5.587,5,7,8,13,84,458
1785603600,3 Perform authentication,49786,0,14.852,13,18,21,36,279,577
1785603600,1 Send request to authorize endpoint,49782,0,5.889,5,7,9,17,115,625
1785603600,2 Start Authentication Flow,49782,0,4.400,4,6,7,11,86,517
1785603600,__ALL__,248918,0,7.344,5,13,15,24,182,625
1785603600,4 Obtain authorization code,49784,0,5.990,5,7,8,17,260,604
1785603900,5 Obtain access token,49505,0,6.249,5,7,8,15,267,1558
1785603900,3 Perform authentication,49503,0,18.567,13,18,21,45,1277,1562
1785603900,1 Send request to authorize endpoint,49507,0,6.367,5,7,9,17,235,1560
1785603900,2 Start Authentication Flow,49508,0,4.706,4,6,7,13,149,1559
1785603900,__ALL__,247528,0,8.621,5,13,16,26,491,1562
1785603900,4 Obtain authorization code,49505,0,7.217,5,7,8,16,494,859
1785604200,5 Obtain access token,49741,0,5.290,5,7,8,11,22,37
1785604200,3 Perform authentication,49742,0,13.831,13,18,20,29,54,100
1785604200,1 Send request to authorize endpoint,49741,0,5.473,5,7,9,13,25,73
1785604200,2 Start Authentication Flow,49741,0,4.096,4,6,7,10,18,45
1785604200,__ALL__,248707,0,6.778,5,13,15,21,36,100
1785604200,4 Obtain authorization code,49742,0,5.199,5,7,8,13,27,52
1785604500,5 Obtain access token,49573,0,6.078,5,7,9,17,177,1560
1785604500,3 Perform authentication,49576,0,18.480,13,19,23,56,1306,1577
1785604500,1 Send request to authorize endpoint,49573,0,6.403,5,8,9,22,206,1562
1785604500,2 Start Authentication Flow,49574,0,4.828,4,6,7,15,155,1558
1785604500,__ALL__,247870,0,8.552,5,14,16,31,406,1577
1785604500,4 Obtain authorization code,49574,0,6.968,5,7,9,21,407,1562
1785604800,5 Obtain access token,49343,0,5.193,5,7,8,10,16,1588
1785604800,3 Perform authentication,49371,0,14.360,13,17,19,25,73,1597
1785604800,1 Send request to authorize endpoint,49342,0,5.311,5,7,8,10,18,1589
1785604800,2 Start Authentication Flow,49340,0,4.021,4,5,6,8,14,1593
1785604800,__ALL__,246738,0,6.792,5,13,15,19,33,1597
1785604800,4 Obtain authorization code,49342,0,5.069,5,6,7,10,16,1589
1785605100,5 Obtain access token,49844,0,6.948,5,7,8,17,413,819
1785605100,3 Perform authentication,49814,0,18.715,13,18,21,48,1292,1539
1785605100,1 Send request to authorize endpoint,49845,0,6.780,5,7,9,22,344,658
1785605100,2 Start Authentication Flow,49847,0,4.934,4,6,7,15,207,500
1785605100,__ALL__,249193,0,9.038,5,13,15,32,542,1539
1785605100,4 Obtain authorization code,49843,0,7.819,5,7,8,25,432,1215
1785605400,5 Obtain access token,49537,0,6.125,5,7,8,15,263,496
1785605400,3 Perform authentication,49536,0,18.040,13,17,20,44,1229,1561
1785605400,1 Send request to authorize endpoint,49536,0,6.281,5,7,8,15,265,523
1785605400,2 Start Authentication Flow,49533,0,4.695,4,5,6,13,159,1551
1785605400,__ALL__,247680,0,8.340,5,13,15,25,416,1561
1785605400,4 Obtain authorization code,49538,0,6.558,5,7,8,16,376,1555
1785605700,5 Obtain access token,49690,0,5.177,5,7,8,11,20,41
1785605700,3 Perform authentication,49689,0,13.457,13,17,19,26,52,99
1785605700,1 Send request to authorize endpoint,49689,0,5.262,5,7,8,11,25,45
1785605700,2 Start Authentication Flow,49692,0,3.981,4,5,6,9,19,38
1785605700,__ALL__,248449,0,6.578,5,13,15,20,36,99
1785605700,4 Obtain authorization code,49689,0,5.015,5,7,7,10,23,44
1785606000,5 Obtain access token,49586,0,6.559,5,7,8,15,340,1550
1785606000,3 Perform authentication,49589,0,18.325,13,18,21,40,1212,1561
1785606000,1 Send request to authorize endpoint,49588,0,6.546,5,7,9,17,279,1549
1785606000,2 Start Authentication Flow,49588,0,4.773,4,6,7,13,180,1550
1785606000,__ALL__,247936,0,8.658,5,13,15,28,423,1561
1785606000,4 Obtain authorization code,49585,0,7.084,5,7,8,17,345,802
1785606300,5 Obtain access token,49748,0,5.223,5,7,8,11,17,39
1785606300,3 Perform authentication,49745,0,13.559,13,17,20,27,42,59
1785606300,1 Send request to authorize endpoint,49747,0,5.374,5,7,8,12,19,41
1785606300,2 Start Authentication Flow,49747,0,4.039,4,5,6,9,14,43
1785606300,__ALL__,248736,0,6.659,5,13,15,20,32,59
1785606300,4 Obtain authorization code,49749,0,5.101,5,7,8,12,18,43
1785606600,5 Obtain access token,49641,0,6.118,5,7,8,17,231,1565
1785606600,3 Perform authentication,49641,0,18.446,13,18,21,48,1247,1598
1785606600,1 Send request to authorize endpoint,49642,0,6.526,5,7,9,22,253,1567
1785606600,2 Start Authentication Flow,49641,0,4.907,4,6,7,15,188,1567
1785606600,__ALL__,248205,0,8.715,5,13,15,31,526,1598
1785606600,4 Obtain authorization code,49640,0,7.576,5,7,8,22,535,1558
1785606900,5 Obtain access token,49610,0,5.268,5,7,8,11,21,40
1785606900,3 Perform authentication,49613,0,13.675,13,17,20,28,45,83
1785606900,1 Send request to authorize endpoint,49609,0,5.431,5,7,8,13,28,43
1785606900,2 Start Authentication Flow,49610,0,4.059,4,5,6,9,16,41
1785606900,__ALL__,248054,0,6.712,5,13,15,20,35,83
1785606900,4 Obtain authorization code,49612,0,5.125,5,7,8,12,24,40
1785607200,5 Obtain access token,49629,0,7.041,5,7,8,16,432,1580
1785607200,3 Perform authentication,49626,0,18.791,13,17,20,43,1318,1588
1785607200,1 Send request to authorize endpoint,49630,0,6.607,5,7,8,16,306,1579
1785607200,2 Start Authentication Flow,49628,0,4.806,4,5,6,13,198,464
1785607200,__ALL__,248141,0,8.866,5,13,15,27,516,1588
1785607200,4 Obtain authorization code,49628,0,7.086,5,7,8,18,333,1581
1785607500,5 Obtain access token,49696,0,5.227,5,7,8,11,23,46
1785607500,3 Perform authentication,49697,0,13.605,13,17,20,30,47,102
1785607500,1 Send request to authorize endpoint,49695,0,5.395,5,7,8,14,29,49
1785607500,2 Start Authentication Flow,49695,0,4.021,4,5,7,10,17,40
1785607500,__ALL__,248478,0,6.669,5,13,15,21,37,102
1785607500,4 Obtain authorization code,49695,0,5.095,5,7,8,13,27,51
1785607800,5 Obtain access token,49632,0,5.734,5,7,8,14,146,357
1785607800,3 Perform authentication,49630,0,17.994,13,17,20,38,1336,1579
1785607800,1 Send request to authorize endpoint,49633,0,6.136,5,7,8,14,210,1575
1785607800,2 Start Authentication Flow,49635,0,4.627,4,5,6,12,151,1573
1785607800,__ALL__,248162,0,8.203,5,13,15,24,416,1579
1785607800,4 Obtain authorization code,49632,0,6.525,5,7,8,14,383,704
1785608100,5 Obtain access token,49636,0,5.184,5,7,8,11,18,48
1785608100,3 Perform authentication,49637,0,13.475,13,17,20,28,45,79
1785608100,1 Send request to authorize endpoint,49635,0,5.367,5,7,8,13,26,55
1785608100,2 Start Authentication Flow,49634,0,4.026,4,5,6,9,16,44
1785608100,__ALL__,248179,0,6.625,5,13,15,20,34,79
1785608100,4 Obtain authorization code,49637,0,5.073,5,7,8,12,24,50
1785608400,5 Obtain access token,49606,0,5.738,5,7,8,14,153,1624
1785608400,3 Perform authentication,49607,0,18.123,13,17,19,40,1356,1638
1785608400,1 Send request to authorize endpoint,49605,0,6.163,5,7,8,16,225,1623
1785608400,2 Start Authentication Flow,49606,0,4.604,4,5,6,12,158,1619
1785608400,__ALL__,248030,0,8.227,5,13,15,25,411,1638
1785608400,4 Obtain authorization code,49606,0,6.505,5,7,8,15,375,1624
1785608700,5 Obtain access token,49748,0,5.278,5,7,8,12,21,41
1785608700,3 Perform authentication,49747,0,13.702,13,18,21,31,48,80
1785608700,1 Send request to authorize endpoint,49750,0,5.508,5,7,9,15,30,45
1785608700,2 Start Authentication Flow,49749,0,4.091,4,6,7,10,20,38
1785608700,__ALL__,248741,0,6.757,5,13,15,22,37,80
1785608700,4 Obtain authorization code,49747,0,5.208,5,7,9,14,27,47
1785609000,5 Obtain access token,49585,0,6.389,5,7,8,15,318,1597
1785609000,3 Perform authentication,49585,0,18.316,13,17,20,43,1296,1593
1785609000,1 Send request to authorize endpoint,49584,0,6.347,5,7,8,16,241,1597
1785609000,2 Start Authentication Flow,49584,0,4.661,4,5,6,13,168,1598
1785609000,__ALL__,247923,0,8.556,5,13,15,25,473,1598
1785609000,4 Obtain authorization code,49585,0,7.068,5,7,8,16,389,1593
1785609300,5 Obtain access token,49715,0,5.176,5,7,8,11,20,37
1785609300,3 Perform authentication,49714,0,13.352,13,17,19,26,42,78
1785609300,1 Send request to authorize endpoint,49715,0,5.311,5,7,8,12,22,37
1785609300,2 Start Authentication Flow,49716,0,3.978,4,5,6,9,14,38
1785609300,__ALL__,248575,0,6.570,5,13,15,20,32,78
1785609300,4 Obtain authorization code,49715,0,5.035,5,7,8,11,20,38
1785609600,5 Obtain access token,49614,0,6.419,5,7,8,15,304,687
1785609600,3 Perform authentication,49617,0,18.338,13,17,20,41,1300,1574
1785609600,1 Send request to authorize endpoint,49615,0,6.396,5,7,8,16,264,1574
1785609600,2 Start Authentication Flow,49615,0,4.787,4,5,6,12,200,1573
1785609600,__ALL__,248075,0,8.652,5,13,15,25,491,1574
1785609600,4 Obtain authorization code,49614,0,7.321,5,7,8,15,483,886
1785609900,5 Obtain access token,49761,0,5.164,5,7,8,11,20,47
1785609900,3 Perform authentication,49758,0,13.346,13,17,19,27,46,83
1785609900,1 Send request to authorize endpoint,49761,0,5.309,5,7,8,13,28,40
1785609900,2 Start Authentication Flow,49760,0,3.973,4,5,6,9,19,45
1785609900,__ALL__,248801,0,6.564,5,13,15,20,35,83
1785609900,4 Obtain authorization code,49761,0,5.027,5,7,8,12,25,47
1785610200,5 Obtain access token,49563,0,5.801,5,7,8,14,180,703
1785610200,3 Perform authentication,49569,0,17.683,13,17,20,37,1237,1554
1785610200,1 Send request to authorize endpoint,49562,0,6.084,5,7,8,14,195,1555
1785610200,2 Start Authentication Flow,49563,0,4.560,4,5,6,11,167,487
1785610200,__ALL__,247823,0,8.198,5,13,15,24,444,1556
1785610200,4 Obtain authorization code,49566,0,6.861,5,7,8,14,470,1556
1785610500,5 Obtain access token,49659,0,5.191,5,7,8,11,32,79
1785610500,3 Perform authentication,49653,0,13.380,13,17,19,25,120,212
1785610500,1 Send request to authorize endpoint,49659,0,5.278,5,7,8,11,34,190
1785610500,2 Start Authentication Flow,49658,0,3.968,4,5,6,9,24,104
1785610500,__ALL__,248285,0,6.579,5,13,15,19,41,212
1785610500,4 Obtain authorization code,49656,0,5.077,5,6,7,10,64,188
1785610800,5 Obtain access token,49662,0,5.626,5,7,8,14,122,447
1785610800,3 Perform authentication,49665,0,17.074,13,17,20,40,1180,1544
1785610800,1 Send request to authorize endpoint,49662,0,5.888,5,7,8,14,168,1536
1785610800,2 Start Authentication Flow,49662,0,4.441,4,5,6,12,140,278
1785610800,__ALL__,248316,0,7.822,5,13,15,23,295,1544
1785610800,4 Obtain authorization code,49665,0,6.079,5,7,8,14,292,1535
1785611100,5 Obtain access token,49638,0,5.279,5,7,8,12,32,50
1785611100,3 Perform authentication,49637,0,13.598,13,17,20,32,78,146
1785611100,1 Send request to authorize endpoint,49639,0,5.513,5,7,9,15,37,62
1785611100,2 Start Authentication Flow,49635,0,4.092,4,5,7,10,29,60
1785611100,__ALL__,248186,0,6.735,5,13,15,22,44,146
1785611100,4 Obtain authorization code,49637,0,5.194,5,7,8,14,40,72
1785611400,5 Obtain access token,49622,0,5.922,5,7,8,15,167,1607
1785611400,3 Perform authentication,49622,0,18.808,13,17,20,41,1338,1615
1785611400,1 Send request to authorize endpoint,49621,0,6.369,5,7,9,18,230,1609
1785611400,2 Start Authentication Flow,49625,0,4.767,4,5,7,13,176,1605
1785611400,__ALL__,248111,0,8.517,5,13,15,27,487,1615
1785611400,4 Obtain authorization code,49621,0,6.718,5,7,8,18,366,708
1785611700,5 Obtain access token,49575,0,5.153,5,7,8,11,18,48
1785611700,3 Perform authentication,49576,0,13.408,13,17,20,27,43,77
1785611700,1 Send request to authorize endpoint,49575,0,5.305,5,7,8,12,21,54
1785611700,2 Start Authentication Flow,49576,0,3.983,4,5,6,9,15,43
1785611700,__ALL__,247879,0,6.577,5,13,15,20,34,77
1785611700,4 Obtain authorization code,49577,0,5.035,5,7,8,12,20,46
1785612000,5 Obtain access token,49620,0,5.785,5,7,8,14,180,298
1785612000,3 Perform authentication,49619,0,17.583,13,17,20,39,1215,1533
1785612000,1 Send request to authorize endpoint,49619,0,6.170,5,7,8,15,210,1538
1785612000,2 Start Authentication Flow,49619,0,4.605,4,5,7,11,156,351
1785612000,__ALL__,248094,0,8.238,5,13,15,25,448,1538
1785612000,4 Obtain authorization code,49617,0,7.049,5,7,8,14,497,777
1785612300,5 Obtain access token,49675,0,5.230,5,7,8,11,22,43
1785612300,3 Perform authentication,49673,0,13.719,13,18,20,29,48,97
1785612300,1 Send request to authorize endpoint,49676,0,5.382,5,7,8,13,23,68
1785612300,2 Start Authentication Flow,49675,0,4.033,4,5,7,9,16,39
1785612300,__ALL__,248374,0,6.705,5,13,15,21,36,97
1785612300,4 Obtain authorization code,49675,0,5.161,5,7,8,12,26,68
1785612600,5 Obtain access token,49642,0,6.192,5,7,8,15,263,1565
1785612600,3 Perform authentication,49647,0,18.311,13,18,20,43,1337,1570
1785612600,1 Send request to authorize endpoint,49640,0,6.422,5,7,9,17,264,1564
1785612600,2 Start Authentication Flow,49641,0,4.731,4,5,7,13,169,1563
1785612600,__ALL__,248214,0,8.472,5,13,15,26,402,1570
1785612600,4 Obtain authorization code,49644,0,6.701,5,7,8,16,316,1563
1785612900,5 Obtain access token,49633,0,5.234,5,7,8,11,18,48
1785612900,3 Perform authentication,49629,0,13.807,13,18,21,30,46,99
1785612900,1 Send request to authorize endpoint,49636,0,5.394,5,7,9,14,26,57
1785612900,2 Start Authentication Flow,49636,0,4.030,4,5,7,9,17,45
1785612900,__ALL__,248165,0,6.724,5,13,15,21,37,99
1785612900,4 Obtain authorization code,49631,0,5.154,5,7,8,13,23,46
1785613200,5 Obtain access token,49614,0,7.194,5,7,8,20,456,1584
1785613200,3 Perform authentication,49617,0,18.657,13,17,20,73,1298,1598
1785613200,1 Send request to authorize endpoint,49613,0,6.645,5,7,8,20,295,1582
1785613200,2 Start Authentication Flow,49613,0,4.982,4,5,6,18,221,1581
1785613200,__ALL__,248072,0,9.000,5,13,15,32,526,1598
1785613200,4 Obtain authorization code,49615,0,7.520,5,7,8,34,366,836
1785613500,5 Obtain access token,49484,0,5.199,5,7,8,11,19,39
1785613500,3 Perform authentication,49483,0,13.561,13,17,20,27,47,93
1785613500,1 Send request to authorize endpoint,49484,0,5.335,5,7,8,11,21,49
1785613500,2 Start Authentication Flow,49482,0,4.025,4,5,6,9,17,39
1785613500,__ALL__,247418,0,6.647,5,13,15,20,35,93
1785613500,4 Obtain authorization code,49485,0,5.114,5,7,8,11,22,46
1785613800,5 Obtain access token,49580,0,5.742,5,7,9,16,118,1551
1785613800,3 Perform authentication,49577,0,18.127,13,18,23,45,1281,1561
1785613800,1 Send request to authorize endpoint,49579,0,6.182,5,8,10,20,167,1551
1785613800,2 Start Authentication Flow,49578,0,4.654,4,6,7,14,138,1554
1785613800,__ALL__,247892,0,8.229,5,13,16,30,335,1561
1785613800,4 Obtain authorization code,49578,0,6.442,5,7,9,20,303,1556
1785614100,5 Obtain access token,49653,0,5.148,5,7,8,10,20,43
1785614100,3 Perform authentication,49656,0,13.525,13,17,19,26,45,86
1785614100,1 Send request to authorize endpoint,49654,0,5.242,5,7,8,11,16,37
1785614100,2 Start Authentication Flow,49657,0,3.945,4,5,6,9,14,37
1785614100,__ALL__,248274,0,6.579,5,13,15,19,33,86
1785614100,4 Obtain authorization code,49654,0,5.035,5,7,7,10,19,41
1785614400,5 Obtain access token,49714,0,5.992,5,7,9,18,168,1602
1785614400,3 Perform authentication,49714,0,19.426,13,18,23,52,1366,1629
1785614400,1 Send request to authorize endpoint,49715,0,6.864,5,7,10,27,269,1609
1785614400,2 Start Authentication Flow,49713,0,5.039,4,6,7,17,217,1601
1785614400,__ALL__,248571,0,8.950,5,14,16,37,528,1629
1785614400,4 Obtain authorization code,49715,0,7.430,5,7,9,30,467,1610
1785614700,5 Obtain access token,49628,0,5.242,5,7,8,11,19,43
1785614700,3 Perform authentication,49626,0,13.651,13,18,20,27,50,84
1785614700,1 Send request to authorize endpoint,49627,0,5.384,5,7,8,11,28,70
1785614700,2 Start Authentication Flow,49629,0,4.025,4,5,6,9,17,55
1785614700,__ALL__,248136,0,6.684,5,13,15,20,34,84
1785614700,4 Obtain authorization code,49626,0,5.119,5,7,8,11,21,47
1785615000,5 Obtain access token,49644,0,6.205,5,7,8,16,263,1575
1785615000,3 Perform authentication,49647,0,18.821,13,18,21,47,1318,1586
1785615000,1 Send request to authorize endpoint,49645,0,6.388,5,7,9,20,232,1578
1785615000,2 Start Authentication Flow,49645,0,4.712,4,6,7,14,170,373
1785615000,__ALL__,248225,0,8.702,5,13,15,29,539,1586
1785615000,4 Obtain authorization code,49644,0,7.381,5,7,8,21,554,876
1785615300,5 Obtain access token,49636,0,5.204,5,7,8,11,24,67
1785615300,3 Perform authentication,49634,0,13.738,13,18,20,27,55,109
1785615300,1 Send request to authorize endpoint,49634,0,5.338,5,7,8,12,24,63
1785615300,2 Start Authentication Flow,49633,0,3.999,4,5,6,9,19,57
1785615300,__ALL__,248175,0,6.679,5,13,15,20,36,109
1785615300,4 Obtain authorization code,49638,0,5.115,5,7,8,11,28,79
1785615600,5 Obtain access token,49639,0,6.599,5,7,8,17,343,846
1785615600,3 Perform authentication,49640,0,18.912,13,18,20,46,1310,1592
1785615600,1 Send request to authorize endpoint,49640,0,6.585,5,7,8,18,306,1590
1785615600,2 Start Authentication Flow,49641,0,4.780,4,5,7,14,189,541
1785615600,__ALL__,248198,0,8.853,5,13,15,28,503,1592
1785615600,4 Obtain authorization code,49638,0,7.388,5,7,8,23,387,1588
1785615900,5 Obtain access token,49724,0,5.246,5,7,8,11,20,87
1785615900,3 Perform authentication,49723,0,13.777,13,18,20,30,48,96
1785615900,1 Send request to authorize endpoint,49723,0,5.426,5,7,8,13,30,85
1785615900,2 Start Authentication Flow,49721,0,4.055,4,5,7,9,19,39
1785615900,__ALL__,248615,0,6.742,5,13,15,21,37,96
1785615900,4 Obtain authorization code,49724,0,5.206,5,7,8,13,29,84
1785616200,5 Obtain access token,49550,0,5.695,5,7,8,14,137,431
1785616200,3 Perform authentication,49549,0,18.022,13,17,20,42,1313,1569
1785616200,1 Send request to authorize endpoint,49552,0,6.096,5,7,8,15,211,1574
1785616200,2 Start Authentication Flow,49553,0,4.625,4,5,6,12,170,1569
1785616200,__ALL__,247753,0,8.214,5,13,15,25,378,1574
1785616200,4 Obtain authorization code,49549,0,6.633,5,7,8,14,369,1572
1785616500,5 Obtain access token,49743,0,5.140,5,7,8,10,16,36
1785616500,3 Perform authentication,49743,0,13.477,13,17,19,25,40,59
1785616500,1 Send request to authorize endpoint,49743,0,5.239,5,7,8,11,16,37
1785616500,2 Start Authentication Flow,49744,0,3.955,4,5,6,9,14,37
1785616500,__ALL__,248717,0,6.577,5,13,15,19,30,59
1785616500,4 Obtain authorization code,49744,0,5.076,5,7,8,10,15,39
1785616800,5 Obtain access token,49715,0,5.956,5,7,8,16,210,599
1785616800,3 Perform authentication,49718,0,17.724,13,18,20,45,1201,1560
1785616800,1 Send request to authorize endpoint,49714,0,6.095,5,7,8,18,208,415
1785616800,2 Start Authentication Flow,49713,0,4.621,4,5,7,14,154,1552
1785616800,__ALL__,248576,0,8.190,5,13,15,26,385,1560
1785616800,4 Obtain authorization code,49716,0,6.553,5,7,8,18,382,647
1785617100,5 Obtain access token,49665,0,5.286,5,7,8,12,25,49
1785617100,3 Perform authentication,49663,0,13.875,13,18,21,33,55,82
1785617100,1 Send request to authorize endpoint,49665,0,5.495,5,7,9,15,34,51
1785617100,2 Start Authentication Flow,49663,0,4.094,4,6,7,10,21,43
1785617100,__ALL__,248319,0,6.804,5,13,15,22,41,82
1785617100,4 Obtain authorization code,49663,0,5.268,5,7,9,14,35,56
1785617400,5 Obtain access token,49539,0,6.357,5,7,8,14,312,573
1785617400,3 Perform authentication,49542,0,18.298,13,17,20,38,1282,1586
1785617400,1 Send request to authorize endpoint,49539,0,6.408,5,7,8,14,288,1572
1785617400,2 Start Authentication Flow,49541,0,4.688,4,5,6,11,169,1573
1785617400,__ALL__,247702,0,8.563,5,13,15,25,472,1586
1785617400,4 Obtain authorization code,49541,0,7.063,5,7,8,14,432,1578
1785617700,5 Obtain access token,49660,0,5.181,5,7,8,10,16,43
1785617700,3 Perform authentication,49657,0,13.338,13,17,19,25,41,71
1785617700,1 Send request to authorize endpoint,49661,0,5.283,5,7,8,11,17,40
1785617700,2 Start Authentication Flow,49661,0,3.979,4,5,6,9,14,37
1785617700,__ALL__,248297,0,6.558,5,13,15,19,31,71
1785617700,4 Obtain authorization code,49658,0,5.008,5,6,7,10,17,35
1785618000,5 Obtain access token,49482,0,7.286,5,7,8,18,481,728
1785618000,3 Perform authentication,49483,0,19.569,13,18,21,62,1440,1615
1785618000,1 Send request to authorize endpoint,49482,0,6.971,5,7,9,25,384,793
1785618000,2 Start Authentication Flow,49483,0,5.086,4,6,7,17,220,1610
1785618000,__ALL__,247414,0,9.354,5,13,15,33,612,1615
1785618000,4 Obtain authorization code,49484,0,7.857,5,7,8,35,397,1611
1785618300,5 Obtain access token,49707,0,5.142,5,7,8,10,17,40
1785618300,3 Perform authentication,49705,0,13.326,13,17,19,25,40,68
1785618300,1 Send request to authorize endpoint,49706,0,5.263,5,7,8,11,18,51
1785618300,2 Start Authentication Flow,49703,0,3.948,4,5,6,9,14,36
1785618300,__ALL__,248526,0,6.531,5,13,15,19,32,68
1785618300,4 Obtain authorization code,49705,0,4.978,5,6,7,10,17,35
1785618600,5 Obtain access token,49685,0,5.882,5,7,8,16,174,415
1785618600,3 Perform authentication,49686,0,18.103,13,18,21,47,1232,1561
1785618600,1 Send request to authorize endpoint,49684,0,6.360,5,7,9,20,228,1555
1785618600,2 Start Authentication Flow,49686,0,4.813,4,6,7,14,174,1554
1785618600,__ALL__,248426,0,8.544,5,13,15,29,497,1561
1785618600,4 Obtain authorization code,49685,0,7.561,5,7,8,20,546,852
1785618900,5 Obtain access token,49602,0,5.161,5,7,8,10,18,54
1785618900,3 Perform authentication,49602,0,13.396,13,17,19,25,46,98
1785618900,1 Send request to authorize endpoint,49604,0,5.259,5,7,8,11,20,46
1785618900,2 Start Authentication Flow,49603,0,3.954,4,5,6,9,15,37
1785618900,__ALL__,248014,0,6.550,5,13,15,19,33,98
1785618900,4 Obtain authorization code,49603,0,4.979,5,6,7,10,19,50
1785619200,5 Obtain access token,49541,0,7.003,5,7,8,16,410,1572
1785619200,3 Perform authentication,49540,0,18.583,13,17,20,42,1266,1575
1785619200,1 Send request to authorize endpoint,49540,0,6.663,5,7,8,17,321,1568
1785619200,2 Start Authentication Flow,49541,0,4.819,4,5,6,13,199,1572
1785619200,__ALL__,247702,0,8.832,5,13,15,26,497,1575
1785619200,4 Obtain authorization code,49540,0,7.093,5,7,8,16,330,1569
1785619500,5 Obtain access token,49656,0,5.222,5,7,8,11,24,57
1785619500,3 Perform authentication,49658,0,13.497,13,17,20,28,51,151
1785619500,1 Send request to authorize endpoint,49656,0,5.372,5,7,8,13,24,49
1785619500,2 Start Authentication Flow,49656,0,4.013,4,5,6,9,17,45
1785619500,__ALL__,248283,0,6.636,5,13,15,20,34,151
1785619500,4 Obtain authorization code,49657,0,5.077,5,7,8,12,22,52
1785619800,5 Obtain access token,49559,0,5.725,5,7,8,14,138,1577
1785619800,3 Perform authentication,49557,0,17.813,13,17,20,41,1292,1581
1785619800,1 Send request to authorize endpoint,49560,0,6.073,5,7,9,18,189,1576
1785619800,2 Start Authentication Flow,49559,0,4.512,4,5,7,12,137,1578
1785619800,__ALL__,247793,0,8.071,5,13,15,26,349,1581
1785619800,4 Obtain authorization code,49558,0,6.232,5,7,8,17,299,1579
1785620100,5 Obtain access token,49606,0,5.148,5,7,8,10,18,40
1785620100,3 Perform authentication,49605,0,13.295,13,17,19,25,45,80
1785620100,1 Send request to authorize endpoint,49605,0,5.258,5,7,8,11,19,48
1785620100,2 Start Authentication Flow,49606,0,3.959,4,5,6,8,15,38
1785620100,__ALL__,248028,0,6.529,5,13,15,19,32,80
1785620100,4 Obtain authorization code,49606,0,4.986,5,6,7,10,18,45
1785620400,5 Obtain access token,49576,0,6.118,5,7,8,15,217,1570
1785620400,3 Perform authentication,49578,0,18.295,13,18,21,43,1315,1579
1785620400,1 Send request to authorize endpoint,49577,0,6.402,5,7,9,18,251,1572
1785620400,2 Start Authentication Flow,49577,0,4.738,4,6,7,14,163,1566
1785620400,__ALL__,247885,0,8.501,5,13,15,27,445,1579
1785620400,4 Obtain authorization code,49577,0,6.952,5,7,8,18,428,1568
1785620700,5 Obtain access token,49688,0,5.192,5,7,8,10,23,57
1785620700,3 Perform authentication,49688,0,13.385,13,17,19,24,59,178
1785620700,1 Send request to authorize endpoint,49688,0,5.280,5,7,8,11,26,115
1785620700,2 Start Authentication Flow,49689,0,3.978,4,5,6,8,17,46
1785620700,__ALL__,248442,0,6.572,5,13,15,19,34,178
1785620700,4 Obtain authorization code,49689,0,5.025,5,6,7,10,32,93
1785621000,5 Obtain access token,49563,0,5.741,5,7,8,14,147,1563
1785621000,3 Perform authentication,49569,0,17.383,12,17,19,37,1235,1564
1785621000,1 Send request to authorize endpoint,49562,0,6.091,5,7,8,15,192,1560
1785621000,2 Start Authentication Flow,49562,0,4.613,4,5,6,12,153,1559
1785621000,__ALL__,247821,0,8.120,5,13,15,24,415,1564
1785621000,4 Obtain authorization code,49565,0,6.771,5,7,8,14,422,1558
1785621300,5 Obtain access token,49610,0,5.464,5,7,8,13,81,409
1785621300,3 Perform authentication,49602,0,14.409,12,17,20,34,255,494
1785621300,1 Send request to authorize endpoint,49611,0,5.823,5,7,8,15,136,483
1785621300,2 Start Authentication Flow,49611,0,4.365,4,5,7,11,95,414
1785621300,__ALL__,248040,0,7.212,5,13,15,24,192,595
1785621300,4 Obtain authorization code,49606,0,6.003,5,7,8,15,252,595
1785621600,5 Obtain access token,49578,0,7.398,5,7,8,52,419,1577
1785621600,3 Perform authentication,49578,0,20.165,12,17,20,227,1297,1585
1785621600,1 Send request to authorize endpoint,49578,0,7.422,5,7,8,79,369,1572
1785621600,2 Start Authentication Flow,49577,0,5.584,4,5,7,58,258,1574
1785621600,__ALL__,247889,0,9.907,5,13,15,96,592,1585
1785621600,4 Obtain authorization code,49578,0,8.966,5,7,8,171,504,1001
1785621900,5 Obtain access token,49672,0,5.693,5,7,8,13,136,570
1785621900,3 Perform authentication,49694,0,15.029,13,17,19,35,436,880
1785621900,1 Send request to authorize endpoint,49662,0,6.072,5,7,8,13,217,859
1785621900,2 Start Authentication Flow,49662,0,4.601,4,5,6,10,172,629
1785621900,__ALL__,248367,0,7.624,5,13,15,23,336,1098
1785621900,4 Obtain authorization code,49677,0,6.720,5,6,8,13,489,1098
1785622200,5 Obtain access token,49254,0,9.416,5,7,11,140,441,1585
1785622200,3 Perform authentication,49236,0,27.853,13,19,27,500,1341,1594
1785622200,1 Send request to authorize endpoint,49264,0,11.925,5,8,12,201,701,1586
1785622200,2 Start Authentication Flow,49264,0,8.933,4,6,9,157,554,1184
1785622200,__ALL__,246269,0,15.063,5,14,19,284,925,1721
1785622200,4 Obtain authorization code,49251,0,17.196,5,7,12,415,970,1721
1785622500,5 Obtain access token,49505,0,6.174,5,7,8,17,233,1278
1785622500,3 Perform authentication,49502,0,16.362,13,17,20,52,680,1233
1785622500,1 Send request to authorize endpoint,49504,0,7.016,5,7,8,24,403,1622
1785622500,2 Start Authentication Flow,49504,0,5.249,4,5,6,16,300,897
1785622500,__ALL__,247519,0,8.616,5,13,15,30,537,1622
1785622500,4 Obtain authorization code,49504,0,8.281,5,7,8,35,766,1538
1785622800,5 Obtain access token,49428,0,8.492,5,7,9,101,470,1601
1785622800,3 Perform authentication,49429,0,23.238,13,18,21,346,1308,1608
1785622800,1 Send request to authorize endpoint,49427,0,9.361,5,7,9,147,539,1602
1785622800,2 Start Authentication Flow,49428,0,7.123,4,6,7,111,457,863
1785622800,__ALL__,247140,0,12.066,5,13,16,194,781,1608
1785622800,4 Obtain authorization code,49428,0,12.114,5,7,8,296,771,1335
1785623100,5 Obtain access token,49494,0,7.291,5,7,9,63,358,1175
1785623100,3 Perform authentication,49493,0,19.493,13,19,23,238,803,1292
1785623100,1 Send request to authorize endpoint,49495,0,8.940,5,8,11,115,584,1345
1785623100,2 Start Authentication Flow,49495,0,6.737,4,6,8,84,492,1353
1785623100,__ALL__,247471,0,10.826,5,13,16,129,703,1513
1785623100,4 Obtain authorization code,49494,0,11.671,5,7,10,236,890,1513
1785623400,5 Obtain access token,49522,0,6.207,5,7,8,14,260,576
1785623400,3 Perform authentication,49522,0,18.201,13,17,20,43,1250,1586
1785623400,1 Send request to authorize endpoint,49521,0,6.557,5,7,8,17,267,1575
1785623400,2 Start Authentication Flow,49519,0,4.793,4,5,6,12,175,1579
1785623400,__ALL__,247606,0,8.649,5,13,15,25,524,1586
1785623400,4 Obtain authorization code,49522,0,7.486,5,7,8,16,545,920
1785623700,5 Obtain access token,49649,0,5.252,5,7,8,11,24,42
1785623700,3 Perform authentication,49650,0,13.957,13,18,20,32,58,108
1785623700,1 Send request to authorize endpoint,49651,0,5.407,5,7,8,12,34,67
1785623700,2 Start Authentication Flow,49652,0,4.055,4,5,6,9,21,51
1785623700,__ALL__,248252,0,6.794,5,13,15,21,42,108
1785623700,4 Obtain authorization code,49650,0,5.296,5,7,8,12,33,88
1785624000,5 Obtain access token,49591,0,6.683,5,7,8,17,347,489
1785624000,3 Perform authentication,49590,0,18.861,13,18,22,50,1278,1580
1785624000,1 Send request to authorize endpoint,49585,0,6.692,5,7,9,21,298,1587
1785624000,2 Start Authentication Flow,49586,0,4.992,4,6,7,16,209,1589
1785624000,__ALL__,247942,0,8.960,5,13,16,32,462,1589
1785624000,4 Obtain authorization code,49590,0,7.569,5,7,9,25,355,1587
1785624300,5 Obtain access token,49735,0,5.261,5,7,8,11,19,39
1785624300,3 Perform authentication,49736,0,13.919,13,18,21,27,45,93
1785624300,1 Send request to authorize endpoint,49741,0,5.407,5,7,8,12,24,68
1785624300,2 Start Authentication Flow,49739,0,4.056,4,5,6,9,17,45
1785624300,__ALL__,248685,0,6.779,5,13,15,21,34,93
1785624300,4 Obtain authorization code,49734,0,5.251,5,7,8,12,21,48
1785624600,5 Obtain access token,49463,0,5.902,5,7,8,15,190,1548
1785624600,3 Perform authentication,49464,0,18.019,13,18,20,49,1239,1554
1785624600,1 Send request to authorize endpoint,49460,0,6.141,5,7,8,16,214,537
1785624600,2 Start Authentication Flow,49460,0,4.628,4,5,7,12,155,1547
1785624600,__ALL__,247312,0,8.355,5,13,15,26,417,1554
1785624600,4 Obtain authorization code,49465,0,7.083,5,7,8,17,466,1548
1785624900,5 Obtain access token,49542,0,5.837,5,7,8,15,159,372
1785624900,3 Perform authentication,49543,0,18.357,13,18,21,46,1272,1586
1785624900,1 Send request to authorize endpoint,49545,0,6.198,5,7,9,17,214,417
1785624900,2 Start Authentication Flow,49546,0,4.707,4,6,7,12,158,1593
1785624900,__ALL__,247716,0,8.331,5,13,16,26,377,1596
1785624900,4 Obtain authorization code,49540,0,6.556,5,7,8,17,305,1596
1785625200,5 Obtain access token,49683,0,5.170,5,7,8,10,22,40
1785625200,3 Perform authentication,49680,0,13.629,13,17,19,26,49,91
1785625200,1 Send request to authorize endpoint,49681,0,5.281,5,7,8,11,23,59
1785625200,2 Start Authentication Flow,49682,0,3.971,4,5,6,9,17,40
1785625200,__ALL__,248409,0,6.627,5,13,15,20,35,91
1785625200,4 Obtain authorization code,49683,0,5.086,5,7,8,10,23,68
1785625500,5 Obtain access token,49427,0,6.266,5,7,8,18,251,514
1785625500,3 Perform authentication,49426,0,18.698,13,18,22,51,1277,1583
1785625500,1 Send request to authorize endpoint,49428,0,6.482,5,8,10,22,242,478
1785625500,2 Start Authentication Flow,49428,0,4.778,4,6,7,16,150,1576
1785625500,__ALL__,247136,0,8.609,5,13,16,32,410,1583
1785625500,4 Obtain authorization code,49427,0,6.822,5,7,9,25,322,1575
1785625800,5 Obtain access token,49633,0,5.220,5,7,8,11,21,41
1785625800,3 Perform authentication,49634,0,13.693,13,17,20,26,46,80
1785625800,1 Send request to authorize endpoint,49633,0,5.352,5,7,8,11,23,50
1785625800,2 Start Authentication Flow,49633,0,4.016,4,5,6,9,16,34
1785625800,__ALL__,248166,0,6.681,5,13,15,20,33,80
1785625800,4 Obtain authorization code,49633,0,5.123,5,7,8,10,22,48
1785626100,5 Obtain access token,49562,0,5.826,5,7,8,16,121,1565
1785626100,3 Perform authentication,49563,0,18.257,13,19,22,48,1223,1575
1785626100,1 Send request to authorize endpoint,49559,0,6.241,5,8,9,20,200,1568
1785626100,2 Start Authentication Flow,49558,0,4.610,4,6,7,14,144,346
1785626100,__ALL__,247805,0,8.276,5,13,16,29,358,1575
1785626100,4 Obtain authorization code,49563,0,6.443,5,7,9,21,302,683
1785626400,5 Obtain access token,49629,0,5.311,5,7,8,12,23,55
1785626400,3 Perform authentication,49628,0,14.035,13,18,22,32,59,95
1785626400,1 Send request to authorize endpoint,49633,0,5.561,5,8,9,15,34,62
1785626400,2 Start Authentication Flow,49634,0,4.118,4,6,7,10,20,42
1785626400,__ALL__,248153,0,6.870,5,13,15,23,41,95
1785626400,4 Obtain authorization code,49629,0,5.328,5,7,9,15,33,61
1785626700,5 Obtain access token,49679,0,6.503,5,7,8,17,311,1569
1785626700,3 Perform authentication,49680,0,18.746,13,18,22,53,1252,1574
1785626700,1 Send request to authorize endpoint,49677,0,6.562,5,8,9,21,261,648
1785626700,2 Start Authentication Flow,49675,0,4.892,4,6,7,15,189,587
1785626700,__ALL__,248391,0,8.856,5,13,16,30,522,1574
1785626700,4 Obtain authorization code,49680,0,7.577,5,7,9,22,512,891
1785627000,5 Obtain access token,49574,0,5.236,5,7,8,11,25,92
1785627000,3 Perform authentication,49574,0,13.788,13,18,20,27,60,97
1785627000,1 Send request to authorize endpoint,49570,0,5.358,5,7,8,11,26,92
1785627000,2 Start Authentication Flow,49572,0,4.038,4,5,6,9,18,41
1785627000,__ALL__,247862,0,6.713,5,13,15,20,37,97
1785627000,4 Obtain authorization code,49572,0,5.147,5,7,8,11,26,52
1785627300,5 Obtain access token,49716,0,5.867,5,7,8,16,168,1561
1785627300,3 Perform authentication,49715,0,18.039,13,18,21,43,1301,1575
1785627300,1 Send request to authorize endpoint,49722,0,6.255,5,7,9,18,210,1562
1785627300,2 Start Authentication Flow,49721,0,4.688,4,6,7,13,156,1559
1785627300,__ALL__,248590,0,8.296,5,13,16,27,367,1575
1785627300,4 Obtain authorization code,49716,0,6.633,5,7,8,18,346,1561
1785627600,5 Obtain access token,49605,0,5.240,5,7,8,11,21,99
1785627600,3 Perform authentication,49607,0,13.951,13,18,20,30,59,131
1785627600,1 Send request to authorize endpoint,49603,0,5.387,5,7,8,13,25,70
1785627600,2 Start Authentication Flow,49604,0,4.037,4,5,7,9,18,48
1785627600,__ALL__,248024,0,6.766,5,13,15,21,37,131
1785627600,4 Obtain authorization code,49605,0,5.215,5,7,8,13,32,80
1785627900,5 Obtain access token,49686,0,5.815,5,7,8,14,190,1590
1785627900,3 Perform authentication,49684,0,18.498,13,17,20,39,1384,1607
1785627900,1 Send request to authorize endpoint,49687,0,6.171,5,7,8,15,216,1593
1785627900,2 Start Authentication Flow,49687,0,4.642,4,5,6,12,157,1593
1785627900,__ALL__,248430,0,8.333,5,13,15,24,418,1607
1785627900,4 Obtain authorization code,49686,0,6.538,5,7,8,14,342,1594
1785628200,5 Obtain access token,49618,0,5.240,5,7,8,11,17,44
1785628200,3 Perform authentication,49619,0,13.737,13,18,20,27,44,100
1785628200,1 Send request to authorize endpoint,49618,0,5.403,5,7,8,12,23,65
1785628200,2 Start Authentication Flow,49618,0,4.047,4,5,6,9,15,38
1785628200,__ALL__,248091,0,6.725,5,13,15,20,32,100
1785628200,4 Obtain authorization code,49618,0,5.199,5,7,8,11,19,80
1785628500,5 Obtain access token,49556,0,6.583,5,7,9,42,234,1549
1785628500,3 Perform authentication,49556,0,20.355,13,18,22,204,1264,1551
1785628500,1 Send request to authorize endpoint,49557,0,7.385,5,8,9,72,334,952
1785628500,2 Start Authentication Flow,49557,0,5.575,4,6,7,50,261,1543
1785628500,__ALL__,247783,0,9.759,5,14,16,78,630,1551
1785628500,4 Obtain authorization code,49557,0,8.899,5,7,9,124,638,1086
1785628800,5 Obtain access token,49697,0,5.237,5,7,8,11,24,44
1785628800,3 Perform authentication,49697,0,13.923,13,18,21,29,60,95
1785628800,1 Send request to authorize endpoint,49696,0,5.391,5,7,8,12,27,76
1785628800,2 Start Authentication Flow,49696,0,4.046,4,5,6,9,19,45
1785628800,__ALL__,248482,0,6.764,5,13,15,21,38,95
1785628800,4 Obtain authorization code,49696,0,5.222,5,7,8,12,26,66
1785629100,5 Obtain access token,49446,0,6.592,5,7,8,42,228,1579
1785629100,3 Perform authentication,49447,0,20.744,13,18,21,208,1378,1585
1785629100,1 Send request to authorize endpoint,49447,0,7.521,5,7,9,74,357,1583
1785629100,2 Start Authentication Flow,49447,0,5.629,4,6,7,53,282,993
1785629100,__ALL__,247234,0,9.875,5,13,16,86,631,1585
1785629100,4 Obtain authorization code,49447,0,8.889,5,7,8,140,572,1234
1785629400,5 Obtain access token,49514,0,5.257,5,7,8,11,24,39
1785629400,3 Perform authentication,49513,0,13.913,13,18,20,27,54,95
1785629400,1 Send request to authorize endpoint,49513,0,5.394,5,7,8,12,23,47
1785629400,2 Start Authentication Flow,49512,0,4.052,4,5,6,9,19,39
1785629400,__ALL__,247565,0,6.769,5,13,15,21,34,95
1785629400,4 Obtain authorization code,49513,0,5.231,5,7,8,11,23,35
1785629700,5 Obtain access token,49421,0,7.291,5,7,9,62,332,1590
1785629700,3 Perform authentication,49421,0,21.583,13,19,23,229,1271,1604
1785629700,1 Send request to authorize endpoint,49421,0,7.858,5,8,9,90,354,1199
1785629700,2 Start Authentication Flow,49422,0,5.870,4,6,7,64,261,1593
1785629700,__ALL__,247107,0,10.545,5,14,17,111,706,1604
1785629700,4 Obtain authorization code,49422,0,10.121,5,7,9,200,699,1595
1785630000,5 Obtain access token,49262,0,8.186,5,7,9,68,607,1962
1785630000,3 Perform authentication,49262,0,22.755,13,18,22,276,1405,2914
1785630000,1 Send request to authorize endpoint,49262,0,10.253,5,7,9,118,1032,2729
1785630000,2 Start Authentication Flow,49262,0,7.589,4,6,7,83,817,2404
1785630000,__ALL__,246309,0,12.692,5,14,16,136,1204,3359
1785630000,4 Obtain authorization code,49261,0,14.676,5,7,9,285,1566,3359
1785630300,5 Obtain access token,49603,0,6.430,5,7,8,14,302,1597
1785630300,3 Perform authentication,49603,0,18.939,13,18,20,39,1340,1610
1785630300,1 Send request to authorize endpoint,49602,0,6.337,5,7,8,16,241,1598
1785630300,2 Start Authentication Flow,49599,0,4.724,4,5,6,12,181,1591
1785630300,__ALL__,248012,0,8.799,5,13,15,25,537,1610
1785630300,4 Obtain authorization code,49605,0,7.565,5,7,8,15,503,1598
1785630600,5 Obtain access token,49627,0,5.151,5,7,8,10,18,40
1785630600,3 Perform authentication,49626,0,13.546,13,17,19,26,43,61
1785630600,1 Send request to authorize endpoint,49628,0,5.255,5,7,8,11,19,44
1785630600,2 Start Authentication Flow,49630,0,3.970,4,5,6,9,15,43
1785630600,__ALL__,248136,0,6.618,5,13,15,19,33,61
1785630600,4 Obtain authorization code,49625,0,5.170,5,7,8,10,18,51
1785630900,5 Obtain access token,49573,0,6.385,5,7,8,16,312,1609
1785630900,3 Perform authentication,49572,0,19.115,13,18,21,45,1313,1618
1785630900,1 Send request to authorize endpoint,49571,0,6.590,5,7,9,18,268,1608
1785630900,2 Start Authentication Flow,49571,0,4.795,4,5,7,14,195,571
1785630900,__ALL__,247860,0,9.001,5,13,15,27,626,1618
1785630900,4 Obtain authorization code,49573,0,8.118,5,7,8,19,628,1610
1785631200,5 Obtain access token,49714,0,5.186,5,7,8,10,20,51
1785631200,3 Perform authentication,49714,0,13.651,13,17,19,26,77,153
1785631200,1 Send request to authorize endpoint,49717,0,5.324,5,7,8,11,24,91
1785631200,2 Start Authentication Flow,49715,0,4.005,4,5,6,9,16,54
1785631200,__ALL__,248574,0,6.673,5,13,15,20,34,153
1785631200,4 Obtain authorization code,49714,0,5.200,5,7,8,10,25,95
1785631500,5 Obtain access token,49565,0,8.291,5,7,8,89,491,1619
1785631500,3 Perform authentication,49568,0,23.236,13,18,21,357,1399,1654
1785631500,1 Send request to authorize endpoint,49565,0,9.005,5,7,9,141,558,1618
1785631500,2 Start Authentication Flow,49568,0,6.329,4,6,7,79,347,1318
1785631500,__ALL__,247832,0,11.677,5,13,16,161,895,1654
1785631500,4 Obtain authorization code,49566,0,11.523,5,7,8,308,834,1424
1785631800,5 Obtain access token,49682,0,5.765,5,7,8,16,141,380
1785631800,3 Perform authentication,49682,0,15.550,13,18,20,55,379,841
1785631800,1 Send request to authorize endpoint,49681,0,6.293,5,7,8,22,235,703
1785631800,2 Start Authentication Flow,49678,0,4.738,4,5,7,16,164,555
1785631800,__ALL__,248406,0,7.847,5,13,15,29,292,841
1785631800,4 Obtain authorization code,49683,0,6.890,5,7,8,33,380,731
1785632100,5 Obtain access token,49392,0,8.349,5,7,9,84,439,2061
1785632100,3 Perform authentication,49389,0,24.073,13,18,22,347,1633,2389
1785632100,1 Send request to authorize endpoint,49393,0,9.790,5,7,9,144,604,2191
1785632100,2 Start Authentication Flow,49394,0,7.268,4,6,7,103,447,1997
1785632100,__ALL__,246958,0,12.831,5,13,16,174,1198,2395
1785632100,4 Obtain authorization code,49390,0,14.677,5,7,9,377,1777,2395
1785632400,5 Obtain access token,49393,0,6.941,5,7,8,57,322,1000
1785632400,3 Perform authentication,49397,0,19.043,13,18,21,227,780,1561
1785632400,1 Send request to authorize endpoint,49392,0,8.440,5,7,9,99,550,1460
1785632400,2 Start Authentication Flow,49394,0,6.473,4,6,7,70,503,1203
1785632400,__ALL__,246971,0,10.367,5,13,16,114,661,1835
1785632400,4 Obtain authorization code,49395,0,10.938,5,7,8,215,865,1835
1785632700,5 Obtain access token,49382,0,7.954,5,7,9,98,396,1529
1785632700,3 Perform authentication,49379,0,24.079,13,18,22,416,1277,1964
1785632700,1 Send request to authorize endpoint,49380,0,9.498,5,7,9,148,582,1534
1785632700,2 Start Authentication Flow,49379,0,7.286,4,6,7,101,545,1468
1785632700,__ALL__,246900,0,12.506,5,13,17,193,895,1964
1785632700,4 Obtain authorization code,49380,0,13.714,5,7,8,316,1028,1556
1785633000,5 Obtain access token,49464,0,7.952,5,7,9,87,420,1118
1785633000,3 Perform authentication,49464,0,21.923,13,18,22,343,970,1497
1785633000,1 Send request to authorize endpoint,49467,0,10.023,5,8,10,159,684,1724
1785633000,2 Start Authentication Flow,49468,0,7.740,4,6,7,120,593,1669
1785633000,__ALL__,247327,0,12.351,5,13,16,188,870,1896
1785633000,4 Obtain authorization code,49464,0,14.117,5,7,9,340,1099,1896
1785633300,5 Obtain access token,49001,0,12.510,5,7,9,223,1136,3063
1785633300,3 Perform authentication,49004,0,36.381,13,18,22,928,2377,4738
1785633300,1 Send request to authorize endpoint,49000,0,17.084,5,7,9,314,1900,3958
1785633300,2 Start Authentication Flow,49000,0,13.423,4,6,7,241,1665,4555
1785633300,__ALL__,245009,0,21.636,5,13,17,452,2187,4738
1785633300,4 Obtain authorization code,49004,0,28.778,5,7,9,796,2673,4367
1785633600,5 Obtain access token,49390,0,7.853,5,7,9,78,441,1242
1785633600,3 Perform authentication,49387,0,21.455,13,18,23,307,1013,1685
1785633600,1 Send request to authorize endpoint,49390,0,9.832,5,8,10,146,725,1412
1785633600,2 Start Authentication Flow,49390,0,7.553,4,6,8,110,607,1143
1785633600,__ALL__,246945,0,12.131,5,13,17,174,873,1935
1785633600,4 Obtain authorization code,49388,0,13.965,5,7,10,328,1136,1935
1785633900,5 Obtain access token,49390,0,8.546,5,8,10,108,392,1595
1785633900,3 Perform authentication,49390,0,24.789,13,19,26,357,1350,1805
1785633900,1 Send request to authorize endpoint,49389,0,9.995,5,8,11,149,516,1363
1785633900,2 Start Authentication Flow,49387,0,7.512,4,6,8,110,362,1415
1785633900,__ALL__,246946,0,12.942,5,14,19,186,904,1805
1785633900,4 Obtain authorization code,49390,0,13.865,5,7,10,294,991,1628
1785634200,5 Obtain access token,49657,0,5.333,5,7,8,12,25,90
1785634200,3 Perform authentication,49658,0,13.839,13,18,20,32,74,112
1785634200,1 Send request to authorize endpoint,49659,0,5.426,5,7,8,13,29,94
1785634200,2 Start Authentication Flow,49659,0,4.083,4,5,7,10,20,90
1785634200,__ALL__,248290,0,6.766,5,13,15,21,42,112
1785634200,4 Obtain authorization code,49657,0,5.149,5,7,8,12,24,92
1785634500,5 Obtain access token,49654,0,6.982,5,7,10,58,208,943
1785634500,3 Perform authentication,49654,0,21.804,13,19,25,213,1321,1573
1785634500,1 Send request to authorize endpoint,49653,0,8.319,5,8,11,104,351,1571
1785634500,2 Start Authentication Flow,49653,0,6.334,4,6,8,82,273,1570
1785634500,__ALL__,248268,0,10.696,5,14,17,117,643,1573
1785634500,4 Obtain authorization code,49654,0,10.043,5,7,10,154,608,1569
1785634800,5 Obtain access token,49531,0,7.159,5,7,9,69,262,647
1785634800,3 Perform authentication,49585,0,18.983,13,19,24,206,596,1049
1785634800,1 Send request to authorize endpoint,49490,0,8.727,5,8,10,135,414,837
1785634800,2 Start Authentication Flow,49443,0,6.892,4,6,7,114,340,976
1785634800,__ALL__,247597,0,10.455,5,14,17,144,467,1270
1785634800,4 Obtain authorization code,49548,0,10.496,5,7,10,224,554,1270
1785635100,5 Obtain access token,49756,0,6.053,5,7,8,14,243,1560
1785635100,3 Perform authentication,49705,0,18.113,13,17,20,37,1237,1551
1785635100,1 Send request to authorize endpoint,49798,0,6.355,5,7,8,20,242,1563
1785635100,2 Start Authentication Flow,49844,0,4.891,4,5,6,21,186,1559
1785635100,__ALL__,248843,0,8.542,5,13,15,26,471,1563
1785635100,4 Obtain authorization code,49740,0,7.317,5,7,8,14,432,1560
1785635400,5 Obtain access token,49687,0,6.560,5,7,8,46,221,962
1785635400,3 Perform authentication,49682,0,17.682,13,18,22,145,635,1292
1785635400,1 Send request to authorize endpoint,49687,0,7.664,5,7,9,84,356,1189
1785635400,2 Start Authentication Flow,49687,0,6.056,4,6,7,74,313,1079
1785635400,__ALL__,248428,0,9.494,5,14,16,96,506,1490
1785635400,4 Obtain authorization code,49685,0,9.511,5,7,9,145,719,1490
1785635700,5 Obtain access token,49504,0,6.748,5,7,8,45,250,1567
1785635700,3 Perform authentication,49506,0,20.432,13,18,21,206,1306,1576
1785635700,1 Send request to authorize endpoint,49502,0,7.421,5,7,9,76,338,1174
1785635700,2 Start Authentication Flow,49505,0,5.627,4,6,7,50,270,1572
1785635700,__ALL__,247522,0,9.944,5,13,16,86,632,1576
1785635700,4 Obtain authorization code,49505,0,9.492,5,7,8,183,646,1570
1785636000,5 Obtain access token,49599,0,5.996,5,7,8,18,191,738
1785636000,3 Perform authentication,49600,0,16.098,13,18,22,49,523,1279
1785636000,1 Send request to authorize endpoint,49601,0,6.658,5,7,9,23,280,981
1785636000,2 Start Authentication Flow,49599,0,5.102,4,6,7,16,244,864
1785636000,__ALL__,247997,0,8.248,5,13,16,32,387,1279
1785636000,4 Obtain authorization code,49598,0,7.385,5,7,8,27,547,1164
1785636300,5 Obtain access token,49570,0,7.257,5,7,8,51,374,1562
1785636300,3 Perform authentication,49567,0,20.892,13,18,21,238,1264,1559
1785636300,1 Send request to authorize endpoint,49569,0,7.871,5,7,9,88,420,1561
1785636300,2 Start Authentication Flow,49571,0,5.685,4,6,7,58,281,1562
1785636300,__ALL__,247847,0,10.277,5,13,16,107,674,1562
1785636300,4 Obtain authorization code,49570,0,9.683,5,7,8,230,674,1562
1785636600,5 Obtain access token,49657,0,5.915,5,7,8,15,173,822
1785636600,3 Perform authentication,49659,0,15.876,13,18,20,43,516,1387
1785636600,1 Send request to authorize endpoint,49657,0,6.549,5,7,8,16,308,920
1785636600,2 Start Authentication Flow,49652,0,4.975,4,5,6,14,216,821
1785636600,__ALL__,248282,0,8.173,5,13,15,26,417,1387
1785636600,4 Obtain authorization code,49657,0,7.551,5,7,8,17,607,1147
1785636900,5 Obtain access token,49490,0,6.587,5,7,8,43,257,1604
1785636900,3 Perform authentication,49489,0,20.637,13,18,21,215,1348,1597
1785636900,1 Send request to authorize endpoint,49489,0,7.660,5,7,9,75,404,1607
1785636900,2 Start Authentication Flow,49494,0,5.752,4,6,7,53,283,1605
1785636900,__ALL__,247452,0,9.925,5,13,16,85,656,1607
1785636900,4 Obtain authorization code,49490,0,8.991,5,7,8,134,601,1286
1785637200,5 Obtain access token,49541,0,5.998,5,7,8,17,185,1153
1785637200,3 Perform authentication,49541,0,16.130,13,18,21,43,535,990
1785637200,1 Send request to authorize endpoint,49541,0,6.719,5,7,9,22,354,1109
1785637200,2 Start Authentication Flow,49541,0,5.042,4,6,7,14,222,896
1785637200,__ALL__,247705,0,8.339,5,13,16,30,451,1199
1785637200,4 Obtain authorization code,49541,0,7.805,5,7,8,24,636,1199
1785637500,5 Obtain access token,49560,0,6.765,5,7,9,45,267,1576
1785637500,3 Perform authentication,49561,0,21.247,13,19,23,216,1325,1586
1785637500,1 Send request to authorize endpoint,49560,0,7.763,5,8,10,78,362,1573
1785637500,2 Start Authentication Flow,49560,0,5.760,4,6,7,61,267,1573
1785637500,__ALL__,247802,0,10.169,5,14,17,91,675,1586
1785637500,4 Obtain authorization code,49561,0,9.306,5,7,9,141,610,1576
1785637800,5 Obtain access token,49460,0,6.085,5,7,8,18,233,771
1785637800,3 Perform authentication,49463,0,16.530,13,18,20,54,622,1549
1785637800,1 Send request to authorize endpoint,49461,0,6.898,5,7,8,25,350,1448
1785637800,2 Start Authentication Flow,49460,0,5.317,4,5,7,17,296,1210
1785637800,__ALL__,247306,0,8.592,5,13,16,31,481,1549
1785637800,4 Obtain authorization code,49462,0,8.129,5,7,8,31,675,1376
1785638100,5 Obtain access token,49520,0,6.548,5,7,8,41,230,1561
1785638100,3 Perform authentication,49518,0,20.791,13,18,21,222,1297,1574
1785638100,1 Send request to authorize endpoint,49519,0,7.479,5,7,9,76,336,1561
1785638100,2 Start Authentication Flow,49518,0,5.765,4,6,7,54,319,795
1785638100,__ALL__,247593,0,9.980,5,13,16,85,674,1574
1785638100,4 Obtain authorization code,49518,0,9.317,5,7,8,164,628,1557
1785638400,5 Obtain access token,49571,0,6.090,5,7,8,16,229,660
1785638400,3 Perform authentication,49569,0,16.247,13,18,20,45,556,1387
1785638400,1 Send request to authorize endpoint,49573,0,6.766,5,7,8,19,332,935
1785638400,2 Start Authentication Flow,49573,0,5.164,4,5,7,16,273,880
1785638400,__ALL__,247856,0,8.419,5,13,15,30,435,1387
1785638400,4 Obtain authorization code,49570,0,7.831,5,7,8,23,604,1294
1785638700,5 Obtain access token,49511,0,6.696,5,7,9,47,261,1554
1785638700,3 Perform authentication,49511,0,20.803,13,19,23,206,1277,1555
1785638700,1 Send request to authorize endpoint,49511,0,7.621,5,8,9,71,368,1553
1785638700,2 Start Authentication Flow,49512,0,5.919,4,6,7,53,312,1550
1785638700,__ALL__,247557,0,10.041,5,14,16,84,648,1555
1785638700,4 Obtain authorization code,49512,0,9.164,5,7,9,133,627,1449
1785639000,5 Obtain access token,49564,0,5.984,5,7,8,18,198,653
1785639000,3 Perform authentication,49563,0,16.448,13,18,21,52,545,1181
1785639000,1 Send request to authorize endpoint,49563,0,6.830,5,7,8,26,345,975
1785639000,2 Start Authentication Flow,49564,0,5.172,4,5,7,17,258,652
1785639000,__ALL__,247817,0,8.438,5,13,16,32,419,1247
1785639000,4 Obtain authorization code,49563,0,7.756,5,7,8,35,571,1247
1785639300,5 Obtain access token,49602,0,7.045,5,7,9,60,315,1567
1785639300,3 Perform authentication,49602,0,21.281,13,18,22,266,1194,1561
1785639300,1 Send request to authorize endpoint,49603,0,7.935,5,7,9,94,390,1437
1785639300,2 Start Authentication Flow,49603,0,6.118,4,6,7,70,334,1566
1785639300,__ALL__,248012,0,10.642,5,14,16,114,710,1569
1785639300,4 Obtain authorization code,49602,0,10.833,5,7,9,224,753,1569
1785639600,5 Obtain access token,49669,0,5.129,5,7,8,10,18,46
1785639600,3 Perform authentication,49672,0,13.497,13,17,19,24,41,98
1785639600,1 Send request to authorize endpoint,49668,0,5.228,5,7,8,10,20,60
1785639600,2 Start Authentication Flow,49668,0,3.940,4,5,6,8,15,37
1785639600,__ALL__,248347,0,6.580,5,13,15,19,29,98
1785639600,4 Obtain authorization code,49670,0,5.107,5,7,7,10,17,42
1785639900,5 Obtain access token,49484,0,7.311,5,7,9,65,334,1605
1785639900,3 Perform authentication,49482,0,22.260,13,19,23,281,1386,1614
1785639900,1 Send request to authorize endpoint,49483,0,8.284,5,8,10,111,391,1605
1785639900,2 Start Authentication Flow,49483,0,6.380,4,6,7,86,316,1600
1785639900,__ALL__,247415,0,10.977,5,14,17,131,694,1614
1785639900,4 Obtain authorization code,49483,0,10.651,5,7,9,228,708,1398
1785640200,5 Obtain access token,49602,0,6.077,5,7,8,19,224,515
1785640200,3 Perform authentication,49603,0,16.542,13,18,21,50,614,1462
1785640200,1 Send request to authorize endpoint,49604,0,6.883,5,7,8,24,377,1183
1785640200,2 Start Authentication Flow,49603,0,5.190,4,5,7,18,306,944
1785640200,__ALL__,248015,0,8.512,5,13,16,32,450,1481
1785640200,4 Obtain authorization code,49603,0,7.869,5,7,8,28,591,1481
1785640500,5 Obtain access token,49519,0,7.423,5,7,9,69,348,1587
1785640500,3 Perform authentication,49518,0,22.216,13,18,22,278,1382,1588
1785640500,1 Send request to authorize endpoint,49518,0,8.245,5,7,9,109,403,1586
1785640500,2 Start Authentication Flow,49519,0,6.142,4,6,7,78,301,1586
1785640500,__ALL__,247592,0,10.913,5,14,16,134,720,1588
1785640500,4 Obtain authorization code,49518,0,10.536,5,7,9,259,634,1582
1785640800,5 Obtain access token,49613,0,6.167,5,7,8,20,231,729
1785640800,3 Perform authentication,49615,0,16.767,13,18,21,55,612,1282
1785640800,1 Send request to authorize endpoint,49613,0,7.078,5,7,8,31,388,1226
1785640800,2 Start Authentication Flow,49612,0,5.269,4,5,7,21,268,992
1785640800,__ALL__,248069,0,8.738,5,13,16,34,491,1330
1785640800,4 Obtain authorization code,49616,0,8.409,5,7,8,35,672,1330
1785641100,5 Obtain access token,49585,0,7.280,5,7,9,65,337,1586
1785641100,3 Perform authentication,49584,0,21.856,13,18,22,273,1335,1574
1785641100,1 Send request to authorize endpoint,49586,0,8.097,5,8,9,107,385,1035
1785641100,2 Start Authentication Flow,49587,0,6.262,4,6,7,81,319,1585
1785641100,__ALL__,247925,0,10.851,5,14,16,125,727,1586
1785641100,4 Obtain authorization code,49583,0,10.760,5,7,9,248,712,1396
1785641400,5 Obtain access token,49475,0,6.333,5,7,9,22,222,967
1785641400,3 Perform authentication,49475,0,17.124,13,19,24,55,555,1411
1785641400,1 Send request to authorize endpoint,49473,0,7.313,5,8,10,32,394,960
1785641400,2 Start Authentication Flow,49472,0,5.491,4,6,7,21,298,1058
1785641400,__ALL__,247369,0,8.984,5,14,17,38,465,1473
1785641400,4 Obtain authorization code,49474,0,8.661,5,8,10,34,656,1473
1785641700,5 Obtain access token,49350,0,7.622,5,7,9,76,372,1575
1785641700,3 Perform authentication,49348,0,22.584,13,19,23,304,1328,1587
1785641700,1 Send request to authorize endpoint,49350,0,8.582,5,8,9,113,499,1579
1785641700,2 Start Authentication Flow,49351,0,6.585,4,6,7,82,384,1579
1785641700,__ALL__,246749,0,11.384,5,14,17,139,793,1587
1785641700,4 Obtain authorization code,49350,0,11.545,5,7,9,291,820,1585
1785642000,5 Obtain access token,49565,0,6.337,5,7,8,20,277,749
1785642000,3 Perform authentication,49570,0,16.966,13,18,21,51,668,1244
1785642000,1 Send request to authorize endpoint,49566,0,7.169,5,7,9,30,449,1143
1785642000,2 Start Authentication Flow,49566,0,5.291,4,6,7,20,296,1151
1785642000,__ALL__,247834,0,8.854,5,13,16,34,532,1402
1785642000,4 Obtain authorization code,49567,0,8.507,5,7,8,35,691,1402
1785642300,5 Obtain access token,49472,0,7.366,5,7,9,67,309,1539
1785642300,3 Perform authentication,49468,0,21.785,13,18,22,267,1295,1553
1785642300,1 Send request to authorize endpoint,49471,0,8.288,5,8,9,107,420,1540
1785642300,2 Start Authentication Flow,49470,0,6.376,4,6,7,83,338,1539
1785642300,__ALL__,247352,0,10.932,5,14,16,129,724,1553
1785642300,4 Obtain authorization code,49471,0,10.844,5,7,9,250,745,1544
1785642600,5 Obtain access token,49566,0,6.405,5,8,9,22,204,816
1785642600,3 Perform authentication,49568,0,17.195,13,19,24,63,550,1518
1785642600,1 Send request to authorize endpoint,49567,0,7.354,5,8,10,33,378,955
1785642600,2 Start Authentication Flow,49566,0,5.444,4,6,8,22,278,946
1785642600,__ALL__,247834,0,8.980,5,14,17,41,438,1518
1785642600,4 Obtain authorization code,49567,0,8.502,5,8,10,37,621,1198
1785642900,5 Obtain access token,49614,0,6.016,5,7,8,13,195,1571
1785642900,3 Perform authentication,49615,0,18.763,13,17,20,36,1335,1569
1785642900,1 Send request to authorize endpoint,49615,0,6.327,5,7,8,15,227,1571
1785642900,2 Start Authentication Flow,49617,0,4.786,4,5,6,12,193,405
1785642900,__ALL__,248075,0,8.658,5,13,15,25,508,1571
1785642900,4 Obtain authorization code,49614,0,7.398,5,7,8,15,471,1567
1785643200,5 Obtain access token,49502,0,6.140,5,7,8,27,193,639
1785643200,3 Perform authentication,49501,0,16.832,13,18,21,111,607,1299
1785643200,1 Send request to authorize endpoint,49502,0,7.018,5,7,9,37,315,1334
1785643200,2 Start Authentication Flow,49502,0,5.232,4,6,7,29,267,994
1785643200,__ALL__,247507,0,8.709,5,13,16,43,449,1379
1785643200,4 Obtain authorization code,49500,0,8.322,5,7,8,63,639,1379
1785643500,5 Obtain access token,49286,0,8.973,5,7,9,110,634,1627
1785643500,3 Perform authentication,49285,0,28.925,13,18,23,633,1673,2543
1785643500,1 Send request to authorize endpoint,49285,0,11.361,5,8,9,180,956,2509
1785643500,2 Start Authentication Flow,49284,0,8.911,4,6,7,137,814,2762
1785643500,__ALL__,246427,0,15.261,5,14,17,238,1456,2762
1785643500,4 Obtain authorization code,49287,0,18.135,5,7,9,406,1771,2738
1785643800,5 Obtain access token,49519,0,5.727,5,7,8,16,124,577
1785643800,3 Perform authentication,49520,0,15.529,13,18,21,43,371,844
1785643800,1 Send request to authorize endpoint,49519,0,6.152,5,7,8,19,188,746
1785643800,2 Start Authentication Flow,49518,0,4.659,4,5,7,15,157,832
1785643800,__ALL__,247596,0,7.816,5,13,16,29,261,1058
1785643800,4 Obtain authorization code,49520,0,7.012,5,7,8,25,436,1058
1785644100,5 Obtain access token,49497,0,8.550,5,7,9,109,447,1587
1785644100,3 Perform authentication,49495,0,25.311,13,19,24,429,1379,2621
1785644100,1 Send request to authorize endpoint,49497,0,10.108,5,8,10,161,690,1758
1785644100,2 Start Authentication Flow,49498,0,7.907,4,6,7,122,580,1853
1785644100,__ALL__,247482,0,13.468,5,14,17,211,1092,2621
1785644100,4 Obtain authorization code,49495,0,15.463,5,8,10,359,1329,2413
1785644400,5 Obtain access token,49439,0,7.995,5,7,8,71,517,1547
1785644400,3 Perform authentication,49444,0,22.276,13,18,21,304,1334,2618
1785644400,1 Send request to authorize endpoint,49440,0,10.166,5,7,9,132,956,2419
1785644400,2 Start Authentication Flow,49438,0,7.946,4,6,7,88,822,1955
1785644400,__ALL__,247202,0,12.633,5,14,16,149,1140,2774
1785644400,4 Obtain authorization code,49441,0,14.782,5,7,9,312,1544,2774
1785644700,5 Obtain access token,49229,0,9.447,5,7,9,131,643,1993
1785644700,3 Perform authentication,49226,0,30.560,13,19,24,669,1673,3169
1785644700,1 Send request to authorize endpoint,49229,0,13.382,5,8,10,233,1374,3110
1785644700,2 Start Authentication Flow,49230,0,10.161,4,6,7,168,1110,2837
1785644700,__ALL__,246142,0,17.061,5,14,17,308,1552,3648
1785644700,4 Obtain authorization code,49228,0,21.757,5,8,9,551,2096,3648
1785645000,5 Obtain access token,49512,0,8.664,5,7,9,99,547,2095
1785645000,3 Perform authentication,49512,0,23.857,13,19,23,365,1258,2179
1785645000,1 Send request to authorize endpoint,49511,0,11.047,5,8,9,176,820,2169
1785645000,2 Start Authentication Flow,49513,0,8.888,4,6,7,140,840,1966
1785645000,__ALL__,247562,0,13.770,5,14,17,220,1075,3006
1785645000,4 Obtain authorization code,49514,0,16.395,5,8,9,404,1414,3006
1785645300,5 Obtain access token,49104,0,11.188,5,7,9,183,907,2483
1785645300,3 Perform authentication,49104,0,33.158,13,19,23,763,2008,3741
1785645300,1 Send request to authorize endpoint,49103,0,15.002,5,8,10,259,1547,3898
1785645300,2 Start Authentication Flow,49103,0,11.147,4,6,7,195,1212,3427
1785645300,__ALL__,245517,0,18.784,5,14,17,365,1749,3898
1785645300,4 Obtain authorization code,49103,0,23.425,5,7,9,608,2221,3696
1785645600,5 Obtain access token,49737,0,5.315,5,7,8,11,16,38
1785645600,3 Perform authentication,49735,0,14.087,13,18,21,30,42,71
1785645600,1 Send request to authorize endpoint,49738,0,5.510,5,7,9,14,23,41
1785645600,2 Start Authentication Flow,49737,0,4.113,4,6,7,10,15,41
1785645600,__ALL__,248683,0,6.916,5,13,15,21,35,71
1785645600,4 Obtain authorization code,49736,0,5.553,5,7,9,14,22,43
1785645900,5 Obtain access token,49309,0,10.760,5,7,9,155,907,3749
1785645900,3 Perform authentication,49308,0,33.394,13,19,23,779,2040,3819
1785645900,1 Send request to authorize endpoint,49307,0,14.676,5,8,10,251,1603,3624
1785645900,2 Start Authentication Flow,49307,0,11.258,4,6,8,196,1224,2686
1785645900,__ALL__,246539,0,18.777,5,14,18,355,1772,4165
1785645900,4 Obtain authorization code,49308,0,23.798,5,8,9,601,2231,4165
1785646200,5 Obtain access token,49625,0,7.134,5,7,9,55,281,888
1785646200,3 Perform authentication,49628,0,19.686,13,19,24,212,608,1205
1785646200,1 Send request to authorize endpoint,49628,0,8.516,5,8,10,97,429,1209
1785646200,2 Start Authentication Flow,49626,0,6.462,4,6,8,72,361,899
1785646200,__ALL__,248133,0,10.529,5,14,18,118,529,1237
1785646200,4 Obtain authorization code,49626,0,10.847,5,8,10,192,665,1237
1785646500,5 Obtain access token,49544,0,6.595,5,8,9,32,215,1606
1785646500,3 Perform authentication,49543,0,20.786,13,20,26,158,1369,1612
1785646500,1 Send request to authorize endpoint,49544,0,7.458,5,9,12,57,325,1600
1785646500,2 Start Authentication Flow,49546,0,5.636,4,6,8,44,248,951
1785646500,__ALL__,247721,0,9.839,5,14,17,63,556,1612
1785646500,4 Obtain authorization code,49544,0,8.722,5,8,12,107,497,1606
1785646800,5 Obtain access token,49498,0,6.953,5,8,10,42,269,1569
1785646800,3 Perform authentication,49501,0,21.186,13,20,26,197,1293,1568
1785646800,1 Send request to authorize endpoint,49498,0,7.724,5,8,12,72,310,754
1785646800,2 Start Authentication Flow,49499,0,5.812,4,6,8,55,238,1563
1785646800,__ALL__,247498,0,10.305,5,14,17,83,594,1569
1785646800,4 Obtain authorization code,49502,0,9.848,5,8,12,162,587,1566
1785647100,5 Obtain access token,49536,0,6.093,5,8,9,19,138,606
1785647100,3 Perform authentication,49532,0,16.193,13,20,24,51,390,849
1785647100,1 Send request to authorize endpoint,49536,0,6.728,5,8,11,23,206,706
1785647100,2 Start Authentication Flow,49534,0,5.030,4,6,8,16,187,692
1785647100,__ALL__,247669,0,8.269,5,14,17,32,291,1089
1785647100,4 Obtain authorization code,49531,0,7.299,5,8,11,26,415,1089
1785647400,5 Obtain access token,49603,0,6.932,5,8,10,32,335,566
1785647400,3 Perform authentication,49603,0,20.340,13,20,28,97,1315,1608
1785647400,1 Send request to authorize endpoint,49603,0,7.289,5,8,12,47,288,1605
1785647400,2 Start Authentication Flow,49603,0,5.274,4,6,8,34,175,1603
1785647400,__ALL__,248015,0,9.565,5,14,17,54,485,1608
1785647400,4 Obtain authorization code,49603,0,7.987,5,8,12,71,315,1605
1785647700,5 Obtain access token,49264,0,9.812,5,7,8,125,850,2643
1785647700,3 Perform authentication,49266,0,27.731,13,18,21,533,1959,3745
1785647700,1 Send request to authorize endpoint,49264,0,13.964,5,7,9,233,1670,3307
1785647700,2 Start Authentication Flow,49265,0,10.580,4,6,7,165,1359,2917
1785647700,__ALL__,246325,0,16.805,5,14,16,278,1839,3745
1785647700,4 Obtain authorization code,49266,0,21.938,5,7,8,625,2386,3607
1785648000,5 Obtain access token,49513,0,7.693,5,7,9,85,363,891
1785648000,3 Perform authentication,49510,0,22.609,13,18,22,330,1217,1518
1785648000,1 Send request to authorize endpoint,49513,0,8.691,5,7,9,123,465,1430
1785648000,2 Start Authentication Flow,49513,0,6.630,4,6,7,91,383,1119
1785648000,__ALL__,247560,0,11.445,5,14,17,167,703,1518
1785648000,4 Obtain authorization code,49511,0,11.602,5,7,9,252,722,1514
1785648300,5 Obtain access token,49556,0,5.318,5,7,8,10,53,555
1785648300,3 Perform authentication,49638,0,14.219,13,17,20,26,232,585
1785648300,1 Send request to authorize endpoint,49540,0,5.491,5,7,8,11,99,407
1785648300,2 Start Authentication Flow,49523,0,4.123,4,5,6,9,33,471
1785648300,__ALL__,247831,0,6.961,5,13,15,20,135,585
1785648300,4 Obtain authorization code,49574,0,5.640,5,7,8,10,170,465
1785648600,5 Obtain access token,49522,0,8.525,5,8,11,105,407,1590
1785648600,3 Perform authentication,49442,0,25.970,13,19,30,433,1335,1594
1785648600,1 Send request to authorize endpoint,49537,0,10.721,5,8,12,172,657,1591
1785648600,2 Start Authentication Flow,49555,0,8.629,4,6,9,141,605,1588
1785648600,__ALL__,247562,0,13.841,5,14,19,226,944,1642
1785648600,4 Obtain authorization code,49506,0,15.382,5,8,11,378,1023,1642
1785648900,5 Obtain access token,49516,0,7.549,5,7,8,71,423,1395
1785648900,3 Perform authentication,49515,0,20.680,13,18,21,281,898,1690
1785648900,1 Send request to authorize endpoint,49516,0,9.542,5,7,9,136,747,1644
1785648900,2 Start Authentication Flow,49515,0,7.153,4,6,7,97,588,1308
1785648900,__ALL__,247577,0,11.564,5,13,16,158,809,1904
1785648900,4 Obtain authorization code,49515,0,12.895,5,7,8,286,1038,1904
1785649200,5 Obtain access token,49185,0,10.974,5,7,9,174,916,2673
1785649200,3 Perform authentication,49185,0,31.525,13,18,22,731,1816,3113
1785649200,1 Send request to authorize endpoint,49184,0,14.109,5,8,10,244,1507,3764
1785649200,2 Start Authentication Flow,49184,0,10.837,4,6,7,177,1189,3279
1785649200,__ALL__,245922,0,18.207,5,14,17,339,1757,4245
1785649200,4 Obtain authorization code,49184,0,23.588,5,7,9,608,2321,4245
1785649500,5 Obtain access token,49545,0,6.897,5,7,8,57,288,1063
1785649500,3 Perform authentication,49546,0,19.047,13,18,21,229,710,1647
1785649500,1 Send request to authorize endpoint,49545,0,8.401,5,7,9,101,517,1151
1785649500,2 Start Authentication Flow,49544,0,6.448,4,6,7,78,448,1232
1785649500,__ALL__,247726,0,10.261,5,14,16,118,603,1647
1785649500,4 Obtain authorization code,49546,0,10.514,5,7,8,200,770,1261
1785649800,5 Obtain access token,49306,0,11.591,5,7,9,181,1003,2504
1785649800,3 Perform authentication,49306,0,33.920,13,18,22,810,2032,4122
1785649800,1 Send request to authorize endpoint,49306,0,15.498,5,8,9,268,1717,4126
1785649800,2 Start Authentication Flow,49307,0,12.031,4,6,7,209,1391,3146
1785649800,__ALL__,246530,0,19.614,5,14,17,380,1883,4359
1785649800,4 Obtain authorization code,49305,0,25.029,5,7,9,668,2465,4359
1785650100,5 Obtain access token,49331,0,10.461,5,7,9,123,1023,2485
1785650100,3 Perform authentication,49332,0,28.741,13,19,24,538,2162,3931
1785650100,1 Send request to authorize endpoint,49333,0,13.676,5,8,10,229,1549,2874
1785650100,2 Start Authentication Flow,49334,0,10.885,4,6,8,159,1476,3629
1785650100,__ALL__,246663,0,17.165,5,14,17,285,1867,3931
1785650100,4 Obtain authorization code,49333,0,22.064,5,7,10,590,2430,3913
1785650400,5 Obtain access token,49618,0,6.236,5,7,8,18,227,1561
1785650400,3 Perform authentication,49615,0,18.758,13,18,21,50,1303,1568
1785650400,1 Send request to authorize endpoint,49616,0,6.435,5,7,9,25,222,507
1785650400,2 Start Authentication Flow,49616,0,4.801,4,6,7,17,156,1555
1785650400,__ALL__,248081,0,8.721,5,13,16,33,482,1568
1785650400,4 Obtain authorization code,49616,0,7.375,5,7,8,23,496,1561
1785650700,5 Obtain access token,49779,0,5.359,5,7,8,12,29,43
1785650700,3 Perform authentication,49780,0,13.924,13,18,22,33,51,91
1785650700,1 Send request to authorize endpoint,49780,0,5.604,5,8,9,14,32,55
1785650700,2 Start Authentication Flow,49780,0,4.180,4,6,7,10,27,41
1785650700,__ALL__,248898,0,6.880,5,13,15,23,39,91
1785650700,4 Obtain authorization code,49779,0,5.332,5,7,9,13,31,62
1785651000,5 Obtain access token,49612,0,5.915,5,7,9,18,138,1560
1785651000,3 Perform authentication,49612,0,18.376,13,18,23,51,1258,1556
1785651000,1 Send request to authorize endpoint,49612,0,6.237,5,8,9,23,181,358
1785651000,2 Start Authentication Flow,49611,0,4.653,4,6,7,16,133,335
1785651000,__ALL__,248060,0,8.341,5,13,16,32,343,1560
1785651000,4 Obtain authorization code,49613,0,6.523,5,7,9,25,299,648
1785651300,5 Obtain access token,49825,0,5.391,5,7,8,12,29,50
1785651300,3 Perform authentication,49825,0,14.203,13,18,21,35,61,129
1785651300,1 Send request to authorize endpoint,49826,0,5.562,5,8,9,13,34,68
1785651300,2 Start Authentication Flow,49825,0,4.179,4,6,7,10,29,43
1785651300,__ALL__,249126,0,6.955,5,13,15,22,44,129
1785651300,4 Obtain authorization code,49825,0,5.442,5,7,9,13,36,78
1785651600,5 Obtain access token,49606,0,6.328,5,7,8,20,238,1604
1785651600,3 Perform authentication,49607,0,19.275,13,18,21,61,1287,1618
1785651600,1 Send request to authorize endpoint,49604,0,6.819,5,7,9,30,259,1604
1785651600,2 Start Authentication Flow,49605,0,5.139,4,6,7,20,218,1602
1785651600,__ALL__,248027,0,9.223,5,13,16,34,618,1618
1785651600,4 Obtain authorization code,49605,0,8.551,5,7,8,32,669,1038
1785651900,5 Obtain access token,49664,0,5.353,5,7,8,12,27,46
1785651900,3 Perform authentication,49668,0,14.143,13,18,22,33,50,63
1785651900,1 Send request to authorize endpoint,49666,0,5.540,5,8,9,14,31,42
1785651900,2 Start Authentication Flow,49665,0,4.138,4,6,7,10,21,40
1785651900,__ALL__,248331,0,6.930,5,13,15,23,39,63
1785651900,4 Obtain authorization code,49668,0,5.477,5,7,9,14,32,41
1785652200,5 Obtain access token,49604,0,6.094,5,7,8,16,194,1539
1785652200,3 Perform authentication,49601,0,18.528,13,18,22,44,1269,1554
1785652200,1 Send request to authorize endpoint,49603,0,6.508,5,8,9,20,235,1540
1785652200,2 Start Authentication Flow,49604,0,4.900,4,6,7,15,186,1538
1785652200,__ALL__,248014,0,8.776,5,14,16,30,490,1554
1785652200,4 Obtain authorization code,49602,0,7.852,5,7,9,19,548,1541
1785652500,5 Obtain access token,49754,0,5.344,5,7,8,12,25,40
1785652500,3 Perform authentication,49755,0,14.072,13,18,21,32,50,83
1785652500,1 Send request to authorize endpoint,49755,0,5.539,5,7,9,14,32,42
1785652500,2 Start Authentication Flow,49756,0,4.155,4,6,7,10,25,42
1785652500,__ALL__,248774,0,6.922,5,13,15,22,40,83
1785652500,4 Obtain authorization code,49754,0,5.502,5,7,9,14,33,47
1785652800,5 Obtain access token,49682,0,6.527,5,7,8,17,290,1565
1785652800,3 Perform authentication,49680,0,18.680,13,18,21,48,1221,1573
1785652800,1 Send request to authorize endpoint,49682,0,6.780,5,8,9,21,290,1565
1785652800,2 Start Authentication Flow,49678,0,4.935,4,6,7,15,183,536
1785652800,__ALL__,248404,0,8.962,5,13,16,31,479,1573
1785652800,4 Obtain authorization code,49682,0,7.889,5,7,9,23,471,1569
1785653100,5 Obtain access token,49586,0,5.390,5,7,8,12,30,48
1785653100,3 Perform authentication,49584,0,14.212,13,18,22,34,56,98
1785653100,1 Send request to authorize endpoint,49583,0,5.582,5,7,9,14,32,50
1785653100,2 Start Authentication Flow,49586,0,4.202,4,6,7,10,28,47
1785653100,__ALL__,247923,0,6.988,5,13,15,23,42,98
1785653100,4 Obtain authorization code,49584,0,5.554,5,7,9,15,34,49
1785653400,5 Obtain access token,49562,0,5.943,5,7,8,17,131,1574
1785653400,3 Perform authentication,49565,0,18.725,13,19,23,46,1346,1578
1785653400,1 Send request to authorize endpoint,49565,0,6.258,5,8,9,23,159,1576
1785653400,2 Start Authentication Flow,49566,0,4.703,4,6,7,16,136,359
1785653400,__ALL__,247821,0,8.469,5,14,16,31,318,1578
1785653400,4 Obtain authorization code,49563,0,6.716,5,7,9,25,266,1576
1785653700,5 Obtain access token,49777,0,5.211,5,7,8,10,16,37
1785653700,3 Perform authentication,49775,0,13.635,13,17,19,25,38,61
1785653700,1 Send request to authorize endpoint,49775,0,5.304,5,7,8,10,15,38
1785653700,2 Start Authentication Flow,49774,0,4.008,4,5,6,8,13,36
1785653700,__ALL__,248877,0,6.691,5,13,15,19,30,61
1785653700,4 Obtain authorization code,49776,0,5.299,5,7,8,10,16,42
1785654000,5 Obtain access token,49547,0,6.591,5,7,9,17,310,1546
1785654000,3 Perform authentication,49547,0,18.193,13,19,23,46,1139,1535
1785654000,1 Send request to authorize endpoint,49549,0,6.599,5,8,10,22,259,637
1785654000,2 Start Authentication Flow,49548,0,4.784,4,6,7,15,154,336
1785654000,__ALL__,247739,0,8.629,5,14,16,31,373,1546
1785654000,4 Obtain authorization code,49548,0,6.975,5,7,10,25,243,1546
1785654300,5 Obtain access token,49599,0,5.389,5,7,8,12,31,68
1785654300,3 Perform authentication,49601,0,14.440,13,19,22,36,69,135
1785654300,1 Send request to authorize endpoint,49598,0,5.615,5,8,9,13,35,85
1785654300,2 Start Authentication Flow,49600,0,4.178,4,6,7,10,30,66
1785654300,__ALL__,247999,0,7.047,5,14,16,23,46,135
1785654300,4 Obtain authorization code,49601,0,5.612,5,7,9,13,37,99
1785654600,5 Obtain access token,49668,0,7.090,5,7,9,21,383,1601
1785654600,3 Perform authentication,49667,0,20.021,13,19,24,56,1348,1612
1785654600,1 Send request to authorize endpoint,49667,0,7.099,5,8,10,31,309,1607
1785654600,2 Start Authentication Flow,49667,0,5.126,4,6,7,21,208,1600
1785654600,__ALL__,248335,0,9.565,5,14,16,37,560,1612
1785654600,4 Obtain authorization code,49666,0,8.489,5,8,10,33,514,1604
1785654900,5 Obtain access token,49491,0,6.539,5,7,8,27,270,1131
1785654900,3 Perform authentication,49489,0,17.956,13,19,22,91,816,1523
1785654900,1 Send request to authorize endpoint,49493,0,7.544,5,8,9,37,454,1956
1785654900,2 Start Authentication Flow,49492,0,5.904,4,6,7,30,409,1533
1785654900,__ALL__,247455,0,9.496,5,14,16,44,629,1956
1785654900,4 Obtain authorization code,49490,0,9.537,5,7,9,76,854,1931
1785655200,5 Obtain access token,49594,0,6.928,5,7,9,35,346,1557
1785655200,3 Perform authentication,49597,0,20.277,13,19,24,169,1240,1552
1785655200,1 Send request to authorize endpoint,49594,0,7.241,5,8,10,54,298,657
1785655200,2 Start Authentication Flow,49594,0,5.227,4,6,7,36,182,686
1785655200,__ALL__,247975,0,9.679,5,14,17,58,521,1558
1785655200,4 Obtain authorization code,49596,0,8.720,5,8,10,103,480,1558
1785655500,5 Obtain access token,49366,0,7.444,5,7,9,49,407,1414
1785655500,3 Perform authentication,49363,0,20.804,13,19,25,203,1129,2040
1785655500,1 Send request to authorize endpoint,49364,0,9.068,5,8,10,88,695,2134
1785655500,2 Start Authentication Flow,49362,0,7.002,4,6,7,68,583,1531
1785655500,__ALL__,246819,0,11.370,5,14,17,97,929,2755
1785655500,4 Obtain authorization code,49364,0,12.529,5,8,10,203,1274,2755
1785655800,5 Obtain access token,49431,0,8.393,5,8,10,103,420,1858
1785655800,3 Perform authentication,49432,0,25.391,13,20,28,403,1342,2352
1785655800,1 Send request to authorize endpoint,49432,0,10.448,5,8,12,163,700,2213
1785655800,2 Start Authentication Flow,49434,0,8.006,4,6,8,130,577,1612
1785655800,__ALL__,247160,0,13.360,5,14,18,201,1028,2352
1785655800,4 Obtain authorization code,49431,0,14.559,5,8,12,319,1153,2197
1785656100,5 Obtain access token,49002,0,12.168,5,8,11,165,1163,3296
1785656100,3 Perform authentication,49003,0,35.322,13,20,29,731,2561,4757
1785656100,1 Send request to authorize endpoint,49001,0,17.113,5,8,12,329,1958,3643
1785656100,2 Start Authentication Flow,49000,0,12.933,4,6,9,237,1478,3811
1785656100,__ALL__,245009,0,21.248,5,15,19,395,2234,5120
1785656100,4 Obtain authorization code,49003,0,28.703,5,8,12,822,2718,5120
1785656400,5 Obtain access token,49607,0,6.754,5,7,8,14,395,1585
1785656400,3 Perform authentication,49607,0,18.934,13,18,20,36,1357,1594
1785656400,1 Send request to authorize endpoint,49608,0,6.610,5,7,8,15,286,1584
1785656400,2 Start Authentication Flow,49610,0,4.725,4,5,6,12,175,1580
1785656400,__ALL__,248040,0,8.871,5,13,15,25,466,1594
1785656400,4 Obtain authorization code,49608,0,7.331,5,7,8,14,339,1581
1785656700,5 Obtain access token,49433,0,7.829,5,7,9,70,477,1948
1785656700,3 Perform authentication,49432,0,21.875,13,19,22,276,1216,2343
1785656700,1 Send request to authorize endpoint,49434,0,9.827,5,8,9,132,759,2187
1785656700,2 Start Authentication Flow,49434,0,7.643,4,6,7,94,704,2200
1785656700,__ALL__,247165,0,12.291,5,14,17,153,1028,2560
1785656700,4 Obtain authorization code,49432,0,14.280,5,7,9,308,1390,2560
1785657000,5 Obtain access token,49386,0,8.569,5,8,10,104,444,1528
1785657000,3 Perform authentication,49389,0,27.395,13,20,26,472,1437,2331
1785657000,1 Send request to authorize endpoint,49385,0,10.973,5,8,11,177,745,1952
1785657000,2 Start Authentication Flow,49385,0,8.572,4,6,8,138,659,2467
1785657000,__ALL__,246932,0,14.219,5,14,19,219,1098,2467
1785657000,4 Obtain authorization code,49387,0,15.588,5,8,11,332,1271,2256
1785657300,5 Obtain access token,49342,0,9.628,5,7,9,115,802,2433
1785657300,3 Perform authentication,49339,0,27.172,13,18,22,524,1792,3222
1785657300,1 Send request to authorize endpoint,49343,0,13.071,5,8,9,232,1354,2933
1785657300,2 Start Authentication Flow,49342,0,10.276,4,6,7,169,1200,3520
1785657300,__ALL__,246707,0,16.252,5,14,16,267,1676,3520
1785657300,4 Obtain authorization code,49341,0,21.115,5,7,9,560,2219,3417
1785657600,5 Obtain access token,48828,0,15.272,5,8,10,246,1778,4504
1785657600,3 Perform authentication,48827,0,44.454,13,20,28,1168,3084,5151
1785657600,1 Send request to authorize endpoint,48827,0,22.648,5,8,12,476,2592,4636
1785657600,2 Start Authentication Flow,48827,0,16.779,4,6,9,320,2147,4036
1785657600,__ALL__,244136,0,27.537,5,14,19,642,2901,5349
1785657600,4 Obtain authorization code,48827,0,38.530,5,8,13,1237,3578,5349
1785657900,5 Obtain access token,49053,0,13.528,5,7,9,223,1423,3849
1785657900,3 Perform authentication,49055,0,34.937,13,20,24,782,2675,4859
1785657900,1 Send request to authorize endpoint,49052,0,19.187,5,8,10,401,2243,4320
1785657900,2 Start Authentication Flow,49053,0,15.392,4,6,7,270,2060,4724
1785657900,__ALL__,245266,0,23.131,5,14,17,512,2569,6063
1785657900,4 Obtain authorization code,49053,0,32.611,5,8,10,1107,3152,6063
1785658200,5 Obtain access token,48972,0,13.616,5,8,10,217,1339,4348
1785658200,3 Perform authentication,48971,0,40.374,13,20,27,1055,2727,5752
1785658200,1 Send request to authorize endpoint,48974,0,20.852,5,8,12,401,2302,5496
1785658200,2 Start Authentication Flow,48970,0,16.537,4,6,8,266,2068,5698
1785658200,__ALL__,244860,0,25.493,5,15,19,573,2667,6168
1785658200,4 Obtain authorization code,48973,0,36.087,5,9,12,1136,3662,6168
1785658500,5 Obtain access token,49726,0,5.226,5,7,8,10,17,38
1785658500,3 Perform authentication,49731,0,13.762,13,17,20,25,44,81
1785658500,1 Send request to authorize endpoint,49721,0,5.349,5,7,8,11,18,46
1785658500,2 Start Authentication Flow,49723,0,4.030,4,5,6,9,13,35
1785658500,__ALL__,248630,0,6.757,5,13,15,20,32,81
1785658500,4 Obtain authorization code,49729,0,5.416,5,7,8,10,19,42
1785658800,5 Obtain access token,48942,0,15.738,5,8,11,297,1535,4446
1785658800,3 Perform authentication,48939,0,41.254,13,20,31,1015,2799,5629
1785658800,1 Send request to authorize endpoint,48947,0,22.750,5,8,14,480,2384,4810
1785658800,2 Start Authentication Flow,48948,0,17.676,4,6,9,347,2217,5133
1785658800,__ALL__,244716,0,27.103,5,15,20,644,2681,6210
1785658800,4 Obtain authorization code,48940,0,38.100,5,8,15,1281,3488,6210
1785659100,5 Obtain access token,49258,0,8.031,5,8,10,78,452,1466
1785659100,3 Perform authentication,49257,0,22.784,13,20,26,337,998,1843
1785659100,1 Send request to authorize endpoint,49256,0,10.171,5,8,11,143,721,1704
1785659100,2 Start Authentication Flow,49257,0,7.625,4,6,8,110,592,1765
1785659100,__ALL__,246286,0,12.633,5,14,18,174,893,1862
1785659100,4 Obtain authorization code,49258,0,14.554,5,8,11,326,1198,1862
1785659400,5 Obtain access token,48868,0,16.355,5,8,10,310,1653,4466
1785659400,3 Perform authentication,48869,0,45.074,13,20,28,1182,3196,6238
1785659400,1 Send request to authorize endpoint,48867,0,23.762,5,8,12,530,2627,4942
1785659400,2 Start Authentication Flow,48866,0,18.505,4,6,9,393,2319,5530
1785659400,__ALL__,244337,0,28.794,5,15,19,711,2961,6667
1785659400,4 Obtain authorization code,48867,0,40.274,5,8,12,1340,3818,6667
1785659700,5 Obtain access token,48962,0,15.472,5,8,10,253,1775,3887
1785659700,3 Perform authentication,48963,0,40.973,13,21,27,996,3336,5104
1785659700,1 Send request to authorize endpoint,48965,0,23.236,5,9,12,497,2893,6121
1785659700,2 Start Authentication Flow,48966,0,17.602,4,6,8,282,2393,5092
1785659700,__ALL__,244821,0,27.517,5,15,19,639,3169,6734
1785659700,4 Obtain authorization code,48965,0,40.301,5,9,12,1452,4049,6734
1785660000,5 Obtain access token,48655,0,17.584,5,9,13,339,1784,4337
1785660000,3 Perform authentication,48653,0,46.526,14,24,39,1194,3334,6166
1785660000,1 Send request to authorize endpoint,48654,0,25.898,5,10,18,594,2765,6540
1785660000,2 Start Authentication Flow,48652,0,20.282,4,7,11,358,2602,5770
1785660000,__ALL__,243266,0,30.851,5,15,23,777,3146,6604
1785660000,4 Obtain authorization code,48652,0,43.963,5,10,19,1502,4135,6604
1785660300,5 Obtain access token,49692,0,5.217,5,7,8,10,17,46
1785660300,3 Perform authentication,49693,0,13.780,13,18,20,26,41,61
1785660300,1 Send request to authorize endpoint,49692,0,5.338,5,7,8,11,26,52
1785660300,2 Start Authentication Flow,49694,0,4.038,4,5,6,9,16,37
1785660300,__ALL__,248464,0,6.768,5,13,15,20,32,61
1785660300,4 Obtain authorization code,49693,0,5.466,5,7,8,11,20,44
1785660600,5 Obtain access token,49208,0,11.543,5,7,9,161,1200,3291
1785660600,3 Perform authentication,49207,0,34.073,13,19,24,794,2161,3807
1785660600,1 Send request to authorize endpoint,49209,0,15.657,5,8,10,268,1723,3653
1785660600,2 Start Authentication Flow,49209,0,11.876,4,6,8,189,1554,3826
1785660600,__ALL__,246041,0,19.487,5,14,18,356,1905,4135
1785660600,4 Obtain authorization code,49208,0,24.286,5,8,10,655,2359,4135
1785660900,5 Obtain access token,49237,0,10.272,5,7,9,134,924,2742
1785660900,3 Perform authentication,49236,0,28.822,13,19,23,527,1961,3884
1785660900,1 Send request to authorize endpoint,49233,0,13.801,5,8,10,236,1388,2872
1785660900,2 Start Authentication Flow,49231,0,11.016,4,6,7,185,1268,3912
1785660900,__ALL__,246172,0,17.201,5,14,17,292,1695,4318
1785660900,4 Obtain authorization code,49235,0,22.092,5,8,10,585,2194,4318
1785661200,5 Obtain access token,48389,0,19.671,5,10,35,377,1728,4375
1785661200,3 Perform authentication,48389,0,57.702,14,26,169,1316,3183,5376
1785661200,1 Send request to authorize endpoint,48392,0,29.694,5,10,56,671,2433,5465
1785661200,2 Start Authentication Flow,48392,0,23.248,4,8,38,508,2106,4971
1785661200,__ALL__,241951,0,36.968,6,17,68,903,2972,5697
1785661200,4 Obtain authorization code,48389,0,54.526,5,10,131,1555,3756,5697
1785661500,5 Obtain access token,49592,0,5.542,5,7,8,12,25,102
1785661500,3 Perform authentication,49595,0,14.204,13,18,21,31,70,141
1785661500,1 Send request to authorize endpoint,49591,0,5.567,5,8,9,13,26,108
1785661500,2 Start Authentication Flow,49592,0,4.150,4,6,7,10,18,105
1785661500,__ALL__,247964,0,7.030,5,13,16,21,39,141
1785661500,4 Obtain authorization code,49594,0,5.685,5,8,9,14,26,109
1785661800,5 Obtain access token,49551,0,7.577,5,8,10,28,437,1549
1785661800,3 Perform authentication,49548,0,20.086,13,20,29,67,1205,1561
1785661800,1 Send request to authorize endpoint,49553,0,7.339,5,8,12,35,296,709
1785661800,2 Start Authentication Flow,49552,0,5.438,4,6,9,24,214,1552
1785661800,__ALL__,247754,0,9.773,5,14,18,47,498,1561
1785661800,4 Obtain authorization code,49550,0,8.427,5,8,12,41,373,683
1785662100,5 Obtain access token,49662,0,6.074,5,8,11,22,41,71
1785662100,3 Perform authentication,49662,0,16.461,14,23,35,61,85,135
1785662100,1 Send request to authorize endpoint,49661,0,6.730,5,10,15,35,56,124
1785662100,2 Start Authentication Flow,49661,0,4.818,4,7,10,22,44,86
1785662100,__ALL__,248308,0,8.198,5,15,19,42,73,135
1785662100,4 Obtain authorization code,49662,0,6.903,5,10,16,37,69,119
1785662400,5 Obtain access token,49481,0,5.692,5,7,8,13,131,384
1785662400,3 Perform authentication,49485,0,18.644,13,18,20,38,1349,1596
1785662400,1 Send request to authorize endpoint,49479,0,6.171,5,7,8,15,196,1586
1785662400,2 Start Authentication Flow,49480,0,4.648,4,5,7,12,159,365
1785662400,__ALL__,247408,0,8.399,5,13,16,25,398,1596
1785662400,4 Obtain authorization code,49483,0,6.841,5,7,8,16,344,1588
1785662700,5 Obtain access token,49699,0,5.913,5,7,8,20,153,719
1785662700,3 Perform authentication,49696,0,16.197,13,18,21,59,425,661
1785662700,1 Send request to authorize endpoint,49700,0,6.478,5,7,9,28,247,685
1785662700,2 Start Authentication Flow,49698,0,4.925,4,6,7,19,202,702
1785662700,__ALL__,248490,0,8.192,5,14,16,32,332,846
1785662700,4 Obtain authorization code,49697,0,7.448,5,7,9,34,414,846
1785663000,5 Obtain access token,49165,0,9.181,5,7,9,116,621,1816
1785663000,3 Perform authentication,49165,0,28.256,13,19,22,558,1525,3062
1785663000,1 Send request to authorize endpoint,49167,0,11.754,5,8,9,204,1067,3205
1785663000,2 Start Authentication Flow,49167,0,9.097,4,6,7,149,856,2754
1785663000,__ALL__,245829,0,15.386,5,14,17,266,1345,3205
1785663000,4 Obtain authorization code,49165,0,18.643,5,8,9,506,1619,3092
1785663300,5 Obtain access token,49568,0,7.024,5,7,9,55,306,1201
1785663300,3 Perform authentication,49567,0,19.737,13,19,23,226,820,1852
1785663300,1 Send request to authorize endpoint,49568,0,8.207,5,8,10,89,432,1265
1785663300,2 Start Authentication Flow,49571,0,6.166,4,6,7,68,349,1205
1785663300,__ALL__,247841,0,10.451,5,14,17,112,637,1852
1785663300,4 Obtain authorization code,49567,0,11.120,5,8,9,186,871,1690
1785663600,5 Obtain access token,49148,0,12.125,5,7,10,197,1083,3074
1785663600,3 Perform authentication,49151,0,37.399,13,20,26,942,2353,4688
1785663600,1 Send request to authorize endpoint,49147,0,16.795,5,8,10,301,1841,3928
1785663600,2 Start Authentication Flow,49146,0,12.667,4,6,8,215,1543,4223
1785663600,__ALL__,245741,0,21.502,5,14,19,438,2139,4923
1785663600,4 Obtain authorization code,49149,0,28.522,5,8,10,787,2760,4923
1785663900,5 Obtain access token,49326,0,8.195,5,7,9,87,479,1237
1785663900,3 Perform authentication,49323,0,23.116,13,19,24,342,1085,1655
1785663900,1 Send request to authorize endpoint,49325,0,10.375,5,8,10,161,782,1288
1785663900,2 Start Authentication Flow,49324,0,8.148,4,6,8,121,663,1705
1785663900,__ALL__,246624,0,13.051,5,14,18,197,931,2222
1785663900,4 Obtain authorization code,49326,0,15.420,5,8,10,370,1269,2222
1785664200,5 Obtain access token,49188,0,10.081,5,7,9,142,836,2346
1785664200,3 Perform authentication,49414,0,32.098,13,19,23,738,1806,3369
1785664200,1 Send request to authorize endpoint,49043,0,12.849,5,7,9,187,1430,3516
1785664200,2 Start Authentication Flow,48935,0,9.553,4,6,7,117,1159,3747
1785664200,__ALL__,245839,0,17.123,5,14,17,314,1605,3747
1785664200,4 Obtain authorization code,49259,0,20.908,5,7,9,551,2027,3513
1785664500,5 Obtain access token,49661,0,5.904,5,7,8,13,207,646
1785664500,3 Perform authentication,49436,0,14.612,13,18,20,27,183,3107
1785664500,1 Send request to authorize endpoint,49806,0,7.143,5,7,8,18,396,2433
1785664500,2 Start Authentication Flow,49916,0,5.919,4,6,7,34,374,3211
1785664500,__ALL__,248408,0,8.263,5,13,16,24,387,3211
1785664500,4 Obtain authorization code,49589,0,7.780,5,7,8,12,671,2548
1785664800,5 Obtain access token,49312,0,10.621,5,8,10,193,711,2827
1785664800,3 Perform authentication,49312,0,30.635,13,20,26,661,1652,3036
1785664800,1 Send request to authorize endpoint,49313,0,13.347,5,8,11,241,1256,2911
1785664800,2 Start Authentication Flow,49313,0,10.302,4,6,8,178,1056,2996
1785664800,__ALL__,246563,0,17.057,5,14,18,309,1497,3507
1785664800,4 Obtain authorization code,49313,0,20.378,5,8,11,471,1892,3507
1785665100,5 Obtain access token,49062,0,11.716,5,7,9,159,1183,3486
1785665100,3 Perform authentication,49062,0,34.205,13,19,22,768,2677,4745
1785665100,1 Send request to authorize endpoint,49061,0,15.679,5,8,9,281,1889,4133
1785665100,2 Start Authentication Flow,49060,0,12.208,4,6,7,212,1786,3490
1785665100,__ALL__,245307,0,20.235,5,14,17,367,2384,4745
1785665100,4 Obtain authorization code,49062,0,27.364,5,8,9,750,2994,4436
1785665400,5 Obtain access token,49022,0,15.057,5,8,10,297,1450,3775
1785665400,3 Perform authentication,49021,0,41.883,14,20,27,1047,2910,5312
1785665400,1 Send request to authorize endpoint,49023,0,21.203,5,8,11,396,2335,4793
1785665400,2 Start Authentication Flow,49024,0,15.767,4,6,8,241,2006,5086
1785665400,__ALL__,245112,0,25.827,5,15,19,567,2662,5983
1785665400,4 Obtain authorization code,49022,0,35.227,5,8,11,1055,3261,5983
1785665700,5 Obtain access token,48785,0,16.539,5,7,9,298,1946,4209
1785665700,3 Perform authentication,48787,0,42.110,14,19,24,1084,3464,6530
1785665700,1 Send request to authorize endpoint,48786,0,25.146,5,8,10,602,2994,5190
1785665700,2 Start Authentication Flow,48786,0,19.215,4,6,7,320,2667,6053
1785665700,__ALL__,243929,0,29.119,5,14,18,720,3308,7610
1785665700,4 Obtain authorization code,48785,0,42.583,5,8,10,1601,4214,7610
1785666000,5 Obtain access token,49584,0,6.375,5,7,8,17,274,1587
1785666000,3 Perform authentication,49586,0,19.273,13,18,21,48,1321,1601
1785666000,1 Send request to authorize endpoint,49584,0,6.663,5,7,9,26,275,720
1785666000,2 Start Authentication Flow,49581,0,5.078,4,6,7,18,201,1586
1785666000,__ALL__,247921,0,9.195,5,14,16,31,585,1601
1785666000,4 Obtain authorization code,49586,0,8.586,5,7,8,28,645,1589
1785666300,5 Obtain access token,49150,0,13.352,5,7,9,207,1421,3643
1785666300,3 Perform authentication,49148,0,35.765,13,19,22,889,2705,5157
1785666300,1 Send request to authorize endpoint,49148,0,18.917,5,8,9,368,2284,4050
1785666300,2 Start Authentication Flow,49150,0,14.181,4,6,7,247,1979,4406
1785666300,__ALL__,245744,0,23.315,5,14,17,488,2604,5718
1785666300,4 Obtain authorization code,49148,0,34.360,5,8,9,1172,3538,5718
1785666600,5 Obtain access token,49036,0,13.420,5,8,10,210,1352,3992
1785666600,3 Perform authentication,49033,0,41.639,13,20,27,1069,2671,4277
1785666600,1 Send request to authorize endpoint,49036,0,18.646,5,8,11,348,1988,3962
1785666600,2 Start Authentication Flow,49036,0,15.112,4,6,9,253,1971,5453
1785666600,__ALL__,245176,0,24.401,5,15,20,492,2434,5453
1785666600,4 Obtain authorization code,49035,0,33.189,5,8,11,947,3046,4391
1785666900,5 Obtain access token,48802,0,15.671,5,7,9,264,1659,3879
1785666900,3 Perform authentication,48806,0,41.169,13,19,24,982,3061,5755
1785666900,1 Send request to authorize endpoint,48804,0,23.547,5,8,10,511,2713,5502
1785666900,2 Start Authentication Flow,48803,0,18.391,4,6,8,319,2509,4557
1785666900,__ALL__,244019,0,27.770,5,15,19,638,2972,6276
1785666900,4 Obtain authorization code,48804,0,40.069,5,8,10,1337,3882,6276
1785667200,5 Obtain access token,48515,0,20.525,5,8,11,437,2089,4930
1785667200,3 Perform authentication,48512,0,51.935,13,20,28,1376,3765,8052
1785667200,1 Send request to authorize endpoint,48515,0,32.716,5,8,11,929,3586,6777
1785667200,2 Start Authentication Flow,48517,0,25.790,4,6,9,571,3284,6857
1785667200,__ALL__,242573,0,36.672,5,15,20,1032,3735,8684
1785667200,4 Obtain authorization code,48514,0,52.398,5,8,12,1910,4762,8684
1785667500,5 Obtain access token,48788,0,16.173,5,8,10,307,1803,4451
1785667500,3 Perform authentication,48793,0,40.932,13,21,28,993,3107,5933
1785667500,1 Send request to authorize endpoint,48788,0,25.573,5,9,13,642,2989,5198
1785667500,2 Start Authentication Flow,48781,0,19.307,4,7,9,393,2519,5979
1785667500,__ALL__,243938,0,28.881,5,15,19,710,3135,7028
1785667500,4 Obtain authorization code,48788,0,42.418,5,9,14,1524,3995,7028
1785667800,5 Obtain access token,49140,0,10.664,5,7,10,152,901,3221
1785667800,3 Perform authentication,49137,0,32.444,13,19,29,715,2039,3220
1785667800,1 Send request to authorize endpoint,49139,0,13.623,5,8,13,240,1307,3496
1785667800,2 Start Authentication Flow,49143,0,10.513,4,6,8,178,1073,2628
1785667800,__ALL__,245699,0,17.881,5,14,18,316,1660,3843
1785667800,4 Obtain authorization code,49140,0,22.163,5,8,13,540,2112,3843
1785668100,5 Obtain access token,49195,0,9.844,5,9,13,103,778,2263
1785668100,3 Perform authentication,49196,0,27.810,14,24,40,422,1741,3055
1785668100,1 Send request to authorize endpoint,49194,0,13.104,5,10,19,201,1262,3280
1785668100,2 Start Authentication Flow,49197,0,10.090,4,7,11,156,1003,2896
1785668100,__ALL__,245978,0,16.240,5,16,22,227,1541,3657
1785668100,4 Obtain authorization code,49196,0,20.350,5,10,20,472,2003,3657
1785668400,5 Obtain access token,49198,0,9.416,5,8,12,116,641,1610
1785668400,3 Perform authentication,49197,0,29.438,13,22,39,569,1501,2954
1785668400,1 Send request to authorize endpoint,49199,0,12.721,5,9,18,207,998,2631
1785668400,2 Start Authentication Flow,49197,0,9.780,4,7,11,157,888,2231
1785668400,__ALL__,245987,0,16.250,5,15,21,272,1370,3183
1785668400,4 Obtain authorization code,49196,0,19.896,5,9,19,473,1737,3183
1785668700,5 Obtain access token,49092,0,11.088,5,8,13,159,905,2511
1785668700,3 Perform authentication,49089,0,30.845,14,23,40,556,2044,3987
1785668700,1 Send request to authorize endpoint,49093,0,14.713,5,9,18,266,1381,3665
1785668700,2 Start Authentication Flow,49094,0,11.646,4,7,11,215,1263,4010
1785668700,__ALL__,245460,0,18.245,5,15,22,315,1779,4010
1785668700,4 Obtain authorization code,49092,0,22.935,5,9,19,609,2210,3858
1785669000,5 Obtain access token,49190,0,10.178,5,8,14,159,545,2266
1785669000,3 Perform authentication,49192,0,29.691,13,22,46,488,1493,2323
1785669000,1 Send request to authorize endpoint,49189,0,12.395,5,9,20,203,735,2349
1785669000,2 Start Authentication Flow,49188,0,9.420,4,7,12,154,642,2062
1785669000,__ALL__,245950,0,15.949,5,15,24,264,1158,3036
1785669000,4 Obtain authorization code,49191,0,18.063,5,9,21,354,1398,3036
1785669300,5 Obtain access token,49187,0,7.595,5,7,9,64,420,1537
1785669300,3 Perform authentication,49271,0,21.990,13,18,22,276,1125,2072
1785669300,1 Send request to authorize endpoint,49154,0,9.256,5,7,9,108,802,1902
1785669300,2 Start Authentication Flow,49137,0,6.898,4,6,7,76,522,1868
1785669300,__ALL__,245955,0,11.847,5,14,17,138,961,2356
1785669300,4 Obtain authorization code,49206,0,13.470,5,7,9,260,1304,2356
1785669600,5 Obtain access token,49499,0,9.611,5,7,9,164,612,3156
1785669600,3 Perform authentication,49415,0,27.907,13,18,22,605,1564,2854
1785669600,1 Send request to authorize endpoint,49532,0,11.915,5,8,9,222,1038,2632
1785669600,2 Start Authentication Flow,49549,0,8.888,4,6,7,153,741,2433
1785669600,__ALL__,247476,0,15.201,5,14,17,267,1343,3156
1785669600,4 Obtain authorization code,49481,0,17.714,5,7,9,382,1589,3151
1785669900,5 Obtain access token,49384,0,10.220,5,7,9,147,761,2073
1785669900,3 Perform authentication,49385,0,28.912,13,19,23,558,1564,2657
1785669900,1 Send request to authorize endpoint,49383,0,13.398,5,8,9,263,1032,2493
1785669900,2 Start Authentication Flow,49385,0,10.565,4,6,8,208,930,2261
1785669900,__ALL__,246920,0,16.907,5,14,18,331,1343,2894
1785669900,4 Obtain authorization code,49383,0,21.439,5,7,9,578,1832,2894
1785670200,5 Obtain access token,49128,0,11.796,5,8,10,188,900,2775
1785670200,3 Perform authentication,49125,0,35.687,13,19,25,815,1725,3199
1785670200,1 Send request to authorize endpoint,49129,0,15.971,5,8,11,305,1382,2784
1785670200,2 Start Authentication Flow,49127,0,12.092,4,6,8,218,1193,2594
1785670200,__ALL__,245636,0,20.422,5,15,19,441,1581,3418
1785670200,4 Obtain authorization code,49127,0,26.566,5,8,11,768,1964,3418
1785670500,5 Obtain access token,49157,0,13.744,5,8,10,212,1526,4669
1785670500,3 Perform authentication,49158,0,37.888,13,20,26,933,3141,5364
1785670500,1 Send request to authorize endpoint,49157,0,19.991,5,8,12,377,2430,4629
1785670500,2 Start Authentication Flow,49157,0,15.277,4,6,8,250,2157,4859
1785670500,__ALL__,245787,0,24.199,5,14,18,496,2742,5634
1785670500,4 Obtain authorization code,49158,0,34.095,5,8,12,1201,3348,5634
1785670800,5 Obtain access token,49180,0,10.269,5,7,10,149,650,2107
1785670800,3 Perform authentication,49183,0,33.201,13,19,24,731,1680,3350
1785670800,1 Send request to authorize endpoint,49179,0,13.601,5,8,10,247,1124,2198
1785670800,2 Start Authentication Flow,49181,0,10.833,4,6,8,195,1010,2955
1785670800,__ALL__,245905,0,18.020,5,14,18,346,1467,3350
1785670800,4 Obtain authorization code,49182,0,22.197,5,7,10,561,1770,3267
1785671100,5 Obtain access token,49417,0,8.565,5,7,9,104,463,1780
1785671100,3 Perform authentication,49414,0,23.651,13,18,22,361,1070,1909
1785671100,1 Send request to authorize endpoint,49418,0,10.816,5,8,10,183,693,1790
1785671100,2 Start Authentication Flow,49418,0,8.657,4,6,7,148,654,1510
1785671100,__ALL__,247082,0,13.448,5,14,17,229,896,2035
1785671100,4 Obtain authorization code,49415,0,15.551,5,7,9,368,1161,2035
1785671400,5 Obtain access token,48621,0,16.269,5,7,9,324,1640,3987
1785671400,3 Perform authentication,48623,0,42.679,13,18,23,1134,3016,5053
1785671400,1 Send request to authorize endpoint,48622,0,25.413,5,8,10,689,2568,5364
1785671400,2 Start Authentication Flow,48622,0,20.509,4,6,8,478,2545,5467
1785671400,__ALL__,243110,0,29.124,5,14,18,804,2887,6916
1785671400,4 Obtain authorization code,48622,0,40.751,5,7,9,1406,3904,6916
1785671700,5 Obtain access token,48783,0,16.218,5,8,10,326,1431,4426
1785671700,3 Perform authentication,48785,0,44.607,13,19,26,1093,2619,4883
1785671700,1 Send request to authorize endpoint,48780,0,24.161,5,8,11,572,2192,5260
1785671700,2 Start Authentication Flow,48778,0,18.355,4,6,9,421,1850,4106
1785671700,__ALL__,243911,0,29.116,5,14,20,741,2480,5260
1785671700,4 Obtain authorization code,48785,0,42.236,5,8,11,1362,3151,4839
1785672000,5 Obtain access token,48777,0,19.211,5,8,11,437,1988,4820
1785672000,3 Perform authentication,48774,0,46.718,13,19,28,1223,2949,7284
1785672000,1 Send request to authorize endpoint,48779,0,30.730,5,8,11,976,2661,6026
1785672000,2 Start Authentication Flow,48780,0,28.141,4,6,9,917,2973,5938
1785672000,__ALL__,243883,0,34.041,5,15,20,1030,3084,7456
1785672000,4 Obtain authorization code,48773,0,45.409,5,8,11,1579,3861,7456
1785672300,5 Obtain access token,48504,0,19.118,5,8,11,410,1821,3607
1785672300,3 Perform authentication,48506,0,49.711,13,19,28,1237,3089,6123
1785672300,1 Send request to authorize endpoint,48503,0,31.029,5,8,12,845,2983,5779
1785672300,2 Start Authentication Flow,48503,0,24.984,4,6,9,620,2555,5704
1785672300,__ALL__,242522,0,35.470,5,15,20,987,3203,7011
1785672300,4 Obtain authorization code,48506,0,52.507,5,8,11,1746,4042,7011
1785672600,5 Obtain access token,48417,0,22.021,5,8,16,460,2183,4951
1785672600,3 Perform authentication,48417,0,56.488,13,20,47,1362,3671,7646
1785672600,1 Send request to authorize endpoint,48418,0,33.109,5,8,19,898,3021,7195
1785672600,2 Start Authentication Flow,48418,0,26.802,4,6,13,668,2855,5301
1785672600,__ALL__,242087,0,38.827,5,15,26,1056,3384,7646
1785672600,4 Obtain authorization code,48417,0,55.714,5,8,21,1733,4133,6174
1785672900,5 Obtain access token,48669,0,15.303,5,7,9,295,1635,4154
1785672900,3 Perform authentication,48667,0,39.400,13,19,23,943,3106,6393
1785672900,1 Send request to authorize endpoint,48669,0,23.489,5,8,9,591,2693,4962
1785672900,2 Start Authentication Flow,48668,0,19.309,4,6,7,426,2432,4612
1785672900,__ALL__,243342,0,27.280,5,14,17,683,2975,6393
1785672900,4 Obtain authorization code,48669,0,38.899,5,7,9,1373,3816,6213
1785673200,5 Obtain access token,49416,0,8.672,5,7,8,116,546,1372
1785673200,3 Perform authentication,49416,0,26.304,13,18,21,496,1464,2206
1785673200,1 Send request to authorize endpoint,49417,0,10.573,5,7,9,159,943,2032
1785673200,2 Start Authentication Flow,49418,0,8.018,4,6,7,123,719,1850
1785673200,__ALL__,247083,0,13.980,5,14,16,226,1240,2763
1785673200,4 Obtain authorization code,49416,0,16.331,5,7,8,383,1518,2763
1785673500,5 Obtain access token,48870,0,14.498,5,7,10,264,1344,3117
1785673500,3 Perform authentication,48870,0,37.230,13,19,25,821,2419,4091
1785673500,1 Send request to authorize endpoint,48869,0,20.986,5,8,10,479,2169,3912
1785673500,2 Start Authentication Flow,48870,0,17.142,4,6,8,351,1968,4484
1785673500,__ALL__,244348,0,25.293,5,14,18,594,2444,6107
1785673500,4 Obtain authorization code,48869,0,36.612,5,7,10,1182,3293,6107
1785673800,5 Obtain access token,45746,0,57.210,6,135,287,897,2032,4054
1785673800,3 Perform authentication,45744,0,148.830,17,443,814,1838,3119,4933
1785673800,1 Send request to authorize endpoint,45745,0,97.265,7,268,541,1440,2844,5454
1785673800,2 Start Authentication Flow,45744,0,79.991,5,212,432,1267,2544,4960
1785673800,__ALL__,228724,0,110.877,8,302,635,1692,3111,6935
1785673800,4 Obtain authorization code,45745,0,171.092,7,556,1060,2306,3691,6935
1785674100,5 Obtain access token,48510,0,19.223,5,18,66,327,1062,2650
1785674100,3 Perform authentication,48512,0,49.114,15,68,221,736,1712,3450
1785674100,1 Send request to authorize endpoint,48511,0,30.218,6,23,133,590,1563,3255
1785674100,2 Start Authentication Flow,48512,0,25.030,4,17,103,514,1445,3581
1785674100,__ALL__,242556,0,33.727,6,30,144,640,1707,4284
1785674100,4 Obtain authorization code,48511,0,45.051,6,32,242,911,2254,4284
1785674400,5 Obtain access token,47953,0,24.714,6,17,82,463,1590,3228
1785674400,3 Perform authentication,47992,0,72.032,15,60,343,1386,2862,5417
1785674400,1 Send request to authorize endpoint,47926,0,39.581,6,24,160,875,2228,4038
1785674400,2 Start Authentication Flow,47904,0,33.339,4,16,130,738,2214,4255
1785674400,__ALL__,239745,0,48.074,6,30,190,1138,2718,5417
1785674400,4 Obtain authorization code,47970,0,70.656,6,30,355,1658,3462,5116
1785674700,5 Obtain access token,49323,0,8.130,5,9,12,79,329,957
1785674700,3 Perform authentication,49283,0,22.545,14,25,37,262,752,1184
1785674700,1 Send request to authorize endpoint,49350,0,10.504,5,11,16,153,526,1037
1785674700,2 Start Authentication Flow,49370,0,7.994,4,8,11,112,474,1313
1785674700,__ALL__,246631,0,12.456,6,16,22,167,616,1354
1785674700,4 Obtain authorization code,49305,0,13.123,5,11,17,274,723,1354
1785675000,5 Obtain access token,48755,0,15.968,5,11,41,261,1115,2163
1785675000,3 Perform authentication,48758,0,43.995,14,33,169,738,1748,3099
1785675000,1 Send request to authorize endpoint,48756,0,23.259,6,15,74,462,1650,2373
1785675000,2 Start Authentication Flow,48755,0,19.732,4,10,53,402,1659,2901
1785675000,__ALL__,243781,0,28.108,6,21,81,566,1692,3562
1785675000,4 Obtain authorization code,48757,0,37.585,6,16,150,885,1951,3562
1785675300,5 Obtain access token,48254,0,23.048,5,15,64,399,1792,4183
1785675300,3 Perform authentication,48254,0,63.714,15,47,253,1162,3482,6173
1785675300,1 Send request to authorize endpoint,48254,0,37.359,6,20,129,779,2913,5536
1785675300,2 Start Authentication Flow,48257,0,29.743,4,13,98,656,2416,5022
1785675300,__ALL__,241272,0,43.837,6,26,141,916,3347,7114
1785675300,4 Obtain authorization code,48253,0,65.319,6,22,265,1564,4416,7114
1785675600,5 Obtain access token,46953,2,43.323,5,38,143,977,3266,6458
1785675600,3 Perform authentication,46951,1,100.413,15,150,463,1921,4917,10923
1785675600,1 Send request to authorize endpoint,46952,0,73.517,6,71,273,1799,4370,9472
1785675600,2 Start Authentication Flow,46951,0,63.943,4,51,213,1623,4184,9585
1785675600,__ALL__,234761,4,79.603,6,76,313,1853,4920,10923
1785675600,4 Obtain authorization code,46954,1,116.821,6,138,516,2904,6174,10258
1785675900,5 Obtain access token,47568,0,33.445,5,8,26,883,3037,7774
1785675900,3 Perform authentication,47568,0,81.640,14,21,132,2225,4753,6570
1785675900,1 Send request to authorize endpoint,47569,0,51.852,5,9,41,1544,4299,7160
1785675900,2 Start Authentication Flow,47566,0,37.984,4,7,26,1109,3500,6837
1785675900,__ALL__,237838,0,60.784,6,16,42,1869,4755,8502
1785675900,4 Obtain authorization code,47567,0,99.001,6,9,85,3115,5744,8502
1785676200,5 Obtain access token,46863,1,40.071,5,11,124,996,2785,5982
1785676200,3 Perform authentication,46864,0,94.222,14,33,492,2029,4048,8597
1785676200,1 Send request to authorize endpoint,46862,0,72.227,5,13,271,1934,3953,8516
1785676200,2 Start Authentication Flow,46866,0,66.370,4,10,207,1844,3889,6584
1785676200,__ALL__,234318,2,76.573,6,21,288,1997,4200,11461
1785676200,4 Obtain authorization code,46863,1,109.975,5,13,569,2777,5133,11461
1785676500,5 Obtain access token,44826,1,72.093,5,31,335,1723,3892,9587
1785676500,3 Perform authentication,44829,0,158.025,14,132,1096,3136,5607,8141
1785676500,1 Send request to authorize endpoint,44827,0,130.969,5,50,873,3003,5714,9661
1785676500,2 Start Authentication Flow,44827,0,118.127,4,32,682,2843,5478,8717
1785676500,__ALL__,224137,2,137.556,6,55,875,3172,5920,11297
1785676500,4 Obtain authorization code,44828,1,208.560,5,88,1733,4281,6855,11297
1785676800,5 Obtain access token,47084,0,40.230,5,10,63,1114,2953,5214
1785676800,3 Perform authentication,47079,0,86.458,14,29,273,2123,4460,6937
1785676800,1 Send request to authorize endpoint,47082,0,66.828,5,13,125,1947,4083,7607
1785676800,2 Start Authentication Flow,47080,0,59.099,4,9,85,1804,3999,8809
1785676800,__ALL__,235406,0,71.814,5,18,133,2101,4454,9323
1785676800,4 Obtain authorization code,47081,0,106.456,5,13,296,2871,5550,9323
1785677100,5 Obtain access token,47747,0,29.755,5,8,22,749,2887,6783
1785677100,3 Perform authentication,47746,0,75.518,13,22,120,1988,4890,7889
1785677100,1 Send request to authorize endpoint,47746,0,48.092,5,9,33,1494,4162,7769
1785677100,2 Start Authentication Flow,47747,0,35.603,4,7,21,1025,3512,6396
1785677100,__ALL__,238733,0,55.507,5,15,37,1672,4723,9721
1785677100,4 Obtain authorization code,47747,0,88.566,5,9,77,2822,6191,9721
1785677400,5 Obtain access token,49659,0,6.097,5,7,9,16,169,1589
1785677400,3 Perform authentication,49660,0,18.814,13,19,24,43,1313,1600
1785677400,1 Send request to authorize endpoint,49662,0,6.548,5,8,11,21,220,1590
1785677400,2 Start Authentication Flow,49662,0,4.830,4,6,8,14,147,373
1785677400,__ALL__,248303,0,8.617,5,14,16,31,370,1600
1785677400,4 Obtain authorization code,49660,0,6.796,5,8,10,20,332,673
1785677700,5 Obtain access token,49654,0,5.380,5,7,8,11,18,38
1785677700,3 Perform authentication,49655,0,14.142,13,18,21,29,42,82
1785677700,1 Send request to authorize endpoint,49654,0,5.594,5,8,9,13,19,39
1785677700,2 Start Authentication Flow,49654,0,4.203,4,6,7,9,15,35
1785677700,__ALL__,248271,0,6.930,5,13,15,22,33,82
1785677700,4 Obtain authorization code,49654,0,5.333,5,7,9,13,20,40
1785678000,5 Obtain access token,49641,0,5.843,5,7,9,13,131,1527
1785678000,3 Perform authentication,49641,0,17.479,13,18,22,36,1213,1533
1785678000,1 Send request to authorize endpoint,49641,0,6.082,5,8,9,17,152,1529
1785678000,2 Start Authentication Flow,49642,0,4.543,4,6,7,12,125,384
1785678000,__ALL__,248206,0,8.032,5,13,16,26,258,1533
1785678000,4 Obtain authorization code,49641,0,6.214,5,7,9,16,259,1527
1785678300,5 Obtain access token,49571,0,5.367,5,7,9,12,22,50
1785678300,3 Perform authentication,49570,0,14.113,13,19,23,32,46,90
1785678300,1 Send request to authorize endpoint,49571,0,5.611,5,8,10,15,24,41
1785678300,2 Start Authentication Flow,49571,0,4.150,4,6,7,10,18,35
1785678300,__ALL__,247853,0,6.916,5,13,15,23,37,90
1785678300,4 Obtain authorization code,49570,0,5.338,5,7,9,15,24,44
1785678600,5 Obtain access token,49514,0,6.615,5,7,9,15,323,1555
1785678600,3 Perform authentication,49514,0,18.319,13,18,22,39,1283,1559
1785678600,1 Send request to authorize endpoint,49514,0,6.527,5,8,9,17,268,1557
1785678600,2 Start Authentication Flow,49511,0,4.836,4,6,7,13,165,1555
1785678600,__ALL__,247568,0,8.619,5,13,15,28,413,1559
1785678600,4 Obtain authorization code,49515,0,6.800,5,7,9,18,288,1555
1785678900,5 Obtain access token,49754,0,5.275,5,7,8,11,17,39
1785678900,3 Perform authentication,49754,0,13.647,13,18,20,27,41,61
1785678900,1 Send request to authorize endpoint,49753,0,5.426,5,7,9,12,20,36
1785678900,2 Start Authentication Flow,49754,0,4.061,4,6,7,9,14,36
1785678900,__ALL__,248768,0,6.706,5,13,15,21,32,61
1785678900,4 Obtain authorization code,49753,0,5.122,5,7,8,12,17,38
1785679200,5 Obtain access token,49567,0,5.994,5,7,8,14,199,473
1785679200,3 Perform authentication,49568,0,18.562,13,18,21,39,1360,1603
1785679200,1 Send request to authorize endpoint,49567,0,6.310,5,7,9,16,224,1599
1785679200,2 Start Authentication Flow,49569,0,4.617,4,6,7,12,146,1594
1785679200,__ALL__,247838,0,8.391,5,13,15,25,432,1603
1785679200,4 Obtain authorization code,49567,0,6.470,5,7,8,16,384,1597
1785679500,5 Obtain access token,48646,0,18.256,5,8,9,438,1840,4065
1785679500,3 Perform authentication,48644,0,42.907,13,19,24,1105,3455,7102
1785679500,1 Send request to authorize endpoint,48645,0,30.469,5,8,11,903,3364,6363
1785679500,2 Start Authentication Flow,48644,0,23.434,4,6,8,634,2838,5401
1785679500,__ALL__,243225,0,32.269,5,14,17,929,3392,7102
1785679500,4 Obtain authorization code,48646,0,46.278,5,7,10,1710,4496,7018
1785679800,5 Obtain access token,49686,0,6.675,5,7,8,15,346,627
1785679800,3 Perform authentication,49686,0,18.484,13,18,21,40,1328,1590
1785679800,1 Send request to authorize endpoint,49687,0,6.406,5,7,9,17,259,506
1785679800,2 Start Authentication Flow,49688,0,4.761,4,6,7,12,161,1582
1785679800,__ALL__,248433,0,8.550,5,13,15,26,423,1590
1785679800,4 Obtain authorization code,49686,0,6.422,5,7,8,17,229,1579
1785680100,5 Obtain access token,49621,0,5.294,5,7,8,12,22,45
1785680100,3 Perform authentication,49624,0,13.794,13,18,21,32,46,95
1785680100,1 Send request to authorize endpoint,49620,0,5.516,5,7,9,15,29,53
1785680100,2 Start Authentication Flow,49619,0,4.106,4,6,7,10,16,40
1785680100,__ALL__,248106,0,6.785,5,13,15,22,37,95
1785680100,4 Obtain authorization code,49622,0,5.216,5,7,9,14,27,52
1785680400,5 Obtain access token,49602,0,5.672,5,7,8,13,122,446
1785680400,3 Perform authentication,49599,0,17.564,13,18,20,36,1175,1552
1785680400,1 Send request to authorize endpoint,49604,0,6.150,5,7,9,16,204,1556
1785680400,2 Start Authentication Flow,49603,0,4.635,4,6,7,12,135,1557
1785680400,__ALL__,248009,0,8.085,5,13,15,25,332,1557
1785680400,4 Obtain authorization code,49601,0,6.405,5,7,8,16,320,1557
1785680700,5 Obtain access token,49742,0,5.201,5,7,8,10,18,44
1785680700,3 Perform authentication,49742,0,13.525,13,17,20,26,41,76
1785680700,1 Send request to authorize endpoint,49741,0,5.336,5,7,8,11,17,46
1785680700,2 Start Authentication Flow,49743,0,4.026,4,5,6,9,16,37
1785680700,__ALL__,248710,0,6.622,5,13,15,20,32,76
1785680700,4 Obtain authorization code,49742,0,5.023,5,7,8,10,17,41
1785681000,5 Obtain access token,49710,0,6.617,5,7,8,16,362,1548
1785681000,3 Perform authentication,49710,0,18.276,13,18,20,49,1237,1553
1785681000,1 Send request to authorize endpoint,49711,0,6.452,5,7,9,20,269,541
1785681000,2 Start Authentication Flow,49710,0,4.864,4,5,7,14,211,1544
1785681000,__ALL__,248551,0,8.679,5,13,15,28,486,1553
1785681000,4 Obtain authorization code,49710,0,7.188,5,7,8,19,420,1548
1785681300,5 Obtain access token,49518,0,5.212,5,7,8,11,17,39
1785681300,3 Perform authentication,49518,0,13.525,13,17,20,26,42,67
1785681300,1 Send request to authorize endpoint,49517,0,5.328,5,7,8,11,19,39
1785681300,2 Start Authentication Flow,49518,0,4.007,4,5,6,9,14,35
1785681300,__ALL__,247589,0,6.614,5,13,15,20,32,67
1785681300,4 Obtain authorization code,49518,0,4.998,5,7,8,11,18,38
1785681600,5 Obtain access token,49530,0,6.211,5,7,8,14,274,1562
1785681600,3 Perform authentication,49532,0,18.249,13,18,20,37,1349,1572
1785681600,1 Send request to authorize endpoint,49528,0,6.400,5,7,9,18,268,659
1785681600,2 Start Authentication Flow,49526,0,4.676,4,6,7,13,161,430
1785681600,__ALL__,247647,0,8.590,5,13,15,26,527,1572
1785681600,4 Obtain authorization code,49531,0,7.414,5,7,8,17,592,1563
1785681900,5 Obtain access token,49662,0,5.352,5,7,8,12,20,46
1785681900,3 Perform authentication,49662,0,13.844,13,18,22,32,45,70
1785681900,1 Send request to authorize endpoint,49664,0,5.584,5,8,10,15,26,40
1785681900,2 Start Authentication Flow,49665,0,4.145,4,6,7,10,18,45
1785681900,__ALL__,248315,0,6.836,5,13,15,22,36,70
1785681900,4 Obtain authorization code,49662,0,5.257,5,7,9,14,24,42
1785682200,5 Obtain access token,49676,0,6.475,5,7,8,14,366,733
1785682200,3 Perform authentication,49675,0,18.496,13,17,20,41,1307,1569
1785682200,1 Send request to authorize endpoint,49676,0,6.458,5,7,8,17,261,1557
1785682200,2 Start Authentication Flow,49677,0,4.657,4,5,6,12,162,1559
1785682200,__ALL__,248379,0,8.630,5,13,15,26,499,1569
1785682200,4 Obtain authorization code,49675,0,7.066,5,7,8,16,443,938
1785682500,5 Obtain access token,49606,0,5.174,5,7,8,11,24,62
1785682500,3 Perform authentication,49607,0,13.462,13,17,20,26,60,143
1785682500,1 Send request to authorize endpoint,49604,0,5.302,5,7,8,11,25,54
1785682500,2 Start Authentication Flow,49603,0,3.999,4,5,6,9,20,50
1785682500,__ALL__,248027,0,6.593,5,13,15,20,34,143
1785682500,4 Obtain authorization code,49607,0,5.025,5,7,8,11,28,61
1785682800,5 Obtain access token,49540,0,6.193,5,7,8,15,249,475
1785682800,3 Perform authentication,49542,0,18.506,13,17,20,40,1343,1584
1785682800,1 Send request to authorize endpoint,49543,0,6.355,5,7,8,15,258,497
1785682800,2 Start Authentication Flow,49543,0,4.740,4,5,6,12,184,406
1785682800,__ALL__,247709,0,8.534,5,13,15,26,465,1584
1785682800,4 Obtain authorization code,49541,0,6.876,5,7,8,16,433,1572
1785683100,5 Obtain access token,49603,0,5.212,5,7,8,10,17,36
1785683100,3 Perform authentication,49601,0,13.297,13,17,19,25,39,67
1785683100,1 Send request to authorize endpoint,49602,0,5.332,5,7,8,11,20,36
1785683100,2 Start Authentication Flow,49603,0,4.016,4,5,6,9,15,37
1785683100,__ALL__,248010,0,6.569,5,13,15,19,31,67
1785683100,4 Obtain authorization code,49601,0,4.986,5,6,7,10,19,37
1785683400,5 Obtain access token,49722,0,6.941,5,7,8,14,393,1575
1785683400,3 Perform authentication,49722,0,18.125,12,17,19,39,1289,1584
1785683400,1 Send request to authorize endpoint,49723,0,6.347,5,7,8,15,267,606
1785683400,2 Start Authentication Flow,49722,0,4.664,4,5,6,12,175,507
1785683400,__ALL__,248611,0,8.603,5,13,15,24,477,1584
1785683400,4 Obtain authorization code,49722,0,6.938,5,7,8,15,352,749
1785683700,5 Obtain access token,49617,0,5.530,5,7,9,13,36,127
1785683700,3 Perform authentication,49617,0,14.478,13,19,24,36,112,240
1785683700,1 Send request to authorize endpoint,49617,0,5.918,5,8,11,18,40,199
1785683700,2 Start Authentication Flow,49616,0,4.333,4,6,8,12,30,159
1785683700,__ALL__,248086,0,7.187,5,13,16,26,56,240
1785683700,4 Obtain authorization code,49619,0,5.676,5,8,11,17,71,228
1785684000,5 Obtain access token,49557,0,6.176,5,7,8,17,223,1590
1785684000,3 Perform authentication,49559,0,19.096,13,18,21,48,1369,1583
1785684000,1 Send request to authorize endpoint,49557,0,6.569,5,7,9,22,259,1589
1785684000,2 Start Authentication Flow,49559,0,4.863,4,6,7,15,171,1584
1785684000,__ALL__,247791,0,8.832,5,13,16,31,494,1590
1785684000,4 Obtain authorization code,49559,0,7.453,5,7,8,25,438,1584
1785684300,5 Obtain access token,49624,0,5.270,5,7,8,11,33,105
1785684300,3 Perform authentication,49620,0,13.785,13,17,20,30,92,176
1785684300,1 Send request to authorize endpoint,49621,0,5.469,5,7,8,13,38,99
1785684300,2 Start Authentication Flow,49621,0,4.115,4,5,7,10,28,101
1785684300,__ALL__,248106,0,6.789,5,13,15,21,50,176
1785684300,4 Obtain authorization code,49620,0,5.308,5,7,8,13,57,123
1785684600,5 Obtain access token,49684,0,6.925,5,7,8,19,369,1580
1785684600,3 Perform authentication,49684,0,19.487,13,18,22,65,1369,1591
1785684600,1 Send request to authorize endpoint,49686,0,6.811,5,8,9,27,296,737
1785684600,2 Start Authentication Flow,49684,0,5.099,4,6,7,16,216,1578
1785684600,__ALL__,248422,0,9.213,5,13,16,33,554,1591
1785684600,4 Obtain authorization code,49684,0,7.742,5,7,9,31,487,993
1785684900,5 Obtain access token,49757,0,5.193,5,7,8,11,20,41
1785684900,3 Perform authentication,49760,0,13.451,13,17,20,27,47,77
1785684900,1 Send request to authorize endpoint,49755,0,5.355,5,7,8,12,21,45
1785684900,2 Start Authentication Flow,49754,0,4.020,4,5,6,9,16,35
1785684900,__ALL__,248784,0,6.627,5,13,15,20,33,77
1785684900,4 Obtain authorization code,49758,0,5.113,5,7,8,12,20,41
1785685200,5 Obtain access token,49595,0,5.862,5,7,8,14,176,589
1785685200,3 Perform authentication,49595,0,18.114,13,17,20,37,1325,1597
1785685200,1 Send request to authorize endpoint,49597,0,6.194,5,7,8,14,219,1586
1785685200,2 Start Authentication Flow,49598,0,4.642,4,5,6,11,166,380
1785685200,__ALL__,247980,0,8.254,5,13,15,24,390,1597
1785685200,4 Obtain authorization code,49595,0,6.459,5,7,8,14,337,1586
1785685500,5 Obtain access token,49611,0,5.187,5,7,8,10,19,48
1785685500,3 Perform authentication,49611,0,13.479,13,17,20,26,45,66
1785685500,1 Send request to authorize endpoint,49610,0,5.320,5,7,8,12,20,45
1785685500,2 Start Authentication Flow,49612,0,4.006,4,5,6,9,15,40
1785685500,__ALL__,248056,0,6.597,5,13,15,20,33,66
1785685500,4 Obtain authorization code,49612,0,4.994,5,7,8,11,18,41
1785685800,5 Obtain access token,49444,0,5.912,5,7,8,16,157,1777
1785685800,3 Perform authentication,49444,0,19.398,13,18,22,46,1497,1772
1785685800,1 Send request to authorize endpoint,49445,0,6.429,5,8,10,25,214,1776
1785685800,2 Start Authentication Flow,49443,0,4.866,4,6,7,15,186,1778
1785685800,__ALL__,247220,0,8.676,5,13,16,30,479,1778
1785685800,4 Obtain authorization code,49444,0,6.773,5,7,9,25,376,1778
1785686100,5 Obtain access token,49694,0,5.263,5,7,8,11,20,56
1785686100,3 Perform authentication,49693,0,13.531,13,18,20,28,44,76
1785686100,1 Send request to authorize endpoint,49693,0,5.445,5,7,9,13,24,41
1785686100,2 Start Authentication Flow,49695,0,4.058,4,5,7,9,17,37
1785686100,__ALL__,248467,0,6.685,5,13,15,21,34,76
1785686100,4 Obtain authorization code,49692,0,5.129,5,7,8,13,23,42
1785686400,5 Obtain access token,49562,0,6.055,5,7,8,14,228,538
1785686400,3 Perform authentication,49563,0,18.336,13,17,20,37,1318,1610
1785686400,1 Send request to authorize endpoint,49563,0,6.269,5,7,9,16,229,1581
1785686400,2 Start Authentication Flow,49562,0,4.649,4,5,7,12,140,1581
1785686400,__ALL__,247814,0,8.384,5,13,15,25,454,1610
1785686400,4 Obtain authorization code,49564,0,6.610,5,7,8,16,385,1578
1785686700,5 Obtain access token,49642,0,5.163,5,7,8,10,18,41
1785686700,3 Perform authentication,49641,0,13.235,13,17,19,25,43,85
1785686700,1 Send request to authorize endpoint,49641,0,5.258,5,7,8,11,21,48
1785686700,2 Start Authentication Flow,49642,0,3.938,4,5,6,8,15,49
1785686700,__ALL__,248208,0,6.504,5,13,14,19,32,85
1785686700,4 Obtain authorization code,49642,0,4.925,5,6,7,10,17,40
1785687000,5 Obtain access token,49675,0,5.957,5,7,8,14,221,1569
1785687000,3 Perform authentication,49675,0,17.488,13,17,20,36,1190,1572
1785687000,1 Send request to authorize endpoint,49677,0,6.234,5,7,8,16,231,513
1785687000,2 Start Authentication Flow,49676,0,4.743,4,5,6,11,167,1570
1785687000,__ALL__,248376,0,8.257,5,13,15,24,417,1572
1785687000,4 Obtain authorization code,49673,0,6.862,5,7,8,16,433,1570
1785687300,5 Obtain access token,49642,0,5.202,5,7,8,10,17,48
1785687300,3 Perform authentication,49643,0,13.326,13,17,19,25,41,89
1785687300,1 Send request to authorize endpoint,49642,0,5.325,5,7,8,11,19,42
1785687300,2 Start Authentication Flow,49641,0,4.019,4,5,6,9,15,40
1785687300,__ALL__,248212,0,6.577,5,13,15,19,32,89
1785687300,4 Obtain authorization code,49644,0,5.015,5,7,8,11,18,42
1785687600,5 Obtain access token,49547,0,6.502,5,7,8,14,344,615
1785687600,3 Perform authentication,49547,0,18.055,13,17,20,41,1266,1560
1785687600,1 Send request to authorize endpoint,49546,0,6.515,5,7,8,17,287,1556
1785687600,2 Start Authentication Flow,49548,0,4.830,4,5,7,12,212,561
1785687600,__ALL__,247734,0,8.632,5,13,15,25,471,1560
1785687600,4 Obtain authorization code,49546,0,7.256,5,7,8,15,452,1558
1785687900,5 Obtain access token,49699,0,5.347,5,7,8,12,30,46
1785687900,3 Perform authentication,49697,0,13.760,13,18,22,32,54,114
1785687900,1 Send request to authorize endpoint,49700,0,5.580,5,8,10,15,32,50
1785687900,2 Start Authentication Flow,49697,0,4.142,4,6,7,10,22,44
1785687900,__ALL__,248492,0,6.818,5,13,15,23,38,114
1785687900,4 Obtain authorization code,49699,0,5.263,5,7,9,14,28,45
1785688200,5 Obtain access token,49503,0,5.943,5,7,8,15,200,1575
1785688200,3 Perform authentication,49503,0,18.094,13,17,20,46,1327,1573
1785688200,1 Send request to authorize endpoint,49503,0,6.313,5,7,8,25,222,1578
1785688200,2 Start Authentication Flow,49505,0,4.707,4,5,7,14,161,1574
1785688200,__ALL__,247516,0,8.392,5,13,15,27,463,1578
1785688200,4 Obtain authorization code,49502,0,6.903,5,7,8,26,469,768
1785688500,5 Obtain access token,49641,0,6.783,5,7,8,17,367,1585
1785688500,3 Perform authentication,49642,0,19.030,13,18,21,48,1362,1598
1785688500,1 Send request to authorize endpoint,49640,0,6.734,5,7,9,23,287,1582
1785688500,2 Start Authentication Flow,49641,0,4.899,4,6,7,16,192,1582
1785688500,__ALL__,248205,0,8.962,5,13,15,30,487,1598
1785688500,4 Obtain authorization code,49641,0,7.365,5,7,8,21,360,1585
1785688800,5 Obtain access token,49556,0,5.177,5,7,8,10,18,41
1785688800,3 Perform authentication,49558,0,13.263,13,17,19,24,40,71
1785688800,1 Send request to authorize endpoint,49557,0,5.260,5,7,8,11,18,41
1785688800,2 Start Authentication Flow,49557,0,3.981,4,5,6,9,14,39
1785688800,__ALL__,247784,0,6.532,5,13,15,19,32,71
1785688800,4 Obtain authorization code,49556,0,4.980,5,6,7,10,20,45
1785689100,5 Obtain access token,49668,0,5.920,5,7,8,14,147,1535
1785689100,3 Perform authentication,49670,0,17.429,13,18,20,39,1263,1539
1785689100,1 Send request to authorize endpoint,49667,0,6.171,5,7,9,16,191,1534
1785689100,2 Start Authentication Flow,49664,0,4.615,4,6,7,12,139,1528
1785689100,__ALL__,248340,0,8.050,5,13,15,25,312,1539
1785689100,4 Obtain authorization code,49671,0,6.115,5,7,8,15,292,1534
1785689400,5 Obtain access token,49707,0,5.205,5,7,8,10,17,38
1785689400,3 Perform authentication,49701,0,13.315,13,17,19,25,40,55
1785689400,1 Send request to authorize endpoint,49707,0,5.342,5,7,8,12,21,37
1785689400,2 Start Authentication Flow,49710,0,4.022,4,5,6,9,14,36
1785689400,__ALL__,248529,0,6.583,5,13,15,19,31,55
1785689400,4 Obtain authorization code,49704,0,5.032,5,7,8,11,20,38
1785689700,5 Obtain access token,49535,0,5.722,5,7,8,14,129,328
1785689700,3 Perform authentication,49537,0,18.443,13,17,20,36,1346,1609
1785689700,1 Send request to authorize endpoint,49536,0,6.200,5,7,9,16,205,1598
1785689700,2 Start Authentication Flow,49535,0,4.602,4,6,7,12,143,1595
1785689700,__ALL__,247678,0,8.311,5,13,15,24,430,1609
1785689700,4 Obtain authorization code,49535,0,6.588,5,7,8,15,362,1596
1785690000,5 Obtain access token,49756,0,5.235,5,7,8,11,19,43
1785690000,3 Perform authentication,49754,0,13.448,13,17,20,29,44,60
1785690000,1 Send request to authorize endpoint,49756,0,5.404,5,7,8,14,24,42
1785690000,2 Start Authentication Flow,49756,0,4.068,4,6,7,10,18,36
1785690000,__ALL__,248778,0,6.654,5,13,15,21,35,60
1785690000,4 Obtain authorization code,49756,0,5.117,5,7,8,13,23,40
1785690300,5 Obtain access token,49674,0,5.758,5,7,8,14,122,1562
1785690300,3 Perform authentication,49676,0,17.878,13,18,21,39,1282,1568
1785690300,1 Send request to authorize endpoint,49673,0,6.046,5,8,9,18,157,1566
1785690300,2 Start Authentication Flow,49672,0,4.575,4,6,7,12,125,1562
1785690300,__ALL__,248371,0,8.098,5,13,15,26,327,1568
1785690300,4 Obtain authorization code,49676,0,6.232,5,7,9,17,285,1565
1785690600,5 Obtain access token,49619,0,5.218,5,7,8,11,22,46
1785690600,3 Perform authentication,49617,0,13.423,13,17,20,27,50,70
1785690600,1 Send request to authorize endpoint,49619,0,5.346,5,7,8,12,24,43
1785690600,2 Start Authentication Flow,49619,0,4.026,4,5,6,9,18,40
1785690600,__ALL__,248091,0,6.614,5,13,15,20,35,70
1785690600,4 Obtain authorization code,49617,0,5.056,5,7,8,11,22,41
1785690900,5 Obtain access token,49623,0,6.633,5,7,8,14,371,749
1785690900,3 Perform authentication,49624,0,18.204,13,17,20,42,1316,1562
1785690900,1 Send request to authorize endpoint,49623,0,6.365,5,7,8,16,263,721
1785690900,2 Start Authentication Flow,49625,0,4.758,4,5,6,13,187,1550
1785690900,__ALL__,248119,0,8.569,5,13,15,26,466,1562
1785690900,4 Obtain authorization code,49624,0,6.884,5,7,8,15,309,1552
1785691200,5 Obtain access token,49653,0,5.199,5,7,8,10,22,39
1785691200,3 Perform authentication,49655,0,13.302,12,17,19,26,53,111
1785691200,1 Send request to authorize endpoint,49653,0,5.311,5,7,8,11,23,44
1785691200,2 Start Authentication Flow,49651,0,4.013,4,5,6,9,18,47
1785691200,__ALL__,248265,0,6.573,5,13,14,20,35,111
1785691200,4 Obtain authorization code,49653,0,5.041,5,7,8,11,26,48
1785691500,5 Obtain access token,49648,0,6.033,5,7,8,14,206,560
1785691500,3 Perform authentication,49650,0,17.911,13,17,20,37,1266,1555
1785691500,1 Send request to authorize endpoint,49649,0,6.609,5,7,8,15,312,1542
1785691500,2 Start Authentication Flow,49651,0,4.873,4,5,7,12,202,543
1785691500,__ALL__,248249,0,8.577,5,13,15,25,500,1555
1785691500,4 Obtain authorization code,49651,0,7.459,5,7,8,14,555,1545
1785691800,5 Obtain access token,49581,0,5.247,5,7,8,11,18,44
1785691800,3 Perform authentication,49580,0,13.406,13,17,19,26,43,68
1785691800,1 Send request to authorize endpoint,49581,0,5.359,5,7,8,11,22,40
1785691800,2 Start Authentication Flow,49579,0,4.055,4,5,6,9,17,39
1785691800,__ALL__,247901,0,6.625,5,13,15,20,33,68
1785691800,4 Obtain authorization code,49580,0,5.058,5,7,8,10,25,37
1785692100,5 Obtain access token,49585,0,6.295,5,7,8,16,285,583
1785692100,3 Perform authentication,49583,0,18.807,13,17,19,49,1365,1619
1785692100,1 Send request to authorize endpoint,49585,0,6.369,5,7,8,18,261,1612
1785692100,2 Start Authentication Flow,49586,0,4.673,4,5,6,13,173,553
1785692100,__ALL__,247923,0,8.598,5,13,15,26,531,1619
1785692100,4 Obtain authorization code,49584,0,6.844,5,7,8,20,426,1617
1785692400,5 Obtain access token,49637,0,5.337,5,7,8,11,26,54
1785692400,3 Perform authentication,49637,0,13.826,13,18,22,31,50,101
1785692400,1 Send request to authorize endpoint,49635,0,5.577,5,8,10,15,28,44
1785692400,2 Start Authentication Flow,49636,0,4.143,4,6,7,10,19,37
1785692400,__ALL__,248181,0,6.842,5,13,15,22,38,101
1785692400,4 Obtain authorization code,49636,0,5.328,5,7,9,14,31,49
1785692700,5 Obtain access token,48188,0,22.539,5,7,9,530,2566,5624
1785692700,3 Perform authentication,48187,0,56.029,13,19,23,1453,4685,7729
1785692700,1 Send request to authorize endpoint,48189,0,35.007,5,8,10,1128,3675,7543
1785692700,2 Start Authentication Flow,48189,0,29.597,4,6,8,819,3888,8313
1785692700,__ALL__,240941,0,40.397,5,14,18,1215,4455,9642
1785692700,4 Obtain authorization code,48188,0,58.814,5,7,9,2112,5450,9642
1785693000,5 Obtain access token,48420,0,20.130,5,7,10,432,2278,5673
1785693000,3 Perform authentication,48421,0,49.923,13,19,24,1353,4055,7524
1785693000,1 Send request to authorize endpoint,48421,0,33.611,5,8,10,1019,3641,7643
1785693000,2 Start Authentication Flow,48421,0,28.247,4,6,8,819,3511,9349
1785693000,__ALL__,242103,0,37.212,5,14,18,1111,3989,9349
1785693000,4 Obtain authorization code,48420,0,54.149,5,7,10,1914,5154,8830
1785693300,5 Obtain access token,48394,0,22.702,5,8,11,479,2525,6333
1785693300,3 Perform authentication,48394,0,55.442,13,20,28,1463,3962,8590
1785693300,1 Send request to authorize endpoint,48391,0,35.078,5,8,13,1055,3504,5886
1785693300,2 Start Authentication Flow,48389,0,28.416,4,6,9,818,3418,7327
1785693300,__ALL__,241962,0,39.642,5,14,20,1164,3955,8597
1785693300,4 Obtain authorization code,48394,0,56.573,5,8,12,1973,5243,8597
1785693600,5 Obtain access token,48540,0,21.649,5,7,9,522,2364,7667
1785693600,3 Perform authentication,48539,0,49.625,13,19,23,1312,4238,7951
1785693600,1 Send request to authorize endpoint,48542,0,33.054,5,8,10,962,3537,8284
1785693600,2 Start Authentication Flow,48543,0,28.629,4,6,8,797,3705,6418
1785693600,__ALL__,242704,0,37.693,5,14,18,1099,4206,8712
1785693600,4 Obtain authorization code,48540,0,55.509,5,7,9,2010,5452,8712
1785693900,5 Obtain access token,48910,0,11.526,5,7,9,173,1106,2984
1785693900,3 Perform authentication,49201,0,33.577,13,19,24,782,2178,4433
1785693900,1 Send request to authorize endpoint,48800,0,14.591,5,8,10,199,1862,3662
1785693900,2 Start Authentication Flow,48699,0,10.787,4,6,7,102,1607,3123
1785693900,__ALL__,244589,0,18.641,5,14,17,310,1964,4689
1785693900,4 Obtain authorization code,48979,0,22.585,5,7,10,504,2651,4689
1785694200,5 Obtain access token,49139,0,15.072,5,7,8,132,2109,5900
1785694200,3 Perform authentication,48848,0,34.206,13,18,20,96,4022,9028
1785694200,1 Send request to authorize endpoint,49250,0,23.727,5,7,9,360,3389,7921
1785694200,2 Start Authentication Flow,49351,0,20.618,4,6,7,281,3247,9121
1785694200,__ALL__,245657,0,26.174,5,13,16,292,3977,9121
1785694200,4 Obtain authorization code,49069,0,37.337,5,7,8,1045,5199,8820
1785694500,5 Obtain access token,49588,0,5.773,5,7,8,13,141,1580
1785694500,3 Perform authentication,49588,0,18.270,13,18,21,36,1324,1572
1785694500,1 Send request to authorize endpoint,49586,0,6.088,5,7,9,15,190,432
1785694500,2 Start Authentication Flow,49586,0,4.679,4,6,7,11,139,1579
1785694500,__ALL__,247937,0,8.249,5,13,15,25,383,1580
1785694500,4 Obtain authorization code,49589,0,6.433,5,7,8,15,324,648
1785694800,5 Obtain access token,49658,0,5.282,5,7,8,11,16,44
1785694800,3 Perform authentication,49658,0,13.631,13,17,20,25,41,72
1785694800,1 Send request to authorize endpoint,49660,0,5.383,5,7,8,11,19,46
1785694800,2 Start Authentication Flow,49660,0,4.082,4,5,6,9,14,35
1785694800,__ALL__,248293,0,6.701,5,13,15,20,32,72
1785694800,4 Obtain authorization code,49657,0,5.129,5,7,8,10,17,40
1785695100,5 Obtain access token,49622,0,6.059,5,7,9,15,198,1547
1785695100,3 Perform authentication,49621,0,18.209,13,19,23,42,1236,1547
1785695100,1 Send request to authorize endpoint,49620,0,6.497,5,8,10,20,211,1548
1785695100,2 Start Authentication Flow,49621,0,4.768,4,6,7,13,143,1549
1785695100,__ALL__,248106,0,8.566,5,13,16,29,451,1549
1785695100,4 Obtain authorization code,49622,0,7.299,5,7,10,20,477,1549
1785695400,5 Obtain access token,49657,0,5.317,5,7,8,11,17,39
1785695400,3 Perform authentication,49660,0,13.741,13,18,20,27,41,68
1785695400,1 Send request to authorize endpoint,49659,0,5.466,5,7,9,13,22,39
1785695400,2 Start Authentication Flow,49659,0,4.123,4,6,7,9,16,39
1785695400,__ALL__,248292,0,6.759,5,13,15,20,32,68
1785695400,4 Obtain authorization code,49657,0,5.149,5,7,8,11,20,36
1785695700,5 Obtain access token,49589,0,6.089,5,7,8,14,239,587
1785695700,3 Perform authentication,49588,0,18.379,13,17,20,41,1326,1565
1785695700,1 Send request to authorize endpoint,49588,0,6.315,5,7,8,16,251,549
1785695700,2 Start Authentication Flow,49586,0,4.761,4,5,6,13,181,1554
1785695700,__ALL__,247941,0,8.587,5,13,15,26,516,1565
1785695700,4 Obtain authorization code,49590,0,7.392,5,7,8,15,558,1557
1785696000,5 Obtain access token,49506,0,5.226,5,7,8,11,18,41
1785696000,3 Perform authentication,49506,0,13.593,13,17,20,27,41,60
1785696000,1 Send request to authorize endpoint,49507,0,5.350,5,7,8,12,20,39
1785696000,2 Start Authentication Flow,49506,0,4.016,4,5,6,9,16,37
1785696000,__ALL__,247530,0,6.650,5,13,15,20,32,60
1785696000,4 Obtain authorization code,49505,0,5.066,5,7,8,11,22,36
1785696300,5 Obtain access token,49559,0,5.773,5,7,8,13,130,1575
1785696300,3 Perform authentication,49559,0,17.857,13,17,20,36,1318,1577
1785696300,1 Send request to authorize endpoint,49554,0,6.071,5,7,8,14,196,1569
1785696300,2 Start Authentication Flow,49557,0,4.568,4,5,6,11,139,357
1785696300,__ALL__,247788,0,8.116,5,13,15,23,371,1577
1785696300,4 Obtain authorization code,49559,0,6.309,5,7,8,13,312,583
1785696600,5 Obtain access token,49640,0,5.277,5,7,8,10,20,87
1785696600,3 Perform authentication,49642,0,13.556,13,17,19,25,45,108
1785696600,1 Send request to authorize endpoint,49644,0,5.325,5,7,8,11,19,89
1785696600,2 Start Authentication Flow,49643,0,4.026,4,5,6,9,16,87
1785696600,__ALL__,248210,0,6.646,5,13,15,20,33,108
1785696600,4 Obtain authorization code,49641,0,5.044,5,7,7,10,18,85
1785696900,5 Obtain access token,49515,0,6.480,5,7,8,19,308,1594
1785696900,3 Perform authentication,49515,0,18.957,13,18,21,52,1345,1602
1785696900,1 Send request to authorize endpoint,49514,0,6.537,5,7,9,23,265,528
1785696900,2 Start Authentication Flow,49514,0,4.910,4,6,7,18,187,1593
1785696900,__ALL__,247574,0,8.896,5,13,16,32,489,1602
1785696900,4 Obtain authorization code,49516,0,7.595,5,7,8,24,452,1591
1785697200,5 Obtain access token,49626,0,5.260,5,7,8,11,18,43
1785697200,3 Perform authentication,49622,0,13.591,13,17,20,26,45,107
1785697200,1 Send request to authorize endpoint,49628,0,5.371,5,7,8,11,22,51
1785697200,2 Start Authentication Flow,49626,0,4.068,4,5,6,9,15,42
1785697200,__ALL__,248126,0,6.672,5,13,15,20,33,107
1785697200,4 Obtain authorization code,49624,0,5.069,5,7,8,10,19,37
1785697500,5 Obtain access token,49491,0,6.103,5,7,9,16,239,552
1785697500,3 Perform authentication,49493,0,18.882,13,19,23,46,1356,1591
1785697500,1 Send request to authorize endpoint,49489,0,6.535,5,8,10,22,228,518
1785697500,2 Start Authentication Flow,49491,0,4.948,4,6,7,15,187,1577
1785697500,__ALL__,247457,0,8.876,5,13,16,31,571,1591
1785697500,4 Obtain authorization code,49493,0,7.914,5,7,10,22,617,1580
1785697800,5 Obtain access token,49645,0,5.245,5,7,8,11,24,43
1785697800,3 Perform authentication,49644,0,13.434,13,17,19,26,50,90
1785697800,1 Send request to authorize endpoint,49646,0,5.361,5,7,8,11,21,38
1785697800,2 Start Authentication Flow,49646,0,4.049,4,5,6,9,17,35
1785697800,__ALL__,248225,0,6.631,5,13,15,19,33,90
1785697800,4 Obtain authorization code,49644,0,5.067,5,7,7,10,23,49
1785698100,5 Obtain access token,49546,0,6.382,5,7,8,17,299,1600
1785698100,3 Perform authentication,49548,0,18.855,13,17,20,52,1395,1602
1785698100,1 Send request to authorize endpoint,49547,0,6.468,5,7,8,19,266,571
1785698100,2 Start Authentication Flow,49547,0,4.907,4,5,6,15,198,1598
1785698100,__ALL__,247735,0,8.883,5,13,15,29,584,1602
1785698100,4 Obtain authorization code,49547,0,7.801,5,7,8,23,601,1017
1785698400,5 Obtain access token,49570,0,5.189,5,7,8,10,18,37
1785698400,3 Perform authentication,49572,0,13.332,13,17,20,26,42,62
1785698400,1 Send request to authorize endpoint,49567,0,5.327,5,7,8,12,20,38
1785698400,2 Start Authentication Flow,49568,0,4.015,4,5,6,9,16,38
1785698400,__ALL__,247847,0,6.584,5,13,15,20,32,62
1785698400,4 Obtain authorization code,49570,0,5.057,5,7,8,11,22,36
1785698700,5 Obtain access token,49577,0,6.101,5,7,8,14,264,498
1785698700,3 Perform authentication,49573,0,17.981,12,17,19,35,1334,1566
1785698700,1 Send request to authorize endpoint,49580,0,6.099,5,7,8,14,227,1558
1785698700,2 Start Authentication Flow,49578,0,4.566,4,5,6,11,141,1562
1785698700,__ALL__,247883,0,8.227,5,13,15,23,395,1566
1785698700,4 Obtain authorization code,49575,0,6.390,5,6,8,13,271,1559
1785699000,5 Obtain access token,49859,0,5.224,5,7,8,11,20,48
1785699000,3 Perform authentication,49859,0,13.428,13,17,20,27,47,79
1785699000,1 Send request to authorize endpoint,49859,0,5.346,5,7,8,12,21,41
1785699000,2 Start Authentication Flow,49860,0,4.037,4,5,6,9,17,40
1785699000,__ALL__,249297,0,6.619,5,13,15,20,34,79
1785699000,4 Obtain authorization code,49860,0,5.060,5,7,8,11,20,42
1785699300,5 Obtain access token,49502,0,6.651,5,7,8,13,375,600
1785699300,3 Perform authentication,49503,0,18.267,13,17,19,35,1281,1593
1785699300,1 Send request to authorize endpoint,49502,0,6.472,5,7,8,14,302,517
1785699300,2 Start Authentication Flow,49503,0,4.754,4,5,6,11,178,1581
1785699300,__ALL__,247511,0,8.592,5,13,15,24,469,1593
1785699300,4 Obtain authorization code,49501,0,6.815,5,7,8,13,306,910
1785699600,5 Obtain access token,49695,0,5.249,5,7,8,11,21,47
1785699600,3 Perform authentication,49693,0,13.466,13,17,20,27,45,69
1785699600,1 Send request to authorize endpoint,49693,0,5.390,5,7,8,12,24,47
1785699600,2 Start Authentication Flow,49692,0,4.051,4,5,6,9,17,36
1785699600,__ALL__,248468,0,6.652,5,13,15,20,34,69
1785699600,4 Obtain authorization code,49695,0,5.106,5,7,8,11,22,40
1785699900,5 Obtain access token,49699,0,5.638,5,7,8,13,110,1548
1785699900,3 Perform authentication,49700,0,17.409,13,17,20,35,1221,1560
1785699900,1 Send request to authorize endpoint,49701,0,6.016,5,7,9,16,177,1550
1785699900,2 Start Authentication Flow,49701,0,4.609,4,5,7,11,150,1552
1785699900,__ALL__,248500,0,7.971,5,13,15,24,311,1560
1785699900,4 Obtain authorization code,49699,0,6.183,5,7,8,15,291,1551
1785700200,5 Obtain access token,49755,0,5.241,5,7,8,11,18,38
1785700200,3 Perform authentication,49756,0,13.367,13,17,20,28,40,57
1785700200,1 Send request to authorize endpoint,49754,0,5.431,5,7,9,14,22,37
1785700200,2 Start Authentication Flow,49755,0,4.062,4,5,7,9,15,34
1785700200,__ALL__,248776,0,6.650,5,13,15,20,33,57
1785700200,4 Obtain authorization code,49756,0,5.150,5,7,8,13,20,37
1785700500,5 Obtain access token,49478,0,7.351,5,7,8,30,457,729
1785700500,3 Perform authentication,49478,0,19.136,13,17,20,135,1323,1584
1785700500,1 Send request to authorize endpoint,49479,0,6.970,5,7,8,41,324,1577
1785700500,2 Start Authentication Flow,49479,0,5.082,4,5,7,29,202,1582
1785700500,__ALL__,247392,0,9.308,5,13,15,48,544,1584
1785700500,4 Obtain authorization code,49478,0,7.999,5,7,8,87,381,1582
1785700800,5 Obtain access token,48882,0,15.095,5,8,11,302,1353,3529
1785700800,3 Perform authentication,48883,0,36.497,13,19,31,817,2558,5844
1785700800,1 Send request to authorize endpoint,48880,0,24.287,5,8,13,687,2160,4943
1785700800,2 Start Authentication Flow,48879,0,21.096,4,6,9,636,2005,6621
1785700800,__ALL__,244407,0,26.640,5,14,19,707,2476,6621
1785700800,4 Obtain authorization code,48883,0,36.225,5,8,13,1207,3123,5940
1785701100,5 Obtain access token,48665,0,16.741,5,8,12,350,1562,4250
1785701100,3 Perform authentication,48663,0,42.915,13,19,35,1035,2555,6039
1785701100,1 Send request to authorize endpoint,48665,0,27.503,5,8,14,754,2399,4424
1785701100,2 Start Authentication Flow,48666,0,24.050,4,6,11,664,2370,4790
1785701100,__ALL__,243323,0,30.405,5,15,22,826,2559,6580
1785701100,4 Obtain authorization code,48664,0,40.818,5,8,14,1300,3028,6580
1785701400,5 Obtain access token,48882,0,15.432,5,8,11,323,1387,3842
1785701400,3 Perform authentication,48883,0,36.954,13,19,30,850,2396,6128
1785701400,1 Send request to authorize endpoint,48883,0,24.565,5,8,13,698,2209,4849
1785701400,2 Start Authentication Flow,48882,0,21.081,4,6,9,640,2120,3825
1785701400,__ALL__,244412,0,26.783,5,14,20,733,2319,6935
1785701400,4 Obtain authorization code,48882,0,35.881,5,8,12,1181,2905,6935
1785701700,5 Obtain access token,48745,0,17.068,5,8,16,363,1462,3930
1785701700,3 Perform authentication,48745,0,42.244,13,21,50,1000,2365,5414
1785701700,1 Send request to authorize endpoint,48744,0,26.853,5,9,22,749,2307,4832
1785701700,2 Start Authentication Flow,48744,0,22.844,4,7,15,634,2235,4988
1785701700,__ALL__,243722,0,29.969,5,15,26,793,2530,5455
1785701700,4 Obtain authorization code,48744,0,40.838,5,8,26,1251,3424,5455
1785702000,5 Obtain access token,49557,0,5.715,5,7,8,20,100,546
1785702000,3 Perform authentication,49610,0,15.002,13,18,22,64,219,480
1785702000,1 Send request to authorize endpoint,49522,0,6.151,5,7,9,29,146,723
1785702000,2 Start Authentication Flow,49505,0,4.569,4,6,7,18,116,351
1785702000,__ALL__,247763,0,7.550,5,13,16,34,179,723
1785702000,4 Obtain authorization code,49569,0,6.301,5,7,9,32,262,562
1785702300,5 Obtain access token,49085,0,12.650,5,7,9,247,1029,2903
1785702300,3 Perform authentication,49031,0,32.845,13,18,21,779,1778,3545
1785702300,1 Send request to authorize endpoint,49120,0,19.775,5,7,9,549,1596,3371
1785702300,2 Start Authentication Flow,49137,0,17.356,4,6,7,524,1564,4489
1785702300,__ALL__,245447,0,22.221,5,14,17,594,1809,4551
1785702300,4 Obtain authorization code,49074,0,28.501,5,7,9,930,2503,4551
1785702600,5 Obtain access token,49042,0,13.526,5,8,12,262,1069,2430
1785702600,3 Perform authentication,49044,0,31.166,13,20,34,628,1814,3690
1785702600,1 Send request to authorize endpoint,49043,0,20.423,5,9,15,552,1657,4486
1785702600,2 Start Authentication Flow,49042,0,17.761,4,6,10,510,1609,4132
1785702600,__ALL__,245214,0,22.437,5,14,20,570,1837,4486
1785702600,4 Obtain authorization code,49043,0,29.308,5,8,14,913,2422,4047
1785702900,5 Obtain access token,49012,0,12.776,5,8,13,240,843,2207
1785702900,3 Perform authentication,49009,0,32.810,13,21,38,685,1525,3132
1785702900,1 Send request to authorize endpoint,49012,0,19.421,5,9,16,498,1431,3102
1785702900,2 Start Authentication Flow,49012,0,16.491,4,7,11,422,1458,3054
1785702900,__ALL__,245055,0,21.593,5,15,22,528,1555,3132
1785702900,4 Obtain authorization code,49010,0,26.470,5,8,16,788,1922,3094
1785703200,5 Obtain access token,48962,0,13.601,5,7,10,276,1096,2658
1785703200,3 Perform authentication,48963,0,32.614,13,19,27,685,1957,4432
1785703200,1 Send request to authorize endpoint,48956,0,21.412,5,8,11,615,1869,3183
1785703200,2 Start Authentication Flow,48956,0,18.068,4,6,9,524,1686,3588
1785703200,__ALL__,244799,0,23.216,5,14,19,604,1938,6078
1785703200,4 Obtain authorization code,48962,0,30.384,5,7,11,999,2527,6078
1785703500,5 Obtain access token,48809,0,16.215,5,8,20,341,1097,2537
1785703500,3 Perform authentication,48809,0,39.917,13,21,74,840,1811,3374
1785703500,1 Send request to authorize endpoint,48816,0,25.759,5,9,34,629,1815,3098
1785703500,2 Start Authentication Flow,48813,0,22.412,4,7,22,591,1642,2565
1785703500,__ALL__,244056,0,28.444,5,15,35,692,1891,4450
1785703500,4 Obtain authorization code,48809,0,37.916,5,9,45,1031,2529,4450
1785703800,5 Obtain access token,48939,0,13.708,5,8,12,275,1130,2824
1785703800,3 Perform authentication,48942,0,32.426,13,20,34,671,1911,4379
1785703800,1 Send request to authorize endpoint,48936,0,21.764,5,8,14,585,1769,3809
1785703800,2 Start Authentication Flow,48940,0,19.235,4,6,10,550,1753,5074
1785703800,__ALL__,244698,0,23.579,5,15,21,602,1931,5074
1785703800,4 Obtain authorization code,48941,0,30.762,5,8,14,969,2594,4312
1785704100,5 Obtain access token,49009,0,14.318,5,8,14,274,1139,2724
1785704100,3 Perform authentication,49007,0,36.038,13,20,46,775,1792,3641
1785704100,1 Send request to authorize endpoint,49009,0,21.248,5,8,19,535,1640,3213
1785704100,2 Start Authentication Flow,49010,0,18.223,4,6,13,481,1749,4766
1785704100,__ALL__,245042,0,24.121,5,15,23,596,1826,4766
1785704100,4 Obtain authorization code,49007,0,30.777,5,8,21,913,2343,3992
1785704400,5 Obtain access token,49734,0,5.623,5,7,9,17,47,100
1785704400,3 Perform authentication,49733,0,14.908,13,19,23,53,118,204
1785704400,1 Send request to authorize endpoint,49736,0,6.012,5,8,10,24,75,148
1785704400,2 Start Authentication Flow,49736,0,4.459,4,6,7,17,57,134
1785704400,__ALL__,248673,0,7.364,5,14,16,30,90,214
1785704400,4 Obtain authorization code,49734,0,5.818,5,7,9,26,96,214
1785704700,5 Obtain access token,49004,0,13.128,5,7,10,246,1031,2508
1785704700,3 Perform authentication,49006,0,34.904,13,18,23,791,1790,4497
1785704700,1 Send request to authorize endpoint,49003,0,19.819,5,8,10,513,1498,4676
1785704700,2 Start Authentication Flow,49000,0,17.081,4,6,8,477,1510,2920
1785704700,__ALL__,245019,0,22.714,5,14,18,576,1706,4676
1785704700,4 Obtain authorization code,49006,0,28.638,5,7,9,886,2127,3419
1785705000,5 Obtain access token,49149,0,11.870,5,8,15,192,840,1611
1785705000,3 Perform authentication,49147,0,30.786,13,21,48,547,1463,3428
1785705000,1 Send request to authorize endpoint,49149,0,18.011,5,9,21,394,1267,2953
1785705000,2 Start Authentication Flow,49151,0,15.195,4,7,14,339,1198,3381
1785705000,__ALL__,245744,0,20.249,5,15,26,433,1387,3428
1785705000,4 Obtain authorization code,49148,0,25.382,5,8,23,699,1748,3161
1785705300,5 Obtain access token,49182,0,10.228,5,8,17,156,466,1601
1785705300,3 Perform authentication,49183,0,28.876,13,21,61,459,1314,1606
1785705300,1 Send request to authorize endpoint,49183,0,13.757,5,9,27,261,719,1599
1785705300,2 Start Authentication Flow,49181,0,11.303,4,7,17,218,738,1597
1785705300,__ALL__,245910,0,16.659,5,15,28,303,954,2156
1785705300,4 Obtain authorization code,49181,0,19.132,5,8,32,453,1052,2156
1785705600,5 Obtain access token,49154,0,12.222,5,8,15,212,828,1707
1785705600,3 Perform authentication,49154,0,30.025,13,21,46,511,1395,3178
1785705600,1 Send request to authorize endpoint,49154,0,17.972,5,9,20,391,1220,3533
1785705600,2 Start Authentication Flow,49156,0,15.029,4,7,13,344,1206,2543
1785705600,__ALL__,245772,0,20.174,5,15,25,429,1335,3533
1785705600,4 Obtain authorization code,49154,0,25.623,5,8,22,692,1743,3346
1785705900,5 Obtain access token,49499,0,6.670,5,7,8,17,355,547
1785705900,3 Perform authentication,49498,0,18.988,13,18,21,48,1314,1557
1785705900,1 Send request to authorize endpoint,49500,0,6.645,5,7,9,24,286,595
1785705900,2 Start Authentication Flow,49500,0,4.764,4,6,7,16,171,340
1785705900,__ALL__,247497,0,8.871,5,13,16,32,427,1565
1785705900,4 Obtain authorization code,49500,0,7.289,5,7,8,23,337,1565
1785706200,5 Obtain access token,49571,0,5.310,5,7,8,11,20,180
1785706200,3 Perform authentication,49574,0,13.929,13,18,21,29,67,232
1785706200,1 Send request to authorize endpoint,49570,0,5.506,5,7,9,13,25,188
1785706200,2 Start Authentication Flow,49571,0,4.127,4,6,7,10,19,191
1785706200,__ALL__,247858,0,6.835,5,13,15,21,36,232
1785706200,4 Obtain authorization code,49572,0,5.303,5,7,8,13,29,187
1785706500,5 Obtain access token,49525,0,5.977,5,7,8,14,179,1586
1785706500,3 Perform authentication,49522,0,18.260,13,17,20,38,1273,1598
1785706500,1 Send request to authorize endpoint,49526,0,6.306,5,7,8,15,215,515
1785706500,2 Start Authentication Flow,49523,0,4.751,4,5,7,12,185,1583
1785706500,__ALL__,247619,0,8.565,5,13,15,25,510,1598
1785706500,4 Obtain authorization code,49523,0,7.533,5,7,8,14,538,827
1785706800,5 Obtain access token,49695,0,5.266,5,7,8,11,20,42
1785706800,3 Perform authentication,49696,0,13.593,13,17,20,28,42,84
1785706800,1 Send request to authorize endpoint,49692,0,5.414,5,7,8,12,21,43
1785706800,2 Start Authentication Flow,49695,0,4.092,4,6,7,9,17,37
1785706800,__ALL__,248473,0,6.715,5,13,15,20,33,84
1785706800,4 Obtain authorization code,49695,0,5.209,5,7,8,12,25,43
1785707100,5 Obtain access token,49623,0,5.573,5,7,8,13,104,302
1785707100,3 Perform authentication,49621,0,17.980,13,17,20,35,1353,1579
1785707100,1 Send request to authorize endpoint,49624,0,5.937,5,7,8,13,173,408
1785707100,2 Start Authentication Flow,49624,0,4.570,4,5,6,11,138,1566
1785707100,__ALL__,248115,0,8.071,5,13,15,23,355,1579
1785707100,4 Obtain authorization code,49623,0,6.295,5,7,8,13,301,1565
1785707400,5 Obtain access token,49628,0,5.249,5,7,8,11,21,42
1785707400,3 Perform authentication,49633,0,13.601,13,17,20,29,47,60
1785707400,1 Send request to authorize endpoint,49628,0,5.413,5,7,8,13,31,40
1785707400,2 Start Authentication Flow,49627,0,4.069,4,5,6,9,18,36
1785707400,__ALL__,248145,0,6.698,5,13,15,20,36,60
1785707400,4 Obtain authorization code,49629,0,5.158,5,7,8,12,27,41
1785707700,5 Obtain access token,49615,0,5.832,5,7,8,15,149,1573
1785707700,3 Perform authentication,49610,0,18.389,13,17,20,42,1314,1579
1785707700,1 Send request to authorize endpoint,49616,0,6.171,5,7,8,16,208,514
1785707700,2 Start Authentication Flow,49614,0,4.816,4,5,6,12,192,1576
1785707700,__ALL__,248069,0,8.339,5,13,15,25,406,1579
1785707700,4 Obtain authorization code,49614,0,6.489,5,7,8,15,351,601
1785708000,5 Obtain access token,49676,0,5.216,5,7,8,10,18,39
1785708000,3 Perform authentication,49678,0,13.495,13,17,19,26,40,63
1785708000,1 Send request to authorize endpoint,49676,0,5.323,5,7,8,11,19,41
1785708000,2 Start Authentication Flow,49679,0,4.032,4,5,6,9,15,40
1785708000,__ALL__,248387,0,6.629,5,13,15,20,31,63
1785708000,4 Obtain authorization code,49678,0,5.081,5,7,8,10,19,42
1785708300,5 Obtain access token,49569,0,5.867,5,7,8,14,159,1532
1785708300,3 Perform authentication,49571,0,17.850,13,18,21,38,1244,1541
1785708300,1 Send request to authorize endpoint,49569,0,6.133,5,7,9,17,179,1533
1785708300,2 Start Authentication Flow,49569,0,4.565,4,5,7,12,149,358
1785708300,__ALL__,247846,0,8.300,5,13,15,26,460,1541
1785708300,4 Obtain authorization code,49568,0,7.083,5,7,8,16,492,758
1785708600,5 Obtain access token,49757,0,5.216,5,7,8,10,19,44
1785708600,3 Perform authentication,49756,0,13.340,13,17,19,25,38,55
1785708600,1 Send request to authorize endpoint,49755,0,5.332,5,7,8,11,19,38
1785708600,2 Start Authentication Flow,49755,0,4.006,4,5,6,9,12,36
1785708600,__ALL__,248781,0,6.590,5,13,15,19,31,55
1785708600,4 Obtain authorization code,49758,0,5.057,5,7,7,10,17,40
1785708900,5 Obtain access token,49789,0,6.050,5,7,8,17,232,1599
1785708900,3 Perform authentication,49787,0,18.640,13,17,20,49,1372,1601
1785708900,1 Send request to authorize endpoint,49791,0,6.302,5,7,8,19,220,1599
1785708900,2 Start Authentication Flow,49789,0,4.866,4,5,6,15,204,1595
1785708900,__ALL__,248943,0,8.691,5,13,15,26,569,1601
1785708900,4 Obtain authorization code,49787,0,7.596,5,7,8,21,571,904
1785709200,5 Obtain access token,49767,0,5.392,5,7,8,12,22,41
1785709200,3 Perform authentication,49769,0,14.017,13,19,22,31,48,76
1785709200,1 Send request to authorize endpoint,49768,0,5.620,5,8,10,15,26,46
1785709200,2 Start Authentication Flow,49769,0,4.188,4,6,7,10,18,37
1785709200,__ALL__,248843,0,6.922,5,13,15,22,37,76
1785709200,4 Obtain authorization code,49770,0,5.393,5,7,9,15,31,42
1785709500,5 Obtain access token,49560,0,6.441,5,7,8,16,319,510
1785709500,3 Perform authentication,49560,0,18.225,13,17,20,50,1262,1546
1785709500,1 Send request to authorize endpoint,49560,0,6.347,5,7,8,19,219,1532
1785709500,2 Start Authentication Flow,49561,0,4.716,4,5,6,14,149,1537
1785709500,__ALL__,247799,0,8.443,5,13,15,27,361,1546
1785709500,4 Obtain authorization code,49558,0,6.486,5,7,8,25,246,519
1785709800,5 Obtain access token,49449,0,6.226,5,7,8,28,192,928
1785709800,3 Perform authentication,49449,0,16.311,13,18,21,104,479,1246
1785709800,1 Send request to authorize endpoint,49448,0,6.779,5,7,9,39,284,1009
1785709800,2 Start Authentication Flow,49447,0,5.149,4,6,7,29,206,856
1785709800,__ALL__,247244,0,8.452,5,13,16,47,369,1246
1785709800,4 Obtain authorization code,49451,0,7.795,5,7,8,75,558,1053
1785710100,5 Obtain access token,49597,0,6.601,5,7,8,18,343,761
1785710100,3 Perform authentication,49596,0,18.456,13,17,20,57,1271,1571
1785710100,1 Send request to authorize endpoint,49596,0,6.426,5,7,8,23,261,500
1785710100,2 Start Authentication Flow,49595,0,4.912,4,5,7,16,187,1561
1785710100,__ALL__,247979,0,8.693,5,13,15,30,437,1571
1785710100,4 Obtain authorization code,49595,0,7.068,5,7,8,22,335,846
1785710400,5 Obtain access token,49512,0,5.167,5,7,8,10,16,39
1785710400,3 Perform authentication,49515,0,13.318,13,17,19,25,41,66
1785710400,1 Send request to authorize endpoint,49513,0,5.274,5,7,8,11,18,38
1785710400,2 Start Authentication Flow,49515,0,3.990,4,5,6,9,15,40
1785710400,__ALL__,247568,0,6.549,5,13,15,19,31,66
1785710400,4 Obtain authorization code,49513,0,4.998,5,6,7,10,17,37
1785710700,5 Obtain access token,49570,0,5.863,5,7,8,15,166,1564
1785710700,3 Perform authentication,49567,0,18.390,13,18,20,41,1288,1575
1785710700,1 Send request to authorize endpoint,49570,0,6.451,5,7,8,19,251,1565
1785710700,2 Start Authentication Flow,49569,0,4.909,4,6,7,13,209,1568
1785710700,__ALL__,247846,0,8.497,5,13,15,27,447,1575
1785710700,4 Obtain authorization code,49570,0,6.872,5,7,8,17,390,1567
1785711000,5 Obtain access token,49688,0,5.194,5,7,8,10,16,41
1785711000,3 Perform authentication,49687,0,13.301,13,17,19,25,42,86
1785711000,1 Send request to authorize endpoint,49688,0,5.320,5,7,8,11,21,44
1785711000,2 Start Authentication Flow,49686,0,4.011,4,5,6,9,14,40
1785711000,__ALL__,248435,0,6.568,5,13,15,19,32,86
1785711000,4 Obtain authorization code,49686,0,5.016,5,7,7,10,15,38
1785711300,5 Obtain access token,49583,0,5.750,5,7,8,13,140,1559
1785711300,3 Perform authentication,49584,0,17.698,13,17,20,39,1250,1566
1785711300,1 Send request to authorize endpoint,49583,0,6.021,5,7,8,14,176,1563
1785711300,2 Start Authentication Flow,49584,0,4.623,4,5,7,12,140,1564
1785711300,__ALL__,247918,0,8.074,5,13,15,24,338,1566
1785711300,4 Obtain authorization code,49584,0,6.280,5,7,8,15,306,602
1785711600,5 Obtain access token,49444,0,9.044,5,7,9,92,814,2276
1785711600,3 Perform authentication,49445,0,23.819,13,18,21,376,1590,2919
1785711600,1 Send request to authorize endpoint,49444,0,11.225,5,7,9,170,1104,2278
1785711600,2 Start Authentication Flow,49445,0,8.689,4,6,7,126,960,2522
1785711600,__ALL__,247222,0,13.863,5,13,16,204,1330,3309
1785711600,4 Obtain authorization code,49444,0,16.538,5,7,9,406,1804,3309
1785711900,5 Obtain access token,49319,0,8.304,5,7,9,101,472,1859
1785711900,3 Perform authentication,49320,0,25.330,13,18,21,474,1443,2259
1785711900,1 Send request to authorize endpoint,49320,0,10.229,5,7,9,162,803,2173
1785711900,2 Start Authentication Flow,49320,0,7.821,4,6,7,120,635,2295
1785711900,__ALL__,246599,0,13.261,5,13,16,205,1137,2673
1785711900,4 Obtain authorization code,49320,0,14.619,5,7,8,323,1287,2673
1785712200,5 Obtain access token,49273,0,9.464,5,7,9,105,851,2540
1785712200,3 Perform authentication,49271,0,26.273,13,18,22,450,1772,3567
1785712200,1 Send request to authorize endpoint,49272,0,12.560,5,8,10,217,1227,2423
1785712200,2 Start Authentication Flow,49272,0,9.709,4,6,7,157,1035,2792
1785712200,__ALL__,246361,0,15.427,5,14,16,248,1530,3567
1785712200,4 Obtain authorization code,49273,0,19.127,5,7,9,487,1994,3193
1785712500,5 Obtain access token,49056,0,13.389,5,9,21,232,879,2420
1785712500,3 Perform authentication,49055,0,35.774,13,22,73,709,1567,3010
1785712500,1 Send request to authorize endpoint,49054,0,19.788,5,10,31,439,1304,2556
1785712500,2 Start Authentication Flow,49054,0,16.440,4,7,21,383,1255,2897
1785712500,__ALL__,245274,0,22.649,5,16,33,496,1504,3713
1785712500,4 Obtain authorization code,49055,0,27.852,5,9,42,750,1862,3713
1785712800,5 Obtain access token,49842,0,5.260,5,7,8,11,22,46
1785712800,3 Perform authentication,49848,0,13.677,13,18,20,27,46,100
1785712800,1 Send request to authorize endpoint,49845,0,5.391,5,7,8,11,24,61
1785712800,2 Start Authentication Flow,49844,0,4.057,4,5,6,9,17,40
1785712800,__ALL__,249223,0,6.716,5,13,15,20,34,100
1785712800,4 Obtain authorization code,49844,0,5.195,5,7,8,10,22,63
1785713100,5 Obtain access token,49093,0,11.450,5,8,15,207,581,1563
1785713100,3 Perform authentication,49094,0,29.906,13,19,49,512,1357,2275
1785713100,1 Send request to authorize endpoint,49093,0,15.967,5,8,20,328,1039,1992
1785713100,2 Start Authentication Flow,49090,0,12.709,4,6,14,268,845,2490
1785713100,__ALL__,245466,0,18.519,5,15,24,372,1154,3226
1785713100,4 Obtain authorization code,49096,0,22.564,5,8,27,557,1366,3226
1785713400,5 Obtain access token,49230,0,10.909,5,8,11,171,678,1804
1785713400,3 Perform authentication,49224,0,28.001,13,20,30,476,1236,2598
1785713400,1 Send request to authorize endpoint,49230,0,16.158,5,8,13,357,1046,2573
1785713400,2 Start Authentication Flow,49233,0,13.589,4,6,10,306,1046,2436
1785713400,__ALL__,246143,0,18.331,5,15,20,389,1175,3141
1785713400,4 Obtain authorization code,49226,0,22.998,5,8,13,605,1540,3141
1785713700,5 Obtain access token,49287,0,10.221,5,8,13,162,482,1276
1785713700,3 Perform authentication,49287,0,27.839,13,19,40,428,1374,1965
1785713700,1 Send request to authorize endpoint,49285,0,13.347,5,8,16,252,666,1869
1785713700,2 Start Authentication Flow,49287,0,10.659,4,6,12,205,669,1789
1785713700,__ALL__,246432,0,15.976,5,15,23,286,952,2135
1785713700,4 Obtain authorization code,49286,0,17.816,5,8,17,411,986,2135
1785714000,5 Obtain access token,49187,0,10.683,5,8,11,164,658,1524
1785714000,3 Perform authentication,49188,0,27.146,13,19,28,473,1246,2446
1785714000,1 Send request to authorize endpoint,49188,0,15.365,5,8,12,338,1058,1843
1785714000,2 Start Authentication Flow,49187,0,12.997,4,6,9,283,1072,2024
1785714000,__ALL__,245936,0,17.580,5,14,20,368,1183,3837
1785714000,4 Obtain authorization code,49186,0,21.711,5,8,11,599,1518,3837
1785714300,5 Obtain access token,49384,0,9.744,5,8,11,139,543,2308
1785714300,3 Perform authentication,49383,0,27.834,13,19,28,483,1373,2040
1785714300,1 Send request to authorize endpoint,49384,0,13.118,5,8,12,242,799,1637
1785714300,2 Start Authentication Flow,49383,0,10.662,4,6,9,203,773,1912
1785714300,__ALL__,246919,0,15.945,5,14,20,300,1053,2308
1785714300,4 Obtain authorization code,49385,0,18.365,5,8,11,450,1173,2251
1785714600,5 Obtain access token,49331,0,9.356,5,8,11,123,514,1078
1785714600,3 Perform authentication,49332,0,23.407,13,20,29,329,918,1420
1785714600,1 Send request to authorize endpoint,49332,0,13.058,5,8,13,243,832,1681
1785714600,2 Start Authentication Flow,49333,0,10.744,4,6,9,211,803,1731
1785714600,__ALL__,246658,0,14.724,5,15,20,264,904,1910
1785714600,4 Obtain authorization code,49330,0,17.053,5,8,13,415,1139,1910
1785714900,5 Obtain access token,49250,0,9.254,5,8,13,126,403,1564
1785714900,3 Perform authentication,49248,0,26.184,13,20,39,378,1334,1572
1785714900,1 Send request to authorize endpoint,49250,0,12.514,5,8,15,229,665,1570
1785714900,2 Start Authentication Flow,49250,0,10.137,4,6,11,197,605,1457
1785714900,__ALL__,246249,0,14.955,5,15,22,266,847,1914
1785714900,4 Obtain authorization code,49251,0,16.689,5,8,16,396,852,1914
1785715200,5 Obtain access token,49665,0,5.789,5,7,8,16,123,469
1785715200,3 Perform authentication,49685,0,15.166,13,18,21,45,261,718
1785715200,1 Send request to authorize endpoint,49657,0,6.354,5,8,9,20,228,510
1785715200,2 Start Authentication Flow,49656,0,4.832,4,6,7,14,213,490
1785715200,__ALL__,248336,0,7.745,5,13,16,27,242,718
1785715200,4 Obtain authorization code,49673,0,6.581,5,7,8,22,344,714
1785715500,5 Obtain access token,49102,0,13.040,5,7,9,244,1148,4100
1785715500,3 Perform authentication,49083,0,29.858,13,19,24,560,1794,3327
1785715500,1 Send request to authorize endpoint,49110,0,19.524,5,8,10,496,1843,3661
1785715500,2 Start Authentication Flow,49111,0,16.360,4,6,8,439,1730,3717
1785715500,__ALL__,245500,0,21.008,5,14,18,501,1807,4100
1785715500,4 Obtain authorization code,49094,0,26.261,5,7,10,762,2128,3753
1785715800,5 Obtain access token,49215,0,11.000,5,8,11,172,705,1984
1785715800,3 Perform authentication,49213,0,26.499,13,21,30,414,1173,2748
1785715800,1 Send request to authorize endpoint,49214,0,15.772,5,9,14,342,1039,2497
1785715800,2 Start Authentication Flow,49214,0,12.900,4,6,9,275,1025,2575
1785715800,__ALL__,246070,0,17.499,5,15,21,353,1136,3005
1785715800,4 Obtain authorization code,49214,0,21.323,5,8,13,553,1489,3005
1785716100,5 Obtain access token,49145,0,11.182,5,8,12,170,731,2007
1785716100,3 Perform authentication,49145,0,29.910,13,20,36,538,1361,1982
1785716100,1 Send request to authorize endpoint,49144,0,15.933,5,8,14,325,1107,2119
1785716100,2 Start Authentication Flow,49143,0,12.983,4,6,10,281,999,1961
1785716100,__ALL__,245722,0,18.299,5,15,22,367,1248,2488
1785716100,4 Obtain authorization code,49145,0,21.489,5,8,13,542,1479,2488
1785716400,5 Obtain access token,49055,0,10.980,5,8,10,166,722,1734
1785716400,3 Perform authentication,49067,0,27.764,13,20,27,451,1485,3210
1785716400,1 Send request to authorize endpoint,49056,0,16.258,5,8,12,344,1308,3660
1785716400,2 Start Authentication Flow,49058,0,13.244,4,6,9,266,1116,2529
1785716400,__ALL__,245292,0,18.155,5,15,20,354,1419,3660
1785716400,4 Obtain authorization code,49056,0,22.528,5,8,11,601,1737,3581
1785716700,5 Obtain access token,49258,0,13.307,5,8,13,244,965,1857
1785716700,3 Perform authentication,49248,0,34.440,13,21,37,726,1563,2830
1785716700,1 Send request to authorize endpoint,49259,0,19.830,5,9,16,477,1504,2673
1785716700,2 Start Authentication Flow,49257,0,16.894,4,7,11,404,1472,3919
1785716700,__ALL__,246281,0,22.539,5,15,23,541,1624,3919
1785716700,4 Obtain authorization code,49259,0,28.223,5,8,16,805,2096,3537
1785717000,5 Obtain access token,48949,0,13.523,5,8,13,258,929,2300
1785717000,3 Perform authentication,48949,0,34.971,13,20,39,740,1619,3639
1785717000,1 Send request to authorize endpoint,48947,0,19.623,5,8,15,446,1498,3056
1785717000,2 Start Authentication Flow,48948,0,16.628,4,6,11,402,1493,2998
1785717000,__ALL__,244741,0,22.715,5,15,23,516,1628,3828
1785717000,4 Obtain authorization code,48948,0,28.830,5,8,16,778,2151,3828
1785717300,5 Obtain access token,49087,0,12.406,5,8,13,214,904,1924
1785717300,3 Perform authentication,49088,0,31.421,13,20,38,595,1802,2963
1785717300,1 Send request to authorize endpoint,49089,0,19.833,5,8,14,484,1645,3032
1785717300,2 Start Authentication Flow,49088,0,16.551,4,6,10,432,1526,3482
1785717300,__ALL__,245441,0,21.550,5,15,22,497,1698,5291
1785717300,4 Obtain authorization code,49089,0,27.538,5,8,14,813,2048,5291
1785717600,5 Obtain access token,49535,0,6.044,5,7,8,14,225,566
1785717600,3 Perform authentication,49536,0,18.434,13,18,20,38,1312,1569
1785717600,1 Send request to authorize endpoint,49534,0,6.397,5,7,8,16,263,567
1785717600,2 Start Authentication Flow,49535,0,4.857,4,5,7,12,190,1558
1785717600,__ALL__,247674,0,8.618,5,13,16,26,469,1569
1785717600,4 Obtain authorization code,49534,0,7.358,5,7,8,14,510,905
1785717900,5 Obtain access token,48998,0,13.099,5,8,14,237,1026,2540
1785717900,3 Perform authentication,48995,0,31.245,13,20,43,576,1555,3291
1785717900,1 Send request to authorize endpoint,48997,0,19.514,5,8,21,469,1469,3302
1785717900,2 Start Authentication Flow,48998,0,16.354,4,6,12,439,1292,2700
1785717900,__ALL__,244984,0,21.629,5,15,23,506,1555,3721
1785717900,4 Obtain authorization code,48996,0,27.934,5,8,22,771,2019,3721
1785718200,5 Obtain access token,49308,0,11.662,5,8,14,236,598,1757
1785718200,3 Perform authentication,49309,0,29.428,13,21,42,509,1395,1976
1785718200,1 Send request to authorize endpoint,49309,0,15.625,5,8,18,316,1057,2916
1785718200,2 Start Authentication Flow,49309,0,12.817,4,6,12,263,965,1971
1785718200,__ALL__,246545,0,18.184,5,15,24,353,1232,2916
1785718200,4 Obtain authorization code,49310,0,21.388,5,8,20,505,1542,2611
1785718500,5 Obtain access token,49164,0,12.051,5,8,11,207,946,2746
1785718500,3 Perform authentication,49169,0,28.106,13,20,30,503,1455,3875
1785718500,1 Send request to authorize endpoint,49162,0,17.757,5,8,12,431,1425,3870
1785718500,2 Start Authentication Flow,49161,0,14.877,4,6,9,378,1297,2732
1785718500,__ALL__,245820,0,19.342,5,15,20,433,1466,3875
1785718500,4 Obtain authorization code,49164,0,23.919,5,8,12,698,1890,3565
1785718800,5 Obtain access token,49089,0,12.790,5,9,20,221,777,2553
1785718800,3 Perform authentication,49083,0,34.245,14,24,64,649,1458,3321
1785718800,1 Send request to authorize endpoint,49091,0,18.681,5,10,29,408,1273,2247
1785718800,2 Start Authentication Flow,49091,0,15.766,4,7,20,368,1235,2258
1785718800,__ALL__,245441,0,21.621,5,16,33,465,1407,3321
1785718800,4 Obtain authorization code,49087,0,26.624,5,9,34,702,1756,3187
1785719100,5 Obtain access token,48993,0,12.387,5,8,22,198,720,1743
1785719100,3 Perform authentication,48995,0,31.407,13,21,78,538,1280,2342
1785719100,1 Send request to authorize endpoint,48993,0,18.455,5,9,34,418,1093,2200
1785719100,2 Start Authentication Flow,48991,0,15.414,4,7,24,344,1059,2391
1785719100,__ALL__,244965,0,20.963,5,16,36,449,1252,3441
1785719100,4 Obtain authorization code,48993,0,27.150,5,9,47,711,1603,3441
1785719400,5 Obtain access token,49195,0,11.459,5,9,22,181,618,1605
1785719400,3 Perform authentication,49194,0,31.756,13,24,78,531,1392,2115
1785719400,1 Send request to authorize endpoint,49195,0,16.219,5,11,35,313,895,1606
1785719400,2 Start Authentication Flow,49197,0,12.733,4,7,24,255,823,1604
1785719400,__ALL__,245976,0,19.049,5,16,36,372,1077,2115
1785719400,4 Obtain authorization code,49195,0,23.076,5,10,50,548,1208,1950
1785719700,5 Obtain access token,49540,0,7.091,5,7,9,53,291,1223
1785719700,3 Perform authentication,49553,0,18.734,13,19,23,160,675,1439
1785719700,1 Send request to authorize endpoint,49535,0,8.666,5,8,10,100,484,1012
1785719700,2 Start Authentication Flow,49535,0,6.830,4,6,8,77,468,1457
1785719700,__ALL__,247714,0,10.361,5,14,17,105,576,1780
1785719700,4 Obtain authorization code,49551,0,10.482,5,7,10,166,764,1780
1785720000,5 Obtain access token,49227,0,10.276,5,7,9,185,576,1587
1785720000,3 Perform authentication,49213,0,26.538,13,18,23,471,1351,1843
1785720000,1 Send request to authorize endpoint,49231,0,12.487,5,8,10,245,860,1606
1785720000,2 Start Authentication Flow,49231,0,10.357,4,6,8,199,898,1964
1785720000,__ALL__,246118,0,15.355,5,14,18,302,1093,2616
1785720000,4 Obtain authorization code,49216,0,17.124,5,7,9,453,1238,2616
1785720300,5 Obtain access token,49274,0,10.496,5,8,15,154,583,1671
1785720300,3 Perform authentication,49275,0,26.435,13,20,45,402,998,2609
1785720300,1 Send request to authorize endpoint,49275,0,14.911,5,8,19,303,904,2341
1785720300,2 Start Authentication Flow,49276,0,12.332,4,6,13,260,866,2210
1785720300,__ALL__,246376,0,16.872,5,15,24,330,964,2609
1785720300,4 Obtain authorization code,49276,0,20.185,5,8,23,499,1172,2443
1785720600,5 Obtain access token,49149,0,12.024,5,9,27,180,688,1747
1785720600,3 Perform authentication,49150,0,33.436,14,23,100,586,1420,2459
1785720600,1 Send request to authorize endpoint,49150,0,16.886,5,9,43,316,1022,3077
1785720600,2 Start Authentication Flow,49149,0,13.549,4,7,29,257,967,2214
1785720600,__ALL__,245746,0,20.061,5,16,44,386,1240,3077
1785720600,4 Obtain authorization code,49148,0,24.411,5,9,70,599,1491,2478
1785720900,5 Obtain access token,49458,0,7.192,5,7,8,42,405,1795
1785720900,3 Perform authentication,49457,0,20.258,13,18,21,198,1158,2347
1785720900,1 Send request to authorize endpoint,49457,0,8.703,5,7,9,84,716,2170
1785720900,2 Start Authentication Flow,49454,0,6.543,4,6,7,52,559,1494
1785720900,__ALL__,247285,0,10.920,5,13,16,90,914,2347
1785720900,4 Obtain authorization code,49459,0,11.902,5,7,8,188,1228,2233
1785721200,5 Obtain access token,49649,0,6.058,5,7,8,14,215,1562
1785721200,3 Perform authentication,49648,0,18.386,13,18,20,40,1263,1565
1785721200,1 Send request to authorize endpoint,49649,0,6.353,5,7,8,17,236,1556
1785721200,2 Start Authentication Flow,49651,0,4.783,4,5,7,12,177,1557
1785721200,__ALL__,248244,0,8.611,5,13,15,26,487,1565
1785721200,4 Obtain authorization code,49647,0,7.475,5,7,8,16,505,1561
1785721500,5 Obtain access token,49652,0,5.221,5,7,8,11,22,122
1785721500,3 Perform authentication,49651,0,13.706,13,17,19,26,64,147
1785721500,1 Send request to authorize endpoint,49652,0,5.317,5,7,8,11,22,126
1785721500,2 Start Authentication Flow,49653,0,4.012,4,5,6,9,16,117
1785721500,__ALL__,248260,0,6.676,5,13,15,20,34,147
1785721500,4 Obtain authorization code,49652,0,5.126,5,7,8,10,21,38
1785721800,5 Obtain access token,49593,0,6.524,5,7,8,24,287,1567
1785721800,3 Perform authentication,49596,0,18.922,13,18,21,124,1240,1573
1785721800,1 Send request to authorize endpoint,49594,0,6.762,5,7,9,30,268,1567
1785721800,2 Start Authentication Flow,49594,0,5.027,4,6,7,23,204,1567
1785721800,__ALL__,247972,0,9.020,5,13,16,39,455,1573
1785721800,4 Obtain authorization code,49595,0,7.866,5,7,8,64,409,1569
1785722100,5 Obtain access token,49632,0,5.616,5,7,8,13,115,443
1785722100,3 Perform authentication,49632,0,15.150,13,17,20,34,455,870
1785722100,1 Send request to authorize endpoint,49631,0,6.075,5,7,8,14,227,925
1785722100,2 Start Authentication Flow,49632,0,4.654,4,5,6,11,176,662
1785722100,__ALL__,248159,0,7.615,5,13,15,23,312,1071
1785722100,4 Obtain authorization code,49632,0,6.581,5,7,8,13,414,1071
1785722400,5 Obtain access token,49677,0,6.017,5,7,8,16,206,603
1785722400,3 Perform authentication,49674,0,18.755,13,18,20,47,1305,1585
1785722400,1 Send request to authorize endpoint,49678,0,6.381,5,7,8,20,224,1591
1785722400,2 Start Authentication Flow,49675,0,4.773,4,5,7,15,162,1589
1785722400,__ALL__,248379,0,8.751,5,13,15,28,560,1591
1785722400,4 Obtain authorization code,49675,0,7.827,5,7,8,20,570,1591
1785722700,5 Obtain access token,49633,0,5.349,5,7,8,11,58,188
1785722700,3 Perform authentication,49636,0,14.006,13,17,19,28,159,297
1785722700,1 Send request to authorize endpoint,49632,0,5.532,5,7,8,12,90,230
1785722700,2 Start Authentication Flow,49635,0,4.154,4,5,6,10,59,275
1785722700,__ALL__,248172,0,6.905,5,13,15,21,119,322
1785722700,4 Obtain authorization code,49636,0,5.482,5,7,8,11,121,322
1785723000,5 Obtain access token,49631,0,7.369,5,7,9,58,364,602
1785723000,3 Perform authentication,49631,0,21.059,13,18,22,245,1228,1566
1785723000,1 Send request to authorize endpoint,49631,0,7.861,5,8,9,84,380,1559
1785723000,2 Start Authentication Flow,49631,0,5.707,4,6,7,59,238,1561
1785723000,__ALL__,248154,0,10.293,5,14,16,111,572,1566
1785723000,4 Obtain authorization code,49630,0,9.471,5,7,9,184,533,1563
1785723300,5 Obtain access token,49564,0,6.841,5,7,9,48,272,1136
1785723300,3 Perform authentication,49563,0,18.753,13,19,24,201,661,1234
1785723300,1 Send request to authorize endpoint,49565,0,8.109,5,8,11,84,474,1052
1785723300,2 Start Authentication Flow,49564,0,6.164,4,6,8,58,399,942
1785723300,__ALL__,247819,0,10.044,5,14,17,100,582,1724
1785723300,4 Obtain authorization code,49563,0,10.353,5,7,10,178,745,1724
1785723600,5 Obtain access token,49385,0,8.631,5,7,9,112,443,1026
1785723600,3 Perform authentication,49386,0,24.689,13,18,23,403,1301,1584
1785723600,1 Send request to authorize endpoint,49385,0,9.598,5,8,10,146,539,1577
1785723600,2 Start Authentication Flow,49385,0,7.349,4,6,8,107,480,1314
1785723600,__ALL__,246928,0,12.760,5,14,17,211,831,1584
1785723600,4 Obtain authorization code,49387,0,13.530,5,7,9,290,856,1583
1785723900,5 Obtain access token,49003,0,12.301,5,7,9,177,1317,3995
1785723900,3 Perform authentication,49001,0,34.550,13,18,21,829,2705,4744
1785723900,1 Send request to authorize endpoint,49000,0,17.728,5,7,9,338,2109,4431
1785723900,2 Start Authentication Flow,49001,0,13.867,4,6,7,211,1911,4716
1785723900,__ALL__,245006,0,21.822,5,13,16,422,2485,5494
1785723900,4 Obtain authorization code,49001,0,30.662,5,7,8,1009,3309,5494
1785724200,5 Obtain access token,49175,0,10.546,5,7,9,165,751,3095
1785724200,3 Perform authentication,49175,0,30.795,13,19,24,668,1680,3740
1785724200,1 Send request to authorize endpoint,49176,0,13.459,5,8,10,227,1295,3237
1785724200,2 Start Authentication Flow,49174,0,10.620,4,6,8,168,1164,3238
1785724200,__ALL__,245875,0,17.566,5,14,18,327,1568,3811
1785724200,4 Obtain authorization code,49175,0,22.411,5,7,10,552,2242,3811
1785724500,5 Obtain access token,49442,0,8.631,5,7,9,95,572,1731
1785724500,3 Perform authentication,49443,0,24.075,13,18,22,387,1347,2479
1785724500,1 Send request to authorize endpoint,49444,0,11.519,5,7,9,184,1020,2599
1785724500,2 Start Authentication Flow,49446,0,9.091,4,6,7,135,948,2516
1785724500,__ALL__,247216,0,13.991,5,14,17,226,1155,3065
1785724500,4 Obtain authorization code,49441,0,16.638,5,7,9,417,1513,3065
1785724800,5 Obtain access token,49167,0,10.370,5,7,9,150,817,2398
1785724800,3 Perform authentication,49168,0,31.684,13,18,23,729,1793,3546
1785724800,1 Send request to authorize endpoint,49167,0,14.434,5,8,10,246,1468,3428
1785724800,2 Start Authentication Flow,49165,0,11.097,4,6,8,177,1267,3106
1785724800,__ALL__,245834,0,18.070,5,14,17,332,1676,3661
1785724800,4 Obtain authorization code,49167,0,22.764,5,7,9,559,2220,3661
1785725100,5 Obtain access token,49107,0,12.033,5,7,9,179,1301,3931
1785725100,3 Perform authentication,49105,0,33.486,13,18,21,750,2508,4130
1785725100,1 Send request to authorize endpoint,49107,0,17.056,5,7,9,324,2003,4427
1785725100,2 Start Authentication Flow,49108,0,13.755,4,6,7,244,1626,4360
1785725100,__ALL__,245534,0,21.111,5,14,16,430,2285,5003
1785725100,4 Obtain authorization code,49107,0,29.225,5,7,8,928,2989,5003
1785725400,5 Obtain access token,49115,0,10.870,5,7,9,141,1111,3060
1785725400,3 Perform authentication,49118,0,31.385,13,18,23,732,1823,3160
1785725400,1 Send request to authorize endpoint,49114,0,14.263,5,8,10,261,1353,2862
1785725400,2 Start Authentication Flow,49113,0,9.958,4,6,8,169,955,2537
1785725400,__ALL__,245576,0,18.042,5,14,17,344,1691,3673
1785725400,4 Obtain authorization code,49116,0,23.731,5,7,10,637,2529,3673
1785725700,5 Obtain access token,49265,0,7.503,5,7,9,76,405,1656
1785725700,3 Perform authentication,49266,0,20.331,13,18,21,270,823,1627
1785725700,1 Send request to authorize endpoint,49266,0,9.134,5,7,9,126,608,1528
1785725700,2 Start Authentication Flow,49267,0,6.880,4,6,7,91,512,1256
1785725700,__ALL__,246332,0,11.185,5,13,16,152,706,1656
1785725700,4 Obtain authorization code,49268,0,12.075,5,7,8,262,924,1626
1785726000,5 Obtain access token,48825,0,15.272,5,7,9,308,1455,4266
1785726000,3 Perform authentication,48824,0,40.604,13,18,22,1026,2969,4902
1785726000,1 Send request to authorize endpoint,48825,0,20.455,5,8,9,384,2395,4819
1785726000,2 Start Authentication Flow,48826,0,15.226,4,6,7,269,2026,4117
1785726000,__ALL__,244123,0,25.379,5,14,17,548,2676,6136
1785726000,4 Obtain authorization code,48823,0,35.337,5,7,9,1149,3470,6136
1785726300,5 Obtain access token,49055,0,13.431,5,7,9,201,1448,3792
1785726300,3 Perform authentication,49055,0,35.262,13,18,21,833,2731,5304
1785726300,1 Send request to authorize endpoint,49053,0,18.332,5,7,9,363,2057,4852
1785726300,2 Start Authentication Flow,49051,0,14.644,4,6,7,238,2082,5081
1785726300,__ALL__,245271,0,22.892,5,14,17,474,2668,5386
1785726300,4 Obtain authorization code,49057,0,32.791,5,7,8,1099,3328,5386
1785726600,5 Obtain access token,49257,0,9.601,5,7,9,132,599,1566
1785726600,3 Perform authentication,49255,0,29.414,13,18,23,594,1490,2203
1785726600,1 Send request to authorize endpoint,49259,0,12.140,5,8,10,215,851,1681
1785726600,2 Start Authentication Flow,49261,0,9.920,4,6,8,168,791,1789
1785726600,__ALL__,246286,0,15.921,5,14,18,295,1229,2407
1785726600,4 Obtain authorization code,49254,0,18.531,5,7,9,462,1396,2407
1785726900,5 Obtain access token,49433,0,7.636,5,7,9,71,388,1346
1785726900,3 Perform authentication,49435,0,20.736,13,18,23,286,808,1564
1785726900,1 Send request to authorize endpoint,49433,0,9.263,5,8,10,121,659,1364
1785726900,2 Start Authentication Flow,49432,0,7.105,4,6,7,92,543,1237
1785726900,__ALL__,247166,0,11.439,5,14,17,154,742,1564
1785726900,4 Obtain authorization code,49433,0,12.456,5,7,9,275,926,1531
1785727200,5 Obtain access token,49069,0,12.197,5,9,15,199,802,1989
1785727200,3 Perform authentication,49066,0,36.098,13,24,47,760,1582,2511
1785727200,1 Send request to authorize endpoint,49069,0,16.623,5,11,23,301,1254,3031
1785727200,2 Start Authentication Flow,49069,0,12.621,4,8,15,240,1046,2568
1785727200,__ALL__,245342,0,20.788,5,15,28,424,1480,3031
1785727200,4 Obtain authorization code,49069,0,26.401,5,10,23,679,1754,2835
1785727500,5 Obtain access token,48975,0,13.639,5,8,12,233,1313,3327
1785727500,3 Perform authentication,48978,0,36.277,13,21,35,778,2399,4417
1785727500,1 Send request to authorize endpoint,48975,0,19.958,5,9,17,419,1871,4265
1785727500,2 Start Authentication Flow,48974,0,16.038,4,7,10,322,1706,4121
1785727500,__ALL__,244878,0,23.661,5,15,21,517,2215,4807
1785727500,4 Obtain authorization code,48976,0,32.392,5,8,18,898,2907,4807
1785727800,5 Obtain access token,49561,0,6.783,5,7,8,18,364,607
1785727800,3 Perform authentication,49558,0,18.791,13,18,22,53,1290,1571
1785727800,1 Send request to authorize endpoint,49559,0,6.661,5,7,9,26,308,1564
1785727800,2 Start Authentication Flow,49560,0,4.794,4,6,7,17,156,1566
1785727800,__ALL__,247798,0,8.788,5,13,16,32,441,1571
1785727800,4 Obtain authorization code,49560,0,6.911,5,7,9,28,251,1565
1785728100,5 Obtain access token,49660,0,7.377,5,8,10,60,333,1029
1785728100,3 Perform authentication,49660,0,18.965,13,20,27,171,616,1402
1785728100,1 Send request to authorize endpoint,49661,0,8.978,5,8,12,107,478,1104
1785728100,2 Start Authentication Flow,49662,0,7.146,4,6,8,98,438,1358
1785728100,__ALL__,248302,0,10.714,5,14,18,119,574,1865
1785728100,4 Obtain authorization code,49659,0,11.105,5,8,12,198,802,1865
1785728400,5 Obtain access token,49431,0,8.152,5,8,10,90,373,1556
1785728400,3 Perform authentication,49434,0,23.725,13,20,29,314,1245,1941
1785728400,1 Send request to authorize endpoint,49432,0,10.072,5,8,13,146,576,1555
1785728400,2 Start Authentication Flow,49431,0,7.896,4,6,9,126,523,1551
1785728400,__ALL__,247162,0,12.668,5,15,19,178,833,1941
1785728400,4 Obtain authorization code,49434,0,13.494,5,8,13,303,892,1667
1785728700,5 Obtain access token,49635,0,7.360,5,8,10,62,316,772
1785728700,3 Perform authentication,49633,0,19.186,13,20,27,183,623,1292
1785728700,1 Send request to authorize endpoint,49634,0,9.173,5,8,12,118,505,1091
1785728700,2 Start Authentication Flow,49634,0,7.355,4,6,8,105,479,1172
1785728700,__ALL__,248169,0,10.898,5,14,18,128,586,1592
1785728700,4 Obtain authorization code,49633,0,11.417,5,8,11,209,807,1592
1785729000,5 Obtain access token,49367,0,9.177,5,8,11,136,443,1596
1785729000,3 Perform authentication,49368,0,24.857,13,21,35,326,1328,1593
1785729000,1 Send request to authorize endpoint,49366,0,10.956,5,9,15,184,576,1731
1785729000,2 Start Authentication Flow,49367,0,8.423,4,7,10,143,490,1260
1785729000,__ALL__,246836,0,13.428,5,15,20,219,810,1731
1785729000,4 Obtain authorization code,49368,0,13.729,5,8,16,279,812,1428
1785729300,5 Obtain access token,49432,0,9.005,5,8,12,101,541,1610
1785729300,3 Perform authentication,49431,0,23.649,14,22,38,300,1137,2459
1785729300,1 Send request to authorize endpoint,49432,0,12.531,5,9,16,215,921,2695
1785729300,2 Start Authentication Flow,49430,0,10.029,4,7,11,186,771,1922
1785729300,__ALL__,247156,0,14.271,5,15,21,220,1016,2695
1785729300,4 Obtain authorization code,49431,0,16.142,5,9,16,396,1289,2566
1785729600,5 Obtain access token,49465,0,9.107,5,8,12,106,449,1585
1785729600,3 Perform authentication,49465,0,24.071,14,22,38,290,1292,1598
1785729600,1 Send request to authorize endpoint,49467,0,10.481,5,9,17,177,460,1587
1785729600,2 Start Authentication Flow,49469,0,7.659,4,7,10,110,411,1586
1785729600,__ALL__,247332,0,12.772,5,15,21,196,619,1598
1785729600,4 Obtain authorization code,49466,0,12.545,5,9,18,293,591,1350
1785729900,5 Obtain access token,49662,0,5.337,5,7,8,13,30,50
1785729900,3 Perform authentication,49661,0,14.119,13,18,21,38,66,90
1785729900,1 Send request to authorize endpoint,49659,0,5.577,5,7,9,18,42,59
1785729900,2 Start Authentication Flow,49659,0,4.144,4,6,7,11,30,54
1785729900,__ALL__,248301,0,6.931,5,13,15,23,49,90
1785729900,4 Obtain authorization code,49660,0,5.478,5,7,8,17,38,69
1785730200,5 Obtain access token,49283,0,11.472,5,9,17,207,588,1610
1785730200,3 Perform authentication,49284,0,32.140,14,24,58,570,1489,3032
1785730200,1 Send request to authorize endpoint,49285,0,14.379,5,10,25,250,900,2004
1785730200,2 Start Authentication Flow,49285,0,11.290,4,7,16,205,757,2267
1785730200,__ALL__,246421,0,18.172,5,16,30,323,1244,3032
1785730200,4 Obtain authorization code,49284,0,21.580,5,10,29,465,1580,2666
1785730500,5 Obtain access token,49564,0,6.375,5,8,10,28,182,494
1785730500,3 Perform authentication,49564,0,16.580,13,19,26,86,329,817
1785730500,1 Send request to authorize endpoint,49565,0,7.358,5,8,11,46,292,738
1785730500,2 Start Authentication Flow,49564,0,5.581,4,6,8,30,277,759
1785730500,__ALL__,247822,0,8.773,5,14,17,52,320,825
1785730500,4 Obtain authorization code,49565,0,7.972,5,8,11,56,403,825
1785730800,5 Obtain access token,49562,0,8.672,5,8,11,74,444,1581
1785730800,3 Perform authentication,49562,0,22.700,13,20,32,246,1308,1589
1785730800,1 Send request to authorize endpoint,49560,0,9.221,5,9,14,124,396,1583
1785730800,2 Start Authentication Flow,49560,0,6.932,4,6,10,92,325,921
1785730800,__ALL__,247805,0,11.750,5,15,20,145,596,1589
1785730800,4 Obtain authorization code,49561,0,11.227,5,8,15,227,536,1585
1785731100,5 Obtain access token,49499,0,6.740,5,8,10,42,204,551
1785731100,3 Perform authentication,49498,0,17.742,13,20,27,126,426,1223
1785731100,1 Send request to authorize endpoint,49500,0,8.140,5,8,12,78,336,1033
1785731100,2 Start Authentication Flow,49501,0,6.298,4,6,8,63,342,693
1785731100,__ALL__,247497,0,9.600,5,14,18,83,380,1275
1785731100,4 Obtain authorization code,49499,0,9.078,5,8,11,111,506,1275
1785731400,5 Obtain access token,49366,0,8.561,5,9,14,91,360,1749
1785731400,3 Perform authentication,49370,0,26.139,13,26,42,318,1470,1757
1785731400,1 Send request to authorize endpoint,49366,0,11.066,5,11,20,173,529,1750
1785731400,2 Start Authentication Flow,49365,0,8.720,4,8,12,144,508,1477
1785731400,__ALL__,246835,0,13.726,5,16,25,197,844,1937
1785731400,4 Obtain authorization code,49368,0,14.141,5,11,20,305,830,1937
1785731700,5 Obtain access token,49492,0,7.034,5,7,10,62,237,604
1785731700,3 Perform authentication,49488,0,18.725,13,19,26,180,536,1163
1785731700,1 Send request to authorize endpoint,49493,0,8.833,5,8,11,121,444,1055
1785731700,2 Start Authentication Flow,49492,0,7.064,4,6,8,100,416,1382
1785731700,__ALL__,247454,0,10.436,5,14,18,121,486,1515
1785731700,4 Obtain authorization code,49489,0,10.523,5,8,11,192,642,1515
1785732000,5 Obtain access token,49393,0,7.916,5,8,11,84,341,1546
1785732000,3 Perform authentication,49395,0,23.041,13,20,31,284,1256,1553
1785732000,1 Send request to authorize endpoint,49391,0,9.428,5,8,13,134,445,893
1785732000,2 Start Authentication Flow,49392,0,7.449,4,6,9,106,434,1544
1785732000,__ALL__,246966,0,12.091,5,15,19,160,703,1593
1785732000,4 Obtain authorization code,49395,0,12.618,5,8,13,287,742,1593
1785732300,5 Obtain access token,49736,0,5.222,5,7,8,10,19,44
1785732300,3 Perform authentication,49735,0,13.582,13,17,19,25,41,78
1785732300,1 Send request to authorize endpoint,49738,0,5.325,5,7,8,11,18,42
1785732300,2 Start Authentication Flow,49736,0,4.035,4,5,6,9,16,43
1785732300,__ALL__,248679,0,6.676,5,13,15,19,31,78
1785732300,4 Obtain authorization code,49734,0,5.217,5,7,8,10,17,37
1785732600,5 Obtain access token,49691,0,7.257,5,8,10,60,262,1559
1785732600,3 Perform authentication,49691,0,22.033,13,20,28,220,1237,1565
1785732600,1 Send request to authorize endpoint,49691,0,8.806,5,8,12,113,366,1559
1785732600,2 Start Authentication Flow,49694,0,6.822,4,6,9,93,365,1557
1785732600,__ALL__,248460,0,11.124,5,15,18,127,596,1565
1785732600,4 Obtain authorization code,49693,0,10.701,5,8,12,191,584,1559
1785732900,5 Obtain access token,49618,0,6.930,5,8,10,48,266,591
1785732900,3 Perform authentication,49619,0,18.106,13,20,27,142,465,1168
1785732900,1 Send request to authorize endpoint,49617,0,8.377,5,8,12,92,393,877
1785732900,2 Start Authentication Flow,49617,0,6.467,4,6,8,75,338,906
1785732900,__ALL__,248087,0,9.924,5,14,18,97,419,1263
1785732900,4 Obtain authorization code,49616,0,9.741,5,8,12,148,564,1263
1785733200,5 Obtain access token,49277,0,9.067,5,8,12,117,389,1557
1785733200,3 Perform authentication,49277,0,25.964,13,20,32,368,1304,1570
1785733200,1 Send request to authorize endpoint,49277,0,12.228,5,8,13,210,629,1556
1785733200,2 Start Authentication Flow,49274,0,9.831,4,7,10,178,552,1604
1785733200,__ALL__,246383,0,14.614,5,15,21,247,810,1606
1785733200,4 Obtain authorization code,49278,0,15.979,5,8,13,359,890,1606
1785733500,5 Obtain access token,49522,0,7.396,5,8,10,61,312,791
1785733500,3 Perform authentication,49523,0,19.261,13,20,27,187,582,1330
1785733500,1 Send request to authorize endpoint,49523,0,9.285,5,8,12,129,479,1371
1785733500,2 Start Authentication Flow,49526,0,7.283,4,6,9,102,444,804
1785733500,__ALL__,247617,0,10.920,5,15,18,133,544,1638
1785733500,4 Obtain authorization code,49523,0,11.376,5,8,11,208,747,1638
1785733800,5 Obtain access token,49501,0,8.018,5,8,12,82,320,1568
1785733800,3 Perform authentication,49498,0,24.026,13,21,35,282,1280,1580
1785733800,1 Send request to authorize endpoint,49499,0,10.429,5,9,15,155,538,1726
1785733800,2 Start Authentication Flow,49498,0,8.139,4,7,10,129,472,1150
1785733800,__ALL__,247496,0,12.672,5,15,20,175,738,1845
1785733800,4 Obtain authorization code,49500,0,12.749,5,8,15,259,716,1845
1785734100,5 Obtain access token,49487,0,7.051,5,8,10,50,235,526
1785734100,3 Perform authentication,49489,0,18.603,14,20,29,140,476,1370
1785734100,1 Send request to authorize endpoint,49489,0,8.585,5,8,12,94,359,1013
1785734100,2 Start Authentication Flow,49490,0,6.657,4,6,9,78,331,1022
1785734100,__ALL__,247443,0,10.213,5,15,19,99,437,1370
1785734100,4 Obtain authorization code,49488,0,10.167,5,8,12,151,564,1285
1785734400,5 Obtain access token,49354,0,9.310,5,8,12,93,496,1618
1785734400,3 Perform authentication,49353,0,23.749,13,22,34,269,1329,1608
1785734400,1 Send request to authorize endpoint,49350,0,9.813,5,9,15,141,439,1616
1785734400,2 Start Authentication Flow,49350,0,7.088,4,7,10,101,284,703
1785734400,__ALL__,246760,0,12.404,5,15,21,162,640,1618
1785734400,4 Obtain authorization code,49353,0,12.059,5,9,16,274,508,1062
1785734700,5 Obtain access token,49547,0,5.340,5,7,8,11,24,50
1785734700,3 Perform authentication,49547,0,13.853,13,18,20,25,45,85
1785734700,1 Send request to authorize endpoint,49550,0,5.462,5,7,8,11,21,70
1785734700,2 Start Authentication Flow,49550,0,4.146,4,6,6,9,17,36
1785734700,__ALL__,247741,0,6.838,5,13,15,20,32,85
1785734700,4 Obtain authorization code,49547,0,5.390,5,7,8,11,23,44
1785735000,5 Obtain access token,49385,0,8.429,5,8,12,90,375,1519
1785735000,3 Perform authentication,49386,0,24.228,13,21,36,331,1239,1754
1785735000,1 Send request to authorize endpoint,49385,0,10.518,5,9,15,158,608,1519
1785735000,2 Start Authentication Flow,49385,0,8.280,4,7,10,121,543,1523
1785735000,__ALL__,246927,0,13.116,5,15,20,181,821,2240
1785735000,4 Obtain authorization code,49386,0,14.125,5,9,16,286,1013,2240
1785735300,5 Obtain access token,49578,0,6.837,5,8,11,43,178,574
1785735300,3 Perform authentication,49577,0,18.082,13,21,35,126,349,796
1785735300,1 Send request to authorize endpoint,49579,0,8.072,5,9,15,75,263,660
1785735300,2 Start Authentication Flow,49578,0,6.233,4,7,10,58,264,587
1785735300,__ALL__,247890,0,9.683,5,15,20,84,312,841
1785735300,4 Obtain authorization code,49578,0,9.191,5,8,14,108,411,841
1785735600,5 Obtain access token,49284,0,9.000,5,9,16,105,360,946
1785735600,3 Perform authentication,49283,0,26.788,14,25,51,335,1285,1581
1785735600,1 Send request to authorize endpoint,49284,0,11.953,5,11,25,193,571,1225
1785735600,2 Start Authentication Flow,49283,0,9.159,4,8,15,155,465,1453
1785735600,__ALL__,246417,0,14.585,5,16,29,218,804,1581
1785735600,4 Obtain authorization code,49283,0,16.024,5,11,28,343,823,1572
1785735900,5 Obtain access token,49505,0,8.487,5,9,15,85,318,771
1785735900,3 Perform authentication,49505,0,22.581,14,26,46,237,643,1246
1785735900,1 Send request to authorize endpoint,49505,0,10.908,5,11,22,156,502,1076
1785735900,2 Start Authentication Flow,49504,0,8.436,4,8,13,131,428,1159
1785735900,__ALL__,247523,0,12.902,5,16,27,176,582,1420
1785735900,4 Obtain authorization code,49504,0,14.095,5,11,25,258,778,1420
1785736200,5 Obtain access token,49137,0,10.978,5,9,17,164,581,2064
1785736200,3 Perform authentication,49140,0,32.230,14,25,52,568,1535,2710
1785736200,1 Send request to authorize endpoint,49135,0,14.360,5,10,28,232,967,2949
1785736200,2 Start Authentication Flow,49138,0,11.190,4,7,17,197,804,2075
1785736200,__ALL__,245688,0,18.152,5,16,31,305,1368,2949
1785736200,4 Obtain authorization code,49138,0,21.998,5,10,33,492,1692,2925
1785736500,5 Obtain access token,49618,0,7.138,5,7,8,35,410,1265
1785736500,3 Perform authentication,49644,0,19.329,13,18,21,161,957,1883
1785736500,1 Send request to authorize endpoint,49599,0,8.471,5,8,9,68,663,1798
1785736500,2 Start Authentication Flow,49570,0,6.534,4,6,7,48,503,1553
1785736500,__ALL__,248065,0,10.581,5,14,16,72,812,2046
1785736500,4 Obtain authorization code,49634,0,11.421,5,7,9,151,1153,2046
1785736800,5 Obtain access token,49419,0,7.567,5,8,12,61,230,1575
1785736800,3 Perform authentication,49389,0,23.782,14,21,35,245,1306,1575
1785736800,1 Send request to authorize endpoint,49440,0,9.345,5,9,16,115,364,954
1785736800,2 Start Authentication Flow,49466,0,7.237,4,7,11,90,299,1576
1785736800,__ALL__,247116,0,11.966,5,15,21,133,617,1576
1785736800,4 Obtain authorization code,49402,0,11.911,5,9,18,216,577,1126
1785737100,5 Obtain access token,49109,0,12.818,5,8,14,238,859,1681
1785737100,3 Perform authentication,49111,0,34.673,14,22,42,689,1663,2974
1785737100,1 Send request to authorize endpoint,49109,0,19.015,5,9,18,438,1311,3332
1785737100,2 Start Authentication Flow,49111,0,15.373,4,7,12,367,1194,2824
1785737100,__ALL__,245551,0,22.150,6,16,24,508,1542,3332
1785737100,4 Obtain authorization code,49111,0,28.871,5,9,20,828,1895,3033
1785737400,5 Obtain access token,49066,0,12.127,5,10,31,181,575,1694
1785737400,3 Perform authentication,49065,0,36.316,14,27,109,636,1506,2383
1785737400,1 Send request to authorize endpoint,49065,0,16.985,5,12,54,287,897,1806
1785737400,2 Start Authentication Flow,49064,0,13.230,4,9,40,231,807,1892
1785737400,__ALL__,245324,0,21.051,6,18,55,377,1259,2733
1785737400,4 Obtain authorization code,49064,0,26.599,5,12,92,595,1505,2733
1785737700,5 Obtain access token,48389,0,23.091,5,10,65,464,1617,5154
1785737700,3 Perform authentication,48390,0,59.991,14,26,247,1225,2996,6199
1785737700,1 Send request to authorize endpoint,48389,0,36.867,5,11,139,856,2559,4828
1785737700,2 Start Authentication Flow,48391,0,30.310,4,8,108,675,2263,4972
1785737700,__ALL__,241949,0,42.745,6,18,143,1011,2878,6384
1785737700,4 Obtain authorization code,48390,0,63.466,5,11,304,1602,3596,6384
1785738000,5 Obtain access token,48769,0,16.752,5,11,49,297,904,2361
1785738000,3 Perform authentication,48772,0,49.079,14,30,206,949,1905,3078
1785738000,1 Send request to authorize endpoint,48770,0,24.526,5,12,100,465,1483,3332
1785738000,2 Start Authentication Flow,48768,0,19.952,4,9,71,411,1319,2902
1785738000,__ALL__,243849,0,30.233,6,19,105,625,1733,3725
1785738000,4 Obtain authorization code,48770,0,40.851,5,13,208,891,2331,3725
1785738300,5 Obtain access token,49658,0,5.446,5,7,8,11,21,37
1785738300,3 Perform authentication,49654,0,14.081,13,18,20,28,45,80
1785738300,1 Send request to authorize endpoint,49654,0,5.610,5,7,9,12,31,42
1785738300,2 Start Authentication Flow,49656,0,4.235,4,6,7,9,18,39
1785738300,__ALL__,248279,0,6.993,5,13,15,21,35,80
1785738300,4 Obtain authorization code,49657,0,5.594,5,7,8,12,31,47
1785738600,5 Obtain access token,48893,0,14.101,5,9,37,243,749,1647
1785738600,3 Perform authentication,48892,0,40.619,14,23,143,762,1483,2333
1785738600,1 Send request to authorize endpoint,48895,0,21.006,5,10,74,409,1120,2685
1785738600,2 Start Authentication Flow,48893,0,17.223,4,8,56,353,1045,2516
1785738600,__ALL__,244465,0,24.991,6,17,75,512,1364,2969
1785738600,4 Obtain authorization code,48892,0,32.007,5,10,132,739,1608,2969
1785738900,5 Obtain access token,48501,0,21.827,5,9,55,439,1652,4094
1785738900,3 Perform authentication,48502,0,58.346,13,24,208,1283,2947,4943
1785738900,1 Send request to authorize endpoint,48502,0,33.785,5,10,120,789,2185,4132
1785738900,2 Start Authentication Flow,48504,0,27.619,4,8,90,642,1817,5018
1785738900,__ALL__,242511,0,39.665,6,17,120,950,2633,5154
1785738900,4 Obtain authorization code,48502,0,56.747,5,10,241,1504,3082,5154
1785739200,5 Obtain access token,49001,0,13.765,5,8,11,211,1260,4134
1785739200,3 Perform authentication,49001,0,41.179,13,19,27,1004,2557,4010
1785739200,1 Send request to authorize endpoint,48999,0,19.518,5,8,12,363,1931,5046
1785739200,2 Start Authentication Flow,48997,0,15.548,4,6,9,272,1748,3388
1785739200,__ALL__,244998,0,24.638,5,15,20,508,2320,5046
1785739200,4 Obtain authorization code,49000,0,33.181,5,8,11,917,3052,4366
1785739500,5 Obtain access token,48854,0,15.174,5,7,9,255,1777,5064
1785739500,3 Perform authentication,48853,0,39.333,13,18,22,982,3206,5903
1785739500,1 Send request to authorize endpoint,48854,0,22.364,5,8,9,499,2637,4881
1785739500,2 Start Authentication Flow,48855,0,17.583,4,6,7,334,2515,5099
1785739500,__ALL__,244270,0,26.659,5,14,17,626,3032,6251
1785739500,4 Obtain authorization code,48854,0,38.842,5,7,9,1461,3801,6251
1785739800,5 Obtain access token,48904,0,13.830,5,7,9,282,1193,3294
1785739800,3 Perform authentication,48906,0,38.218,13,19,23,923,2592,4422
1785739800,1 Send request to authorize endpoint,48906,0,18.606,5,8,10,359,2103,4171
1785739800,2 Start Authentication Flow,48907,0,14.722,4,6,8,241,1920,4243
1785739800,__ALL__,244528,0,23.701,5,14,18,510,2432,4884
1785739800,4 Obtain authorization code,48905,0,33.128,5,7,9,1056,3182,4884
1785740100,5 Obtain access token,49403,0,7.973,5,7,9,87,433,1232
1785740100,3 Perform authentication,49404,0,22.764,13,18,22,342,1068,2160
1785740100,1 Send request to authorize endpoint,49404,0,10.092,5,8,9,154,697,2052
1785740100,2 Start Authentication Flow,49404,0,7.861,4,6,7,115,611,1973
1785740100,__ALL__,247019,0,12.615,5,14,17,192,886,2160
1785740100,4 Obtain authorization code,49404,0,14.383,5,7,9,329,1156,2094
1785740400,5 Obtain access token,48993,0,13.346,5,8,11,272,1002,3840
1785740400,3 Perform authentication,48991,0,36.651,13,20,33,813,2197,3638
1785740400,1 Send request to authorize endpoint,48993,0,16.625,5,9,15,300,1604,3201
1785740400,2 Start Authentication Flow,48993,0,13.053,4,7,10,223,1519,3678
1785740400,__ALL__,244962,0,21.500,5,15,20,428,1922,4365
1785740400,4 Obtain authorization code,48992,0,27.828,5,8,15,738,2481,4365
1785740700,5 Obtain access token,49316,0,9.554,5,7,10,116,696,2304
1785740700,3 Perform authentication,49319,0,28.013,13,19,25,510,1658,2975
1785740700,1 Send request to authorize endpoint,49314,0,12.948,5,8,11,223,1122,2437
1785740700,2 Start Authentication Flow,49314,0,9.819,4,6,8,158,892,2373
1785740700,__ALL__,246579,0,15.980,5,14,18,276,1394,3259
1785740700,4 Obtain authorization code,49316,0,19.565,5,7,10,510,1810,3259
1785741000,5 Obtain access token,49303,0,10.721,5,7,11,172,720,2356
1785741000,3 Perform authentication,49302,0,32.200,13,19,27,655,1550,2835
1785741000,1 Send request to authorize endpoint,49302,0,14.271,5,8,11,252,1163,2897
1785741000,2 Start Authentication Flow,49301,0,10.784,4,6,9,192,1028,2557
1785741000,__ALL__,246513,0,18.230,5,14,19,353,1429,3294
1785741000,4 Obtain authorization code,49305,0,23.175,5,7,10,600,1815,3294
1785741300,5 Obtain access token,49122,0,11.692,5,7,9,177,988,2830
1785741300,3 Perform authentication,49128,0,32.416,13,19,23,692,1977,3786
1785741300,1 Send request to authorize endpoint,49124,0,16.260,5,8,10,304,1724,3980
1785741300,2 Start Authentication Flow,49124,0,12.595,4,6,8,230,1426,3097
1785741300,__ALL__,245621,0,20.060,5,14,17,417,1923,4344
1785741300,4 Obtain authorization code,49123,0,27.334,5,7,9,796,2468,4344
1785741600,5 Obtain access token,48947,0,15.839,5,7,9,308,1714,4211
1785741600,3 Perform authentication,48939,0,41.837,13,18,23,1111,2966,6211
1785741600,1 Send request to authorize endpoint,48948,0,22.594,5,8,10,486,2503,5768
1785741600,2 Start Authentication Flow,48949,0,17.233,4,6,8,294,2232,4804
1785741600,__ALL__,244726,0,26.946,5,14,17,661,2806,6505
1785741600,4 Obtain authorization code,48943,0,37.229,5,7,9,1260,3691,6505
1785741900,5 Obtain access token,49229,0,10.837,5,7,9,144,1026,2391
1785741900,3 Perform authentication,49231,0,28.473,13,18,23,522,1825,4018
1785741900,1 Send request to authorize endpoint,49228,0,14.416,5,8,9,258,1475,3398
1785741900,2 Start Authentication Flow,49225,0,11.049,4,6,8,192,1284,3514
1785741900,__ALL__,246144,0,17.465,5,14,17,310,1707,4018
1785741900,4 Obtain authorization code,49231,0,22.549,5,7,9,575,2336,3753
1785742200,5 Obtain access token,49034,0,13.889,5,7,10,259,1201,2962
1785742200,3 Perform authentication,49034,0,40.285,13,19,26,996,2617,4511
1785742200,1 Send request to authorize endpoint,49034,0,19.527,5,8,11,366,2039,4607
1785742200,2 Start Authentication Flow,49037,0,16.014,4,6,9,265,2093,5348
1785742200,__ALL__,245173,0,24.828,5,14,19,543,2460,5432
1785742200,4 Obtain authorization code,49034,0,34.426,5,7,10,1047,3194,5432
1785742500,5 Obtain access token,48911,0,15.402,5,11,35,242,1160,3144
1785742500,3 Perform authentication,48910,0,41.485,13,32,105,830,2201,4124
1785742500,1 Send request to authorize endpoint,48912,0,22.861,5,14,63,406,1701,3952
1785742500,2 Start Authentication Flow,48911,0,17.988,4,10,47,320,1604,3021
1785742500,__ALL__,244554,0,26.838,5,19,66,528,2013,4894
1785742500,4 Obtain authorization code,48910,0,36.456,5,14,99,923,2606,4894
1785742800,5 Obtain access token,48537,0,20.238,5,8,36,406,1608,3540
1785742800,3 Perform authentication,48537,0,53.294,13,20,161,1164,3007,6205
1785742800,1 Send request to authorize endpoint,48537,0,31.621,5,8,66,778,2368,5261
1785742800,2 Start Authentication Flow,48537,0,26.155,4,7,42,666,2267,4623
1785742800,__ALL__,242685,0,36.982,5,15,64,912,2847,6205
1785742800,4 Obtain authorization code,48537,0,53.604,5,8,154,1467,3680,5970
1785743100,5 Obtain access token,48354,0,20.379,5,7,9,461,2352,5406
1785743100,3 Perform authentication,48352,0,46.636,13,18,22,1271,4094,7666
1785743100,1 Send request to authorize endpoint,48354,0,34.582,5,8,9,1162,3775,7636
1785743100,2 Start Authentication Flow,48354,0,25.259,4,6,7,745,2982,6704
1785743100,__ALL__,241767,0,35.977,5,14,17,1107,3899,8554
1785743100,4 Obtain authorization code,48353,0,53.031,5,7,8,2056,4749,8554
1785743400,5 Obtain access token,48615,0,19.933,5,7,10,439,1993,4710
1785743400,3 Perform authentication,48616,0,49.317,13,19,26,1259,3616,7672
1785743400,1 Send request to authorize endpoint,48614,0,29.968,5,8,11,807,3030,6051
1785743400,2 Start Authentication Flow,48615,0,24.128,4,6,9,597,2829,5723
1785743400,__ALL__,243076,0,34.694,5,14,19,959,3548,8343
1785743400,4 Obtain authorization code,48616,0,50.121,5,7,11,1735,4754,8343
1785743700,5 Obtain access token,49625,0,6.321,5,7,8,30,229,651
1785743700,3 Perform authentication,49625,0,16.986,13,18,21,135,572,1143
1785743700,1 Send request to authorize endpoint,49625,0,7.163,5,7,9,49,344,1081
1785743700,2 Start Authentication Flow,49624,0,5.507,4,6,7,37,291,1076
1785743700,__ALL__,248124,0,8.871,5,13,16,55,463,1344
1785743700,4 Obtain authorization code,49625,0,8.377,5,7,8,100,561,1344
1785744000,5 Obtain access token,49108,0,12.354,5,9,24,203,687,1882
1785744000,3 Perform authentication,49111,0,35.654,13,22,74,706,1498,2927
1785744000,1 Send request to authorize endpoint,49109,0,18.023,5,9,40,396,1086,2813
1785744000,2 Start Authentication Flow,49109,0,14.290,4,7,26,315,1001,2042
1785744000,__ALL__,245546,0,21.540,5,16,39,470,1380,2927
1785744000,4 Obtain authorization code,49109,0,27.375,5,9,50,708,1729,2777
1785744300,5 Obtain access token,47741,0,30.813,5,10,92,720,2295,5860
1785744300,3 Perform authentication,47738,0,74.760,13,28,357,1584,3469,6371
1785744300,1 Send request to authorize endpoint,47738,0,49.718,5,11,179,1294,3093,5472
1785744300,2 Start Authentication Flow,47736,0,41.063,4,8,127,1105,2910,7025
1785744300,__ALL__,238692,0,56.435,5,19,200,1418,3481,7025
1785744300,4 Obtain authorization code,47739,0,85.823,5,10,424,2139,4590,6967
1785744600,5 Obtain access token,49604,0,6.465,5,7,8,16,276,543
1785744600,3 Perform authentication,49605,0,18.270,13,18,20,43,1275,1563
1785744600,1 Send request to authorize endpoint,49606,0,6.507,5,7,9,20,239,1559
1785744600,2 Start Authentication Flow,49607,0,4.879,4,6,7,13,182,1558
1785744600,__ALL__,248027,0,8.618,5,13,15,28,384,1563
1785744600,4 Obtain authorization code,49605,0,6.969,5,7,8,20,325,717
1785744900,5 Obtain access token,49073,0,9.864,5,7,9,112,880,2119
1785744900,3 Perform authentication,49072,0,27.873,13,18,22,546,1967,3646
1785744900,1 Send request to authorize endpoint,49072,0,13.205,5,7,9,224,1601,3617
1785744900,2 Start Authentication Flow,49073,0,9.978,4,6,7,144,1246,3097
1785744900,__ALL__,245362,0,16.459,5,13,16,251,1817,4451
1785744900,4 Obtain authorization code,49072,0,21.375,5,7,8,543,2377,4451
1785745200,5 Obtain access token,49473,0,7.442,5,8,9,44,385,1567
1785745200,3 Perform authentication,49473,0,21.050,13,19,25,217,1312,1573
1785745200,1 Send request to authorize endpoint,49474,0,7.555,5,8,11,64,328,774
1785745200,2 Start Authentication Flow,49475,0,5.712,4,6,8,43,240,1568
1785745200,__ALL__,247368,0,10.181,5,14,17,82,587,1573
1785745200,4 Obtain authorization code,49473,0,9.146,5,8,10,155,533,1164
1785745500,5 Obtain access token,49222,0,10.479,5,8,11,118,919,2284
1785745500,3 Perform authentication,49223,0,28.267,13,20,29,461,1987,3083
1785745500,1 Send request to authorize endpoint,49223,0,14.043,5,8,13,211,1499,3379
1785745500,2 Start Authentication Flow,49223,0,10.585,4,6,9,178,1131,3478
1785745500,__ALL__,246115,0,17.190,5,14,19,265,1683,4514
1785745500,4 Obtain authorization code,49224,0,22.574,5,8,12,573,2312,4514
1785745800,5 Obtain access token,49476,0,6.465,5,7,9,42,158,1583
1785745800,3 Perform authentication,49474,0,20.111,13,19,23,143,1357,1595
1785745800,1 Send request to authorize endpoint,49476,0,7.366,5,8,9,78,237,1584
1785745800,2 Start Authentication Flow,49473,0,5.530,4,6,7,59,188,338
1785745800,__ALL__,247373,0,9.520,5,14,17,82,392,1595
1785745800,4 Obtain authorization code,49474,0,8.129,5,7,9,121,345,1582
1785746100,5 Obtain access token,49532,0,6.423,5,7,9,38,200,483
1785746100,3 Perform authentication,49535,0,16.588,13,19,23,105,392,842
1785746100,1 Send request to authorize endpoint,49532,0,7.400,5,8,10,69,304,867
1785746100,2 Start Authentication Flow,49535,0,5.646,4,6,7,50,228,667
1785746100,__ALL__,247668,0,8.830,5,14,17,72,340,977
1785746100,4 Obtain authorization code,49534,0,8.092,5,7,9,89,458,977
1785746400,5 Obtain access token,49581,0,7.297,5,7,10,70,247,463
1785746400,3 Perform authentication,49580,0,21.544,13,19,25,202,1255,1573
1785746400,1 Send request to authorize endpoint,49578,0,8.606,5,8,11,112,294,1562
1785746400,2 Start Authentication Flow,49578,0,6.508,4,6,8,87,249,1557
1785746400,__ALL__,247897,0,10.959,5,14,18,130,563,1573
1785746400,4 Obtain authorization code,49580,0,10.839,5,8,10,204,589,1563
1785746700,5 Obtain access token,49534,0,6.521,5,7,9,43,201,486
1785746700,3 Perform authentication,49533,0,16.992,13,19,22,139,392,649
1785746700,1 Send request to authorize endpoint,49533,0,7.690,5,8,9,84,324,588
1785746700,2 Start Authentication Flow,49533,0,6.010,4,6,7,64,319,724
1785746700,__ALL__,247667,0,9.207,5,14,17,87,361,897
1785746700,4 Obtain authorization code,49534,0,8.823,5,7,9,135,439,897
1785747000,5 Obtain access token,49523,0,7.083,5,7,9,58,226,1564
1785747000,3 Perform authentication,49522,0,21.429,13,19,23,198,1323,1572
1785747000,1 Send request to authorize endpoint,49526,0,8.424,5,8,10,109,296,1565
1785747000,2 Start Authentication Flow,49523,0,6.532,4,6,8,87,284,551
1785747000,__ALL__,247616,0,10.776,5,14,18,124,528,1572
1785747000,4 Obtain authorization code,49522,0,10.415,5,8,10,181,547,1562
1785747300,5 Obtain access token,49567,0,5.414,5,7,8,13,29,44
1785747300,3 Perform authentication,49570,0,14.385,13,18,22,38,56,68
1785747300,1 Send request to authorize endpoint,49568,0,5.680,5,8,9,18,35,54
1785747300,2 Start Authentication Flow,49571,0,4.210,4,6,7,11,24,42
1785747300,__ALL__,247844,0,7.054,5,14,16,24,45,68
1785747300,4 Obtain authorization code,49568,0,5.580,5,7,9,18,35,51
1785747600,5 Obtain access token,49480,0,7.429,5,7,9,63,326,1568
1785747600,3 Perform authentication,49481,0,21.128,13,18,23,191,1252,1573
1785747600,1 Send request to authorize endpoint,49478,0,8.183,5,8,10,103,309,1572
1785747600,2 Start Authentication Flow,49475,0,6.111,4,6,8,76,259,472
1785747600,__ALL__,247396,0,10.435,5,14,17,120,456,1573
1785747600,4 Obtain authorization code,49482,0,9.325,5,7,9,175,377,830
1785747900,5 Obtain access token,49476,0,6.446,5,8,10,38,153,518
1785747900,3 Perform authentication,49473,0,17.311,13,20,26,118,372,663
1785747900,1 Send request to authorize endpoint,49478,0,7.572,5,8,11,68,265,768
1785747900,2 Start Authentication Flow,49481,0,5.719,4,6,8,52,222,560
1785747900,__ALL__,247381,0,9.110,5,14,18,74,312,768
1785747900,4 Obtain authorization code,49473,0,8.504,5,8,11,107,371,572
1785748200,5 Obtain access token,49468,0,8.265,5,8,13,87,326,1564
1785748200,3 Perform authentication,49469,0,23.683,13,22,39,254,1294,1572
1785748200,1 Send request to authorize endpoint,49467,0,9.540,5,9,17,134,363,636
1785748200,2 Start Authentication Flow,49466,0,7.148,4,7,11,97,295,1560
1785748200,__ALL__,247339,0,12.097,5,15,22,159,513,1572
1785748200,4 Obtain authorization code,49469,0,11.845,5,9,18,249,469,1562
1785748500,5 Obtain access token,49307,0,9.552,5,8,11,128,614,1566
1785748500,3 Perform authentication,49307,0,24.984,13,21,31,413,1300,2025
1785748500,1 Send request to authorize endpoint,49307,0,13.032,5,8,13,278,946,2231
1785748500,2 Start Authentication Flow,49308,0,11.260,4,6,9,256,959,1771
1785748500,__ALL__,246537,0,15.355,5,15,19,303,1129,2817
1785748500,4 Obtain authorization code,49308,0,17.946,5,8,13,491,1429,2817
1785748800,5 Obtain access token,49403,0,7.854,5,9,14,75,235,1597
1785748800,3 Perform authentication,49402,0,24.289,14,24,42,265,1268,1588
1785748800,1 Send request to authorize endpoint,49404,0,9.592,5,10,19,132,341,563
1785748800,2 Start Authentication Flow,49402,0,7.261,4,7,12,102,299,531
1785748800,__ALL__,247013,0,12.166,5,16,24,155,529,1597
1785748800,4 Obtain authorization code,49402,0,11.833,5,9,20,209,500,910
1785749100,5 Obtain access token,49250,0,9.326,5,8,12,99,571,2561
1785749100,3 Perform authentication,49251,0,26.701,13,22,38,382,1598,3048
1785749100,1 Send request to authorize endpoint,49249,0,12.764,5,9,17,203,992,2311
1785749100,2 Start Authentication Flow,49247,0,9.874,4,7,11,155,886,2183
1785749100,__ALL__,246246,0,15.490,5,15,22,218,1364,3109
1785749100,4 Obtain authorization code,49249,0,18.783,5,9,18,396,1768,3109
1785749400,5 Obtain access token,49365,0,5.853,5,7,9,19,110,1547
1785749400,3 Perform authentication,49366,0,18.352,13,19,22,53,1226,1547
1785749400,1 Send request to authorize endpoint,49364,0,6.296,5,8,9,28,176,450
1785749400,2 Start Authentication Flow,49368,0,4.854,4,6,7,20,138,1546
1785749400,__ALL__,246829,0,8.462,5,14,16,33,319,1547
1785749400,4 Obtain authorization code,49366,0,6.956,5,7,9,30,309,1547
1785749700,5 Obtain access token,49363,0,8.792,5,7,9,98,535,1752
1785749700,3 Perform authentication,49364,0,23.670,13,19,24,303,1251,3031
1785749700,1 Send request to authorize endpoint,49362,0,11.405,5,8,10,168,920,2333
1785749700,2 Start Authentication Flow,49362,0,9.064,4,6,8,143,798,2969
1785749700,__ALL__,246815,0,13.926,5,14,18,192,1186,3031
1785749700,4 Obtain authorization code,49364,0,16.696,5,8,10,331,1555,2756
1785750000,5 Obtain access token,49252,0,10.864,5,8,13,163,730,2781
1785750000,3 Perform authentication,49250,0,31.246,14,23,38,606,1543,3329
1785750000,1 Send request to authorize endpoint,49255,0,13.671,5,9,18,224,1112,2749
1785750000,2 Start Authentication Flow,49255,0,10.207,4,7,12,164,815,2622
1785750000,__ALL__,246263,0,17.397,5,15,23,297,1428,3329
1785750000,4 Obtain authorization code,49251,0,20.999,5,9,19,456,1797,3207
1785750300,5 Obtain access token,49354,0,9.853,5,9,17,121,511,1267
1785750300,3 Perform authentication,49354,0,26.896,14,24,54,395,1061,1790
1785750300,1 Send request to authorize endpoint,49350,0,13.423,5,11,27,212,853,2136
1785750300,2 Start Authentication Flow,49349,0,10.494,4,7,16,187,734,1615
1785750300,__ALL__,246761,0,16.104,5,16,30,257,1004,2499
1785750300,4 Obtain authorization code,49354,0,19.855,5,11,30,437,1351,2499
1785750600,5 Obtain access token,48944,0,15.409,5,10,38,263,978,3153
1785750600,3 Perform authentication,48946,0,43.941,14,30,144,862,1819,3075
1785750600,1 Send request to authorize endpoint,48948,0,21.314,5,13,72,371,1423,3008
1785750600,2 Start Authentication Flow,48949,0,17.098,4,9,53,303,1380,3203
1785750600,__ALL__,244733,0,26.516,5,19,74,504,1674,4246
1785750600,4 Obtain authorization code,48946,0,34.815,5,13,134,791,2283,4246
1785750900,5 Obtain access token,49106,0,11.734,5,9,20,164,857,3243
1785750900,3 Perform authentication,49105,0,32.527,13,24,60,563,1856,3512
1785750900,1 Send request to authorize endpoint,49106,0,15.785,5,10,30,277,1196,3223
1785750900,2 Start Authentication Flow,49106,0,12.650,4,7,19,219,1129,3004
1785750900,__ALL__,245527,0,19.692,5,16,32,344,1598,3974
1785750900,4 Obtain authorization code,49104,0,25.767,5,10,35,632,2154,3974
1785751200,5 Obtain access token,49519,0,6.014,5,7,9,19,123,1588
1785751200,3 Perform authentication,49520,0,19.161,13,19,23,53,1341,1594
1785751200,1 Send request to authorize endpoint,49518,0,6.460,5,8,10,27,184,1588
1785751200,2 Start Authentication Flow,49516,0,4.885,4,6,7,18,152,417
1785751200,__ALL__,247591,0,8.713,5,14,17,34,364,1594
1785751200,4 Obtain authorization code,49518,0,7.046,5,8,10,28,314,1586
1785751500,5 Obtain access token,49103,0,11.988,5,8,21,196,697,2337
1785751500,3 Perform authentication,49100,0,36.239,13,21,77,733,1637,3048
1785751500,1 Send request to authorize endpoint,49104,0,16.159,5,9,33,298,1072,2755
1785751500,2 Start Authentication Flow,49105,0,13.073,4,7,23,237,1066,2696
1785751500,__ALL__,245516,0,20.873,5,15,35,406,1491,3048
1785751500,4 Obtain authorization code,49104,0,26.908,5,9,52,640,1906,3014
1785751800,5 Obtain access token,48969,0,12.184,5,8,13,150,1167,2546
1785751800,3 Perform authentication,48969,0,33.434,14,23,37,655,2254,4204
1785751800,1 Send request to authorize endpoint,48968,0,16.842,5,9,18,303,1699,3694
1785751800,2 Start Authentication Flow,48969,0,13.518,4,7,11,226,1619,3939
1785751800,__ALL__,244844,0,20.680,5,16,23,360,2022,4342
1785751800,4 Obtain authorization code,48969,0,27.423,5,9,18,734,2454,4342
1785752100,5 Obtain access token,49088,0,12.716,5,10,31,195,661,1784
1785752100,3 Perform authentication,49089,0,37.976,14,31,119,674,1481,2327
1785752100,1 Send request to authorize endpoint,49088,0,17.754,5,13,54,307,1007,2720
1785752100,2 Start Authentication Flow,49086,0,14.139,4,9,39,255,905,2217
1785752100,__ALL__,245439,0,22.105,6,19,57,408,1304,2720
1785752100,4 Obtain authorization code,49088,0,27.937,5,14,95,601,1622,2718
1785752400,5 Obtain access token,48510,0,18.460,5,9,17,378,1874,5639
1785752400,3 Perform authentication,48510,0,47.394,14,27,51,1128,3692,7040
1785752400,1 Send request to authorize endpoint,48510,0,30.638,5,11,26,836,3235,5712
1785752400,2 Start Authentication Flow,48512,0,24.435,4,8,16,528,2928,6448
1785752400,__ALL__,242551,0,33.822,6,17,31,864,3426,7080
1785752400,4 Obtain authorization code,48509,0,48.184,5,11,29,1696,4354,7080
1785752700,5 Obtain access token,49149,0,12.004,5,8,17,196,783,1744
1785752700,3 Perform authentication,49149,0,36.896,14,23,54,792,1531,2460
1785752700,1 Send request to authorize endpoint,49150,0,17.146,5,9,28,338,1231,2623
1785752700,2 Start Authentication Flow,49148,0,13.520,4,7,16,282,932,2205
1785752700,__ALL__,245746,0,21.190,5,16,30,441,1401,2895
1785752700,4 Obtain authorization code,49150,0,26.386,5,9,29,669,1679,2895
1785753000,5 Obtain access token,49380,0,6.012,5,7,8,30,148,378
1785753000,3 Perform authentication,49380,0,15.721,13,18,21,102,269,614
1785753000,1 Send request to authorize endpoint,49379,0,6.739,5,7,9,52,245,614
1785753000,2 Start Authentication Flow,49381,0,5.116,4,6,7,36,195,459
1785753000,__ALL__,246901,0,8.197,5,14,16,53,256,642
1785753000,4 Obtain authorization code,49381,0,7.399,5,7,8,76,336,642
1785753300,5 Obtain access token,49161,0,12.129,5,10,20,164,941,2635
1785753300,3 Perform authentication,49163,0,37.324,14,27,63,789,2012,4374
1785753300,1 Send request to authorize endpoint,49162,0,16.842,5,11,32,272,1371,3686
1785753300,2 Start Authentication Flow,49160,0,13.310,4,8,20,228,1292,2761
1785753300,__ALL__,245807,0,21.258,5,17,35,362,1760,4374
1785753300,4 Obtain authorization code,49161,0,26.683,5,12,38,598,2287,3243
1785753600,5 Obtain access token,48719,0,17.722,5,9,16,316,1841,3449
1785753600,3 Perform authentication,48717,0,45.033,14,25,49,1049,3720,6354
1785753600,1 Send request to authorize endpoint,48719,0,25.516,5,10,23,564,2757,5916
1785753600,2 Start Authentication Flow,48719,0,20.235,4,7,15,380,2524,5960
1785753600,__ALL__,243592,0,30.108,5,16,28,712,3075,6536
1785753600,4 Obtain authorization code,48718,0,42.034,5,11,27,1407,3814,6536
1785753900,5 Obtain access token,48354,0,20.309,5,9,21,429,2002,4897
1785753900,3 Perform authentication,48353,0,52.521,14,24,69,1247,3727,7265
1785753900,1 Send request to authorize endpoint,48352,0,33.874,5,10,31,954,3496,5590
1785753900,2 Start Authentication Flow,48354,0,27.623,4,7,21,712,3165,6235
1785753900,__ALL__,241767,0,37.773,5,16,34,1043,3669,7660
1785753900,4 Obtain authorization code,48354,0,54.540,5,10,40,1865,4632,7660
1785754200,5 Obtain access token,49121,0,12.492,5,9,17,165,1116,4433
1785754200,3 Perform authentication,49123,0,35.654,14,24,58,680,2403,4004
1785754200,1 Send request to authorize endpoint,49122,0,17.605,5,10,25,292,1579,4448
1785754200,2 Start Authentication Flow,49121,0,14.452,4,7,17,225,1719,3138
1785754200,__ALL__,245608,0,21.918,5,16,29,367,2152,4646
1785754200,4 Obtain authorization code,49121,0,29.386,5,10,35,811,2629,4646
1785754500,5 Obtain access token,49472,0,6.193,5,7,8,25,194,1588
1785754500,3 Perform authentication,49499,0,19.068,13,18,21,80,1325,1594
1785754500,1 Send request to authorize endpoint,49459,0,6.624,5,7,9,38,247,558
1785754500,2 Start Authentication Flow,49451,0,5.089,4,6,7,27,221,1588
1785754500,__ALL__,247358,0,8.900,5,13,16,40,433,1595
1785754500,4 Obtain authorization code,49477,0,7.520,5,7,9,54,410,1595
1785754800,5 Obtain access token,49207,0,10.088,5,9,20,132,471,1156
1785754800,3 Perform authentication,49180,0,28.503,13,23,75,437,965,1697
1785754800,1 Send request to authorize endpoint,49219,0,13.499,5,10,33,218,747,1567
1785754800,2 Start Authentication Flow,49227,0,10.601,4,7,22,176,671,1773
1785754800,__ALL__,246036,0,16.655,5,16,35,286,875,1992
1785754800,4 Obtain authorization code,49203,0,20.595,5,10,50,475,1072,1992
1785755100,5 Obtain access token,48511,0,17.895,5,9,23,312,1750,5704
1785755100,3 Perform authentication,48513,0,52.543,14,23,81,1288,3698,5937
1785755100,1 Send request to authorize endpoint,48510,0,26.669,5,10,36,475,2889,5651
1785755100,2 Start Authentication Flow,48511,0,20.096,4,7,24,306,2517,5113
1785755100,__ALL__,242556,0,33.176,5,16,39,697,3537,6965
1785755100,4 Obtain authorization code,48511,0,48.677,5,10,53,1426,4621,6965
1785755400,5 Obtain access token,48613,0,16.803,5,9,28,309,1334,3093
1785755400,3 Perform authentication,48612,0,51.656,14,25,93,1262,2788,4353
1785755400,1 Send request to authorize endpoint,48614,0,27.196,5,11,48,630,2248,4767
1785755400,2 Start Authentication Flow,48614,0,20.067,4,8,32,409,1945,3633
1785755400,__ALL__,243065,0,32.759,5,17,49,851,2540,5473
1785755400,4 Obtain authorization code,48612,0,48.076,5,11,71,1469,3113,5473
1785755700,5 Obtain access token,48527,0,19.717,5,9,24,404,1795,4611
1785755700,3 Perform authentication,48526,0,50.315,14,25,80,1250,3263,5809
1785755700,1 Send request to authorize endpoint,48527,0,33.403,5,10,37,946,3106,7082
1785755700,2 Start Authentication Flow,48525,0,25.786,4,8,26,639,2794,7417
1785755700,__ALL__,242633,0,36.234,6,17,40,1000,3341,8730
1785755700,4 Obtain authorization code,48528,0,51.950,5,11,53,1793,4304,8730
1785756000,5 Obtain access token,49328,0,9.645,5,8,10,104,843,2573
1785756000,3 Perform authentication,49326,0,26.692,13,20,28,459,1631,3083
1785756000,1 Send request to authorize endpoint,49330,0,13.021,5,8,12,202,1292,2848
1785756000,2 Start Authentication Flow,49332,0,9.935,4,6,9,151,1140,2926
1785756000,__ALL__,246642,0,15.825,5,14,18,233,1542,3360
1785756000,4 Obtain authorization code,49326,0,19.832,5,8,12,489,2065,3360
1785756300,5 Obtain access token,49306,0,9.806,5,8,14,128,557,1777
1785756300,3 Perform authentication,49306,0,29.550,13,20,44,495,1444,2949
1785756300,1 Send request to authorize endpoint,49305,0,13.113,5,8,19,207,1002,2177
1785756300,2 Start Authentication Flow,49304,0,10.258,4,6,12,176,852,2162
1785756300,__ALL__,246527,0,16.519,5,15,23,281,1252,2949
1785756300,4 Obtain authorization code,49306,0,19.867,5,8,23,450,1522,2525
1785756600,5 Obtain access token,48638,0,17.280,5,8,14,317,1786,3520
1785756600,3 Perform authentication,48641,0,43.337,14,22,43,1038,3286,6777
1785756600,1 Send request to authorize endpoint,48638,0,27.986,5,9,19,744,3024,5280
1785756600,2 Start Authentication Flow,48638,0,22.669,4,7,13,520,2642,5527
1785756600,__ALL__,243196,0,31.118,5,16,25,834,3144,6957
1785756600,4 Obtain authorization code,48641,0,44.314,5,9,22,1538,4031,6957
1785756900,5 Obtain access token,48465,0,21.422,5,9,16,493,2117,4944
1785756900,3 Perform authentication,48468,0,52.290,13,24,49,1284,3582,7901
1785756900,1 Send request to authorize endpoint,48466,0,34.942,5,10,23,1057,3257,6966
1785756900,2 Start Authentication Flow,48465,0,31.261,4,7,15,1054,3157,6176
1785756900,__ALL__,242330,0,38.804,5,16,29,1153,3579,7901
1785756900,4 Obtain authorization code,48466,0,54.105,5,10,28,1857,4406,6896
1785757200,5 Obtain access token,48556,0,18.663,5,9,22,362,1590,3757
1785757200,3 Perform authentication,48552,0,49.419,14,26,71,1154,2888,4674
1785757200,1 Send request to authorize endpoint,48555,0,27.485,5,11,34,657,2378,5430
1785757200,2 Start Authentication Flow,48557,0,21.029,4,8,22,447,2068,4154
1785757200,__ALL__,242774,0,32.799,6,17,38,839,2712,7003
1785757200,4 Obtain authorization code,48554,0,47.400,5,11,45,1476,3440,7003
1785757500,5 Obtain access token,49069,0,11.593,5,8,13,177,794,2416
1785757500,3 Perform authentication,49069,0,33.421,13,21,40,664,1608,3215
1785757500,1 Send request to authorize endpoint,49069,0,15.799,5,9,17,301,1214,2782
1785757500,2 Start Authentication Flow,49069,0,12.762,4,7,11,231,1137,3099
1785757500,__ALL__,245343,0,19.907,5,15,23,399,1525,3261
1785757500,4 Obtain authorization code,49067,0,25.963,5,8,19,676,1947,3261
1785757800,5 Obtain access token,49571,0,7.557,5,7,9,54,419,1485
1785757800,3 Perform authentication,49570,0,19.824,13,19,25,194,843,1861
1785757800,1 Send request to authorize endpoint,49572,0,8.901,5,8,11,106,535,1484
1785757800,2 Start Authentication Flow,49572,0,6.837,4,6,8,74,450,1594
1785757800,__ALL__,247858,0,11.029,5,14,17,114,742,2259
1785757800,4 Obtain authorization code,49573,0,12.026,5,8,11,196,1069,2259
1785758100,5 Obtain access token,48673,0,16.049,5,10,21,270,1514,2931
1785758100,3 Perform authentication,48674,0,46.525,14,27,76,1049,2664,4825
1785758100,1 Send request to authorize endpoint,48670,0,23.369,5,12,33,446,2197,4687
1785758100,2 Start Authentication Flow,48669,0,17.754,4,8,22,339,1796,4203
1785758100,__ALL__,243358,0,29.049,6,17,38,663,2547,5704
1785758100,4 Obtain authorization code,48672,0,41.546,5,12,45,1220,3320,5704
1785758400,5 Obtain access token,48414,0,20.871,5,9,15,480,2056,4491
1785758400,3 Perform authentication,48413,0,48.409,14,23,46,1234,3358,7834
1785758400,1 Send request to authorize endpoint,48416,0,35.111,5,9,21,1125,3340,7204
1785758400,2 Start Authentication Flow,48415,0,31.001,4,7,13,1073,3188,7266
1785758400,__ALL__,242073,0,37.883,5,16,25,1153,3521,7834
1785758400,4 Obtain authorization code,48415,0,54.022,5,10,24,1893,4661,7199
1785758700,5 Obtain access token,45857,0,54.935,5,80,296,1116,2419,4411
1785758700,3 Perform authentication,45855,0,134.833,14,353,911,2151,3871,5369
1785758700,1 Send request to authorize endpoint,45856,0,99.282,6,186,658,1927,3567,5770
1785758700,2 Start Authentication Flow,45857,0,86.441,4,137,548,1767,3471,5738
1785758700,__ALL__,229280,0,107.477,6,185,715,2082,3796,6381
1785758700,4 Obtain authorization code,45855,0,161.895,6,414,1235,2792,4615,6381
1785759000,5 Obtain access token,49592,0,5.758,5,7,8,17,126,561
1785759000,3 Perform authentication,49595,0,18.211,13,18,20,51,1247,1583
1785759000,1 Send request to authorize endpoint,49593,0,6.228,5,8,9,20,188,412
1785759000,2 Start Authentication Flow,49589,0,4.727,4,6,7,15,161,394
1785759000,__ALL__,247962,0,8.333,5,13,16,27,362,1583
1785759000,4 Obtain authorization code,49593,0,6.740,5,7,8,19,327,1569
1785759300,5 Obtain access token,46235,0,49.236,5,68,253,1026,2159,4927
1785759300,3 Perform authentication,46235,0,114.961,14,275,732,1891,3516,6587
1785759300,1 Send request to authorize endpoint,46236,0,89.273,5,142,572,1785,3382,5437
1785759300,2 Start Authentication Flow,46241,0,78.036,4,108,469,1640,3275,5195
1785759300,__ALL__,231182,0,94.405,6,149,593,1867,3621,7043
1785759300,4 Obtain authorization code,46235,0,140.522,5,313,1029,2604,4371,7043
1785759600,5 Obtain access token,46245,0,48.550,5,83,268,941,2001,3938
1785759600,3 Perform authentication,46243,0,123.389,14,341,803,1871,3503,5654
1785759600,1 Send request to authorize endpoint,46244,0,88.299,5,179,579,1659,3157,5216
1785759600,2 Start Authentication Flow,46244,0,75.584,4,136,477,1495,2911,4314
1785759600,__ALL__,231220,0,95.925,6,191,623,1769,3350,6285
1785759600,4 Obtain authorization code,46244,0,143.805,6,392,1051,2415,4040,6285
1785759900,5 Obtain access token,47176,0,37.747,5,12,158,885,2146,3662
1785759900,3 Perform authentication,47375,0,93.164,14,38,574,1811,3589,5764
1785759900,1 Send request to authorize endpoint,47050,0,63.249,5,13,324,1467,3150,5237
1785759900,2 Start Authentication Flow,46932,0,53.572,4,9,228,1336,3008,4410
1785759900,__ALL__,235776,0,70.341,6,22,364,1637,3394,5974
1785759900,4 Obtain authorization code,47243,0,103.723,5,15,743,2244,4052,5974
1785760200,5 Obtain access token,48718,0,17.883,5,8,12,375,1543,3573
1785760200,3 Perform authentication,48520,0,44.109,13,19,25,1063,2470,5614
1785760200,1 Send request to authorize endpoint,48845,0,29.860,5,8,13,810,2299,4206
1785760200,2 Start Authentication Flow,48963,0,27.207,4,6,14,770,2241,5155
1785760200,__ALL__,243699,0,32.699,5,15,22,874,2557,5614
1785760200,4 Obtain authorization code,48653,0,44.533,5,8,11,1320,3224,5315
1785760500,5 Obtain access token,46563,0,46.066,5,67,240,917,2041,3551
1785760500,3 Perform authentication,46563,0,111.808,15,288,737,1730,3077,4977
1785760500,1 Send request to authorize endpoint,46563,0,80.880,6,158,512,1533,2866,5079
1785760500,2 Start Authentication Flow,46563,0,72.899,4,121,457,1470,2890,5005
1785760500,__ALL__,232814,0,88.326,6,157,576,1666,3093,6375
1785760500,4 Obtain authorization code,46562,0,129.977,6,330,972,2239,3618,6375
1785760800,5 Obtain access token,46154,0,51.281,5,78,288,1004,2248,3652
1785760800,3 Perform authentication,46155,0,125.065,14,331,830,1980,3656,5929
1785760800,1 Send request to authorize endpoint,46152,0,90.112,6,172,602,1683,3374,5977
1785760800,2 Start Authentication Flow,46151,0,81.605,4,129,524,1643,3342,5221
1785760800,__ALL__,230768,0,98.850,6,178,650,1886,3610,7476
1785760800,4 Obtain authorization code,46156,0,146.180,6,360,1099,2541,4452,7476
1785761100,5 Obtain access token,48384,0,19.203,5,8,12,428,2198,4644
1785761100,3 Perform authentication,48613,0,48.482,14,22,42,1215,3699,7321
1785761100,1 Send request to authorize endpoint,48239,0,28.998,5,9,12,859,3183,8253
1785761100,2 Start Authentication Flow,48080,0,23.548,4,6,9,639,3046,5427
1785761100,__ALL__,241755,0,33.087,5,15,20,926,3549,9162
1785761100,4 Obtain authorization code,48439,0,45.046,5,8,13,1677,4438,9162
1785761400,5 Obtain access token,46065,0,52.370,5,80,280,1036,2271,5482
1785761400,3 Perform authentication,45836,0,124.530,14,329,815,1905,3466,8515
1785761400,1 Send request to authorize endpoint,46210,0,101.498,5,199,656,1907,3680,7088
1785761400,2 Start Authentication Flow,46369,0,90.892,4,160,596,1766,3503,7262
1785761400,__ALL__,230488,0,103.963,6,198,678,1937,3730,8515
1785761400,4 Obtain authorization code,46008,0,150.779,6,380,1104,2606,4410,7996
1785761700,5 Obtain access token,48529,0,19.178,5,8,13,385,1861,4774
1785761700,3 Perform authentication,48527,0,50.169,13,22,42,1226,3081,5701
1785761700,1 Send request to authorize endpoint,48527,0,27.616,5,9,16,654,2701,4704
1785761700,2 Start Authentication Flow,48526,0,21.485,4,7,11,470,2297,4752
1785761700,__ALL__,242637,0,33.570,5,15,25,880,2976,6368
1785761700,4 Obtain authorization code,48528,0,49.401,5,9,19,1516,3886,6368
1785762000,5 Obtain access token,47425,0,34.681,5,33,142,712,2023,3996
1785762000,3 Perform authentication,47427,0,86.367,15,135,463,1509,3479,6916
1785762000,1 Send request to authorize endpoint,47428,0,56.216,6,61,257,1235,2971,5580
1785762000,2 Start Authentication Flow,47430,0,45.776,4,43,194,1057,2731,5484
1785762000,__ALL__,237136,0,63.305,6,65,296,1363,3363,7261
1785762000,4 Obtain authorization code,47426,0,93.486,6,120,496,2058,4360,7261
1785762300,5 Obtain access token,48345,0,21.611,6,19,78,399,1121,3339
1785762300,3 Perform authentication,48342,0,59.603,15,84,278,998,2208,4339
1785762300,1 Send request to authorize endpoint,48345,0,33.391,6,27,149,671,1724,3889
1785762300,2 Start Authentication Flow,48344,0,26.878,4,19,112,561,1581,4492
1785762300,__ALL__,241720,0,39.661,6,32,165,814,2006,4492
1785762300,4 Obtain authorization code,48344,0,56.824,6,47,316,1243,2451,4416
1785762600,5 Obtain access token,48725,0,16.939,5,13,41,265,1328,3078
1785762600,3 Perform authentication,48728,0,49.363,15,39,155,948,2582,4589
1785762600,1 Send request to authorize endpoint,48726,0,24.770,6,16,74,454,1821,4277
1785762600,2 Start Authentication Flow,48723,0,20.134,4,11,55,371,1739,4153
1785762600,__ALL__,243627,0,30.305,6,22,82,600,2256,5206
1785762600,4 Obtain authorization code,48725,0,40.318,6,17,128,929,2887,5206
1785762900,5 Obtain access token,48632,0,17.763,5,10,26,309,1734,3645
1785762900,3 Perform authentication,48631,0,46.766,14,29,112,931,2743,5144
1785762900,1 Send request to authorize endpoint,48632,0,27.083,6,12,43,554,2462,4889
1785762900,2 Start Authentication Flow,48635,0,20.503,4,9,31,420,2041,4682
1785762900,__ALL__,243162,0,31.711,6,18,48,671,2720,7009
1785762900,4 Obtain authorization code,48632,0,46.442,6,12,83,1335,3577,7009
1785763200,5 Obtain access token,49392,0,8.549,5,8,12,92,385,1584
1785763200,3 Perform authentication,49391,0,27.192,14,22,33,417,1269,1655
1785763200,1 Send request to authorize endpoint,49392,0,10.977,5,9,14,167,570,1587
1785763200,2 Start Authentication Flow,49391,0,8.299,4,7,10,129,465,1586
1785763200,__ALL__,246959,0,13.990,5,15,21,215,846,1655
1785763200,4 Obtain authorization code,49393,0,14.933,5,9,14,321,853,1621
1785763500,5 Obtain access token,49326,0,9.097,5,8,11,109,545,1856
1785763500,3 Perform authentication,49327,0,24.976,14,21,29,354,1116,2467
1785763500,1 Send request to authorize endpoint,49324,0,11.398,5,9,12,197,724,2423
1785763500,2 Start Authentication Flow,49325,0,8.822,4,7,9,145,624,1806
1785763500,__ALL__,246628,0,14.202,5,15,20,234,947,2467
1785763500,4 Obtain authorization code,49326,0,16.714,5,8,12,412,1289,2233
1785763800,5 Obtain access token,49408,0,8.883,5,8,12,101,423,1061
1785763800,3 Perform authentication,49407,0,26.092,14,22,32,369,1285,1997
1785763800,1 Send request to authorize endpoint,49410,0,10.529,5,9,13,155,528,1999
1785763800,2 Start Authentication Flow,49410,0,8.097,4,7,10,125,452,1415
1785763800,__ALL__,247042,0,13.632,5,15,21,202,868,2081
1785763800,4 Obtain authorization code,49407,0,14.559,5,9,13,294,934,2081
1785764100,5 Obtain access token,49326,0,8.530,5,8,11,95,416,1216
1785764100,3 Perform authentication,49325,0,23.324,14,22,32,315,785,1437
1785764100,1 Send request to authorize endpoint,49322,0,10.724,5,9,14,164,601,1165
1785764100,2 Start Authentication Flow,49321,0,8.267,4,7,10,129,537,1305
1785764100,__ALL__,246620,0,13.097,5,15,20,203,720,1770
1785764100,4 Obtain authorization code,49326,0,14.641,5,9,14,311,929,1770
1785764400,5 Obtain access token,48667,0,17.167,5,8,11,331,1708,4257
1785764400,3 Perform authentication,48670,0,44.364,14,21,27,1185,2849,5898
1785764400,1 Send request to authorize endpoint,48671,0,24.961,5,8,12,677,2498,5905
1785764400,2 Start Authentication Flow,48671,0,19.648,4,7,9,430,2170,4698
1785764400,__ALL__,243346,0,29.736,5,15,20,810,2850,7092
1785764400,4 Obtain authorization code,48667,0,42.540,5,8,11,1452,3916,7092
1785764700,5 Obtain access token,48798,0,16.093,5,8,18,323,1339,3226
1785764700,3 Perform authentication,48796,0,39.356,14,22,67,818,2352,5040
1785764700,1 Send request to authorize endpoint,48796,0,24.683,5,9,24,665,2158,4436
1785764700,2 Start Authentication Flow,48798,0,20.196,4,7,16,521,1925,5836
1785764700,__ALL__,243986,0,27.770,5,16,29,686,2331,5836
1785764700,4 Obtain authorization code,48798,0,38.521,5,9,38,1203,3061,5022
1785765000,5 Obtain access token,47594,628,11.793,5,9,19,211,480,1556
1785765000,3 Perform authentication,47597,628,245.917,14,22,125,10916,13447,14453
1785765000,1 Send request to authorize endpoint,47594,0,15.719,5,9,39,306,652,1661
1785765000,2 Start Authentication Flow,47593,0,13.299,4,8,28,257,642,966
1785765000,__ALL__,237973,1256,61.762,6,16,37,445,12199,14453
1785765000,4 Obtain authorization code,47595,0,22.072,6,9,56,491,911,1558
1785765300,5 Obtain access token,48557,0,17.313,6,10,16,360,1349,2854
1785765300,3 Perform authentication,48557,0,40.240,14,23,46,850,2080,4338
1785765300,1 Send request to authorize endpoint,48558,0,28.614,6,11,19,803,2137,3905
1785765300,2 Start Authentication Flow,48559,0,25.525,5,9,16,744,1979,4634
1785765300,__ALL__,242788,0,30.112,6,16,26,792,2156,5474
1785765300,4 Obtain authorization code,48557,0,38.866,6,10,22,1181,2813,5474
1785765600,5 Obtain access token,49193,0,11.686,5,8,12,192,694,1747
1785765600,3 Perform authentication,49193,0,31.097,14,20,33,582,1424,2127
1785765600,1 Send request to authorize endpoint,49191,0,16.448,5,9,14,311,1317,2341
1785765600,2 Start Authentication Flow,49189,0,12.899,4,7,11,231,1124,2302
1785765600,__ALL__,245959,0,18.809,6,15,21,381,1343,2432
1785765600,4 Obtain authorization code,49193,0,21.913,5,8,14,520,1543,2432
1785765900,5 Obtain access token,49361,0,10.224,5,9,14,109,677,1912
1785765900,3 Perform authentication,49359,0,25.805,14,22,43,360,1299,2404
1785765900,1 Send request to authorize endpoint,49359,0,14.527,6,10,21,241,1180,1873
1785765900,2 Start Authentication Flow,49360,0,11.985,4,8,13,192,1096,2319
1785765900,__ALL__,246800,0,16.245,6,16,23,253,1251,2404
1785765900,4 Obtain authorization code,49361,0,18.684,5,10,21,428,1477,2259
1785766200,5 Obtain access token,49544,0,6.615,5,8,9,16,253,1569
1785766200,3 Perform authentication,49545,0,18.920,13,18,22,40,1295,1571
1785766200,1 Send request to authorize endpoint,49549,0,6.795,5,8,10,20,225,1565
1785766200,2 Start Authentication Flow,49549,0,5.100,4,6,8,14,157,1564
1785766200,__ALL__,247730,0,9.074,5,14,16,28,511,1571
1785766200,4 Obtain authorization code,49543,0,7.943,5,7,9,20,551,1564
1785766500,5 Obtain access token,49710,0,5.520,5,7,8,11,22,37
1785766500,3 Perform authentication,49709,0,13.829,13,18,20,28,49,118
1785766500,1 Send request to authorize endpoint,49707,0,5.664,5,8,9,13,24,39
1785766500,2 Start Authentication Flow,49708,0,4.337,4,6,7,10,20,36
1785766500,__ALL__,248545,0,6.949,5,13,15,21,34,118
1785766500,4 Obtain authorization code,49711,0,5.395,5,7,8,12,22,60
1785766800,5 Obtain access token,49570,0,6.890,6,8,10,18,224,1565
1785766800,3 Perform authentication,49569,0,19.285,14,19,22,42,1325,1576
1785766800,1 Send request to authorize endpoint,49572,0,7.264,6,9,11,21,258,1562
1785766800,2 Start Authentication Flow,49572,0,5.764,4,7,9,18,247,1565
1785766800,__ALL__,247853,0,9.347,6,14,17,30,394,1576
1785766800,4 Obtain authorization code,49570,0,7.531,5,8,10,22,348,1565
1785767100,5 Obtain access token,49583,0,5.783,5,8,9,13,24,37
1785767100,3 Perform authentication,49583,0,14.166,13,18,21,29,43,65
1785767100,1 Send request to authorize endpoint,49583,0,5.922,5,8,10,14,29,39
1785767100,2 Start Authentication Flow,49581,0,4.574,4,6,8,11,21,40
1785767100,__ALL__,247913,0,7.207,5,14,16,21,35,65
1785767100,4 Obtain authorization code,49583,0,5.591,5,7,9,13,29,54
1785767400,5 Obtain access token,49632,0,7.709,5,8,10,20,365,584
1785767400,3 Perform authentication,49634,0,19.532,13,19,23,56,1283,1571
1785767400,1 Send request to authorize endpoint,49633,0,7.651,5,9,11,25,347,657
1785767400,2 Start Authentication Flow,49633,0,5.483,4,7,8,17,197,1575
1785767400,__ALL__,248166,0,9.671,6,14,16,32,506,1576
1785767400,4 Obtain authorization code,49634,0,7.981,5,8,10,27,382,1576
1785767700,5 Obtain access token,49753,0,5.873,5,8,9,13,21,50
1785767700,3 Perform authentication,49751,0,14.293,13,18,21,30,47,86
1785767700,1 Send request to authorize endpoint,49752,0,6.031,5,8,10,15,27,51
1785767700,2 Start Authentication Flow,49751,0,4.643,4,7,8,11,21,41
1785767700,__ALL__,248757,0,7.299,6,14,16,22,35,86
1785767700,4 Obtain authorization code,49750,0,5.655,5,8,9,14,24,45
1785768000,5 Obtain access token,49701,0,6.124,5,7,9,15,178,426
1785768000,3 Perform authentication,49702,0,18.076,13,18,21,37,1285,1546
1785768000,1 Send request to authorize endpoint,49702,0,6.436,5,8,9,17,192,1539
1785768000,2 Start Authentication Flow,49705,0,4.929,4,6,7,13,165,406
1785768000,__ALL__,248511,0,8.577,5,13,16,26,450,1546
1785768000,4 Obtain authorization code,49701,0,7.318,5,7,8,16,491,1537
1785768300,5 Obtain access token,49657,0,5.440,5,7,8,11,21,65
1785768300,3 Perform authentication,49657,0,13.853,13,18,20,28,49,92
1785768300,1 Send request to authorize endpoint,49655,0,5.580,5,8,9,13,23,69
1785768300,2 Start Authentication Flow,49654,0,4.233,4,6,7,10,16,62
1785768300,__ALL__,248281,0,6.868,5,13,15,21,35,92
1785768300,4 Obtain authorization code,49658,0,5.235,5,7,8,12,20,71
1785768600,5 Obtain access token,49632,0,5.996,5,7,8,13,139,1536
1785768600,3 Perform authentication,49631,0,17.781,13,18,20,32,1283,1546
1785768600,1 Send request to authorize endpoint,49633,0,6.257,5,8,9,15,187,490
1785768600,2 Start Authentication Flow,49631,0,4.750,4,6,7,11,134,390
1785768600,__ALL__,248159,0,8.227,5,13,15,24,332,1546
1785768600,4 Obtain authorization code,49632,0,6.354,5,7,8,14,306,1535
1785768900,5 Obtain access token,49610,0,5.466,5,7,8,11,19,43
1785768900,3 Perform authentication,49611,0,13.770,13,18,20,26,43,81
1785768900,1 Send request to authorize endpoint,49609,0,5.587,5,8,9,12,21,45
1785768900,2 Start Authentication Flow,49610,0,4.288,4,6,7,10,16,38
1785768900,__ALL__,248050,0,6.874,5,13,15,20,32,81
1785768900,4 Obtain authorization code,49610,0,5.256,5,7,8,11,22,40
1785769200,5 Obtain access token,49600,0,6.869,6,9,11,21,136,1604
1785769200,3 Perform authentication,49603,0,19.907,14,20,25,47,1339,1603
1785769200,1 Send request to authorize endpoint,49601,0,7.521,6,10,13,25,211,1605
1785769200,2 Start Authentication Flow,49602,0,5.750,4,8,10,21,161,492
1785769200,__ALL__,248006,0,9.577,6,15,17,34,435,1605
1785769200,4 Obtain authorization code,49600,0,7.838,5,9,12,26,369,1604
1785769500,5 Obtain access token,49734,0,5.782,5,8,9,13,25,55
1785769500,3 Perform authentication,49730,0,14.177,13,18,21,28,48,90
1785769500,1 Send request to authorize endpoint,49732,0,5.915,5,8,10,14,27,45
1785769500,2 Start Authentication Flow,49731,0,4.573,4,6,8,11,25,38
1785769500,__ALL__,248661,0,7.201,5,14,16,21,35,90
1785769500,4 Obtain authorization code,49734,0,5.557,5,7,9,13,26,43
1785769800,5 Obtain access token,49646,0,5.999,5,7,9,15,112,1563
1785769800,3 Perform authentication,49646,0,18.555,13,18,21,37,1349,1592
1785769800,1 Send request to authorize endpoint,49649,0,6.566,5,8,9,16,216,1583
1785769800,2 Start Authentication Flow,49650,0,4.920,4,6,7,13,154,1564
1785769800,__ALL__,248237,0,8.556,5,13,16,25,402,1592
1785769800,4 Obtain authorization code,49646,0,6.742,5,7,9,16,363,1581
1785770100,5 Obtain access token,49640,0,5.734,5,8,9,12,22,56
1785770100,3 Perform authentication,49640,0,14.005,13,18,20,28,43,82
1785770100,1 Send request to authorize endpoint,49640,0,5.868,5,8,9,13,22,53
1785770100,2 Start Authentication Flow,49640,0,4.544,4,6,7,11,20,52
1785770100,__ALL__,248199,0,7.135,5,13,15,21,34,82
1785770100,4 Obtain authorization code,49639,0,5.522,5,7,9,12,23,38
1785770400,5 Obtain access token,49510,0,6.813,5,7,9,19,294,1603
1785770400,3 Perform authentication,49512,0,19.358,13,18,21,52,1352,1613
1785770400,1 Send request to authorize endpoint,49509,0,6.926,5,8,9,23,266,676
1785770400,2 Start Authentication Flow,49510,0,5.369,4,6,7,17,226,833
1785770400,__ALL__,247554,0,9.284,5,14,16,31,585,1613
1785770400,4 Obtain authorization code,49513,0,7.952,5,7,9,25,587,985
1785770700,5 Obtain access token,49778,0,5.530,5,7,8,12,23,42
1785770700,3 Perform authentication,49776,0,13.806,13,18,20,28,48,73
1785770700,1 Send request to authorize endpoint,49779,0,5.658,5,8,9,12,25,47
1785770700,2 Start Authentication Flow,49778,0,4.331,4,6,7,10,19,41
1785770700,__ALL__,248886,0,6.932,5,13,15,20,35,73
1785770700,4 Obtain authorization code,49775,0,5.335,5,7,8,12,24,44
1785771000,5 Obtain access token,49647,0,6.451,5,8,9,18,214,515
1785771000,3 Perform authentication,49646,0,18.729,13,19,23,47,1279,1563
1785771000,1 Send request to authorize endpoint,49646,0,6.792,5,8,10,23,215,1560
1785771000,2 Start Authentication Flow,49647,0,5.015,4,6,8,15,150,1556
1785771000,__ALL__,248233,0,8.901,5,14,16,31,432,1563
1785771000,4 Obtain authorization code,49647,0,7.517,5,7,10,22,429,1560
1785771300,5 Obtain access token,49667,0,5.501,5,7,8,11,18,39
1785771300,3 Perform authentication,49669,0,13.680,13,18,20,26,44,90
1785771300,1 Send request to authorize endpoint,49667,0,5.631,5,8,9,12,23,37
1785771300,2 Start Authentication Flow,49665,0,4.290,4,6,7,10,17,40
1785771300,__ALL__,248336,0,6.876,5,13,15,20,32,90
1785771300,4 Obtain authorization code,49668,0,5.278,5,7,8,11,22,43
1785771600,5 Obtain access token,49537,0,6.091,5,7,8,15,195,1555
1785771600,3 Perform authentication,49538,0,17.991,13,18,20,39,1166,1559
1785771600,1 Send request to authorize endpoint,49537,0,6.357,5,8,9,19,204,1552
1785771600,2 Start Authentication Flow,49539,0,4.804,4,6,7,13,147,1554
1785771600,__ALL__,247689,0,8.524,5,13,15,26,457,1559
1785771600,4 Obtain authorization code,49538,0,7.376,5,7,8,17,517,1554
1785771900,5 Obtain access token,49608,0,5.468,5,7,8,11,24,51
1785771900,3 Perform authentication,49607,0,13.823,13,18,20,28,53,124
1785771900,1 Send request to authorize endpoint,49609,0,5.611,5,8,9,13,27,55
1785771900,2 Start Authentication Flow,49607,0,4.280,4,6,7,10,20,46
1785771900,__ALL__,248038,0,6.895,5,13,15,21,36,124
1785771900,4 Obtain authorization code,49607,0,5.291,5,7,8,12,25,45
1785772200,5 Obtain access token,49583,0,6.520,5,7,8,17,273,1580
1785772200,3 Perform authentication,49584,0,19.123,13,18,20,42,1374,1596
1785772200,1 Send request to authorize endpoint,49583,0,6.559,5,8,9,18,233,456
1785772200,2 Start Authentication Flow,49583,0,5.035,4,6,7,14,174,1579
1785772200,__ALL__,247917,0,9.076,5,13,15,27,570,1596
1785772200,4 Obtain authorization code,49584,0,8.143,5,7,8,22,556,1580
1785772500,5 Obtain access token,49584,0,5.486,5,7,8,11,28,1579
1785772500,3 Perform authentication,49632,0,14.919,13,17,19,27,918,1589
1785772500,1 Send request to authorize endpoint,49582,0,5.593,5,7,9,12,22,1583
1785772500,2 Start Authentication Flow,49582,0,4.223,4,6,7,9,19,37
1785772500,__ALL__,247962,0,7.087,5,13,15,20,36,1589
1785772500,4 Obtain authorization code,49582,0,5.206,5,7,8,11,24,70
1785772800,5 Obtain access token,49677,0,6.936,5,8,9,20,322,659
1785772800,3 Perform authentication,49628,0,17.842,13,19,23,44,1024,1377
1785772800,1 Send request to authorize endpoint,49679,0,6.933,5,8,11,23,250,537
1785772800,2 Start Authentication Flow,49681,0,5.169,4,6,8,17,171,376
1785772800,__ALL__,248343,0,8.957,5,14,16,32,419,1377
1785772800,4 Obtain authorization code,49678,0,7.914,5,8,10,25,421,984
1785773100,5 Obtain access token,49606,0,7.200,5,8,10,55,208,1560
1785773100,3 Perform authentication,49611,0,21.341,13,20,25,196,1198,1558
1785773100,1 Send request to authorize endpoint,49605,0,8.520,5,9,12,99,326,696
1785773100,2 Start Authentication Flow,49603,0,6.604,4,7,9,76,284,1564
1785773100,__ALL__,248033,0,10.834,5,14,18,116,540,1564
1785773100,4 Obtain authorization code,49608,0,10.502,5,8,11,191,559,1563
1785773400,5 Obtain access token,49393,0,9.258,6,9,11,101,541,1416
1785773400,3 Perform authentication,49386,0,21.977,14,20,24,280,877,1875
1785773400,1 Send request to authorize endpoint,49393,0,12.158,6,9,12,216,792,2006
1785773400,2 Start Authentication Flow,49394,0,10.148,4,7,9,185,747,1704
1785773400,__ALL__,246956,0,13.724,6,15,18,218,855,2383
1785773400,4 Obtain authorization code,49390,0,15.081,5,9,11,363,1059,2383
1785773700,5 Obtain access token,49353,0,8.809,6,9,13,96,344,811
1785773700,3 Perform authentication,49353,0,24.823,14,21,32,309,1322,1594
1785773700,1 Send request to authorize endpoint,49352,0,11.052,6,10,15,179,501,1586
1785773700,2 Start Authentication Flow,49351,0,8.873,4,8,11,143,493,1586
1785773700,__ALL__,246762,0,13.530,6,15,21,201,722,1594
1785773700,4 Obtain authorization code,49353,0,14.094,5,9,14,328,738,1586
1785774000,5 Obtain access token,49716,0,5.842,5,8,9,13,21,40
1785774000,3 Perform authentication,49719,0,14.415,13,19,21,30,42,63
1785774000,1 Send request to authorize endpoint,49716,0,5.996,5,8,10,14,25,42
1785774000,2 Start Authentication Flow,49718,0,4.633,4,6,8,11,19,39
1785774000,__ALL__,248587,0,7.320,6,14,16,22,34,63
1785774000,4 Obtain authorization code,49718,0,5.715,5,8,9,13,23,40
1785774300,5 Obtain access token,49488,0,7.103,5,8,9,18,320,1548
1785774300,3 Perform authentication,49487,0,18.700,14,19,22,45,1256,1552
1785774300,1 Send request to authorize endpoint,49487,0,6.998,5,8,10,20,254,487
1785774300,2 Start Authentication Flow,49486,0,5.193,4,7,8,16,160,454
1785774300,__ALL__,247435,0,9.124,5,14,16,29,395,1552
1785774300,4 Obtain authorization code,49487,0,7.627,5,8,9,20,357,1548
1785774600,5 Obtain access token,49608,0,5.979,5,8,9,13,25,44
1785774600,3 Perform authentication,49609,0,14.516,14,19,22,30,45,83
1785774600,1 Send request to authorize endpoint,49609,0,6.141,6,9,10,15,28,54
1785774600,2 Start Authentication Flow,49610,0,4.770,4,7,8,12,24,50
1785774600,__ALL__,248045,0,7.446,6,14,16,22,36,83
1785774600,4 Obtain authorization code,49609,0,5.826,5,8,10,15,30,47
1785774900,5 Obtain access token,49517,0,6.640,5,8,9,16,231,404
1785774900,3 Perform authentication,49517,0,19.008,13,18,21,36,1332,1579
1785774900,1 Send request to authorize endpoint,49516,0,6.888,5,8,10,18,234,464
1785774900,2 Start Authentication Flow,49516,0,5.182,4,6,8,14,149,1580
1785774900,__ALL__,247583,0,9.084,5,14,16,26,462,1580
1785774900,4 Obtain authorization code,49517,0,7.703,5,8,9,17,437,847
1785775200,5 Obtain access token,49496,0,5.946,5,8,9,13,20,39
1785775200,3 Perform authentication,49495,0,14.489,13,19,22,32,44,60
1785775200,1 Send request to authorize endpoint,49498,0,6.194,6,9,11,16,27,55
1785775200,2 Start Authentication Flow,49496,0,4.750,4,7,8,12,22,41
1785775200,__ALL__,247480,0,7.446,6,14,16,23,36,60
1785775200,4 Obtain authorization code,49495,0,5.851,5,8,10,15,28,46
1785775500,5 Obtain access token,49533,0,6.715,5,8,9,18,213,530
1785775500,3 Perform authentication,49533,0,18.445,13,18,22,42,1223,1538
1785775500,1 Send request to authorize endpoint,49531,0,6.966,5,8,10,20,208,1528
1785775500,2 Start Authentication Flow,49532,0,5.337,4,7,8,16,173,338
1785775500,__ALL__,247662,0,9.002,6,14,16,29,431,1538
1785775500,4 Obtain authorization code,49533,0,7.547,5,8,9,20,453,1531
1785775800,5 Obtain access token,49527,0,5.568,5,7,8,11,20,42
1785775800,3 Perform authentication,49525,0,13.865,13,18,20,27,46,81
1785775800,1 Send request to authorize endpoint,49529,0,5.702,5,8,9,13,26,61
1785775800,2 Start Authentication Flow,49530,0,4.356,4,6,7,10,19,44
1785775800,__ALL__,247637,0,6.970,5,13,15,20,34,81
1785775800,4 Obtain authorization code,49526,0,5.362,5,7,8,12,24,68
1785776100,5 Obtain access token,49495,0,6.115,5,8,9,15,106,1558
1785776100,3 Perform authentication,49498,0,18.324,13,18,21,36,1309,1565
1785776100,1 Send request to authorize endpoint,49496,0,6.403,5,8,10,16,159,1557
1785776100,2 Start Authentication Flow,49495,0,5.003,4,6,8,13,136,1558
1785776100,__ALL__,247481,0,8.492,5,14,16,25,328,1565
1785776100,4 Obtain authorization code,49497,0,6.617,5,7,9,16,303,1553
1785776400,5 Obtain access token,49696,0,5.807,5,8,9,12,21,64
1785776400,3 Perform authentication,49695,0,14.091,13,18,20,27,46,92
1785776400,1 Send request to authorize endpoint,49693,0,5.898,5,8,9,13,21,70
1785776400,2 Start Authentication Flow,49694,0,4.581,4,6,7,11,20,42
1785776400,__ALL__,248474,0,7.184,5,13,16,21,34,92
1785776400,4 Obtain authorization code,49696,0,5.540,5,7,9,12,22,68
1785776700,5 Obtain access token,49548,0,6.651,5,8,10,18,174,1585
1785776700,3 Perform authentication,49549,0,18.855,13,19,22,42,1291,1595
1785776700,1 Send request to authorize endpoint,49549,0,7.092,6,9,10,22,225,1584
1785776700,2 Start Authentication Flow,49547,0,5.413,4,7,8,16,160,1584
1785776700,__ALL__,247741,0,9.004,6,14,16,29,373,1595
1785776700,4 Obtain authorization code,49548,0,7.007,5,8,10,21,325,1584
1785777000,5 Obtain access token,49678,0,5.715,5,8,9,12,25,41
1785777000,3 Perform authentication,49675,0,13.899,13,18,20,27,44,100
1785777000,1 Send request to authorize endpoint,49677,0,5.824,5,8,9,13,25,57
1785777000,2 Start Authentication Flow,49678,0,4.479,4,6,7,10,20,38
1785777000,__ALL__,248384,0,7.075,5,13,15,20,34,100
1785777000,4 Obtain authorization code,49676,0,5.458,5,7,8,12,27,60
1785777300,5 Obtain access token,49473,0,6.436,5,8,10,18,130,377
1785777300,3 Perform authentication,49476,0,19.112,13,20,25,45,1292,1575
1785777300,1 Send request to authorize endpoint,49474,0,7.030,6,9,12,24,201,427
1785777300,2 Start Authentication Flow,49474,0,5.356,4,7,9,17,144,1534
1785777300,__ALL__,247371,0,9.038,6,14,17,32,372,1575
1785777300,4 Obtain authorization code,49474,0,7.254,5,9,11,23,336,1566
1785777600,5 Obtain access token,49668,0,5.989,5,8,9,14,26,43
1785777600,3 Perform authentication,49666,0,14.290,13,18,21,29,50,124
1785777600,1 Send request to authorize endpoint,49670,0,6.133,6,9,10,15,27,52
1785777600,2 Start Authentication Flow,49670,0,4.770,4,7,8,12,24,56
1785777600,__ALL__,248342,0,7.390,6,14,16,22,36,124
1785777600,4 Obtain authorization code,49668,0,5.767,5,8,9,14,29,50
1785777900,5 Obtain access token,49497,0,6.595,5,8,9,16,226,1573
1785777900,3 Perform authentication,49500,0,18.600,13,18,21,42,1328,1578
1785777900,1 Send request to authorize endpoint,49496,0,6.723,5,8,9,19,220,1568
1785777900,2 Start Authentication Flow,49496,0,5.192,4,6,7,15,186,1573
1785777900,__ALL__,247486,0,8.954,5,13,16,28,482,1578
1785777900,4 Obtain authorization code,49497,0,7.658,5,7,9,19,518,1571
1785778200,5 Obtain access token,49637,0,5.556,5,7,8,12,23,40
1785778200,3 Perform authentication,49635,0,13.739,13,18,20,27,48,82
1785778200,1 Send request to authorize endpoint,49637,0,5.659,5,8,9,12,25,46
1785778200,2 Start Authentication Flow,49638,0,4.357,4,6,7,10,18,49
1785778200,__ALL__,248184,0,6.931,5,13,15,20,34,82
1785778200,4 Obtain authorization code,49637,0,5.342,5,7,8,11,23,46
1785778500,5 Obtain access token,49553,0,6.660,5,7,9,16,290,647
1785778500,3 Perform authentication,49555,0,19.191,13,18,21,42,1379,1606
1785778500,1 Send request to authorize endpoint,49552,0,6.796,5,8,9,20,268,1597
1785778500,2 Start Authentication Flow,49550,0,4.995,4,6,7,14,160,1597
1785778500,__ALL__,247763,0,9.107,5,13,16,28,535,1606
1785778500,4 Obtain authorization code,49553,0,7.895,5,7,8,20,484,1600
1785778800,5 Obtain access token,49787,0,5.885,5,8,9,13,24,53
1785778800,3 Perform authentication,49784,0,14.113,13,18,21,28,47,86
1785778800,1 Send request to authorize endpoint,49789,0,6.000,5,8,10,14,26,47
1785778800,2 Start Authentication Flow,49791,0,4.656,4,7,8,11,20,53
1785778800,__ALL__,248938,0,7.260,6,13,16,21,35,86
1785778800,4 Obtain authorization code,49787,0,5.649,5,8,9,13,24,53
1785779100,5 Obtain access token,49715,0,6.647,6,8,10,18,148,1560
1785779100,3 Perform authentication,49717,0,19.211,14,19,22,43,1317,1568
1785779100,1 Send request to authorize endpoint,49714,0,7.108,6,9,11,20,235,1560
1785779100,2 Start Authentication Flow,49714,0,5.538,4,7,9,17,176,1560
1785779100,__ALL__,248575,0,9.179,6,14,16,28,413,1568
1785779100,4 Obtain authorization code,49715,0,7.391,5,8,10,21,362,669
1785779400,5 Obtain access token,49663,0,5.830,5,8,9,14,24,39
1785779400,3 Perform authentication,49662,0,14.317,13,19,23,33,49,72
1785779400,1 Send request to authorize endpoint,49663,0,6.082,5,9,11,16,29,52
1785779400,2 Start Authentication Flow,49662,0,4.628,4,7,8,12,22,50
1785779400,__ALL__,248312,0,7.315,5,14,16,23,38,72
1785779400,4 Obtain authorization code,49662,0,5.718,5,8,10,15,28,46
1785779700,5 Obtain access token,49504,0,6.239,5,8,9,18,168,387
1785779700,3 Perform authentication,49506,0,19.056,13,18,21,41,1364,1583
1785779700,1 Send request to authorize endpoint,49503,0,6.620,5,8,9,18,193,1576
1785779700,2 Start Authentication Flow,49504,0,5.074,4,6,7,15,168,451
1785779700,__ALL__,247521,0,8.968,5,13,16,27,558,1583
1785779700,4 Obtain authorization code,49504,0,7.848,5,7,9,19,548,1571
1785780000,5 Obtain access token,49628,0,6.128,6,8,10,14,22,52
1785780000,3 Perform authentication,49627,0,14.466,14,19,21,30,50,96
1785780000,1 Send request to authorize endpoint,49629,0,6.264,6,9,10,15,27,59
1785780000,2 Start Authentication Flow,49627,0,4.905,4,7,8,12,25,61
1785780000,__ALL__,248142,0,7.535,6,14,16,22,37,96
1785780000,4 Obtain authorization code,49631,0,5.913,5,8,10,14,28,56
1785780300,5 Obtain access token,49574,0,6.567,5,8,10,18,181,695
1785780300,3 Perform authentication,49575,0,19.033,13,18,21,43,1317,1577
1785780300,1 Send request to authorize endpoint,49575,0,6.947,5,8,10,20,229,1564
1785780300,2 Start Authentication Flow,49577,0,5.421,4,7,8,16,205,1565
1785780300,__ALL__,247873,0,9.151,6,14,16,29,489,1577
1785780300,4 Obtain authorization code,49572,0,7.786,5,8,9,21,476,1563
1785780600,5 Obtain access token,49581,0,5.619,5,7,9,12,23,40
1785780600,3 Perform authentication,49577,0,13.766,13,18,20,28,47,85
1785780600,1 Send request to authorize endpoint,49580,0,5.764,5,8,9,13,25,47
1785780600,2 Start Authentication Flow,49577,0,4.404,4,6,7,10,19,36
1785780600,__ALL__,247895,0,6.990,5,13,15,20,35,85
1785780600,4 Obtain authorization code,49580,0,5.398,5,7,8,12,22,46
1785780900,5 Obtain access token,49611,0,6.321,6,8,10,16,102,1503
1785780900,3 Perform authentication,49612,0,18.031,13,18,21,37,1218,1508
1785780900,1 Send request to authorize endpoint,49610,0,6.679,6,9,10,17,152,1536
1785780900,2 Start Authentication Flow,49613,0,5.173,4,7,8,14,124,349
1785780900,__ALL__,248057,0,8.600,6,14,16,25,281,1536
1785780900,4 Obtain authorization code,49611,0,6.796,5,8,9,16,277,1536
1785781200,5 Obtain access token,49574,0,6.327,6,9,10,15,29,64
1785781200,3 Perform authentication,49579,0,14.778,14,19,22,32,51,90
1785781200,1 Send request to authorize endpoint,49576,0,6.506,6,9,11,17,31,61
1785781200,2 Start Authentication Flow,49574,0,5.106,4,7,9,14,25,65
1785781200,__ALL__,247882,0,7.768,6,14,16,23,38,90
1785781200,4 Obtain authorization code,49579,0,6.122,5,9,10,16,29,64
1785781500,5 Obtain access token,49602,0,7.251,6,9,11,24,180,1567
1785781500,3 Perform authentication,49599,0,19.838,14,20,25,54,1288,1567
1785781500,1 Send request to authorize endpoint,49600,0,7.610,6,10,13,29,209,1560
1785781500,2 Start Authentication Flow,49602,0,5.957,5,8,10,22,180,1569
1785781500,__ALL__,248000,0,9.883,6,15,18,35,513,1569
1785781500,4 Obtain authorization code,49597,0,8.757,6,9,12,33,531,1560
1785781800,5 Obtain access token,49425,0,8.316,6,9,11,73,334,780
1785781800,3 Perform authentication,49425,0,20.044,14,20,25,230,624,1013
1785781800,1 Send request to authorize endpoint,49426,0,10.615,6,10,12,160,584,904
1785781800,2 Start Authentication Flow,49424,0,8.682,4,8,10,131,544,1102
1785781800,__ALL__,247126,0,12.058,6,15,18,167,629,1331
1785781800,4 Obtain authorization code,49426,0,12.631,5,9,12,266,809,1331
1785782100,5 Obtain access token,49491,0,8.294,5,8,10,101,313,1571
1785782100,3 Perform authentication,49489,0,24.025,13,19,25,328,1321,1577
1785782100,1 Send request to authorize endpoint,49491,0,10.320,5,8,11,175,494,1571
1785782100,2 Start Authentication Flow,49492,0,8.302,4,7,9,149,466,1571
1785782100,__ALL__,247453,0,12.834,5,14,18,209,710,1577
1785782100,4 Obtain authorization code,49490,0,13.227,5,8,11,337,714,1098
1785782400,5 Obtain access token,49615,0,5.259,5,7,8,10,16,37
1785782400,3 Perform authentication,49616,0,13.697,13,17,19,25,40,82
1785782400,1 Send request to authorize endpoint,49616,0,5.370,5,7,8,11,16,42
1785782400,2 Start Authentication Flow,49614,0,4.067,4,5,6,9,13,36
1785782400,__ALL__,248078,0,6.709,5,13,15,20,30,82
1785782400,4 Obtain authorization code,49617,0,5.152,5,7,8,10,15,37
1785782700,5 Obtain access token,49038,0,13.493,5,7,10,265,1222,2534
1785782700,3 Perform authentication,49038,0,33.746,13,19,25,798,1770,3341
1785782700,1 Send request to authorize endpoint,49037,0,19.126,5,8,11,511,1629,2773
1785782700,2 Start Authentication Flow,49039,0,16.634,4,6,8,458,1681,3166
1785782700,__ALL__,245190,0,22.110,5,14,18,573,1761,4091
1785782700,4 Obtain authorization code,49038,0,27.552,5,7,10,877,2208,4091
1785783000,5 Obtain access token,49006,0,11.379,5,7,9,202,870,2319
1785783000,3 Perform authentication,49005,0,27.889,13,19,23,569,1558,3182
1785783000,1 Send request to authorize endpoint,49006,0,17.020,5,8,10,450,1474,2904
1785783000,2 Start Authentication Flow,49006,0,14.516,4,6,8,393,1379,2842
1785783000,__ALL__,245027,0,19.048,5,14,17,471,1614,4440
1785783000,4 Obtain authorization code,49004,0,24.436,5,7,9,852,2054,4440
1785783300,5 Obtain access token,49126,0,12.855,5,7,9,261,976,2043
1785783300,3 Perform authentication,49128,0,32.021,13,19,23,718,1586,3413
1785783300,1 Send request to authorize endpoint,49126,0,17.552,5,8,10,437,1456,3124
1785783300,2 Start Authentication Flow,49126,0,15.048,4,6,8,401,1476,2426
1785783300,__ALL__,245633,0,20.715,5,14,18,514,1606,3671
1785783300,4 Obtain authorization code,49127,0,26.101,5,7,9,818,2019,3671
1785783600,5 Obtain access token,49754,0,5.329,5,7,8,11,19,81
1785783600,3 Perform authentication,49754,0,13.833,13,18,20,29,45,89
1785783600,1 Send request to authorize endpoint,49754,0,5.476,5,7,9,13,25,79
1785783600,2 Start Authentication Flow,49753,0,4.130,4,6,7,9,17,83
1785783600,__ALL__,248769,0,6.805,5,13,15,21,35,89
1785783600,4 Obtain authorization code,49754,0,5.254,5,7,8,12,25,47
1785783900,5 Obtain access token,49588,0,6.992,5,7,8,15,447,1570
1785783900,3 Perform authentication,49586,0,18.447,13,17,20,38,1268,1583
1785783900,1 Send request to authorize endpoint,49587,0,6.545,5,7,8,17,285,1569
1785783900,2 Start Authentication Flow,49587,0,4.830,4,5,6,12,174,1569
1785783900,__ALL__,247935,0,8.835,5,13,15,26,508,1583
1785783900,4 Obtain authorization code,49587,0,7.361,5,7,8,15,364,1570
1785784200,5 Obtain access token,49749,0,5.346,5,7,8,11,20,43
1785784200,3 Perform authentication,49749,0,13.729,13,18,21,29,43,75
1785784200,1 Send request to authorize endpoint,49750,0,5.564,5,8,9,14,25,52
1785784200,2 Start Authentication Flow,49751,0,4.146,4,6,7,10,18,38
1785784200,__ALL__,248748,0,6.812,5,13,15,21,35,75
1785784200,4 Obtain authorization code,49749,0,5.275,5,7,8,13,25,38
1785784500,5 Obtain access token,49573,0,6.665,5,7,8,19,313,1587
1785784500,3 Perform authentication,49574,0,18.966,13,18,21,49,1320,1601
1785784500,1 Send request to authorize endpoint,49572,0,6.744,5,8,9,23,291,664
1785784500,2 Start Authentication Flow,49573,0,5.032,4,6,7,17,193,1587
1785784500,__ALL__,247866,0,9.033,5,13,15,31,498,1601
1785784500,4 Obtain authorization code,49574,0,7.759,5,7,8,23,408,1585
1785784800,5 Obtain access token,49631,0,5.280,5,7,8,10,17,44
1785784800,3 Perform authentication,49630,0,13.572,13,17,19,25,44,98
1785784800,1 Send request to authorize endpoint,49633,0,5.379,5,7,8,11,20,86
1785784800,2 Start Authentication Flow,49632,0,4.072,4,5,6,9,14,56
1785784800,__ALL__,248157,0,6.673,5,13,15,19,32,98
1785784800,4 Obtain authorization code,49631,0,5.064,5,7,7,10,19,86
1785785100,5 Obtain access token,49547,0,5.961,5,7,8,16,140,1587
1785785100,3 Perform authentication,49549,0,18.301,13,18,21,43,1284,1593
1785785100,1 Send request to authorize endpoint,49546,0,6.277,5,7,9,19,191,1582
1785785100,2 Start Authentication Flow,49546,0,4.817,4,6,7,14,176,455
1785785100,__ALL__,247736,0,8.407,5,13,15,28,406,1593
1785785100,4 Obtain authorization code,49548,0,6.680,5,7,8,18,377,735
1785785400,5 Obtain access token,49704,0,5.313,5,7,8,11,25,51
1785785400,3 Perform authentication,49703,0,13.575,13,17,19,26,51,95
1785785400,1 Send request to authorize endpoint,49701,0,5.394,5,7,8,11,23,46
1785785400,2 Start Authentication Flow,49701,0,4.086,4,5,6,9,18,46
1785785400,__ALL__,248511,0,6.693,5,13,15,20,33,95
1785785400,4 Obtain authorization code,49702,0,5.095,5,7,8,10,22,45
1785785700,5 Obtain access token,49715,0,6.378,5,7,8,16,271,1561
1785785700,3 Perform authentication,49716,0,18.087,13,18,20,46,1282,1560
1785785700,1 Send request to authorize endpoint,49717,0,6.402,5,7,9,18,235,1561
1785785700,2 Start Authentication Flow,49714,0,4.695,4,6,7,13,143,1557
1785785700,__ALL__,248578,0,8.470,5,13,15,26,416,1561
1785785700,4 Obtain authorization code,49716,0,6.788,5,7,8,18,328,1560
1785786000,5 Obtain access token,49668,0,5.188,5,7,8,10,17,37
1785786000,3 Perform authentication,49667,0,13.356,13,17,19,25,42,61
1785786000,1 Send request to authorize endpoint,49670,0,5.305,5,7,8,11,20,37
1785786000,2 Start Authentication Flow,49674,0,4.013,4,5,6,9,15,35
1785786000,__ALL__,248347,0,6.571,5,13,15,19,31,61
1785786000,4 Obtain authorization code,49668,0,4.994,5,6,7,10,18,35
1785786300,5 Obtain access token,49691,0,5.745,5,7,8,14,119,1586
1785786300,3 Perform authentication,49690,0,18.014,13,18,20,38,1273,1590
1785786300,1 Send request to authorize endpoint,49690,0,6.167,5,7,9,16,187,1588
1785786300,2 Start Authentication Flow,49687,0,4.744,4,6,7,12,164,1586
1785786300,__ALL__,248448,0,8.234,5,13,15,25,394,1590
1785786300,4 Obtain authorization code,49690,0,6.501,5,7,8,15,350,555
1785786600,5 Obtain access token,49785,0,5.241,5,7,8,11,20,41
1785786600,3 Perform authentication,49786,0,13.300,13,17,19,25,42,66
1785786600,1 Send request to authorize endpoint,49785,0,5.344,5,7,8,11,21,46
1785786600,2 Start Authentication Flow,49786,0,4.052,4,5,6,9,16,41
1785786600,__ALL__,248928,0,6.598,5,13,15,19,32,66
1785786600,4 Obtain authorization code,49786,0,5.055,5,7,7,10,21,44
1785786900,5 Obtain access token,49493,0,6.373,5,7,9,18,244,1586
1785786900,3 Perform authentication,49492,0,18.872,13,18,22,46,1343,1617
1785786900,1 Send request to authorize endpoint,49492,0,6.762,5,8,10,22,272,1587
1785786900,2 Start Authentication Flow,49493,0,5.050,4,6,7,16,193,1590
1785786900,__ALL__,247462,0,9.074,5,13,16,31,602,1617
1785786900,4 Obtain authorization code,49492,0,8.312,5,7,9,27,647,1589
1785787200,5 Obtain access token,49769,0,5.299,5,7,8,11,22,42
1785787200,3 Perform authentication,49772,0,13.546,13,17,20,28,48,71
1785787200,1 Send request to authorize endpoint,49771,0,5.439,5,7,8,12,26,41
1785787200,2 Start Authentication Flow,49771,0,4.097,4,5,6,9,19,50
1785787200,__ALL__,248855,0,6.704,5,13,15,20,35,71
1785787200,4 Obtain authorization code,49772,0,5.141,5,7,8,12,26,45
1785787500,5 Obtain access token,49597,0,5.912,5,7,8,13,220,472
1785787500,3 Perform authentication,49597,0,17.778,13,17,19,35,1278,1582
1785787500,1 Send request to authorize endpoint,49596,0,6.116,5,7,8,14,213,1574
1785787500,2 Start Authentication Flow,49596,0,4.561,4,5,6,11,157,1574
1785787500,__ALL__,247983,0,8.082,5,13,15,23,373,1582
1785787500,4 Obtain authorization code,49597,0,6.042,5,7,8,13,234,543
1785787800,5 Obtain access token,49683,0,5.252,5,7,8,11,18,43
1785787800,3 Perform authentication,49681,0,13.456,13,17,19,26,40,74
1785787800,1 Send request to authorize endpoint,49684,0,5.399,5,7,8,12,21,43
1785787800,2 Start Authentication Flow,49685,0,4.055,4,5,6,9,16,40
1785787800,__ALL__,248414,0,6.647,5,13,15,20,31,74
1785787800,4 Obtain authorization code,49681,0,5.076,5,7,8,11,20,59
1785788100,5 Obtain access token,49392,0,6.381,5,7,8,16,281,1626
1785788100,3 Perform authentication,49392,0,18.867,13,17,19,47,1371,1609
1785788100,1 Send request to authorize endpoint,49392,0,6.501,5,7,8,19,274,629
1785788100,2 Start Authentication Flow,49392,0,4.944,4,5,6,14,218,451
1785788100,__ALL__,246961,0,8.805,5,13,15,28,571,1626
1785788100,4 Obtain authorization code,49393,0,7.333,5,7,8,30,495,1623
1785788400,5 Obtain access token,49678,0,5.326,5,7,8,11,26,60
1785788400,3 Perform authentication,49680,0,13.619,13,17,20,27,64,119
1785788400,1 Send request to authorize endpoint,49678,0,5.483,5,7,8,12,31,68
1785788400,2 Start Authentication Flow,49676,0,4.149,4,6,7,9,21,54
1785788400,__ALL__,248389,0,6.752,5,13,15,20,37,119
1785788400,4 Obtain authorization code,49677,0,5.182,5,7,8,11,26,67
1785788700,5 Obtain access token,49636,0,5.666,5,7,8,13,125,1546
1785788700,3 Perform authentication,49633,0,17.383,13,17,20,34,1246,1556
1785788700,1 Send request to authorize endpoint,49635,0,5.924,5,7,8,14,176,393
1785788700,2 Start Authentication Flow,49636,0,4.507,4,5,7,11,126,1545
1785788700,__ALL__,248175,0,7.904,5,13,15,23,281,1556
1785788700,4 Obtain authorization code,49635,0,6.041,5,7,8,13,259,1546
1785789000,5 Obtain access token,49643,0,5.248,5,7,8,10,17,39
1785789000,3 Perform authentication,49643,0,13.496,13,17,19,26,42,66
1785789000,1 Send request to authorize endpoint,49643,0,5.377,5,7,8,11,19,46
1785789000,2 Start Authentication Flow,49644,0,4.056,4,5,6,9,16,39
1785789000,__ALL__,248217,0,6.656,5,13,15,20,32,66
1785789000,4 Obtain authorization code,49644,0,5.104,5,7,8,11,23,48
1785789300,5 Obtain access token,49469,0,6.760,5,7,8,16,370,1595
1785789300,3 Perform authentication,49472,0,18.607,13,17,19,42,1330,1604
1785789300,1 Send request to authorize endpoint,49468,0,6.505,5,7,8,17,290,647
1785789300,2 Start Authentication Flow,49467,0,4.808,4,5,6,13,182,1595
1785789300,__ALL__,247345,0,8.760,5,13,15,25,479,1604
1785789300,4 Obtain authorization code,49469,0,7.118,5,7,8,15,351,1599
1785789600,5 Obtain access token,49656,0,5.872,5,7,9,18,89,552
1785789600,3 Perform authentication,49657,0,15.229,13,19,23,55,258,625
1785789600,1 Send request to authorize endpoint,49655,0,6.426,5,8,10,28,155,478
1785789600,2 Start Authentication Flow,49656,0,4.856,4,6,7,20,122,466
1785789600,__ALL__,248281,0,7.793,5,14,16,32,195,733
1785789600,4 Obtain authorization code,49657,0,6.583,5,8,10,34,260,733
1785789900,5 Obtain access token,49352,0,8.105,5,8,10,101,337,600
1785789900,3 Perform authentication,49349,0,23.251,13,19,27,295,1342,1579
1785789900,1 Send request to authorize endpoint,49353,0,10.102,5,8,11,174,467,1571
1785789900,2 Start Authentication Flow,49349,0,8.114,4,6,8,141,489,1569
1785789900,__ALL__,246755,0,12.465,5,14,18,196,696,1579
1785789900,4 Obtain authorization code,49352,0,12.752,5,8,11,297,715,1519
1785790200,5 Obtain access token,49675,0,6.894,5,7,9,55,228,868
1785790200,3 Perform authentication,49678,0,17.724,13,19,23,165,426,1006
1785790200,1 Send request to authorize endpoint,49674,0,8.282,5,8,9,106,371,972
1785790200,2 Start Authentication Flow,49678,0,6.650,4,6,7,90,362,727
1785790200,__ALL__,248379,0,9.810,5,14,17,112,414,1006
1785790200,4 Obtain authorization code,49674,0,9.501,5,7,9,165,531,978
1785790500,5 Obtain access token,49366,0,7.997,5,7,10,91,329,945
1785790500,3 Perform authentication,49366,0,23.768,13,19,27,308,1325,1588
1785790500,1 Send request to authorize endpoint,49368,0,10.190,5,8,11,167,533,1578
1785790500,2 Start Authentication Flow,49366,0,8.260,4,6,9,148,498,1575
1785790500,__ALL__,246832,0,12.485,5,14,19,188,752,1588
1785790500,4 Obtain authorization code,49366,0,12.212,5,7,10,257,716,1578
1785790800,5 Obtain access token,49736,0,5.382,5,7,8,11,20,89
1785790800,3 Perform authentication,49735,0,13.909,13,18,20,28,54,112
1785790800,1 Send request to authorize endpoint,49737,0,5.477,5,7,8,13,23,100
1785790800,2 Start Authentication Flow,49738,0,4.119,4,6,7,9,16,86
1785790800,__ALL__,248681,0,6.829,5,13,15,20,35,112
1785790800,4 Obtain authorization code,49735,0,5.258,5,7,8,12,21,89
1785791100,5 Obtain access token,49522,0,8.694,5,7,10,114,397,1551
1785791100,3 Perform authentication,49518,0,24.604,13,19,25,362,1241,1547
1785791100,1 Send request to authorize endpoint,49521,0,11.464,5,8,10,213,631,1552
1785791100,2 Start Authentication Flow,49522,0,9.307,4,6,8,186,574,1548
1785791100,__ALL__,247605,0,13.767,5,14,18,251,797,1552
1785791100,4 Obtain authorization code,49522,0,14.768,5,7,10,367,837,1550
1785791400,5 Obtain access token,49398,0,7.163,5,7,10,63,246,714
1785791400,3 Perform authentication,49400,0,18.838,13,19,24,192,484,922
1785791400,1 Send request to authorize endpoint,49399,0,9.178,5,8,10,138,427,851
1785791400,2 Start Authentication Flow,49399,0,7.360,4,6,8,126,388,759
1785791400,__ALL__,246995,0,10.600,5,14,18,143,450,1232
1785791400,4 Obtain authorization code,49399,0,10.462,5,7,10,201,580,1232
1785791700,5 Obtain access token,49467,0,8.539,5,8,13,96,366,1566
1785791700,3 Perform authentication,49468,0,23.791,13,20,40,280,1230,1577
1785791700,1 Send request to authorize endpoint,49465,0,10.289,5,9,18,162,427,1568
1785791700,2 Start Authentication Flow,49463,0,8.029,4,7,12,128,412,884
1785791700,__ALL__,247332,0,12.642,5,15,22,188,603,1577
1785791700,4 Obtain authorization code,49469,0,12.559,5,8,19,285,589,1569
1785792000,5 Obtain access token,49532,0,7.250,5,7,9,63,308,690
1785792000,3 Perform authentication,49531,0,18.924,13,19,23,193,585,1428
1785792000,1 Send request to authorize endpoint,49532,0,9.206,5,8,10,136,522,1501
1785792000,2 Start Authentication Flow,49532,0,7.484,4,6,8,113,491,1175
1785792000,__ALL__,247657,0,10.762,5,14,17,138,563,1501
1785792000,4 Obtain authorization code,49530,0,10.947,5,7,9,217,733,1399
1785792300,5 Obtain access token,49478,0,8.778,5,8,11,116,403,1588
1785792300,3 Perform authentication,49478,0,24.896,13,21,30,340,1295,1597
1785792300,1 Send request to authorize endpoint,49478,0,10.856,5,9,14,196,522,967
1785792300,2 Start Authentication Flow,49479,0,8.560,4,7,10,159,487,1302
1785792300,__ALL__,247390,0,13.451,5,15,20,226,766,1597
1785792300,4 Obtain authorization code,49477,0,14.165,5,8,13,325,793,1590
1785792600,5 Obtain access token,49425,0,6.932,5,7,9,56,210,656
1785792600,3 Perform authentication,49425,0,17.816,13,19,24,157,396,863
1785792600,1 Send request to authorize endpoint,49427,0,8.289,5,8,10,104,359,645
1785792600,2 Start Authentication Flow,49428,0,6.700,4,6,8,87,353,787
1785792600,__ALL__,247130,0,9.824,5,14,18,111,384,1123
1785792600,4 Obtain authorization code,49425,0,9.386,5,7,9,160,520,1123
1785792900,5 Obtain access token,49459,0,7.707,5,8,10,76,329,838
1785792900,3 Perform authentication,49461,0,22.818,13,20,26,269,1225,1587
1785792900,1 Send request to authorize endpoint,49458,0,9.677,5,8,11,152,465,1573
1785792900,2 Start Authentication Flow,49454,0,7.889,4,6,8,132,481,1577
1785792900,__ALL__,247291,0,11.929,5,14,18,168,649,1587
1785792900,4 Obtain authorization code,49459,0,11.552,5,8,10,239,656,1577
1785793200,5 Obtain access token,49640,0,7.091,5,7,9,53,301,1045
1785793200,3 Perform authentication,49638,0,18.339,13,19,25,176,506,1091
1785793200,1 Send request to authorize endpoint,49641,0,8.667,5,8,11,112,463,1055
1785793200,2 Start Authentication Flow,49645,0,6.804,4,6,8,84,417,772
1785793200,__ALL__,248205,0,10.195,5,14,17,115,495,1350
1785793200,4 Obtain authorization code,49641,0,10.076,5,8,10,177,635,1350
1785793500,5 Obtain access token,49569,0,6.913,5,7,8,17,402,1572
1785793500,3 Perform authentication,49578,0,18.427,13,18,20,55,1219,1581
1785793500,1 Send request to authorize endpoint,49566,0,6.449,5,7,8,21,253,625
1785793500,2 Start Authentication Flow,49562,0,4.838,4,6,7,14,156,1571
1785793500,__ALL__,247845,0,8.676,5,13,16,29,436,1581
1785793500,4 Obtain authorization code,49570,0,6.748,5,7,8,25,258,1569
1785793800,5 Obtain access token,49426,0,7.218,5,7,9,61,312,1587
1785793800,3 Perform authentication,49420,0,18.646,13,18,22,197,610,1595
1785793800,1 Send request to authorize endpoint,49427,0,9.056,5,8,9,133,523,1587
1785793800,2 Start Authentication Flow,49430,0,7.211,4,6,7,111,464,1118
1785793800,__ALL__,247128,0,10.516,5,14,17,138,555,1595
1785793800,4 Obtain authorization code,49425,0,10.449,5,7,9,204,693,1588
1785794100,5 Obtain access token,49136,0,10.956,5,8,13,207,592,1665
1785794100,3 Perform authentication,49132,0,29.606,13,22,38,542,1442,2126
1785794100,1 Send request to authorize endpoint,49137,0,14.735,5,9,18,318,989,2064
1785794100,2 Start Authentication Flow,49138,0,12.226,4,7,11,274,929,2123
1785794100,__ALL__,245678,0,17.472,5,15,22,352,1211,2693
1785794100,4 Obtain authorization code,49135,0,19.839,5,9,18,484,1436,2693
1785794400,5 Obtain access token,49246,0,10.299,5,8,10,168,614,1578
1785794400,3 Perform authentication,49246,0,28.589,13,20,28,510,1438,2689
1785794400,1 Send request to authorize endpoint,49247,0,14.182,5,8,11,311,962,1982
1785794400,2 Start Authentication Flow,49247,0,11.777,4,6,9,272,945,1726
1785794400,__ALL__,246233,0,16.945,5,15,19,348,1217,2881
1785794400,4 Obtain authorization code,49247,0,19.876,5,8,11,536,1476,2881
1785794700,5 Obtain access token,49332,0,8.300,5,8,10,94,442,1516
1785794700,3 Perform authentication,49331,0,21.026,13,20,26,258,792,1543
1785794700,1 Send request to authorize endpoint,49332,0,11.190,5,8,11,201,731,1669
1785794700,2 Start Authentication Flow,49330,0,8.930,4,6,8,174,618,1462
1785794700,__ALL__,246656,0,12.627,5,14,18,200,773,2643
1785794700,4 Obtain authorization code,49331,0,13.691,5,8,11,316,1041,2643
1785795000,5 Obtain access token,49290,0,8.909,5,8,10,115,449,1334
1785795000,3 Perform authentication,49292,0,25.660,13,20,27,401,1320,1676
1785795000,1 Send request to authorize endpoint,49289,0,11.445,5,8,11,203,689,1468
1785795000,2 Start Authentication Flow,49291,0,9.292,4,6,9,172,604,1579
1785795000,__ALL__,246453,0,14.237,5,15,19,248,905,1771
1785795000,4 Obtain authorization code,49291,0,15.876,5,8,11,402,975,1771
1785795300,5 Obtain access token,49491,0,7.367,5,7,9,63,310,723
1785795300,3 Perform authentication,49489,0,19.442,13,19,24,195,679,1484
1785795300,1 Send request to authorize endpoint,49489,0,9.480,5,8,10,129,630,1357
1785795300,2 Start Authentication Flow,49489,0,7.683,4,6,8,108,587,1273
1785795300,__ALL__,247448,0,11.108,5,14,18,135,663,1862
1785795300,4 Obtain authorization code,49490,0,11.569,5,7,10,228,854,1862
1785795600,5 Obtain access token,49325,0,9.441,5,8,12,130,468,1562
1785795600,3 Perform authentication,49328,0,26.965,14,23,35,427,1325,1994
1785795600,1 Send request to authorize endpoint,49326,0,12.447,5,9,17,229,740,1675
1785795600,2 Start Authentication Flow,49325,0,9.919,4,7,11,199,645,1705
1785795600,__ALL__,246630,0,15.044,5,15,21,272,953,2032
1785795600,4 Obtain authorization code,49326,0,16.449,5,9,17,379,1020,2032
1785795900,5 Obtain access token,49561,0,5.327,5,7,8,11,36,171
1785795900,3 Perform authentication,49561,0,13.898,13,17,20,29,115,273
1785795900,1 Send request to authorize endpoint,49560,0,5.450,5,7,8,11,47,248
1785795900,2 Start Authentication Flow,49560,0,4.108,4,5,6,9,33,104
1785795900,__ALL__,247804,0,6.819,5,13,15,21,66,280
1785795900,4 Obtain authorization code,49562,0,5.313,5,7,8,11,82,280
1785796200,5 Obtain access token,49659,0,6.255,5,7,8,14,247,1601
1785796200,3 Perform authentication,49657,0,18.738,13,18,20,38,1332,1613
1785796200,1 Send request to authorize endpoint,49660,0,6.379,5,7,8,15,229,1604
1785796200,2 Start Authentication Flow,49660,0,4.733,4,5,7,13,150,1599
1785796200,__ALL__,248294,0,8.586,5,13,15,25,461,1613
1785796200,4 Obtain authorization code,49658,0,6.827,5,7,8,15,380,1601
1785796500,5 Obtain access token,49779,0,5.293,5,7,8,11,18,39
1785796500,3 Perform authentication,49779,0,13.801,13,18,20,28,40,52
1785796500,1 Send request to authorize endpoint,49780,0,5.434,5,7,8,12,20,44
1785796500,2 Start Authentication Flow,49777,0,4.101,4,5,6,9,15,38
1785796500,__ALL__,248893,0,6.771,5,13,15,20,33,52
1785796500,4 Obtain authorization code,49778,0,5.222,5,7,8,12,19,38
1785796800,5 Obtain access token,49569,0,6.247,5,7,8,16,247,509
1785796800,3 Perform authentication,49569,0,18.963,13,18,20,47,1291,1608
1785796800,1 Send request to authorize endpoint,49570,0,6.742,5,7,8,18,268,1603
1785796800,2 Start Authentication Flow,49571,0,4.862,4,6,7,15,178,427
1785796800,__ALL__,247849,0,8.989,5,13,15,28,608,1608
1785796800,4 Obtain authorization code,49570,0,8.130,5,7,8,22,630,1602
1785797100,5 Obtain access token,49654,0,5.187,5,7,8,10,17,50
1785797100,3 Perform authentication,49654,0,13.415,13,17,19,25,43,74
1785797100,1 Send request to authorize endpoint,49652,0,5.311,5,7,8,11,20,47
1785797100,2 Start Authentication Flow,49653,0,4.027,4,5,6,9,15,38
1785797100,__ALL__,248267,0,6.609,5,13,15,19,31,74
1785797100,4 Obtain authorization code,49654,0,5.107,5,7,8,10,19,42
1785797400,5 Obtain access token,49604,0,5.843,5,7,8,13,173,1573
1785797400,3 Perform authentication,49605,0,17.743,13,17,20,36,1234,1582
1785797400,1 Send request to authorize endpoint,49605,0,6.159,5,7,9,16,206,1569
1785797400,2 Start Authentication Flow,49606,0,4.653,4,6,7,11,141,1570
1785797400,__ALL__,248024,0,8.162,5,13,15,24,363,1582
1785797400,4 Obtain authorization code,49604,0,6.413,5,7,8,15,317,606
1785797700,5 Obtain access token,49792,0,5.404,5,7,8,12,29,91
1785797700,3 Perform authentication,49791,0,13.966,13,18,20,31,70,145
1785797700,1 Send request to authorize endpoint,49793,0,5.547,5,7,8,12,33,93
1785797700,2 Start Authentication Flow,49793,0,4.202,4,6,7,10,24,89
1785797700,__ALL__,248960,0,6.893,5,13,15,21,43,145
1785797700,4 Obtain authorization code,49791,0,5.344,5,7,8,12,34,92
1785798000,5 Obtain access token,49567,0,6.810,5,7,8,17,361,600
1785798000,3 Perform authentication,49570,0,19.206,13,18,20,49,1296,1598
1785798000,1 Send request to authorize endpoint,49565,0,6.717,5,7,8,21,272,1589
1785798000,2 Start Authentication Flow,49566,0,4.901,4,6,7,15,191,548
1785798000,__ALL__,247837,0,9.078,5,13,16,30,547,1598
1785798000,4 Obtain authorization code,49569,0,7.754,5,7,8,23,524,1591
1785798300,5 Obtain access token,49649,0,5.312,5,7,8,11,23,43
1785798300,3 Perform authentication,49646,0,13.712,13,17,19,27,55,91
1785798300,1 Send request to authorize endpoint,49651,0,5.392,5,7,8,11,24,53
1785798300,2 Start Authentication Flow,49651,0,4.087,4,5,6,9,20,56
1785798300,__ALL__,248244,0,6.725,5,13,15,20,36,91
1785798300,4 Obtain authorization code,49647,0,5.124,5,7,8,11,24,41
1785798600,5 Obtain access token,49549,0,5.961,5,7,8,15,190,1549
1785798600,3 Perform authentication,49548,0,18.106,13,18,21,40,1265,1560
1785798600,1 Send request to authorize endpoint,49547,0,6.439,5,7,9,17,229,1550
1785798600,2 Start Authentication Flow,49544,0,4.779,4,6,7,13,168,1550
1785798600,__ALL__,247737,0,8.532,5,13,15,27,470,1560
1785798600,4 Obtain authorization code,49549,0,7.375,5,7,8,16,521,1548
1785798900,5 Obtain access token,49657,0,5.340,5,7,8,11,21,41
1785798900,3 Perform authentication,49658,0,13.811,13,18,21,29,43,60
1785798900,1 Send request to authorize endpoint,49658,0,5.519,5,7,9,14,23,38
1785798900,2 Start Authentication Flow,49659,0,4.128,4,6,7,10,16,40
1785798900,__ALL__,248289,0,6.802,5,13,15,21,34,60
1785798900,4 Obtain authorization code,49657,0,5.214,5,7,8,13,21,48
1785799200,5 Obtain access token,49593,0,5.919,5,7,8,15,151,1591
1785799200,3 Perform authentication,49592,0,18.474,13,17,20,40,1366,1593
1785799200,1 Send request to authorize endpoint,49593,0,6.214,5,7,8,17,196,1593
1785799200,2 Start Authentication Flow,49595,0,4.695,4,5,6,13,156,1587
1785799200,__ALL__,247966,0,8.361,5,13,15,25,444,1593
1785799200,4 Obtain authorization code,49593,0,6.504,5,7,8,15,360,1587
1785799500,5 Obtain access token,49754,0,5.265,5,7,8,10,26,57
1785799500,3 Perform authentication,49754,0,13.614,13,17,19,25,68,158
1785799500,1 Send request to authorize endpoint,49753,0,5.373,5,7,8,11,28,68
1785799500,2 Start Authentication Flow,49752,0,4.061,4,5,6,9,21,55
1785799500,__ALL__,248767,0,6.680,5,13,15,20,34,158
1785799500,4 Obtain authorization code,49754,0,5.088,5,7,8,10,30,62
1785799800,5 Obtain access token,49564,0,5.771,5,7,8,15,131,321
1785799800,3 Perform authentication,49566,0,17.584,13,18,21,41,1178,1532
1785799800,1 Send request to authorize endpoint,49566,0,6.148,5,8,9,18,158,1527
1785799800,2 Start Authentication Flow,49567,0,4.669,4,6,7,13,126,1526
1785799800,__ALL__,247829,0,8.093,5,13,16,27,300,1532
1785799800,4 Obtain authorization code,49566,0,6.292,5,7,8,17,285,1526
1785800100,5 Obtain access token,49686,0,5.270,5,7,8,10,19,36
1785800100,3 Perform authentication,49687,0,13.457,13,17,19,25,41,65
1785800100,1 Send request to authorize endpoint,49685,0,5.387,5,7,8,11,18,38
1785800100,2 Start Authentication Flow,49684,0,4.071,4,5,6,9,14,35
1785800100,__ALL__,248427,0,6.654,5,13,15,19,31,65
1785800100,4 Obtain authorization code,49685,0,5.084,5,7,8,10,18,37
1785800400,5 Obtain access token,49684,0,7.417,5,7,8,20,491,1601
1785800400,3 Perform authentication,49682,0,19.510,13,17,20,63,1361,1608
1785800400,1 Send request to authorize endpoint,49684,0,7.010,5,7,8,26,352,847
1785800400,2 Start Authentication Flow,49684,0,5.190,4,6,7,18,222,1598
1785800400,__ALL__,248418,0,9.387,5,13,15,32,595,1608
1785800400,4 Obtain authorization code,49684,0,7.808,5,7,8,32,481,1599
1785800700,5 Obtain access token,49581,0,5.340,5,7,8,12,33,73
1785800700,3 Perform authentication,49583,0,13.818,13,17,20,31,124,184
1785800700,1 Send request to authorize endpoint,49582,0,5.503,5,7,8,13,34,91
1785800700,2 Start Authentication Flow,49582,0,4.147,4,6,7,10,27,69
1785800700,__ALL__,247910,0,6.814,5,13,15,21,47,184
1785800700,4 Obtain authorization code,49582,0,5.261,5,7,8,13,63,152
1785801000,5 Obtain access token,49492,0,8.236,5,7,9,83,448,1572
1785801000,3 Perform authentication,49491,0,22.344,13,18,21,316,1246,1803
1785801000,1 Send request to authorize endpoint,49491,0,8.848,5,7,9,128,499,1577
1785801000,2 Start Authentication Flow,49490,0,6.619,4,6,7,90,368,1249
1785801000,__ALL__,247455,0,11.492,5,13,16,163,789,1803
1785801000,4 Obtain authorization code,49491,0,11.413,5,7,8,291,834,1554
1785801300,5 Obtain access token,49365,0,8.577,5,7,8,76,680,2166
1785801300,3 Perform authentication,49365,0,23.284,13,18,21,323,1467,3511
1785801300,1 Send request to authorize endpoint,49366,0,10.692,5,7,9,139,1053,2568
1785801300,2 Start Authentication Flow,49367,0,8.461,4,6,7,103,969,2307
1785801300,__ALL__,246828,0,13.435,5,13,16,173,1335,3511
1785801300,4 Obtain authorization code,49365,0,16.160,5,7,8,355,1766,2952
1785801600,5 Obtain access token,49342,0,9.991,5,7,9,157,594,1762
1785801600,3 Perform authentication,49341,0,29.285,13,18,24,592,1469,2517
1785801600,1 Send request to authorize endpoint,49341,0,12.540,5,8,10,231,940,2264
1785801600,2 Start Authentication Flow,49342,0,10.130,4,6,8,181,892,2092
1785801600,__ALL__,246707,0,16.158,5,14,18,305,1257,2689
1785801600,4 Obtain authorization code,49341,0,18.846,5,7,10,471,1573,2689
1785801900,5 Obtain access token,49515,0,7.069,5,7,9,56,292,865
1785801900,3 Perform authentication,49516,0,19.384,13,19,23,238,678,1271
1785801900,1 Send request to authorize endpoint,49515,0,8.500,5,8,11,102,430,1124
1785801900,2 Start Authentication Flow,49515,0,6.515,4,6,8,71,412,1133
1785801900,__ALL__,247576,0,10.495,5,14,17,122,581,1294
1785801900,4 Obtain authorization code,49515,0,11.007,5,7,10,206,774,1294
1785802200,5 Obtain access token,49294,0,10.126,5,8,10,181,481,1970
1785802200,3 Perform authentication,49294,0,27.125,13,19,28,461,1342,1699
1785802200,1 Send request to authorize endpoint,49294,0,13.260,5,8,12,263,858,2161
1785802200,2 Start Authentication Flow,49294,0,10.613,4,6,9,221,719,1440
1785802200,__ALL__,246472,0,15.685,5,14,19,306,1055,2161
1785802200,4 Obtain authorization code,49296,0,17.301,5,8,12,382,1164,2109
1785802500,5 Obtain access token,49464,0,7.215,5,7,9,58,345,856
1785802500,3 Perform authentication,49464,0,18.273,13,19,22,188,544,1504
1785802500,1 Send request to authorize endpoint,49464,0,8.939,5,8,9,122,523,1327
1785802500,2 Start Authentication Flow,49464,0,7.309,4,6,7,113,474,1057
1785802500,__ALL__,247319,0,10.458,5,14,17,127,549,1504
1785802500,4 Obtain authorization code,49463,0,10.553,5,8,9,203,709,1464
1785802800,5 Obtain access token,49304,0,8.703,5,7,10,119,438,996
1785802800,3 Perform authentication,49304,0,25.494,13,20,26,396,1449,1619
1785802800,1 Send request to authorize endpoint,49305,0,11.059,5,8,11,208,625,1607
1785802800,2 Start Authentication Flow,49304,0,8.670,4,6,8,157,580,1376
1785802800,__ALL__,246521,0,13.645,5,14,18,237,932,1730
1785802800,4 Obtain authorization code,49304,0,14.298,5,8,11,329,967,1730
1785803100,5 Obtain access token,49442,0,7.669,5,7,9,75,409,1385
1785803100,3 Perform authentication,49440,0,19.346,13,18,22,226,703,2363
1785803100,1 Send request to authorize endpoint,49441,0,9.777,5,8,9,164,641,1534
1785803100,2 Start Authentication Flow,49441,0,8.285,4,6,7,148,656,1473
1785803100,__ALL__,247205,0,11.449,5,14,16,164,706,2363
1785803100,4 Obtain authorization code,49441,0,12.166,5,7,9,272,958,1707
1785803400,5 Obtain access token,49314,0,8.667,5,7,9,127,439,1588
1785803400,3 Perform authentication,49319,0,23.974,13,19,23,357,1299,1596
1785803400,1 Send request to authorize endpoint,49315,0,10.680,5,8,10,198,629,1751
1785803400,2 Start Authentication Flow,49315,0,8.502,4,6,7,152,604,1588
1785803400,__ALL__,246580,0,13.067,5,14,17,230,840,1751
1785803400,4 Obtain authorization code,49317,0,13.508,5,7,9,322,843,1588
1785803700,5 Obtain access token,49493,0,7.690,5,7,9,69,413,937
1785803700,3 Perform authentication,49490,0,19.378,13,19,23,218,734,1727
1785803700,1 Send request to authorize endpoint,49493,0,9.766,5,8,10,152,644,1446
1785803700,2 Start Authentication Flow,49493,0,8.075,4,6,7,133,674,1490
1785803700,__ALL__,247461,0,11.329,5,14,17,156,699,2101
1785803700,4 Obtain authorization code,49492,0,11.738,5,7,9,255,850,2101
1785804000,5 Obtain access token,49571,0,5.743,5,7,8,14,135,1572
1785804000,3 Perform authentication,49570,0,18.141,13,18,20,35,1281,1581
1785804000,1 Send request to authorize endpoint,49571,0,6.089,5,7,8,14,187,1575
1785804000,2 Start Authentication Flow,49572,0,4.681,4,5,6,11,162,383
1785804000,__ALL__,247853,0,8.245,5,13,15,24,372,1581
1785804000,4 Obtain authorization code,49569,0,6.570,5,7,8,14,336,1571
1785804300,5 Obtain access token,49439,0,6.505,5,7,9,45,204,549
1785804300,3 Perform authentication,49442,0,16.776,13,18,22,134,425,1163
1785804300,1 Send request to authorize endpoint,49437,0,7.744,5,8,9,84,364,976
1785804300,2 Start Authentication Flow,49434,0,6.184,4,6,7,68,349,777
1785804300,__ALL__,247193,0,9.191,5,14,16,86,399,1213
1785804300,4 Obtain authorization code,49441,0,8.746,5,7,9,133,522,1213
1785804600,5 Obtain access token,49656,0,7.310,5,7,9,60,302,1590
1785804600,3 Perform authentication,49655,0,21.513,13,19,23,189,1318,1580
1785804600,1 Send request to authorize endpoint,49658,0,8.100,5,8,10,102,294,1593
1785804600,2 Start Authentication Flow,49661,0,6.225,4,6,8,80,243,523
1785804600,__ALL__,248284,0,10.644,5,14,17,118,588,1593
1785804600,4 Obtain authorization code,49654,0,10.072,5,7,10,182,603,1590
1785804900,5 Obtain access token,49707,0,5.619,5,7,9,16,45,174
1785804900,3 Perform authentication,49709,0,14.780,13,19,22,43,138,280
1785804900,1 Send request to authorize endpoint,49706,0,6.013,5,8,10,19,84,284
1785804900,2 Start Authentication Flow,49705,0,4.490,4,6,7,13,69,220
1785804900,__ALL__,248536,0,7.368,5,14,16,27,101,284
1785804900,4 Obtain authorization code,49709,0,5.937,5,7,9,21,111,284
1785805200,5 Obtain access token,49615,0,6.891,5,7,9,26,349,1568
1785805200,3 Perform authentication,49612,0,19.497,13,19,22,100,1272,1567
1785805200,1 Send request to authorize endpoint,49615,0,6.966,5,8,9,41,273,1566
1785805200,2 Start Authentication Flow,49614,0,5.040,4,6,7,28,167,362
1785805200,__ALL__,248070,0,9.243,5,14,16,45,486,1568
1785805200,4 Obtain authorization code,49614,0,7.822,5,7,9,56,455,816
1785805500,5 Obtain access token,49485,0,5.687,5,7,9,16,59,173
1785805500,3 Perform authentication,49483,0,15.008,13,19,23,45,154,263
1785805500,1 Send request to authorize endpoint,49486,0,6.119,5,8,10,23,95,234
1785805500,2 Start Authentication Flow,49488,0,4.529,4,6,7,14,72,212
1785805500,__ALL__,247426,0,7.488,5,14,16,30,114,263
1785805500,4 Obtain authorization code,49484,0,6.099,5,8,10,24,126,243
1785805800,5 Obtain access token,49725,0,6.565,5,7,9,29,248,1576
1785805800,3 Perform authentication,49727,0,19.724,13,19,24,104,1254,1578
1785805800,1 Send request to authorize endpoint,49724,0,7.057,5,8,10,42,247,677
1785805800,2 Start Authentication Flow,49723,0,5.140,4,6,8,30,170,1575
1785805800,__ALL__,248625,0,9.378,5,14,17,50,518,1578
1785805800,4 Obtain authorization code,49726,0,8.404,5,8,10,62,545,1577
1785806100,5 Obtain access token,49620,0,5.572,5,7,8,16,55,105
1785806100,3 Perform authentication,49620,0,14.754,13,18,21,48,139,223
1785806100,1 Send request to authorize endpoint,49621,0,5.932,5,8,9,19,98,200
1785806100,2 Start Authentication Flow,49622,0,4.477,4,6,7,13,78,281
1785806100,__ALL__,248102,0,7.332,5,14,16,26,112,281
1785806100,4 Obtain authorization code,49619,0,5.926,5,7,8,22,121,238
1785806400,5 Obtain access token,49514,0,8.078,5,7,9,50,502,1609
1785806400,3 Perform authentication,49515,0,21.456,13,19,23,169,1357,1615
1785806400,1 Send request to authorize endpoint,49513,0,7.928,5,8,9,78,378,1608
1785806400,2 Start Authentication Flow,49511,0,5.842,4,6,7,58,247,562
1785806400,__ALL__,247570,0,10.514,5,14,17,97,591,1615
1785806400,4 Obtain authorization code,49517,0,9.265,5,7,9,134,404,1609
1785806700,5 Obtain access token,49704,0,5.303,5,7,8,10,16,40
1785806700,3 Perform authentication,49706,0,13.918,13,18,20,26,40,56
1785806700,1 Send request to authorize endpoint,49704,0,5.441,5,7,8,11,16,38
1785806700,2 Start Authentication Flow,49705,0,4.114,4,6,6,9,13,35
1785806700,__ALL__,248524,0,6.818,5,13,15,20,31,56
1785806700,4 Obtain authorization code,49705,0,5.314,5,7,8,10,15,35
1785807000,5 Obtain access token,49586,0,6.883,5,7,9,44,285,477
1785807000,3 Perform authentication,49584,0,20.052,13,19,23,164,1066,1538
1785807000,1 Send request to authorize endpoint,49586,0,7.370,5,8,10,68,262,640
1785807000,2 Start Authentication Flow,49587,0,5.463,4,6,7,47,170,1526
1785807000,__ALL__,247926,0,9.699,5,14,17,83,453,1538
1785807000,4 Obtain authorization code,49583,0,8.727,5,7,9,117,483,1526
1785807300,5 Obtain access token,49603,0,5.902,5,8,9,22,72,164
1785807300,3 Perform authentication,49603,0,15.635,13,20,25,67,165,263
1785807300,1 Send request to authorize endpoint,49604,0,6.334,5,8,10,33,113,250
1785807300,2 Start Authentication Flow,49604,0,4.731,4,6,7,22,103,368
1785807300,__ALL__,248018,0,7.801,5,14,17,38,133,368
1785807300,4 Obtain authorization code,49604,0,6.406,5,8,10,35,137,313
1785807600,5 Obtain access token,49581,0,7.304,5,7,9,33,386,546
1785807600,3 Perform authentication,49582,0,20.338,13,19,23,112,1379,1608
1785807600,1 Send request to authorize endpoint,49579,0,7.246,5,8,10,49,298,609
1785807600,2 Start Authentication Flow,49578,0,5.289,4,6,8,36,171,1597
1785807600,__ALL__,247900,0,9.562,5,14,17,58,468,1608
1785807600,4 Obtain authorization code,49580,0,7.632,5,8,10,74,242,1593
1785807900,5 Obtain access token,49629,0,5.506,5,7,8,14,44,109
1785807900,3 Perform authentication,49628,0,14.604,13,18,21,43,125,186
1785807900,1 Send request to authorize endpoint,49631,0,5.825,5,8,9,19,77,160
1785807900,2 Start Authentication Flow,49631,0,4.368,4,6,7,13,56,153
1785807900,__ALL__,248148,0,7.215,5,13,16,25,89,203
1785807900,4 Obtain authorization code,49629,0,5.772,5,7,9,20,96,203
1785808200,5 Obtain access token,49583,0,7.106,5,7,9,28,341,1623
1785808200,3 Perform authentication,49581,0,20.404,13,19,23,95,1392,1635
1785808200,1 Send request to authorize endpoint,49581,0,7.133,5,8,10,41,273,1621
1785808200,2 Start Authentication Flow,49582,0,5.166,4,6,7,30,192,531
1785808200,__ALL__,247909,0,9.601,5,14,17,48,524,1635
1785808200,4 Obtain authorization code,49582,0,8.197,5,7,9,53,403,1621
1785808500,5 Obtain access token,49495,0,5.597,5,7,8,15,55,166
1785808500,3 Perform authentication,49499,0,14.799,13,19,22,44,134,215
1785808500,1 Send request to authorize endpoint,49496,0,5.953,5,8,9,19,82,248
1785808500,2 Start Authentication Flow,49495,0,4.441,4,6,7,13,69,238
1785808500,__ALL__,247483,0,7.338,5,14,16,27,101,280
1785808500,4 Obtain authorization code,49498,0,5.899,5,7,9,21,110,280
1785808800,5 Obtain access token,49373,0,9.231,5,8,10,138,522,1176
1785808800,3 Perform authentication,49369,0,25.567,13,19,25,430,1331,2063
1785808800,1 Send request to authorize endpoint,49374,0,11.537,5,8,11,200,789,2052
1785808800,2 Start Authentication Flow,49374,0,9.106,4,6,8,155,687,2023
1785808800,__ALL__,246861,0,14.123,5,14,18,242,1001,2063
1785808800,4 Obtain authorization code,49371,0,15.174,5,8,10,323,1164,1969
1785809100,5 Obtain access token,49374,0,8.075,5,8,10,63,526,1215
1785809100,3 Perform authentication,49376,0,21.138,13,20,26,232,964,1880
1785809100,1 Send request to authorize endpoint,49373,0,10.318,5,8,11,132,768,1778
1785809100,2 Start Authentication Flow,49374,0,7.878,4,6,8,105,642,1684
1785809100,__ALL__,246871,0,12.140,5,14,18,137,878,2191
1785809100,4 Obtain authorization code,49374,0,13.294,5,8,11,255,1164,2191
1785809400,5 Obtain access token,49630,0,6.146,5,7,9,30,152,367
1785809400,3 Perform authentication,49684,0,19.975,13,19,23,109,1346,1582
1785809400,1 Send request to authorize endpoint,49609,0,6.893,5,8,10,46,219,1580
1785809400,2 Start Authentication Flow,49590,0,5.176,4,6,7,33,184,1579
1785809400,__ALL__,248153,0,9.136,5,14,17,52,427,1582
1785809400,4 Obtain authorization code,49640,0,7.473,5,7,9,73,349,644
1785809700,5 Obtain access token,49595,0,7.118,5,7,8,34,435,1380
1785809700,3 Perform authentication,49541,0,18.601,13,18,21,129,874,1752
1785809700,1 Send request to authorize endpoint,49616,0,8.621,5,7,9,69,604,1966
1785809700,2 Start Authentication Flow,49634,0,6.838,4,6,7,59,584,1448
1785809700,__ALL__,247971,0,10.379,5,14,16,66,721,2024
1785809700,4 Obtain authorization code,49585,0,10.728,5,7,8,158,895,2024
1785810000,5 Obtain access token,49359,0,9.013,5,8,11,104,508,1567
1785810000,3 Perform authentication,49359,0,27.197,13,21,32,466,1386,3077
1785810000,1 Send request to authorize endpoint,49359,0,11.870,5,8,13,193,804,2257
1785810000,2 Start Authentication Flow,49358,0,9.638,4,6,9,158,808,2022
1785810000,__ALL__,246794,0,14.819,5,15,20,231,1121,3077
1785810000,4 Obtain authorization code,49359,0,16.377,5,8,12,383,1293,2402
1785810300,5 Obtain access token,49355,0,9.445,5,8,10,103,738,2708
1785810300,3 Perform authentication,49354,0,24.394,13,20,29,349,1342,2640
1785810300,1 Send request to authorize endpoint,49355,0,12.224,5,8,11,201,1055,2306
1785810300,2 Start Authentication Flow,49357,0,9.499,4,6,8,147,967,2312
1785810300,__ALL__,246776,0,14.596,5,15,18,216,1232,2708
1785810300,4 Obtain authorization code,49355,0,17.419,5,8,11,456,1611,2625
1785810600,5 Obtain access token,49371,0,8.532,5,8,10,94,506,1575
1785810600,3 Perform authentication,49371,0,25.037,13,20,27,396,1288,2135
1785810600,1 Send request to authorize endpoint,49370,0,11.251,5,8,11,168,837,2188
1785810600,2 Start Authentication Flow,49369,0,8.707,4,6,8,132,720,1656
1785810600,__ALL__,246851,0,13.785,5,14,19,199,1060,2575
1785810600,4 Obtain authorization code,49370,0,15.397,5,8,11,314,1335,2575
1785810900,5 Obtain access token,49411,0,8.636,5,8,10,84,617,1423
1785810900,3 Perform authentication,49413,0,22.216,13,20,27,266,1088,2708
1785810900,1 Send request to authorize endpoint,49413,0,10.901,5,8,11,159,818,1887
1785810900,2 Start Authentication Flow,49414,0,8.597,4,6,8,119,769,1777
1785810900,__ALL__,247064,0,13.011,5,14,18,169,968,3244
1785810900,4 Obtain authorization code,49413,0,14.704,5,8,11,312,1333,3244
1785811200,5 Obtain access token,49482,0,6.679,5,7,8,19,357,1596
1785811200,3 Perform authentication,49480,0,19.474,13,18,21,64,1358,1595
1785811200,1 Send request to authorize endpoint,49482,0,6.725,5,7,8,26,259,1593
1785811200,2 Start Authentication Flow,49482,0,4.952,4,6,7,18,193,1594
1785811200,__ALL__,247408,0,9.137,5,13,16,31,517,1596
1785811200,4 Obtain authorization code,49482,0,7.852,5,7,8,26,461,1593
1785811500,5 Obtain access token,49740,0,5.251,5,7,8,11,21,38
1785811500,3 Perform authentication,49740,0,13.756,13,17,20,26,49,150
1785811500,1 Send request to authorize endpoint,49739,0,5.356,5,7,8,11,20,89
1785811500,2 Start Authentication Flow,49737,0,4.060,4,5,6,9,15,41
1785811500,__ALL__,248695,0,6.729,5,13,15,20,34,150
1785811500,4 Obtain authorization code,49739,0,5.221,5,7,8,10,20,84
1785811800,5 Obtain access token,49557,0,5.971,5,7,8,22,135,1528
1785811800,3 Perform authentication,49556,0,18.224,13,18,20,81,1186,1540
1785811800,1 Send request to authorize endpoint,49558,0,6.493,5,7,8,29,228,1531
1785811800,2 Start Authentication Flow,49560,0,4.882,4,6,7,20,167,1529
1785811800,__ALL__,247788,0,8.565,5,13,16,34,385,1540
1785811800,4 Obtain authorization code,49557,0,7.257,5,7,8,44,386,1532
1785812100,5 Obtain access token,49623,0,5.244,5,7,8,10,19,42
1785812100,3 Perform authentication,49625,0,13.636,13,17,19,25,49,143
1785812100,1 Send request to authorize endpoint,49623,0,5.345,5,7,8,11,21,99
1785812100,2 Start Authentication Flow,49623,0,4.041,4,5,6,8,15,54
1785812100,__ALL__,248118,0,6.676,5,13,15,19,33,143
1785812100,4 Obtain authorization code,49624,0,5.113,5,7,7,10,22,99
1785812400,5 Obtain access token,49647,0,7.102,5,7,9,60,289,853
1785812400,3 Perform authentication,49647,0,21.564,13,18,22,249,1282,1640
1785812400,1 Send request to authorize endpoint,49644,0,8.006,5,8,9,86,417,1535
1785812400,2 Start Authentication Flow,49644,0,5.910,4,6,7,60,279,932
1785812400,__ALL__,248228,0,10.553,5,14,16,117,715,1640
1785812400,4 Obtain authorization code,49646,0,10.184,5,7,9,218,697,1594
1785812700,5 Obtain access token,49780,0,5.939,5,7,8,21,156,495
1785812700,3 Perform authentication,49777,0,15.705,13,18,20,102,343,611
1785812700,1 Send request to authorize endpoint,49782,0,6.343,5,7,8,29,227,682
1785812700,2 Start Authentication Flow,49781,0,4.825,4,6,7,20,182,647
1785812700,__ALL__,248899,0,7.968,5,13,16,35,281,682
1785812700,4 Obtain authorization code,49779,0,7.029,5,7,8,61,368,673
1785813000,5 Obtain access token,49194,0,10.748,5,7,9,136,1052,2665
1785813000,3 Perform authentication,49195,0,32.152,13,19,24,749,2024,4199
1785813000,1 Send request to authorize endpoint,49194,0,13.846,5,8,10,236,1471,2841
1785813000,2 Start Authentication Flow,49194,0,10.682,4,6,8,170,1233,2894
1785813000,__ALL__,245972,0,17.916,5,14,17,323,1765,4199
1785813000,4 Obtain authorization code,49195,0,22.150,5,7,10,555,2234,4048
1785813300,5 Obtain access token,49514,0,7.123,5,7,9,45,374,1064
1785813300,3 Perform authentication,49516,0,19.892,13,18,22,222,976,2007
1785813300,1 Send request to authorize endpoint,49514,0,8.578,5,8,9,92,591,1418
1785813300,2 Start Authentication Flow,49514,0,6.686,4,6,7,59,508,1989
1785813300,__ALL__,247572,0,10.839,5,13,16,101,828,2007
1785813300,4 Obtain authorization code,49514,0,11.913,5,7,9,207,1229,1867
1785813600,5 Obtain access token,49448,0,8.091,5,7,9,81,487,1584
1785813600,3 Perform authentication,49449,0,24.934,13,18,23,430,1379,2220
1785813600,1 Send request to authorize endpoint,49448,0,10.171,5,8,10,151,781,2086
1785813600,2 Start Authentication Flow,49447,0,7.704,4,6,8,107,628,1926
1785813600,__ALL__,247241,0,13.068,5,14,17,179,1148,2572
1785813600,4 Obtain authorization code,49449,0,14.439,5,7,9,283,1412,2572
1785813900,5 Obtain access token,49350,0,7.678,5,7,8,57,542,1732
1785813900,3 Perform authentication,49348,0,20.833,13,18,21,237,1162,2249
1785813900,1 Send request to authorize endpoint,49350,0,9.290,5,7,9,107,758,2785
1785813900,2 Start Authentication Flow,49351,0,7.503,4,6,7,71,789,1973
1785813900,__ALL__,246748,0,11.691,5,13,16,118,1016,2843
1785813900,4 Obtain authorization code,49349,0,13.151,5,7,8,224,1361,2843
1785814200,5 Obtain access token,49040,0,11.325,5,7,9,199,932,2779
1785814200,3 Perform authentication,49044,0,33.373,13,18,23,797,2034,3847
1785814200,1 Send request to authorize endpoint,49040,0,15.012,5,8,9,261,1579,3753
1785814200,2 Start Authentication Flow,49039,0,11.377,4,6,7,201,1270,3497
1785814200,__ALL__,245205,0,19.071,5,14,17,354,1809,4152
1785814200,4 Obtain authorization code,49042,0,24.265,5,7,9,600,2338,4152
1785814500,5 Obtain access token,49168,0,11.192,5,7,9,147,1091,3107
1785814500,3 Perform authentication,49165,0,30.923,13,18,21,654,2404,3817
1785814500,1 Send request to authorize endpoint,49169,0,15.675,5,7,9,298,1817,3939
1785814500,2 Start Authentication Flow,49167,0,11.986,4,6,7,182,1570,3397
1785814500,__ALL__,245836,0,19.076,5,13,16,347,2171,4338
1785814500,4 Obtain authorization code,49167,0,25.606,5,7,8,733,2739,4338
1785814800,5 Obtain access token,48865,0,11.364,5,7,9,168,993,1830
1785814800,3 Perform authentication,48863,0,35.759,13,19,24,881,2370,4253
1785814800,1 Send request to authorize endpoint,48864,0,17.201,5,8,10,305,1905,3890
1785814800,2 Start Authentication Flow,48867,0,12.778,4,6,8,221,1458,3142
1785814800,__ALL__,244322,0,21.135,5,14,17,417,2130,5530
1785814800,4 Obtain authorization code,48863,0,28.572,5,7,10,780,2999,5530
1785815100,5 Obtain access token,49170,0,11.892,5,7,8,170,1267,4319
1785815100,3 Perform authentication,49170,0,32.275,13,18,21,722,2419,4242
1785815100,1 Send request to authorize endpoint,49170,0,16.466,5,7,9,315,1851,3979
1785815100,2 Start Authentication Flow,49168,0,13.705,4,6,7,241,1840,3716
1785815100,__ALL__,245849,0,20.585,5,13,16,403,2286,5235
1785815100,4 Obtain authorization code,49171,0,28.588,5,7,8,942,3063,5235
1785815400,5 Obtain access token,49071,0,8.057,5,7,8,57,566,2637
1785815400,3 Perform authentication,49346,0,25.382,13,18,21,487,1496,2552
1785815400,1 Send request to authorize endpoint,48997,0,8.963,5,7,9,59,897,2550
1785815400,2 Start Authentication Flow,48927,0,6.514,4,6,7,20,722,2585
1785815400,__ALL__,245472,0,12.353,5,13,16,109,1282,3646
1785815400,4 Obtain authorization code,49131,0,12.752,5,7,8,234,1449,3646
1785815700,5 Obtain access token,49484,0,12.084,5,7,9,116,1540,3805
1785815700,3 Perform authentication,49211,0,29.397,13,18,22,138,2929,5526
1785815700,1 Send request to authorize endpoint,49558,0,16.152,5,8,10,221,2127,4113
1785815700,2 Start Authentication Flow,49629,0,13.448,4,6,8,181,1983,4780
1785815700,__ALL__,247306,0,19.814,5,13,17,205,2692,5653
1785815700,4 Obtain authorization code,49424,0,28.073,5,7,9,629,3595,5653
1785816000,5 Obtain access token,48958,0,13.927,5,7,11,224,1354,3146
1785816000,3 Perform authentication,48956,0,42.165,13,19,26,1032,2809,5094
1785816000,1 Send request to authorize endpoint,48958,0,20.291,5,8,11,389,2145,4757
1785816000,2 Start Authentication Flow,48960,0,15.139,4,6,9,285,1734,3983
1785816000,__ALL__,244790,0,25.182,5,14,19,592,2375,5756
1785816000,4 Obtain authorization code,48958,0,34.387,5,7,10,1026,3034,5756
1785816300,5 Obtain access token,49567,0,6.369,5,7,9,30,209,808
1785816300,3 Perform authentication,49567,0,17.005,13,18,21,140,562,1408
1785816300,1 Send request to authorize endpoint,49567,0,7.199,5,7,9,42,380,1060
1785816300,2 Start Authentication Flow,49567,0,5.475,4,6,7,32,335,943
1785816300,__ALL__,247834,0,8.952,5,13,16,49,480,1519
1785816300,4 Obtain authorization code,49566,0,8.712,5,7,8,99,671,1519
1785816600,5 Obtain access token,48769,0,18.592,5,8,11,375,1967,5655
1785816600,3 Perform authentication,48773,0,45.010,13,19,29,1160,3256,5982
1785816600,1 Send request to authorize endpoint,48768,0,26.057,5,8,13,630,2846,6349
1785816600,2 Start Authentication Flow,48768,0,20.147,4,6,9,349,2698,5450
1785816600,__ALL__,243851,0,30.795,5,14,19,821,3261,6349
1785816600,4 Obtain authorization code,48773,0,44.165,5,7,13,1545,4270,6309
1785816900,5 Obtain access token,49123,0,10.501,5,8,10,160,736,2014
1785816900,3 Perform authentication,49122,0,28.587,13,19,26,520,1611,2685
1785816900,1 Send request to authorize endpoint,49124,0,14.096,5,8,12,265,1121,2819
1785816900,2 Start Authentication Flow,49124,0,11.183,4,6,9,211,1018,2482
1785816900,__ALL__,245616,0,17.441,5,14,19,335,1413,3185
1785816900,4 Obtain authorization code,49123,0,22.840,5,7,11,602,1907,3185
1785817200,5 Obtain access token,48693,0,17.219,5,8,11,385,1590,2670
1785817200,3 Perform authentication,48691,0,40.499,13,20,30,913,2240,4291
1785817200,1 Send request to authorize endpoint,48693,0,24.760,5,8,14,601,1883,3479
1785817200,2 Start Authentication Flow,48691,0,20.680,4,6,10,559,1815,3625
1785817200,__ALL__,243459,0,28.579,5,15,21,731,2180,5381
1785817200,4 Obtain authorization code,48691,0,39.741,5,8,13,1278,2879,5381
1785817500,5 Obtain access token,48920,0,13.369,5,8,10,212,1382,3198
1785817500,3 Perform authentication,48921,0,35.118,13,20,27,755,2443,4627
1785817500,1 Send request to authorize endpoint,48921,0,19.847,5,8,11,430,2136,3773
1785817500,2 Start Authentication Flow,48922,0,16.112,4,6,9,329,1958,4830
1785817500,__ALL__,244604,0,23.268,5,15,19,504,2350,5166
1785817500,4 Obtain authorization code,48920,0,31.893,5,8,11,1018,3138,5166
1785817800,5 Obtain access token,49721,0,7.304,5,8,13,46,282,683
1785817800,3 Perform authentication,49718,0,22.743,14,23,41,136,1366,1613
1785817800,1 Send request to authorize endpoint,49721,0,8.502,5,9,19,75,318,1601
1785817800,2 Start Authentication Flow,49721,0,6.216,4,7,11,59,216,1602
1785817800,__ALL__,248600,0,11.106,5,15,22,87,686,1613
1785817800,4 Obtain authorization code,49719,0,10.767,5,9,19,115,699,1602
1785818100,5 Obtain access token,49592,0,5.721,5,7,9,19,56,136
1785818100,3 Perform authentication,49596,0,15.322,13,19,24,60,150,260
1785818100,1 Send request to authorize endpoint,49592,0,6.146,5,8,10,27,89,206
1785818100,2 Start Authentication Flow,49593,0,4.562,4,6,7,18,69,160
1785818100,__ALL__,247968,0,7.600,5,14,17,34,114,260
1785818100,4 Obtain authorization code,49595,0,6.250,5,8,9,33,133,254
1785818400,5 Obtain access token,49406,0,8.602,5,8,10,89,443,1701
1785818400,3 Perform authentication,49404,0,26.948,13,20,27,456,1467,2178
1785818400,1 Send request to authorize endpoint,49405,0,10.598,5,8,11,146,838,2013
1785818400,2 Start Authentication Flow,49404,0,8.205,4,6,9,113,566,2227
1785818400,__ALL__,247024,0,13.802,5,14,19,182,1184,2932
1785818400,4 Obtain authorization code,49405,0,14.660,5,8,10,299,1315,2932
1785818700,5 Obtain access token,49617,0,6.371,5,7,9,30,167,1553
1785818700,3 Perform authentication,49616,0,19.009,13,19,23,97,1204,1560
1785818700,1 Send request to authorize endpoint,49617,0,6.776,5,8,10,42,205,1552
1785818700,2 Start Authentication Flow,49616,0,5.059,4,6,7,27,150,1553
1785818700,__ALL__,248081,0,8.891,5,14,17,50,347,1560
1785818700,4 Obtain authorization code,49615,0,7.241,5,8,9,62,287,673
1785819000,5 Obtain access token,49719,0,5.616,5,7,8,15,38,109
1785819000,3 Perform authentication,49718,0,14.610,13,18,21,43,107,186
1785819000,1 Send request to authorize endpoint,49720,0,5.836,5,8,9,19,63,126
1785819000,2 Start Authentication Flow,49719,0,4.361,4,6,7,13,41,103
1785819000,__ALL__,248595,0,7.236,5,14,16,25,77,201
1785819000,4 Obtain authorization code,49719,0,5.757,5,7,9,18,78,201
1785819300,5 Obtain access token,49611,0,6.451,5,7,8,23,270,1603
1785819300,3 Perform authentication,49626,0,19.625,13,18,21,88,1377,1611
1785819300,1 Send request to authorize endpoint,49608,0,6.765,5,8,9,33,269,546
1785819300,2 Start Authentication Flow,49611,0,5.071,4,6,7,26,198,1598
1785819300,__ALL__,248076,0,9.219,5,14,16,38,609,1611
1785819300,4 Obtain authorization code,49620,0,8.180,5,7,8,49,635,1024
1785819600,5 Obtain access token,49589,0,5.319,5,7,8,12,30,66
1785819600,3 Perform authentication,49577,0,13.966,13,18,20,31,85,148
1785819600,1 Send request to authorize endpoint,49589,0,5.520,5,7,9,14,41,89
1785819600,2 Start Authentication Flow,49587,0,4.134,4,6,7,10,24,56
1785819600,__ALL__,247924,0,6.859,5,13,15,22,52,148
1785819600,4 Obtain authorization code,49582,0,5.357,5,7,8,13,49,107
1785819900,5 Obtain access token,49712,0,5.926,5,7,9,22,115,408
1785819900,3 Perform authentication,49712,0,18.464,13,19,22,72,1218,1526
1785819900,1 Send request to authorize endpoint,49714,0,6.337,5,8,9,32,151,1541
1785819900,2 Start Authentication Flow,49716,0,4.797,4,6,7,21,119,1534
1785819900,__ALL__,248565,0,8.457,5,14,16,37,312,1541
1785819900,4 Obtain authorization code,49711,0,6.761,5,7,9,42,291,1536
1785820200,5 Obtain access token,49567,0,5.606,5,7,9,17,46,121
1785820200,3 Perform authentication,49565,0,14.790,13,18,22,48,121,209
1785820200,1 Send request to authorize endpoint,49568,0,5.941,5,8,9,22,79,163
1785820200,2 Start Authentication Flow,49566,0,4.432,4,6,7,14,57,142
1785820200,__ALL__,247833,0,7.329,5,14,16,28,89,220
1785820200,4 Obtain authorization code,49567,0,5.878,5,7,9,24,94,220
1785820500,5 Obtain access token,49567,0,6.177,5,7,9,27,178,1570
1785820500,3 Perform authentication,49568,0,19.545,13,19,22,89,1344,1582
1785820500,1 Send request to authorize endpoint,49566,0,6.734,5,8,10,42,202,1576
1785820500,2 Start Authentication Flow,49566,0,5.026,4,6,7,28,161,1574
1785820500,__ALL__,247835,0,9.000,5,14,16,47,473,1582
1785820500,4 Obtain authorization code,49568,0,7.518,5,7,9,53,450,638
1785820800,5 Obtain access token,49677,0,5.613,5,7,9,18,53,202
1785820800,3 Perform authentication,49677,0,14.721,13,18,22,55,125,197
1785820800,1 Send request to authorize endpoint,49678,0,5.979,5,8,9,27,84,242
1785820800,2 Start Authentication Flow,49678,0,4.468,4,6,7,16,70,199
1785820800,__ALL__,248386,0,7.353,5,13,16,30,101,260
1785820800,4 Obtain authorization code,49676,0,5.983,5,7,9,31,114,260
1785821100,5 Obtain access token,49569,0,6.357,5,8,9,26,193,1590
1785821100,3 Perform authentication,49569,0,19.481,13,20,25,82,1331,1602
1785821100,1 Send request to authorize endpoint,49568,0,6.869,5,8,11,37,210,1590
1785821100,2 Start Authentication Flow,49569,0,4.968,4,6,8,23,147,279
1785821100,__ALL__,247845,0,8.990,5,14,17,43,380,1602
1785821100,4 Obtain authorization code,49570,0,7.274,5,8,11,49,325,1592
1785821400,5 Obtain access token,49609,0,5.564,5,7,8,15,42,99
1785821400,3 Perform authentication,49610,0,14.653,13,18,22,43,107,158
1785821400,1 Send request to authorize endpoint,49608,0,5.874,5,8,9,19,63,136
1785821400,2 Start Authentication Flow,49609,0,4.359,4,6,7,13,44,169
1785821400,__ALL__,248045,0,7.250,5,14,16,26,76,169
1785821400,4 Obtain authorization code,49609,0,5.800,5,7,9,21,78,149
1785821700,5 Obtain access token,49653,0,6.757,5,7,9,32,292,1600
1785821700,3 Perform authentication,49651,0,20.015,13,19,22,95,1294,1615
1785821700,1 Send request to authorize endpoint,49655,0,7.165,5,8,9,46,307,1599
1785821700,2 Start Authentication Flow,49653,0,5.362,4,6,7,33,222,1599
1785821700,__ALL__,248263,0,9.617,5,14,17,52,617,1615
1785821700,4 Obtain authorization code,49651,0,8.785,5,7,9,64,656,1605
1785822000,5 Obtain access token,49709,0,5.223,5,7,8,10,16,36
1785822000,3 Perform authentication,49708,0,13.679,13,17,19,25,38,58
1785822000,1 Send request to authorize endpoint,49708,0,5.344,5,7,8,11,17,45
1785822000,2 Start Authentication Flow,49709,0,4.051,4,5,6,9,13,35
1785822000,__ALL__,248543,0,6.707,5,13,15,20,30,58
1785822000,4 Obtain authorization code,49709,0,5.237,5,7,8,10,15,37
1785822300,5 Obtain access token,49544,0,6.695,5,7,8,28,292,1576
1785822300,3 Perform authentication,49544,0,19.330,13,18,22,85,1371,1586
1785822300,1 Send request to authorize endpoint,49545,0,6.868,5,8,9,43,271,1581
1785822300,2 Start Authentication Flow,49544,0,4.887,4,6,7,26,135,1579
1785822300,__ALL__,247721,0,8.990,5,14,16,46,385,1586
1785822300,4 Obtain authorization code,49544,0,7.173,5,7,9,54,272,507
1785822600,5 Obtain access token,49630,0,5.610,5,7,9,16,48,121
1785822600,3 Perform authentication,49632,0,14.907,13,19,23,47,124,213
1785822600,1 Send request to authorize endpoint,49629,0,6.000,5,8,10,23,78,155
1785822600,2 Start Authentication Flow,49631,0,4.452,4,6,7,14,64,158
1785822600,__ALL__,248153,0,7.402,5,14,16,29,93,218
1785822600,4 Obtain authorization code,49631,0,6.040,5,8,9,24,99,218
1785822900,5 Obtain access token,49576,0,6.154,5,7,9,26,153,1504
1785822900,3 Perform authentication,49576,0,18.729,13,19,24,84,1159,1504
1785822900,1 Send request to authorize endpoint,49577,0,6.662,5,8,10,37,171,1501
1785822900,2 Start Authentication Flow,49577,0,4.888,4,6,7,26,140,274
1785822900,__ALL__,247881,0,8.787,5,14,17,42,331,1504
1785822900,4 Obtain authorization code,49575,0,7.502,5,8,10,49,392,1501
1785823200,5 Obtain access token,49645,0,5.561,5,7,8,15,39,80
1785823200,3 Perform authentication,49644,0,14.788,13,19,22,47,102,154
1785823200,1 Send request to authorize endpoint,49645,0,5.904,5,8,9,22,61,129
1785823200,2 Start Authentication Flow,49643,0,4.383,4,6,7,14,41,84
1785823200,__ALL__,248223,0,7.307,5,14,16,28,74,154
1785823200,4 Obtain authorization code,49646,0,5.900,5,7,9,23,70,144
1785823500,5 Obtain access token,49507,0,7.034,5,8,10,37,275,1592
1785823500,3 Perform authentication,49511,0,20.510,13,20,28,129,1326,1593
1785823500,1 Send request to authorize endpoint,49504,0,7.259,5,8,11,51,278,474
1785823500,2 Start Authentication Flow,49506,0,5.234,4,6,8,35,162,496
1785823500,__ALL__,247536,0,9.632,5,14,18,64,411,1593
1785823500,4 Obtain authorization code,49508,0,8.123,5,8,11,80,307,707
1785823800,5 Obtain access token,49652,0,5.726,5,8,9,17,48,116
1785823800,3 Perform authentication,49650,0,15.287,13,20,26,52,115,227
1785823800,1 Send request to authorize endpoint,49653,0,6.213,5,8,11,26,72,166
1785823800,2 Start Authentication Flow,49652,0,4.569,4,6,8,16,65,139
1785823800,__ALL__,248258,0,7.606,5,14,17,33,86,227
1785823800,4 Obtain authorization code,49651,0,6.234,5,8,11,29,89,168
1785824100,5 Obtain access token,49655,0,6.720,5,8,10,32,260,1534
1785824100,3 Perform authentication,49655,0,19.583,13,21,27,100,1261,1542
1785824100,1 Send request to authorize endpoint,49653,0,7.245,5,9,12,48,224,1537
1785824100,2 Start Authentication Flow,49653,0,5.196,4,6,8,32,146,1531
1785824100,__ALL__,248270,0,9.395,5,14,18,53,396,1542
1785824100,4 Obtain authorization code,49654,0,8.232,5,8,12,66,391,1533
1785824400,5 Obtain access token,49758,0,5.239,5,7,8,10,19,40
1785824400,3 Perform authentication,49757,0,13.770,13,17,19,26,47,72
1785824400,1 Send request to authorize endpoint,49762,0,5.355,5,7,8,11,26,47
1785824400,2 Start Authentication Flow,49763,0,4.046,4,5,6,9,15,38
1785824400,__ALL__,248800,0,6.745,5,13,15,20,33,72
1785824400,4 Obtain authorization code,49760,0,5.313,5,7,8,11,30,50
1785824700,5 Obtain access token,49504,0,7.662,5,8,12,52,331,661
1785824700,3 Perform authentication,49504,0,21.850,13,23,36,181,1227,1573
1785824700,1 Send request to authorize endpoint,49503,0,8.375,5,9,14,82,302,1562
1785824700,2 Start Authentication Flow,49503,0,6.051,4,7,10,62,199,434
1785824700,__ALL__,247518,0,10.749,5,15,20,103,438,1573
1785824700,4 Obtain authorization code,49504,0,9.804,5,9,15,140,354,1556
1785825000,5 Obtain access token,49574,0,6.808,5,8,10,41,227,750
1785825000,3 Perform authentication,49574,0,18.868,13,21,28,171,571,1013
1785825000,1 Send request to authorize endpoint,49575,0,8.071,5,9,12,73,377,1120
1785825000,2 Start Authentication Flow,49575,0,6.012,4,6,8,49,305,1026
1785825000,__ALL__,247870,0,9.929,5,14,18,81,485,1452
1785825000,4 Obtain authorization code,49572,0,9.884,5,8,12,137,627,1452
1785825300,5 Obtain access token,49332,0,10.784,5,8,12,166,791,2479
1785825300,3 Perform authentication,49334,0,33.785,13,22,34,741,1808,3976
1785825300,1 Send request to authorize endpoint,49332,0,14.664,5,9,15,259,1318,3374
1785825300,2 Start Authentication Flow,49331,0,11.436,4,7,10,194,1199,2735
1785825300,__ALL__,246663,0,18.875,5,15,21,356,1648,3976
1785825300,4 Obtain authorization code,49334,0,23.704,5,9,15,610,2105,3673
1785825600,5 Obtain access token,49372,0,9.302,5,8,11,117,518,2004
1785825600,3 Perform authentication,49373,0,26.526,13,23,34,446,1231,2620
1785825600,1 Send request to authorize endpoint,49372,0,12.725,5,10,16,229,880,2062
1785825600,2 Start Authentication Flow,49373,0,9.701,4,7,10,176,757,1937
1785825600,__ALL__,246863,0,15.373,5,15,21,269,1068,2620
1785825600,4 Obtain authorization code,49373,0,18.609,5,10,16,464,1369,2515
1785825900,5 Obtain access token,49324,0,10.696,5,8,11,150,881,2316
1785825900,3 Perform authentication,49319,0,31.768,13,22,32,619,1813,3201
1785825900,1 Send request to authorize endpoint,49324,0,13.812,5,9,14,242,1286,2829
1785825900,2 Start Authentication Flow,49323,0,10.459,4,7,10,173,1046,2674
1785825900,__ALL__,246611,0,17.660,5,15,21,309,1533,3211
1785825900,4 Obtain authorization code,49321,0,21.568,5,9,14,524,1965,3211
1785826200,5 Obtain access token,49797,0,5.289,5,7,8,11,28,45
1785826200,3 Perform authentication,49799,0,13.894,13,18,20,29,53,106
1785826200,1 Send request to authorize endpoint,49797,0,5.437,5,7,8,12,31,50
1785826200,2 Start Authentication Flow,49798,0,4.092,4,5,6,9,22,39
1785826200,__ALL__,248988,0,6.827,5,13,15,21,37,106
1785826200,4 Obtain authorization code,49797,0,5.423,5,7,8,12,30,51
1785826500,5 Obtain access token,49194,0,10.974,5,9,18,181,518,1590
1785826500,3 Perform authentication,49194,0,32.159,13,23,65,570,1348,1754
1785826500,1 Send request to authorize endpoint,49193,0,14.197,5,9,25,255,806,1647
1785826500,2 Start Authentication Flow,49193,0,10.745,4,7,16,185,733,1690
1785826500,__ALL__,245970,0,17.646,5,16,31,318,1053,1949
1785826500,4 Obtain authorization code,49196,0,20.156,5,9,34,459,1164,1949
1785826800,5 Obtain access token,47484,0,32.699,5,12,87,811,2233,5298
1785826800,3 Perform authentication,47483,0,78.074,14,36,303,1816,3799,5864
1785826800,1 Send request to authorize endpoint,47484,0,55.809,5,15,191,1506,3390,5657
1785826800,2 Start Authentication Flow,47482,0,46.013,4,10,155,1260,2971,5962
1785826800,__ALL__,237415,0,60.335,6,21,200,1608,3659,6078
1785826800,4 Obtain authorization code,47482,0,89.077,5,16,366,2396,4414,6078
1785827100,5 Obtain access token,47649,0,32.511,5,12,79,808,2337,4492
1785827100,3 Perform authentication,47648,0,74.559,14,38,256,1721,3568,6025
1785827100,1 Send request to authorize endpoint,47648,0,53.047,5,15,156,1472,3270,6463
1785827100,2 Start Authentication Flow,47650,0,43.382,4,10,121,1255,2817,4458
1785827100,__ALL__,238244,0,58.419,6,21,168,1623,3622,8106
1785827100,4 Obtain authorization code,47649,0,88.596,5,16,296,2420,4838,8106
1785827400,5 Obtain access token,48120,0,25.479,5,12,72,557,1727,3849
1785827400,3 Perform authentication,48122,0,62.965,14,38,251,1223,3219,7594
1785827400,1 Send request to authorize endpoint,48120,0,41.642,5,16,146,993,2811,4940
1785827400,2 Start Authentication Flow,48119,0,37.339,4,10,118,964,2732,5236
1785827400,__ALL__,240602,0,47.146,6,22,158,1109,3208,7594
1785827400,4 Obtain authorization code,48121,0,68.304,5,18,276,1744,4240,6598
1785827700,5 Obtain access token,49600,0,6.502,5,7,8,13,321,1586
1785827700,3 Perform authentication,49601,0,18.600,13,17,20,36,1364,1599
1785827700,1 Send request to authorize endpoint,49600,0,6.301,5,7,8,14,245,573
1785827700,2 Start Authentication Flow,49600,0,4.824,4,5,6,12,171,1586
1785827700,__ALL__,248002,0,8.614,5,13,15,24,427,1599
1785827700,4 Obtain authorization code,49601,0,6.843,5,7,8,14,268,697
1785828000,5 Obtain access token,47856,0,26.984,5,17,96,543,1785,3309
1785828000,3 Perform authentication,47854,0,70.777,14,56,325,1383,3112,5861
1785828000,1 Send request to authorize endpoint,47855,0,46.032,5,27,196,1059,2658,5054
1785828000,2 Start Authentication Flow,47853,0,39.271,4,17,160,961,2474,5119
1785828000,__ALL__,239273,0,51.586,6,30,213,1198,2903,7731
1785828000,4 Obtain authorization code,47855,0,74.867,5,32,375,1817,3639,7731
1785828300,5 Obtain access token,47709,0,30.388,5,15,95,702,2053,3913
1785828300,3 Perform authentication,47710,0,77.656,14,47,328,1624,3455,5598
1785828300,1 Send request to authorize endpoint,47710,0,51.434,5,22,184,1281,3144,5916
1785828300,2 Start Authentication Flow,47713,0,42.945,4,14,147,1162,2742,5782
1785828300,__ALL__,238551,0,57.836,6,26,200,1460,3495,6440
1785828300,4 Obtain authorization code,47709,0,86.759,5,24,350,2331,4359,6440
1785828600,5 Obtain access token,48414,0,23.404,5,14,69,461,1642,3350
1785828600,3 Perform authentication,48414,0,57.750,14,45,229,1083,2847,5300
1785828600,1 Send request to authorize endpoint,48414,0,38.219,5,20,131,930,2403,4830
1785828600,2 Start Authentication Flow,48414,0,33.339,4,13,112,819,2387,6460
1785828600,__ALL__,242071,0,42.445,6,25,148,965,2754,6775
1785828600,4 Obtain authorization code,48415,0,59.511,5,23,247,1498,3495,6775
1785828900,5 Obtain access token,48736,0,14.856,5,8,13,250,1516,3541
1785828900,3 Perform authentication,48739,0,43.663,13,22,41,1071,2879,6648
1785828900,1 Send request to authorize endpoint,48737,0,21.791,5,9,16,450,2407,4704
1785828900,2 Start Authentication Flow,48737,0,16.700,4,7,10,328,1905,4351
1785828900,__ALL__,243684,0,26.938,5,15,22,618,2729,6648
1785828900,4 Obtain authorization code,48735,0,37.681,5,9,16,1264,3541,5827
1785829200,5 Obtain access token,48283,0,23.387,5,9,40,534,1971,5055
1785829200,3 Perform authentication,48281,0,54.333,13,25,128,1197,3490,6002
1785829200,1 Send request to authorize endpoint,48282,0,38.562,5,10,79,1032,2993,6236
1785829200,2 Start Authentication Flow,48282,0,33.684,4,8,59,940,2775,5853
1785829200,__ALL__,241413,0,41.994,5,17,79,1073,3357,6882
1785829200,4 Obtain authorization code,48285,0,60.001,5,10,115,1793,4325,6882
1785829500,5 Obtain access token,48250,0,24.454,5,11,48,524,2065,5874
1785829500,3 Perform authentication,48247,0,60.257,14,31,163,1365,3908,5645
1785829500,1 Send request to authorize endpoint,48251,0,40.382,5,13,93,1097,3106,8325
1785829500,2 Start Authentication Flow,48250,0,34.454,4,9,71,983,2743,5655
1785829500,__ALL__,241245,0,44.285,6,19,97,1146,3469,8325
1785829500,4 Obtain authorization code,48247,0,61.881,5,13,155,1875,4383,7309
1785829800,5 Obtain access token,49366,0,8.995,5,8,12,94,504,1493
1785829800,3 Perform authentication,49369,0,25.204,14,21,39,307,1182,2053
1785829800,1 Send request to authorize endpoint,49366,0,11.779,5,9,13,172,858,2196
1785829800,2 Start Authentication Flow,49367,0,9.371,4,7,10,143,799,2577
1785829800,__ALL__,246835,0,14.376,5,15,21,198,1040,2577
1785829800,4 Obtain authorization code,49367,0,16.529,5,8,14,323,1376,2204
1785830100,5 Obtain access token,48186,0,24.882,5,9,55,593,1849,3295
1785830100,3 Perform authentication,48186,0,58.347,13,22,187,1294,2938,5912
1785830100,1 Send request to authorize endpoint,48185,0,40.996,5,9,112,1114,2825,4990
1785830100,2 Start Authentication Flow,48183,0,36.441,4,7,88,1036,2736,4514
1785830100,__ALL__,240927,0,44.926,5,17,117,1206,3017,6153
1785830100,4 Obtain authorization code,48187,0,63.961,5,9,200,1856,3893,6153
1785830400,5 Obtain access token,49250,0,11.722,5,7,9,154,1264,4160
1785830400,3 Perform authentication,49248,0,35.710,13,18,21,859,2900,4588
1785830400,1 Send request to authorize endpoint,49249,0,15.289,5,8,9,270,1864,4243
1785830400,2 Start Authentication Flow,49251,0,11.904,4,6,7,188,1821,5114
1785830400,__ALL__,246247,0,20.616,5,14,16,362,2500,5114
1785830400,4 Obtain authorization code,49249,0,28.457,5,7,9,769,3226,5101
1785830700,5 Obtain access token,49007,0,13.738,5,10,26,194,1194,3538
1785830700,3 Perform authentication,49008,0,41.807,13,26,76,956,2594,4415
1785830700,1 Send request to authorize endpoint,49009,0,20.480,5,12,42,351,1974,4458
1785830700,2 Start Authentication Flow,49007,0,15.985,4,8,30,245,1869,4556
1785830700,__ALL__,245038,0,25.190,5,17,44,481,2357,5501
1785830700,4 Obtain authorization code,49007,0,33.942,5,12,53,943,3036,5501
1785831000,5 Obtain access token,49252,0,6.683,5,7,8,12,494,1638
1785831000,3 Perform authentication,49488,0,19.400,13,18,20,47,1175,2473
1785831000,1 Send request to authorize endpoint,49181,0,7.230,5,7,8,13,729,2201
1785831000,2 Start Authentication Flow,49127,0,5.245,4,5,6,9,502,2201
1785831000,__ALL__,246350,0,9.592,5,13,15,23,895,2629
1785831000,4 Obtain authorization code,49302,0,9.339,5,7,8,15,1120,2629
1785831300,5 Obtain access token,49252,0,13.243,5,8,12,226,1079,3814
1785831300,3 Perform authentication,49017,0,38.453,13,19,28,873,2202,3858
1785831300,1 Send request to authorize endpoint,49322,0,19.538,5,8,15,401,1755,3347
1785831300,2 Start Authentication Flow,49377,0,15.786,4,6,12,298,1565,4121
1785831300,__ALL__,246171,0,23.949,5,15,22,536,2014,4121
1785831300,4 Obtain authorization code,49203,0,32.830,5,8,15,939,2495,3932
1785831600,5 Obtain access token,48829,0,13.973,5,8,10,240,1289,3620
1785831600,3 Perform authentication,48827,0,40.436,13,19,25,942,2959,5603
1785831600,1 Send request to authorize endpoint,48830,0,22.632,5,8,11,502,2511,4643
1785831600,2 Start Authentication Flow,48829,0,16.924,4,6,8,314,2181,4614
1785831600,__ALL__,244142,0,26.258,5,14,18,614,2694,6568
1785831600,4 Obtain authorization code,48827,0,37.326,5,8,11,1250,3440,6568
1785831900,5 Obtain access token,48540,0,22.169,5,7,10,519,2266,5860
1785831900,3 Perform authentication,48540,0,52.082,13,19,24,1378,3914,8092
1785831900,1 Send request to authorize endpoint,48539,0,34.712,5,8,10,1109,3451,6114
1785831900,2 Start Authentication Flow,48539,0,27.920,4,6,8,848,3130,6885
1785831900,__ALL__,242699,0,38.094,5,14,19,1150,3803,8906
1785831900,4 Obtain authorization code,48541,0,53.586,5,7,10,1955,4812,8906
1785832200,5 Obtain access token,49439,0,9.240,5,7,10,127,486,1178
1785832200,3 Perform authentication,49442,0,25.749,13,19,25,428,984,1618
1785832200,1 Send request to authorize endpoint,49437,0,12.113,5,8,11,214,732,1683
1785832200,2 Start Authentication Flow,49438,0,9.682,4,6,9,175,692,1630
1785832200,__ALL__,247195,0,14.965,5,14,19,279,894,2028
1785832200,4 Obtain authorization code,49439,0,18.039,5,7,10,447,1139,2028
1785832500,5 Obtain access token,48075,0,25.043,5,12,80,503,1808,4226
1785832500,3 Perform authentication,48073,0,71.723,13,36,344,1413,3460,6009
1785832500,1 Send request to authorize endpoint,48079,0,38.656,5,13,146,857,2690,6292
1785832500,2 Start Authentication Flow,48079,0,31.124,4,11,112,656,2613,4958
1785832500,__ALL__,240381,0,47.980,5,21,173,1116,3321,6925
1785832500,4 Obtain authorization code,48075,0,73.355,5,14,327,1927,4147,6925
1785832800,5 Obtain access token,49545,0,5.396,5,7,8,11,22,44
1785832800,3 Perform authentication,49544,0,13.794,13,18,20,28,50,150
1785832800,1 Send request to authorize endpoint,49542,0,5.428,5,7,8,12,26,97
1785832800,2 Start Authentication Flow,49543,0,4.104,4,5,6,9,18,42
1785832800,__ALL__,247719,0,6.782,5,13,15,20,35,150
1785832800,4 Obtain authorization code,49545,0,5.188,5,7,8,11,24,77
1785833100,5 Obtain access token,49562,0,6.701,5,7,9,51,186,509
1785833100,3 Perform authentication,49562,0,21.694,13,18,22,239,1344,1603
1785833100,1 Send request to authorize endpoint,49565,0,7.613,5,8,9,77,322,1588
1785833100,2 Start Authentication Flow,49565,0,5.725,4,6,7,52,259,1592
1785833100,__ALL__,247815,0,10.178,5,14,16,98,577,1603
1785833100,4 Obtain authorization code,49561,0,9.158,5,7,9,151,509,1588
1785833400,5 Obtain access token,49195,0,10.802,5,7,10,148,875,2286
1785833400,3 Perform authentication,49197,0,30.740,13,19,24,590,2035,3711
1785833400,1 Send request to authorize endpoint,49194,0,14.962,5,8,10,247,1549,3702
1785833400,2 Start Authentication Flow,49194,0,11.319,4,6,8,195,1186,3584
1785833400,__ALL__,245978,0,18.302,5,14,18,338,1741,3711
1785833400,4 Obtain authorization code,49198,0,23.687,5,7,9,608,2276,3460
1785833700,5 Obtain access token,49564,0,6.872,5,7,9,46,283,1592
1785833700,3 Perform authentication,49562,0,21.089,13,18,22,210,1307,1599
1785833700,1 Send request to authorize endpoint,49562,0,7.501,5,7,9,71,335,1594
1785833700,2 Start Authentication Flow,49562,0,5.705,4,6,7,49,256,1592
1785833700,__ALL__,247811,0,10.139,5,14,16,95,650,1599
1785833700,4 Obtain authorization code,49561,0,9.527,5,7,8,153,640,1590
1785834000,5 Obtain access token,49002,0,12.719,5,7,9,239,1008,2978
1785834000,3 Perform authentication,49002,0,34.442,13,18,23,771,1934,3621
1785834000,1 Send request to authorize endpoint,49005,0,19.112,5,8,10,482,1521,3378
1785834000,2 Start Authentication Flow,49005,0,16.490,4,6,8,443,1465,3444
1785834000,__ALL__,245016,0,22.347,5,14,17,567,1777,3676
1785834000,4 Obtain authorization code,49002,0,28.972,5,7,9,891,2265,3676
1785834300,5 Obtain access token,48511,0,19.230,5,7,10,419,1966,7163
1785834300,3 Perform authentication,48513,0,47.998,13,19,24,1240,3579,5710
1785834300,1 Send request to authorize endpoint,48510,0,28.413,5,8,10,783,3135,5836
1785834300,2 Start Authentication Flow,48510,0,22.477,4,6,8,455,2984,6436
1785834300,__ALL__,242555,0,33.497,5,14,18,921,3554,8025
1785834300,4 Obtain authorization code,48511,0,49.367,5,7,10,1698,4496,8025
1785834600,5 Obtain access token,48902,0,14.450,5,7,10,259,1374,3926
1785834600,3 Perform authentication,48901,0,40.560,13,19,24,928,3069,5071
1785834600,1 Send request to authorize endpoint,48903,0,21.758,5,8,10,460,2392,5510
1785834600,2 Start Authentication Flow,48902,0,17.421,4,6,8,315,2155,5095
1785834600,__ALL__,244511,0,26.407,5,14,18,597,2773,5987
1785834600,4 Obtain authorization code,48903,0,37.847,5,7,10,1211,3484,5987
1785834900,5 Obtain access token,48042,0,27.209,5,15,66,566,2469,7238
1785834900,3 Perform authentication,48045,0,63.851,13,47,190,1381,4000,7694
1785834900,1 Send request to authorize endpoint,48041,0,45.965,5,23,125,1198,3757,7357
1785834900,2 Start Authentication Flow,48041,0,38.219,4,14,109,971,3156,6989
1785834900,__ALL__,240213,0,48.942,5,24,132,1210,4003,9169
1785834900,4 Obtain authorization code,48044,0,69.466,5,24,205,2070,5313,9169
1785835200,5 Obtain access token,49405,0,7.779,5,7,10,75,323,947
1785835200,3 Perform authentication,49402,0,21.030,13,19,26,278,667,1191
1785835200,1 Send request to authorize endpoint,49405,0,9.459,5,8,11,127,498,1125
1785835200,2 Start Authentication Flow,49406,0,7.339,4,6,8,98,437,1279
1785835200,__ALL__,247021,0,11.615,5,14,18,162,585,1548
1785835200,4 Obtain authorization code,49403,0,12.469,5,7,10,247,746,1548
1785835500,5 Obtain access token,49265,0,9.964,5,7,11,158,485,1589
1785835500,3 Perform authentication,49266,0,29.654,13,19,26,544,1412,2149
1785835500,1 Send request to authorize endpoint,49266,0,12.207,5,8,11,211,698,2023
1785835500,2 Start Authentication Flow,49265,0,9.314,4,6,9,157,634,1616
1785835500,__ALL__,246329,0,15.924,5,14,19,306,1052,2149
1785835500,4 Obtain authorization code,49267,0,18.482,5,7,11,439,1150,2039
1785835800,5 Obtain access token,49370,0,9.165,5,7,9,110,647,1901
1785835800,3 Perform authentication,49368,0,24.947,13,18,23,398,1338,2502
1785835800,1 Send request to authorize endpoint,49370,0,11.620,5,8,9,190,934,2310
1785835800,2 Start Authentication Flow,49370,0,9.003,4,6,8,145,777,2198
1785835800,__ALL__,246845,0,14.480,5,14,17,240,1161,3248
1785835800,4 Obtain authorization code,49367,0,17.664,5,7,9,415,1556,3248
1785836100,5 Obtain access token,49433,0,9.090,5,7,10,131,443,1591
1785836100,3 Perform authentication,49433,0,25.710,13,18,24,394,1303,1669
1785836100,1 Send request to authorize endpoint,49432,0,10.289,5,8,10,170,585,1599
1785836100,2 Start Authentication Flow,49432,0,7.676,4,6,8,114,466,1592
1785836100,__ALL__,247163,0,13.400,5,14,18,227,861,1806
1785836100,4 Obtain authorization code,49433,0,14.237,5,7,10,337,875,1806
1785836400,5 Obtain access token,48766,0,16.115,5,8,10,287,1806,3972
1785836400,3 Perform authentication,48767,0,41.633,13,20,27,1067,3281,5188
1785836400,1 Send request to authorize endpoint,48765,0,24.228,5,9,13,589,2636,5315
1785836400,2 Start Authentication Flow,48765,0,19.540,4,6,9,370,2506,5057
1785836400,__ALL__,243829,0,28.556,5,14,19,707,3099,6332
1785836400,4 Obtain authorization code,48766,0,41.265,5,8,13,1473,3901,6332
1785836700,5 Obtain access token,48828,0,14.510,5,8,34,256,833,2761
1785836700,3 Perform authentication,48828,0,41.035,13,21,139,823,1658,3005
1785836700,1 Send request to authorize endpoint,48829,0,21.405,5,9,62,458,1269,2655
1785836700,2 Start Authentication Flow,48829,0,18.397,4,7,39,432,1180,2903
1785836700,__ALL__,244142,0,25.725,5,16,60,559,1585,3455
1785836700,4 Obtain authorization code,48828,0,33.275,5,8,110,813,2079,3455
1785837000,5 Obtain access token,49132,0,9.929,5,8,29,131,337,735
1785837000,3 Perform authentication,49247,0,24.682,13,21,90,287,582,1168
1785837000,1 Send request to authorize endpoint,49076,0,14.098,5,9,50,243,503,1244
1785837000,2 Start Authentication Flow,49036,0,11.719,4,7,35,217,475,1195
1785837000,__ALL__,245651,0,15.690,5,16,47,254,557,1585
1785837000,4 Obtain authorization code,49160,0,17.989,5,8,73,349,742,1585
1785837300,5 Obtain access token,49482,0,8.235,5,7,9,107,415,864
1785837300,3 Perform authentication,49369,0,23.395,13,18,21,363,1358,1592
1785837300,1 Send request to authorize endpoint,49538,0,10.593,5,8,9,190,657,1647
1785837300,2 Start Authentication Flow,49577,0,8.798,4,6,7,172,643,1399
1785837300,__ALL__,247424,0,13.035,5,14,17,215,913,1996
1785837300,4 Obtain authorization code,49458,0,14.190,5,7,9,339,959,1996
1785837600,5 Obtain access token,49211,0,10.451,5,8,14,158,597,1730
1785837600,3 Perform authentication,49210,0,26.007,13,22,42,387,964,1771
1785837600,1 Send request to authorize endpoint,49210,0,15.112,5,9,19,321,896,2776
1785837600,2 Start Authentication Flow,49211,0,12.657,4,7,12,279,899,1711
1785837600,__ALL__,246051,0,16.882,5,15,24,333,979,2776
1785837600,4 Obtain authorization code,49209,0,20.182,5,9,20,508,1253,2457
1785837900,5 Obtain access token,48868,0,14.032,5,12,34,211,877,2479
1785837900,3 Perform authentication,48867,0,39.540,14,37,122,722,1592,3188
1785837900,1 Send request to authorize endpoint,48867,0,20.543,5,16,60,378,1353,3004
1785837900,2 Start Authentication Flow,48868,0,17.258,4,10,44,313,1359,3241
1785837900,__ALL__,244336,0,24.490,5,20,64,481,1555,3486
1785837900,4 Obtain authorization code,48866,0,31.078,5,16,101,740,2031,3486
1785838200,5 Obtain access token,48973,0,13.362,5,11,32,195,794,1730
1785838200,3 Perform authentication,48971,0,34.899,14,32,104,590,1391,2627
1785838200,1 Send request to authorize endpoint,48975,0,19.953,5,14,58,377,1248,2633
1785838200,2 Start Authentication Flow,48974,0,16.427,4,9,42,306,1206,3083
1785838200,__ALL__,244866,0,22.841,6,19,61,445,1395,3276
1785838200,4 Obtain authorization code,48973,0,29.567,5,15,90,737,1840,3276
1785838500,5 Obtain access token,48795,0,16.152,5,11,49,268,990,2320
1785838500,3 Perform authentication,48799,0,44.887,14,32,168,864,1635,2991
1785838500,1 Send request to authorize endpoint,48794,0,25.348,5,14,100,516,1399,2603
1785838500,2 Start Authentication Flow,48795,0,21.337,4,10,80,433,1352,2691
1785838500,__ALL__,243980,0,29.050,6,20,100,606,1583,3060
1785838500,4 Obtain authorization code,48797,0,37.525,5,14,169,879,1969,3060
1785838800,5 Obtain access token,49150,0,11.728,5,8,10,164,1139,3641
1785838800,3 Perform authentication,49146,0,32.387,13,20,29,697,2260,3626
1785838800,1 Send request to authorize endpoint,49152,0,16.474,5,8,12,287,1874,3756
1785838800,2 Start Authentication Flow,49151,0,12.615,4,6,9,227,1604,3410
1785838800,__ALL__,245747,0,20.030,5,14,19,369,2110,5253
1785838800,4 Obtain authorization code,49148,0,26.949,5,8,12,775,2806,5253
1785839100,5 Obtain access token,49126,0,13.125,5,7,10,229,1095,2523
1785839100,3 Perform authentication,49129,0,33.975,13,19,25,778,1717,4668
1785839100,1 Send request to authorize endpoint,49125,0,18.802,5,8,10,431,1602,2752
1785839100,2 Start Authentication Flow,49125,0,16.242,4,6,8,382,1505,3476
1785839100,__ALL__,245633,0,21.923,5,14,19,497,1738,4668
1785839100,4 Obtain authorization code,49128,0,27.471,5,7,10,799,2302,3905
1785839400,5 Obtain access token,48284,0,24.023,5,17,57,510,1868,4507
1785839400,3 Perform authentication,48284,0,61.105,14,57,161,1329,3252,6539
1785839400,1 Send request to authorize endpoint,48282,0,39.453,5,28,107,997,2816,5420
1785839400,2 Start Authentication Flow,48282,0,30.698,4,17,88,762,2248,4064
1785839400,__ALL__,241414,0,44.174,6,27,111,1121,3109,6892
1785839400,4 Obtain authorization code,48282,0,65.589,5,32,168,1833,3961,6892
1785839700,5 Obtain access token,48611,0,16.517,5,14,45,274,1083,2590
1785839700,3 Perform authentication,48608,0,47.465,14,47,148,966,1831,2792
1785839700,1 Send request to authorize endpoint,48614,0,24.133,5,22,81,462,1504,3029
1785839700,2 Start Authentication Flow,48613,0,20.201,4,13,65,399,1454,3503
1785839700,__ALL__,243057,0,29.462,6,24,88,637,1738,3821
1785839700,4 Obtain authorization code,48611,0,38.995,5,24,138,957,2120,3821
1785840000,5 Obtain access token,48702,0,17.864,5,10,28,367,1491,3447
1785840000,3 Perform authentication,48702,0,43.869,14,28,86,937,2594,4507
1785840000,1 Send request to authorize endpoint,48702,0,27.316,5,12,46,709,2153,5136
1785840000,2 Start Authentication Flow,48702,0,21.346,4,8,33,509,1983,3583
1785840000,__ALL__,243510,0,30.742,5,18,49,793,2425,5320
1785840000,4 Obtain authorization code,48702,0,43.316,5,12,63,1303,3090,5320
1785840300,5 Obtain access token,49433,0,8.777,5,9,18,84,348,1617
1785840300,3 Perform authentication,49437,0,26.392,14,25,56,343,1352,1909
1785840300,1 Send request to authorize endpoint,49431,0,10.664,5,10,28,135,457,1615
1785840300,2 Start Authentication Flow,49431,0,7.763,4,8,17,93,340,1613
1785840300,__ALL__,247168,0,13.610,5,16,29,162,855,1909
1785840300,4 Obtain authorization code,49436,0,14.454,5,10,32,310,898,1893
1785840600,5 Obtain access token,48829,0,14.330,5,8,14,270,1075,3104
1785840600,3 Perform authentication,48830,0,37.622,13,20,45,812,1843,2989
1785840600,1 Send request to authorize endpoint,48831,0,21.626,5,8,18,507,1544,3341
1785840600,2 Start Authentication Flow,48833,0,18.226,4,6,13,429,1517,3813
1785840600,__ALL__,244151,0,25.110,5,15,26,597,1731,3813
1785840600,4 Obtain authorization code,48828,0,33.748,5,8,23,971,2208,3692
1785840900,5 Obtain access token,48869,0,15.218,5,18,42,209,1077,3024
1785840900,3 Perform authentication,48868,0,47.103,14,58,141,914,2135,3404
1785840900,1 Send request to authorize endpoint,48868,0,22.916,5,29,75,367,1675,3602
1785840900,2 Start Authentication Flow,48867,0,17.561,4,18,58,287,1365,2844
1785840900,__ALL__,244340,0,28.019,6,29,82,498,2025,4964
1785840900,4 Obtain authorization code,48868,0,37.298,5,33,123,793,2680,4964
1785841200,5 Obtain access token,49139,0,11.749,5,16,38,141,458,1268
1785841200,3 Perform authentication,49137,0,33.223,14,53,115,453,1007,1661
1785841200,1 Send request to authorize endpoint,49139,0,16.616,5,26,66,243,750,1282
1785841200,2 Start Authentication Flow,49140,0,12.711,4,16,50,195,576,1376
1785841200,__ALL__,245695,0,19.601,6,26,72,298,876,1864
1785841200,4 Obtain authorization code,49140,0,23.706,5,31,100,443,1056,1864
1785841500,5 Obtain access token,48823,0,16.208,5,13,38,288,1027,2606
1785841500,3 Perform authentication,48822,0,44.636,14,44,121,900,2040,4688
1785841500,1 Send request to authorize endpoint,48823,0,22.388,5,19,68,381,1697,4128
1785841500,2 Start Authentication Flow,48823,0,17.368,4,12,52,303,1405,3229
1785841500,__ALL__,244112,0,27.109,6,23,74,519,1907,4688
1785841500,4 Obtain authorization code,48821,0,34.948,5,21,104,815,2346,3908
1785841800,5 Obtain access token,49620,0,6.600,5,8,13,40,87,212
1785841800,3 Perform authentication,49647,0,17.420,13,21,40,103,203,434
1785841800,1 Send request to authorize endpoint,49608,0,7.808,5,9,18,68,160,522
1785841800,2 Start Authentication Flow,49594,0,5.853,4,7,11,54,150,407
1785841800,__ALL__,248094,0,9.205,5,15,21,75,178,580
1785841800,4 Obtain authorization code,49625,0,8.335,5,8,19,88,210,580
1785842100,5 Obtain access token,48550,0,20.363,5,9,36,395,1910,4393
1785842100,3 Perform authentication,48523,0,51.987,13,24,129,1159,3270,6264
1785842100,1 Send request to authorize endpoint,48563,0,30.051,5,10,66,665,2742,5535
1785842100,2 Start Authentication Flow,48577,0,23.529,4,8,44,437,2743,5357
1785842100,__ALL__,242758,0,35.486,5,17,69,822,3228,7139
1785842100,4 Obtain authorization code,48545,0,51.518,5,10,114,1528,4117,7139
1785842400,5 Obtain access token,48901,0,14.921,5,20,48,222,705,1548
1785842400,3 Perform authentication,48903,0,42.177,14,63,157,676,1309,2247
1785842400,1 Send request to authorize endpoint,48900,0,22.362,5,32,89,390,1086,2064
1785842400,2 Start Authentication Flow,48899,0,18.143,4,20,71,320,1009,2107
1785842400,__ALL__,244505,0,26.410,6,32,96,482,1218,2247
1785842400,4 Obtain authorization code,48902,0,34.444,6,39,156,707,1495,2222
1785842700,5 Obtain access token,48671,0,15.825,5,14,38,243,1174,3304
1785842700,3 Perform authentication,48671,0,45.133,14,48,113,912,2301,5116
1785842700,1 Send request to authorize endpoint,48671,0,24.383,5,22,70,457,1804,3911
1785842700,2 Start Authentication Flow,48672,0,21.910,4,13,54,458,1870,3821
1785842700,__ALL__,243357,0,29.224,6,24,74,608,2178,5116
1785842700,4 Obtain authorization code,48672,0,38.866,5,26,100,915,2870,4898
1785843000,5 Obtain access token,48885,0,16.524,5,13,30,264,1332,3526
1785843000,3 Perform authentication,48885,0,44.976,14,40,91,920,2759,6142
1785843000,1 Send request to authorize endpoint,48886,0,24.646,5,18,51,495,2061,5861
1785843000,2 Start Authentication Flow,48883,0,19.523,4,11,36,364,2069,4679
1785843000,__ALL__,244424,0,29.614,6,20,56,626,2535,6142
1785843000,4 Obtain authorization code,48885,0,42.399,5,19,69,1210,3315,5472
1785843300,5 Obtain access token,49562,0,6.391,5,7,8,13,311,1531
1785843300,3 Perform authentication,49565,0,17.714,13,17,19,33,1236,1543
1785843300,1 Send request to authorize endpoint,49560,0,6.368,5,7,8,14,262,1537
1785843300,2 Start Authentication Flow,49560,0,4.583,4,5,6,11,143,372
1785843300,__ALL__,247810,0,8.403,5,13,15,23,351,1543
1785843300,4 Obtain authorization code,49563,0,6.959,5,7,8,13,310,1533
1785843600,5 Obtain access token,48429,0,20.136,5,18,54,348,1619,4439
1785843600,3 Perform authentication,48424,0,54.134,14,59,161,1036,2908,5859
1785843600,1 Send request to authorize endpoint,48429,0,31.165,5,28,98,627,2290,4387
1785843600,2 Start Authentication Flow,48432,0,24.662,4,17,76,495,2020,4801
1785843600,__ALL__,242141,0,36.759,6,28,105,775,2751,5859
1785843600,4 Obtain authorization code,48427,0,53.703,6,33,168,1285,3785,5693
1785843900,5 Obtain access token,48623,0,17.190,5,18,54,262,1093,3169
1785843900,3 Perform authentication,48622,0,49.540,14,58,171,939,2277,3991
1785843900,1 Send request to authorize endpoint,48624,0,26.903,5,28,103,478,1944,4062
1785843900,2 Start Authentication Flow,48623,0,21.123,4,18,80,365,1557,3650
1785843900,__ALL__,243114,0,31.308,6,29,107,596,2077,4679
1785843900,4 Obtain authorization code,48622,0,41.786,6,34,168,902,2654,4679
1785844200,5 Obtain access token,48802,0,14.731,5,13,37,233,894,2326
1785844200,3 Perform authentication,48802,0,41.510,14,41,120,773,1795,3279
1785844200,1 Send request to authorize endpoint,48801,0,21.987,5,18,66,443,1317,2959
1785844200,2 Start Authentication Flow,48801,0,17.424,4,11,50,356,1133,2920
1785844200,__ALL__,244008,0,26.100,6,21,73,535,1588,3279
1785844200,4 Obtain authorization code,48802,0,34.845,5,21,107,848,2042,3089
1785844500,5 Obtain access token,48365,0,22.653,5,11,35,447,2058,6631
1785844500,3 Perform authentication,48367,0,54.136,14,32,105,1287,3667,7187
1785844500,1 Send request to authorize endpoint,48366,0,34.935,5,13,61,998,3078,6148
1785844500,2 Start Authentication Flow,48367,0,28.020,4,9,42,667,3143,5486
1785844500,__ALL__,241830,0,38.868,5,18,64,1043,3522,7754
1785844500,4 Obtain authorization code,48365,0,54.598,5,14,88,1762,4379,7754
1785844800,5 Obtain access token,49621,0,6.745,5,7,8,45,252,972
1785844800,3 Perform authentication,49622,0,18.148,13,19,22,137,708,1645
1785844800,1 Send request to authorize endpoint,49622,0,8.015,5,8,9,78,464,1374
1785844800,2 Start Authentication Flow,49620,0,6.317,4,6,7,63,402,1356
1785844800,__ALL__,248108,0,9.833,5,14,16,82,585,1645
1785844800,4 Obtain authorization code,49623,0,9.939,5,8,9,138,777,1513
1785845100,5 Obtain access token,48724,0,16.346,5,19,54,266,856,2084
1785845100,3 Perform authentication,48723,0,46.420,14,62,183,791,1530,3434
1785845100,1 Send request to authorize endpoint,48724,0,24.810,5,30,100,467,1287,2466
1785845100,2 Start Authentication Flow,48726,0,20.048,4,18,73,380,1281,3112
1785845100,__ALL__,243620,0,29.390,6,31,108,578,1498,3434
1785845100,4 Obtain authorization code,48723,0,39.329,6,36,182,865,1890,3111
1785845400,5 Obtain access token,48961,0,13.535,5,14,38,194,695,2250
1785845400,3 Perform authentication,48960,0,38.225,14,47,126,637,1470,2572
1785845400,1 Send request to authorize endpoint,48959,0,19.630,5,22,69,329,1102,2715
1785845400,2 Start Authentication Flow,48959,0,15.527,4,14,50,268,1063,2331
1785845400,__ALL__,244800,0,23.381,6,23,73,416,1278,2917
1785845400,4 Obtain authorization code,48961,0,29.990,5,25,112,628,1776,2917
1785845700,5 Obtain access token,48695,0,16.274,5,15,41,273,1107,2548
1785845700,3 Perform authentication,48696,0,46.987,14,48,144,906,2241,4228
1785845700,1 Send request to authorize endpoint,48697,0,22.917,5,22,72,390,1685,3474
1785845700,2 Start Authentication Flow,48696,0,18.163,4,14,54,307,1381,3544
1785845700,__ALL__,243480,0,28.483,6,24,79,526,2026,4228
1785845700,4 Obtain authorization code,48696,0,38.075,6,26,133,824,2673,3973
1785846000,5 Obtain access token,49721,0,5.463,5,7,8,11,19,38
1785846000,3 Perform authentication,49721,0,14.075,13,18,20,26,43,79
1785846000,1 Send request to authorize endpoint,49721,0,5.590,5,7,9,11,21,41
1785846000,2 Start Authentication Flow,49721,0,4.271,4,6,7,9,17,37
1785846000,__ALL__,248604,0,7.009,5,13,15,20,33,79
1785846000,4 Obtain authorization code,49720,0,5.645,5,7,8,11,24,39
1785846300,5 Obtain access token,48724,0,16.669,5,21,60,253,832,1950
1785846300,3 Perform authentication,48727,0,47.825,14,70,223,748,1511,2771
1785846300,1 Send request to authorize endpoint,48722,0,24.728,5,35,117,412,1123,2483
1785846300,2 Start Authentication Flow,48718,0,20.172,4,24,97,337,1114,2433
1785846300,__ALL__,243615,0,29.610,6,36,130,526,1369,2771
1785846300,4 Obtain authorization code,48724,0,38.656,6,45,217,737,1631,2752
1785846600,5 Obtain access token,48666,0,17.877,5,19,63,304,821,2094
1785846600,3 Perform authentication,48662,0,48.722,14,63,231,792,1574,2977
1785846600,1 Send request to authorize endpoint,48667,0,27.420,5,29,119,528,1313,2706
1785846600,2 Start Authentication Flow,48670,0,22.729,4,19,95,465,1223,1954
1785846600,__ALL__,243330,0,32.457,6,31,135,651,1494,2977
1785846600,4 Obtain authorization code,48665,0,45.536,6,38,251,953,1867,2970
1785846900,5 Obtain access token,48566,0,18.394,5,21,75,298,833,2030
1785846900,3 Perform authentication,48566,0,53.541,14,74,254,888,1825,3043
1785846900,1 Send request to authorize endpoint,48567,0,28.966,6,36,149,500,1325,2378
1785846900,2 Start Authentication Flow,48569,0,22.996,4,23,115,409,1130,2907
1785846900,__ALL__,242834,0,33.844,6,38,161,609,1577,3478
1785846900,4 Obtain authorization code,48566,0,45.325,6,50,269,874,1958,3478
1785847200,5 Obtain access token,49520,0,7.058,5,8,14,46,147,415
1785847200,3 Perform authentication,49521,0,18.453,14,21,42,131,289,547
1785847200,1 Send request to authorize endpoint,49520,0,8.519,5,9,21,81,253,661
1785847200,2 Start Authentication Flow,49520,0,6.522,4,7,12,69,215,558
1785847200,__ALL__,247603,0,10.053,5,15,22,91,270,661
1785847200,4 Obtain authorization code,49522,0,9.711,5,9,22,125,345,619
1785847500,5 Obtain access token,48635,0,20.527,5,8,12,410,2232,5115
1785847500,3 Perform authentication,48636,0,50.348,13,20,31,1278,3554,7773
1785847500,1 Send request to authorize endpoint,48631,0,32.205,5,8,13,895,3651,6378
1785847500,2 Start Authentication Flow,48629,0,26.721,4,6,10,685,3208,7451
1785847500,__ALL__,243166,0,36.545,5,15,21,1021,3712,7773
1785847500,4 Obtain authorization code,48635,0,52.925,5,8,14,1845,4742,6965
1785847800,5 Obtain access token,48459,0,18.525,5,13,39,358,1212,3527
1785847800,3 Perform authentication,48461,0,53.937,14,40,147,1146,2652,4755
1785847800,1 Send request to authorize endpoint,48462,0,28.627,5,18,72,640,1899,3602
1785847800,2 Start Authentication Flow,48464,0,23.367,4,11,52,532,1837,4069
1785847800,__ALL__,242305,0,34.953,6,21,78,820,2383,4761
1785847800,4 Obtain authorization code,48459,0,50.309,6,19,134,1344,2903,4761
1785848100,5 Obtain access token,48894,0,14.602,5,15,45,210,857,2311
1785848100,3 Perform authentication,48892,0,40.434,14,48,146,622,1736,3171
1785848100,1 Send request to authorize endpoint,48895,0,20.573,5,22,78,315,1677,2285
1785848100,2 Start Authentication Flow,48894,0,16.597,4,13,59,262,1665,2676
1785848100,__ALL__,244469,0,24.627,6,23,84,414,1691,3171
1785848100,4 Obtain authorization code,48894,0,30.933,5,25,134,597,1754,3012
1785848400,5 Obtain access token,48849,0,14.959,5,10,30,252,1042,3267
1785848400,3 Perform authentication,48846,0,42.469,14,28,96,838,1896,3299
1785848400,1 Send request to authorize endpoint,48848,0,22.464,5,12,52,450,1545,2999
1785848400,2 Start Authentication Flow,48848,0,17.262,4,9,34,358,1337,2332
1785848400,__ALL__,244238,0,26.750,6,18,55,588,1733,3415
1785848400,4 Obtain authorization code,48847,0,36.599,5,12,72,919,2148,3415
1785848700,5 Obtain access token,49480,0,6.519,5,7,9,39,201,1539
1785848700,3 Perform authentication,49484,0,19.933,13,19,22,157,1232,1542
1785848700,1 Send request to authorize endpoint,49479,0,7.342,5,8,9,66,266,1541
1785848700,2 Start Authentication Flow,49480,0,5.646,4,6,7,49,238,1538
1785848700,__ALL__,247406,0,9.726,5,14,17,77,473,1542
1785848700,4 Obtain authorization code,49483,0,9.188,5,8,9,146,468,1540
1785849000,5 Obtain access token,48392,0,20.288,5,14,41,367,1852,3913
1785849000,3 Perform authentication,48390,0,56.646,14,44,119,1247,3371,6324
1785849000,1 Send request to authorize endpoint,48394,0,30.733,5,19,69,688,2550,4509
1785849000,2 Start Authentication Flow,48392,0,23.812,4,12,52,434,2521,5661
1785849000,__ALL__,241958,0,37.679,6,22,76,912,3143,6324
1785849000,4 Obtain authorization code,48390,0,56.916,6,21,107,1681,4049,6149
1785849300,5 Obtain access token,47899,0,28.886,5,28,115,540,1701,4323
1785849300,3 Perform authentication,47903,0,76.858,14,91,419,1420,2750,5252
1785849300,1 Send request to authorize endpoint,47899,0,44.918,6,48,221,921,2305,4437
1785849300,2 Start Authentication Flow,47901,0,37.404,4,34,178,803,2026,4463
1785849300,__ALL__,239504,0,52.979,6,51,250,1143,2634,5473
1785849300,4 Obtain authorization code,47902,0,76.826,6,73,451,1661,3350,5473
1785849600,5 Obtain access token,48546,0,16.288,5,10,27,287,1385,3140
1785849600,3 Perform authentication,48541,0,52.451,14,29,82,1121,3481,5584
1785849600,1 Send request to authorize endpoint,48545,0,24.495,5,12,46,493,2052,4311
1785849600,2 Start Authentication Flow,48544,0,18.702,4,9,32,372,1721,4646
1785849600,__ALL__,242719,0,31.482,6,18,50,654,2873,5584
1785849600,4 Obtain authorization code,48543,0,45.478,5,12,62,1177,3646,5509
1785849900,5 Obtain access token,48928,0,14.869,5,8,10,275,1331,3115
1785849900,3 Perform authentication,48932,0,40.790,13,19,25,1034,2701,5132
1785849900,1 Send request to authorize endpoint,48928,0,22.803,5,8,11,563,2177,4420
1785849900,2 Start Authentication Flow,48928,0,18.818,4,6,8,512,1837,4545
1785849900,__ALL__,244645,0,26.554,5,15,19,688,2514,5247
1785849900,4 Obtain authorization code,48929,0,35.489,5,8,11,1162,3291,5247
1785850200,5 Obtain access token,47367,0,34.438,6,39,143,693,1854,3769
1785850200,3 Perform authentication,47364,0,89.780,15,155,501,1503,3005,5684
1785850200,1 Send request to authorize endpoint,47367,0,58.084,6,70,280,1203,2906,5748
1785850200,2 Start Authentication Flow,47367,0,47.742,4,50,222,1050,2540,5183
1785850200,__ALL__,236831,0,65.608,6,78,329,1361,3015,5748
1785850200,4 Obtain authorization code,47366,0,98.001,6,133,620,1941,3861,5732
1785850500,5 Obtain access token,47555,0,32.004,5,15,98,678,2460,5107
1785850500,3 Perform authentication,47555,0,79.847,14,51,368,1611,3949,6644
1785850500,1 Send request to authorize endpoint,47555,0,52.185,5,18,204,1285,3223,6462
1785850500,2 Start Authentication Flow,47553,0,45.014,4,13,156,1146,3134,5836
1785850500,__ALL__,237773,0,59.338,6,24,226,1431,3694,8155
1785850500,4 Obtain authorization code,47555,0,87.639,5,23,431,2249,4808,8155
1785850800,5 Obtain access token,49020,0,14.952,5,8,11,282,1389,3870
1785850800,3 Perform authentication,49022,0,36.166,13,20,27,826,2473,4917
1785850800,1 Send request to authorize endpoint,49021,0,22.344,5,8,11,616,2020,3630
1785850800,2 Start Authentication Flow,49022,0,18.987,4,6,9,544,1961,3676
1785850800,__ALL__,245105,0,25.365,5,15,19,666,2323,6788
1785850800,4 Obtain authorization code,49020,0,34.378,5,8,12,1152,2946,6788
1785851100,5 Obtain access token,47128,0,37.903,6,60,172,716,1735,4184
1785851100,3 Perform authentication,47125,0,98.209,15,227,568,1491,2777,4619
1785851100,1 Send request to authorize endpoint,47128,0,63.777,6,116,345,1239,2553,4686
1785851100,2 Start Authentication Flow,47128,0,52.951,4,86,261,1089,2313,5726
1785851100,__ALL__,235636,0,71.601,6,128,392,1364,2824,5800
1785851100,4 Obtain authorization code,47127,0,105.167,6,225,678,1889,3466,5800
1785851400,5 Obtain access token,48305,0,23.597,6,31,95,413,1089,2416
1785851400,3 Perform authentication,48306,0,66.661,16,134,355,1004,1857,3670
1785851400,1 Send request to authorize endpoint,48303,0,38.121,6,51,184,759,1487,2891
1785851400,2 Start Authentication Flow,48305,0,30.378,5,35,139,641,1492,3105
1785851400,__ALL__,241525,0,44.401,6,58,216,873,1753,3670
1785851400,4 Obtain authorization code,48306,0,63.246,6,94,397,1209,2160,3404
1785851700,5 Obtain access token,47702,0,32.089,7,66,155,487,1158,1885
1785851700,3 Perform authentication,47702,0,90.479,19,253,518,1099,1783,2797
1785851700,1 Send request to authorize endpoint,47701,0,52.279,8,130,291,826,1520,2594
1785851700,2 Start Authentication Flow,47700,0,42.178,5,99,235,700,1433,2104
1785851700,__ALL__,238506,0,61.347,9,143,350,981,1751,3327
1785851700,4 Obtain authorization code,47701,0,89.712,8,272,596,1313,2029,3327
1785852000,5 Obtain access token,49483,0,7.362,5,9,13,49,162,559
1785852000,3 Perform authentication,49488,0,20.171,15,26,35,153,351,900
1785852000,1 Send request to authorize endpoint,49483,0,8.745,6,11,15,81,250,730
1785852000,2 Start Authentication Flow,49483,0,6.547,4,8,11,58,225,801
1785852000,__ALL__,247421,0,10.640,6,16,23,98,299,950
1785852000,4 Obtain authorization code,49484,0,10.374,6,12,17,129,369,950
1785852300,5 Obtain access token,45689,4,58.186,6,76,251,1233,3291,13945
1785852300,3 Perform authentication,45687,1,143.840,15,291,862,2440,4909,11226
1785852300,1 Send request to authorize endpoint,45689,0,102.479,6,154,504,2269,4966,8616
1785852300,2 Start Authentication Flow,45689,0,91.910,5,114,410,2120,5022,9828
1785852300,__ALL__,228445,7,112.908,7,165,588,2374,5374,13945
1785852300,4 Obtain authorization code,45691,2,168.122,6,321,1025,3383,6555,10668
1785852600,5 Obtain access token,45498,5,61.957,6,90,299,1272,3488,9468
1785852600,3 Perform authentication,45495,2,147.222,15,342,884,2471,5242,13224
1785852600,1 Send request to authorize endpoint,45500,0,110.217,6,189,589,2339,5039,9333
1785852600,2 Start Authentication Flow,45501,0,97.633,4,144,495,2198,4890,9335
1785852600,__ALL__,227490,10,119.653,6,203,663,2438,5368,13224
1785852600,4 Obtain authorization code,45496,3,181.241,6,419,1142,3553,6805,10552
1785852900,5 Obtain access token,44001,11,83.900,5,128,436,1768,4369,7018
1785852900,3 Perform authentication,44000,3,191.810,14,496,1250,3142,5704,12974
1785852900,1 Send request to authorize endpoint,44002,0,148.839,6,270,973,2886,5633,8404
1785852900,2 Start Authentication Flow,44002,1,129.738,4,202,833,2664,5226,10130
1785852900,__ALL__,220005,23,160.276,6,293,1034,3142,6128,13267
1785852900,4 Obtain authorization code,44000,8,247.098,6,583,1745,4371,8003,13267
1785853200,5 Obtain access token,46777,0,39.505,5,13,129,921,2698,5606
1785853200,3 Perform authentication,47002,0,106.128,14,39,611,2206,4702,8225
1785853200,1 Send request to authorize endpoint,46701,0,63.299,5,15,264,1577,3691,6551
1785853200,2 Start Authentication Flow,46639,0,50.851,4,10,189,1280,3310,6276
1785853200,__ALL__,233943,0,75.397,6,24,307,1879,4474,8348
1785853200,4 Obtain authorization code,46824,0,116.922,6,25,697,2829,5529,8348
1785853500,5 Obtain access token,47629,4,36.449,5,9,40,989,3349,8032
1785853500,3 Perform authentication,47405,0,80.135,13,25,125,2137,4979,9484
1785853500,1 Send request to authorize endpoint,47705,0,65.624,5,11,78,2034,5008,9661
1785853500,2 Start Authentication Flow,47766,0,59.596,4,8,60,1947,4959,9062
1785853500,__ALL__,238088,8,67.449,5,17,78,2044,5328,12059
1785853500,4 Obtain authorization code,47583,4,95.555,5,11,126,3063,6348,12059
1785853800,5 Obtain access token,45969,0,53.141,5,63,258,1154,2741,5241
1785853800,3 Perform authentication,45973,0,137.472,14,320,921,2296,4238,7046
1785853800,1 Send request to authorize endpoint,45967,0,92.995,5,129,574,1948,3619,5727
1785853800,2 Start Authentication Flow,45968,0,78.840,4,100,469,1717,3325,5553
1785853800,__ALL__,229848,0,104.741,6,140,653,2132,4324,8182
1785853800,4 Obtain authorization code,45971,0,161.251,5,312,1175,3054,5607,8182
1785854100,5 Obtain access token,48830,0,16.646,5,8,11,361,1318,3376
1785854100,3 Perform authentication,48828,0,42.553,13,21,31,1001,2137,3285
1785854100,1 Send request to authorize endpoint,48832,0,27.808,5,9,14,828,1986,3629
1785854100,2 Start Authentication Flow,48830,0,25.998,4,7,10,822,2007,4669
1785854100,__ALL__,244148,0,30.574,5,15,21,888,2132,4669
1785854100,4 Obtain authorization code,48828,0,39.868,5,9,14,1266,2608,3789
1785854400,5 Obtain access token,49439,0,6.420,5,7,9,17,232,1637
1785854400,3 Perform authentication,49438,0,19.693,13,19,23,41,1385,1644
1785854400,1 Send request to authorize endpoint,49439,0,6.858,5,8,10,21,263,1626
1785854400,2 Start Authentication Flow,49441,0,4.982,4,6,7,15,180,1621
1785854400,__ALL__,247197,0,9.028,5,14,16,30,496,1644
1785854400,4 Obtain authorization code,49440,0,7.185,5,7,10,22,400,1623
1785854700,5 Obtain access token,49620,0,5.396,5,7,8,11,19,37
1785854700,3 Perform authentication,49620,0,13.953,13,18,21,28,42,71
1785854700,1 Send request to authorize endpoint,49619,0,5.584,5,8,9,13,26,46
1785854700,2 Start Authentication Flow,49619,0,4.188,4,6,7,9,18,46
1785854700,__ALL__,248098,0,6.878,5,13,15,21,33,71
1785854700,4 Obtain authorization code,49620,0,5.269,5,7,8,12,21,37
1785855000,5 Obtain access token,49499,0,6.681,5,7,8,17,334,1546
1785855000,3 Perform authentication,49500,0,18.819,13,18,22,42,1295,1540
1785855000,1 Send request to authorize endpoint,49498,0,6.579,5,8,9,18,238,1549
1785855000,2 Start Authentication Flow,49498,0,4.895,4,6,7,15,175,442
1785855000,__ALL__,247495,0,8.821,5,13,16,29,480,1549
1785855000,4 Obtain authorization code,49500,0,7.132,5,7,9,20,325,1547
1785855300,5 Obtain access token,49673,0,5.462,5,7,9,12,24,36
1785855300,3 Perform authentication,49671,0,14.268,13,19,23,33,48,94
1785855300,1 Send request to authorize endpoint,49675,0,5.723,5,8,10,15,26,42
1785855300,2 Start Authentication Flow,49675,0,4.258,4,6,7,11,19,45
1785855300,__ALL__,248364,0,7.021,5,13,16,23,37,94
1785855300,4 Obtain authorization code,49670,0,5.394,5,7,10,14,23,38
1785855600,5 Obtain access token,49679,0,6.473,5,7,8,16,270,1544
1785855600,3 Perform authentication,49679,0,18.191,13,18,21,40,1218,1553
1785855600,1 Send request to authorize endpoint,49679,0,6.659,5,8,9,17,273,1540
1785855600,2 Start Authentication Flow,49679,0,5.017,4,6,7,14,218,429
1785855600,__ALL__,248395,0,8.787,5,13,16,28,465,1553
1785855600,4 Obtain authorization code,49679,0,7.597,5,7,8,18,593,963
1785855900,5 Obtain access token,49631,0,6.992,5,7,8,20,382,1599
1785855900,3 Perform authentication,49630,0,19.314,13,18,21,54,1347,1610
1785855900,1 Send request to authorize endpoint,49631,0,6.817,5,7,9,24,288,1604
1785855900,2 Start Authentication Flow,49628,0,4.967,4,6,7,16,195,1599
1785855900,__ALL__,248151,0,9.063,5,13,16,30,503,1610
1785855900,4 Obtain authorization code,49631,0,7.225,5,7,8,20,337,1600
1785856200,5 Obtain access token,49539,0,5.376,5,7,8,11,20,40
1785856200,3 Perform authentication,49541,0,13.781,13,18,20,27,42,71
1785856200,1 Send request to authorize endpoint,49539,0,5.522,5,7,9,12,27,41
1785856200,2 Start Authentication Flow,49542,0,4.146,4,6,7,9,16,34
1785856200,__ALL__,247701,0,6.796,5,13,15,20,33,71
1785856200,4 Obtain authorization code,49540,0,5.152,5,7,8,11,20,38
1785856500,5 Obtain access token,49629,0,5.904,5,7,8,16,132,1593
1785856500,3 Perform authentication,49629,0,18.669,13,18,21,43,1333,1594
1785856500,1 Send request to authorize endpoint,49629,0,6.448,5,8,9,19,198,1596
1785856500,2 Start Authentication Flow,49627,0,4.812,4,6,7,14,176,384
1785856500,__ALL__,248144,0,8.517,5,13,15,27,437,1596
1785856500,4 Obtain authorization code,49630,0,6.750,5,7,8,18,382,1591
1785856800,5 Obtain access token,49767,0,5.397,5,7,8,11,21,39
1785856800,3 Perform authentication,49766,0,13.850,13,18,21,28,42,93
1785856800,1 Send request to authorize endpoint,49767,0,5.570,5,8,9,13,23,41
1785856800,2 Start Authentication Flow,49767,0,4.190,4,6,7,9,18,36
1785856800,__ALL__,248833,0,6.845,5,13,15,21,33,93
1785856800,4 Obtain authorization code,49766,0,5.220,5,7,8,12,22,42
1785857100,5 Obtain access token,49511,0,7.422,5,7,9,18,471,1586
1785857100,3 Perform authentication,49512,0,19.063,13,18,22,48,1313,1595
1785857100,1 Send request to authorize endpoint,49509,0,6.753,5,8,9,26,264,661
1785857100,2 Start Authentication Flow,49510,0,4.946,4,6,7,16,176,441
1785857100,__ALL__,247552,0,9.149,5,13,16,32,507,1595
1785857100,4 Obtain authorization code,49510,0,7.560,5,7,9,24,356,1583
1785857400,5 Obtain access token,49656,0,5.255,5,7,8,11,19,46
1785857400,3 Perform authentication,49661,0,13.536,13,17,20,27,44,84
1785857400,1 Send request to authorize endpoint,49656,0,5.367,5,7,8,11,23,48
1785857400,2 Start Authentication Flow,49655,0,4.074,4,5,6,9,17,57
1785857400,__ALL__,248286,0,6.661,5,13,15,20,33,84
1785857400,4 Obtain authorization code,49658,0,5.071,5,7,8,11,22,46
1785857700,5 Obtain access token,49595,0,5.786,5,7,8,14,152,392
1785857700,3 Perform authentication,49589,0,18.156,13,18,20,37,1308,1596
1785857700,1 Send request to authorize endpoint,49596,0,6.051,5,7,8,15,175,371
1785857700,2 Start Authentication Flow,49598,0,4.631,4,6,7,12,134,1589
1785857700,__ALL__,247972,0,8.203,5,13,15,24,367,1596
1785857700,4 Obtain authorization code,49594,0,6.393,5,7,8,15,327,1591
1785858000,5 Obtain access token,49716,0,5.344,5,7,8,11,20,40
1785858000,3 Perform authentication,49715,0,13.536,13,17,20,26,41,63
1785858000,1 Send request to authorize endpoint,49714,0,5.464,5,7,8,11,22,48
1785858000,2 Start Authentication Flow,49714,0,4.147,4,6,6,9,17,38
1785858000,__ALL__,248574,0,6.726,5,13,15,20,32,63
1785858000,4 Obtain authorization code,49715,0,5.138,5,7,8,10,19,50
1785858300,5 Obtain access token,49665,0,5.996,5,7,8,15,221,476
1785858300,3 Perform authentication,49668,0,17.584,13,17,20,39,1196,1535
1785858300,1 Send request to authorize endpoint,49667,0,6.242,5,7,8,16,232,452
1785858300,2 Start Authentication Flow,49667,0,4.722,4,5,6,13,160,1539
1785858300,__ALL__,248334,0,8.323,5,13,15,25,419,1539
1785858300,4 Obtain authorization code,49667,0,7.070,5,7,8,17,428,1537
1785858600,5 Obtain access token,49600,0,5.367,5,7,8,12,28,52
1785858600,3 Perform authentication,49598,0,13.736,13,18,21,32,52,87
1785858600,1 Send request to authorize endpoint,49601,0,5.513,5,7,9,14,31,52
1785858600,2 Start Authentication Flow,49599,0,4.161,4,6,7,10,22,47
1785858600,__ALL__,247997,0,6.801,5,13,15,22,38,87
1785858600,4 Obtain authorization code,49599,0,5.229,5,7,8,14,30,53
1785858900,5 Obtain access token,49683,0,5.828,5,7,8,16,140,433
1785858900,3 Perform authentication,49681,0,18.308,13,18,21,44,1331,1570
1785858900,1 Send request to authorize endpoint,49683,0,6.253,5,8,9,20,184,384
1785858900,2 Start Authentication Flow,49684,0,4.752,4,6,7,15,151,1570
1785858900,__ALL__,248413,0,8.322,5,13,16,28,362,1570
1785858900,4 Obtain authorization code,49682,0,6.469,5,7,8,20,326,1568
1785859200,5 Obtain access token,49686,0,5.729,5,8,9,13,24,45
1785859200,3 Perform authentication,49689,0,14.257,13,18,21,30,50,83
1785859200,1 Send request to authorize endpoint,49685,0,5.858,5,8,10,14,29,56
1785859200,2 Start Authentication Flow,49686,0,4.531,4,6,8,12,23,43
1785859200,__ALL__,248435,0,7.183,5,14,16,22,36,83
1785859200,4 Obtain authorization code,49689,0,5.537,5,8,9,14,30,66
1785859500,5 Obtain access token,49547,0,6.420,5,8,10,20,181,1584
1785859500,3 Perform authentication,49547,0,18.905,13,19,22,50,1262,1583
1785859500,1 Send request to authorize endpoint,49547,0,6.793,5,8,10,25,217,1581
1785859500,2 Start Authentication Flow,49546,0,5.283,4,6,8,19,189,458
1785859500,__ALL__,247732,0,9.059,5,14,16,31,514,1587
1785859500,4 Obtain authorization code,49545,0,7.894,5,8,9,26,531,1587
1785859800,5 Obtain access token,49619,0,5.759,5,8,9,13,32,107
1785859800,3 Perform authentication,49617,0,14.110,13,18,21,29,52,132
1785859800,1 Send request to authorize endpoint,49618,0,5.881,5,8,9,14,33,105
1785859800,2 Start Authentication Flow,49618,0,4.501,4,6,7,11,29,88
1785859800,__ALL__,248091,0,7.159,5,13,16,21,40,137
1785859800,4 Obtain authorization code,49619,0,5.543,5,7,9,13,37,137
1785860100,5 Obtain access token,49555,0,6.299,5,8,9,19,135,1560
1785860100,3 Perform authentication,49557,0,18.703,13,18,21,46,1265,1566
1785860100,1 Send request to authorize endpoint,49555,0,6.646,5,8,10,22,194,416
1785860100,2 Start Authentication Flow,49555,0,5.210,4,6,8,18,158,1562
1785860100,__ALL__,247776,0,8.731,5,14,16,28,374,1566
1785860100,4 Obtain authorization code,49554,0,6.794,5,8,9,22,303,607
1785860400,5 Obtain access token,49656,0,5.809,5,8,9,14,30,43
1785860400,3 Perform authentication,49656,0,14.436,13,19,22,37,52,81
1785860400,1 Send request to authorize endpoint,49657,0,6.054,5,8,10,20,32,62
1785860400,2 Start Authentication Flow,49658,0,4.577,4,6,8,13,24,72
1785860400,__ALL__,248284,0,7.318,5,14,16,24,42,81
1785860400,4 Obtain authorization code,49657,0,5.713,5,8,10,20,32,71
1785860700,5 Obtain access token,49727,0,6.285,5,8,10,16,115,1534
1785860700,3 Perform authentication,49726,0,18.432,14,19,21,38,1270,1545
1785860700,1 Send request to authorize endpoint,49728,0,6.627,6,9,10,18,162,1528
1785860700,2 Start Authentication Flow,49726,0,5.130,4,7,8,16,123,1530
1785860700,__ALL__,248634,0,8.634,6,14,16,26,289,1545
1785860700,4 Obtain authorization code,49727,0,6.698,5,8,9,18,273,1528
1785861000,5 Obtain access token,49556,0,6.053,5,8,10,16,29,60
1785861000,3 Perform authentication,49556,0,15.065,14,20,24,44,63,95
1785861000,1 Send request to authorize endpoint,49556,0,6.388,6,9,11,23,36,68
1785861000,2 Start Authentication Flow,49557,0,4.845,4,7,9,14,27,42
1785861000,__ALL__,247782,0,7.700,6,14,17,27,50,95
1785861000,4 Obtain authorization code,49557,0,6.148,5,8,11,24,38,67
1785861300,5 Obtain access token,49477,0,6.468,5,8,10,22,158,1578
1785861300,3 Perform authentication,49478,0,19.393,13,19,23,51,1334,1578
1785861300,1 Send request to authorize endpoint,49476,0,6.941,5,9,11,29,218,436
1785861300,2 Start Authentication Flow,49476,0,5.299,4,7,8,21,163,521
1785861300,__ALL__,247385,0,9.084,5,14,17,34,406,1578
1785861300,4 Obtain authorization code,49478,0,7.318,5,8,10,32,365,778
1785861600,5 Obtain access token,49622,0,5.820,5,8,9,13,26,48
1785861600,3 Perform authentication,49620,0,14.200,13,18,21,29,47,80
1785861600,1 Send request to authorize endpoint,49623,0,5.956,5,8,10,14,29,69
1785861600,2 Start Authentication Flow,49622,0,4.611,4,7,8,12,24,59
1785861600,__ALL__,248107,0,7.255,6,14,16,21,35,80
1785861600,4 Obtain authorization code,49620,0,5.688,5,8,9,14,29,57
1785861900,5 Obtain access token,49505,0,6.394,5,8,9,17,163,1596
1785861900,3 Perform authentication,49506,0,19.205,13,19,21,41,1368,1612
1785861900,1 Send request to authorize endpoint,49504,0,6.855,5,8,10,20,213,1603
1785861900,2 Start Authentication Flow,49505,0,5.270,4,7,8,17,178,1595
1785861900,__ALL__,247524,0,8.985,5,14,16,28,455,1612
1785861900,4 Obtain authorization code,49504,0,7.199,5,8,9,20,374,1597
1785862200,5 Obtain access token,49739,0,5.767,5,8,9,13,28,57
1785862200,3 Perform authentication,49739,0,14.066,13,18,21,28,47,92
1785862200,1 Send request to authorize endpoint,49739,0,5.887,5,8,9,14,29,81
1785862200,2 Start Authentication Flow,49740,0,4.570,4,6,8,11,28,72
1785862200,__ALL__,248697,0,7.177,5,13,16,21,35,92
1785862200,4 Obtain authorization code,49740,0,5.594,5,8,9,13,30,74
1785862500,5 Obtain access token,49675,0,6.431,5,8,10,20,190,1590
1785862500,3 Perform authentication,49675,0,19.297,13,19,22,50,1376,1603
1785862500,1 Send request to authorize endpoint,49676,0,6.904,5,9,11,22,221,1589
1785862500,2 Start Authentication Flow,49676,0,5.279,4,7,8,19,152,1590
1785862500,__ALL__,248378,0,9.196,5,14,16,31,553,1603
1785862500,4 Obtain authorization code,49676,0,8.071,5,8,10,27,571,1594
1785862800,5 Obtain access token,49760,0,5.379,5,7,8,11,21,50
1785862800,3 Perform authentication,49759,0,13.760,13,18,21,31,44,67
1785862800,1 Send request to authorize endpoint,49759,0,5.602,5,8,9,15,26,49
1785862800,2 Start Authentication Flow,49759,0,4.208,4,6,7,10,18,36
1785862800,__ALL__,248795,0,6.847,5,13,15,21,36,67
1785862800,4 Obtain authorization code,49758,0,5.285,5,7,8,14,25,43
1785863100,5 Obtain access token,49561,0,6.052,5,7,8,13,220,1514
1785863100,3 Perform authentication,49563,0,17.062,13,17,20,34,1151,1519
1785863100,1 Send request to authorize endpoint,49561,0,5.998,5,7,8,14,170,542
1785863100,2 Start Authentication Flow,49561,0,4.653,4,5,7,11,144,1512
1785863100,__ALL__,247809,0,8.058,5,13,15,23,310,1519
1785863100,4 Obtain authorization code,49563,0,6.525,5,7,8,13,307,1512
1785863400,5 Obtain access token,49635,0,5.323,5,7,8,11,23,41
1785863400,3 Perform authentication,49633,0,13.593,13,17,20,27,46,85
1785863400,1 Send request to authorize endpoint,49636,0,5.435,5,7,8,12,27,49
1785863400,2 Start Authentication Flow,49635,0,4.082,4,5,6,9,20,46
1785863400,__ALL__,248172,0,6.707,5,13,15,20,34,85
1785863400,4 Obtain authorization code,49633,0,5.103,5,7,8,11,24,37
1785863700,5 Obtain access token,49594,0,6.788,5,7,8,17,367,1595
1785863700,3 Perform authentication,49595,0,19.069,13,18,20,45,1365,1606
1785863700,1 Send request to authorize endpoint,49594,0,6.638,5,7,9,21,285,1593
1785863700,2 Start Authentication Flow,49595,0,5.047,4,6,7,16,216,1591
1785863700,__ALL__,247973,0,9.007,5,13,15,30,465,1606
1785863700,4 Obtain authorization code,49595,0,7.493,5,7,8,20,393,1595
1785864000,5 Obtain access token,49476,0,5.277,5,7,8,11,18,45
1785864000,3 Perform authentication,49475,0,13.500,13,17,19,26,40,66
1785864000,1 Send request to authorize endpoint,49476,0,5.395,5,7,8,11,19,54
1785864000,2 Start Authentication Flow,49475,0,4.070,4,5,6,9,14,33
1785864000,__ALL__,247377,0,6.663,5,13,15,20,31,66
1785864000,4 Obtain authorization code,49475,0,5.073,5,7,8,11,20,34
1785864300,5 Obtain access token,49570,0,6.037,5,7,8,16,184,1571
1785864300,3 Perform authentication,49571,0,18.100,13,18,20,45,1223,1583
1785864300,1 Send request to authorize endpoint,49568,0,6.428,5,7,9,21,227,1575
1785864300,2 Start Authentication Flow,49568,0,4.844,4,6,7,14,170,1573
1785864300,__ALL__,247848,0,8.450,5,13,15,27,469,1583
1785864300,4 Obtain authorization code,49571,0,6.840,5,7,8,19,415,1575
1785864600,5 Obtain access token,49658,0,5.298,5,7,8,11,18,54
1785864600,3 Perform authentication,49659,0,13.597,13,18,20,28,41,64
1785864600,1 Send request to authorize endpoint,49660,0,5.449,5,7,8,13,21,49
1785864600,2 Start Authentication Flow,49660,0,4.099,4,6,7,9,16,53
1785864600,__ALL__,248296,0,6.715,5,13,15,20,33,64
1785864600,4 Obtain authorization code,49659,0,5.133,5,7,8,12,21,52
1785864900,5 Obtain access token,49555,0,5.771,5,7,8,15,134,1554
1785864900,3 Perform authentication,49553,0,17.645,13,18,21,40,1207,1553
1785864900,1 Send request to authorize endpoint,49555,0,6.148,5,8,9,19,181,1549
1785864900,2 Start Authentication Flow,49556,0,4.535,4,6,7,13,117,324
1785864900,__ALL__,247772,0,8.054,5,13,15,26,301,1554
1785864900,4 Obtain authorization code,49553,0,6.173,5,7,9,17,278,501
1785865200,5 Obtain access token,49633,0,5.327,5,7,8,11,18,47
1785865200,3 Perform authentication,49634,0,13.623,13,17,20,26,42,67
1785865200,1 Send request to authorize endpoint,49632,0,5.438,5,7,8,11,19,53
1785865200,2 Start Authentication Flow,49631,0,4.112,4,5,6,9,16,43
1785865200,__ALL__,248163,0,6.722,5,13,15,20,32,67
1785865200,4 Obtain authorization code,49633,0,5.112,5,7,8,11,19,42
1785865500,5 Obtain access token,49714,0,6.104,5,7,8,15,197,1572
1785865500,3 Perform authentication,49715,0,18.297,13,18,20,39,1319,1575
1785865500,1 Send request to authorize endpoint,49715,0,6.308,5,7,9,16,218,1574
1785865500,2 Start Authentication Flow,49713,0,4.599,4,6,7,12,136,322
1785865500,__ALL__,248573,0,8.473,5,13,15,25,443,1575
1785865500,4 Obtain authorization code,49716,0,7.059,5,7,8,14,448,1574
1785865800,5 Obtain access token,49776,0,5.277,5,7,8,11,25,50
1785865800,3 Perform authentication,49776,0,13.445,13,17,19,26,54,139
1785865800,1 Send request to authorize endpoint,49774,0,5.369,5,7,8,11,21,54
1785865800,2 Start Authentication Flow,49777,0,4.087,4,5,6,9,21,44
1785865800,__ALL__,248879,0,6.650,5,13,15,20,34,139
1785865800,4 Obtain authorization code,49776,0,5.073,5,7,8,11,22,56
1785866100,5 Obtain access token,49641,0,7.379,5,7,8,18,487,828
1785866100,3 Perform authentication,49640,0,19.079,13,17,20,59,1262,1600
1785866100,1 Send request to authorize endpoint,49642,0,7.006,5,7,8,24,360,825
1785866100,2 Start Authentication Flow,49640,0,5.098,4,6,7,21,210,1589
1785866100,__ALL__,248203,0,9.265,5,13,15,32,581,1600
1785866100,4 Obtain authorization code,49640,0,7.761,5,7,8,32,384,1059
1785866400,5 Obtain access token,49714,0,5.349,5,7,8,11,21,44
1785866400,3 Perform authentication,49718,0,13.606,13,17,19,27,52,104
1785866400,1 Send request to authorize endpoint,49715,0,5.415,5,7,8,11,21,92
1785866400,2 Start Authentication Flow,49715,0,4.123,4,5,6,9,16,91
1785866400,__ALL__,248579,0,6.722,5,13,15,20,34,207
1785866400,4 Obtain authorization code,49717,0,5.118,5,7,8,10,22,207
1785866700,5 Obtain access token,49659,0,5.738,5,7,8,14,102,1528
1785866700,3 Perform authentication,49653,0,17.290,13,18,21,37,1227,1525
1785866700,1 Send request to authorize endpoint,49657,0,6.056,5,8,9,17,145,368
1785866700,2 Start Authentication Flow,49659,0,4.565,4,6,7,13,112,367
1785866700,__ALL__,248283,0,7.962,5,13,15,25,251,1531
1785866700,4 Obtain authorization code,49655,0,6.160,5,7,9,17,244,1531
1785867000,5 Obtain access token,49633,0,5.378,5,7,8,11,21,43
1785867000,3 Perform authentication,49634,0,13.743,13,18,20,29,44,82
1785867000,1 Send request to authorize endpoint,49633,0,5.587,5,8,9,14,30,44
1785867000,2 Start Authentication Flow,49632,0,4.170,4,6,7,10,18,39
1785867000,__ALL__,248165,0,6.821,5,13,15,21,35,82
1785867000,4 Obtain authorization code,49633,0,5.227,5,7,8,13,24,42
1785867300,5 Obtain access token,49456,0,5.861,5,7,8,14,129,1563
1785867300,3 Perform authentication,49456,0,18.051,13,18,20,36,1321,1574
1785867300,1 Send request to authorize endpoint,49458,0,6.209,5,7,9,15,190,1562
1785867300,2 Start Authentication Flow,49458,0,4.643,4,6,7,12,128,1562
1785867300,__ALL__,247284,0,8.200,5,13,15,24,334,1574
1785867300,4 Obtain authorization code,49456,0,6.234,5,7,8,15,291,1556
1785867600,5 Obtain access token,49691,0,5.326,5,7,8,11,25,79
1785867600,3 Perform authentication,49691,0,13.606,13,17,19,28,56,114
1785867600,1 Send request to authorize endpoint,49691,0,5.430,5,7,8,12,29,62
1785867600,2 Start Authentication Flow,49690,0,4.104,4,5,6,9,20,71
1785867600,__ALL__,248455,0,6.714,5,13,15,20,39,114
1785867600,4 Obtain authorization code,49692,0,5.102,5,7,8,11,24,63
1785867900,5 Obtain access token,49603,0,6.697,5,7,8,17,327,1575
1785867900,3 Perform authentication,49605,0,18.782,13,17,20,54,1289,1569
1785867900,1 Send request to authorize endpoint,49603,0,6.745,5,7,9,24,306,1574
1785867900,2 Start Authentication Flow,49604,0,5.023,4,6,7,16,210,531
1785867900,__ALL__,248019,0,8.975,5,13,15,29,519,1575
1785867900,4 Obtain authorization code,49604,0,7.628,5,7,8,25,374,1574
1785868200,5 Obtain access token,49608,0,5.314,5,7,8,11,22,46
1785868200,3 Perform authentication,49606,0,13.544,13,17,20,26,45,74
1785868200,1 Send request to authorize endpoint,49607,0,5.424,5,7,8,11,23,49
1785868200,2 Start Authentication Flow,49607,0,4.107,4,5,6,9,18,48
1785868200,__ALL__,248035,0,6.703,5,13,15,20,35,74
1785868200,4 Obtain authorization code,49607,0,5.125,5,7,8,11,24,60
1785868500,5 Obtain access token,49359,0,5.738,5,7,8,14,134,1581
1785868500,3 Perform authentication,49361,0,17.768,13,17,20,37,1232,1586
1785868500,1 Send request to authorize endpoint,49358,0,6.110,5,7,8,15,202,1578
1785868500,2 Start Authentication Flow,49358,0,4.718,4,5,6,12,151,1576
1785868500,__ALL__,246794,0,8.146,5,13,15,24,391,1586
1785868500,4 Obtain authorization code,49358,0,6.395,5,7,8,13,352,623
1785868800,5 Obtain access token,49623,0,5.432,5,7,8,11,27,50
1785868800,3 Perform authentication,49627,0,13.990,13,18,21,29,74,145
1785868800,1 Send request to authorize endpoint,49624,0,5.652,5,8,9,14,30,80
1785868800,2 Start Authentication Flow,49622,0,4.220,4,6,7,10,21,45
1785868800,__ALL__,248123,0,6.934,5,13,15,21,38,145
1785868800,4 Obtain authorization code,49627,0,5.374,5,7,8,13,34,88
1785869100,5 Obtain access token,49448,0,7.817,5,7,9,78,374,1565
1785869100,3 Perform authentication,49443,0,22.322,13,18,23,302,1283,1621
1785869100,1 Send request to authorize endpoint,49449,0,8.988,5,8,10,124,537,1568
1785869100,2 Start Authentication Flow,49451,0,6.709,4,6,8,86,383,1566
1785869100,__ALL__,247236,0,11.405,5,14,16,150,802,1621
1785869100,4 Obtain authorization code,49445,0,11.191,5,7,10,270,809,1566
1785869400,5 Obtain access token,49617,0,5.256,5,7,8,10,21,42
1785869400,3 Perform authentication,49618,0,13.684,13,17,19,26,55,141
1785869400,1 Send request to authorize endpoint,49617,0,5.398,5,7,8,11,24,84
1785869400,2 Start Authentication Flow,49618,0,4.070,4,5,6,9,16,39
1785869400,__ALL__,248086,0,6.719,5,13,15,20,34,141
1785869400,4 Obtain authorization code,49616,0,5.187,5,7,8,10,24,83
1785869700,5 Obtain access token,49525,0,6.311,5,7,9,29,192,585
1785869700,3 Perform authentication,49524,0,19.789,13,19,23,133,1337,1576
1785869700,1 Send request to authorize endpoint,49524,0,6.910,5,8,10,39,237,1569
1785869700,2 Start Authentication Flow,49523,0,5.204,4,6,7,33,203,487
1785869700,__ALL__,247622,0,9.263,5,14,16,47,502,1576
1785869700,4 Obtain authorization code,49526,0,8.103,5,7,9,79,509,1570
1785870000,5 Obtain access token,49627,0,5.606,5,7,8,13,91,350
1785870000,3 Perform authentication,49625,0,14.787,13,18,20,35,259,595
1785870000,1 Send request to authorize endpoint,49627,0,5.906,5,7,8,13,149,537
1785870000,2 Start Authentication Flow,49627,0,4.441,4,6,7,11,111,514
1785870000,__ALL__,248132,0,7.351,5,13,15,23,184,624
1785870000,4 Obtain authorization code,49626,0,6.015,5,7,8,12,251,624
1785870300,5 Obtain access token,49507,0,6.110,5,7,8,24,165,436
1785870300,3 Perform authentication,49507,0,19.231,13,18,21,126,1281,1546
1785870300,1 Send request to authorize endpoint,49507,0,6.628,5,7,9,35,247,670
1785870300,2 Start Authentication Flow,49507,0,5.101,4,6,7,28,203,1570
1785870300,__ALL__,247535,0,8.898,5,13,16,41,425,1573
1785870300,4 Obtain authorization code,49507,0,7.421,5,7,8,72,370,1573
1785870600,5 Obtain access token,49673,0,5.308,5,7,8,11,21,83
1785870600,3 Perform authentication,49676,0,13.739,13,18,20,27,51,104
1785870600,1 Send request to authorize endpoint,49672,0,5.465,5,7,9,13,21,83
1785870600,2 Start Authentication Flow,49672,0,4.099,4,6,7,9,16,86
1785870600,__ALL__,248368,0,6.761,5,13,15,20,35,104
1785870600,4 Obtain authorization code,49675,0,5.194,5,7,8,12,24,83
1785870900,5 Obtain access token,49671,0,5.855,5,7,8,14,158,1577
1785870900,3 Perform authentication,49669,0,18.500,13,18,20,39,1364,1585
1785870900,1 Send request to authorize endpoint,49673,0,6.271,5,7,9,16,212,1582
1785870900,2 Start Authentication Flow,49673,0,4.738,4,6,7,12,163,1578
1785870900,__ALL__,248355,0,8.553,5,13,15,26,485,1585
1785870900,4 Obtain authorization code,49669,0,7.400,5,7,8,15,523,1577
1785871200,5 Obtain access token,49665,0,5.252,5,7,8,11,21,53
1785871200,3 Perform authentication,49668,0,13.506,13,17,19,27,45,77
1785871200,1 Send request to authorize endpoint,49665,0,5.348,5,7,8,11,23,60
1785871200,2 Start Authentication Flow,49665,0,4.053,4,5,6,9,16,62
1785871200,__ALL__,248331,0,6.650,5,13,15,20,34,77
1785871200,4 Obtain authorization code,49668,0,5.090,5,7,8,10,23,53
1785871500,5 Obtain access token,49587,0,6.966,5,7,8,17,414,630
1785871500,3 Perform authentication,49585,0,19.098,13,18,21,48,1307,1608
1785871500,1 Send request to authorize endpoint,49586,0,6.891,5,8,9,20,333,1607
1785871500,2 Start Authentication Flow,49586,0,4.984,4,6,7,15,193,1605
1785871500,__ALL__,247930,0,8.973,5,13,15,30,519,1608
1785871500,4 Obtain authorization code,49586,0,6.924,5,7,9,20,255,1607
1785871800,5 Obtain access token,49482,0,5.307,5,7,8,11,22,42
1785871800,3 Perform authentication,49483,0,13.553,13,17,20,29,47,84
1785871800,1 Send request to authorize endpoint,49482,0,5.473,5,7,9,13,25,46
1785871800,2 Start Authentication Flow,49481,0,4.110,4,6,7,10,18,38
1785871800,__ALL__,247409,0,6.724,5,13,15,21,34,84
1785871800,4 Obtain authorization code,49481,0,5.177,5,7,8,12,23,41
1785872100,5 Obtain access token,49554,0,6.142,5,7,8,16,217,1568
1785872100,3 Perform authentication,49551,0,18.501,13,18,21,45,1282,1581
1785872100,1 Send request to authorize endpoint,49553,0,6.452,5,7,9,21,234,1573
1785872100,2 Start Authentication Flow,49554,0,4.755,4,6,7,14,165,1568
1785872100,__ALL__,247765,0,8.637,5,13,15,28,512,1581
1785872100,4 Obtain authorization code,49553,0,7.337,5,7,8,18,525,915
1785872400,5 Obtain access token,49647,0,5.254,5,7,8,11,19,39
1785872400,3 Perform authentication,49651,0,13.455,13,17,19,26,45,69
1785872400,1 Send request to authorize endpoint,49648,0,5.359,5,7,8,11,22,40
1785872400,2 Start Authentication Flow,49649,0,4.067,4,5,6,9,16,39
1785872400,__ALL__,248243,0,6.642,5,13,15,20,33,69
1785872400,4 Obtain authorization code,49648,0,5.074,5,7,8,10,19,37
1785872700,5 Obtain access token,49623,0,5.970,5,7,8,16,176,1549
1785872700,3 Perform authentication,49621,0,18.280,13,17,20,43,1256,1549
1785872700,1 Send request to authorize endpoint,49622,0,6.349,5,7,9,18,229,625
1785872700,2 Start Authentication Flow,49621,0,4.771,4,6,7,13,177,1546
1785872700,__ALL__,248111,0,8.588,5,13,15,27,544,1549
1785872700,4 Obtain authorization code,49624,0,7.568,5,7,8,17,574,1549
1785873000,5 Obtain access token,49642,0,5.212,5,7,8,10,18,52
1785873000,3 Perform authentication,49640,0,13.301,13,17,19,25,41,61
1785873000,1 Send request to authorize endpoint,49643,0,5.295,5,7,8,11,17,41
1785873000,2 Start Authentication Flow,49643,0,4.005,4,5,6,9,15,35
1785873000,__ALL__,248208,0,6.565,5,13,14,19,31,61
1785873000,4 Obtain authorization code,49640,0,5.013,5,6,7,10,15,39
1785873300,5 Obtain access token,49462,0,5.766,5,7,8,14,131,1592
1785873300,3 Perform authentication,49467,0,18.156,13,17,20,37,1349,1593
1785873300,1 Send request to authorize endpoint,49463,0,6.174,5,7,9,16,194,1591
1785873300,2 Start Authentication Flow,49463,0,4.767,4,6,7,13,166,1591
1785873300,__ALL__,247318,0,8.293,5,13,15,25,407,1593
1785873300,4 Obtain authorization code,49463,0,6.599,5,7,8,16,353,1592
1785873600,5 Obtain access token,49679,0,5.413,5,7,8,11,25,53
1785873600,3 Perform authentication,49675,0,13.578,13,17,20,26,50,101
1785873600,1 Send request to authorize endpoint,49678,0,5.535,5,7,8,12,26,52
1785873600,2 Start Authentication Flow,49677,0,4.216,4,6,7,9,18,60
1785873600,__ALL__,248387,0,6.790,5,13,15,20,35,101
1785873600,4 Obtain authorization code,49678,0,5.210,5,7,8,11,23,50
1785873900,5 Obtain access token,49451,0,6.088,5,7,9,16,177,484
1785873900,3 Perform authentication,49452,0,18.325,13,18,21,42,1291,1583
1785873900,1 Send request to authorize endpoint,49452,0,6.638,5,8,9,21,244,1579
1785873900,2 Start Authentication Flow,49454,0,4.972,4,6,7,15,170,1572
1785873900,__ALL__,247260,0,8.520,5,13,16,28,392,1583
1785873900,4 Obtain authorization code,49451,0,6.579,5,7,9,20,270,1571
1785874200,5 Obtain access token,49599,0,5.458,5,7,8,12,22,41
1785874200,3 Perform authentication,49599,0,13.718,13,18,20,29,46,68
1785874200,1 Send request to authorize endpoint,49599,0,5.618,5,8,9,13,27,42
1785874200,2 Start Authentication Flow,49598,0,4.246,4,6,7,10,20,50
1785874200,__ALL__,247995,0,6.869,5,13,15,21,35,68
1785874200,4 Obtain authorization code,49600,0,5.304,5,7,8,13,26,39
1785874500,5 Obtain access token,49664,0,5.919,5,7,8,16,115,1564
1785874500,3 Perform authentication,49662,0,18.314,13,18,21,41,1282,1568
1785874500,1 Send request to authorize endpoint,49664,0,6.281,5,8,9,17,181,1561
1785874500,2 Start Authentication Flow,49662,0,4.786,4,6,7,13,142,374
1785874500,__ALL__,248315,0,8.363,5,13,15,26,367,1568
1785874500,4 Obtain authorization code,49663,0,6.517,5,7,8,17,325,1564
1785874800,5 Obtain access token,49712,0,5.365,5,7,8,11,24,48
1785874800,3 Perform authentication,49712,0,13.596,13,17,20,27,49,121
1785874800,1 Send request to authorize endpoint,49711,0,5.474,5,7,8,12,24,42
1785874800,2 Start Authentication Flow,49714,0,4.161,4,6,6,9,19,39
1785874800,__ALL__,248561,0,6.761,5,13,15,20,35,121
1785874800,4 Obtain authorization code,49712,0,5.211,5,7,8,11,23,53
1785875100,5 Obtain access token,49627,0,6.573,5,7,8,17,299,1554
1785875100,3 Perform authentication,49629,0,18.425,13,18,20,44,1248,1559
1785875100,1 Send request to authorize endpoint,49626,0,6.577,5,7,9,18,266,515
1785875100,2 Start Authentication Flow,49624,0,4.842,4,6,7,15,156,1555
1785875100,__ALL__,248133,0,8.758,5,13,15,27,418,1559
1785875100,4 Obtain authorization code,49627,0,7.370,5,7,8,19,386,1554
1785875400,5 Obtain access token,49635,0,5.421,5,7,8,11,25,45
1785875400,3 Perform authentication,49633,0,13.719,13,18,20,28,51,82
1785875400,1 Send request to authorize endpoint,49636,0,5.547,5,7,9,12,27,44
1785875400,2 Start Authentication Flow,49636,0,4.208,4,6,7,10,23,57
1785875400,__ALL__,248175,0,6.829,5,13,15,21,35,82
1785875400,4 Obtain authorization code,49635,0,5.252,5,7,8,12,27,49
1785875700,5 Obtain access token,49595,0,7.022,5,7,8,17,370,1576
1785875700,3 Perform authentication,49598,0,18.759,13,18,20,45,1316,1581
1785875700,1 Send request to authorize endpoint,49593,0,6.758,5,7,9,24,308,597
1785875700,2 Start Authentication Flow,49595,0,4.990,4,6,7,17,175,505
1785875700,__ALL__,247979,0,8.979,5,13,15,29,451,1581
1785875700,4 Obtain authorization code,49598,0,7.365,5,7,8,27,352,1577
1785876000,5 Obtain access token,49586,0,6.542,5,7,9,17,262,1555
1785876000,3 Perform authentication,49585,0,18.146,13,18,21,45,1190,1560
1785876000,1 Send request to authorize endpoint,49587,0,6.624,5,8,9,20,255,502
1785876000,2 Start Authentication Flow,49586,0,4.974,4,6,7,15,168,1552
1785876000,__ALL__,247928,0,8.709,5,13,16,28,388,1560
1785876000,4 Obtain authorization code,49584,0,7.261,5,7,9,19,347,1555
1785876300,5 Obtain access token,49781,0,5.450,5,7,8,11,25,54
1785876300,3 Perform authentication,49781,0,13.703,13,17,20,26,51,85
1785876300,1 Send request to authorize endpoint,49782,0,5.552,5,7,8,12,26,55
1785876300,2 Start Authentication Flow,49781,0,4.237,4,6,7,10,23,51
1785876300,__ALL__,248905,0,6.837,5,13,15,20,35,85
1785876300,4 Obtain authorization code,49780,0,5.242,5,7,8,11,26,50
1785876600,5 Obtain access token,49538,0,6.992,5,8,10,46,244,1191
1785876600,3 Perform authentication,49541,0,21.456,13,19,24,231,1234,1558
1785876600,1 Send request to authorize endpoint,49538,0,8.126,5,8,11,77,407,1140
1785876600,2 Start Authentication Flow,49538,0,6.349,4,6,8,60,339,1566
1785876600,__ALL__,247697,0,10.559,5,14,17,90,728,1566
1785876600,4 Obtain authorization code,49542,0,9.871,5,8,10,145,740,1566
1785876900,5 Obtain access token,49391,0,6.616,5,8,9,21,255,972
1785876900,3 Perform authentication,49388,0,17.126,13,19,22,71,597,1132
1785876900,1 Send request to authorize endpoint,49392,0,7.424,5,8,10,28,374,1043
1785876900,2 Start Authentication Flow,49394,0,5.628,4,6,8,23,264,1083
1785876900,__ALL__,246953,0,9.085,5,14,16,36,491,1674
1785876900,4 Obtain authorization code,49388,0,8.633,5,8,9,39,700,1674
1785877200,5 Obtain access token,49487,0,7.494,5,7,9,55,306,1557
1785877200,3 Perform authentication,49489,0,21.264,13,19,22,235,1252,1607
1785877200,1 Send request to authorize endpoint,49485,0,8.655,5,8,10,95,525,1699
1785877200,2 Start Authentication Flow,49484,0,7.161,4,6,7,71,528,1605
1785877200,__ALL__,247432,0,11.120,5,14,17,111,820,1699
1785877200,4 Obtain authorization code,49487,0,11.027,5,7,9,228,878,1609
1785877500,5 Obtain access token,49637,0,5.317,5,7,8,11,19,38
1785877500,3 Perform authentication,49635,0,13.826,13,18,20,26,44,74
1785877500,1 Send request to authorize endpoint,49638,0,5.459,5,7,8,11,28,55
1785877500,2 Start Authentication Flow,49638,0,4.099,4,5,6,9,15,44
1785877500,__ALL__,248186,0,6.779,5,13,15,20,33,74
1785877500,4 Obtain authorization code,49638,0,5.192,5,7,8,10,22,40
1785877800,5 Obtain access token,49390,0,8.100,5,7,9,94,399,1042
1785877800,3 Perform authentication,49394,0,24.455,13,18,22,395,1415,1883
1785877800,1 Send request to authorize endpoint,49388,0,9.436,5,8,10,145,554,1585
1785877800,2 Start Authentication Flow,49388,0,7.263,4,6,7,100,516,2021
1785877800,__ALL__,246950,0,12.405,5,14,17,177,977,2021
1785877800,4 Obtain authorization code,49390,0,12.769,5,7,9,262,1026,1869
1785878100,5 Obtain access token,49620,0,6.692,5,7,8,28,317,1055
1785878100,3 Perform authentication,49617,0,17.949,13,18,21,131,823,1656
1785878100,1 Send request to authorize endpoint,49623,0,7.868,5,8,9,45,526,1702
1785878100,2 Start Authentication Flow,49624,0,6.036,4,6,7,33,429,1593
1785878100,__ALL__,248104,0,9.603,5,14,16,50,637,1702
1785878100,4 Obtain authorization code,49620,0,9.472,5,7,8,100,851,1669
1785878400,5 Obtain access token,49475,0,6.942,5,7,9,56,241,1598
1785878400,3 Perform authentication,49475,0,22.343,13,19,22,261,1418,1598
1785878400,1 Send request to authorize endpoint,49474,0,8.346,5,8,9,101,422,1222
1785878400,2 Start Authentication Flow,49474,0,6.384,4,6,7,76,317,1598
1785878400,__ALL__,247371,0,10.858,5,14,17,120,727,1598
1785878400,4 Obtain authorization code,49473,0,10.275,5,7,9,191,688,1597
1785878700,5 Obtain access token,49549,0,6.519,5,7,9,31,238,965
1785878700,3 Perform authentication,49547,0,17.457,13,19,22,130,607,1289
1785878700,1 Send request to authorize endpoint,49549,0,7.624,5,8,9,42,409,1146
1785878700,2 Start Authentication Flow,49548,0,5.721,4,6,7,32,339,985
1785878700,__ALL__,247743,0,9.246,5,14,16,49,498,1573
1785878700,4 Obtain authorization code,49550,0,8.907,5,7,9,85,721,1573
1785879000,5 Obtain access token,49468,0,6.893,5,7,9,55,231,830
1785879000,3 Perform authentication,49470,0,21.632,13,19,22,242,1304,1586
1785879000,1 Send request to authorize endpoint,49468,0,8.058,5,8,9,98,354,1134
1785879000,2 Start Authentication Flow,49468,0,6.226,4,6,7,68,301,1579
1785879000,__ALL__,247341,0,10.540,5,14,17,111,642,1586
1785879000,4 Obtain authorization code,49467,0,9.893,5,7,9,184,607,1578
1785879300,5 Obtain access token,49600,0,6.555,5,8,9,32,224,800
1785879300,3 Perform authentication,49602,0,17.515,13,19,25,126,526,1029
1785879300,1 Send request to authorize endpoint,49600,0,7.479,5,8,11,51,330,958
1785879300,2 Start Authentication Flow,49597,0,5.708,4,6,8,35,284,1090
1785879300,__ALL__,248000,0,9.173,5,14,17,54,421,1309
1785879300,4 Obtain authorization code,49601,0,8.606,5,8,11,94,571,1309
1785879600,5 Obtain access token,49547,0,7.888,5,7,9,71,392,1577
1785879600,3 Perform authentication,49546,0,22.119,13,19,23,274,1286,1583
1785879600,1 Send request to authorize endpoint,49547,0,8.450,5,8,10,98,408,1575
1785879600,2 Start Authentication Flow,49551,0,6.448,4,6,8,67,407,1574
1785879600,__ALL__,247741,0,11.065,5,14,17,133,754,1778
1785879600,4 Obtain authorization code,49550,0,10.418,5,7,10,190,792,1778
1785879900,5 Obtain access token,49634,0,6.526,5,7,9,32,235,815
1785879900,3 Perform authentication,49635,0,17.715,13,19,22,134,659,1335
1785879900,1 Send request to authorize endpoint,49635,0,7.328,5,8,9,47,359,1204
1785879900,2 Start Authentication Flow,49633,0,5.566,4,6,7,34,305,875
1785879900,__ALL__,248169,0,9.239,5,14,16,50,531,1335
1785879900,4 Obtain authorization code,49632,0,9.062,5,7,9,95,781,1311
1785880200,5 Obtain access token,49500,0,7.533,5,7,9,64,372,833
1785880200,3 Perform authentication,49497,0,21.748,13,18,21,259,1285,1560
1785880200,1 Send request to authorize endpoint,49500,0,8.315,5,8,9,100,429,1557
1785880200,2 Start Authentication Flow,49502,0,6.266,4,6,7,66,328,1552
1785880200,__ALL__,247497,0,10.922,5,14,17,126,738,1614
1785880200,4 Obtain authorization code,49498,0,10.748,5,7,9,226,724,1614
1785880500,5 Obtain access token,49643,0,5.343,5,7,8,11,20,41
1785880500,3 Perform authentication,49644,0,13.888,13,18,20,27,43,60
1785880500,1 Send request to authorize endpoint,49641,0,5.489,5,7,8,12,22,38
1785880500,2 Start Authentication Flow,49639,0,4.145,4,6,7,9,16,35
1785880500,__ALL__,248211,0,6.825,5,13,15,21,33,60
1785880500,4 Obtain authorization code,49644,0,5.259,5,7,8,11,20,36
1785880800,5 Obtain access token,49512,0,7.743,5,8,10,70,283,1576
1785880800,3 Perform authentication,49511,0,23.370,13,19,24,319,1270,1672
1785880800,1 Send request to authorize endpoint,49513,0,9.378,5,9,11,125,513,1578
1785880800,2 Start Authentication Flow,49514,0,7.363,4,7,9,95,426,1574
1785880800,__ALL__,247562,0,11.975,5,14,18,148,837,1765
1785880800,4 Obtain authorization code,49512,0,12.022,5,8,11,232,916,1765
1785881100,5 Obtain access token,49119,0,11.423,5,8,10,156,1050,2247
1785881100,3 Perform authentication,49118,0,29.058,14,20,25,558,1822,3885
1785881100,1 Send request to authorize endpoint,49118,0,16.681,5,9,11,324,1742,4031
1785881100,2 Start Authentication Flow,49115,0,13.478,4,7,9,247,1600,2804
1785881100,__ALL__,245588,0,18.639,5,14,18,360,1749,4031
1785881100,4 Obtain authorization code,49118,0,22.555,5,8,11,662,2119,3638
1785881400,5 Obtain access token,49291,0,10.486,6,9,11,148,610,1880
1785881400,3 Perform authentication,49294,0,29.222,14,20,26,570,1453,2466
1785881400,1 Send request to authorize endpoint,49292,0,14.020,6,9,12,244,1139,2498
1785881400,2 Start Authentication Flow,49295,0,11.367,4,7,9,181,1055,2343
1785881400,__ALL__,246464,0,16.815,6,15,19,318,1273,2648
1785881400,4 Obtain authorization code,49292,0,18.978,5,8,11,472,1488,2648
1785881700,5 Obtain access token,49339,0,9.001,5,8,10,99,549,1717
1785881700,3 Perform authentication,49340,0,23.223,14,20,25,342,1068,2251
1785881700,1 Send request to authorize endpoint,49340,0,11.670,5,9,11,200,836,2373
1785881700,2 Start Authentication Flow,49338,0,9.713,4,7,9,154,829,2090
1785881700,__ALL__,246698,0,13.758,5,15,18,219,975,2408
1785881700,4 Obtain authorization code,49341,0,15.181,5,8,10,362,1239,2408
1785882000,5 Obtain access token,49239,0,10.410,6,9,13,142,521,1703
1785882000,3 Perform authentication,49237,0,29.141,14,22,33,495,1343,1817
1785882000,1 Send request to authorize endpoint,49237,0,14.104,6,10,15,256,890,2009
1785882000,2 Start Authentication Flow,49239,0,11.615,4,8,12,218,853,1809
1785882000,__ALL__,246188,0,16.794,6,16,22,322,1047,2194
1785882000,4 Obtain authorization code,49236,0,18.701,5,10,15,454,1100,2194
1785882300,5 Obtain access token,49640,0,5.784,5,8,9,13,26,44
1785882300,3 Perform authentication,49638,0,14.327,13,18,21,30,47,74
1785882300,1 Send request to authorize endpoint,49642,0,5.898,5,8,9,14,28,45
1785882300,2 Start Authentication Flow,49642,0,4.547,4,6,8,11,22,49
1785882300,__ALL__,248203,0,7.236,5,14,16,21,37,74
1785882300,4 Obtain authorization code,49641,0,5.626,5,8,9,13,28,56
1785882600,5 Obtain access token,49651,0,6.335,5,8,10,16,113,1548
1785882600,3 Perform authentication,49651,0,18.589,14,19,23,37,1277,1546
1785882600,1 Send request to authorize endpoint,49649,0,6.821,6,9,11,18,176,1552
1785882600,2 Start Authentication Flow,49650,0,5.216,4,7,8,14,136,1549
1785882600,__ALL__,248252,0,8.778,6,14,17,27,325,1552
1785882600,4 Obtain authorization code,49651,0,6.929,5,8,11,18,298,1547
1785882900,5 Obtain access token,49589,0,5.789,5,8,9,13,25,59
1785882900,3 Perform authentication,49591,0,14.339,14,18,21,29,47,71
1785882900,1 Send request to authorize endpoint,49589,0,5.917,5,8,10,14,28,64
1785882900,2 Start Authentication Flow,49588,0,4.575,4,6,8,11,22,52
1785882900,__ALL__,247946,0,7.252,5,14,16,21,36,71
1785882900,4 Obtain authorization code,49589,0,5.642,5,8,9,13,32,59
1785883200,5 Obtain access token,49516,0,6.581,5,8,9,17,202,1576
1785883200,3 Perform authentication,49518,0,19.059,13,18,21,39,1315,1583
1785883200,1 Send request to authorize endpoint,49517,0,6.659,5,8,10,18,179,419
1785883200,2 Start Authentication Flow,49517,0,5.236,4,7,8,16,140,1574
1785883200,__ALL__,247585,0,9.075,6,14,16,26,497,1583
1785883200,4 Obtain authorization code,49517,0,7.839,5,8,9,19,491,1575
1785883500,5 Obtain access token,49666,0,5.959,5,8,10,14,25,56
1785883500,3 Perform authentication,49661,0,14.472,14,19,22,30,47,74
1785883500,1 Send request to authorize endpoint,49664,0,6.129,6,9,10,15,27,52
1785883500,2 Start Authentication Flow,49665,0,4.729,4,7,8,12,22,43
1785883500,__ALL__,248320,0,7.423,6,14,16,22,36,74
1785883500,4 Obtain authorization code,49664,0,5.825,5,8,10,15,30,72
1785883800,5 Obtain access token,49578,0,6.724,6,9,10,20,156,1566
1785883800,3 Perform authentication,49580,0,19.173,14,19,22,49,1308,1563
1785883800,1 Send request to authorize endpoint,49580,0,7.056,6,9,11,23,189,513
1785883800,2 Start Authentication Flow,49579,0,5.509,4,7,9,17,158,1561
1785883800,__ALL__,247896,0,9.168,6,14,17,31,366,1566
1785883800,4 Obtain authorization code,49579,0,7.377,5,8,10,24,337,1562
1785884100,5 Obtain access token,49508,0,5.750,5,8,9,13,26,48
1785884100,3 Perform authentication,49507,0,14.108,13,18,21,28,49,83
1785884100,1 Send request to authorize endpoint,49507,0,5.864,5,8,9,14,27,78
1785884100,2 Start Authentication Flow,49508,0,4.525,4,6,8,11,21,55
1785884100,__ALL__,247538,0,7.165,5,13,16,21,36,83
1785884100,4 Obtain authorization code,49508,0,5.578,5,7,9,13,26,65
1785884400,5 Obtain access token,49680,0,6.445,5,7,8,15,278,1563
1785884400,3 Perform authentication,49681,0,18.493,13,18,21,41,1268,1571
1785884400,1 Send request to authorize endpoint,49680,0,6.530,5,8,9,18,250,516
1785884400,2 Start Authentication Flow,49680,0,4.958,4,6,7,15,170,1557
1785884400,__ALL__,248401,0,8.769,5,13,16,28,452,1571
1785884400,4 Obtain authorization code,49680,0,7.419,5,7,8,19,449,907
1785884700,5 Obtain access token,49588,0,5.243,5,7,8,10,17,45
1785884700,3 Perform authentication,49586,0,13.546,13,17,19,25,41,76
1785884700,1 Send request to authorize endpoint,49590,0,5.348,5,7,8,11,20,53
1785884700,2 Start Authentication Flow,49589,0,4.051,4,5,6,9,15,50
1785884700,__ALL__,247940,0,6.660,5,13,15,20,32,76
1785884700,4 Obtain authorization code,49587,0,5.114,5,7,8,10,18,48
1785885000,5 Obtain access token,49542,0,5.786,5,7,8,13,143,1548
1785885000,3 Perform authentication,49543,0,17.564,13,17,20,36,1223,1540
1785885000,1 Send request to authorize endpoint,49540,0,6.075,5,7,8,14,200,1549
1785885000,2 Start Authentication Flow,49541,0,4.547,4,5,6,11,126,1547
1785885000,__ALL__,247708,0,8.028,5,13,15,23,315,1550
1785885000,4 Obtain authorization code,49542,0,6.168,5,7,8,13,262,1550
1785885300,5 Obtain access token,49790,0,5.360,5,7,8,12,33,80
1785885300,3 Perform authentication,49790,0,13.845,13,18,21,32,76,131
1785885300,1 Send request to authorize endpoint,49791,0,5.550,5,7,9,14,33,79
1785885300,2 Start Authentication Flow,49789,0,4.170,4,6,7,10,30,61
1785885300,__ALL__,248950,0,6.852,5,13,15,22,47,131
1785885300,4 Obtain authorization code,49790,0,5.332,5,7,8,14,38,107
1785885600,5 Obtain access token,49530,0,6.108,5,7,8,16,233,601
1785885600,3 Perform authentication,49533,0,18.900,13,18,21,44,1313,1607
1785885600,1 Send request to authorize endpoint,49526,0,6.497,5,7,9,20,234,1605
1785885600,2 Start Authentication Flow,49528,0,4.854,4,6,7,14,187,578
1785885600,__ALL__,247649,0,8.767,5,13,15,30,547,1607
1785885600,4 Obtain authorization code,49532,0,7.476,5,7,8,22,523,1603
1785885900,5 Obtain access token,49769,0,5.210,5,7,8,10,19,44
1785885900,3 Perform authentication,49767,0,13.412,13,17,19,25,43,90
1785885900,1 Send request to authorize endpoint,49774,0,5.327,5,7,8,11,22,41
1785885900,2 Start Authentication Flow,49774,0,4.020,4,5,6,9,16,46
1785885900,__ALL__,248851,0,6.611,5,13,15,19,32,90
1785885900,4 Obtain authorization code,49767,0,5.086,5,7,7,10,19,41
1785886200,5 Obtain access token,49532,0,6.606,5,7,8,17,314,1561
1785886200,3 Perform authentication,49534,0,18.587,13,18,21,48,1266,1570
1785886200,1 Send request to authorize endpoint,49528,0,6.532,5,7,9,21,251,1558
1785886200,2 Start Authentication Flow,49528,0,4.828,4,6,7,15,164,1559
1785886200,__ALL__,247657,0,8.791,5,13,15,29,487,1570
1785886200,4 Obtain authorization code,49535,0,7.402,5,7,8,26,368,916
1785886500,5 Obtain access token,49705,0,5.231,5,7,8,10,17,41
1785886500,3 Perform authentication,49701,0,13.452,13,17,19,25,41,67
1785886500,1 Send request to authorize endpoint,49707,0,5.329,5,7,8,11,19,38
1785886500,2 Start Authentication Flow,49705,0,4.030,4,5,6,9,14,37
1785886500,__ALL__,248520,0,6.628,5,13,15,19,31,67
1785886500,4 Obtain authorization code,49702,0,5.097,5,7,7,10,18,43
1785886800,5 Obtain access token,49472,0,7.289,5,7,8,68,352,1602
1785886800,3 Perform authentication,49474,0,22.536,13,17,20,325,1355,1602
1785886800,1 Send request to authorize endpoint,49474,0,8.513,5,7,9,116,530,1380
1785886800,2 Start Authentication Flow,49476,0,6.604,4,6,7,88,435,1332
1785886800,__ALL__,247369,0,11.254,5,13,16,141,903,1756
1785886800,4 Obtain authorization code,49473,0,11.329,5,7,8,231,945,1756
1785887100,5 Obtain access token,49477,0,8.664,5,7,9,87,715,1966
1785887100,3 Perform authentication,49476,0,24.141,13,18,21,371,1662,2950
1785887100,1 Send request to authorize endpoint,49476,0,11.260,5,8,9,155,1183,2964
1785887100,2 Start Authentication Flow,49476,0,8.881,4,6,7,120,1018,2566
1785887100,__ALL__,247381,0,14.076,5,13,16,180,1455,3404
1785887100,4 Obtain authorization code,49476,0,17.436,5,7,9,416,1927,3404
1785887400,5 Obtain access token,49032,0,12.780,5,7,9,234,1270,4163
1785887400,3 Perform authentication,49034,0,37.070,13,18,22,956,2410,4598
1785887400,1 Send request to authorize endpoint,49031,0,15.633,5,8,9,279,1728,3908
1785887400,2 Start Authentication Flow,49031,0,11.389,4,6,7,202,1361,2679
1785887400,__ALL__,245161,0,20.922,5,14,17,397,2205,5336
1785887400,4 Obtain authorization code,49033,0,27.738,5,7,9,745,2772,5336
1785887700,5 Obtain access token,49509,0,6.266,5,7,8,35,208,816
1785887700,3 Perform authentication,49507,0,16.586,13,17,20,147,437,1115
1785887700,1 Send request to authorize endpoint,49509,0,7.087,5,7,9,55,349,968
1785887700,2 Start Authentication Flow,49507,0,5.375,4,5,7,40,294,843
1785887700,__ALL__,247540,0,8.718,5,13,16,64,399,1115
1785887700,4 Obtain authorization code,49508,0,8.275,5,7,8,109,525,1039
1785888000,5 Obtain access token,49347,0,9.032,5,7,9,107,627,1777
1785888000,3 Perform authentication,49349,0,26.851,13,18,23,509,1449,2328
1785888000,1 Send request to authorize endpoint,49348,0,11.457,5,8,10,187,955,2029
1785888000,2 Start Authentication Flow,49350,0,8.611,4,6,8,132,762,2201
1785888000,__ALL__,246742,0,14.556,5,14,17,228,1283,2614
1785888000,4 Obtain authorization code,49348,0,16.827,5,7,9,363,1672,2614
1785888300,5 Obtain access token,49055,0,11.834,5,7,9,159,1216,3705
1785888300,3 Perform authentication,49053,0,33.199,13,18,21,777,2645,4770
1785888300,1 Send request to authorize endpoint,49055,0,16.680,5,7,9,312,1937,3794
1785888300,2 Start Authentication Flow,49054,0,12.516,4,6,7,203,1628,3955
1785888300,__ALL__,245272,0,20.490,5,14,16,404,2322,5293
1785888300,4 Obtain authorization code,49055,0,28.220,5,7,8,888,2987,5293
1785888600,5 Obtain access token,49222,0,10.916,5,8,10,189,605,1780
1785888600,3 Perform authentication,49222,0,29.200,13,20,27,545,1435,2211
1785888600,1 Send request to authorize endpoint,49221,0,13.125,5,8,12,253,846,2011
1785888600,2 Start Authentication Flow,49222,0,10.147,4,6,9,184,724,2216
1785888600,__ALL__,246109,0,16.458,5,15,19,335,1107,2268
1785888600,4 Obtain authorization code,49222,0,18.901,5,8,11,485,1251,2268
1785888900,5 Obtain access token,49715,0,5.554,5,7,8,13,35,129
1785888900,3 Perform authentication,49730,0,14.344,13,18,21,37,107,203
1785888900,1 Send request to authorize endpoint,49710,0,5.694,5,7,9,16,41,180
1785888900,2 Start Authentication Flow,49706,0,4.262,4,6,7,11,33,126
1785888900,__ALL__,248581,0,7.081,5,13,16,23,67,203
1785888900,4 Obtain authorization code,49720,0,5.548,5,7,8,16,69,184
1785889200,5 Obtain access token,49653,0,7.780,5,8,10,84,290,1541
1785889200,3 Perform authentication,49640,0,22.474,13,20,28,270,1199,1551
1785889200,1 Send request to authorize endpoint,49659,0,9.659,5,8,12,150,474,1134
1785889200,2 Start Authentication Flow,49663,0,7.683,4,6,9,116,455,1542
1785889200,__ALL__,248263,0,11.938,5,14,18,174,637,1551
1785889200,4 Obtain authorization code,49648,0,12.101,5,8,12,269,661,1086
1785889500,5 Obtain access token,49506,0,6.288,5,7,9,39,156,394
1785889500,3 Perform authentication,49505,0,16.667,13,19,22,129,308,693
1785889500,1 Send request to authorize endpoint,49504,0,7.372,5,8,9,71,282,667
1785889500,2 Start Authentication Flow,49502,0,5.672,4,6,7,54,258,623
1785889500,__ALL__,247522,0,8.796,5,14,17,77,291,708
1785889500,4 Obtain authorization code,49505,0,7.980,5,7,9,107,378,708
1785889800,5 Obtain access token,49697,0,7.760,5,7,9,63,397,637
1785889800,3 Perform authentication,49698,0,21.405,13,19,24,200,1284,1584
1785889800,1 Send request to authorize endpoint,49699,0,8.375,5,8,10,105,364,1577
1785889800,2 Start Authentication Flow,49700,0,6.141,4,6,8,67,241,1578
1785889800,__ALL__,248492,0,10.714,5,14,17,121,533,1584
1785889800,4 Obtain authorization code,49698,0,9.888,5,7,10,183,492,1576
1785890100,5 Obtain access token,49695,0,6.325,5,7,9,36,165,431
1785890100,3 Perform authentication,49693,0,16.763,13,19,24,125,310,935
1785890100,1 Send request to authorize endpoint,49694,0,7.161,5,8,10,60,248,608
1785890100,2 Start Authentication Flow,49695,0,5.462,4,6,8,41,227,480
1785890100,__ALL__,248471,0,8.713,5,14,17,66,285,935
1785890100,4 Obtain authorization code,49694,0,7.855,5,7,10,92,371,781
1785890400,5 Obtain access token,49560,0,6.847,5,7,9,55,234,579
1785890400,3 Perform authentication,49560,0,20.933,13,19,22,195,1253,1580
1785890400,1 Send request to authorize endpoint,49561,0,8.121,5,8,9,101,341,1568
1785890400,2 Start Authentication Flow,49560,0,6.156,4,6,7,75,299,571
1785890400,__ALL__,247802,0,10.278,5,14,17,113,501,1580
1785890400,4 Obtain authorization code,49561,0,9.334,5,7,9,169,473,1571
1785890700,5 Obtain access token,49561,0,5.608,5,7,8,17,57,168
1785890700,3 Perform authentication,49565,0,14.919,13,18,21,58,148,270
1785890700,1 Send request to authorize endpoint,49559,0,5.984,5,8,9,22,97,221
1785890700,2 Start Authentication Flow,49556,0,4.479,4,6,7,17,79,201
1785890700,__ALL__,247804,0,7.384,5,14,16,29,119,270
1785890700,4 Obtain authorization code,49563,0,5.931,5,7,8,30,125,231
1785891000,5 Obtain access token,49601,0,6.355,5,7,9,35,164,1573
1785891000,3 Perform authentication,49600,0,20.000,13,19,23,142,1278,1579
1785891000,1 Send request to authorize endpoint,49602,0,7.011,5,8,9,58,228,429
1785891000,2 Start Authentication Flow,49605,0,5.406,4,6,7,40,196,1570
1785891000,__ALL__,248009,0,9.299,5,14,17,69,381,1579
1785891000,4 Obtain authorization code,49601,0,7.722,5,7,9,92,349,1569
1785891300,5 Obtain access token,49711,0,6.331,5,7,9,33,172,463
1785891300,3 Perform authentication,49709,0,16.554,13,19,23,109,337,960
1785891300,1 Send request to authorize endpoint,49713,0,7.302,5,8,10,54,302,812
1785891300,2 Start Authentication Flow,49714,0,5.638,4,6,7,41,269,679
1785891300,__ALL__,248556,0,8.756,5,14,17,59,321,1080
1785891300,4 Obtain authorization code,49709,0,7.957,5,7,9,90,432,1080
1785891600,5 Obtain access token,49625,0,7.371,5,7,9,39,415,1588
1785891600,3 Perform authentication,49658,0,20.796,13,19,23,150,1354,1593
1785891600,1 Send request to authorize endpoint,49611,0,7.350,5,8,10,58,314,1587
1785891600,2 Start Authentication Flow,49601,0,5.336,4,6,7,37,191,1586
1785891600,__ALL__,248126,0,9.842,5,14,17,69,536,1593
1785891600,4 Obtain authorization code,49631,0,8.345,5,7,9,109,357,1585
1785891900,5 Obtain access token,49677,0,5.761,5,7,8,17,113,465
1785891900,3 Perform authentication,49643,0,15.015,13,18,20,46,273,630
1785891900,1 Send request to authorize endpoint,49690,0,6.375,5,7,8,24,237,777
1785891900,2 Start Authentication Flow,49697,0,4.818,4,5,7,18,189,660
1785891900,__ALL__,248378,0,7.686,5,13,16,28,234,872
1785891900,4 Obtain authorization code,49671,0,6.465,5,7,8,32,299,872
1785892200,5 Obtain access token,49559,0,6.910,5,8,10,49,195,384
1785892200,3 Perform authentication,49558,0,21.507,13,21,28,172,1358,1597
1785892200,1 Send request to authorize endpoint,49558,0,8.057,5,9,13,85,254,1604
1785892200,2 Start Authentication Flow,49560,0,5.978,4,7,9,60,226,508
1785892200,__ALL__,247793,0,10.312,5,14,18,100,441,1604
1785892200,4 Obtain authorization code,49558,0,9.109,5,8,12,140,403,611
1785892500,5 Obtain access token,49457,0,6.292,5,7,9,36,142,505
1785892500,3 Perform authentication,49458,0,16.615,13,19,24,124,282,675
1785892500,1 Send request to authorize endpoint,49458,0,7.137,5,8,10,59,252,684
1785892500,2 Start Authentication Flow,49458,0,5.387,4,6,8,43,195,560
1785892500,__ALL__,247288,0,8.639,5,14,17,63,264,795
1785892500,4 Obtain authorization code,49457,0,7.764,5,7,9,91,358,795
1785892800,5 Obtain access token,49461,0,6.962,5,8,9,49,256,1545
1785892800,3 Perform authentication,49462,0,20.288,13,19,24,165,1163,1552
1785892800,1 Send request to authorize endpoint,49459,0,7.715,5,8,10,87,267,536
1785892800,2 Start Authentication Flow,49459,0,5.836,4,6,8,60,229,1545
1785892800,__ALL__,247304,0,10.011,5,14,17,96,464,1552
1785892800,4 Obtain authorization code,49463,0,9.253,5,8,10,145,512,1550
1785893100,5 Obtain access token,49640,0,6.249,5,7,9,31,159,428
1785893100,3 Perform authentication,49643,0,16.461,13,19,23,101,323,567
1785893100,1 Send request to authorize endpoint,49642,0,7.074,5,8,10,50,287,999
1785893100,2 Start Authentication Flow,49641,0,5.398,4,6,7,36,244,748
1785893100,__ALL__,248207,0,8.564,5,14,17,53,300,999
1785893100,4 Obtain authorization code,49641,0,7.637,5,7,9,72,388,989
1785893400,5 Obtain access token,49594,0,6.733,5,7,9,42,260,638
1785893400,3 Perform authentication,49590,0,20.148,13,19,24,139,1262,1562
1785893400,1 Send request to authorize endpoint,49593,0,7.388,5,8,10,71,269,1554
1785893400,2 Start Authentication Flow,49593,0,5.556,4,6,8,48,211,1556
1785893400,__ALL__,247962,0,9.726,5,14,17,79,501,1562
1785893400,4 Obtain authorization code,49592,0,8.808,5,7,10,120,518,876
1785893700,5 Obtain access token,49663,0,5.946,5,7,9,27,105,382
1785893700,3 Perform authentication,49664,0,15.868,13,19,23,96,242,570
1785893700,1 Send request to authorize endpoint,49665,0,6.673,5,8,9,46,197,442
1785893700,2 Start Authentication Flow,49667,0,5.066,4,6,7,34,176,351
1785893700,__ALL__,248321,0,8.111,5,14,16,48,211,570
1785893700,4 Obtain authorization code,49662,0,6.999,5,7,9,69,251,479
1785894000,5 Obtain access token,49409,0,6.512,5,7,9,43,170,1579
1785894000,3 Perform authentication,49408,0,20.282,13,19,23,149,1340,1588
1785894000,1 Send request to authorize endpoint,49406,0,7.384,5,8,10,68,252,515
1785894000,2 Start Authentication Flow,49406,0,5.849,4,6,7,57,256,1575
1785894000,__ALL__,247038,0,9.677,5,14,17,83,425,1588
1785894000,4 Obtain authorization code,49409,0,8.356,5,7,9,122,383,1579
1785894300,5 Obtain access token,49673,0,6.414,5,8,9,35,172,547
1785894300,3 Perform authentication,49673,0,17.046,13,20,26,115,341,776
1785894300,1 Send request to authorize endpoint,49676,0,7.473,5,8,11,59,280,792
1785894300,2 Start Authentication Flow,49676,0,5.733,4,6,8,43,273,540
1785894300,__ALL__,248372,0,8.945,5,14,17,63,310,792
1785894300,4 Obtain authorization code,49674,0,8.062,5,8,11,91,361,723
1785894600,5 Obtain access token,49466,0,6.298,5,7,8,14,270,1558
1785894600,3 Perform authentication,49467,0,18.422,13,18,20,38,1261,1561
1785894600,1 Send request to authorize endpoint,49466,0,6.325,5,7,8,15,245,630
1785894600,2 Start Authentication Flow,49466,0,4.706,4,5,7,13,156,653
1785894600,__ALL__,247330,0,8.574,5,13,15,25,433,1561
1785894600,4 Obtain authorization code,49465,0,7.118,5,7,8,14,378,1559
1785894900,5 Obtain access token,49584,0,6.373,5,7,9,39,151,389
1785894900,3 Perform authentication,49584,0,16.864,13,19,25,125,281,979
1785894900,1 Send request to authorize endpoint,49582,0,7.324,5,8,10,69,232,577
1785894900,2 Start Authentication Flow,49581,0,5.674,4,6,8,51,261,585
1785894900,__ALL__,247915,0,8.821,5,14,17,73,263,979
1785894900,4 Obtain authorization code,49584,0,7.868,5,8,10,101,299,644
1785895200,5 Obtain access token,49520,0,6.425,5,8,11,35,124,278
1785895200,3 Perform authentication,49521,0,20.358,13,21,32,124,1240,1575
1785895200,1 Send request to authorize endpoint,49521,0,7.293,5,9,13,51,198,1563
1785895200,2 Start Authentication Flow,49520,0,5.427,4,6,9,37,158,1562
1785895200,__ALL__,247603,0,9.470,5,15,18,63,310,1575
1785895200,4 Obtain authorization code,49521,0,7.848,5,8,12,82,287,534
1785895500,5 Obtain access token,48861,0,14.357,5,9,29,267,795,2283
1785895500,3 Perform authentication,48863,0,37.445,14,25,116,670,1485,3189
1785895500,1 Send request to authorize endpoint,48860,0,22.538,5,10,53,493,1241,3233
1785895500,2 Start Authentication Flow,48862,0,18.872,4,8,41,435,1069,2531
1785895500,__ALL__,244308,0,25.012,5,17,55,536,1399,3233
1785895500,4 Obtain authorization code,48862,0,31.847,5,10,92,796,1819,2786
1785895800,5 Obtain access token,48914,0,13.834,5,9,33,238,802,1670
1785895800,3 Perform authentication,48912,0,38.650,14,22,134,711,1502,2705
1785895800,1 Send request to authorize endpoint,48914,0,20.155,5,9,64,424,1095,2134
1785895800,2 Start Authentication Flow,48912,0,16.683,4,7,45,352,1075,2263
1785895800,__ALL__,244565,0,23.932,5,16,64,495,1401,2937
1785895800,4 Obtain authorization code,48913,0,30.337,5,9,111,749,1762,2937
1785896100,5 Obtain access token,49034,0,10.794,5,8,17,152,579,1126
1785896100,3 Perform authentication,49031,0,29.100,13,21,62,474,1170,1989
1785896100,1 Send request to authorize endpoint,49036,0,15.558,5,9,26,289,912,2160
1785896100,2 Start Authentication Flow,49036,0,12.445,4,7,18,247,787,2042
1785896100,__ALL__,245170,0,17.968,5,15,29,331,1055,3012
1785896100,4 Obtain authorization code,49033,0,21.943,5,9,35,528,1328,3012
1785896400,5 Obtain access token,49352,0,8.183,5,7,9,80,450,2059
1785896400,3 Perform authentication,49353,0,24.662,13,18,22,399,1352,2296
1785896400,1 Send request to authorize endpoint,49351,0,9.933,5,8,9,135,851,1870
1785896400,2 Start Authentication Flow,49353,0,8.097,4,6,7,104,736,1878
1785896400,__ALL__,246761,0,12.813,5,14,17,167,1086,2296
1785896400,4 Obtain authorization code,49352,0,13.190,5,7,9,271,1203,2031
1785896700,5 Obtain access token,49667,0,5.625,5,7,8,13,85,511
1785896700,3 Perform authentication,49667,0,14.967,13,18,21,36,266,691
1785896700,1 Send request to authorize endpoint,49668,0,5.960,5,7,9,16,134,559
1785896700,2 Start Authentication Flow,49666,0,4.478,4,6,7,11,103,517
1785896700,__ALL__,248336,0,7.450,5,13,15,24,182,900
1785896700,4 Obtain authorization code,49668,0,6.221,5,7,8,17,287,900
1785897000,5 Obtain access token,49652,0,6.710,5,7,8,26,318,1588
1785897000,3 Perform authentication,49653,0,19.667,13,18,21,128,1348,1593
1785897000,1 Send request to authorize endpoint,49651,0,6.916,5,7,9,36,294,1594
1785897000,2 Start Authentication Flow,49653,0,5.003,4,6,7,26,193,550
1785897000,__ALL__,248261,0,9.235,5,13,16,42,509,1594
1785897000,4 Obtain authorization code,49652,0,7.879,5,7,8,61,483,1589
1785897300,5 Obtain access token,49640,0,6.861,5,7,8,36,309,1454
1785897300,3 Perform authentication,49642,0,18.734,13,18,21,166,873,1916
1785897300,1 Send request to authorize endpoint,49640,0,8.099,5,7,9,63,585,1898
1785897300,2 Start Authentication Flow,49640,0,6.166,4,6,7,43,434,1718
1785897300,__ALL__,248202,0,10.032,5,13,16,72,730,1954
1785897300,4 Obtain authorization code,49640,0,10.297,5,7,8,143,975,1954
1785897600,5 Obtain access token,49327,0,10.103,5,7,10,163,541,1809
1785897600,3 Perform authentication,49324,0,27.939,13,19,24,509,1391,2520
1785897600,1 Send request to authorize endpoint,49327,0,12.204,5,8,10,218,786,2071
1785897600,2 Start Authentication Flow,49326,0,9.444,4,6,8,167,692,1586
1785897600,__ALL__,246630,0,15.503,5,14,18,298,1147,2740
1785897600,4 Obtain authorization code,49326,0,17.823,5,7,10,378,1423,2740
1785897900,5 Obtain access token,49583,0,6.713,5,7,8,47,271,708
1785897900,3 Perform authentication,49585,0,18.330,13,18,21,193,662,1222
1785897900,1 Send request to authorize endpoint,49582,0,7.955,5,7,9,82,461,1120
1785897900,2 Start Authentication Flow,49583,0,5.946,4,6,7,56,330,1044
1785897900,__ALL__,247919,0,9.770,5,14,16,92,562,1329
1785897900,4 Obtain authorization code,49586,0,9.904,5,7,8,168,726,1329
1785898200,5 Obtain access token,49025,0,14.115,5,8,17,264,954,1878
1785898200,3 Perform authentication,49024,0,37.754,13,20,76,793,1503,2263
1785898200,1 Send request to authorize endpoint,49027,0,21.121,5,8,24,546,1356,2603
1785898200,2 Start Authentication Flow,49027,0,17.503,4,6,19,449,1249,3267
1785898200,__ALL__,245125,0,23.931,5,15,30,580,1447,3267
1785898200,4 Obtain authorization code,49022,0,29.166,5,8,44,787,1757,3088
1785898500,5 Obtain access token,49374,0,5.452,5,7,8,11,24,1576
1785898500,3 Perform authentication,49607,0,18.090,13,18,20,34,1307,1570
1785898500,1 Send request to authorize endpoint,49368,0,5.548,5,7,8,12,33,1573
1785898500,2 Start Authentication Flow,49356,0,4.115,4,5,6,9,22,215
1785898500,__ALL__,247135,0,7.749,5,13,15,21,252,1576
1785898500,4 Obtain authorization code,49430,0,5.492,5,7,8,11,242,1571
1785898800,5 Obtain access token,49949,0,5.989,5,7,8,15,173,490
1785898800,3 Perform authentication,49716,0,14.392,13,18,20,31,257,700
1785898800,1 Send request to authorize endpoint,49955,0,6.345,5,7,8,18,234,587
1785898800,2 Start Authentication Flow,49967,0,4.876,4,6,7,13,200,568
1785898800,__ALL__,249482,0,7.755,5,13,15,24,278,814
1785898800,4 Obtain authorization code,49895,0,7.203,5,7,8,15,518,814
1785899100,5 Obtain access token,49623,0,6.458,5,7,8,18,290,1558
1785899100,3 Perform authentication,49623,0,18.825,13,18,22,49,1215,1566
1785899100,1 Send request to authorize endpoint,49623,0,6.628,5,7,9,24,242,1561
1785899100,2 Start Authentication Flow,49622,0,4.924,4,6,7,16,187,1560
1785899100,__ALL__,248113,0,8.875,5,13,16,33,513,1566
1785899100,4 Obtain authorization code,49622,0,7.539,5,7,9,24,467,1558
1785899400,5 Obtain access token,49417,0,8.274,5,7,9,82,554,1844
1785899400,3 Perform authentication,49415,0,23.464,13,18,21,349,1389,2911
1785899400,1 Send request to authorize endpoint,49417,0,10.509,5,8,9,155,889,2235
1785899400,2 Start Authentication Flow,49417,0,8.051,4,6,7,116,735,2130
1785899400,__ALL__,247082,0,13.100,5,14,16,185,1128,2911
1785899400,4 Obtain authorization code,49416,0,15.203,5,7,8,352,1451,2729
1785899700,5 Obtain access token,49438,0,6.615,5,7,8,24,316,503
1785899700,3 Perform authentication,49440,0,18.582,13,18,22,120,1245,1526
1785899700,1 Send request to authorize endpoint,49437,0,6.573,5,8,9,30,236,1528
1785899700,2 Start Authentication Flow,49435,0,4.841,4,6,7,22,153,1527
1785899700,__ALL__,247188,0,8.737,5,13,16,39,353,1528
1785899700,4 Obtain authorization code,49438,0,7.071,5,7,9,60,257,1528
1785900000,5 Obtain access token,49412,0,8.736,5,7,9,97,600,1810
1785900000,3 Perform authentication,49412,0,24.521,13,18,21,398,1511,2458
1785900000,1 Send request to authorize endpoint,49413,0,11.222,5,8,9,184,974,2638
1785900000,2 Start Authentication Flow,49414,0,8.661,4,6,7,140,831,2024
1785900000,__ALL__,247064,0,13.905,5,14,16,220,1216,3209
1785900000,4 Obtain authorization code,49413,0,16.387,5,7,9,385,1552,3209
1785900300,5 Obtain access token,49372,0,7.533,5,7,9,84,304,605
1785900300,3 Perform authentication,49372,0,24.760,13,18,22,406,1359,1595
1785900300,1 Send request to authorize endpoint,49371,0,9.246,5,7,9,139,487,1062
1785900300,2 Start Authentication Flow,49372,0,7.313,4,6,8,113,466,1592
1785900300,__ALL__,246859,0,12.353,5,14,17,185,804,1595
1785900300,4 Obtain authorization code,49372,0,12.914,5,7,9,288,811,1265
1785900600,5 Obtain access token,49022,0,12.014,5,7,9,170,1235,3377
1785900600,3 Perform authentication,49021,0,32.367,13,18,23,729,2383,4422
1785900600,1 Send request to authorize endpoint,49022,0,17.063,5,8,10,302,2050,4788
1785900600,2 Start Authentication Flow,49022,0,13.259,4,6,7,233,1719,3942
1785900600,__ALL__,245109,0,20.460,5,14,17,393,2262,5210
1785900600,4 Obtain authorization code,49022,0,27.595,5,7,9,863,2739,5210
1785900900,5 Obtain access token,48879,0,14.206,5,7,9,250,1534,4091
1785900900,3 Perform authentication,48878,0,39.465,13,18,23,1009,2754,5211
1785900900,1 Send request to authorize endpoint,48878,0,19.493,5,8,9,380,2173,4512
1785900900,2 Start Authentication Flow,48879,0,16.105,4,6,8,260,2213,4029
1785900900,__ALL__,244392,0,24.823,5,14,17,554,2622,5276
1785900900,4 Obtain authorization code,48878,0,34.844,5,7,9,1123,3364,5276
1785901200,5 Obtain access token,49463,0,8.771,5,7,9,103,607,2188
1785901200,3 Perform authentication,49464,0,23.903,13,18,21,388,1391,2411
1785901200,1 Send request to authorize endpoint,49463,0,11.169,5,7,9,174,991,2126
1785901200,2 Start Authentication Flow,49461,0,8.793,4,6,7,126,885,2694
1785901200,__ALL__,247315,0,13.891,5,13,16,223,1220,2694
1785901200,4 Obtain authorization code,49464,0,16.817,5,7,8,422,1587,2570
1785901500,5 Obtain access token,48881,0,15.454,5,7,9,303,1575,4812
1785901500,3 Perform authentication,48883,0,41.670,13,18,23,1095,2830,6041
1785901500,1 Send request to authorize endpoint,48883,0,21.329,5,7,9,438,2421,4838
1785901500,2 Start Authentication Flow,48884,0,15.759,4,6,8,258,2101,5082
1785901500,__ALL__,244411,0,26.263,5,14,17,625,2701,6041
1785901500,4 Obtain authorization code,48880,0,37.102,5,7,9,1199,3455,5281
1785901800,5 Obtain access token,48953,0,13.546,5,7,9,200,1567,4641
1785901800,3 Perform authentication,48953,0,36.665,13,18,22,923,2853,4447
1785901800,1 Send request to authorize endpoint,48953,0,19.231,5,8,9,360,2374,5124
1785901800,2 Start Authentication Flow,48954,0,14.635,4,6,7,245,1879,4217
1785901800,__ALL__,244767,0,23.522,5,13,16,488,2705,5192
1785901800,4 Obtain authorization code,48954,0,33.534,5,7,9,1161,3450,5192
1785902100,5 Obtain access token,48866,0,13.926,5,7,9,218,1576,2973
1785902100,3 Perform authentication,48865,0,39.674,13,18,22,1025,2830,5370
1785902100,1 Send request to authorize endpoint,48866,0,19.166,5,8,10,373,2248,4844
1785902100,2 Start Authentication Flow,48865,0,15.315,4,6,8,264,2079,4605
1785902100,__ALL__,244329,0,24.329,5,14,17,554,2607,6440
1785902100,4 Obtain authorization code,48867,0,33.565,5,7,9,1103,3340,6440
1785902400,5 Obtain access token,49350,0,9.060,5,7,9,112,667,1880
1785902400,3 Perform authentication,49348,0,25.229,13,18,21,417,1485,2572
1785902400,1 Send request to authorize endpoint,49349,0,12.008,5,7,9,202,1081,2402
1785902400,2 Start Authentication Flow,49350,0,9.124,4,6,7,150,911,2240
1785902400,__ALL__,246745,0,14.712,5,13,16,245,1324,3491
1785902400,4 Obtain authorization code,49348,0,18.138,5,7,8,450,1790,3491
1785902700,5 Obtain access token,49389,0,9.941,5,8,11,154,489,1550
1785902700,3 Perform authentication,49391,0,29.190,13,19,30,526,1377,1763
1785902700,1 Send request to authorize endpoint,49390,0,12.959,5,8,12,253,737,1623
1785902700,2 Start Authentication Flow,49388,0,10.120,4,6,9,195,626,1901
1785902700,__ALL__,246949,0,16.051,5,14,20,311,1027,1901
1785902700,4 Obtain authorization code,49391,0,18.044,5,7,11,442,1130,1827
1785903000,5 Obtain access token,49086,0,11.352,5,9,17,192,547,1470
1785903000,3 Perform authentication,49087,0,30.228,13,22,62,504,1150,2183
1785903000,1 Send request to authorize endpoint,49085,0,17.151,5,10,29,373,970,2004
1785903000,2 Start Authentication Flow,49086,0,13.964,4,7,18,310,894,2466
1785903000,__ALL__,245429,0,19.406,5,16,30,402,1108,2466
1785903000,4 Obtain authorization code,49085,0,24.337,5,9,36,633,1383,2281
1785903300,5 Obtain access token,49123,0,12.741,5,8,21,247,672,1834
1785903300,3 Perform authentication,49122,0,33.346,13,21,76,575,1415,2400
1785903300,1 Send request to authorize endpoint,49123,0,17.203,5,9,34,356,1013,2050
1785903300,2 Start Authentication Flow,49122,0,13.937,4,7,23,302,957,2143
1785903300,__ALL__,245614,0,20.419,5,16,34,421,1225,2443
1785903300,4 Obtain authorization code,49124,0,24.868,5,8,47,603,1417,2443
1785903600,5 Obtain access token,49338,0,9.757,5,8,11,136,486,1249
1785903600,3 Perform authentication,49337,0,25.674,13,20,31,389,933,1987
1785903600,1 Send request to authorize endpoint,49337,0,13.912,5,8,14,278,832,1550
1785903600,2 Start Authentication Flow,49338,0,11.044,4,6,10,217,725,2180
1785903600,__ALL__,246687,0,15.869,5,15,22,305,891,2180
1785903600,4 Obtain authorization code,49337,0,18.957,5,8,14,479,1173,1952
1785903900,5 Obtain access token,49205,0,10.668,5,8,15,165,570,1528
1785903900,3 Perform authentication,49206,0,30.585,13,20,53,535,1305,1823
1785903900,1 Send request to authorize endpoint,49203,0,14.759,5,8,19,290,796,1709
1785903900,2 Start Authentication Flow,49202,0,12.112,4,6,14,257,759,1714
1785903900,__ALL__,246021,0,17.885,5,15,24,352,1057,2020
1785903900,4 Obtain authorization code,49205,0,21.301,5,8,26,527,1184,2020
1785904200,5 Obtain access token,49103,0,11.587,5,8,12,197,664,1619
1785904200,3 Perform authentication,49102,0,30.060,13,20,34,512,1357,2473
1785904200,1 Send request to authorize endpoint,49105,0,16.994,5,8,13,373,999,2342
1785904200,2 Start Authentication Flow,49106,0,14.260,4,6,10,326,954,1942
1785904200,__ALL__,245518,0,19.436,5,15,22,420,1180,2534
1785904200,4 Obtain authorization code,49102,0,24.281,5,8,13,643,1443,2534
1785904500,5 Obtain access token,49538,0,7.356,5,7,8,19,454,1610
1785904500,3 Perform authentication,49541,0,19.896,13,18,21,66,1365,1625
1785904500,1 Send request to authorize endpoint,49539,0,7.064,5,7,9,26,354,1610
1785904500,2 Start Authentication Flow,49539,0,5.294,4,6,7,18,240,1611
1785904500,__ALL__,247697,0,9.533,5,13,16,33,584,1625
1785904500,4 Obtain authorization code,49540,0,8.057,5,7,8,32,409,1043
1785904800,5 Obtain access token,49048,0,11.992,5,8,12,212,692,1653
1785904800,3 Perform authentication,49046,0,30.569,13,20,37,538,1238,2798
1785904800,1 Send request to authorize endpoint,49047,0,17.430,5,8,14,392,1010,1942
1785904800,2 Start Authentication Flow,49046,0,14.517,4,6,11,339,907,1883
1785904800,__ALL__,245233,0,20.039,5,15,23,444,1177,2798
1785904800,4 Obtain authorization code,49046,0,25.685,5,8,15,694,1533,2067
1785905100,5 Obtain access token,49054,0,13.664,5,8,25,245,825,2415
1785905100,3 Perform authentication,49053,0,38.160,13,23,91,732,1548,2776
1785905100,1 Send request to authorize endpoint,49055,0,20.069,5,9,42,437,1267,2278
1785905100,2 Start Authentication Flow,49056,0,16.754,4,7,28,382,1094,2347
1785905100,__ALL__,245273,0,23.768,5,16,44,518,1423,2976
1785905100,4 Obtain authorization code,49055,0,30.195,5,9,59,766,1650,2976
1785905400,5 Obtain access token,49156,0,11.288,5,8,12,190,638,1748
1785905400,3 Perform authentication,49157,0,28.580,13,20,33,487,1127,2173
1785905400,1 Send request to authorize endpoint,49157,0,16.431,5,8,13,361,1030,2134
1785905400,2 Start Authentication Flow,49157,0,13.572,4,6,10,309,949,1866
1785905400,__ALL__,245782,0,18.506,5,15,22,400,1078,2573
1785905400,4 Obtain authorization code,49155,0,22.661,5,8,13,599,1332,2573
1785905700,5 Obtain access token,49183,0,12.232,5,8,18,213,675,1567
1785905700,3 Perform authentication,49183,0,33.913,13,21,61,630,1348,2352
1785905700,1 Send request to authorize endpoint,49183,0,17.757,5,9,28,382,989,2149
1785905700,2 Start Authentication Flow,49183,0,14.782,4,7,18,326,945,2049
1785905700,__ALL__,245915,0,20.921,5,15,30,449,1201,2352
1785905700,4 Obtain authorization code,49183,0,25.918,5,9,35,666,1539,2228
1785906000,5 Obtain access token,49137,0,11.293,5,8,12,190,644,1636
1785906000,3 Perform authentication,49139,0,28.981,13,20,33,486,1156,2060
1785906000,1 Send request to authorize endpoint,49135,0,16.609,5,8,13,362,1017,2155
1785906000,2 Start Authentication Flow,49135,0,13.701,4,6,10,304,943,2131
1785906000,__ALL__,245685,0,18.776,5,15,22,400,1109,2357
1785906000,4 Obtain authorization code,49139,0,23.293,5,8,13,614,1370,2357
1785906300,5 Obtain access token,49157,0,12.572,5,8,23,231,645,1602
1785906300,3 Perform authentication,49154,0,34.668,13,21,89,637,1452,2383
1785906300,1 Send request to authorize endpoint,49159,0,17.554,5,9,39,347,991,2428
1785906300,2 Start Authentication Flow,49159,0,14.159,4,7,29,299,808,1796
1785906300,__ALL__,245785,0,20.970,5,16,39,423,1220,2458
1785906300,4 Obtain authorization code,49156,0,25.898,5,8,57,636,1462,2458
1785906600,5 Obtain access token,49597,0,5.505,5,7,8,12,73,429
1785906600,3 Perform authentication,49598,0,14.608,13,18,20,29,285,597
1785906600,1 Send request to authorize endpoint,49593,0,5.766,5,7,8,12,126,518
1785906600,2 Start Authentication Flow,49593,0,4.362,4,5,6,10,105,518
1785906600,__ALL__,247977,0,7.257,5,13,15,22,181,631
1785906600,4 Obtain authorization code,49596,0,6.045,5,7,8,12,247,631
1785906900,5 Obtain access token,48976,0,12.930,5,8,29,232,651,1761
1785906900,3 Perform authentication,48977,0,34.007,13,22,102,572,1342,1915
1785906900,1 Send request to authorize endpoint,48979,0,18.078,5,9,51,372,964,1758
1785906900,2 Start Authentication Flow,48978,0,15.319,4,7,35,335,930,2047
1785906900,__ALL__,244889,0,21.195,5,16,51,436,1113,2358
1785906900,4 Obtain authorization code,48979,0,25.642,5,9,76,599,1242,2358
1785907200,5 Obtain access token,48948,0,14.234,5,9,34,256,725,1943
1785907200,3 Perform authentication,48946,0,36.289,14,26,133,588,1269,2132
1785907200,1 Send request to authorize endpoint,48948,0,21.984,5,11,65,488,1141,2331
1785907200,2 Start Authentication Flow,48950,0,18.782,4,8,44,449,1121,2445
1785907200,__ALL__,244738,0,24.664,5,17,65,529,1236,2869
1785907200,4 Obtain authorization code,48946,0,32.030,5,10,114,760,1608,2869
1785907500,5 Obtain access token,49073,0,12.396,5,9,30,211,556,1571
1785907500,3 Perform authentication,49077,0,33.597,13,25,120,516,1327,1764
1785907500,1 Send request to authorize endpoint,49072,0,17.406,5,10,51,347,790,1411
1785907500,2 Start Authentication Flow,49070,0,14.232,4,7,35,302,760,1587
1785907500,__ALL__,245367,0,20.569,5,17,55,392,1005,2383
1785907500,4 Obtain authorization code,49075,0,25.212,5,10,96,545,1104,2383
1785907800,5 Obtain access token,49372,0,9.502,5,9,21,119,372,1014
1785907800,3 Perform authentication,49367,0,25.869,14,24,71,337,693,1204
1785907800,1 Send request to authorize endpoint,49374,0,13.601,5,10,33,243,623,1995
1785907800,2 Start Authentication Flow,49375,0,10.758,4,7,23,205,556,1308
1785907800,__ALL__,246857,0,15.511,5,16,34,268,651,1995
1785907800,4 Obtain authorization code,49369,0,17.825,5,9,44,394,808,1488
1785908100,5 Obtain access token,48938,0,12.663,5,9,33,196,690,2071
1785908100,3 Perform authentication,48940,0,36.221,13,24,118,603,1502,2616
1785908100,1 Send request to authorize endpoint,48937,0,17.616,5,10,58,330,922,2220
1785908100,2 Start Authentication Flow,48938,0,14.583,4,7,44,282,884,2068
1785908100,__ALL__,244693,0,21.648,5,17,61,406,1319,2803
1785908100,4 Obtain authorization code,48940,0,27.157,5,9,105,565,1607,2803
1785908400,5 Obtain access token,49428,0,8.574,5,7,9,94,517,1305
1785908400,3 Perform authentication,49432,0,24.538,13,19,25,386,1316,2700
1785908400,1 Send request to authorize endpoint,49428,0,10.988,5,8,10,173,848,2386
1785908400,2 Start Authentication Flow,49428,0,8.558,4,6,8,141,757,1761
1785908400,__ALL__,247143,0,13.821,5,14,18,217,1072,2779
1785908400,4 Obtain authorization code,49427,0,16.448,5,8,10,393,1472,2779
1785908700,5 Obtain access token,49095,0,10.018,5,8,18,143,457,1597
1785908700,3 Perform authentication,49091,0,28.825,13,21,64,440,1376,1704
1785908700,1 Send request to authorize endpoint,49096,0,13.636,5,9,29,251,695,1717
1785908700,2 Start Authentication Flow,49096,0,10.887,4,7,18,210,635,1594
1785908700,__ALL__,245474,0,16.569,5,15,30,306,941,2263
1785908700,4 Obtain authorization code,49096,0,19.481,5,8,38,455,1029,2263
1785909000,5 Obtain access token,48905,0,14.521,5,10,34,245,917,2440
1785909000,3 Perform authentication,48905,0,39.154,13,27,130,674,1858,2985
1785909000,1 Send request to authorize endpoint,48905,0,20.952,5,11,62,410,1377,2780
1785909000,2 Start Authentication Flow,48904,0,16.780,4,8,43,337,1147,2946
1785909000,__ALL__,244524,0,24.860,5,18,67,502,1514,3625
1785909000,4 Obtain authorization code,48905,0,32.894,5,11,115,754,1991,3625
1785909300,5 Obtain access token,48736,0,15.599,5,9,32,255,1280,3588
1785909300,3 Perform authentication,48737,0,44.398,13,24,113,976,2504,4590
1785909300,1 Send request to authorize endpoint,48734,0,21.691,5,10,54,381,1926,4103
1785909300,2 Start Authentication Flow,48731,0,17.406,4,8,39,314,1705,3835
1785909300,__ALL__,243674,0,27.596,5,17,58,520,2356,5393
1785909300,4 Obtain authorization code,48736,0,38.886,5,10,91,920,3032,5393
1785909600,5 Obtain access token,49022,0,15.246,5,9,46,260,881,2059
1785909600,3 Perform authentication,49023,0,41.255,14,25,167,704,1685,3113
1785909600,1 Send request to authorize endpoint,49021,0,22.814,5,10,96,447,1213,2759
1785909600,2 Start Authentication Flow,49025,0,18.965,4,8,77,399,1075,2073
1785909600,__ALL__,245112,0,27.037,5,18,97,538,1511,3113
1785909600,4 Obtain authorization code,49021,0,36.903,5,10,184,812,1930,3093
1785909900,5 Obtain access token,48030,0,24.459,5,13,80,464,1712,5551
1785909900,3 Perform authentication,48071,0,68.058,14,42,308,1344,3457,5825
1785909900,1 Send request to authorize endpoint,47995,0,39.474,5,16,160,841,2893,5879
1785909900,2 Start Authentication Flow,47935,0,32.178,4,11,116,713,2530,6102
1785909900,__ALL__,240078,0,46.251,5,22,172,1002,3242,7116
1785909900,4 Obtain authorization code,48047,0,67.027,5,18,307,1623,4108,7116
1785910200,5 Obtain access token,49580,0,5.658,5,7,9,16,36,297
1785910200,3 Perform authentication,49537,0,14.808,13,19,23,46,95,273
1785910200,1 Send request to authorize endpoint,49616,0,5.964,5,8,10,21,75,337
1785910200,2 Start Authentication Flow,49673,0,4.498,4,6,7,15,74,296
1785910200,__ALL__,247969,0,7.313,5,14,16,27,78,884
1785910200,4 Obtain authorization code,49563,0,5.649,5,7,9,19,61,884
1785910500,5 Obtain access token,49210,0,10.390,5,8,19,161,453,1578
1785910500,3 Perform authentication,49211,0,28.422,13,20,67,424,1310,1583
1785910500,1 Send request to authorize endpoint,49212,0,13.540,5,8,31,250,660,1304
1785910500,2 Start Authentication Flow,49214,0,10.800,4,6,20,206,564,1308
1785910500,__ALL__,246058,0,16.368,5,15,30,291,881,1959
1785910500,4 Obtain authorization code,49211,0,18.688,5,8,42,425,932,1959
1785910800,5 Obtain access token,49301,0,9.028,5,8,13,109,426,913
1785910800,3 Perform authentication,49301,0,23.169,13,20,39,299,792,1398
1785910800,1 Send request to authorize endpoint,49300,0,12.000,5,8,15,216,596,1241
1785910800,2 Start Authentication Flow,49299,0,9.916,4,6,11,202,579,947
1785910800,__ALL__,246501,0,14.003,5,15,21,239,704,1583
1785910800,4 Obtain authorization code,49300,0,15.903,5,8,15,370,902,1583
1785911100,5 Obtain access token,49236,0,9.853,5,8,17,145,389,1566
1785911100,3 Perform authentication,49236,0,27.668,13,21,60,384,1307,1570
1785911100,1 Send request to authorize endpoint,49237,0,13.062,5,9,28,233,566,1565
1785911100,2 Start Authentication Flow,49238,0,10.449,4,7,18,202,518,1035
1785911100,__ALL__,246183,0,15.776,5,15,28,281,739,1570
1785911100,4 Obtain authorization code,49236,0,17.849,5,8,33,404,767,1563
1785911400,5 Obtain access token,49286,0,9.085,5,8,15,111,410,975
1785911400,3 Perform authentication,49284,0,23.225,14,22,47,286,655,1656
1785911400,1 Send request to authorize endpoint,49286,0,12.078,5,9,22,203,575,1451
1785911400,2 Start Authentication Flow,49287,0,9.683,4,7,14,176,568,1013
1785911400,__ALL__,246429,0,13.885,5,16,25,226,636,1881
1785911400,4 Obtain authorization code,49286,0,15.354,5,9,25,343,809,1881
1785911700,5 Obtain access token,49407,0,8.848,5,8,15,94,300,1763
1785911700,3 Perform authentication,49408,0,25.133,13,22,51,261,1481,2085
1785911700,1 Send request to authorize endpoint,49405,0,11.530,5,9,23,170,459,1864
1785911700,2 Start Authentication Flow,49405,0,9.423,4,7,15,151,438,2050
1785911700,__ALL__,247031,0,13.882,5,15,26,190,755,2085
1785911700,4 Obtain authorization code,49406,0,14.474,5,9,28,269,649,2029
1785912000,5 Obtain access token,49535,0,8.199,5,8,13,90,302,880
1785912000,3 Perform authentication,49534,0,21.349,13,22,42,230,541,1201
1785912000,1 Send request to authorize endpoint,49535,0,10.704,5,9,18,168,501,1108
1785912000,2 Start Authentication Flow,49533,0,8.394,4,7,11,135,472,929
1785912000,__ALL__,247673,0,12.406,5,15,23,181,543,1315
1785912000,4 Obtain authorization code,49536,0,13.385,5,9,19,278,707,1315
1785912300,5 Obtain access token,49505,0,7.337,5,7,9,48,339,1571
1785912300,3 Perform authentication,49505,0,20.831,13,19,24,191,1295,1560
1785912300,1 Send request to authorize endpoint,49505,0,7.524,5,8,10,69,320,1567
1785912300,2 Start Authentication Flow,49507,0,5.496,4,6,7,47,221,580
1785912300,__ALL__,247527,0,10.012,5,14,17,86,460,1571
1785912300,4 Obtain authorization code,49505,0,8.872,5,8,9,128,378,867
1785912600,5 Obtain access token,49370,0,8.275,5,8,11,88,361,1104
1785912600,3 Perform authentication,49369,0,21.501,13,19,33,245,708,1292
1785912600,1 Send request to authorize endpoint,49371,0,10.830,5,8,14,159,615,1279
1785912600,2 Start Authentication Flow,49369,0,8.570,4,6,10,137,528,1315
1785912600,__ALL__,246848,0,12.538,5,15,20,182,651,1346
1785912600,4 Obtain authorization code,49369,0,13.516,5,8,14,280,786,1346
1785912900,5 Obtain access token,49290,0,10.492,5,9,27,145,404,749
1785912900,3 Perform authentication,49292,0,30.784,14,26,95,428,1254,1576
1785912900,1 Send request to authorize endpoint,49289,0,13.860,5,10,44,226,588,1567
1785912900,2 Start Authentication Flow,49290,0,10.657,4,8,30,181,474,1568
1785912900,__ALL__,246451,0,17.176,5,17,47,284,788,1581
1785912900,4 Obtain authorization code,49290,0,20.086,5,10,67,412,850,1581
1785913200,5 Obtain access token,49414,0,9.314,5,9,22,100,364,1327
1785913200,3 Perform authentication,49414,0,25.733,14,25,74,313,826,1606
1785913200,1 Send request to authorize endpoint,49412,0,12.316,5,10,34,174,605,1161
1785913200,2 Start Authentication Flow,49413,0,9.379,4,8,22,140,516,1747
1785913200,__ALL__,247068,0,14.706,5,17,35,207,696,1747
1785913200,4 Obtain authorization code,49415,0,16.787,5,10,45,320,884,1538
1785913500,5 Obtain access token,48683,0,18.879,5,10,39,363,1569,3677
1785913500,3 Perform authentication,48683,0,50.747,14,28,147,1073,2679,4861
1785913500,1 Send request to authorize endpoint,48685,0,28.338,5,11,75,618,1864,4119
1785913500,2 Start Authentication Flow,48685,0,24.304,4,8,51,553,1759,3330
1785913500,__ALL__,243418,0,33.446,6,18,80,766,2239,4861
1785913500,4 Obtain authorization code,48682,0,44.962,5,11,112,1212,2758,4747
1785913800,5 Obtain access token,49589,0,6.799,5,8,12,47,138,488
1785913800,3 Perform authentication,49587,0,18.347,13,20,34,141,282,491
1785913800,1 Send request to authorize endpoint,49590,0,8.154,5,8,14,86,242,441
1785913800,2 Start Authentication Flow,49587,0,6.171,4,6,10,69,196,418
1785913800,__ALL__,247942,0,9.744,5,15,20,98,258,605
1785913800,4 Obtain authorization code,49589,0,9.250,5,8,14,127,333,605
1785914100,5 Obtain access token,49540,0,9.125,5,8,14,102,412,1574
1785914100,3 Perform authentication,49541,0,24.155,13,20,47,273,1280,1574
1785914100,1 Send request to authorize endpoint,49540,0,10.488,5,8,20,158,413,1578
1785914100,2 Start Authentication Flow,49543,0,8.034,4,7,13,130,362,1574
1785914100,__ALL__,247705,0,12.988,5,15,23,197,541,1578
1785914100,4 Obtain authorization code,49541,0,13.140,5,8,23,297,498,1578
1785914400,5 Obtain access token,49557,0,5.671,5,7,8,18,73,182
1785914400,3 Perform authentication,49558,0,15.294,13,18,21,84,195,352
1785914400,1 Send request to authorize endpoint,49558,0,5.988,5,7,9,22,111,294
1785914400,2 Start Authentication Flow,49558,0,4.554,4,6,7,16,96,276
1785914400,__ALL__,247788,0,7.551,5,14,16,31,148,352
1785914400,4 Obtain authorization code,49557,0,6.248,5,7,8,39,167,335
1785914700,5 Obtain access token,48852,0,16.320,5,8,10,284,1752,4903
1785914700,3 Perform authentication,48851,0,47.444,13,19,26,1232,3268,5764
1785914700,1 Send request to authorize endpoint,48852,0,22.346,5,8,11,437,2558,4626
1785914700,2 Start Authentication Flow,48852,0,16.810,4,6,9,308,2101,4976
1785914700,__ALL__,244259,0,28.654,5,15,20,650,2914,5847
1785914700,4 Obtain authorization code,48852,0,40.353,5,8,11,1211,3732,5847
1785915000,5 Obtain access token,48670,0,17.624,5,8,18,377,1539,3997
1785915000,3 Perform authentication,48670,0,43.596,13,21,67,973,3047,5479
1785915000,1 Send request to authorize endpoint,48670,0,26.893,5,9,30,698,2399,5571
1785915000,2 Start Authentication Flow,48670,0,21.696,4,7,20,556,2150,4191
1785915000,__ALL__,243350,0,30.857,5,15,30,763,2853,7103
1785915000,4 Obtain authorization code,48670,0,44.477,5,8,37,1442,3687,7103
1785915300,5 Obtain access token,49320,0,7.517,5,7,9,77,282,1549
1785915300,3 Perform authentication,49320,0,23.735,13,19,23,343,1199,1544
1785915300,1 Send request to authorize endpoint,49317,0,9.221,5,8,10,135,480,1544
1785915300,2 Start Authentication Flow,49317,0,7.155,4,6,8,106,430,1093
1785915300,__ALL__,246594,0,12.093,5,14,17,177,750,1549
1785915300,4 Obtain authorization code,49320,0,12.839,5,7,9,267,851,1548
1785915600,5 Obtain access token,49531,0,8.241,5,7,9,91,430,1264
1785915600,3 Perform authentication,49531,0,23.209,13,18,23,355,1067,2344
1785915600,1 Send request to authorize endpoint,49531,0,10.520,5,8,9,169,737,1889
1785915600,2 Start Authentication Flow,49530,0,8.055,4,6,8,124,582,1792
1785915600,__ALL__,247653,0,13.064,5,14,17,206,896,2344
1785915600,4 Obtain authorization code,49530,0,15.293,5,7,9,352,1174,2317
1785915900,5 Obtain access token,49076,0,14.641,5,7,9,277,1502,3586
1785915900,3 Perform authentication,49076,0,40.554,13,18,23,1080,2752,4858
1785915900,1 Send request to authorize endpoint,49077,0,20.224,5,8,10,359,2450,5014
1785915900,2 Start Authentication Flow,49077,0,15.320,4,6,8,254,2033,4656
1785915900,__ALL__,245382,0,25.064,5,14,17,560,2597,5948
1785915900,4 Obtain authorization code,49076,0,34.581,5,7,9,1092,3284,5948
1785916200,5 Obtain access token,49285,0,9.534,5,7,9,125,648,1974
1785916200,3 Perform authentication,49287,0,26.990,13,19,23,493,1530,2642
1785916200,1 Send request to authorize endpoint,49286,0,13.142,5,8,10,238,1235,2739
1785916200,2 Start Authentication Flow,49284,0,10.285,4,6,8,169,1045,2927
1785916200,__ALL__,246428,0,16.100,5,14,17,289,1419,3687
1785916200,4 Obtain authorization code,49286,0,20.548,5,7,10,544,1868,3687
1785916500,5 Obtain access token,49447,0,6.880,5,7,9,54,222,1531
1785916500,3 Perform authentication,49448,0,21.275,13,19,24,235,1185,1537
1785916500,1 Send request to authorize endpoint,49448,0,8.037,5,8,10,85,388,1529
1785916500,2 Start Authentication Flow,49449,0,6.075,4,6,8,63,327,1526
1785916500,__ALL__,247239,0,10.455,5,14,17,111,597,1537
1785916500,4 Obtain authorization code,49447,0,10.009,5,7,10,171,610,1528
1785916800,5 Obtain access token,49443,0,7.672,5,9,12,70,235,721
1785916800,3 Perform authentication,49442,0,20.365,14,23,36,194,450,883
1785916800,1 Send request to authorize endpoint,49443,0,9.627,5,10,17,127,344,739
1785916800,2 Start Authentication Flow,49442,0,7.442,4,7,11,103,332,927
1785916800,__ALL__,247214,0,11.345,5,15,22,144,403,1077
1785916800,4 Obtain authorization code,49444,0,11.619,5,10,17,206,536,1077
1785917100,5 Obtain access token,49534,0,5.837,5,7,8,15,139,352
1785917100,3 Perform authentication,49533,0,18.694,13,18,21,40,1328,1555
1785917100,1 Send request to authorize endpoint,49533,0,6.206,5,7,9,16,191,1546
1785917100,2 Start Authentication Flow,49536,0,4.654,4,6,7,12,128,1546
1785917100,__ALL__,247669,0,8.365,5,14,16,25,344,1555
1785917100,4 Obtain authorization code,49533,0,6.434,5,7,8,16,285,1547
1785917400,5 Obtain access token,49608,0,5.912,5,7,9,17,108,445
1785917400,3 Perform authentication,49612,0,15.601,13,19,24,49,249,560
1785917400,1 Send request to authorize endpoint,49608,0,6.439,5,8,10,24,171,546
1785917400,2 Start Authentication Flow,49607,0,4.840,4,6,8,16,136,516
1785917400,__ALL__,248044,0,7.881,5,14,17,32,195,723
1785917400,4 Obtain authorization code,49609,0,6.615,5,7,9,25,283,723
1785917700,5 Obtain access token,49694,0,7.456,5,8,10,58,308,1580
1785917700,3 Perform authentication,49691,0,22.237,13,20,26,227,1334,1586
1785917700,1 Send request to authorize endpoint,49694,0,8.190,5,8,11,92,339,1582
1785917700,2 Start Authentication Flow,49695,0,6.102,4,6,8,61,263,1583
1785917700,__ALL__,248467,0,10.832,5,14,18,109,679,1586
1785917700,4 Obtain authorization code,49693,0,10.179,5,8,10,174,637,1583
1785918000,5 Obtain access token,49784,0,5.319,5,7,8,11,19,45
1785918000,3 Perform authentication,49784,0,13.767,13,17,20,26,47,90
1785918000,1 Send request to authorize endpoint,49785,0,5.435,5,7,8,11,19,39
1785918000,2 Start Authentication Flow,49783,0,4.108,4,5,6,9,14,46
1785918000,__ALL__,248922,0,6.777,5,13,15,20,32,90
1785918000,4 Obtain authorization code,49786,0,5.254,5,7,8,10,18,45
1785918300,5 Obtain access token,49508,0,6.376,5,7,9,36,150,1571
1785918300,3 Perform authentication,49505,0,20.598,13,19,24,179,1252,1582
1785918300,1 Send request to authorize endpoint,49508,0,7.253,5,8,10,57,268,730
1785918300,2 Start Authentication Flow,49509,0,5.498,4,6,7,43,215,718
1785918300,__ALL__,247535,0,9.661,5,14,17,72,489,1582
1785918300,4 Obtain authorization code,49505,0,8.580,5,8,10,115,426,1573
1785918600,5 Obtain access token,49456,0,6.331,5,7,9,33,148,572
1785918600,3 Perform authentication,49459,0,17.386,13,20,25,132,429,740
1785918600,1 Send request to authorize endpoint,49456,0,7.217,5,8,10,50,282,807
1785918600,2 Start Authentication Flow,49455,0,5.425,4,6,8,35,233,683
1785918600,__ALL__,247283,0,8.908,5,14,17,59,345,897
1785918600,4 Obtain authorization code,49457,0,8.179,5,8,10,89,455,897
1785918900,5 Obtain access token,49370,0,8.433,5,8,11,84,418,1573
1785918900,3 Perform authentication,49369,0,23.838,13,21,31,312,1273,1583
1785918900,1 Send request to authorize endpoint,49368,0,9.348,5,8,12,132,471,1574
1785918900,2 Start Authentication Flow,49368,0,6.896,4,6,9,92,341,1572
1785918900,__ALL__,246844,0,12.160,5,15,19,166,731,1583
1785918900,4 Obtain authorization code,49369,0,12.284,5,8,12,288,755,1574
1785919200,5 Obtain access token,49413,0,7.902,5,7,9,65,495,1715
1785919200,3 Perform authentication,49412,0,21.917,13,19,25,240,1165,2130
1785919200,1 Send request to authorize endpoint,49415,0,9.943,5,8,10,122,807,2247
1785919200,2 Start Authentication Flow,49416,0,7.558,4,6,8,87,613,1998
1785919200,__ALL__,247069,0,12.352,5,14,17,137,1063,2685
1785919200,4 Obtain authorization code,49413,0,14.442,5,8,10,266,1408,2685
1785919500,5 Obtain access token,49181,0,12.029,5,8,10,192,1058,2760
1785919500,3 Perform authentication,49183,0,35.887,13,20,29,835,2121,4159
1785919500,1 Send request to authorize endpoint,49180,0,15.994,5,8,12,296,1515,3600
1785919500,2 Start Authentication Flow,49179,0,11.914,4,6,9,205,1289,3167
1785919500,__ALL__,245906,0,20.526,5,15,19,434,1840,4159
1785919500,4 Obtain authorization code,49183,0,26.803,5,8,12,734,2443,4120
1785919800,5 Obtain access token,49368,0,7.876,5,8,9,74,428,1244
1785919800,3 Perform authentication,49368,0,22.606,13,20,25,314,1003,1760
1785919800,1 Send request to authorize endpoint,49367,0,9.883,5,8,11,130,671,1697
1785919800,2 Start Authentication Flow,49367,0,7.751,4,6,8,115,607,1346
1785919800,__ALL__,246836,0,12.394,5,14,18,167,855,2048
1785919800,4 Obtain authorization code,49366,0,13.852,5,8,11,302,1041,2048
1785920100,5 Obtain access token,49292,0,9.600,5,8,12,133,469,1598
1785920100,3 Perform authentication,49290,0,30.688,13,21,36,556,1411,1876
1785920100,1 Send request to authorize endpoint,49294,0,12.880,5,9,15,229,787,1796
1785920100,2 Start Authentication Flow,49295,0,9.899,4,6,10,172,667,1862
1785920100,__ALL__,246464,0,16.416,5,15,22,304,1042,1876
1785920100,4 Obtain authorization code,49293,0,19.014,5,8,16,447,1124,1770
1785920400,5 Obtain access token,49671,0,5.331,5,7,8,11,27,68
1785920400,3 Perform authentication,49674,0,14.041,13,18,20,29,65,138
1785920400,1 Send request to authorize endpoint,49670,0,5.481,5,7,8,12,31,67
1785920400,2 Start Authentication Flow,49667,0,4.144,4,6,6,9,24,48
1785920400,__ALL__,248352,0,6.890,5,13,15,21,37,138
1785920400,4 Obtain authorization code,49670,0,5.452,5,7,8,12,30,53
1785920700,5 Obtain access token,48984,0,12.603,5,8,12,207,987,2708
1785920700,3 Perform authentication,48980,0,37.575,13,21,35,825,1972,3053
1785920700,1 Send request to authorize endpoint,48984,0,16.896,5,8,15,319,1442,3424
1785920700,2 Start Authentication Flow,48988,0,13.060,4,6,10,249,1282,2683
1785920700,__ALL__,244920,0,21.887,5,15,22,459,1838,3744
1785920700,4 Obtain authorization code,48984,0,29.305,5,8,15,755,2439,3744
1785921000,5 Obtain access token,48932,0,16.301,5,8,10,301,1690,4383
1785921000,3 Perform authentication,48937,0,42.501,13,20,28,1061,3491,6078
1785921000,1 Send request to authorize endpoint,48930,0,24.800,5,8,12,583,2842,5607
1785921000,2 Start Authentication Flow,48929,0,19.273,4,6,9,362,2530,4857
1785921000,__ALL__,244661,0,28.929,5,15,19,713,3224,7085
1785921000,4 Obtain authorization code,48933,0,41.767,5,8,11,1493,4058,7085
1785921300,5 Obtain access token,49126,0,10.598,5,8,16,155,573,1579
1785921300,3 Perform authentication,49124,0,32.719,14,23,46,606,1417,1951
1785921300,1 Send request to authorize endpoint,49128,0,14.027,5,9,20,253,828,1641
1785921300,2 Start Authentication Flow,49129,0,10.799,4,7,14,192,698,1649
1785921300,__ALL__,245632,0,17.973,5,16,27,341,1134,2154
1785921300,4 Obtain authorization code,49125,0,21.724,5,9,25,515,1294,2154
1785921600,5 Obtain access token,49485,0,8.131,5,8,11,81,375,1124
1785921600,3 Perform authentication,49485,0,22.696,14,22,33,290,814,1351
1785921600,1 Send request to authorize endpoint,49486,0,10.190,5,9,14,144,557,1212
1785921600,2 Start Authentication Flow,49484,0,8.050,4,7,9,114,600,1294
1785921600,__ALL__,247427,0,12.655,5,15,20,176,727,1561
1785921600,4 Obtain authorization code,49487,0,14.209,5,9,14,288,1008,1561
1785921900,5 Obtain access token,49101,0,11.770,5,8,11,173,975,2245
1785921900,3 Perform authentication,49100,0,35.478,13,22,35,793,1964,3646
1785921900,1 Send request to authorize endpoint,49099,0,16.568,5,9,14,303,1719,4724
1785921900,2 Start Authentication Flow,49101,0,12.146,4,7,10,211,1265,3401
1785921900,__ALL__,245501,0,20.450,5,15,21,402,1873,4724
1785921900,4 Obtain authorization code,49100,0,26.286,5,9,14,694,2424,3893
1785922200,5 Obtain access token,49617,0,5.319,5,7,8,11,21,41
1785922200,3 Perform authentication,49619,0,13.989,13,18,21,30,46,62
1785922200,1 Send request to authorize endpoint,49618,0,5.513,5,7,9,13,32,41
1785922200,2 Start Authentication Flow,49617,0,4.145,4,6,7,10,20,44
1785922200,__ALL__,248089,0,6.893,5,13,15,21,37,62
1785922200,4 Obtain authorization code,49618,0,5.496,5,7,8,13,27,50
1785922500,5 Obtain access token,48534,0,18.248,5,8,11,359,1885,5495
1785922500,3 Perform authentication,48531,0,47.987,13,21,34,1238,3438,6307
1785922500,1 Send request to authorize endpoint,48533,0,27.617,5,9,14,708,2955,5167
1785922500,2 Start Authentication Flow,48531,0,22.379,4,7,10,455,2977,7147
1785922500,__ALL__,242661,0,32.607,5,15,21,888,3447,7147
1785922500,4 Obtain authorization code,48532,0,46.802,5,9,14,1577,4655,7096
1785922800,5 Obtain access token,48915,0,15.331,5,8,10,271,1644,4043
1785922800,3 Perform authentication,48916,0,39.337,14,21,30,972,3184,5130
1785922800,1 Send request to authorize endpoint,48917,0,23.223,5,9,12,517,2575,6381
1785922800,2 Start Authentication Flow,48920,0,17.907,4,6,9,347,2435,5094
1785922800,__ALL__,244583,0,26.596,5,15,19,610,2892,6381
1785922800,4 Obtain authorization code,48915,0,37.184,5,9,12,1275,3741,6059
1785923100,5 Obtain access token,49044,0,12.864,5,8,14,225,860,2430
1785923100,3 Perform authentication,49042,0,37.654,14,23,43,803,1722,2857
1785923100,1 Send request to authorize endpoint,49044,0,17.923,5,9,19,348,1385,3404
1785923100,2 Start Authentication Flow,49043,0,13.572,4,7,12,257,1193,2954
1785923100,__ALL__,245217,0,22.178,5,16,26,469,1593,3404
1785923100,4 Obtain authorization code,49044,0,28.877,5,9,20,740,1982,3074
1785923400,5 Obtain access token,48908,0,14.754,5,8,11,237,1502,3658
1785923400,3 Perform authentication,48909,0,39.372,14,22,32,867,2854,4961
1785923400,1 Send request to authorize endpoint,48907,0,21.799,5,9,14,435,2590,4981
1785923400,2 Start Authentication Flow,48908,0,16.942,4,7,10,320,2037,5290
1785923400,__ALL__,244540,0,25.970,5,15,21,582,2680,6621
1785923400,4 Obtain authorization code,48908,0,36.986,5,9,14,1100,3484,6621
1785923700,5 Obtain access token,48357,0,21.105,5,8,11,504,2138,5071
1785923700,3 Perform authentication,48358,0,51.524,13,21,33,1351,3509,8486
1785923700,1 Send request to authorize endpoint,48358,0,35.241,5,8,13,1105,3418,7554
1785923700,2 Start Authentication Flow,48358,0,30.362,4,6,9,950,3429,6595
1785923700,__ALL__,241789,0,38.444,5,15,21,1142,3777,8486
1785923700,4 Obtain authorization code,48358,0,53.986,5,8,14,1933,4757,7183
1785924000,5 Obtain access token,49739,0,5.329,5,7,8,11,17,53
1785924000,3 Perform authentication,49744,0,14.057,13,18,20,27,45,68
1785924000,1 Send request to authorize endpoint,49736,0,5.472,5,7,8,11,19,43
1785924000,2 Start Authentication Flow,49734,0,4.121,4,6,6,9,14,41
1785924000,__ALL__,248695,0,6.897,5,13,15,20,33,68
1785924000,4 Obtain authorization code,49742,0,5.504,5,7,8,11,23,47
1785924300,5 Obtain access token,49702,0,6.423,5,8,10,18,132,1601
1785924300,3 Perform authentication,49698,0,19.481,14,20,24,45,1268,1600
1785924300,1 Send request to authorize endpoint,49705,0,6.882,5,9,10,24,191,402
1785924300,2 Start Authentication Flow,49706,0,5.314,4,7,8,16,178,370
1785924300,__ALL__,248510,0,9.151,6,14,17,32,435,1601
1785924300,4 Obtain authorization code,49699,0,7.654,5,8,10,24,393,1599
1785924600,5 Obtain access token,49589,0,6.179,6,8,10,16,32,65
1785924600,3 Perform authentication,49589,0,15.330,14,20,24,41,72,130
1785924600,1 Send request to authorize endpoint,49589,0,6.493,6,9,11,20,43,100
1785924600,2 Start Authentication Flow,49589,0,4.941,4,7,9,14,31,67
1785924600,__ALL__,247945,0,7.858,6,15,17,26,55,130
1785924600,4 Obtain authorization code,49589,0,6.348,6,9,11,20,46,95
1785924900,5 Obtain access token,48818,0,15.609,5,10,47,276,795,1608
1785924900,3 Perform authentication,48816,0,45.227,14,26,188,830,1659,2754
1785924900,1 Send request to authorize endpoint,48815,0,22.161,5,11,83,421,1218,3116
1785924900,2 Start Authentication Flow,48816,0,17.230,4,8,56,325,1116,2321
1785924900,__ALL__,244083,0,27.555,6,18,91,575,1500,3357
1785924900,4 Obtain authorization code,48818,0,37.547,5,10,178,884,1798,3357
1785925200,5 Obtain access token,49800,0,5.760,5,8,9,12,25,213
1785925200,3 Perform authentication,49801,0,14.620,14,19,21,32,99,246
1785925200,1 Send request to authorize endpoint,49801,0,5.839,5,8,9,13,30,216
1785925200,2 Start Authentication Flow,49801,0,4.468,4,6,7,11,26,214
1785925200,__ALL__,249003,0,7.286,5,14,16,22,47,246
1785925200,4 Obtain authorization code,49800,0,5.741,5,8,9,13,32,216
1785925500,5 Obtain access token,49542,0,6.632,5,7,9,18,272,508
1785925500,3 Perform authentication,49541,0,19.576,13,18,21,48,1375,1611
1785925500,1 Send request to authorize endpoint,49544,0,6.777,5,8,9,21,252,1601
1785925500,2 Start Authentication Flow,49543,0,5.098,4,6,7,16,183,599
1785925500,__ALL__,247712,0,9.233,5,14,16,29,581,1611
1785925500,4 Obtain authorization code,49542,0,8.083,5,7,9,21,584,1606
1785925800,5 Obtain access token,49626,0,5.628,5,7,8,11,21,40
1785925800,3 Perform authentication,49628,0,14.349,14,18,20,27,46,80
1785925800,1 Send request to authorize endpoint,49626,0,5.768,5,8,9,12,23,50
1785925800,2 Start Authentication Flow,49627,0,4.397,4,6,7,10,17,36
1785925800,__ALL__,248134,0,7.164,5,14,16,21,33,80
1785925800,4 Obtain authorization code,49627,0,5.676,5,8,9,12,21,42
1785926100,5 Obtain access token,49554,0,6.728,5,7,9,17,299,1571
1785926100,3 Perform authentication,49554,0,19.390,14,19,21,43,1312,1578
1785926100,1 Send request to authorize endpoint,49554,0,6.768,5,8,9,17,240,1573
1785926100,2 Start Authentication Flow,49553,0,5.015,4,6,7,13,149,1571
1785926100,__ALL__,247769,0,9.221,5,14,16,28,555,1578
1785926100,4 Obtain authorization code,49554,0,8.204,5,8,9,17,496,866
1785926400,5 Obtain access token,49650,0,5.514,5,7,8,12,22,48
1785926400,3 Perform authentication,49648,0,14.280,13,18,21,30,47,71
1785926400,1 Send request to authorize endpoint,49650,0,5.654,5,8,9,13,29,50
1785926400,2 Start Authentication Flow,49648,0,4.276,4,6,7,10,17,39
1785926400,__ALL__,248245,0,7.071,5,14,16,22,36,71
1785926400,4 Obtain authorization code,49649,0,5.631,5,7,9,13,31,50
1785926700,5 Obtain access token,49510,0,6.892,5,7,8,19,355,1575
1785926700,3 Perform authentication,49509,0,19.595,13,19,21,65,1275,1586
1785926700,1 Send request to authorize endpoint,49509,0,6.974,5,8,9,26,283,1578
1785926700,2 Start Authentication Flow,49511,0,5.080,4,6,7,17,170,1574
1785926700,__ALL__,247548,0,9.306,5,14,16,31,528,1586
1785926700,4 Obtain authorization code,49509,0,7.990,5,8,9,32,502,1576
1785927000,5 Obtain access token,49628,0,6.869,5,8,9,34,260,1019
1785927000,3 Perform authentication,49632,0,18.402,14,20,24,145,656,1626
1785927000,1 Send request to authorize endpoint,49629,0,7.794,5,8,10,56,370,1435
1785927000,2 Start Authentication Flow,49630,0,6.071,4,6,8,41,324,1314
1785927000,__ALL__,248150,0,9.798,5,14,17,61,530,1626
1785927000,4 Obtain authorization code,49631,0,9.851,5,8,10,114,763,1620
1785927300,5 Obtain access token,49089,0,12.032,5,9,12,195,933,3359
1785927300,3 Perform authentication,49085,0,34.416,14,22,34,719,1894,3460
1785927300,1 Send request to authorize endpoint,49088,0,15.897,5,9,15,285,1556,3504
1785927300,2 Start Authentication Flow,49088,0,12.176,4,7,10,218,1249,3137
1785927300,__ALL__,245436,0,20.121,6,15,22,374,1736,3849
1785927300,4 Obtain authorization code,49086,0,26.083,6,9,15,642,2348,3849
1785927600,5 Obtain access token,49138,0,12.763,6,10,15,186,845,2508
1785927600,3 Perform authentication,49139,0,36.034,14,23,42,659,2050,3589
1785927600,1 Send request to authorize endpoint,49136,0,17.855,6,11,19,317,1561,3047
1785927600,2 Start Authentication Flow,49136,0,14.177,5,8,14,255,1357,3431
1785927600,__ALL__,245687,0,21.889,6,17,25,420,1835,3880
1785927600,4 Obtain authorization code,49138,0,28.616,6,10,20,714,2285,3880
1785927900,5 Obtain access token,49110,0,12.520,6,11,23,172,655,1694
1785927900,3 Perform authentication,49113,0,36.620,15,25,88,664,1407,2163
1785927900,1 Send request to authorize endpoint,49111,0,16.538,6,12,35,276,843,2061
1785927900,2 Start Authentication Flow,49111,0,13.067,5,9,24,213,839,1818
1785927900,__ALL__,245557,0,20.812,6,18,38,392,1180,2163
1785927900,4 Obtain authorization code,49112,0,25.314,6,12,56,578,1375,2145
1785928200,5 Obtain access token,48304,0,21.301,6,10,13,497,2193,4542
1785928200,3 Perform authentication,48301,0,48.647,15,22,31,1250,3625,6761
1785928200,1 Send request to authorize endpoint,48305,0,34.761,6,11,15,1089,3403,6369
1785928200,2 Start Authentication Flow,48304,0,28.554,5,8,12,883,3037,7013
1785928200,__ALL__,241517,0,37.432,6,16,21,1097,3667,7468
1785928200,4 Obtain authorization code,48303,0,53.900,6,10,15,1971,4762,7468
1785928500,5 Obtain access token,49635,0,7.055,5,8,9,16,306,1558
1785928500,3 Perform authentication,49636,0,18.727,13,18,21,39,1233,1552
1785928500,1 Send request to authorize endpoint,49635,0,6.866,5,8,10,18,239,543
1785928500,2 Start Authentication Flow,49636,0,5.150,4,6,8,14,152,1554
1785928500,__ALL__,248177,0,9.200,6,14,16,27,482,1558
1785928500,4 Obtain authorization code,49635,0,8.204,6,8,9,21,510,1553
1785928800,5 Obtain access token,48470,0,21.311,5,9,12,501,2311,4655
1785928800,3 Perform authentication,48470,0,47.090,14,22,33,1216,3563,5713
1785928800,1 Send request to authorize endpoint,48470,0,33.688,5,10,15,1064,3277,7911
1785928800,2 Start Authentication Flow,48470,0,28.108,4,7,11,888,3115,6046
1785928800,__ALL__,242351,0,36.815,6,15,22,1098,3637,7911
1785928800,4 Obtain authorization code,48471,0,53.876,6,10,15,1896,4721,7899
1785929100,5 Obtain access token,48879,0,15.180,5,9,25,256,1220,2489
1785929100,3 Perform authentication,48878,0,43.219,14,24,120,885,2070,3658
1785929100,1 Send request to authorize endpoint,48880,0,22.382,5,10,39,514,1558,4549
1785929100,2 Start Authentication Flow,48880,0,17.867,4,7,30,411,1435,3589
1785929100,__ALL__,244395,0,26.810,5,17,44,615,1826,4549
1785929100,4 Obtain authorization code,48878,0,35.405,5,10,81,917,2337,4478
1785929400,5 Obtain access token,48878,0,15.232,5,8,13,267,1495,4806
1785929400,3 Perform authentication,48883,0,40.110,14,23,38,900,2653,5892
1785929400,1 Send request to authorize endpoint,48878,0,22.457,5,9,17,466,2305,5203
1785929400,2 Start Authentication Flow,48877,0,17.627,4,7,11,347,2082,4079
1785929400,__ALL__,244394,0,26.522,5,16,23,610,2527,5892
1785929400,4 Obtain authorization code,48878,0,37.179,5,9,17,1085,3205,5073
1785929700,5 Obtain access token,48301,0,21.384,5,8,11,435,2530,5933
1785929700,3 Perform authentication,48297,0,55.458,14,21,30,1467,4490,7475
1785929700,1 Send request to authorize endpoint,48300,0,33.540,5,9,13,923,3877,6818
1785929700,2 Start Authentication Flow,48301,0,26.145,4,7,9,458,3759,8155
1785929700,__ALL__,241501,0,39.374,5,15,21,1130,4490,8348
1785929700,4 Obtain authorization code,48302,0,60.341,5,9,13,2309,5783,8348
1785930000,5 Obtain access token,49462,0,5.468,5,7,9,13,30,50
1785930000,3 Perform authentication,49468,0,14.479,13,19,22,38,63,102
1785930000,1 Send request to authorize endpoint,49463,0,5.756,5,8,10,17,39,70
1785930000,2 Start Authentication Flow,49461,0,4.266,4,6,7,11,28,44
1785930000,__ALL__,247319,0,7.157,5,14,16,24,49,102
1785930000,4 Obtain authorization code,49465,0,5.816,5,8,10,17,41,79
1785930300,5 Obtain access token,48378,0,20.649,5,8,16,451,1960,3832
1785930300,3 Perform authentication,48373,0,53.272,13,21,54,1227,3322,6054
1785930300,1 Send request to authorize endpoint,48378,0,32.564,5,8,25,844,3175,5632
1785930300,2 Start Authentication Flow,48379,0,25.137,4,7,16,629,2680,4756
1785930300,__ALL__,241883,0,37.367,5,15,29,1012,3322,6672
1785930300,4 Obtain authorization code,48375,0,55.216,5,9,34,1684,4274,6672
1785930600,5 Obtain access token,48690,0,16.559,5,8,12,313,1654,5210
1785930600,3 Perform authentication,48689,0,43.961,14,23,35,1023,3186,5971
1785930600,1 Send request to authorize endpoint,48690,0,25.138,5,10,16,599,2575,5562
1785930600,2 Start Authentication Flow,48690,0,19.151,4,7,11,370,2444,4869
1785930600,__ALL__,243448,0,29.766,6,16,23,704,3086,6575
1785930600,4 Obtain authorization code,48689,0,44.020,5,10,16,1415,4041,6575
1785930900,5 Obtain access token,48963,0,13.473,5,9,22,225,915,2742
1785930900,3 Perform authentication,48964,0,42.864,14,25,74,909,1983,3816
1785930900,1 Send request to authorize endpoint,48962,0,19.799,5,11,34,378,1563,3362
1785930900,2 Start Authentication Flow,48961,0,15.885,4,8,24,300,1448,3321
1785930900,__ALL__,244813,0,25.136,6,17,37,543,1829,4516
1785930900,4 Obtain authorization code,48963,0,33.659,5,11,50,846,2490,4516
1785931200,5 Obtain access token,48494,0,21.491,5,8,11,505,2264,5624
1785931200,3 Perform authentication,48492,0,48.681,14,22,32,1246,3867,6680
1785931200,1 Send request to authorize endpoint,48495,0,33.205,5,9,14,961,3569,6631
1785931200,2 Start Authentication Flow,48495,0,26.903,4,7,10,800,2931,6612
1785931200,__ALL__,242470,0,36.606,5,15,21,1073,3757,7498
1785931200,4 Obtain authorization code,48494,0,52.752,5,10,15,1916,4726,7498
1785931500,5 Obtain access token,49693,0,6.564,5,7,8,14,344,960
1785931500,3 Perform authentication,49694,0,19.184,13,18,20,40,1305,1585
1785931500,1 Send request to authorize endpoint,49691,0,6.571,5,7,8,16,277,611
1785931500,2 Start Authentication Flow,49690,0,4.732,4,6,7,12,163,471
1785931500,__ALL__,248460,0,9.005,5,13,16,26,541,1586
1785931500,4 Obtain authorization code,49692,0,7.975,5,7,8,15,535,1586
1785931800,5 Obtain access token,48642,0,19.530,5,10,21,371,1838,5416
1785931800,3 Perform authentication,48641,0,52.683,14,29,63,1165,3332,5595
1785931800,1 Send request to authorize endpoint,48642,0,28.859,6,13,31,641,2573,4843
1785931800,2 Start Authentication Flow,48644,0,22.475,4,9,21,501,2189,6274
1785931800,__ALL__,243211,0,35.019,6,18,39,806,3051,6833
1785931800,4 Obtain authorization code,48642,0,51.548,6,13,36,1440,3987,6833
1785932100,5 Obtain access token,48873,0,16.493,5,10,19,285,1393,4189
1785932100,3 Perform authentication,48873,0,48.440,14,27,59,1081,2704,4827
1785932100,1 Send request to authorize endpoint,48873,0,23.543,6,12,30,455,2120,3609
1785932100,2 Start Authentication Flow,48873,0,18.159,4,8,18,377,1739,4605
1785932100,__ALL__,244365,0,29.598,6,18,35,686,2394,4902
1785932100,4 Obtain authorization code,48873,0,41.355,6,12,34,1161,3020,4902
1785932400,5 Obtain access token,48586,0,20.636,5,10,14,446,2367,5686
1785932400,3 Perform authentication,48586,0,49.313,14,28,42,1238,3936,6221
1785932400,1 Send request to authorize endpoint,48587,0,32.425,5,12,21,993,3510,6656
1785932400,2 Start Authentication Flow,48586,0,27.161,4,8,13,700,3361,7607
1785932400,__ALL__,242931,0,37.200,6,17,26,1045,4041,8702
1785932400,4 Obtain authorization code,48586,0,56.465,5,12,22,2072,5444,8702
1785932700,5 Obtain access token,49724,0,6.010,5,7,8,14,192,1568
1785932700,3 Perform authentication,49725,0,18.900,13,18,21,36,1295,1576
1785932700,1 Send request to authorize endpoint,49725,0,6.430,5,8,9,16,225,1563
1785932700,2 Start Authentication Flow,49725,0,4.795,4,6,7,12,167,1563
1785932700,__ALL__,248625,0,8.827,5,14,16,26,525,1576
1785932700,4 Obtain authorization code,49726,0,7.998,5,8,9,16,574,1564
1785933000,5 Obtain access token,48547,0,19.608,5,9,13,417,2106,5097
1785933000,3 Perform authentication,48546,0,47.056,14,25,36,1148,3678,6515
1785933000,1 Send request to authorize endpoint,48544,0,30.881,6,11,17,955,3081,6391
1785933000,2 Start Authentication Flow,48546,0,26.469,4,8,11,796,3017,6271
1785933000,__ALL__,242728,0,34.830,6,16,24,976,3548,7009
1785933000,4 Obtain authorization code,48545,0,50.139,6,11,17,1779,4588,7009
1785933300,5 Obtain access token,48714,0,16.625,5,10,38,306,969,2487
1785933300,3 Perform authentication,48717,0,47.899,14,29,168,980,1882,2773
1785933300,1 Send request to authorize endpoint,48717,0,23.468,6,13,71,465,1400,2762
1785933300,2 Start Authentication Flow,48716,0,17.791,4,9,47,360,1208,2708
1785933300,__ALL__,243580,0,29.277,6,19,74,621,1710,4362
1785933300,4 Obtain authorization code,48716,0,40.601,6,14,165,995,2179,4362
1785933600,5 Obtain access token,48418,0,19.759,5,9,14,429,1957,4160
1785933600,3 Perform authentication,48418,0,49.157,14,24,42,1192,3212,6035
1785933600,1 Send request to authorize endpoint,48417,0,29.905,5,10,19,774,2878,5586
1785933600,2 Start Authentication Flow,48417,0,23.677,4,7,13,551,2758,5558
1785933600,__ALL__,242088,0,34.704,5,16,27,918,3208,7293
1785933600,4 Obtain authorization code,48418,0,51.023,5,10,21,1624,4146,7293
1785933900,5 Obtain access token,49595,0,5.983,5,7,8,16,132,1581
1785933900,3 Perform authentication,49592,0,19.214,14,19,22,45,1350,1592
1785933900,1 Send request to authorize endpoint,49595,0,6.493,5,8,9,20,202,1583
1785933900,2 Start Authentication Flow,49594,0,4.797,4,6,7,14,159,487
1785933900,__ALL__,247969,0,8.728,5,14,16,30,398,1592
1785933900,4 Obtain authorization code,49593,0,7.154,5,8,9,25,369,639
1785934200,5 Obtain access token,48694,0,19.936,5,9,12,409,2063,8018
1785934200,3 Perform authentication,48694,0,45.790,14,25,35,1093,3578,6853
1785934200,1 Send request to authorize endpoint,48694,0,31.167,6,11,17,920,3304,7669
1785934200,2 Start Authentication Flow,48696,0,24.643,4,8,11,592,3106,6519
1785934200,__ALL__,243473,0,34.466,6,16,23,946,3669,9051
1785934200,4 Obtain authorization code,48695,0,50.792,6,11,17,1856,4647,9051
1785934500,5 Obtain access token,48805,0,13.715,5,10,26,208,923,2534
1785934500,3 Perform authentication,48805,0,42.881,14,27,128,856,1905,3461
1785934500,1 Send request to authorize endpoint,48806,0,20.093,5,12,43,374,1377,3233
1785934500,2 Start Authentication Flow,48806,0,15.843,4,8,31,302,1316,2694
1785934500,__ALL__,244026,0,25.193,6,18,47,517,1661,3461
1785934500,4 Obtain authorization code,48804,0,33.432,6,12,92,777,2111,3282
1785934800,5 Obtain access token,48738,0,11.683,5,8,11,174,983,2230
1785934800,3 Perform authentication,49083,0,34.949,14,23,34,762,1926,3139
1785934800,1 Send request to authorize endpoint,48627,0,14.714,5,9,14,285,1296,2935
1785934800,2 Start Authentication Flow,48568,0,11.720,4,7,9,203,1310,3063
1785934800,__ALL__,243832,0,19.704,5,15,20,424,1690,3776
1785934800,4 Obtain authorization code,48816,0,25.296,5,9,15,750,2138,3776
1785935100,5 Obtain access token,48740,0,21.692,5,8,11,471,2296,5348
1785935100,3 Perform authentication,48395,0,52.183,14,21,26,1425,3773,6627
1785935100,1 Send request to authorize endpoint,48851,0,34.843,5,9,13,1038,3304,7054
1785935100,2 Start Authentication Flow,48910,0,26.756,4,7,9,686,2950,6565
1785935100,__ALL__,243558,0,38.747,5,15,21,1145,3679,7381
1785935100,4 Obtain authorization code,48662,0,58.438,5,9,12,2014,4536,7381
1785935400,5 Obtain access token,48562,0,18.511,5,11,44,331,1317,3684
1785935400,3 Perform authentication,48562,0,50.865,15,32,184,971,2353,4176
1785935400,1 Send request to authorize endpoint,48562,0,26.372,6,14,83,531,1764,4298
1785935400,2 Start Authentication Flow,48562,0,21.413,4,9,58,436,1735,3698
1785935400,__ALL__,242811,0,32.711,6,20,87,714,2193,5318
1785935400,4 Obtain authorization code,48563,0,46.395,6,15,179,1136,2738,5318
1785935700,5 Obtain access token,48496,0,19.018,5,16,75,322,939,2131
1785935700,3 Perform authentication,48497,0,57.867,14,52,307,966,1707,2652
1785935700,1 Send request to authorize endpoint,48495,0,29.613,6,21,146,562,1378,2622
1785935700,2 Start Authentication Flow,48493,0,23.448,4,15,111,475,1228,2240
1785935700,__ALL__,242478,0,36.096,6,28,168,736,1601,3077
1785935700,4 Obtain authorization code,48497,0,50.533,6,27,310,1031,1935,3077
1785936000,5 Obtain access token,49543,0,5.602,5,8,9,14,32,67
1785936000,3 Perform authentication,49544,0,15.126,13,21,26,43,62,86
1785936000,1 Send request to authorize endpoint,49540,0,6.002,5,8,11,20,39,70
1785936000,2 Start Authentication Flow,49535,0,4.404,4,6,8,13,32,67
1785936000,__ALL__,247706,0,7.440,5,14,17,28,51,86
1785936000,4 Obtain authorization code,49544,0,6.064,5,8,11,21,41,73
1785936300,5 Obtain access token,48254,0,21.947,5,8,17,454,2030,4696
1785936300,3 Perform authentication,48253,0,56.427,13,22,56,1308,3719,7588
1785936300,1 Send request to authorize endpoint,48257,0,35.190,5,9,25,964,3354,6537
1785936300,2 Start Authentication Flow,48264,0,26.308,4,7,16,605,2979,5270
1785936300,__ALL__,241280,0,40.082,5,16,30,1066,3730,7588
1785936300,4 Obtain authorization code,48252,0,60.542,5,9,32,1940,4680,7468
1785936600,5 Obtain access token,48606,0,17.466,5,10,28,319,1283,3601
1785936600,3 Perform authentication,48608,0,49.009,14,30,104,1039,2594,4215
1785936600,1 Send request to authorize endpoint,48605,0,26.387,5,13,42,559,2072,4993
1785936600,2 Start Authentication Flow,48604,0,19.976,4,9,31,437,1687,3582
1785936600,__ALL__,243031,0,31.757,6,18,49,728,2401,5233
1785936600,4 Obtain authorization code,48608,0,45.947,5,13,81,1251,3064,5233
1785936900,5 Obtain access token,48451,0,18.674,5,9,17,376,1652,3855
1785936900,3 Perform authentication,48452,0,51.278,14,26,51,1182,2950,5579
1785936900,1 Send request to authorize endpoint,48449,0,27.878,5,11,26,673,2556,4947
1785936900,2 Start Authentication Flow,48450,0,21.543,4,8,16,476,2232,6282
1785936900,__ALL__,242252,0,33.364,5,17,34,844,2789,6282
1785936900,4 Obtain authorization code,48450,0,47.449,5,11,30,1389,3512,5842
1785937200,5 Obtain access token,48674,0,17.850,5,9,14,307,2048,6599
1785937200,3 Perform authentication,48670,0,43.692,14,25,42,1064,3388,6971
1785937200,1 Send request to authorize endpoint,48676,0,24.350,5,11,21,515,2741,4993
1785937200,2 Start Authentication Flow,48675,0,18.674,4,8,12,322,2650,4996
1785937200,__ALL__,243367,0,30.045,5,16,24,696,3339,7235
1785937200,4 Obtain authorization code,48672,0,45.663,5,11,22,1646,4413,7235
1785937500,5 Obtain access token,49608,0,6.158,5,7,9,16,203,548
1785937500,3 Perform authentication,49609,0,19.582,13,20,24,47,1345,1573
1785937500,1 Send request to authorize endpoint,49608,0,6.667,5,8,10,21,216,1572
1785937500,2 Start Authentication Flow,49608,0,4.864,4,6,7,15,169,350
1785937500,__ALL__,248043,0,9.091,5,14,17,31,539,1573
1785937500,4 Obtain authorization code,49610,0,8.185,5,8,10,24,556,1568
1785937800,5 Obtain access token,48315,0,20.802,5,7,10,505,2146,4783
1785937800,3 Perform authentication,48316,0,46.757,13,19,25,1146,3517,7721
1785937800,1 Send request to authorize endpoint,48317,0,34.958,5,8,11,1136,3499,7084
1785937800,2 Start Authentication Flow,48317,0,28.728,4,6,8,889,3113,5938
1785937800,__ALL__,241580,0,37.211,5,14,19,1099,3690,7721
1785937800,4 Obtain authorization code,48315,0,54.810,5,8,10,1934,4660,7709
1785938100,5 Obtain access token,48853,0,15.746,5,8,10,282,1498,4793
1785938100,3 Perform authentication,48855,0,42.689,13,20,27,1137,2913,5354
1785938100,1 Send request to authorize endpoint,48845,0,23.733,5,8,12,604,2519,6355
1785938100,2 Start Authentication Flow,48845,0,19.536,4,6,9,394,2293,6084
1785938100,__ALL__,244250,0,28.649,5,14,19,757,2887,6929
1785938100,4 Obtain authorization code,48852,0,41.538,5,8,12,1419,3777,6929
1785938400,5 Obtain access token,48305,0,19.616,5,9,14,438,2002,5667
1785938400,3 Perform authentication,48303,0,46.543,13,27,41,1131,3718,7209
1785938400,1 Send request to authorize endpoint,48312,0,31.503,5,12,20,944,3151,5482
1785938400,2 Start Authentication Flow,48312,0,25.919,4,8,13,703,3413,6322
1785938400,__ALL__,241538,0,34.676,5,16,25,975,3665,8053
1785938400,4 Obtain authorization code,48306,0,49.799,5,13,21,1749,4575,8053
1785938700,5 Obtain access token,47345,0,37.146,5,9,122,903,2582,5601
1785938700,3 Perform authentication,47343,0,84.504,13,22,405,1769,4499,8086
1785938700,1 Send request to authorize endpoint,47345,0,63.245,5,9,265,1587,3908,6729
1785938700,2 Start Authentication Flow,47344,0,57.091,4,7,201,1531,3740,7879
1785938700,__ALL__,236720,0,68.164,5,17,263,1697,4416,9127
1785938700,4 Obtain authorization code,47343,0,98.837,5,9,492,2529,5463,9127
1785939000,5 Obtain access token,46884,0,43.214,6,63,190,840,2168,5268
1785939000,3 Perform authentication,46885,0,105.271,16,224,575,1640,3702,7559
1785939000,1 Send request to authorize endpoint,46885,0,73.027,6,125,384,1411,3239,6690
1785939000,2 Start Authentication Flow,46887,0,60.300,5,92,294,1241,3167,6550
1785939000,__ALL__,234425,0,80.768,7,132,429,1546,3640,7559
1785939000,4 Obtain authorization code,46884,0,122.030,6,263,771,2290,4313,7544
1785939300,5 Obtain access token,47157,0,37.081,6,54,176,700,1657,3232
1785939300,3 Perform authentication,47157,0,95.438,16,201,542,1508,3089,5672
1785939300,1 Send request to authorize endpoint,47156,0,64.666,6,107,367,1262,2539,5473
1785939300,2 Start Authentication Flow,47156,0,55.973,4,80,311,1147,2375,4692
1785939300,__ALL__,235784,0,71.358,6,114,400,1378,2884,6901
1785939300,4 Obtain authorization code,47158,0,103.632,6,206,678,1948,3517,6901
1785939600,5 Obtain access token,48474,0,19.797,6,15,55,362,1375,4140
1785939600,3 Perform authentication,48473,0,53.909,15,45,200,951,2620,5005
1785939600,1 Send request to authorize endpoint,48472,0,30.504,6,20,102,605,2177,4866
1785939600,2 Start Authentication Flow,48472,0,24.136,4,13,75,510,1720,3942
1785939600,__ALL__,242365,0,35.698,6,25,115,730,2450,5366
1785939600,4 Obtain authorization code,48474,0,50.142,6,22,193,1196,2981,5366
1785939900,5 Obtain access token,48127,0,11.534,5,9,14,193,645,1666
1785939900,3 Perform authentication,48360,0,129.349,14,24,52,5204,7885,9048
1785939900,1 Send request to authorize endpoint,48058,0,15.193,5,10,17,307,890,1766
1785939900,2 Start Authentication Flow,48024,0,11.641,4,7,12,239,759,1953
1785939900,__ALL__,240737,0,38.481,5,16,26,539,6474,9048
1785939900,4 Obtain authorization code,48168,0,24.169,5,10,19,642,1297,2099
1785940200,5 Obtain access token,49316,0,12.578,5,9,14,208,895,2568
1785940200,3 Perform authentication,49083,0,33.136,14,23,36,557,2041,3417
1785940200,1 Send request to authorize endpoint,49385,0,18.348,5,10,19,377,1455,4020
1785940200,2 Start Authentication Flow,49418,0,14.434,4,7,13,304,1170,4083
1785940200,__ALL__,246477,0,21.600,5,16,25,425,1852,4260
1785940200,4 Obtain authorization code,49275,0,29.584,5,9,18,752,2504,4260
1785940500,5 Obtain access token,49348,0,9.013,5,8,12,103,445,1619
1785940500,3 Perform authentication,49348,0,26.663,14,22,33,392,1317,1682
1785940500,1 Send request to authorize endpoint,49349,0,10.531,5,9,14,165,508,1759
1785940500,2 Start Authentication Flow,49350,0,7.952,4,7,10,121,435,1618
1785940500,__ALL__,246743,0,13.881,5,15,21,210,913,1971
1785940500,4 Obtain authorization code,49348,0,15.248,5,9,15,353,1004,1971
1785940800,5 Obtain access token,49312,0,8.949,5,9,12,110,432,1097
1785940800,3 Perform authentication,49315,0,24.159,14,23,33,349,814,1565
1785940800,1 Send request to authorize endpoint,49313,0,11.661,5,10,14,195,701,1507
1785940800,2 Start Authentication Flow,49313,0,9.091,4,7,10,153,644,1368
1785940800,__ALL__,246566,0,13.905,5,15,21,230,774,1565
1785940800,4 Obtain authorization code,49313,0,15.667,5,10,14,365,958,1346
1785941100,5 Obtain access token,49491,0,8.987,5,9,13,107,434,1590
1785941100,3 Perform authentication,49489,0,27.859,14,25,36,434,1362,1736
1785941100,1 Send request to authorize endpoint,49491,0,11.131,5,10,16,173,645,1496
1785941100,2 Start Authentication Flow,49491,0,8.564,4,7,11,126,591,1597
1785941100,__ALL__,247452,0,14.554,5,16,23,226,960,2350
1785941100,4 Obtain authorization code,49490,0,16.229,5,10,17,384,1006,2350
1785941400,5 Obtain access token,49313,0,8.712,5,8,10,85,556,2018
1785941400,3 Perform authentication,49313,0,23.058,14,21,27,287,1157,2599
1785941400,1 Send request to authorize endpoint,49313,0,10.907,5,9,12,179,801,1932
1785941400,2 Start Authentication Flow,49312,0,8.835,4,7,9,147,694,2185
1785941400,__ALL__,246564,0,13.315,5,15,19,189,1010,2599
1785941400,4 Obtain authorization code,49313,0,15.062,5,8,11,332,1359,2519
1785941700,5 Obtain access token,49373,0,8.145,5,8,11,86,370,1253
1785941700,3 Perform authentication,49372,0,25.844,14,21,30,371,1364,1617
1785941700,1 Send request to authorize endpoint,49372,0,10.561,5,9,12,165,587,1606
1785941700,2 Start Authentication Flow,49373,0,8.480,4,6,9,139,552,1609
1785941700,__ALL__,246862,0,13.222,5,15,20,196,827,1617
1785941700,4 Obtain authorization code,49372,0,13.082,5,8,12,283,762,1604
1785942000,5 Obtain access token,49238,0,10.163,5,8,13,131,627,2565
1785942000,3 Perform authentication,49240,0,28.315,14,21,42,450,1446,3048
1785942000,1 Send request to authorize endpoint,49237,0,13.960,5,9,17,249,1087,2453
1785942000,2 Start Authentication Flow,49236,0,10.980,4,7,12,198,865,1871
1785942000,__ALL__,246190,0,17.042,5,15,22,307,1296,3156
1785942000,4 Obtain authorization code,49239,0,21.790,5,9,20,533,1777,3156
1785942300,5 Obtain access token,48133,1,26.573,5,11,46,518,2994,9135
1785942300,3 Perform authentication,48130,0,66.735,14,31,160,1558,4747,8402
1785942300,1 Send request to authorize endpoint,48135,0,40.821,5,13,80,1030,4124,8256
1785942300,2 Start Authentication Flow,48136,0,30.409,4,9,57,586,3732,8329
1785942300,__ALL__,240666,2,47.041,5,20,92,1196,4648,10291
1785942300,4 Obtain authorization code,48132,1,70.673,5,13,144,2191,6199,10291
1785942600,5 Obtain access token,47839,0,28.447,5,9,65,645,2288,4746
1785942600,3 Perform authentication,47839,0,80.210,13,24,287,1963,4129,6202
1785942600,1 Send request to authorize endpoint,47840,0,46.252,5,10,126,1183,3551,5824
1785942600,2 Start Authentication Flow,47839,0,34.432,4,8,81,812,3021,5405
1785942600,__ALL__,239196,0,55.527,5,17,136,1493,3945,6477
1785942600,4 Obtain authorization code,47839,0,88.293,5,10,335,2567,4852,6477
1785942900,5 Obtain access token,49403,0,6.639,5,8,10,31,215,573
1785942900,3 Perform authentication,49482,0,20.958,13,22,29,141,1338,1605
1785942900,1 Send request to authorize endpoint,49375,0,7.582,5,9,13,43,286,1586
1785942900,2 Start Authentication Flow,49341,0,5.617,4,7,9,30,254,1586
1785942900,__ALL__,247017,0,9.837,5,14,18,58,518,1605
1785942900,4 Obtain authorization code,49416,0,8.366,5,9,13,74,438,1585
1785943200,5 Obtain access token,49588,0,8.429,5,7,9,65,654,1866
1785943200,3 Perform authentication,49513,0,21.747,13,19,22,289,1256,2459
1785943200,1 Send request to authorize endpoint,49615,0,11.062,5,8,10,137,986,2667
1785943200,2 Start Authentication Flow,49650,0,8.765,4,6,7,112,957,2155
1785943200,__ALL__,247944,0,13.174,5,14,16,147,1205,2918
1785943200,4 Obtain authorization code,49578,0,15.886,5,7,10,398,1678,2918
1785943500,5 Obtain access token,49699,0,6.074,5,7,8,19,203,1567
1785943500,3 Perform authentication,49695,0,18.743,13,18,22,56,1314,1550
1785943500,1 Send request to authorize endpoint,49699,0,6.435,5,7,9,23,221,1563
1785943500,2 Start Authentication Flow,49699,0,4.760,4,6,7,16,171,389
1785943500,__ALL__,248488,0,8.739,5,13,16,31,525,1567
1785943500,4 Obtain authorization code,49696,0,7.682,5,7,8,22,572,900
1785943800,5 Obtain access token,49710,0,5.323,5,7,8,11,22,55
1785943800,3 Perform authentication,49712,0,13.988,13,18,21,30,44,70
1785943800,1 Send request to authorize endpoint,49710,0,5.516,5,7,9,14,25,39
1785943800,2 Start Authentication Flow,49709,0,4.099,4,6,7,10,19,53
1785943800,__ALL__,248552,0,6.818,5,13,15,22,36,70
1785943800,4 Obtain authorization code,49711,0,5.162,5,7,8,14,24,40
1785944100,5 Obtain access token,49463,0,7.379,5,7,8,18,471,1592
1785944100,3 Perform authentication,49462,0,19.483,13,18,22,49,1369,1605
1785944100,1 Send request to authorize endpoint,49463,0,6.859,5,8,9,23,315,1592
1785944100,2 Start Authentication Flow,49464,0,5.028,4,6,7,15,199,1594
1785944100,__ALL__,247315,0,9.232,5,13,16,32,534,1605
1785944100,4 Obtain authorization code,49463,0,7.413,5,7,9,24,353,1593
1785944400,5 Obtain access token,49718,0,5.429,5,7,9,15,27,46
1785944400,3 Perform authentication,49718,0,14.330,13,19,24,44,59,73
1785944400,1 Send request to authorize endpoint,49718,0,5.820,5,8,11,23,36,48
1785944400,2 Start Authentication Flow,49718,0,4.238,4,6,7,14,26,44
1785944400,__ALL__,248590,0,7.067,5,13,16,27,49,73
1785944400,4 Obtain authorization code,49718,0,5.519,5,7,10,23,35,54
1785944700,5 Obtain access token,49630,0,5.964,5,7,8,14,197,1566
1785944700,3 Perform authentication,49630,0,17.940,13,18,20,37,1245,1567
1785944700,1 Send request to authorize endpoint,49630,0,6.186,5,7,9,16,210,1566
1785944700,2 Start Authentication Flow,49630,0,4.541,4,6,7,12,137,1563
1785944700,__ALL__,248149,0,8.162,5,13,15,25,364,1567
1785944700,4 Obtain authorization code,49629,0,6.179,5,7,8,15,274,1565
1785945000,5 Obtain access token,49682,0,5.278,5,7,8,11,21,52
1785945000,3 Perform authentication,49682,0,13.771,13,18,21,29,48,105
1785945000,1 Send request to authorize endpoint,49682,0,5.463,5,7,9,14,24,44
1785945000,2 Start Authentication Flow,49681,0,4.073,4,6,7,10,18,43
1785945000,__ALL__,248409,0,6.745,5,13,15,21,35,105
1785945000,4 Obtain authorization code,49682,0,5.142,5,7,8,13,23,48
1785945300,5 Obtain access token,49526,0,6.488,5,7,8,17,303,1590
1785945300,3 Perform authentication,49530,0,18.780,13,18,21,44,1305,1578
1785945300,1 Send request to authorize endpoint,49526,0,6.676,5,7,9,20,284,1588
1785945300,2 Start Authentication Flow,49527,0,4.842,4,6,7,16,177,1589
1785945300,__ALL__,247636,0,8.887,5,13,15,29,527,1590
1785945300,4 Obtain authorization code,49527,0,7.652,5,7,8,21,527,1588
1785945600,5 Obtain access token,49726,0,5.228,5,7,8,11,21,59
1785945600,3 Perform authentication,49722,0,13.651,13,17,20,28,43,75
1785945600,1 Send request to authorize endpoint,49727,0,5.349,5,7,8,12,20,51
1785945600,2 Start Authentication Flow,49726,0,4.023,4,5,6,9,17,58
1785945600,__ALL__,248626,0,6.658,5,13,15,20,34,213
1785945600,4 Obtain authorization code,49725,0,5.041,5,7,8,11,24,213
1785945900,5 Obtain access token,49680,0,5.839,5,7,8,14,167,1585
1785945900,3 Perform authentication,49683,0,18.112,13,18,21,40,1264,1583
1785945900,1 Send request to authorize endpoint,49680,0,6.068,5,7,9,17,195,447
1785945900,2 Start Authentication Flow,49681,0,4.540,4,6,7,12,138,1584
1785945900,__ALL__,248408,0,8.193,5,13,15,26,382,1585
1785945900,4 Obtain authorization code,49684,0,6.406,5,7,8,16,350,1583
1785946200,5 Obtain access token,49601,0,5.336,5,7,8,12,26,41
1785946200,3 Perform authentication,49601,0,14.121,13,19,22,33,47,77
1785946200,1 Send request to authorize endpoint,49599,0,5.576,5,8,10,16,30,49
1785946200,2 Start Authentication Flow,49596,0,4.113,4,6,7,10,21,47
1785946200,__ALL__,247994,0,6.872,5,13,15,23,38,77
1785946200,4 Obtain authorization code,49597,0,5.213,5,7,9,14,27,47
1785946500,5 Obtain access token,49705,0,5.687,5,7,8,14,117,1573
1785946500,3 Perform authentication,49703,0,17.719,13,18,20,38,1249,1575
1785946500,1 Send request to authorize endpoint,49705,0,5.981,5,7,9,16,164,365
1785946500,2 Start Authentication Flow,49706,0,4.548,4,5,7,12,141,371
1785946500,__ALL__,248526,0,8.005,5,13,15,24,316,1575
1785946500,4 Obtain authorization code,49707,0,6.091,5,7,8,15,290,1573
1785946800,5 Obtain access token,49866,0,5.229,5,7,8,11,25,40
1785946800,3 Perform authentication,49865,0,13.745,13,18,20,31,54,103
1785946800,1 Send request to authorize endpoint,49864,0,5.384,5,7,8,13,31,44
1785946800,2 Start Authentication Flow,49865,0,4.040,4,5,7,10,21,39
1785946800,__ALL__,249325,0,6.690,5,13,15,21,38,103
1785946800,4 Obtain authorization code,49865,0,5.052,5,7,8,12,27,43
1785947100,5 Obtain access token,49567,0,6.241,5,7,8,17,276,578
1785947100,3 Perform authentication,49572,0,20.262,13,18,21,46,1502,1797
1785947100,1 Send request to authorize endpoint,49569,0,6.591,5,7,9,24,272,551
1785947100,2 Start Authentication Flow,49570,0,4.965,4,6,7,15,206,1788
1785947100,__ALL__,247847,0,9.252,5,13,15,30,714,1797
1785947100,4 Obtain authorization code,49569,0,8.199,5,7,8,31,655,997
1785947400,5 Obtain access token,49711,0,5.210,5,7,8,10,23,67
1785947400,3 Perform authentication,49708,0,13.446,13,17,19,25,45,105
1785947400,1 Send request to authorize endpoint,49711,0,5.349,5,7,8,11,22,64
1785947400,2 Start Authentication Flow,49711,0,4.020,4,5,6,9,17,75
1785947400,__ALL__,248551,0,6.607,5,13,15,20,32,105
1785947400,4 Obtain authorization code,49710,0,5.010,5,7,8,11,22,70
1785947700,5 Obtain access token,49535,0,5.716,5,7,8,13,134,1589
1785947700,3 Perform authentication,49533,0,17.893,13,17,20,35,1309,1600
1785947700,1 Send request to authorize endpoint,49537,0,6.087,5,7,8,15,189,1588
1785947700,2 Start Authentication Flow,49536,0,4.626,4,5,7,12,148,1591
1785947700,__ALL__,247674,0,8.115,5,13,15,25,358,1600
1785947700,4 Obtain authorization code,49533,0,6.255,5,7,8,14,324,585
1785948000,5 Obtain access token,49662,0,5.296,5,7,8,12,21,36
1785948000,3 Perform authentication,49663,0,13.890,13,18,22,32,48,70
1785948000,1 Send request to authorize endpoint,49662,0,5.528,5,8,10,15,25,43
1785948000,2 Start Authentication Flow,49662,0,4.105,4,6,7,10,19,38
1785948000,__ALL__,248312,0,6.803,5,13,15,22,37,70
1785948000,4 Obtain authorization code,49663,0,5.198,5,7,9,14,24,43
1785948300,5 Obtain access token,49394,0,9.379,5,7,9,131,626,1737
1785948300,3 Perform authentication,49397,0,27.303,13,18,22,519,1482,3007
1785948300,1 Send request to authorize endpoint,49394,0,12.403,5,8,10,249,927,2166
1785948300,2 Start Authentication Flow,49393,0,10.043,4,6,7,203,862,2627
1785948300,__ALL__,246973,0,15.493,5,14,17,315,1265,3007
1785948300,4 Obtain authorization code,49395,0,18.335,5,7,9,514,1542,2706
1785948600,5 Obtain access token,49644,0,5.215,5,7,8,11,21,39
1785948600,3 Perform authentication,49641,0,13.383,13,17,20,27,47,68
1785948600,1 Send request to authorize endpoint,49644,0,5.322,5,7,8,12,27,38
1785948600,2 Start Authentication Flow,49646,0,3.980,4,5,6,9,17,34
1785948600,__ALL__,248218,0,6.577,5,13,15,20,34,68
1785948600,4 Obtain authorization code,49643,0,4.986,5,7,8,11,21,36
1785948900,5 Obtain access token,49571,0,5.980,5,7,8,14,194,1575
1785948900,3 Perform authentication,49569,0,18.005,13,17,20,37,1356,1587
1785948900,1 Send request to authorize endpoint,49569,0,6.230,5,7,8,18,212,708
1785948900,2 Start Authentication Flow,49569,0,4.720,4,5,7,13,180,1574
1785948900,__ALL__,247848,0,8.450,5,13,15,25,509,1587
1785948900,4 Obtain authorization code,49570,0,7.316,5,7,8,16,537,1576
1785949200,5 Obtain access token,49539,0,6.961,5,7,8,18,400,1622
1785949200,3 Perform authentication,49543,0,19.586,13,18,21,57,1404,1629
1785949200,1 Send request to authorize endpoint,49539,0,6.673,5,7,9,25,289,730
1785949200,2 Start Authentication Flow,49539,0,5.023,4,6,7,17,237,1619
1785949200,__ALL__,247701,0,9.262,5,13,15,32,619,1629
1785949200,4 Obtain authorization code,49541,0,8.066,5,7,8,31,586,1115
1785949500,5 Obtain access token,49608,0,5.199,5,7,8,11,21,56
1785949500,3 Perform authentication,49605,0,13.380,13,17,19,26,46,101
1785949500,1 Send request to authorize endpoint,49609,0,5.316,5,7,8,11,27,61
1785949500,2 Start Authentication Flow,49608,0,3.997,4,5,6,9,19,44
1785949500,__ALL__,248036,0,6.576,5,13,15,20,34,101
1785949500,4 Obtain authorization code,49606,0,4.990,5,7,8,11,25,63
1785949800,5 Obtain access token,49625,0,6.152,5,7,9,17,198,1591
1785949800,3 Perform authentication,49627,0,18.602,13,19,22,45,1352,1593
1785949800,1 Send request to authorize endpoint,49624,0,6.498,5,8,10,22,234,1590
1785949800,2 Start Authentication Flow,49624,0,4.727,4,6,7,14,139,1587
1785949800,__ALL__,248125,0,8.493,5,13,16,29,376,1593
1785949800,4 Obtain authorization code,49625,0,6.488,5,7,9,20,321,679
1785950100,5 Obtain access token,49583,0,5.254,5,7,8,11,27,44
1785950100,3 Perform authentication,49582,0,13.885,13,18,21,30,55,122
1785950100,1 Send request to authorize endpoint,49584,0,5.423,5,7,9,13,25,49
1785950100,2 Start Authentication Flow,49584,0,4.044,4,5,7,9,22,47
1785950100,__ALL__,247917,0,6.759,5,13,15,21,38,122
1785950100,4 Obtain authorization code,49584,0,5.192,5,7,8,13,28,52
1785950400,5 Obtain access token,45572,8,61.968,5,8,174,1707,4133,7648
1785950400,3 Perform authentication,45571,2,127.580,13,21,670,3076,5951,11409
1785950400,1 Send request to authorize endpoint,45572,0,110.936,5,9,518,2975,5820,9659
1785950400,2 Start Authentication Flow,45571,0,105.524,4,7,392,2919,6054,9244
1785950400,__ALL__,227858,16,115.159,5,16,457,3138,6176,11879
1785950400,4 Obtain authorization code,45572,6,169.790,5,8,1100,4283,7190,11879
1785950700,5 Obtain access token,45724,4,55.576,5,9,134,1570,3573,7666
1785950700,3 Perform authentication,45724,0,119.953,13,22,668,2774,5689,9734
1785950700,1 Send request to authorize endpoint,45724,0,102.175,5,9,328,2830,5393,8924
1785950700,2 Start Authentication Flow,45725,0,93.654,4,7,200,2763,5335,8246
1785950700,__ALL__,228621,8,105.880,5,16,326,2915,5905,11542
1785950700,4 Obtain authorization code,45724,4,158.042,5,9,852,4209,7458,11542
1785951000,5 Obtain access token,49674,0,5.240,5,7,8,11,29,84
1785951000,3 Perform authentication,49674,0,13.674,13,17,20,26,58,126
1785951000,1 Send request to authorize endpoint,49674,0,5.321,5,7,8,11,24,47
1785951000,2 Start Authentication Flow,49675,0,4.022,4,5,6,9,21,84
1785951000,__ALL__,248371,0,6.652,5,13,15,20,33,126
1785951000,4 Obtain authorization code,49674,0,5.004,5,7,8,10,25,51
1785951300,5 Obtain access token,49614,0,5.607,5,7,8,13,113,288
1785951300,3 Perform authentication,49615,0,17.153,13,18,20,35,1198,1542
1785951300,1 Send request to authorize endpoint,49612,0,5.944,5,7,9,16,154,1528
1785951300,2 Start Authentication Flow,49612,0,4.503,4,6,7,11,127,1530
1785951300,__ALL__,248067,0,7.844,5,13,15,24,257,1542
1785951300,4 Obtain authorization code,49614,0,6.012,5,7,8,15,237,1533
1785951600,5 Obtain access token,49624,0,5.246,5,7,8,11,19,36
1785951600,3 Perform authentication,49624,0,13.562,13,17,20,28,45,78
1785951600,1 Send request to authorize endpoint,49626,0,5.413,5,7,8,13,23,46
1785951600,2 Start Authentication Flow,49625,0,4.054,4,5,6,9,16,35
1785951600,__ALL__,248122,0,6.670,5,13,15,20,33,78
1785951600,4 Obtain authorization code,49623,0,5.076,5,7,8,12,22,39
1785951900,5 Obtain access token,49674,0,6.353,5,7,8,23,271,584
1785951900,3 Perform authentication,49677,0,19.777,13,18,21,62,1382,1630
1785951900,1 Send request to authorize endpoint,49673,0,6.664,5,7,9,29,273,1617
1785951900,2 Start Authentication Flow,49673,0,5.120,4,6,7,20,225,1622
1785951900,__ALL__,248371,0,9.280,5,13,15,35,683,1630
1785951900,4 Obtain authorization code,49674,0,8.482,5,7,8,34,688,1622
1785952200,5 Obtain access token,49699,0,6.143,5,7,9,16,198,1578
1785952200,3 Perform authentication,49696,0,18.993,13,19,23,42,1307,1590
1785952200,1 Send request to authorize endpoint,49699,0,6.446,5,8,10,21,203,1581
1785952200,2 Start Authentication Flow,49700,0,4.879,4,6,7,14,169,1579
1785952200,__ALL__,248494,0,8.829,5,13,16,30,527,1590
1785952200,4 Obtain authorization code,49700,0,7.684,5,7,10,19,567,1580
1785952500,5 Obtain access token,49733,0,5.188,5,7,8,11,19,36
1785952500,3 Perform authentication,49732,0,13.372,13,17,19,25,42,63
1785952500,1 Send request to authorize endpoint,49735,0,5.288,5,7,8,11,20,46
1785952500,2 Start Authentication Flow,49732,0,3.995,4,5,6,9,15,35
1785952500,__ALL__,248665,0,6.567,5,13,15,19,32,63
1785952500,4 Obtain authorization code,49733,0,4.991,5,7,7,10,17,41
1785952800,5 Obtain access token,49612,0,6.181,5,7,8,18,239,1575
1785952800,3 Perform authentication,49611,0,18.588,13,18,21,50,1305,1587
1785952800,1 Send request to authorize endpoint,49612,0,6.455,5,7,9,22,238,1578
1785952800,2 Start Authentication Flow,49612,0,4.876,4,6,7,16,204,501
1785952800,__ALL__,248058,0,8.743,5,13,15,31,551,1587
1785952800,4 Obtain authorization code,49611,0,7.615,5,7,8,25,586,1575
1785953100,5 Obtain access token,49707,0,5.232,5,7,8,11,19,40
1785953100,3 Perform authentication,49708,0,13.546,13,17,20,27,44,66
1785953100,1 Send request to authorize endpoint,49706,0,5.376,5,7,8,12,23,69
1785953100,2 Start Authentication Flow,49708,0,4.050,4,6,7,9,15,39
1785953100,__ALL__,248536,0,6.655,5,13,15,20,33,69
1785953100,4 Obtain authorization code,49707,0,5.074,5,7,8,11,24,40
1785953400,5 Obtain access token,49687,0,6.406,5,7,8,15,292,489
1785953400,3 Perform authentication,49687,0,18.134,13,17,20,41,1287,1580
1785953400,1 Send request to authorize endpoint,49687,0,6.562,5,7,9,17,292,1580
1785953400,2 Start Authentication Flow,49688,0,4.726,4,5,7,13,177,405
1785953400,__ALL__,248437,0,8.603,5,13,15,26,475,1580
1785953400,4 Obtain authorization code,49688,0,7.184,5,7,8,18,474,891
1785953700,5 Obtain access token,49583,0,5.111,5,7,8,10,21,41
1785953700,3 Perform authentication,49588,0,13.333,13,17,19,25,44,77
1785953700,1 Send request to authorize endpoint,49583,0,5.226,5,7,8,11,23,42
1785953700,2 Start Authentication Flow,49583,0,3.930,4,5,6,9,17,36
1785953700,__ALL__,247921,0,6.505,5,13,15,19,32,77
1785953700,4 Obtain authorization code,49584,0,4.928,5,6,7,10,20,39
1785954000,5 Obtain access token,49497,0,6.150,5,7,8,16,244,1622
1785954000,3 Perform authentication,49491,0,18.614,13,17,20,43,1264,1630
1785954000,1 Send request to authorize endpoint,49497,0,6.453,5,7,8,19,245,1620
1785954000,2 Start Authentication Flow,49496,0,4.732,4,5,6,13,181,579
1785954000,__ALL__,247476,0,8.711,5,13,15,27,581,1630
1785954000,4 Obtain authorization code,49495,0,7.607,5,7,8,16,593,1622
1785954300,5 Obtain access token,49644,0,5.288,5,7,8,12,24,44
1785954300,3 Perform authentication,49646,0,13.903,13,18,22,33,48,72
1785954300,1 Send request to authorize endpoint,49644,0,5.487,5,7,9,15,29,54
1785954300,2 Start Authentication Flow,49645,0,4.070,4,6,7,10,22,43
1785954300,__ALL__,248223,0,6.783,5,13,15,23,39,72
1785954300,4 Obtain authorization code,49644,0,5.168,5,7,9,14,31,49
1785954600,5 Obtain access token,49685,0,5.913,5,7,8,16,163,1594
1785954600,3 Perform authentication,49686,0,18.835,13,18,21,41,1384,1592
1785954600,1 Send request to authorize endpoint,49685,0,6.288,5,7,9,18,223,1593
1785954600,2 Start Authentication Flow,49685,0,4.726,4,6,7,14,171,1596
1785954600,__ALL__,248427,0,8.478,5,13,15,27,446,1596
1785954600,4 Obtain authorization code,49686,0,6.627,5,7,8,17,348,1593
1785954900,5 Obtain access token,49683,0,5.178,5,7,8,11,20,37
1785954900,3 Perform authentication,49680,0,13.469,13,17,20,27,42,62
1785954900,1 Send request to authorize endpoint,49684,0,5.306,5,7,8,12,21,38
1785954900,2 Start Authentication Flow,49684,0,3.965,4,5,6,9,17,35
1785954900,__ALL__,248413,0,6.581,5,13,15,20,32,62
1785954900,4 Obtain authorization code,49682,0,4.985,5,7,8,11,24,36
1785955200,5 Obtain access token,49522,0,5.690,5,7,8,13,133,1556
1785955200,3 Perform authentication,49524,0,17.621,13,17,20,36,1285,1585
1785955200,1 Send request to authorize endpoint,49522,0,6.071,5,7,8,16,184,1560
1785955200,2 Start Authentication Flow,49520,0,4.608,4,5,7,12,151,1558
1785955200,__ALL__,247611,0,8.054,5,13,15,24,347,1585
1785955200,4 Obtain authorization code,49523,0,6.282,5,7,8,15,327,1553
1785955500,5 Obtain access token,49601,0,5.121,5,7,7,10,18,46
1785955500,3 Perform authentication,49600,0,13.317,13,17,19,24,42,76
1785955500,1 Send request to authorize endpoint,49598,0,5.225,5,7,8,10,22,48
1785955500,2 Start Authentication Flow,49600,0,3.908,4,5,6,8,14,35
1785955500,__ALL__,248000,0,6.493,5,13,15,19,31,76
1785955500,4 Obtain authorization code,49601,0,4.893,5,6,7,10,18,46
1785955800,5 Obtain access token,49585,0,6.286,5,7,8,15,261,1589
1785955800,3 Perform authentication,49585,0,18.558,13,18,21,40,1353,1595
1785955800,1 Send request to authorize endpoint,49587,0,6.342,5,7,9,20,229,1588
1785955800,2 Start Authentication Flow,49586,0,4.669,4,5,7,13,165,1587
1785955800,__ALL__,247927,0,8.605,5,13,15,27,470,1595
1785955800,4 Obtain authorization code,49584,0,7.172,5,7,8,16,392,894
1785956100,5 Obtain access token,49617,0,5.182,5,7,8,11,27,45
1785956100,3 Perform authentication,49616,0,13.309,12,17,19,28,57,127
1785956100,1 Send request to authorize endpoint,49617,0,5.296,5,7,8,12,30,57
1785956100,2 Start Authentication Flow,49617,0,3.974,4,5,6,9,19,48
1785956100,__ALL__,248084,0,6.549,5,13,15,20,38,127
1785956100,4 Obtain authorization code,49617,0,4.987,5,6,7,11,25,44
1785956400,5 Obtain access token,49658,0,5.950,5,7,8,16,192,1566
1785956400,3 Perform authentication,49659,0,18.148,13,18,22,42,1283,1572
1785956400,1 Send request to authorize endpoint,49659,0,6.324,5,8,10,20,211,409
1785956400,2 Start Authentication Flow,49659,0,4.684,4,6,7,15,155,311
1785956400,__ALL__,248294,0,8.486,5,13,15,29,483,1572
1785956400,4 Obtain authorization code,49659,0,7.322,5,7,9,21,509,1570
1785956700,5 Obtain access token,49682,0,5.195,5,7,8,11,21,43
1785956700,3 Perform authentication,49683,0,13.380,13,17,19,26,41,61
1785956700,1 Send request to authorize endpoint,49681,0,5.314,5,7,8,12,24,50
1785956700,2 Start Authentication Flow,49682,0,3.976,4,5,6,9,17,49
1785956700,__ALL__,248411,0,6.575,5,13,15,20,33,61
1785956700,4 Obtain authorization code,49683,0,5.012,5,7,8,11,22,51
1785957000,5 Obtain access token,49544,0,6.737,5,7,8,18,335,1597
1785957000,3 Perform authentication,49544,0,18.760,13,18,21,46,1230,1599
1785957000,1 Send request to authorize endpoint,49544,0,6.741,5,7,9,23,300,1600
1785957000,2 Start Authentication Flow,49543,0,4.896,4,6,7,15,200,1597
1785957000,__ALL__,247719,0,8.966,5,13,15,30,533,1600
1785957000,4 Obtain authorization code,49544,0,7.697,5,7,8,24,518,1033
1785957300,5 Obtain access token,49860,0,5.194,5,7,8,11,26,44
1785957300,3 Perform authentication,49859,0,13.399,13,17,19,26,48,116
1785957300,1 Send request to authorize endpoint,49860,0,5.283,5,7,8,11,24,47
1785957300,2 Start Authentication Flow,49861,0,3.979,4,5,6,9,17,45
1785957300,__ALL__,249298,0,6.570,5,13,15,20,34,116
1785957300,4 Obtain authorization code,49858,0,4.997,5,7,7,10,26,48
1785957600,5 Obtain access token,49685,0,5.684,5,7,8,14,133,1614
1785957600,3 Perform authentication,49686,0,18.381,13,18,20,38,1357,1614
1785957600,1 Send request to authorize endpoint,49684,0,6.042,5,7,9,16,196,391
1785957600,2 Start Authentication Flow,49683,0,4.702,4,5,7,12,169,1611
1785957600,__ALL__,248424,0,8.240,5,13,15,25,425,1614
1785957600,4 Obtain authorization code,49686,0,6.389,5,7,8,15,340,1612
1785957900,5 Obtain access token,49698,0,5.173,5,7,8,11,19,39
1785957900,3 Perform authentication,49700,0,13.426,13,17,19,26,43,65
1785957900,1 Send request to authorize endpoint,49698,0,5.273,5,7,8,11,23,55
1785957900,2 Start Authentication Flow,49699,0,3.967,4,5,6,9,17,48
1785957900,__ALL__,248495,0,6.561,5,13,15,20,33,65
1785957900,4 Obtain authorization code,49700,0,4.964,5,7,7,10,20,39
1785958200,5 Obtain access token,49545,0,6.529,5,7,8,18,338,1572
1785958200,3 Perform authentication,49543,0,18.167,13,17,20,50,1194,1582
1785958200,1 Send request to authorize endpoint,49546,0,6.679,5,7,8,23,285,1574
1785958200,2 Start Authentication Flow,49544,0,4.768,4,5,7,15,180,332
1785958200,__ALL__,247722,0,8.693,5,13,15,30,490,1582
1785958200,4 Obtain authorization code,49544,0,7.321,5,7,8,21,463,1567
1785958500,5 Obtain access token,49578,0,5.191,5,7,8,11,19,37
1785958500,3 Perform authentication,49580,0,13.302,13,17,19,27,43,64
1785958500,1 Send request to authorize endpoint,49578,0,5.321,5,7,8,12,22,36
1785958500,2 Start Authentication Flow,49580,0,3.997,4,5,6,9,15,36
1785958500,__ALL__,247895,0,6.567,5,13,15,20,32,64
1785958500,4 Obtain authorization code,49579,0,5.021,5,7,8,11,22,47
1785958800,5 Obtain access token,49544,0,6.150,5,7,9,17,201,505
1785958800,3 Perform authentication,49549,0,18.303,13,18,22,46,1283,1591
1785958800,1 Send request to authorize endpoint,49541,0,6.492,5,8,10,24,228,1580
1785958800,2 Start Authentication Flow,49538,0,4.830,4,6,7,16,155,1576
1785958800,__ALL__,247716,0,8.531,5,13,16,31,406,1591
1785958800,4 Obtain authorization code,49544,0,6.877,5,7,9,24,377,1574
1785959100,5 Obtain access token,49385,0,7.946,5,7,9,74,535,1475
1785959100,3 Perform authentication,49377,0,21.015,13,19,24,259,983,2197
1785959100,1 Send request to authorize endpoint,49388,0,10.267,5,8,10,151,783,1534
1785959100,2 Start Authentication Flow,49391,0,8.002,4,6,8,109,733,1631
1785959100,__ALL__,246923,0,12.196,5,14,17,161,903,2260
1785959100,4 Obtain authorization code,49382,0,13.755,5,7,10,312,1181,2260
1785959400,5 Obtain access token,45700,6,58.741,5,11,202,1503,3563,9085
1785959400,3 Perform authentication,45701,0,129.787,13,32,774,2855,5860,9133
1785959400,1 Send request to authorize endpoint,45701,0,110.070,5,14,498,2799,5922,8767
1785959400,2 Start Authentication Flow,45700,0,100.525,4,10,401,2712,5425,8262
1785959400,__ALL__,228502,12,112.719,5,21,514,2905,5973,12713
1785959400,4 Obtain authorization code,45700,6,164.469,5,14,999,3984,7291,12713
1785959700,5 Obtain access token,45921,3,57.681,5,9,181,1541,3754,7888
1785959700,3 Perform authentication,45920,0,119.731,13,23,671,2758,5205,8375
1785959700,1 Send request to authorize endpoint,45921,0,104.820,5,10,458,2758,5575,8995
1785959700,2 Start Authentication Flow,45920,0,93.521,4,8,345,2517,5132,9068
1785959700,__ALL__,229604,6,106.567,5,18,448,2826,5686,11763
1785959700,4 Obtain authorization code,45922,3,157.079,5,9,919,3937,7050,11763
1785960000,5 Obtain access token,45878,0,55.415,5,11,180,1449,3663,8286
1785960000,3 Perform authentication,45878,0,120.264,13,32,638,2750,5486,9876
1785960000,1 Send request to authorize endpoint,45877,0,100.973,5,14,399,2711,5163,9347
1785960000,2 Start Authentication Flow,45877,0,91.963,4,9,314,2532,5023,9195
1785960000,__ALL__,229388,0,104.732,5,20,413,2751,5609,9876
1785960000,4 Obtain authorization code,45878,0,155.044,5,14,888,3836,6664,9516
1785960300,5 Obtain access token,45900,6,55.643,5,10,193,1461,3409,7333
1785960300,3 Perform authentication,45903,1,118.415,13,24,630,2747,5488,10312
1785960300,1 Send request to authorize endpoint,45900,0,102.273,5,10,472,2682,5089,12427
1785960300,2 Start Authentication Flow,45899,0,92.494,4,8,359,2488,5090,9151
1785960300,__ALL__,229504,12,105.215,5,18,459,2739,5649,12592
1785960300,4 Obtain authorization code,45902,5,157.246,5,10,958,3890,7161,12592
1785960600,5 Obtain access token,49566,0,5.724,5,7,8,15,109,1593
1785960600,3 Perform authentication,49564,0,18.538,13,18,21,41,1371,1596
1785960600,1 Send request to authorize endpoint,49564,0,6.182,5,7,9,18,186,1591
1785960600,2 Start Authentication Flow,49567,0,4.732,4,6,7,13,165,1598
1785960600,__ALL__,247825,0,8.357,5,13,15,27,392,1598
1785960600,4 Obtain authorization code,49564,0,6.608,5,7,8,18,353,1595
1785960900,5 Obtain access token,49719,0,5.142,5,7,8,10,19,50
1785960900,3 Perform authentication,49717,0,13.435,13,17,19,25,41,71
1785960900,1 Send request to authorize endpoint,49722,0,5.247,5,7,8,11,20,44
1785960900,2 Start Authentication Flow,49720,0,3.949,4,5,6,9,16,44
1785960900,__ALL__,248596,0,6.558,5,13,15,19,32,71
1785960900,4 Obtain authorization code,49718,0,5.018,5,7,7,10,23,68
1785961200,5 Obtain access token,49577,0,6.428,5,7,8,16,297,769
1785961200,3 Perform authentication,49579,0,18.959,13,18,21,42,1324,1572
1785961200,1 Send request to authorize endpoint,49575,0,6.574,5,7,9,20,264,789
1785961200,2 Start Authentication Flow,49576,0,4.824,4,5,7,14,191,1565
1785961200,__ALL__,247885,0,8.892,5,13,16,29,520,1572
1785961200,4 Obtain authorization code,49578,0,7.676,5,7,8,20,513,1569
1785961500,5 Obtain access token,49692,0,5.275,5,7,8,11,25,94
1785961500,3 Perform authentication,49693,0,13.862,13,18,21,30,55,137
1785961500,1 Send request to authorize endpoint,49694,0,5.473,5,7,9,14,26,45
1785961500,2 Start Authentication Flow,49693,0,4.064,4,6,7,10,22,53
1785961500,__ALL__,248464,0,6.776,5,13,15,22,36,137
1785961500,4 Obtain authorization code,49692,0,5.205,5,7,9,14,28,45
1785961800,5 Obtain access token,49715,0,5.921,5,7,8,15,166,1600
1785961800,3 Perform authentication,49717,0,18.559,13,18,20,39,1352,1614
1785961800,1 Send request to authorize endpoint,49713,0,6.429,5,7,9,17,265,1603
1785961800,2 Start Authentication Flow,49715,0,4.731,4,5,7,13,166,1600
1785961800,__ALL__,248576,0,8.474,5,13,15,27,456,1614
1785961800,4 Obtain authorization code,49716,0,6.729,5,7,8,17,384,1603
1785962100,5 Obtain access token,49738,0,5.089,5,7,7,10,17,40
1785962100,3 Perform authentication,49734,0,13.205,13,17,19,25,40,74
1785962100,1 Send request to authorize endpoint,49739,0,5.180,5,7,8,10,18,41
1785962100,2 Start Authentication Flow,49739,0,3.902,4,5,6,8,14,37
1785962100,__ALL__,248687,0,6.458,5,13,14,19,31,74
1785962100,4 Obtain authorization code,49737,0,4.914,5,6,7,10,18,36
1785962400,5 Obtain access token,49512,0,5.893,5,7,8,16,160,1615
1785962400,3 Perform authentication,49513,0,19.046,13,18,21,44,1389,1628
1785962400,1 Send request to authorize endpoint,49513,0,6.316,5,7,9,21,231,1618
1785962400,2 Start Authentication Flow,49512,0,4.813,4,6,7,16,194,1618
1785962400,__ALL__,247561,0,8.537,5,13,15,29,470,1628
1785962400,4 Obtain authorization code,49511,0,6.616,5,7,8,23,355,1615
1785962700,5 Obtain access token,49670,0,5.191,5,7,8,10,20,52
1785962700,3 Perform authentication,49668,0,13.493,13,17,19,25,45,95
1785962700,1 Send request to authorize endpoint,49669,0,5.314,5,7,8,11,21,62
1785962700,2 Start Authentication Flow,49670,0,3.972,4,5,6,9,16,58
1785962700,__ALL__,248347,0,6.594,5,13,15,20,32,95
1785962700,4 Obtain authorization code,49670,0,4.998,5,7,7,10,20,67
1785963000,5 Obtain access token,49717,0,6.125,5,7,8,15,224,1603
1785963000,3 Perform authentication,49721,0,18.732,13,17,20,42,1335,1597
1785963000,1 Send request to authorize endpoint,49716,0,6.474,5,7,8,18,245,1600
1785963000,2 Start Authentication Flow,49714,0,4.802,4,5,7,13,188,1598
1785963000,__ALL__,248587,0,8.742,5,13,15,27,560,1603
1785963000,4 Obtain authorization code,49719,0,7.576,5,7,8,17,568,1601
1785963300,5 Obtain access token,49654,0,5.245,5,7,8,11,22,45
1785963300,3 Perform authentication,49650,0,13.566,13,17,20,29,52,86
1785963300,1 Send request to authorize endpoint,49656,0,5.405,5,7,8,13,27,52
1785963300,2 Start Authentication Flow,49656,0,4.055,4,5,6,10,21,39
1785963300,__ALL__,248268,0,6.669,5,13,15,21,37,86
1785963300,4 Obtain authorization code,49652,0,5.076,5,7,8,12,27,45
1785963600,5 Obtain access token,49636,0,5.732,5,7,8,15,123,1597
1785963600,3 Perform authentication,49637,0,18.187,13,17,20,39,1312,1604
1785963600,1 Send request to authorize endpoint,49636,0,6.155,5,7,8,16,194,1595
1785963600,2 Start Authentication Flow,49637,0,4.647,4,5,7,13,165,1597
1785963600,__ALL__,248183,0,8.250,5,13,15,25,408,1604
1785963600,4 Obtain authorization code,49637,0,6.529,5,7,8,15,381,1598
1785963900,5 Obtain access token,49712,0,5.154,5,7,8,10,20,35
1785963900,3 Perform authentication,49711,0,13.497,13,17,20,27,41,66
1785963900,1 Send request to authorize endpoint,49712,0,5.289,5,7,8,12,22,45
1785963900,2 Start Authentication Flow,49711,0,3.956,4,5,6,9,15,44
1785963900,__ALL__,248557,0,6.575,5,13,15,20,33,66
1785963900,4 Obtain authorization code,49711,0,4.982,5,6,8,11,21,35
1785964200,5 Obtain access token,49650,0,6.314,5,7,9,17,281,570
1785964200,3 Perform authentication,49651,0,18.656,13,18,23,48,1259,1573
1785964200,1 Send request to authorize endpoint,49648,0,6.616,5,8,10,23,240,1563
1785964200,2 Start Authentication Flow,49648,0,4.784,4,6,7,16,176,410
1785964200,__ALL__,248247,0,8.707,5,13,16,31,444,1573
1785964200,4 Obtain authorization code,49650,0,7.163,5,7,9,24,411,1559
1785964500,5 Obtain access token,49656,0,5.193,5,7,8,10,17,36
1785964500,3 Perform authentication,49658,0,13.468,13,17,20,26,42,79
1785964500,1 Send request to authorize endpoint,49658,0,5.326,5,7,8,12,21,45
1785964500,2 Start Authentication Flow,49660,0,3.975,4,5,6,9,16,42
1785964500,__ALL__,248290,0,6.594,5,13,15,20,31,79
1785964500,4 Obtain authorization code,49658,0,5.009,5,7,8,11,18,37
1785964800,5 Obtain access token,49678,0,6.298,5,7,8,19,251,1634
1785964800,3 Perform authentication,49679,0,19.154,13,17,20,49,1374,1633
1785964800,1 Send request to authorize endpoint,49677,0,6.676,5,7,8,21,264,1634
1785964800,2 Start Authentication Flow,49677,0,4.873,4,6,7,15,216,448
1785964800,__ALL__,248390,0,9.039,5,13,15,30,630,1634
1785964800,4 Obtain authorization code,49679,0,8.192,5,7,8,18,672,1070
1785965100,5 Obtain access token,49526,0,5.131,5,7,8,10,25,38
1785965100,3 Perform authentication,49526,0,13.322,13,17,19,25,44,102
1785965100,1 Send request to authorize endpoint,49527,0,5.184,5,7,8,10,18,36
1785965100,2 Start Authentication Flow,49524,0,3.894,4,5,6,8,15,41
1785965100,__ALL__,247626,0,6.485,5,13,15,19,32,102
1785965100,4 Obtain authorization code,49523,0,4.893,5,6,7,10,16,39
1785965400,5 Obtain access token,49584,0,5.706,5,7,8,14,138,1577
1785965400,3 Perform authentication,49582,0,18.018,13,18,21,42,1279,1591
1785965400,1 Send request to authorize endpoint,49582,0,6.175,5,7,9,18,195,1583
1785965400,2 Start Authentication Flow,49584,0,4.632,4,5,7,13,148,1581
1785965400,__ALL__,247917,0,8.199,5,13,15,27,375,1591
1785965400,4 Obtain authorization code,49585,0,6.463,5,7,8,17,340,1583
1785965700,5 Obtain access token,49630,0,5.105,5,7,8,10,21,36
1785965700,3 Perform authentication,49630,0,13.165,12,17,19,25,48,89
1785965700,1 Send request to authorize endpoint,49630,0,5.207,5,7,8,11,22,35
1785965700,2 Start Authentication Flow,49631,0,3.901,4,5,6,9,19,39
1785965700,__ALL__,248150,0,6.461,5,13,14,19,32,89
1785965700,4 Obtain authorization code,49629,0,4.930,5,6,7,10,20,45
1785966000,5 Obtain access token,49583,0,6.107,5,7,8,15,226,1558
1785966000,3 Perform authentication,49582,0,17.852,13,17,20,42,1266,1569
1785966000,1 Send request to authorize endpoint,49583,0,6.284,5,7,9,19,226,1559
1785966000,2 Start Authentication Flow,49582,0,4.542,4,5,7,13,139,391
1785966000,__ALL__,247914,0,8.350,5,13,15,27,436,1569
1785966000,4 Obtain authorization code,49584,0,6.965,5,7,8,18,461,805
1785966300,5 Obtain access token,49628,0,5.144,5,7,8,11,22,43
1785966300,3 Perform authentication,49628,0,13.292,13,17,19,26,47,68
1785966300,1 Send request to authorize endpoint,49628,0,5.269,5,7,8,11,28,43
1785966300,2 Start Authentication Flow,49628,0,3.930,4,5,6,9,17,35
1785966300,__ALL__,248139,0,6.520,5,13,15,19,34,68
1785966300,4 Obtain authorization code,49627,0,4.964,5,6,7,10,22,40
1785966600,5 Obtain access token,49638,0,7.147,5,7,9,17,436,624
1785966600,3 Perform authentication,49637,0,18.549,13,18,22,47,1239,1568
1785966600,1 Send request to authorize endpoint,49638,0,6.971,5,8,10,23,300,1574
1785966600,2 Start Authentication Flow,49638,0,4.996,4,6,7,16,194,554
1785966600,__ALL__,248189,0,9.024,5,13,16,31,486,1574
1785966600,4 Obtain authorization code,49638,0,7.458,5,7,10,22,358,734
1785966900,5 Obtain access token,49724,0,5.225,5,7,8,11,33,110
1785966900,3 Perform authentication,49725,0,13.744,13,17,20,26,110,214
1785966900,1 Send request to authorize endpoint,49725,0,5.396,5,7,8,11,34,189
1785966900,2 Start Authentication Flow,49724,0,4.026,4,5,6,9,32,157
1785966900,__ALL__,248622,0,6.724,5,13,15,20,52,254
1785966900,4 Obtain authorization code,49724,0,5.227,5,7,8,11,71,254
1785967200,5 Obtain access token,45996,4,54.422,5,14,151,1459,3645,7131
1785967200,3 Perform authentication,45998,2,121.880,13,46,642,2779,5571,10337
1785967200,1 Send request to authorize endpoint,45996,0,99.230,5,17,363,2654,4940,8697
1785967200,2 Start Authentication Flow,45997,1,93.522,4,12,278,2599,5229,10089
1785967200,__ALL__,229986,9,103.926,5,22,379,2768,5638,11066
1785967200,4 Obtain authorization code,45999,2,150.570,5,18,785,3824,6911,11066
1785967500,5 Obtain access token,46297,6,52.332,5,10,117,1468,3631,8260
1785967500,3 Perform authentication,46295,1,108.780,13,28,461,2610,5230,9562
1785967500,1 Send request to authorize endpoint,46297,0,93.985,5,12,311,2633,5172,9240
1785967500,2 Start Authentication Flow,46297,1,86.088,4,8,215,2464,5068,10577
1785967500,__ALL__,231481,13,97.014,5,18,289,2676,5531,11838
1785967500,4 Obtain authorization code,46295,5,143.890,5,12,700,3726,6677,11838
1785967800,5 Obtain access token,46333,6,51.478,5,12,136,1372,3576,7022
1785967800,3 Perform authentication,46338,0,111.429,13,37,590,2520,5140,9138
1785967800,1 Send request to authorize endpoint,46333,0,94.117,5,13,289,2549,5200,9010
1785967800,2 Start Authentication Flow,46334,0,84.603,4,10,226,2362,4886,8208
1785967800,__ALL__,231671,12,96.637,5,20,323,2588,5427,11426
1785967800,4 Obtain authorization code,46333,6,141.556,5,14,627,3700,6547,11426
1785968100,5 Obtain access token,49677,0,5.189,5,7,8,11,19,39
1785968100,3 Perform authentication,49674,0,13.702,13,17,20,27,42,65
1785968100,1 Send request to authorize endpoint,49675,0,5.316,5,7,8,12,20,50
1785968100,2 Start Authentication Flow,49671,0,3.987,4,5,6,9,17,48
1785968100,__ALL__,248375,0,6.654,5,13,15,20,32,65
1785968100,4 Obtain authorization code,49678,0,5.078,5,7,8,12,20,49
1785968400,5 Obtain access token,45910,4,56.116,5,14,154,1532,3825,8213
1785968400,3 Perform authentication,45909,0,120.876,13,47,641,2723,5492,9010
1785968400,1 Send request to authorize endpoint,45911,0,101.262,5,18,356,2694,5276,13443
1785968400,2 Start Authentication Flow,45914,0,91.694,4,13,256,2576,5121,7711
1785968400,__ALL__,229554,8,105.115,5,23,367,2772,5636,13443
1785968400,4 Obtain authorization code,45910,4,155.631,5,19,862,3965,7042,11303
1785968700,5 Obtain access token,46207,1,50.833,5,10,122,1379,3302,9322
1785968700,3 Perform authentication,46207,0,110.169,13,27,457,2680,5024,9983
1785968700,1 Send request to authorize endpoint,46209,0,95.438,5,11,284,2616,5032,8415
1785968700,2 Start Authentication Flow,46209,0,86.350,4,9,198,2461,4749,8229
1785968700,__ALL__,231038,2,96.846,5,18,274,2691,5305,10855
1785968700,4 Obtain authorization code,46206,1,141.441,5,10,673,3674,6561,10855
1785969000,5 Obtain access token,46326,1,50.577,5,13,152,1346,3171,5685
1785969000,3 Perform authentication,46327,1,115.144,14,41,620,2587,5108,10648
1785969000,1 Send request to authorize endpoint,46324,0,92.062,5,15,333,2393,4766,8866
1785969000,2 Start Authentication Flow,46325,0,86.520,4,11,246,2388,4809,9264
1785969000,__ALL__,231628,2,96.579,5,21,352,2536,5125,10648
1785969000,4 Obtain authorization code,46326,0,138.592,5,15,764,3476,6086,8977
1785969300,5 Obtain access token,46213,0,53.331,5,12,136,1434,3801,7851
1785969300,3 Perform authentication,46212,0,110.777,13,36,483,2601,5264,8073
1785969300,1 Send request to authorize endpoint,46215,0,93.627,5,15,340,2474,5051,9658
1785969300,2 Start Authentication Flow,46214,0,83.730,4,10,232,2324,4786,8952
1785969300,__ALL__,231067,0,97.022,5,19,314,2605,5524,9990
1785969300,4 Obtain authorization code,46213,0,143.647,5,16,736,3723,6591,9990
1785969600,5 Obtain access token,47426,0,32.189,5,8,11,910,2720,5547
1785969600,3 Perform authentication,47653,0,73.331,13,20,37,1913,4752,7724
1785969600,1 Send request to authorize endpoint,47338,0,56.340,5,8,13,1824,4467,7983
1785969600,2 Start Authentication Flow,47238,0,52.059,4,6,9,1830,4335,8373
1785969600,__ALL__,237139,0,59.977,5,14,22,1898,4758,9657
1785969600,4 Obtain authorization code,47484,0,85.834,5,8,14,2874,5861,9657
1785969900,5 Obtain access token,48443,0,22.867,5,8,16,549,2439,5631
1785969900,3 Perform authentication,48214,0,51.299,13,20,42,1457,4105,7188
1785969900,1 Send request to authorize endpoint,48530,0,39.224,5,8,26,1277,3852,8498
1785969900,2 Start Authentication Flow,48631,0,37.746,4,6,20,1246,4080,8335
1785969900,__ALL__,242202,0,42.172,5,15,26,1311,4220,8687
1785969900,4 Obtain authorization code,48384,0,59.809,5,8,25,2335,5194,8687
1785970200,5 Obtain access token,46171,3,53.449,5,13,155,1408,3455,6213
1785970200,3 Perform authentication,46173,0,116.887,13,39,628,2674,5221,9745
1785970200,1 Send request to authorize endpoint,46171,0,95.888,5,16,319,2623,5094,8750
1785970200,2 Start Authentication Flow,46171,0,88.175,4,11,242,2427,4868,9698
1785970200,__ALL__,230858,6,100.364,5,21,348,2686,5502,11370
1785970200,4 Obtain authorization code,46172,3,147.421,5,17,721,3771,6368,11370
1785970500,5 Obtain access token,46163,1,51.884,5,11,132,1395,3464,7096
1785970500,3 Perform authentication,46162,0,110.334,13,30,494,2603,5277,8763
1785970500,1 Send request to authorize endpoint,46162,0,93.432,5,12,325,2457,5001,8615
1785970500,2 Start Authentication Flow,46161,0,88.033,4,9,263,2440,4800,9900
1785970500,__ALL__,230810,2,97.243,5,19,314,2611,5357,10652
1785970500,4 Obtain authorization code,46162,1,142.531,5,11,815,3587,6879,10652
1785970800,5 Obtain access token,46303,2,49.405,5,10,122,1347,3279,7556
1785970800,3 Perform authentication,46302,0,104.657,13,25,433,2510,5004,8808
1785970800,1 Send request to authorize endpoint,46304,0,89.923,5,10,292,2431,4954,8642
1785970800,2 Start Authentication Flow,46304,0,83.857,4,8,211,2360,4741,7831
1785970800,__ALL__,231516,4,93.308,5,18,275,2561,5249,11270
1785970800,4 Obtain authorization code,46303,2,138.702,5,10,678,3608,6433,11270
1785971100,5 Obtain access token,46584,1,43.995,5,9,92,1195,3095,7187
1785971100,3 Perform authentication,46585,1,102.100,13,26,483,2401,4817,10324
1785971100,1 Send request to authorize endpoint,46585,0,82.535,5,11,179,2283,4931,8612
1785971100,2 Start Authentication Flow,46585,0,78.305,4,8,136,2309,4779,8571
1785971100,__ALL__,232923,2,86.748,5,17,214,2411,5094,10324
1785971100,4 Obtain authorization code,46584,0,126.805,5,10,506,3411,6266,9346
1785971400,5 Obtain access token,47652,0,32.640,5,8,54,866,2635,5087
1785971400,3 Perform authentication,47651,0,74.475,13,20,225,1826,4116,8614
1785971400,1 Send request to authorize endpoint,47650,0,52.899,5,9,98,1593,3531,6503
1785971400,2 Start Authentication Flow,47648,0,42.303,4,7,62,1322,3324,6920
1785971400,__ALL__,238253,0,58.204,5,15,103,1711,3949,8701
1785971400,4 Obtain authorization code,47652,0,88.701,5,8,230,2576,5054,8701
1785971700,5 Obtain access token,44075,4,85.634,5,89,513,1830,3746,8060
1785971700,3 Perform authentication,44079,2,180.912,14,383,1284,3129,5688,10093
1785971700,1 Send request to authorize endpoint,44076,0,153.143,5,186,1151,2982,5622,9355
1785971700,2 Start Authentication Flow,44079,1,136.836,4,117,997,2906,5301,11373
1785971700,__ALL__,220385,9,159.520,5,194,1158,3170,5862,11373
1785971700,4 Obtain authorization code,44076,2,241.072,5,495,1993,4186,6887,10097
1785972000,5 Obtain access token,44467,1,77.511,5,79,443,1655,3622,9203
1785972000,3 Perform authentication,44465,0,171.543,14,327,1211,3055,5576,9312
1785972000,1 Send request to authorize endpoint,44468,0,143.338,5,157,1049,2897,5274,9333
1785972000,2 Start Authentication Flow,44467,0,123.830,4,105,864,2713,4805,8835
1785972000,__ALL__,222333,2,149.059,5,166,1048,3044,5598,10220
1785972000,4 Obtain authorization code,44466,1,229.077,5,420,1871,4110,6670,10220
1785972300,5 Obtain access token,44495,0,77.873,5,83,451,1708,3502,7143
1785972300,3 Perform authentication,44494,0,171.122,14,359,1234,2930,5374,9458
1785972300,1 Send request to authorize endpoint,44494,0,140.037,5,157,1037,2791,4931,11608
1785972300,2 Start Authentication Flow,44494,0,122.706,4,102,855,2686,5113,8148
1785972300,__ALL__,222473,0,146.978,5,173,1038,2971,5399,11608
1785972300,4 Obtain authorization code,44496,0,223.151,5,426,1841,3991,6359,9469
1785972600,5 Obtain access token,49788,0,5.248,5,7,8,11,32,115
1785972600,3 Perform authentication,49790,0,13.785,13,17,19,26,116,208
1785972600,1 Send request to authorize endpoint,49788,0,5.366,5,7,8,11,33,152
1785972600,2 Start Authentication Flow,49788,0,4.017,4,5,6,9,30,127
1785972600,__ALL__,248943,0,6.716,5,13,15,20,44,208
1785972600,4 Obtain authorization code,49789,0,5.164,5,7,8,10,54,192
1785972900,5 Obtain access token,49599,0,6.065,5,7,8,14,228,1572
1785972900,3 Perform authentication,49597,0,18.456,13,18,21,40,1315,1579
1785972900,1 Send request to authorize endpoint,49599,0,6.311,5,7,9,18,233,453
1785972900,2 Start Authentication Flow,49599,0,4.747,4,5,7,13,185,1569
1785972900,__ALL__,247992,0,8.620,5,13,15,27,527,1579
1785972900,4 Obtain authorization code,49598,0,7.524,5,7,8,17,552,1571
1785973200,5 Obtain access token,49737,0,5.302,5,7,8,12,30,56
1785973200,3 Perform authentication,49739,0,13.995,13,18,21,32,58,108
1785973200,1 Send request to authorize endpoint,49738,0,5.495,5,7,9,15,30,50
1785973200,2 Start Authentication Flow,49738,0,4.083,4,6,7,10,23,45
1785973200,__ALL__,248690,0,6.832,5,13,15,22,40,108
1785973200,4 Obtain authorization code,49738,0,5.287,5,7,9,15,31,49
1785973500,5 Obtain access token,49653,0,6.298,5,7,8,15,291,1565
1785973500,3 Perform authentication,49651,0,17.854,13,17,20,43,1283,1567
1785973500,1 Send request to authorize endpoint,49652,0,6.331,5,7,8,16,255,1562
1785973500,2 Start Authentication Flow,49652,0,4.530,4,5,6,13,157,395
1785973500,__ALL__,248260,0,8.358,5,13,15,26,378,1567
1785973500,4 Obtain authorization code,49652,0,6.780,5,7,8,15,324,775
1785973800,5 Obtain access token,49554,0,5.225,5,7,8,11,26,41
1785973800,3 Perform authentication,49556,0,13.743,13,18,20,31,53,77
1785973800,1 Send request to authorize endpoint,49554,0,5.401,5,7,8,14,33,54
1785973800,2 Start Authentication Flow,49554,0,4.017,4,5,7,10,24,37
1785973800,__ALL__,247771,0,6.704,5,13,15,21,39,77
1785973800,4 Obtain authorization code,49553,0,5.134,5,7,8,13,31,53
1785974100,5 Obtain access token,49527,0,5.712,5,7,8,13,150,1552
1785974100,3 Perform authentication,49527,0,17.747,13,17,20,36,1263,1548
1785974100,1 Send request to authorize endpoint,49527,0,5.963,5,7,8,14,196,485
1785974100,2 Start Authentication Flow,49527,0,4.471,4,5,6,11,140,1547
1785974100,__ALL__,247636,0,8.022,5,13,15,24,345,1552
1785974100,4 Obtain authorization code,49528,0,6.220,5,7,8,13,316,610
1785974400,5 Obtain access token,49670,0,5.204,5,7,8,11,19,40
1785974400,3 Perform authentication,49670,0,13.482,13,17,19,26,43,72
1785974400,1 Send request to authorize endpoint,49669,0,5.317,5,7,8,11,23,60
1785974400,2 Start Authentication Flow,49669,0,3.982,4,5,6,9,16,54
1785974400,__ALL__,248347,0,6.605,5,13,15,20,33,72
1785974400,4 Obtain authorization code,49669,0,5.040,5,7,8,10,20,40
1785974700,5 Obtain access token,49540,0,6.601,5,7,8,17,339,1576
1785974700,3 Perform authentication,49542,0,18.433,13,18,21,48,1296,1584
1785974700,1 Send request to authorize endpoint,49540,0,6.473,5,7,9,22,266,473
1785974700,2 Start Authentication Flow,49538,0,4.712,4,6,7,14,165,1574
1785974700,__ALL__,247703,0,8.642,5,13,15,30,410,1584
1785974700,4 Obtain authorization code,49543,0,6.990,5,7,8,22,326,497
1785975000,5 Obtain access token,49654,0,5.153,5,7,8,10,18,48
1785975000,3 Perform authentication,49650,0,13.288,13,17,19,25,40,66
1785975000,1 Send request to authorize endpoint,49655,0,5.276,5,7,8,11,18,48
1785975000,2 Start Authentication Flow,49658,0,3.921,4,5,6,8,15,44
1785975000,__ALL__,248269,0,6.524,5,13,15,19,31,66
1785975000,4 Obtain authorization code,49652,0,4.984,5,7,7,10,18,51
1785975300,5 Obtain access token,49608,0,6.166,5,7,8,15,298,513
1785975300,3 Perform authentication,49609,0,17.390,13,17,20,39,1142,1534
1785975300,1 Send request to authorize endpoint,49607,0,6.262,5,7,8,16,245,1537
1785975300,2 Start Authentication Flow,49607,0,4.575,4,5,6,13,153,403
1785975300,__ALL__,248039,0,8.238,5,13,15,25,410,1537
1785975300,4 Obtain authorization code,49608,0,6.795,5,7,8,15,415,794
1785975600,5 Obtain access token,49640,0,5.195,5,7,8,11,20,47
1785975600,3 Perform authentication,49639,0,13.586,13,17,20,29,46,79
1785975600,1 Send request to authorize endpoint,49640,0,5.346,5,7,8,13,26,41
1785975600,2 Start Authentication Flow,49638,0,3.984,4,5,6,10,19,39
1785975600,__ALL__,248197,0,6.641,5,13,15,21,35,79
1785975600,4 Obtain authorization code,49640,0,5.095,5,7,8,12,23,45
1785975900,5 Obtain access token,49500,0,6.968,5,7,8,15,445,1593
1785975900,3 Perform authentication,49502,0,18.650,13,17,20,41,1267,1582
1785975900,1 Send request to authorize endpoint,49500,0,6.710,5,7,8,18,340,1593
1785975900,2 Start Authentication Flow,49502,0,4.706,4,5,6,14,195,442
1785975900,__ALL__,247506,0,8.885,5,13,15,27,528,1593
1785975900,4 Obtain authorization code,49502,0,7.390,5,7,8,17,374,1592
1785976200,5 Obtain access token,49747,0,5.255,5,7,8,11,21,46
1785976200,3 Perform authentication,49746,0,13.682,13,18,21,30,52,157
1785976200,1 Send request to authorize endpoint,49747,0,5.448,5,7,9,14,23,91
1785976200,2 Start Authentication Flow,49747,0,4.059,4,6,7,10,17,51
1785976200,__ALL__,248731,0,6.734,5,13,15,21,35,157
1785976200,4 Obtain authorization code,49744,0,5.224,5,7,9,14,30,89
1785976500,5 Obtain access token,49585,0,5.951,5,7,8,15,216,437
1785976500,3 Perform authentication,49586,0,18.022,13,18,20,42,1291,1570
1785976500,1 Send request to authorize endpoint,49585,0,6.260,5,7,9,19,228,1565
1785976500,2 Start Authentication Flow,49585,0,4.492,4,5,7,13,141,333
1785976500,__ALL__,247927,0,8.212,5,13,15,27,379,1570
1785976500,4 Obtain authorization code,49586,0,6.337,5,7,8,19,293,1568
1785976800,5 Obtain access token,49574,0,6.476,5,7,8,42,243,896
1785976800,3 Perform authentication,49576,0,17.721,13,18,20,170,649,1312
1785976800,1 Send request to authorize endpoint,49574,0,7.430,5,7,9,69,369,1154
1785976800,2 Start Authentication Flow,49573,0,5.637,4,5,7,49,310,1026
1785976800,__ALL__,247873,0,9.279,5,13,16,83,493,1442
1785976800,4 Obtain authorization code,49576,0,9.131,5,7,8,140,754,1442
1785977100,5 Obtain access token,49617,0,6.186,5,7,8,21,241,564
1785977100,3 Perform authentication,49613,0,19.288,13,17,20,90,1357,1611
1785977100,1 Send request to authorize endpoint,49617,0,6.529,5,7,8,30,242,1600
1785977100,2 Start Authentication Flow,49616,0,4.884,4,5,7,19,222,1598
1785977100,__ALL__,248077,0,9.044,5,13,15,34,673,1611
1785977100,4 Obtain authorization code,49614,0,8.333,5,7,8,39,708,1603
1785977400,5 Obtain access token,49649,0,5.162,5,7,8,11,24,45
1785977400,3 Perform authentication,49650,0,13.318,13,17,19,26,49,71
1785977400,1 Send request to authorize endpoint,49650,0,5.248,5,7,8,11,29,46
1785977400,2 Start Authentication Flow,49649,0,3.930,4,5,6,9,18,45
1785977400,__ALL__,248247,0,6.520,5,13,15,20,34,71
1785977400,4 Obtain authorization code,49649,0,4.941,5,6,7,10,22,55
1785977700,5 Obtain access token,49665,0,6.548,5,7,8,16,322,1544
1785977700,3 Perform authentication,49664,0,17.927,13,17,20,44,1265,1531
1785977700,1 Send request to authorize endpoint,49666,0,6.466,5,7,9,19,271,641
1785977700,2 Start Authentication Flow,49666,0,4.648,4,5,7,14,161,412
1785977700,__ALL__,248326,0,8.483,5,13,15,28,392,1544
1785977700,4 Obtain authorization code,49665,0,6.827,5,7,8,19,323,683
1785978000,5 Obtain access token,49628,0,5.139,5,7,8,10,17,48
1785978000,3 Perform authentication,49629,0,13.302,13,17,19,25,42,74
1785978000,1 Send request to authorize endpoint,49626,0,5.233,5,7,8,11,19,56
1785978000,2 Start Authentication Flow,49629,0,3.940,4,5,6,9,15,50
1785978000,__ALL__,248141,0,6.511,5,13,15,19,31,74
1785978000,4 Obtain authorization code,49629,0,4.939,5,6,7,10,19,49
1785978300,5 Obtain access token,49665,0,6.476,5,7,8,24,290,1591
1785978300,3 Perform authentication,49664,0,19.332,13,17,20,126,1351,1596
1785978300,1 Send request to authorize endpoint,49666,0,6.536,5,7,8,31,260,1591
1785978300,2 Start Authentication Flow,49664,0,4.723,4,5,7,20,177,383
1785978300,__ALL__,248323,0,8.941,5,13,15,37,478,1596
1785978300,4 Obtain authorization code,49664,0,7.636,5,7,8,49,398,1590
1785978600,5 Obtain access token,49507,0,7.282,5,7,8,51,461,1463
1785978600,3 Perform authentication,49508,0,19.718,13,18,21,212,1067,2094
1785978600,1 Send request to authorize endpoint,49507,0,8.857,5,7,9,96,777,2035
1785978600,2 Start Authentication Flow,49509,0,6.700,4,5,7,63,585,1930
1785978600,__ALL__,247539,0,10.959,5,13,16,110,923,2094
1785978600,4 Obtain authorization code,49508,0,12.240,5,7,8,209,1328,2058
1785978900,5 Obtain access token,49387,0,8.279,5,7,9,86,535,1615
1785978900,3 Perform authentication,49388,0,25.729,13,18,23,454,1429,2455
1785978900,1 Send request to authorize endpoint,49386,0,10.785,5,8,10,154,967,2417
1785978900,2 Start Authentication Flow,49386,0,8.216,4,6,8,115,796,2220
1785978900,__ALL__,246936,0,13.579,5,14,17,198,1193,2526
1785978900,4 Obtain authorization code,49389,0,14.886,5,7,9,312,1399,2526
1785979200,5 Obtain access token,49402,0,8.921,5,7,9,103,664,2136
1785979200,3 Perform authentication,49401,0,24.562,13,18,21,419,1423,2813
1785979200,1 Send request to authorize endpoint,49404,0,11.479,5,7,9,196,977,2386
1785979200,2 Start Authentication Flow,49404,0,8.952,4,6,7,148,827,2351
1785979200,__ALL__,247011,0,14.273,5,13,16,241,1267,2831
1785979200,4 Obtain authorization code,49400,0,17.453,5,7,8,436,1629,2831
1785979500,5 Obtain access token,48694,0,16.793,5,7,10,322,1800,6689
1785979500,3 Perform authentication,48693,0,44.872,13,19,25,1177,3256,5072
1785979500,1 Send request to authorize endpoint,48694,0,25.588,5,8,11,606,2934,5769
1785979500,2 Start Authentication Flow,48692,0,19.920,4,6,8,392,2566,5210
1785979500,__ALL__,243467,0,30.056,5,14,18,775,3141,6689
1785979500,4 Obtain authorization code,48694,0,43.109,5,7,10,1428,4319,6558
1785979800,5 Obtain access token,47373,0,33.831,5,9,61,901,2351,5257
1785979800,3 Perform authentication,47375,0,76.702,13,23,239,1880,3865,6204
1785979800,1 Send request to authorize endpoint,47369,0,60.895,5,10,128,1724,3778,6361
1785979800,2 Start Authentication Flow,47371,0,54.987,4,7,91,1627,3577,7680
1785979800,__ALL__,236862,0,64.401,5,16,128,1806,4043,7680
1785979800,4 Obtain authorization code,47374,0,95.591,5,9,275,2701,5000,7545
1785980100,5 Obtain access token,48537,0,20.430,5,8,14,463,1938,4178
1785980100,3 Perform authentication,48536,0,49.949,13,20,42,1216,3404,5896
1785980100,1 Send request to authorize endpoint,48541,0,33.638,5,8,18,1033,3061,6528
1785980100,2 Start Authentication Flow,48539,0,27.927,4,6,12,880,2780,5063
1785980100,__ALL__,242688,0,36.601,5,15,24,1056,3269,7126
1785980100,4 Obtain authorization code,48535,0,51.063,5,8,19,1705,4233,7126
1785980400,5 Obtain access token,48434,0,21.397,5,8,11,537,2083,5536
1785980400,3 Perform authentication,48434,0,47.736,13,19,29,1238,3525,7372
1785980400,1 Send request to authorize endpoint,48433,0,34.943,5,8,12,1131,3256,7067
1785980400,2 Start Authentication Flow,48434,0,30.224,4,6,9,991,3072,7024
1785980400,__ALL__,242169,0,37.477,5,15,20,1135,3507,7521
1785980400,4 Obtain authorization code,48434,0,53.083,5,8,11,1917,4675,7521
1785980700,5 Obtain access token,48191,0,24.725,5,8,39,591,2046,5057
1785980700,3 Perform authentication,48190,0,58.911,13,21,183,1350,3256,7146
1785980700,1 Send request to authorize endpoint,48192,0,41.426,5,9,74,1162,2959,6089
1785980700,2 Start Authentication Flow,48193,0,34.855,4,7,49,1021,2806,4866
1785980700,__ALL__,240957,0,44.516,5,16,78,1212,3286,7991
1785980700,4 Obtain authorization code,48191,0,62.662,5,8,152,1822,4166,7991
1785981000,5 Obtain access token,49432,0,5.179,5,7,8,11,20,38
1785981000,3 Perform authentication,49433,0,13.623,13,17,20,27,43,72
1785981000,1 Send request to authorize endpoint,49432,0,5.323,5,7,8,12,24,46
1785981000,2 Start Authentication Flow,49432,0,3.970,4,5,6,9,18,38
1785981000,__ALL__,247162,0,6.645,5,13,15,20,33,72
1785981000,4 Obtain authorization code,49433,0,5.129,5,7,8,12,24,38
1785981300,5 Obtain access token,48451,0,21.872,5,8,17,489,2251,5539
1785981300,3 Perform authentication,48449,0,50.533,13,20,64,1284,3201,8966
1785981300,1 Send request to authorize endpoint,48448,0,33.807,5,8,24,1076,2835,7224
1785981300,2 Start Authentication Flow,48447,0,29.469,4,6,16,950,2782,6576
1785981300,__ALL__,242245,0,37.538,5,15,28,1097,3257,8966
1785981300,4 Obtain authorization code,48450,0,52.007,5,8,33,1780,4064,6966
1785981600,5 Obtain access token,48630,0,22.367,5,8,16,549,2183,5617
1785981600,3 Perform authentication,48633,0,48.316,13,20,48,1231,3276,6805
1785981600,1 Send request to authorize endpoint,48630,0,36.729,5,8,19,1168,3413,6231
1785981600,2 Start Authentication Flow,48630,0,31.299,4,6,14,1004,3209,6519
1785981600,__ALL__,243154,0,38.879,5,15,26,1159,3568,7665
1785981600,4 Obtain authorization code,48631,0,55.683,5,8,24,1949,4666,7665
1785981900,5 Obtain access token,48295,0,21.762,5,8,28,463,2065,4586
1785981900,3 Perform authentication,48293,0,58.165,13,22,107,1457,3377,5308
1785981900,1 Send request to authorize endpoint,48297,0,38.178,5,9,49,1122,3336,5696
1785981900,2 Start Authentication Flow,48297,0,29.745,4,7,30,883,2903,6530
1785981900,__ALL__,241477,0,40.404,5,16,48,1151,3467,6728
1785981900,4 Obtain authorization code,48295,0,54.172,5,9,78,1784,4446,6728
1785982200,5 Obtain access token,48532,0,19.917,5,8,12,481,2054,4240
1785982200,3 Perform authentication,48531,0,43.514,13,20,33,1047,2932,5803
1785982200,1 Send request to authorize endpoint,48530,0,31.349,5,8,14,985,2786,6031
1785982200,2 Start Authentication Flow,48530,0,26.917,4,6,10,915,2622,4683
1785982200,__ALL__,242654,0,33.874,5,15,21,994,3067,7239
1785982200,4 Obtain authorization code,48531,0,47.673,5,8,13,1684,3936,7239
1785982500,5 Obtain access token,48661,0,17.167,5,8,15,360,1520,3589
1785982500,3 Perform authentication,48667,0,44.606,13,20,55,1069,2649,5838
1785982500,1 Send request to authorize endpoint,48663,0,28.239,5,8,20,794,2477,6078
1785982500,2 Start Authentication Flow,48662,0,24.478,4,6,14,751,2391,4712
1785982500,__ALL__,243318,0,31.286,5,15,26,874,2652,6078
1785982500,4 Obtain authorization code,48665,0,41.937,5,8,30,1387,3101,5428
1785982800,5 Obtain access token,48765,0,18.339,5,8,13,422,1773,4386
1785982800,3 Perform authentication,48759,0,42.656,13,20,36,1014,2911,6212
1785982800,1 Send request to authorize endpoint,48766,0,30.502,5,8,14,918,2825,5615
1785982800,2 Start Authentication Flow,48766,0,25.036,4,6,11,776,2358,4934
1785982800,__ALL__,243817,0,31.841,5,15,22,899,2826,6295
1785982800,4 Obtain authorization code,48761,0,42.675,5,8,15,1439,3578,6295
1785983100,5 Obtain access token,49509,0,7.285,5,7,9,37,409,1599
1785983100,3 Perform authentication,49511,0,20.646,13,19,25,184,1322,1604
1785983100,1 Send request to authorize endpoint,49509,0,7.432,5,8,11,55,353,747
1785983100,2 Start Authentication Flow,49510,0,5.363,4,6,8,39,224,557
1785983100,__ALL__,247549,0,9.923,5,14,17,66,589,1604
1785983100,4 Obtain authorization code,49510,0,8.886,5,7,11,107,568,1597
1785983400,5 Obtain access token,48687,0,17.997,5,8,11,410,1744,3832
1785983400,3 Perform authentication,48687,0,40.838,13,20,29,1000,2839,4309
1785983400,1 Send request to authorize endpoint,48685,0,28.241,5,8,12,889,2440,5183
1785983400,2 Start Authentication Flow,48683,0,25.173,4,6,9,816,2515,5945
1785983400,__ALL__,243429,0,31.116,5,15,20,909,2887,5945
1785983400,4 Obtain authorization code,48687,0,43.333,5,8,12,1510,3719,5853
1785983700,5 Obtain access token,48617,0,19.418,5,8,21,433,1579,3667
1785983700,3 Perform authentication,48617,0,48.084,13,21,82,1140,2974,5729
1785983700,1 Send request to authorize endpoint,48617,0,31.804,5,9,32,951,2718,5324
1785983700,2 Start Authentication Flow,48620,0,27.783,4,7,22,820,2801,5407
1785983700,__ALL__,243088,0,35.059,5,15,33,977,2934,6842
1785983700,4 Obtain authorization code,48617,0,48.204,5,8,52,1532,3749,6842
1785984000,5 Obtain access token,48741,0,17.955,5,8,14,409,1570,3957
1785984000,3 Perform authentication,48742,0,42.128,13,21,40,981,2677,4537
1785984000,1 Send request to authorize endpoint,48742,0,31.151,5,8,18,910,2862,5639
1785984000,2 Start Authentication Flow,48742,0,26.145,4,6,13,836,2464,4427
1785984000,__ALL__,243707,0,32.043,5,15,25,896,2809,6593
1785984000,4 Obtain authorization code,48740,0,42.835,5,8,18,1447,3416,6593
1785984300,5 Obtain access token,48585,0,18.723,5,8,22,415,1645,4126
1785984300,3 Perform authentication,48583,0,47.555,13,23,81,1138,2978,5117
1785984300,1 Send request to authorize endpoint,48583,0,30.254,5,9,32,890,2480,5472
1785984300,2 Start Authentication Flow,48581,0,26.088,4,7,24,767,2525,5827
1785984300,__ALL__,242918,0,33.602,5,16,35,936,2877,5848
1785984300,4 Obtain authorization code,48586,0,45.390,5,9,52,1461,3425,5848
1785984600,5 Obtain access token,48613,0,18.852,5,8,14,421,1820,4697
1785984600,3 Perform authentication,48613,0,45.269,13,20,41,1072,3172,5353
1785984600,1 Send request to authorize endpoint,48615,0,31.097,5,8,18,965,2786,6684
1785984600,2 Start Authentication Flow,48616,0,27.989,4,6,12,914,2727,6248
1785984600,__ALL__,243070,0,33.915,5,15,25,968,3031,6684
1785984600,4 Obtain authorization code,48613,0,46.367,5,8,18,1572,3819,5971
1785984900,5 Obtain access token,48446,0,21.473,5,8,26,489,2048,4346
1785984900,3 Perform authentication,48447,0,50.833,13,22,101,1264,3203,5966
1785984900,1 Send request to authorize endpoint,48444,0,34.800,5,9,41,1086,2913,5895
1785984900,2 Start Authentication Flow,48444,0,30.011,4,7,30,923,2963,5502
1785984900,__ALL__,242226,0,37.771,5,16,43,1096,3234,6384
1785984900,4 Obtain authorization code,48445,0,51.739,5,8,73,1678,4119,6384
1785985200,5 Obtain access token,49587,0,5.304,5,7,8,11,33,199
1785985200,3 Perform authentication,49614,0,14.139,13,18,20,31,112,239
1785985200,1 Send request to authorize endpoint,49582,0,5.476,5,7,8,13,41,192
1785985200,2 Start Authentication Flow,49575,0,4.091,4,5,6,10,28,180
1785985200,__ALL__,247953,0,6.872,5,13,15,21,54,244
1785985200,4 Obtain authorization code,49595,0,5.347,5,7,8,13,58,244
1785985500,5 Obtain access token,48312,0,24.648,5,9,50,546,1992,5155
1785985500,3 Perform authentication,48284,0,59.272,13,25,177,1300,3425,7949
1785985500,1 Send request to authorize endpoint,48320,0,40.332,5,10,95,1093,3024,6188
1785985500,2 Start Authentication Flow,48326,0,33.802,4,8,69,988,2849,5229
1785985500,__ALL__,241546,0,43.646,5,17,97,1153,3274,7949
1785985500,4 Obtain authorization code,48304,0,60.192,5,10,175,1807,4192,7666
1785985800,5 Obtain access token,48162,0,24.115,5,9,32,576,1919,5656
1785985800,3 Perform authentication,48161,0,58.524,13,23,130,1393,3515,6151
1785985800,1 Send request to authorize endpoint,48159,0,43.161,5,9,60,1253,3242,7132
1785985800,2 Start Authentication Flow,48159,0,38.105,4,7,39,1159,2978,5819
1785985800,__ALL__,240803,0,45.806,5,16,60,1274,3540,8600
1785985800,4 Obtain authorization code,48162,0,65.126,5,9,100,1942,4428,8600
1785986100,5 Obtain access token,48081,0,25.754,5,9,54,585,1789,4052
1785986100,3 Perform authentication,48087,0,62.787,13,24,227,1348,3192,5771
1785986100,1 Send request to authorize endpoint,48084,0,42.644,5,10,103,1210,2857,5385
1785986100,2 Start Authentication Flow,48085,0,38.698,4,7,74,1143,2853,5067
1785986100,__ALL__,240422,0,47.163,5,17,111,1247,3228,7022
1785986100,4 Obtain authorization code,48085,0,65.928,5,9,223,1885,4090,7022
1785986400,5 Obtain access token,48523,0,18.265,5,8,30,400,1331,2956
1785986400,3 Perform authentication,48518,0,45.264,13,21,128,954,2260,4461
1785986400,1 Send request to authorize endpoint,48521,0,30.257,5,9,49,791,2100,4244
1785986400,2 Start Authentication Flow,48521,0,27.350,4,7,34,767,2080,4315
1785986400,__ALL__,242603,0,33.384,5,16,54,857,2268,5300
1785986400,4 Obtain authorization code,48520,0,45.784,5,8,92,1314,2894,5300
1785986700,5 Obtain access token,48618,0,18.097,5,9,23,408,1269,4171
1785986700,3 Perform authentication,48618,0,47.231,13,22,85,1056,2261,5132
1785986700,1 Send request to authorize endpoint,48620,0,30.624,5,9,37,876,2074,3531
1785986700,2 Start Authentication Flow,48621,0,27.396,4,7,25,804,2111,4749
1785986700,__ALL__,243094,0,33.525,5,16,40,904,2249,5132
1785986700,4 Obtain authorization code,48617,0,44.279,5,9,56,1295,2887,4663
1785987000,5 Obtain access token,49666,0,5.643,5,7,8,15,107,416
1785987000,3 Perform authentication,49667,0,15.243,13,18,22,40,336,858
1785987000,1 Send request to authorize endpoint,49666,0,6.046,5,7,9,19,180,683
1785987000,2 Start Authentication Flow,49664,0,4.459,4,6,7,13,120,576
1785987000,__ALL__,248330,0,7.544,5,13,16,28,217,908
1785987000,4 Obtain authorization code,49667,0,6.328,5,7,9,20,282,908
1785987300,5 Obtain access token,48286,0,23.166,5,8,63,512,1557,5466
1785987300,3 Perform authentication,48287,0,56.274,13,22,267,1120,2368,5898
1785987300,1 Send request to authorize endpoint,48285,0,39.574,5,9,142,961,2470,4879
1785987300,2 Start Authentication Flow,48287,0,35.609,4,7,101,945,2319,5160
1785987300,__ALL__,241433,0,42.953,5,16,142,1034,2592,5898
1785987300,4 Obtain authorization code,48288,0,60.141,5,9,312,1485,3310,5722
1785987600,5 Obtain access token,48335,0,20.856,5,8,22,479,1855,4112
1785987600,3 Perform authentication,48336,0,48.506,13,22,87,1098,2995,6879
1785987600,1 Send request to authorize endpoint,48335,0,35.618,5,9,33,1033,2766,6060
1785987600,2 Start Authentication Flow,48335,0,31.437,4,7,23,936,2617,7350
1785987600,__ALL__,241675,0,37.766,5,16,38,1033,2990,7350
1785987600,4 Obtain authorization code,48334,0,52.414,5,9,55,1604,3868,5697
1785987900,5 Obtain access token,48483,0,19.895,5,9,44,404,1308,3870
1785987900,3 Perform authentication,48480,0,53.163,13,25,175,1134,2531,4928
1785987900,1 Send request to authorize endpoint,48483,0,31.037,5,10,83,776,2159,4087
1785987900,2 Start Authentication Flow,48480,0,26.616,4,7,58,694,2197,4685
1785987900,__ALL__,242408,0,36.070,5,17,90,905,2436,5225
1785987900,4 Obtain authorization code,48482,0,49.642,5,9,161,1349,3042,5225
1785988200,5 Obtain access token,49193,0,10.347,5,8,11,142,799,2341
1785988200,3 Perform authentication,49193,0,28.309,13,20,31,449,1608,3119
1785988200,1 Send request to authorize endpoint,49194,0,14.304,5,8,13,255,1324,2946
1785988200,2 Start Authentication Flow,49197,0,11.039,4,6,9,202,1014,3098
1785988200,__ALL__,245970,0,17.253,5,14,19,301,1521,3164
1785988200,4 Obtain authorization code,49193,0,22.269,5,8,12,538,2006,3164
1785988500,5 Obtain access token,49021,0,11.430,5,7,10,190,876,2524
1785988500,3 Perform authentication,49022,0,31.981,13,18,25,673,1677,3629
1785988500,1 Send request to authorize endpoint,49021,0,15.413,5,8,11,327,1160,2790
1785988500,2 Start Authentication Flow,49020,0,12.919,4,6,8,287,1218,3087
1785988500,__ALL__,245104,0,19.114,5,14,18,408,1534,3629
1785988500,4 Obtain authorization code,49020,0,23.824,5,7,10,627,1913,3394
1785988800,5 Obtain access token,49817,0,5.204,5,7,8,11,21,48
1785988800,3 Perform authentication,49815,0,13.724,13,17,19,26,49,93
1785988800,1 Send request to authorize endpoint,49817,0,5.304,5,7,8,11,22,71
1785988800,2 Start Authentication Flow,49815,0,3.985,4,5,6,9,17,49
1785988800,__ALL__,249081,0,6.684,5,13,15,20,34,93
1785988800,4 Obtain authorization code,49817,0,5.206,5,7,8,10,21,45
1785989100,5 Obtain access token,49602,0,6.348,5,7,8,15,320,628
1785989100,3 Perform authentication,49603,0,18.139,13,17,20,47,1236,1544
1785989100,1 Send request to authorize endpoint,49601,0,6.332,5,7,8,16,259,1550
1785989100,2 Start Authentication Flow,49603,0,4.557,4,5,6,12,158,1548
1785989100,__ALL__,248012,0,8.494,5,13,15,26,424,1550
1785989100,4 Obtain authorization code,49603,0,7.094,5,7,8,17,369,1549
1785989400,5 Obtain access token,49609,0,5.204,5,7,8,11,22,55
1785989400,3 Perform authentication,49611,0,13.710,13,18,20,29,51,66
1785989400,1 Send request to authorize endpoint,49610,0,5.357,5,7,8,13,32,52
1785989400,2 Start Authentication Flow,49611,0,3.963,4,5,6,9,17,51
1785989400,__ALL__,248050,0,6.672,5,13,15,20,39,66
1785989400,4 Obtain authorization code,49609,0,5.127,5,7,8,12,27,50
1785989700,5 Obtain access token,49532,0,6.879,5,7,8,31,368,1609
1785989700,3 Perform authentication,49532,0,19.634,13,17,20,145,1354,1612
1785989700,1 Send request to authorize endpoint,49532,0,6.716,5,7,8,38,288,541
1785989700,2 Start Authentication Flow,49530,0,4.909,4,5,6,29,200,1605
1785989700,__ALL__,247658,0,9.234,5,13,15,47,538,1612
1785989700,4 Obtain authorization code,49532,0,8.033,5,7,8,90,400,1608
1785990000,5 Obtain access token,49621,0,5.244,5,7,8,11,40,82
1785990000,3 Perform authentication,49621,0,13.865,13,17,19,29,144,274
1785990000,1 Send request to authorize endpoint,49621,0,5.372,5,7,8,11,41,221
1785990000,2 Start Authentication Flow,49621,0,3.996,4,5,6,9,32,116
1785990000,__ALL__,248104,0,6.735,5,13,15,20,78,274
1785990000,4 Obtain authorization code,49620,0,5.199,5,7,8,11,88,193
1785990300,5 Obtain access token,49450,0,7.399,5,7,8,74,343,1562
1785990300,3 Perform authentication,49451,0,22.994,13,18,21,342,1293,1711
1785990300,1 Send request to authorize endpoint,49450,0,8.957,5,7,9,117,628,1805
1785990300,2 Start Authentication Flow,49449,0,6.751,4,6,7,83,494,1422
1785990300,__ALL__,247252,0,11.649,5,13,16,152,894,2303
1785990300,4 Obtain authorization code,49452,0,12.145,5,7,8,275,1000,2303
1785990600,5 Obtain access token,49316,0,10.090,5,8,11,123,826,2466
1785990600,3 Perform authentication,49313,0,28.326,13,19,27,526,1903,3581
1785990600,1 Send request to authorize endpoint,49316,0,14.083,5,8,11,221,1621,4172
1785990600,2 Start Authentication Flow,49316,0,10.642,4,6,9,163,1233,2814
1785990600,__ALL__,246576,0,17.025,5,14,17,275,1815,4172
1785990600,4 Obtain authorization code,49315,0,21.984,5,7,10,599,2303,3878
1785990900,5 Obtain access token,49129,0,10.646,5,7,9,146,958,2670
1785990900,3 Perform authentication,49133,0,32.654,13,18,23,774,2046,4000
1785990900,1 Send request to authorize endpoint,49128,0,14.405,5,8,10,237,1495,3830
1785990900,2 Start Authentication Flow,49129,0,11.060,4,6,8,185,1284,3788
1785990900,__ALL__,245650,0,18.462,5,14,17,348,1819,4705
1785990900,4 Obtain authorization code,49131,0,23.541,5,7,9,639,2367,4705
1785991200,5 Obtain access token,49236,0,10.438,5,7,8,127,1071,3285
1785991200,3 Perform authentication,49233,0,29.688,13,18,21,634,2283,4067
1785991200,1 Send request to authorize endpoint,49237,0,14.007,5,7,9,240,1594,3767
1785991200,2 Start Authentication Flow,49239,0,11.196,4,6,7,172,1457,3874
1785991200,__ALL__,246178,0,17.785,5,13,16,299,1973,4189
1785991200,4 Obtain authorization code,49233,0,23.598,5,7,8,643,2456,4189
1785991500,5 Obtain access token,49246,0,11.012,5,7,9,149,1033,2801
1785991500,3 Perform authentication,49244,0,34.056,13,18,22,811,2271,3937
1785991500,1 Send request to authorize endpoint,49245,0,15.793,5,7,9,294,1645,3507
1785991500,2 Start Authentication Flow,49242,0,12.031,4,6,7,209,1416,3155
1785991500,__ALL__,246223,0,19.746,5,14,17,392,2028,4180
1785991500,4 Obtain authorization code,49246,0,25.840,5,7,9,687,2489,4180
1785991800,5 Obtain access token,49764,0,5.210,5,7,8,11,16,38
1785991800,3 Perform authentication,49765,0,13.632,13,18,20,27,40,63
1785991800,1 Send request to authorize endpoint,49764,0,5.393,5,7,8,12,18,41
1785991800,2 Start Authentication Flow,49766,0,4.010,4,5,6,9,13,36
1785991800,__ALL__,248824,0,6.678,5,13,15,20,32,63
1785991800,4 Obtain authorization code,49765,0,5.145,5,7,8,12,17,40
1785992100,5 Obtain access token,49511,0,5.775,5,7,9,15,124,1574
1785992100,3 Perform authentication,49512,0,18.397,13,18,22,42,1358,1584
1785992100,1 Send request to authorize endpoint,49509,0,6.264,5,8,10,20,177,1573
1785992100,2 Start Authentication Flow,49509,0,4.691,4,6,7,14,149,1575
1785992100,__ALL__,247552,0,8.310,5,13,16,28,327,1584
1785992100,4 Obtain authorization code,49511,0,6.423,5,7,9,20,280,529
1785992400,5 Obtain access token,48642,0,16.445,5,15,55,263,850,2019
1785992400,3 Perform authentication,48703,0,46.680,14,68,197,726,1710,3921
1785992400,1 Send request to authorize endpoint,48619,0,25.178,6,17,100,478,1449,3182
1785992400,2 Start Authentication Flow,48596,0,19.800,4,13,76,380,1205,2871
1785992400,__ALL__,243221,0,29.361,6,25,114,551,1587,3947
1785992400,4 Obtain authorization code,48661,0,38.664,5,23,181,854,1979,3947
1785992700,5 Obtain access token,49168,0,12.006,5,10,26,171,665,1676
1785992700,3 Perform authentication,49108,0,36.419,14,30,119,616,1421,2370
1785992700,1 Send request to authorize endpoint,49194,0,16.720,5,11,40,317,959,1853
1785992700,2 Start Authentication Flow,49214,0,13.202,4,8,29,255,894,1669
1785992700,__ALL__,245835,0,20.617,6,18,49,395,1207,2370
1785992700,4 Obtain authorization code,49151,0,24.766,5,12,67,574,1398,2350
1785993000,5 Obtain access token,48989,0,13.594,5,12,30,187,888,4040
1785993000,3 Perform authentication,48989,0,40.774,15,36,113,655,2195,4375
1785993000,1 Send request to authorize endpoint,48988,0,20.491,6,16,49,331,1618,3399
1785993000,2 Start Authentication Flow,48990,0,15.568,4,10,35,249,1361,3108
1785993000,__ALL__,244943,0,24.761,6,21,55,422,1961,4375
1785993000,4 Obtain authorization code,48987,0,33.380,6,16,84,763,2737,4349
1785993300,5 Obtain access token,47484,8,33.702,5,9,51,797,3634,10007
1785993300,3 Perform authentication,47483,3,77.524,14,24,211,1793,5463,10370
1785993300,1 Send request to authorize endpoint,47483,0,56.542,5,10,93,1809,4969,12040
1785993300,2 Start Authentication Flow,47485,0,48.724,4,8,69,1588,4922,9195
1785993300,__ALL__,237419,15,61.697,5,18,105,1752,5691,12040
1785993300,4 Obtain authorization code,47484,4,91.994,5,10,187,2991,7375,10411
1785993600,5 Obtain access token,45547,5,61.298,5,15,225,1552,3848,8596
1785993600,3 Perform authentication,45546,1,136.794,14,53,782,2998,6303,8953
1785993600,1 Send request to authorize endpoint,45549,0,109.104,5,21,460,2826,6027,11729
1785993600,2 Start Authentication Flow,45547,1,93.285,4,14,297,2662,5500,10679
1785993600,__ALL__,227735,11,115.970,5,29,503,2972,6330,11729
1785993600,4 Obtain authorization code,45546,4,179.370,5,26,1142,4281,7992,11544
1785993900,5 Obtain access token,49496,0,8.717,5,14,21,48,276,639
1785993900,3 Perform authentication,49504,0,30.174,15,56,83,193,1339,1596
1785993900,1 Send request to authorize endpoint,49495,0,10.393,6,20,30,76,271,1584
1785993900,2 Start Authentication Flow,49493,0,7.079,4,13,18,52,210,455
1785993900,__ALL__,247484,0,13.477,6,22,39,114,561,1596
1785993900,4 Obtain authorization code,49496,0,11.018,5,13,25,125,578,1586
1785994200,5 Obtain access token,48298,0,22.631,6,17,25,431,2178,6212
1785994200,3 Perform authentication,48291,0,61.634,17,73,105,1283,3724,6414
1785994200,1 Send request to authorize endpoint,48298,0,37.373,6,26,38,1008,3514,7328
1785994200,2 Start Authentication Flow,48302,0,30.274,4,15,24,770,3588,6535
1785994200,__ALL__,241487,0,40.891,7,31,63,1048,3727,7328
1785994200,4 Obtain authorization code,48298,0,52.549,5,19,36,1805,4574,6821
1785994500,5 Obtain access token,49563,0,6.812,5,7,8,16,414,1473
1785994500,3 Perform authentication,49562,0,18.269,13,18,21,43,1206,1473
1785994500,1 Send request to authorize endpoint,49564,0,6.540,5,7,9,18,263,1475
1785994500,2 Start Authentication Flow,49562,0,4.721,4,6,7,13,173,476
1785994500,__ALL__,247814,0,8.650,5,13,16,27,426,1475
1785994500,4 Obtain authorization code,49563,0,6.910,5,7,8,19,315,546
1785994800,5 Obtain access token,49741,0,5.195,5,7,8,11,17,40
1785994800,3 Perform authentication,49745,0,13.556,13,17,20,26,43,90
1785994800,1 Send request to authorize endpoint,49739,0,5.320,5,7,8,11,19,43
1785994800,2 Start Authentication Flow,49738,0,3.995,4,5,6,9,16,39
1785994800,__ALL__,248706,0,6.621,5,13,15,20,33,90
1785994800,4 Obtain authorization code,49743,0,5.039,5,7,8,11,19,43
1785995100,5 Obtain access token,49599,0,5.566,5,7,8,12,121,1550
1785995100,3 Perform authentication,49594,0,17.479,13,17,20,33,1295,1559
1785995100,1 Send request to authorize endpoint,49600,0,5.879,5,7,8,14,173,1554
1785995100,2 Start Authentication Flow,49601,0,4.364,4,5,6,11,122,1541
1785995100,__ALL__,247991,0,7.837,5,13,15,23,304,1559
1785995100,4 Obtain authorization code,49597,0,5.896,5,7,8,13,252,1545
1785995400,5 Obtain access token,49655,0,5.124,5,7,8,10,17,50
1785995400,3 Perform authentication,49656,0,13.477,13,17,19,25,41,67
1785995400,1 Send request to authorize endpoint,49656,0,5.242,5,7,8,11,19,48
1785995400,2 Start Authentication Flow,49657,0,3.930,4,5,6,9,14,38
1785995400,__ALL__,248280,0,6.541,5,13,15,20,31,67
1785995400,4 Obtain authorization code,49656,0,4.933,5,6,8,11,19,43
1785995700,5 Obtain access token,49495,0,5.974,5,7,9,17,180,1613
1785995700,3 Perform authentication,49495,0,18.871,13,18,22,46,1346,1624
1785995700,1 Send request to authorize endpoint,49495,0,6.363,5,8,9,24,225,464
1785995700,2 Start Authentication Flow,49495,0,4.695,4,6,7,16,159,344
1785995700,__ALL__,247474,0,8.537,5,13,16,32,455,1624
1785995700,4 Obtain authorization code,49494,0,6.781,5,7,9,24,397,1614
1785996000,5 Obtain access token,49672,0,5.178,5,7,8,11,19,48
1785996000,3 Perform authentication,49673,0,13.481,13,17,19,26,46,78
1785996000,1 Send request to authorize endpoint,49672,0,5.304,5,7,8,11,21,51
1785996000,2 Start Authentication Flow,49672,0,3.993,4,5,6,9,16,38
1785996000,__ALL__,248361,0,6.586,5,13,15,20,33,78
1785996000,4 Obtain authorization code,49672,0,4.972,5,7,8,11,19,41
1785996300,5 Obtain access token,49294,0,9.118,5,7,8,115,663,2491
1785996300,3 Perform authentication,49294,0,29.082,13,18,21,576,2268,2498
1785996300,1 Send request to authorize endpoint,49294,0,11.559,5,7,9,239,916,2489
1785996300,2 Start Authentication Flow,49293,0,8.941,4,5,7,177,782,1352
1785996300,__ALL__,246470,0,15.266,5,13,16,267,1593,2498
1785996300,4 Obtain authorization code,49295,0,17.627,5,7,8,552,1792,2489
1785996600,5 Obtain access token,49677,0,5.157,5,7,8,10,17,40
1785996600,3 Perform authentication,49676,0,13.537,13,17,19,26,43,67
1785996600,1 Send request to authorize endpoint,49677,0,5.277,5,7,8,11,20,43
1785996600,2 Start Authentication Flow,49679,0,3.950,4,5,6,9,15,39
1785996600,__ALL__,248385,0,6.567,5,13,15,20,33,67
1785996600,4 Obtain authorization code,49676,0,4.915,5,6,7,10,19,37
1785996900,5 Obtain access token,49547,0,5.483,5,7,8,13,108,1547
1785996900,3 Perform authentication,49551,0,17.540,13,17,20,35,1269,1554
1785996900,1 Send request to authorize endpoint,49546,0,5.750,5,7,8,14,154,1546
1785996900,2 Start Authentication Flow,49544,0,4.376,4,5,6,11,127,1545
1785996900,__ALL__,247737,0,7.793,5,13,15,23,287,1554
1785996900,4 Obtain authorization code,49549,0,5.817,5,6,7,13,265,574
1785997200,5 Obtain access token,49672,0,5.133,5,7,8,11,22,59
1785997200,3 Perform authentication,49671,0,13.618,13,17,20,28,50,133
1785997200,1 Send request to authorize endpoint,49671,0,5.282,5,7,8,13,24,51
1785997200,2 Start Authentication Flow,49672,0,3.962,4,5,6,9,18,50
1785997200,__ALL__,248357,0,6.591,5,13,15,20,35,133
1785997200,4 Obtain authorization code,49671,0,4.959,5,7,8,12,24,42
1785997500,5 Obtain access token,49522,0,6.012,5,7,8,14,229,462
1785997500,3 Perform authentication,49518,0,18.207,13,18,20,38,1296,1572
1785997500,1 Send request to authorize endpoint,49522,0,6.259,5,7,8,16,232,1561
1785997500,2 Start Authentication Flow,49523,0,4.645,4,5,6,12,167,1561
1785997500,__ALL__,247606,0,8.351,5,13,15,25,412,1572
1785997500,4 Obtain authorization code,49521,0,6.630,5,7,8,15,395,1564
1785997800,5 Obtain access token,49546,0,6.445,5,7,8,23,295,1606
1785997800,3 Perform authentication,49583,0,19.416,13,17,20,98,1380,1627
1785997800,1 Send request to authorize endpoint,49506,0,7.254,5,7,8,20,416,1605
1785997800,2 Start Authentication Flow,49471,0,5.471,4,5,7,13,336,1602
1785997800,__ALL__,247666,0,9.608,5,13,15,34,744,1627
1785997800,4 Obtain authorization code,49560,0,9.440,5,7,8,61,810,1603
1785998100,5 Obtain access token,49623,0,5.183,5,7,8,10,29,191
1785998100,3 Perform authentication,49588,0,13.557,13,17,19,25,48,198
1785998100,1 Send request to authorize endpoint,49665,0,5.375,5,7,8,11,47,220
1785998100,2 Start Authentication Flow,49700,0,4.064,4,5,6,9,44,209
1785998100,__ALL__,248185,0,6.631,5,13,15,20,40,220
1785998100,4 Obtain authorization code,49609,0,4.988,5,6,7,10,38,214
1785998400,5 Obtain access token,49597,0,6.919,5,7,8,18,429,1583
1785998400,3 Perform authentication,49595,0,19.263,13,17,20,55,1363,1591
1785998400,1 Send request to authorize endpoint,49595,0,6.564,5,7,8,22,272,1580
1785998400,2 Start Authentication Flow,49594,0,4.763,4,5,6,16,186,1584
1785998400,__ALL__,247978,0,8.978,5,13,15,28,555,1591
1785998400,4 Obtain authorization code,49597,0,7.378,5,7,8,22,384,1581
1785998700,5 Obtain access token,49645,0,5.108,5,7,8,10,17,39
1785998700,3 Perform authentication,49648,0,13.395,13,17,19,25,43,69
1785998700,1 Send request to authorize endpoint,49647,0,5.223,5,7,8,11,21,47
1785998700,2 Start Authentication Flow,49648,0,3.920,4,5,6,8,15,47
1785998700,__ALL__,248234,0,6.506,5,13,15,19,32,69
1785998700,4 Obtain authorization code,49646,0,4.883,5,6,7,10,19,52
1785999000,5 Obtain access token,49550,0,6.665,5,7,8,17,374,762
1785999000,3 Perform authentication,49549,0,19.149,13,18,21,47,1312,1587
1785999000,1 Send request to authorize endpoint,49549,0,6.768,5,7,9,22,302,1573
1785999000,2 Start Authentication Flow,49547,0,4.922,4,6,7,15,204,1573
1785999000,__ALL__,247745,0,9.031,5,13,16,31,535,1587
1785999000,4 Obtain authorization code,49550,0,7.651,5,7,8,22,497,1573
1785999300,5 Obtain access token,49765,0,5.095,5,7,8,11,20,37
1785999300,3 Perform authentication,49765,0,13.442,13,17,19,27,47,94
1785999300,1 Send request to authorize endpoint,49763,0,5.198,5,7,8,11,20,41
1785999300,2 Start Authentication Flow,49764,0,3.909,4,5,6,9,17,46
1785999300,__ALL__,248821,0,6.506,5,13,15,20,34,94
1785999300,4 Obtain authorization code,49764,0,4.886,5,6,7,11,19,42
1785999600,5 Obtain access token,49658,0,7.031,5,7,9,23,423,1588
1785999600,3 Perform authentication,49659,0,19.150,13,18,22,63,1258,1596
1785999600,1 Send request to authorize endpoint,49660,0,6.718,5,7,9,26,272,1590
1785999600,2 Start Authentication Flow,49661,0,4.969,4,6,7,20,200,1588
1785999600,__ALL__,248298,0,9.116,5,13,16,36,559,1596
1785999600,4 Obtain authorization code,49660,0,7.710,5,7,9,28,420,1587
1785999900,5 Obtain access token,49565,0,5.173,5,7,8,11,23,51
1785999900,3 Perform authentication,49564,0,13.635,13,17,19,26,51,103
1785999900,1 Send request to authorize endpoint,49565,0,5.264,5,7,8,11,23,53
1785999900,2 Start Authentication Flow,49565,0,3.966,4,5,6,9,17,50
1785999900,__ALL__,247823,0,6.596,5,13,15,20,36,103
1785999900,4 Obtain authorization code,49564,0,4.943,5,6,7,10,22,49
1786000200,5 Obtain access token,49662,0,6.537,5,7,8,16,347,1556
1786000200,3 Perform authentication,49661,0,17.921,13,18,20,44,1142,1540
1786000200,1 Send request to authorize endpoint,49663,0,6.303,5,7,9,18,225,1555
1786000200,2 Start Authentication Flow,49662,0,4.628,4,5,7,14,170,331
1786000200,__ALL__,248310,0,8.411,5,13,15,27,391,1556
1786000200,4 Obtain authorization code,49662,0,6.669,5,7,8,16,306,824
1786000500,5 Obtain access token,49611,0,5.120,5,7,8,10,19,44
1786000500,3 Perform authentication,49614,0,13.631,13,17,20,27,45,70
1786000500,1 Send request to authorize endpoint,49609,0,5.228,5,7,8,11,23,46
1786000500,2 Start Authentication Flow,49610,0,3.922,4,5,6,9,17,36
1786000500,__ALL__,248055,0,6.564,5,13,15,20,34,70
1786000500,4 Obtain authorization code,49611,0,4.918,5,6,7,11,20,52
1786000800,5 Obtain access token,49617,0,6.593,5,7,8,17,351,1574
1786000800,3 Perform authentication,49615,0,18.830,13,18,21,50,1314,1582
1786000800,1 Send request to authorize endpoint,49619,0,6.644,5,7,9,21,285,672
1786000800,2 Start Authentication Flow,49617,0,4.914,4,6,7,16,206,619
1786000800,__ALL__,248084,0,8.929,5,13,15,30,516,1582
1786000800,4 Obtain authorization code,49616,0,7.663,5,7,8,22,512,1136
1786001100,5 Obtain access token,49669,0,5.130,5,7,8,11,21,40
1786001100,3 Perform authentication,49668,0,13.457,13,17,20,27,47,97
1786001100,1 Send request to authorize endpoint,49667,0,5.256,5,7,8,12,24,47
1786001100,2 Start Authentication Flow,49668,0,3.938,4,5,6,9,17,35
1786001100,__ALL__,248342,0,6.548,5,13,15,20,34,97
1786001100,4 Obtain authorization code,49670,0,4.960,5,7,8,11,26,40
1786001400,5 Obtain access token,49563,0,5.876,5,7,8,17,180,496
1786001400,3 Perform authentication,49564,0,18.923,13,18,21,49,1365,1614
1786001400,1 Send request to authorize endpoint,49564,0,6.242,5,7,9,21,216,1608
1786001400,2 Start Authentication Flow,49564,0,4.717,4,5,7,15,179,1608
1786001400,__ALL__,247819,0,8.501,5,13,15,29,453,1614
1786001400,4 Obtain authorization code,49564,0,6.748,5,7,8,25,419,720
1786001700,5 Obtain access token,49284,0,10.690,5,7,9,130,1078,4037
1786001700,3 Perform authentication,49284,0,28.015,13,18,22,548,2024,3839
1786001700,1 Send request to authorize endpoint,49284,0,13.939,5,7,9,237,1559,3042
1786001700,2 Start Authentication Flow,49284,0,10.930,4,6,7,180,1523,2918
1786001700,__ALL__,246418,0,17.432,5,13,16,291,1880,4368
1786001700,4 Obtain authorization code,49282,0,23.584,5,7,9,666,2695,4368
1786002000,5 Obtain access token,49251,0,10.135,5,7,9,136,794,2122
1786002000,3 Perform authentication,49252,0,31.357,13,19,23,736,1811,3410
1786002000,1 Send request to authorize endpoint,49251,0,13.757,5,8,10,235,1386,2833
1786002000,2 Start Authentication Flow,49252,0,10.210,4,6,8,180,982,2556
1786002000,__ALL__,246259,0,17.317,5,14,17,324,1564,3946
1786002000,4 Obtain authorization code,49253,0,21.124,5,7,9,552,2087,3946
1786002300,5 Obtain access token,49570,0,5.132,5,7,8,10,19,38
1786002300,3 Perform authentication,49569,0,13.527,13,17,19,26,47,86
1786002300,1 Send request to authorize endpoint,49571,0,5.254,5,7,8,11,23,44
1786002300,2 Start Authentication Flow,49571,0,3.927,4,5,6,9,15,43
1786002300,__ALL__,247850,0,6.557,5,13,15,20,33,86
1786002300,4 Obtain authorization code,49569,0,4.945,5,6,7,11,20,44
1786002600,5 Obtain access token,49700,0,5.935,5,7,8,14,159,1605
1786002600,3 Perform authentication,49701,0,18.489,13,18,20,38,1360,1620
1786002600,1 Send request to authorize endpoint,49699,0,6.118,5,7,9,17,207,484
1786002600,2 Start Authentication Flow,49699,0,4.551,4,5,7,12,141,1603
1786002600,__ALL__,248500,0,8.289,5,13,15,25,398,1620
1786002600,4 Obtain authorization code,49701,0,6.352,5,7,8,15,333,648
1786002900,5 Obtain access token,49791,0,5.193,5,7,8,11,24,52
1786002900,3 Perform authentication,49790,0,13.657,13,17,20,28,49,84
1786002900,1 Send request to authorize endpoint,49792,0,5.316,5,7,8,12,23,42
1786002900,2 Start Authentication Flow,49792,0,3.958,4,5,6,9,17,41
1786002900,__ALL__,248955,0,6.626,5,13,15,20,36,84
1786002900,4 Obtain authorization code,49790,0,5.008,5,7,8,12,22,50
1786003200,5 Obtain access token,49632,0,6.095,5,7,8,15,243,1571
1786003200,3 Perform authentication,49633,0,18.266,13,17,19,43,1298,1567
1786003200,1 Send request to authorize endpoint,49631,0,6.267,5,7,8,17,248,1570
1786003200,2 Start Authentication Flow,49629,0,4.643,4,5,6,13,169,376
1786003200,__ALL__,248157,0,8.481,5,13,15,25,483,1572
1786003200,4 Obtain authorization code,49632,0,7.136,5,6,8,17,463,1572
1786003500,5 Obtain access token,49641,0,5.141,5,7,8,11,22,44
1786003500,3 Perform authentication,49639,0,13.538,13,17,20,28,50,89
1786003500,1 Send request to authorize endpoint,49641,0,5.290,5,7,8,12,27,53
1786003500,2 Start Authentication Flow,49642,0,3.948,4,5,6,9,18,35
1786003500,__ALL__,248204,0,6.577,5,13,15,20,36,89
1786003500,4 Obtain authorization code,49641,0,4.968,5,6,8,12,23,39
1786003800,5 Obtain access token,49627,0,6.139,5,7,8,17,233,1590
1786003800,3 Perform authentication,49627,0,18.796,13,18,20,47,1357,1598
1786003800,1 Send request to authorize endpoint,49628,0,6.584,5,7,9,22,259,1590
1786003800,2 Start Authentication Flow,49628,0,4.824,4,5,7,16,193,1590
1786003800,__ALL__,248137,0,8.819,5,13,15,29,588,1598
1786003800,4 Obtain authorization code,49627,0,7.754,5,7,8,24,608,1590
1786004100,5 Obtain access token,49605,0,5.115,5,7,8,10,19,46
1786004100,3 Perform authentication,49604,0,13.352,13,17,19,26,42,66
1786004100,1 Send request to authorize endpoint,49605,0,5.239,5,7,8,11,19,46
1786004100,2 Start Authentication Flow,49605,0,3.926,4,5,6,9,16,45
1786004100,__ALL__,248023,0,6.513,5,13,15,20,34,66
1786004100,4 Obtain authorization code,49604,0,4.932,5,6,7,10,20,37
1786004400,5 Obtain access token,49505,0,5.597,5,7,8,14,113,1566
1786004400,3 Perform authentication,49507,0,17.576,13,17,20,37,1232,1576
1786004400,1 Send request to authorize endpoint,49505,0,5.882,5,7,8,14,172,475
1786004400,2 Start Authentication Flow,49503,0,4.516,4,5,6,12,140,1563
1786004400,__ALL__,247526,0,7.944,5,13,15,24,346,1576
1786004400,4 Obtain authorization code,49506,0,6.148,5,7,8,14,289,1563
1786004700,5 Obtain access token,49539,0,5.184,5,7,8,11,24,42
1786004700,3 Perform authentication,49537,0,13.647,13,17,20,31,58,95
1786004700,1 Send request to authorize endpoint,49537,0,5.344,5,7,8,13,27,62
1786004700,2 Start Authentication Flow,49539,0,3.989,4,5,6,10,22,38
1786004700,__ALL__,247690,0,6.639,5,13,15,21,40,95
1786004700,4 Obtain authorization code,49538,0,5.030,5,7,8,12,28,50
1786005000,5 Obtain access token,49561,0,6.053,5,7,8,17,217,1577
1786005000,3 Perform authentication,49564,0,18.457,13,17,20,51,1335,1585
1786005000,1 Send request to authorize endpoint,49562,0,6.251,5,7,8,19,235,547
1786005000,2 Start Authentication Flow,49562,0,4.734,4,5,7,14,184,1576
1786005000,__ALL__,247811,0,8.546,5,13,15,28,523,1585
1786005000,4 Obtain authorization code,49562,0,7.236,5,7,8,19,542,975
1786005300,5 Obtain access token,49656,0,5.130,5,7,8,10,18,48
1786005300,3 Perform authentication,49656,0,13.386,13,17,19,25,41,64
1786005300,1 Send request to authorize endpoint,49657,0,5.225,5,7,8,11,19,47
1786005300,2 Start Authentication Flow,49656,0,3.922,4,5,6,9,15,38
1786005300,__ALL__,248281,0,6.517,5,13,15,19,31,64
1786005300,4 Obtain authorization code,49656,0,4.922,5,6,7,10,18,41
1786005600,5 Obtain access token,49667,0,5.552,5,7,8,13,115,1577
1786005600,3 Perform authentication,49666,0,17.926,13,17,20,39,1303,1557
1786005600,1 Send request to authorize endpoint,49665,0,5.966,5,7,8,16,176,1577
1786005600,2 Start Authentication Flow,49667,0,4.496,4,5,6,12,139,1571
1786005600,__ALL__,248332,0,8.033,5,13,15,24,351,1577
1786005600,4 Obtain authorization code,49667,0,6.223,5,7,8,15,330,570
1786005900,5 Obtain access token,49556,0,5.136,5,7,8,10,17,42
1786005900,3 Perform authentication,49557,0,13.405,13,17,19,25,43,65
1786005900,1 Send request to authorize endpoint,49555,0,5.203,5,7,8,11,20,40
1786005900,2 Start Authentication Flow,49554,0,3.907,4,5,6,9,16,49
1786005900,__ALL__,247779,0,6.513,5,13,15,19,33,65
1786005900,4 Obtain authorization code,49557,0,4.915,5,6,7,10,18,49
1786006200,5 Obtain access token,49485,0,6.172,5,7,8,18,230,1568
1786006200,3 Perform authentication,49483,0,18.017,13,18,20,45,1287,1580
1786006200,1 Send request to authorize endpoint,49488,0,6.216,5,7,9,21,213,1570
1786006200,2 Start Authentication Flow,49488,0,4.571,4,6,7,14,136,1565
1786006200,__ALL__,247428,0,8.419,5,13,15,28,438,1580
1786006200,4 Obtain authorization code,49484,0,7.122,5,7,8,22,432,843
1786006500,5 Obtain access token,49634,0,5.194,5,7,8,11,20,43
1786006500,3 Perform authentication,49636,0,13.559,13,17,20,28,45,66
1786006500,1 Send request to authorize endpoint,49634,0,5.347,5,7,9,13,24,66
1786006500,2 Start Authentication Flow,49635,0,4.000,4,5,7,9,17,36
1786006500,__ALL__,248174,0,6.627,5,13,15,21,35,66
1786006500,4 Obtain authorization code,49635,0,5.037,5,7,8,12,24,44
1786006800,5 Obtain access token,49684,0,5.558,5,7,8,14,121,423
1786006800,3 Perform authentication,49682,0,17.584,13,17,19,37,1232,1570
1786006800,1 Send request to authorize endpoint,49684,0,5.846,5,7,8,14,178,1567
1786006800,2 Start Authentication Flow,49684,0,4.347,4,5,6,11,123,339
1786006800,__ALL__,248417,0,7.860,5,13,15,23,349,1570
1786006800,4 Obtain authorization code,49683,0,5.968,5,6,7,13,269,516
1786007100,5 Obtain access token,49617,0,5.108,5,7,8,11,20,42
1786007100,3 Perform authentication,49618,0,13.306,13,17,19,25,43,74
1786007100,1 Send request to authorize endpoint,49616,0,5.201,5,7,8,11,21,43
1786007100,2 Start Authentication Flow,49615,0,3.885,4,5,6,9,15,37
1786007100,__ALL__,248083,0,6.477,5,13,15,19,33,74
1786007100,4 Obtain authorization code,49617,0,4.883,5,6,7,10,18,41
1786007400,5 Obtain access token,49480,0,5.673,5,7,8,14,125,1626
1786007400,3 Perform authentication,49480,0,18.307,13,17,20,39,1403,1639
1786007400,1 Send request to authorize endpoint,49481,0,6.027,5,7,8,16,177,1631
1786007400,2 Start Authentication Flow,49481,0,4.538,4,5,7,12,157,345
1786007400,__ALL__,247402,0,8.166,5,13,15,24,382,1639
1786007400,4 Obtain authorization code,49480,0,6.286,5,7,8,15,332,1631
1786007700,5 Obtain access token,49706,0,5.190,5,7,8,11,20,48
1786007700,3 Perform authentication,49708,0,13.540,13,17,20,27,54,111
1786007700,1 Send request to authorize endpoint,49705,0,5.319,5,7,8,12,25,51
1786007700,2 Start Authentication Flow,49705,0,4.001,4,5,6,9,19,46
1786007700,__ALL__,248530,0,6.608,5,13,15,20,36,111
1786007700,4 Obtain authorization code,49706,0,4.990,5,7,8,11,26,47
1786008000,5 Obtain access token,49529,0,5.602,5,7,8,12,133,1529
1786008000,3 Perform authentication,49528,0,17.120,13,17,20,32,1237,1540
1786008000,1 Send request to authorize endpoint,49529,0,5.792,5,7,8,13,158,320
1786008000,2 Start Authentication Flow,49528,0,4.320,4,5,6,11,105,1528
1786008000,__ALL__,247643,0,7.718,5,13,15,22,248,1540
1786008000,4 Obtain authorization code,49529,0,5.755,5,7,8,13,229,462
1786008300,5 Obtain access token,49643,0,5.113,5,7,8,10,17,40
1786008300,3 Perform authentication,49641,0,13.240,13,17,19,25,41,64
1786008300,1 Send request to authorize endpoint,49642,0,5.231,5,7,8,11,19,38
1786008300,2 Start Authentication Flow,49642,0,3.928,4,5,6,9,15,38
1786008300,__ALL__,248210,0,6.489,5,13,15,19,31,64
1786008300,4 Obtain authorization code,49642,0,4.934,5,6,7,10,18,42
1786008600,5 Obtain access token,49553,0,5.955,5,7,8,15,196,1583
1786008600,3 Perform authentication,49554,0,18.229,13,18,21,41,1299,1594
1786008600,1 Send request to authorize endpoint,49554,0,6.247,5,7,9,19,214,1589
1786008600,2 Start Authentication Flow,49555,0,4.629,4,6,7,13,158,1588
1786008600,__ALL__,247771,0,8.273,5,13,15,26,413,1594
1786008600,4 Obtain authorization code,49555,0,6.304,5,7,8,17,339,645
1786008900,5 Obtain access token,49551,0,5.121,5,7,8,10,19,45
1786008900,3 Perform authentication,49550,0,13.266,13,17,19,25,45,91
1786008900,1 Send request to authorize endpoint,49552,0,5.212,5,7,8,11,20,39
1786008900,2 Start Authentication Flow,49552,0,3.914,4,5,6,9,15,36
1786008900,__ALL__,247755,0,6.487,5,13,14,19,33,91
1786008900,4 Obtain authorization code,49550,0,4.921,5,6,7,10,20,48
1786009200,5 Obtain access token,49299,0,9.149,5,7,9,119,665,1770
1786009200,3 Perform authentication,49301,0,27.781,13,18,22,569,1533,3106
1786009200,1 Send request to authorize endpoint,49299,0,11.886,5,8,10,219,966,3026
1786009200,2 Start Authentication Flow,49299,0,9.822,4,6,7,184,910,2148
1786009200,__ALL__,246497,0,15.225,5,14,17,275,1323,3106
1786009200,4 Obtain authorization code,49299,0,17.485,5,7,9,444,1501,3015
1786009500,5 Obtain access token,49658,0,5.197,5,7,8,11,19,59
1786009500,3 Perform authentication,49657,0,13.684,13,18,20,26,51,96
1786009500,1 Send request to authorize endpoint,49657,0,5.277,5,7,8,11,19,39
1786009500,2 Start Authentication Flow,49658,0,3.959,4,5,6,9,16,80
1786009500,__ALL__,248288,0,6.625,5,13,15,20,33,96
1786009500,4 Obtain authorization code,49658,0,5.006,5,7,8,10,21,47
1786009800,5 Obtain access token,49529,0,6.524,5,7,9,16,322,534
1786009800,3 Perform authentication,49527,0,18.712,13,19,23,55,1245,1581
1786009800,1 Send request to authorize endpoint,49529,0,6.607,5,8,10,20,263,454
1786009800,2 Start Authentication Flow,49527,0,4.707,4,6,7,14,161,410
1786009800,__ALL__,247640,0,8.750,5,13,16,31,382,1581
1786009800,4 Obtain authorization code,49528,0,7.198,5,7,10,24,341,1572
1786010100,5 Obtain access token,49650,0,5.185,5,7,8,11,26,57
1786010100,3 Perform authentication,49650,0,13.721,13,18,20,27,68,107
1786010100,1 Send request to authorize endpoint,49651,0,5.307,5,7,8,12,29,67
1786010100,2 Start Authentication Flow,49652,0,3.961,4,5,6,9,20,37
1786010100,__ALL__,248253,0,6.642,5,13,15,21,38,107
1786010100,4 Obtain authorization code,49650,0,5.034,5,7,8,11,34,62
1786010400,5 Obtain access token,49592,0,6.460,5,7,8,16,315,538
1786010400,3 Perform authentication,49594,0,18.663,13,18,21,43,1284,1618
1786010400,1 Send request to authorize endpoint,49591,0,6.511,5,7,9,21,274,491
1786010400,2 Start Authentication Flow,49591,0,4.715,4,6,7,14,158,1606
1786010400,__ALL__,247961,0,8.699,5,13,16,29,443,1618
1786010400,4 Obtain authorization code,49593,0,7.147,5,7,8,22,378,764
1786010700,5 Obtain access token,49694,0,5.172,5,7,8,11,22,87
1786010700,3 Perform authentication,49692,0,13.757,13,17,20,32,58,106
1786010700,1 Send request to authorize endpoint,49694,0,5.302,5,7,8,14,26,89
1786010700,2 Start Authentication Flow,49695,0,3.967,4,5,6,10,18,88
1786010700,__ALL__,248468,0,6.641,5,13,15,21,40,106
1786010700,4 Obtain authorization code,49693,0,5.010,5,7,8,13,24,87
1786011000,5 Obtain access token,49765,0,5.883,5,7,8,14,188,1590
1786011000,3 Perform authentication,49766,0,18.266,13,17,20,39,1329,1588
1786011000,1 Send request to authorize endpoint,49764,0,6.143,5,7,8,16,209,1586
1786011000,2 Start Authentication Flow,49764,0,4.613,4,5,6,13,167,1587
1786011000,__ALL__,248825,0,8.388,5,13,15,25,487,1591
1786011000,4 Obtain authorization code,49766,0,7.036,5,7,8,16,498,1591
1786011300,5 Obtain access token,49597,0,5.152,5,7,8,11,20,50
1786011300,3 Perform authentication,49598,0,13.583,13,17,20,28,45,93
1786011300,1 Send request to authorize endpoint,49598,0,5.269,5,7,8,13,21,62
1786011300,2 Start Authentication Flow,49598,0,3.930,4,5,6,9,16,35
1786011300,__ALL__,247987,0,6.583,5,13,15,20,33,93
1786011300,4 Obtain authorization code,49596,0,4.983,5,7,8,12,20,45
1786011600,5 Obtain access token,49535,0,6.083,5,7,8,17,210,1576
1786011600,3 Perform authentication,49535,0,18.628,13,18,21,45,1336,1589
1786011600,1 Send request to authorize endpoint,49535,0,6.384,5,7,9,20,239,1581
1786011600,2 Start Authentication Flow,49534,0,4.780,4,6,7,15,171,1580
1786011600,__ALL__,247674,0,8.552,5,13,15,30,449,1589
1786011600,4 Obtain authorization code,49535,0,6.884,5,7,8,20,423,854
1786011900,5 Obtain access token,49762,0,5.157,5,7,8,10,19,48
1786011900,3 Perform authentication,49762,0,13.416,13,17,19,26,46,79
1786011900,1 Send request to authorize endpoint,49761,0,5.246,5,7,8,11,21,46
1786011900,2 Start Authentication Flow,49761,0,3.947,4,5,6,9,16,41
1786011900,__ALL__,248810,0,6.540,5,13,15,19,34,79
1786011900,4 Obtain authorization code,49764,0,4.932,5,6,7,10,17,36
1786012200,5 Obtain access token,49575,0,6.309,5,7,8,19,253,1596
1786012200,3 Perform authentication,49575,0,19.190,13,18,21,59,1305,1608
1786012200,1 Send request to authorize endpoint,49576,0,6.627,5,7,9,22,281,1597
1786012200,2 Start Authentication Flow,49575,0,4.976,4,6,7,16,221,1597
1786012200,__ALL__,247874,0,9.088,5,13,15,30,655,1608
1786012200,4 Obtain authorization code,49573,0,8.339,5,7,8,26,699,1599
1786012500,5 Obtain access token,49645,0,5.091,5,7,7,10,19,41
1786012500,3 Perform authentication,49644,0,13.443,13,17,19,26,45,66
1786012500,1 Send request to authorize endpoint,49645,0,5.202,5,7,8,11,21,42
1786012500,2 Start Authentication Flow,49647,0,3.903,4,5,6,9,15,39
1786012500,__ALL__,248226,0,6.512,5,13,15,19,34,66
1786012500,4 Obtain authorization code,49645,0,4.919,5,6,7,10,20,40
1786012800,5 Obtain access token,49582,0,5.594,5,7,8,14,107,427
1786012800,3 Perform authentication,49583,0,17.950,13,17,20,36,1258,1578
1786012800,1 Send request to authorize endpoint,49582,0,5.981,5,7,8,16,182,361
1786012800,2 Start Authentication Flow,49581,0,4.498,4,5,7,12,126,337
1786012800,__ALL__,247910,0,8.064,5,13,15,25,364,1578
1786012800,4 Obtain authorization code,49582,0,6.299,5,7,8,15,346,1568
1786013100,5 Obtain access token,49573,0,5.121,5,7,8,10,19,56
1786013100,3 Perform authentication,49573,0,13.378,13,17,19,26,47,81
1786013100,1 Send request to authorize endpoint,49573,0,5.229,5,7,8,11,21,62
1786013100,2 Start Authentication Flow,49574,0,3.919,4,5,6,9,16,60
1786013100,__ALL__,247867,0,6.517,5,13,15,19,34,81
1786013100,4 Obtain authorization code,49574,0,4.937,5,6,7,10,21,58
1786013400,5 Obtain access token,49562,0,6.541,5,7,8,19,328,592
1786013400,3 Perform authentication,49561,0,18.944,13,18,21,50,1363,1588
1786013400,1 Send request to authorize endpoint,49560,0,6.637,5,7,9,23,272,1601
1786013400,2 Start Authentication Flow,49560,0,4.709,4,6,7,17,166,374
1786013400,__ALL__,247805,0,8.777,5,13,15,31,462,1603
1786013400,4 Obtain authorization code,49562,0,7.054,5,7,8,23,322,1603
1786013700,5 Obtain access token,49820,0,5.097,5,7,8,10,20,43
1786013700,3 Perform authentication,49823,0,13.295,13,17,19,25,44,70
1786013700,1 Send request to authorize endpoint,49823,0,5.188,5,7,8,11,22,49
1786013700,2 Start Authentication Flow,49821,0,3.891,4,5,6,9,15,37
1786013700,__ALL__,249108,0,6.479,5,13,14,19,33,70
1786013700,4 Obtain authorization code,49821,0,4.923,5,6,7,10,19,40
1786014000,5 Obtain access token,49615,0,5.829,5,7,8,16,176,1577
1786014000,3 Perform authentication,49614,0,18.586,13,17,20,48,1379,1599
1786014000,1 Send request to authorize endpoint,49613,0,6.331,5,7,8,20,270,1586
1786014000,2 Start Authentication Flow,49614,0,4.858,4,5,7,15,215,1578
1786014000,__ALL__,248071,0,8.487,5,13,15,27,474,1599
1786014000,4 Obtain authorization code,49615,0,6.830,5,7,8,20,427,1580
1786014300,5 Obtain access token,49656,0,5.137,5,7,8,11,19,41
1786014300,3 Perform authentication,49656,0,13.417,13,17,19,26,46,71
1786014300,1 Send request to authorize endpoint,49656,0,5.225,5,7,8,11,22,42
1786014300,2 Start Authentication Flow,49657,0,3.928,4,5,6,9,16,37
1786014300,__ALL__,248281,0,6.528,5,13,15,19,34,71
1786014300,4 Obtain authorization code,49656,0,4.934,5,6,7,10,22,45
1786014600,5 Obtain access token,49559,0,6.244,5,7,8,17,272,682
1786014600,3 Perform authentication,49556,0,18.831,13,18,20,51,1347,1601
1786014600,1 Send request to authorize endpoint,49560,0,6.439,5,7,9,23,237,502
1786014600,2 Start Authentication Flow,49558,0,4.833,4,5,7,15,188,1597
1786014600,__ALL__,247790,0,8.839,5,13,15,30,591,1601
1786014600,4 Obtain authorization code,49557,0,7.851,5,7,8,22,649,1021
1786014900,5 Obtain access token,49627,0,5.137,5,7,8,11,20,53
1786014900,3 Perform authentication,49629,0,13.407,13,17,19,27,46,68
1786014900,1 Send request to authorize endpoint,49628,0,5.248,5,7,8,11,22,47
1786014900,2 Start Authentication Flow,49630,0,3.943,4,5,6,9,17,48
1786014900,__ALL__,248141,0,6.536,5,13,15,20,34,68
1786014900,4 Obtain authorization code,49627,0,4.945,5,6,7,10,19,51
1786015200,5 Obtain access token,49542,0,5.717,5,7,8,15,154,399
1786015200,3 Perform authentication,49541,0,18.309,13,17,20,43,1346,1596
1786015200,1 Send request to authorize endpoint,49542,0,6.269,5,7,8,21,226,1596
1786015200,2 Start Authentication Flow,49542,0,4.698,4,5,7,13,167,1600
1786015200,__ALL__,247710,0,8.334,5,13,15,27,419,1602
1786015200,4 Obtain authorization code,49543,0,6.674,5,7,8,19,388,1602
1786015500,5 Obtain access token,49618,0,5.119,5,7,8,10,18,39
1786015500,3 Perform authentication,49617,0,13.293,13,17,19,26,41,70
1786015500,1 Send request to authorize endpoint,49617,0,5.208,5,7,8,11,20,40
1786015500,2 Start Authentication Flow,49616,0,3.922,4,5,6,9,15,39
1786015500,__ALL__,248085,0,6.492,5,13,14,19,33,70
1786015500,4 Obtain authorization code,49617,0,4.917,5,6,7,10,18,42
1786015800,5 Obtain access token,49559,0,6.902,5,7,8,16,409,1568
1786015800,3 Perform authentication,49561,0,18.645,13,18,21,46,1275,1580
1786015800,1 Send request to authorize endpoint,49558,0,6.416,5,7,9,19,255,640
1786015800,2 Start Authentication Flow,49559,0,4.683,4,6,7,14,156,570
1786015800,__ALL__,247797,0,8.624,5,13,15,29,449,1580
1786015800,4 Obtain authorization code,49560,0,6.471,5,7,8,20,238,685
1786016100,5 Obtain access token,49612,0,5.147,5,7,8,10,19,38
1786016100,3 Perform authentication,49612,0,13.280,13,17,19,25,42,64
1786016100,1 Send request to authorize endpoint,49613,0,5.259,5,7,8,11,20,50
1786016100,2 Start Authentication Flow,49610,0,3.950,4,5,6,9,16,36
1786016100,__ALL__,248058,0,6.513,5,13,15,19,31,64
1786016100,4 Obtain authorization code,49611,0,4.928,5,6,7,10,18,36
1786016400,5 Obtain access token,49568,0,6.067,5,7,8,18,218,538
1786016400,3 Perform authentication,49566,0,18.701,13,18,20,49,1313,1595
1786016400,1 Send request to authorize endpoint,49567,0,6.470,5,7,9,22,238,1589
1786016400,2 Start Authentication Flow,49568,0,4.780,4,6,7,15,175,1585
1786016400,__ALL__,247837,0,8.732,5,13,15,29,541,1595
1786016400,4 Obtain authorization code,49568,0,7.643,5,7,8,25,549,1587
1786016700,5 Obtain access token,49813,0,5.155,5,7,8,10,19,48
1786016700,3 Perform authentication,49813,0,13.344,13,17,19,25,42,62
1786016700,1 Send request to authorize endpoint,49814,0,5.259,5,7,8,11,18,42
1786016700,2 Start Authentication Flow,49815,0,3.961,4,5,6,9,15,49
1786016700,__ALL__,249068,0,6.535,5,13,15,19,33,62
1786016700,4 Obtain authorization code,49813,0,4.957,5,6,7,10,20,47
1786017000,5 Obtain access token,49663,0,6.255,5,7,8,15,266,1578
1786017000,3 Perform authentication,49664,0,18.361,13,17,20,43,1304,1589
1786017000,1 Send request to authorize endpoint,49664,0,6.452,5,7,9,19,246,1578
1786017000,2 Start Authentication Flow,49665,0,4.716,4,6,7,13,191,371
1786017000,__ALL__,248320,0,8.624,5,13,15,26,482,1589
1786017000,4 Obtain authorization code,49664,0,7.336,5,7,8,17,497,901
1786017300,5 Obtain access token,49768,0,5.168,5,7,8,10,18,50
1786017300,3 Perform authentication,49768,0,13.410,13,17,19,25,41,54
1786017300,1 Send request to authorize endpoint,49767,0,5.279,5,7,8,11,20,41
1786017300,2 Start Authentication Flow,49767,0,3.954,4,5,6,9,14,38
1786017300,__ALL__,248838,0,6.557,5,13,15,20,32,54
1786017300,4 Obtain authorization code,49768,0,4.972,5,7,8,10,19,36
1786017600,5 Obtain access token,49606,0,5.762,5,7,8,14,110,1555
1786017600,3 Perform authentication,49607,0,17.908,13,18,21,40,1326,1567
1786017600,1 Send request to authorize endpoint,49606,0,5.983,5,8,9,17,151,313
1786017600,2 Start Authentication Flow,49605,0,4.543,4,6,7,13,124,318
1786017600,__ALL__,248031,0,8.074,5,13,15,25,304,1567
1786017600,4 Obtain authorization code,49607,0,6.172,5,7,8,15,288,1555
1786017900,5 Obtain access token,49638,0,5.756,5,7,8,13,149,1590
1786017900,3 Perform authentication,49639,0,18.161,13,17,20,36,1261,1599
1786017900,1 Send request to authorize endpoint,49639,0,6.051,5,7,8,15,210,1592
1786017900,2 Start Authentication Flow,49638,0,4.492,4,5,6,11,151,382
1786017900,__ALL__,248193,0,8.189,5,13,15,24,418,1599
1786017900,4 Obtain authorization code,49639,0,6.485,5,7,8,14,382,1588
1786018200,5 Obtain access token,49568,0,5.212,5,7,8,11,20,44
1786018200,3 Perform authentication,49569,0,13.684,13,17,20,28,46,68
1786018200,1 Send request to authorize endpoint,49566,0,5.390,5,7,9,12,24,44
1786018200,2 Start Authentication Flow,49568,0,4.008,4,5,6,9,17,43
1786018200,__ALL__,247839,0,6.671,5,13,15,20,34,68
1786018200,4 Obtain authorization code,49568,0,5.060,5,7,8,12,20,45
1786018500,5 Obtain access token,49565,0,6.747,5,7,8,18,378,1567
1786018500,3 Perform authentication,49562,0,18.419,13,17,20,59,1228,1577
1786018500,1 Send request to authorize endpoint,49566,0,6.914,5,7,8,27,349,1568
1786018500,2 Start Authentication Flow,49565,0,5.212,4,5,6,17,286,1568
1786018500,__ALL__,247821,0,8.927,5,13,15,32,500,1577
1786018500,4 Obtain authorization code,49563,0,7.345,5,7,8,32,491,841
1786018800,5 Obtain access token,49745,0,5.311,5,7,8,12,36,108
1786018800,3 Perform authentication,49745,0,14.032,13,18,20,33,99,193
1786018800,1 Send request to authorize endpoint,49746,0,5.503,5,7,8,14,44,144
1786018800,2 Start Authentication Flow,49746,0,4.125,4,5,7,10,35,100
1786018800,__ALL__,248727,0,6.840,5,13,15,22,55,193
1786018800,4 Obtain authorization code,49745,0,5.231,5,7,8,13,54,125
1786019100,5 Obtain access token,49733,0,6.517,5,7,8,14,352,1574
1786019100,3 Perform authentication,49734,0,18.267,13,17,20,42,1259,1587
1786019100,1 Send request to authorize endpoint,49729,0,6.271,5,7,8,15,255,1573
1786019100,2 Start Authentication Flow,49730,0,4.632,4,5,6,12,169,1573
1786019100,__ALL__,248659,0,8.489,5,13,15,24,427,1587
1786019100,4 Obtain authorization code,49733,0,6.757,5,7,8,15,320,1574
1786019400,5 Obtain access token,49696,0,5.132,5,7,8,10,16,37
1786019400,3 Perform authentication,49698,0,13.543,13,17,19,25,42,64
1786019400,1 Send request to authorize endpoint,49698,0,5.220,5,7,8,10,17,49
1786019400,2 Start Authentication Flow,49698,0,3.914,4,5,6,8,13,45
1786019400,__ALL__,248486,0,6.551,5,13,15,19,31,64
1786019400,4 Obtain authorization code,49696,0,4.945,5,6,7,10,17,45
1786019700,5 Obtain access token,49508,0,5.970,5,7,8,15,208,1592
1786019700,3 Perform authentication,49507,0,18.770,13,18,21,41,1327,1602
1786019700,1 Send request to authorize endpoint,49510,0,6.468,5,7,9,19,227,1594
1786019700,2 Start Authentication Flow,49508,0,4.727,4,6,7,13,175,1590
1786019700,__ALL__,247540,0,8.748,5,13,16,28,560,1602
1786019700,4 Obtain authorization code,49507,0,7.807,5,7,9,18,576,963
1786020000,5 Obtain access token,49656,0,5.234,5,7,8,11,23,40
1786020000,3 Perform authentication,49653,0,13.899,13,18,21,30,54,86
1786020000,1 Send request to authorize endpoint,49656,0,5.417,5,7,9,13,27,46
1786020000,2 Start Authentication Flow,49656,0,4.026,4,6,7,10,20,39
1786020000,__ALL__,248277,0,6.749,5,13,15,21,39,86
1786020000,4 Obtain authorization code,49656,0,5.171,5,7,8,13,33,52
1786020300,5 Obtain access token,49618,0,6.192,5,7,8,16,266,1581
1786020300,3 Perform authentication,49622,0,18.611,13,17,20,45,1309,1587
1786020300,1 Send request to authorize endpoint,49618,0,6.306,5,7,8,19,237,1576
1786020300,2 Start Authentication Flow,49618,0,4.612,4,5,6,13,162,487
1786020300,__ALL__,248095,0,8.608,5,13,15,27,548,1587
1786020300,4 Obtain authorization code,49619,0,7.317,5,7,8,20,555,868
1786020600,5 Obtain access token,49701,0,5.184,5,7,8,11,18,40
1786020600,3 Perform authentication,49700,0,13.676,13,17,20,28,43,67
1786020600,1 Send request to authorize endpoint,49700,0,5.330,5,7,8,12,22,47
1786020600,2 Start Authentication Flow,49701,0,3.977,4,5,6,9,15,37
1786020600,__ALL__,248503,0,6.642,5,13,15,20,34,67
1786020600,4 Obtain authorization code,49701,0,5.042,5,7,8,11,19,38
1786020900,5 Obtain access token,49557,0,6.414,5,7,8,25,277,1585
1786020900,3 Perform authentication,49555,0,18.592,13,17,20,106,1251,1581
1786020900,1 Send request to authorize endpoint,49558,0,6.601,5,7,8,34,271,1585
1786020900,2 Start Authentication Flow,49558,0,4.819,4,5,7,25,164,1583
1786020900,__ALL__,247784,0,8.675,5,13,15,40,396,1585
1786020900,4 Obtain authorization code,49556,0,6.951,5,7,8,64,319,670
1786021200,5 Obtain access token,49663,0,5.236,5,7,8,11,22,39
1786021200,3 Perform authentication,49663,0,13.763,13,18,20,29,49,76
1786021200,1 Send request to authorize endpoint,49660,0,5.403,5,7,9,13,29,51
1786021200,2 Start Authentication Flow,49660,0,4.043,4,5,7,10,20,48
1786021200,__ALL__,248310,0,6.715,5,13,15,21,37,76
1786021200,4 Obtain authorization code,49664,0,5.129,5,7,8,13,28,49
1786021500,5 Obtain access token,49682,0,6.496,5,7,8,16,308,1593
1786021500,3 Perform authentication,49683,0,18.629,13,18,21,45,1318,1602
1786021500,1 Send request to authorize endpoint,49683,0,6.386,5,7,9,20,252,482
1786021500,2 Start Authentication Flow,49680,0,4.665,4,5,7,14,149,1597
1786021500,__ALL__,248409,0,8.571,5,13,15,28,412,1602
1786021500,4 Obtain authorization code,49681,0,6.676,5,7,8,20,273,495
1786021800,5 Obtain access token,49672,0,5.220,5,7,8,11,20,43
1786021800,3 Perform authentication,49671,0,13.693,13,17,19,26,46,75
1786021800,1 Send request to authorize endpoint,49672,0,5.339,5,7,8,11,19,44
1786021800,2 Start Authentication Flow,49675,0,4.005,4,5,6,9,16,36
1786021800,__ALL__,248362,0,6.658,5,13,15,20,33,75
1786021800,4 Obtain authorization code,49672,0,5.033,5,7,8,10,18,41
1786022100,5 Obtain access token,49643,0,5.705,5,7,8,15,121,1571
1786022100,3 Perform authentication,49643,0,18.341,13,18,21,47,1323,1573
1786022100,1 Send request to authorize endpoint,49645,0,6.047,5,7,9,17,158,1567
1786022100,2 Start Authentication Flow,49643,0,4.628,4,6,7,13,153,1572
1786022100,__ALL__,248218,0,8.220,5,13,15,27,342,1573
1786022100,4 Obtain authorization code,49644,0,6.376,5,7,8,17,320,557
1786022400,5 Obtain access token,49732,0,5.401,5,7,8,12,65,185
1786022400,3 Perform authentication,49734,0,14.217,13,17,20,30,181,433
1786022400,1 Send request to authorize endpoint,49732,0,5.656,5,7,8,13,107,363
1786022400,2 Start Authentication Flow,49735,0,4.312,4,5,6,10,101,380
1786022400,__ALL__,248665,0,7.035,5,13,15,22,126,450
1786022400,4 Obtain authorization code,49732,0,5.590,5,7,8,12,159,450
1786022700,5 Obtain access token,49683,0,5.611,5,7,8,15,98,1551
1786022700,3 Perform authentication,49683,0,17.834,13,18,21,45,1282,1558
1786022700,1 Send request to authorize endpoint,49681,0,5.914,5,7,9,18,161,389
1786022700,2 Start Authentication Flow,49681,0,4.589,4,5,7,14,148,1551
1786022700,__ALL__,248412,0,8.029,5,13,15,26,306,1558
1786022700,4 Obtain authorization code,49684,0,6.198,5,7,8,18,296,1551
1786023000,5 Obtain access token,49609,0,5.204,5,7,8,11,20,46
1786023000,3 Perform authentication,49608,0,13.654,13,17,19,27,45,82
1786023000,1 Send request to authorize endpoint,49611,0,5.304,5,7,8,11,22,48
1786023000,2 Start Authentication Flow,49609,0,3.999,4,5,6,9,17,48
1786023000,__ALL__,248046,0,6.637,5,13,15,20,34,82
1786023000,4 Obtain authorization code,49609,0,5.022,5,7,8,10,20,44
1786023300,5 Obtain access token,49634,0,5.901,5,7,8,14,196,1539
1786023300,3 Perform authentication,49633,0,17.786,13,17,20,40,1203,1543
1786023300,1 Send request to authorize endpoint,49633,0,6.125,5,7,8,16,221,1541
1786023300,2 Start Authentication Flow,49635,0,4.570,4,5,6,12,160,1541
1786023300,__ALL__,248167,0,8.243,5,13,15,25,441,1543
1786023300,4 Obtain authorization code,49632,0,6.831,5,7,8,15,443,1540
1786023600,5 Obtain access token,49652,0,5.216,5,7,8,11,20,42
1786023600,3 Perform authentication,49657,0,13.609,13,17,20,28,44,62
1786023600,1 Send request to authorize endpoint,49650,0,5.347,5,7,8,12,23,39
1786023600,2 Start Authentication Flow,49650,0,4.006,4,5,6,9,17,36
1786023600,__ALL__,248262,0,6.649,5,13,15,20,34,62
1786023600,4 Obtain authorization code,49653,0,5.064,5,7,8,11,20,41
1786023900,5 Obtain access token,49498,0,6.053,5,7,8,13,249,1564
1786023900,3 Perform authentication,49498,0,18.018,13,17,20,41,1267,1573
1786023900,1 Send request to authorize endpoint,49501,0,6.227,5,7,8,16,240,1569
1786023900,2 Start Authentication Flow,49500,0,4.629,4,5,6,12,165,1570
1786023900,__ALL__,247497,0,8.273,5,13,15,25,416,1573
1786023900,4 Obtain authorization code,49500,0,6.439,5,7,8,15,372,683
1786024200,5 Obtain access token,49737,0,5.220,5,7,8,11,21,50
1786024200,3 Perform authentication,49734,0,13.571,13,17,19,27,51,100
1786024200,1 Send request to authorize endpoint,49737,0,5.331,5,7,8,12,25,50
1786024200,2 Start Authentication Flow,49737,0,4.011,4,5,6,9,17,41
1786024200,__ALL__,248679,0,6.639,5,13,15,20,36,100
1786024200,4 Obtain authorization code,49734,0,5.065,5,7,8,11,26,56
1786024500,5 Obtain access token,49532,0,6.067,5,7,8,17,204,1566
1786024500,3 Perform authentication,49530,0,18.551,13,18,20,46,1281,1574
1786024500,1 Send request to authorize endpoint,49531,0,6.413,5,7,9,20,231,482
1786024500,2 Start Authentication Flow,49531,0,4.764,4,6,7,14,178,441
1786024500,__ALL__,247657,0,8.720,5,13,15,29,555,1574
1786024500,4 Obtain authorization code,49533,0,7.807,5,7,8,20,636,1568
1786024800,5 Obtain access token,49588,0,5.223,5,7,8,11,22,45
1786024800,3 Perform authentication,49588,0,13.508,13,17,19,26,45,74
1786024800,1 Send request to authorize endpoint,49589,0,5.329,5,7,8,11,20,48
1786024800,2 Start Authentication Flow,49589,0,4.010,4,5,6,9,17,45
1786024800,__ALL__,247941,0,6.621,5,13,15,20,33,74
1786024800,4 Obtain authorization code,49587,0,5.035,5,7,8,10,18,39
1786025100,5 Obtain access token,49540,0,6.278,5,7,8,19,287,1561
1786025100,3 Perform authentication,49540,0,18.797,13,18,21,60,1271,1554
1786025100,1 Send request to authorize endpoint,49537,0,6.362,5,7,9,24,242,483
1786025100,2 Start Authentication Flow,49538,0,4.696,4,6,7,16,162,393
1786025100,__ALL__,247696,0,8.873,5,13,15,31,633,1561
1786025100,4 Obtain authorization code,49541,0,8.229,5,7,8,28,674,1046
1786025400,5 Obtain access token,49661,0,5.242,5,7,8,10,19,41
1786025400,3 Perform authentication,49661,0,13.609,13,17,19,25,44,71
1786025400,1 Send request to authorize endpoint,49663,0,5.343,5,7,8,11,19,46
1786025400,2 Start Authentication Flow,49661,0,4.018,4,5,6,9,15,38
1786025400,__ALL__,248307,0,6.650,5,13,15,19,33,71
1786025400,4 Obtain authorization code,49661,0,5.038,5,7,7,10,19,40
1786025700,5 Obtain access token,49555,0,5.616,5,7,8,14,107,1553
1786025700,3 Perform authentication,49557,0,17.739,13,17,20,40,1266,1556
1786025700,1 Send request to authorize endpoint,49556,0,6.068,5,7,8,16,180,1554
1786025700,2 Start Authentication Flow,49557,0,4.569,4,5,6,13,145,1553
1786025700,__ALL__,247782,0,8.062,5,13,15,25,333,1556
1786025700,4 Obtain authorization code,49557,0,6.317,5,7,8,16,304,1554
1786026000,5 Obtain access token,49725,0,5.263,5,7,8,11,20,38
1786026000,3 Perform authentication,49724,0,13.570,13,17,20,28,46,78
1786026000,1 Send request to authorize endpoint,49724,0,5.422,5,7,8,12,23,47
1786026000,2 Start Authentication Flow,49724,0,4.082,4,6,6,9,17,37
1786026000,__ALL__,248619,0,6.694,5,13,15,20,35,78
1786026000,4 Obtain authorization code,49722,0,5.134,5,7,8,12,22,37
1786026300,5 Obtain access token,49741,0,6.711,5,7,8,16,365,1597
1786026300,3 Perform authentication,49742,0,19.238,13,18,21,45,1335,1602
1786026300,1 Send request to authorize endpoint,49741,0,6.671,5,7,9,19,284,1594
1786026300,2 Start Authentication Flow,49741,0,4.964,4,6,7,14,194,1592
1786026300,__ALL__,248707,0,9.099,5,13,15,28,612,1602
1786026300,4 Obtain authorization code,49742,0,7.909,5,7,8,18,570,1020
1786026600,5 Obtain access token,49613,0,5.304,5,7,8,11,21,96
1786026600,3 Perform authentication,49613,0,13.698,13,17,20,27,58,131
1786026600,1 Send request to authorize endpoint,49612,0,5.387,5,7,8,12,22,101
1786026600,2 Start Authentication Flow,49612,0,4.067,4,5,6,9,17,95
1786026600,__ALL__,248065,0,6.712,5,13,15,20,36,131
1786026600,4 Obtain authorization code,49615,0,5.104,5,7,8,11,21,96
1786026900,5 Obtain access token,49476,0,5.957,5,7,8,18,163,421
1786026900,3 Perform authentication,49475,0,19.068,13,18,21,56,1353,1609
1786026900,1 Send request to authorize endpoint,49478,0,6.547,5,7,9,24,244,1603
1786026900,2 Start Authentication Flow,49478,0,5.234,4,6,7,20,261,1606
1786026900,__ALL__,247381,0,8.766,5,13,16,31,453,1609
1786026900,4 Obtain authorization code,49474,0,7.023,5,7,9,26,385,890
1786027200,5 Obtain access token,49699,0,5.215,5,7,8,11,18,39
1786027200,3 Perform authentication,49699,0,13.576,13,17,20,27,41,69
1786027200,1 Send request to authorize endpoint,49696,0,5.350,5,7,8,12,20,37
1786027200,2 Start Authentication Flow,49696,0,4.005,4,5,6,9,15,40
1786027200,__ALL__,248489,0,6.645,5,13,15,20,32,69
1786027200,4 Obtain authorization code,49699,0,5.078,5,7,8,11,19,37
1786027500,5 Obtain access token,49810,0,5.463,5,7,8,12,105,334
1786027500,3 Perform authentication,49808,0,17.522,13,17,20,33,1294,1563
1786027500,1 Send request to authorize endpoint,49813,0,5.807,5,7,8,13,175,1551
1786027500,2 Start Authentication Flow,49813,0,4.407,4,5,6,11,138,1552
1786027500,__ALL__,249053,0,7.844,5,13,15,22,310,1563
1786027500,4 Obtain authorization code,49809,0,6.020,5,6,7,12,296,1554
1786027800,5 Obtain access token,49654,0,5.167,5,7,8,11,26,62
1786027800,3 Perform authentication,49655,0,13.649,13,17,20,27,69,156
1786027800,1 Send request to authorize endpoint,49653,0,5.277,5,7,8,11,27,59
1786027800,2 Start Authentication Flow,49653,0,3.981,4,5,6,9,22,67
1786027800,__ALL__,248270,0,6.616,5,13,15,20,38,156
1786027800,4 Obtain authorization code,49655,0,5.005,5,7,8,11,31,70
1786028100,5 Obtain access token,49628,0,6.603,5,7,8,16,368,1564
1786028100,3 Perform authentication,49629,0,18.218,13,18,21,42,1286,1571
1786028100,1 Send request to authorize endpoint,49628,0,6.284,5,7,9,18,247,1565
1786028100,2 Start Authentication Flow,49627,0,4.615,4,5,7,13,167,404
1786028100,__ALL__,248141,0,8.461,5,13,15,27,420,1571
1786028100,4 Obtain authorization code,49629,0,6.585,5,7,8,18,295,1561
1786028400,5 Obtain access token,49662,0,5.179,5,7,8,11,20,56
1786028400,3 Perform authentication,49661,0,13.533,13,17,19,26,45,84
1786028400,1 Send request to authorize endpoint,49663,0,5.268,5,7,8,11,22,59
1786028400,2 Start Authentication Flow,49664,0,3.962,4,5,6,9,16,40
1786028400,__ALL__,248311,0,6.589,5,13,15,20,34,84
1786028400,4 Obtain authorization code,49661,0,5.002,5,7,8,10,19,57
1786028700,5 Obtain access token,49607,0,6.131,5,7,8,16,237,665
1786028700,3 Perform authentication,49611,0,18.802,13,17,20,50,1320,1591
1786028700,1 Send request to authorize endpoint,49606,0,6.435,5,7,8,19,285,1582
1786028700,2 Start Authentication Flow,49606,0,4.732,4,5,6,15,183,1581
1786028700,__ALL__,248040,0,8.616,5,13,15,29,516,1591
1786028700,4 Obtain authorization code,49610,0,6.980,5,7,8,21,492,800
1786029000,5 Obtain access token,49648,0,5.228,5,7,8,11,22,62
1786029000,3 Perform authentication,49644,0,13.723,13,17,20,29,54,104
1786029000,1 Send request to authorize endpoint,49649,0,5.388,5,7,8,13,27,53
1786029000,2 Start Authentication Flow,49650,0,4.015,4,5,6,9,20,43
1786029000,__ALL__,248235,0,6.687,5,13,15,20,37,104
1786029000,4 Obtain authorization code,49644,0,5.081,5,7,8,12,24,49
1786029300,5 Obtain access token,49648,0,5.703,5,7,8,14,132,1573
1786029300,3 Perform authentication,49652,0,17.663,13,17,20,41,1264,1580
1786029300,1 Send request to authorize endpoint,49647,0,6.037,5,7,8,16,183,1577
1786029300,2 Start Authentication Flow,49646,0,4.471,4,5,6,13,132,363
1786029300,__ALL__,248244,0,8.025,5,13,15,24,349,1580
1786029300,4 Obtain authorization code,49651,0,6.248,5,7,8,15,329,1571
1786029600,5 Obtain access token,49710,0,5.196,5,7,8,11,23,39
1786029600,3 Perform authentication,49707,0,13.547,13,17,19,27,51,91
1786029600,1 Send request to authorize endpoint,49711,0,5.308,5,7,8,11,25,46
1786029600,2 Start Authentication Flow,49709,0,3.980,4,5,6,9,18,35
1786029600,__ALL__,248544,0,6.613,5,13,15,20,35,91
1786029600,4 Obtain authorization code,49707,0,5.035,5,7,8,11,23,42
1786029900,5 Obtain access token,49499,0,6.733,5,7,8,19,364,1566
1786029900,3 Perform authentication,49499,0,18.616,13,18,21,57,1298,1571
1786029900,1 Send request to authorize endpoint,49499,0,6.608,5,7,9,24,274,1569
1786029900,2 Start Authentication Flow,49502,0,4.908,4,6,7,18,188,1567
1786029900,__ALL__,247498,0,8.779,5,13,15,32,467,1571
1786029900,4 Obtain authorization code,49499,0,7.028,5,7,8,24,336,1568
1786030200,5 Obtain access token,49740,0,5.333,5,7,8,12,24,59
1786030200,3 Perform authentication,49741,0,13.909,13,18,21,31,54,119
1786030200,1 Send request to authorize endpoint,49740,0,5.540,5,7,9,15,30,59
1786030200,2 Start Authentication Flow,49737,0,4.121,4,6,7,10,20,47
1786030200,__ALL__,248699,0,6.834,5,13,15,22,37,119
1786030200,4 Obtain authorization code,49741,0,5.267,5,7,9,14,29,55
1786030500,5 Obtain access token,49625,0,6.024,5,7,8,14,237,1573
1786030500,3 Perform authentication,49622,0,18.334,13,17,20,38,1283,1566
1786030500,1 Send request to authorize endpoint,49622,0,6.183,5,7,8,16,222,1573
1786030500,2 Start Authentication Flow,49625,0,4.671,4,5,6,13,160,1572
1786030500,__ALL__,248118,0,8.442,5,13,15,25,466,1573
1786030500,4 Obtain authorization code,49624,0,7.001,5,7,8,15,433,858
1786030800,5 Obtain access token,49746,0,5.255,5,7,8,11,21,42
1786030800,3 Perform authentication,49747,0,13.884,13,18,20,29,47,70
1786030800,1 Send request to authorize endpoint,49747,0,5.412,5,7,8,13,25,42
1786030800,2 Start Authentication Flow,49744,0,4.053,4,5,7,10,18,39
1786030800,__ALL__,248730,0,6.748,5,13,15,21,36,70
1786030800,4 Obtain authorization code,49746,0,5.134,5,7,8,12,24,40
1786031100,5 Obtain access token,49599,0,6.664,5,7,8,17,371,1582
1786031100,3 Perform authentication,49600,0,18.678,13,18,21,47,1268,1560
1786031100,1 Send request to authorize endpoint,49600,0,6.539,5,7,9,19,250,653
1786031100,2 Start Authentication Flow,49601,0,4.771,4,6,7,14,176,770
1786031100,__ALL__,248000,0,8.883,5,13,15,28,534,1582
1786031100,4 Obtain authorization code,49600,0,7.764,5,7,8,18,554,1579
1786031400,5 Obtain access token,49711,0,5.192,5,7,8,11,19,39
1786031400,3 Perform authentication,49709,0,13.655,13,17,19,26,44,76
1786031400,1 Send request to authorize endpoint,49711,0,5.302,5,7,8,11,21,43
1786031400,2 Start Authentication Flow,49712,0,3.990,4,5,6,9,16,37
1786031400,__ALL__,248553,0,6.636,5,13,15,20,34,76
1786031400,4 Obtain authorization code,49710,0,5.040,5,7,8,10,20,37
1786031700,5 Obtain access token,49497,0,6.301,5,7,8,16,285,1594
1786031700,3 Perform authentication,49502,0,18.916,13,18,21,47,1325,1603
1786031700,1 Send request to authorize endpoint,49498,0,6.511,5,7,9,22,235,1595
1786031700,2 Start Authentication Flow,49498,0,4.680,4,6,7,14,170,439
1786031700,__ALL__,247494,0,8.842,5,13,16,30,530,1603
1786031700,4 Obtain authorization code,49499,0,7.800,5,7,8,21,541,1594
1786032000,5 Obtain access token,49786,0,5.390,5,7,9,13,27,55
1786032000,3 Perform authentication,49784,0,14.351,13,19,23,39,64,87
1786032000,1 Send request to authorize endpoint,49785,0,5.660,5,8,10,18,35,50
1786032000,2 Start Authentication Flow,49784,0,4.186,4,6,7,12,27,53
1786032000,__ALL__,248925,0,7.003,5,13,16,24,48,87
1786032000,4 Obtain authorization code,49786,0,5.430,5,7,9,18,39,76
1786032300,5 Obtain access token,49592,0,6.241,5,7,8,13,298,1602
1786032300,3 Perform authentication,49590,0,18.581,13,17,20,39,1322,1607
1786032300,1 Send request to authorize endpoint,49593,0,6.324,5,7,8,15,248,1602
1786032300,2 Start Authentication Flow,49595,0,4.707,4,5,6,11,179,1601
1786032300,__ALL__,247961,0,8.667,5,13,15,24,557,1607
1786032300,4 Obtain authorization code,49591,0,7.483,5,7,7,14,601,916
1786032600,5 Obtain access token,49672,0,5.172,5,7,8,10,20,47
1786032600,3 Perform authentication,49671,0,13.582,13,17,19,25,47,85
1786032600,1 Send request to authorize endpoint,49671,0,5.314,5,7,8,11,18,47
1786032600,2 Start Authentication Flow,49668,0,3.956,4,5,6,9,14,38
1786032600,__ALL__,248353,0,6.614,5,13,15,20,31,85
1786032600,4 Obtain authorization code,49671,0,5.047,5,7,8,10,19,41
1786032900,5 Obtain access token,49572,0,6.134,5,7,8,14,255,1557
1786032900,3 Perform authentication,49575,0,18.150,13,18,20,40,1316,1549
1786032900,1 Send request to authorize endpoint,49572,0,6.175,5,7,9,15,225,411
1786032900,2 Start Authentication Flow,49575,0,4.638,4,5,7,12,171,1557
1786032900,__ALL__,247867,0,8.374,5,13,15,26,356,1557
1786032900,4 Obtain authorization code,49573,0,6.773,5,7,8,16,317,907
1786033200,5 Obtain access token,49761,0,5.214,5,7,8,10,17,43
1786033200,3 Perform authentication,49760,0,13.684,13,17,19,26,42,63
1786033200,1 Send request to authorize endpoint,49761,0,5.350,5,7,8,11,18,49
1786033200,2 Start Authentication Flow,49759,0,4.007,4,5,6,9,14,37
1786033200,__ALL__,248802,0,6.671,5,13,15,20,32,63
1786033200,4 Obtain authorization code,49761,0,5.100,5,7,8,10,17,38
1786033500,5 Obtain access token,49471,0,6.160,5,7,8,14,273,1565
1786033500,3 Perform authentication,49471,0,18.496,13,17,20,39,1306,1577
1786033500,1 Send request to authorize endpoint,49470,0,6.361,5,7,8,14,236,1565
1786033500,2 Start Authentication Flow,49471,0,4.651,4,5,6,11,164,1565
1786033500,__ALL__,247354,0,8.626,5,13,15,25,502,1577
1786033500,4 Obtain authorization code,49471,0,7.462,5,7,8,14,511,1563
1786033800,5 Obtain access token,49754,0,5.218,5,7,8,11,20,44
1786033800,3 Perform authentication,49756,0,13.912,13,18,20,28,48,71
1786033800,1 Send request to authorize endpoint,49756,0,5.370,5,7,8,12,24,48
1786033800,2 Start Authentication Flow,49756,0,4.018,4,5,6,9,18,52
1786033800,__ALL__,248777,0,6.731,5,13,15,20,35,71
1786033800,4 Obtain authorization code,49755,0,5.138,5,7,8,11,25,41
1786034100,5 Obtain access token,49564,0,5.992,5,7,8,13,234,468
1786034100,3 Perform authentication,49566,0,17.838,13,18,20,35,1212,1533
1786034100,1 Send request to authorize endpoint,49563,0,6.253,5,7,8,14,218,1545
1786034100,2 Start Authentication Flow,49564,0,4.564,4,5,6,12,155,1537
1786034100,__ALL__,247821,0,8.316,5,13,15,24,396,1545
1786034100,4 Obtain authorization code,49564,0,6.932,5,7,8,13,401,1541
1786034400,5 Obtain access token,49669,0,5.223,5,7,8,10,21,213
1786034400,3 Perform authentication,49664,0,13.775,13,17,19,25,54,237
1786034400,1 Send request to authorize endpoint,49669,0,5.341,5,7,8,11,22,218
1786034400,2 Start Authentication Flow,49668,0,4.004,4,5,6,9,16,212
1786034400,__ALL__,248337,0,6.685,5,13,15,20,33,237
1786034400,4 Obtain authorization code,49667,0,5.085,5,7,8,10,26,214
1786034700,5 Obtain access token,49561,0,6.372,5,7,8,14,292,1581
1786034700,3 Perform authentication,49562,0,18.271,13,18,20,37,1287,1598
1786034700,1 Send request to authorize endpoint,49560,0,6.253,5,7,8,14,259,503
1786034700,2 Start Authentication Flow,49559,0,4.580,4,5,6,11,142,1586
1786034700,__ALL__,247804,0,8.342,5,13,15,24,409,1598
1786034700,4 Obtain authorization code,49562,0,6.232,5,7,8,14,276,1582
1786035000,5 Obtain access token,49607,0,5.295,5,7,8,10,18,86
1786035000,3 Perform authentication,49608,0,13.869,13,18,20,25,60,134
1786035000,1 Send request to authorize endpoint,49607,0,5.418,5,7,8,11,20,103
1786035000,2 Start Authentication Flow,49608,0,4.047,4,5,6,9,13,86
1786035000,__ALL__,248038,0,6.755,5,13,15,20,33,134
1786035000,4 Obtain authorization code,49608,0,5.149,5,7,8,10,18,101
1786035300,5 Obtain access token,49595,0,6.000,5,7,8,16,171,519
1786035300,3 Perform authentication,49592,0,18.823,13,18,21,49,1311,1596
1786035300,1 Send request to authorize endpoint,49595,0,6.294,5,7,9,19,226,1590
1786035300,2 Start Authentication Flow,49596,0,4.652,4,6,7,14,147,329
1786035300,__ALL__,247971,0,8.460,5,13,16,28,410,1596
1786035300,4 Obtain authorization code,49593,0,6.529,5,7,8,20,327,631
1786035600,5 Obtain access token,49763,0,5.233,5,7,8,10,18,51
1786035600,3 Perform authentication,49766,0,13.815,13,18,20,25,44,66
1786035600,1 Send request to authorize endpoint,49765,0,5.333,5,7,8,11,21,47
1786035600,2 Start Authentication Flow,49765,0,3.986,4,5,6,9,15,49
1786035600,__ALL__,248822,0,6.690,5,13,15,20,32,66
1786035600,4 Obtain authorization code,49763,0,5.083,5,7,8,10,19,49
1786035900,5 Obtain access token,49572,0,5.934,5,7,9,19,145,1598
1786035900,3 Perform authentication,49576,0,19.382,13,19,23,63,1300,1610
1786035900,1 Send request to authorize endpoint,49571,0,6.442,5,8,10,24,213,1599
1786035900,2 Start Authentication Flow,49568,0,4.882,4,6,7,17,168,1602
1786035900,__ALL__,247860,0,8.720,5,14,16,35,395,1610
1786035900,4 Obtain authorization code,49573,0,6.959,5,7,9,27,353,1600
1786036200,5 Obtain access token,49555,0,6.368,5,7,9,30,196,838
1786036200,3 Perform authentication,49549,0,17.381,13,19,24,131,516,933
1786036200,1 Send request to authorize endpoint,49556,0,7.153,5,8,10,43,292,791
1786036200,2 Start Authentication Flow,49558,0,5.261,4,6,8,32,202,699
1786036200,__ALL__,247772,0,8.872,5,14,17,49,393,933
1786036200,4 Obtain authorization code,49554,0,8.198,5,8,10,92,515,909
1786036500,5 Obtain access token,49357,0,8.673,5,8,15,93,312,1577
1786036500,3 Perform authentication,49360,0,27.619,14,23,55,365,1308,1569
1786036500,1 Send request to authorize endpoint,49357,0,10.992,5,9,20,161,506,919
1786036500,2 Start Authentication Flow,49357,0,8.502,4,7,13,129,424,1079
1786036500,__ALL__,246791,0,14.246,5,16,26,206,758,1812
1786036500,4 Obtain authorization code,49360,0,15.440,5,9,25,313,819,1812
1786036800,5 Obtain access token,49548,0,5.646,5,7,9,15,67,218
1786036800,3 Perform authentication,49726,0,19.752,13,20,26,50,1345,1629
1786036800,1 Send request to authorize endpoint,49469,0,5.929,5,8,11,21,46,225
1786036800,2 Start Authentication Flow,49441,0,4.397,4,6,8,13,35,1620
1786036800,__ALL__,247781,0,8.383,5,14,16,30,333,1629
1786036800,4 Obtain authorization code,49597,0,6.141,5,8,11,23,199,1623
1786037100,5 Obtain access token,49833,0,5.753,5,7,9,14,130,358
1786037100,3 Perform authentication,49651,0,14.458,13,19,23,34,136,467
1786037100,1 Send request to authorize endpoint,49911,0,6.478,5,8,10,21,224,520
1786037100,2 Start Authentication Flow,49939,0,4.848,4,6,7,14,169,331
1786037100,__ALL__,249115,0,7.617,5,13,16,27,221,681
1786037100,4 Obtain authorization code,49781,0,6.579,5,7,9,17,409,681
1786037400,5 Obtain access token,49360,0,6.551,5,7,9,17,311,1572
1786037400,3 Perform authentication,49360,0,18.763,13,19,22,43,1277,1577
1786037400,1 Send request to authorize endpoint,49360,0,6.552,5,8,9,21,236,438
1786037400,2 Start Authentication Flow,49361,0,4.810,4,6,7,15,151,1572
1786037400,__ALL__,246801,0,8.800,5,14,16,29,478,1577
1786037400,4 Obtain authorization code,49360,0,7.325,5,7,9,20,480,869
1786037700,5 Obtain access token,49670,0,5.376,5,7,9,13,23,42
1786037700,3 Perform authentication,49675,0,14.186,13,19,22,39,56,80
1786037700,1 Send request to authorize endpoint,49670,0,5.676,5,8,10,19,32,53
1786037700,2 Start Authentication Flow,49669,0,4.187,4,6,7,12,23,41
1786037700,__ALL__,248355,0,6.961,5,13,16,24,46,80
1786037700,4 Obtain authorization code,49671,0,5.378,5,7,9,19,33,48
1786038000,5 Obtain access token,49626,0,6.049,5,7,8,16,194,1575
1786038000,3 Perform authentication,49628,0,18.416,13,18,22,43,1297,1583
1786038000,1 Send request to authorize endpoint,49626,0,6.328,5,8,9,20,207,1576
1786038000,2 Start Authentication Flow,49623,0,4.711,4,6,7,15,152,1575
1786038000,__ALL__,248132,0,8.558,5,13,16,28,497,1583
1786038000,4 Obtain authorization code,49629,0,7.285,5,7,9,20,526,1573
1786038300,5 Obtain access token,49752,0,5.232,5,7,8,11,23,62
1786038300,3 Perform authentication,49745,0,13.839,13,18,20,29,55,85
1786038300,1 Send request to authorize endpoint,49752,0,5.379,5,7,8,12,24,41
1786038300,2 Start Authentication Flow,49754,0,4.032,4,5,7,9,18,50
1786038300,__ALL__,248751,0,6.713,5,13,15,21,37,85
1786038300,4 Obtain authorization code,49748,0,5.086,5,7,8,12,27,54
1786038600,5 Obtain access token,49687,0,5.723,5,7,8,14,108,1580
1786038600,3 Perform authentication,49688,0,18.632,13,18,21,39,1348,1584
1786038600,1 Send request to authorize endpoint,49687,0,6.118,5,7,9,17,180,364
1786038600,2 Start Authentication Flow,49688,0,4.628,4,6,7,12,151,368
1786038600,__ALL__,248437,0,8.294,5,13,16,26,375,1584
1786038600,4 Obtain authorization code,49687,0,6.370,5,7,8,16,319,588
1786038900,5 Obtain access token,49603,0,5.341,5,7,8,14,26,37
1786038900,3 Perform authentication,49602,0,14.199,13,18,22,41,63,86
1786038900,1 Send request to authorize endpoint,49602,0,5.629,5,8,9,21,37,70
1786038900,2 Start Authentication Flow,49603,0,4.165,4,6,7,12,28,48
1786038900,__ALL__,248013,0,6.934,5,13,16,24,51,86
1786038900,4 Obtain authorization code,49603,0,5.337,5,7,9,20,38,79
1786039200,5 Obtain access token,49428,0,7.210,5,7,9,26,404,1578
1786039200,3 Perform authentication,49432,0,19.975,13,19,25,99,1269,1591
1786039200,1 Send request to authorize endpoint,49430,0,7.234,5,8,11,41,285,1578
1786039200,2 Start Authentication Flow,49430,0,5.268,4,6,8,29,184,1579
1786039200,__ALL__,247148,0,9.485,5,14,17,51,493,1591
1786039200,4 Obtain authorization code,49428,0,7.741,5,7,10,51,346,643
1786039500,5 Obtain access token,49672,0,5.269,5,7,8,12,25,55
1786039500,3 Perform authentication,49671,0,14.127,13,18,21,30,64,160
1786039500,1 Send request to authorize endpoint,49671,0,5.472,5,7,9,14,26,79
1786039500,2 Start Authentication Flow,49670,0,4.079,4,6,7,10,21,58
1786039500,__ALL__,248358,0,6.830,5,13,15,22,40,160
1786039500,4 Obtain authorization code,49674,0,5.203,5,7,8,13,36,76
1786039800,5 Obtain access token,49535,0,6.554,5,7,8,17,302,1555
1786039800,3 Perform authentication,49540,0,18.916,13,18,21,48,1299,1570
1786039800,1 Send request to authorize endpoint,49536,0,6.639,5,8,9,22,262,1557
1786039800,2 Start Authentication Flow,49537,0,4.843,4,6,7,16,181,391
1786039800,__ALL__,247685,0,8.821,5,14,16,29,422,1570
1786039800,4 Obtain authorization code,49537,0,7.150,5,7,8,19,347,1556
1786040100,5 Obtain access token,49655,0,5.351,5,7,8,12,23,60
1786040100,3 Perform authentication,49650,0,14.288,13,19,22,33,50,67
1786040100,1 Send request to authorize endpoint,49654,0,5.572,5,8,9,14,32,54
1786040100,2 Start Authentication Flow,49653,0,4.132,4,6,7,10,21,37
1786040100,__ALL__,248265,0,6.916,5,13,16,23,40,67
1786040100,4 Obtain authorization code,49653,0,5.238,5,7,9,14,29,56
1786040400,5 Obtain access token,49588,0,6.767,5,7,9,23,320,1548
1786040400,3 Perform authentication,49587,0,19.186,13,19,25,79,1194,1553
1786040400,1 Send request to authorize endpoint,49586,0,6.905,5,8,11,35,238,1547
1786040400,2 Start Authentication Flow,49583,0,4.965,4,6,8,23,150,1545
1786040400,__ALL__,247931,0,8.966,5,14,17,45,372,1553
1786040400,4 Obtain authorization code,49587,0,7.006,5,7,10,45,236,1546
1786040700,5 Obtain access token,49730,0,5.531,5,7,9,15,34,86
1786040700,3 Perform authentication,49732,0,14.884,13,19,24,46,88,106
1786040700,1 Send request to authorize endpoint,49733,0,5.872,5,8,10,21,47,94
1786040700,2 Start Authentication Flow,49735,0,4.312,4,6,7,13,34,89
1786040700,__ALL__,248661,0,7.226,5,14,16,27,60,106
1786040700,4 Obtain authorization code,49731,0,5.530,5,7,9,18,48,93
1786041000,5 Obtain access token,49480,0,6.231,5,7,8,23,244,1551
1786041000,3 Perform authentication,49479,0,18.789,13,18,21,98,1260,1565
1786041000,1 Send request to authorize endpoint,49477,0,6.656,5,7,9,33,250,1555
1786041000,2 Start Authentication Flow,49479,0,4.959,4,6,7,23,191,407
1786041000,__ALL__,247395,0,8.853,5,13,16,38,486,1565
1786041000,4 Obtain authorization code,49480,0,7.630,5,7,8,52,535,964
1786041300,5 Obtain access token,49671,0,5.196,5,7,8,11,16,40
1786041300,3 Perform authentication,49669,0,13.685,13,18,20,27,42,62
1786041300,1 Send request to authorize endpoint,49671,0,5.355,5,7,8,12,19,38
1786041300,2 Start Authentication Flow,49671,0,4.012,4,5,6,9,15,39
1786041300,__ALL__,248351,0,6.662,5,13,15,20,33,62
1786041300,4 Obtain authorization code,49669,0,5.061,5,7,8,11,19,40
1786041600,5 Obtain access token,49551,0,5.671,5,7,8,13,110,1573
1786041600,3 Perform authentication,49554,0,17.957,13,18,20,35,1276,1589
1786041600,1 Send request to authorize endpoint,49554,0,5.950,5,7,9,14,167,388
1786041600,2 Start Authentication Flow,49554,0,4.659,4,6,7,11,154,1573
1786041600,__ALL__,247765,0,8.099,5,13,15,24,351,1589
1786041600,4 Obtain authorization code,49552,0,6.257,5,7,8,14,305,1574
1786041900,5 Obtain access token,49642,0,5.178,5,7,8,10,18,51
1786041900,3 Perform authentication,49640,0,13.738,13,18,20,27,44,217
1786041900,1 Send request to authorize endpoint,49641,0,5.333,5,7,8,12,19,44
1786041900,2 Start Authentication Flow,49640,0,3.992,4,5,6,9,15,41
1786041900,__ALL__,248205,0,6.654,5,13,15,20,34,217
1786041900,4 Obtain authorization code,49642,0,5.031,5,7,8,11,18,46
1786042200,5 Obtain access token,49672,0,6.081,5,7,8,17,224,1588
1786042200,3 Perform authentication,49671,0,19.009,13,18,21,54,1322,1606
1786042200,1 Send request to authorize endpoint,49673,0,6.519,5,7,9,20,243,1593
1786042200,2 Start Authentication Flow,49673,0,4.931,4,6,7,17,188,1588
1786042200,__ALL__,248360,0,8.880,5,13,16,29,581,1606
1786042200,4 Obtain authorization code,49671,0,7.861,5,7,8,23,593,1589
1786042500,5 Obtain access token,49715,0,5.207,5,7,8,11,18,38
1786042500,3 Perform authentication,49717,0,13.604,13,18,20,27,43,70
1786042500,1 Send request to authorize endpoint,49712,0,5.353,5,7,8,12,21,42
1786042500,2 Start Authentication Flow,49712,0,4.012,4,5,6,9,15,40
1786042500,__ALL__,248573,0,6.645,5,13,15,20,33,70
1786042500,4 Obtain authorization code,49717,0,5.049,5,7,8,11,18,39
1786042800,5 Obtain access token,49613,0,6.732,5,7,8,17,334,1566
1786042800,3 Perform authentication,49612,0,18.845,13,18,21,52,1295,1577
1786042800,1 Send request to authorize endpoint,49615,0,6.651,5,7,9,20,267,1571
1786042800,2 Start Authentication Flow,49616,0,4.953,4,6,7,16,203,1568
1786042800,__ALL__,248069,0,8.940,5,13,16,31,502,1577
1786042800,4 Obtain authorization code,49613,0,7.518,5,7,8,29,506,1571
1786043100,5 Obtain access token,49787,0,5.275,5,7,8,11,19,47
1786043100,3 Perform authentication,49786,0,13.836,13,18,21,28,47,81
1786043100,1 Send request to authorize endpoint,49787,0,5.473,5,7,9,13,28,50
1786043100,2 Start Authentication Flow,49787,0,4.068,4,6,7,9,16,46
1786043100,__ALL__,248932,0,6.762,5,13,15,21,35,81
1786043100,4 Obtain authorization code,49785,0,5.157,5,7,8,12,27,41
1786043400,5 Obtain access token,49573,0,6.286,5,7,8,15,269,1607
1786043400,3 Perform authentication,49573,0,18.808,13,18,21,42,1341,1613
1786043400,1 Send request to authorize endpoint,49572,0,6.417,5,7,9,18,235,501
1786043400,2 Start Authentication Flow,49570,0,4.760,4,6,7,13,171,1606
1786043400,__ALL__,247861,0,8.824,5,13,15,27,577,1613
1786043400,4 Obtain authorization code,49573,0,7.849,5,7,8,19,650,1606
1786043700,5 Obtain access token,49789,0,5.197,5,7,8,10,19,39
1786043700,3 Perform authentication,49790,0,13.535,13,17,19,26,44,68
1786043700,1 Send request to authorize endpoint,49791,0,5.298,5,7,8,11,20,57
1786043700,2 Start Authentication Flow,49793,0,3.996,4,5,6,9,15,51
1786043700,__ALL__,248953,0,6.600,5,13,15,19,33,68
1786043700,4 Obtain authorization code,49790,0,4.974,5,7,7,10,17,37
1786044000,5 Obtain access token,49582,0,5.683,5,7,8,14,109,1575
1786044000,3 Perform authentication,49584,0,18.128,13,18,20,41,1248,1579
1786044000,1 Send request to authorize endpoint,49582,0,6.259,5,7,9,16,210,1576
1786044000,2 Start Authentication Flow,49582,0,4.691,4,5,7,13,158,1571
1786044000,__ALL__,247913,0,8.235,5,13,15,25,396,1579
1786044000,4 Obtain authorization code,49583,0,6.413,5,7,8,17,336,1569
1786044300,5 Obtain access token,49711,0,5.136,5,7,8,10,19,43
1786044300,3 Perform authentication,49708,0,13.414,13,17,19,25,43,73
1786044300,1 Send request to authorize endpoint,49709,0,5.254,5,7,8,11,22,54
1786044300,2 Start Authentication Flow,49708,0,3.958,4,5,6,9,16,35
1786044300,__ALL__,248545,0,6.539,5,13,15,19,31,73
1786044300,4 Obtain authorization code,49709,0,4.935,5,6,7,10,20,37
1786044600,5 Obtain access token,49665,0,5.639,5,7,8,13,129,1563
1786044600,3 Perform authentication,49666,0,17.812,13,17,20,33,1371,1578
1786044600,1 Send request to authorize endpoint,49667,0,6.000,5,7,8,14,181,1564
1786044600,2 Start Authentication Flow,49668,0,4.524,4,5,7,11,146,356
1786044600,__ALL__,248332,0,8.033,5,13,15,23,355,1578
1786044600,4 Obtain authorization code,49666,0,6.188,5,7,8,13,312,1568
1786044900,5 Obtain access token,49544,0,5.208,5,7,8,11,19,39
1786044900,3 Perform authentication,49544,0,13.541,13,17,20,28,51,73
1786044900,1 Send request to authorize endpoint,49542,0,5.354,5,7,8,12,31,46
1786044900,2 Start Authentication Flow,49542,0,4.025,4,5,6,9,17,36
1786044900,__ALL__,247715,0,6.630,5,13,15,20,36,73
1786044900,4 Obtain authorization code,49543,0,5.019,5,7,8,11,23,42
1786045200,5 Obtain access token,49624,0,5.744,5,7,8,14,146,1593
1786045200,3 Perform authentication,49623,0,18.180,13,17,20,36,1314,1604
1786045200,1 Send request to authorize endpoint,49625,0,6.246,5,7,8,15,209,1597
1786045200,2 Start Authentication Flow,49625,0,4.689,4,5,7,12,160,1595
1786045200,__ALL__,248121,0,8.272,5,13,15,25,397,1604
1786045200,4 Obtain authorization code,49624,0,6.500,5,7,8,15,367,1597
1786045500,5 Obtain access token,49562,0,5.306,5,7,8,12,31,63
1786045500,3 Perform authentication,49565,0,13.911,13,18,21,34,66,104
1786045500,1 Send request to authorize endpoint,49562,0,5.557,5,7,9,14,37,71
1786045500,2 Start Authentication Flow,49561,0,4.108,4,6,7,10,23,56
1786045500,__ALL__,247813,0,6.833,5,13,15,22,45,104
1786045500,4 Obtain authorization code,49563,0,5.282,5,7,8,14,39,80
1786045800,5 Obtain access token,49570,0,5.770,5,7,8,13,133,1592
1786045800,3 Perform authentication,49566,0,18.212,13,17,20,36,1337,1595
1786045800,1 Send request to authorize endpoint,49570,0,6.013,5,7,8,15,189,408
1786045800,2 Start Authentication Flow,49571,0,4.619,4,5,6,11,149,1590
1786045800,__ALL__,247846,0,8.210,5,13,15,24,429,1595
1786045800,4 Obtain authorization code,49569,0,6.437,5,7,8,14,370,680
1786046100,5 Obtain access token,49661,0,5.209,5,7,8,10,23,59
1786046100,3 Perform authentication,49664,0,13.493,13,17,19,26,49,108
1786046100,1 Send request to authorize endpoint,49660,0,5.345,5,7,8,12,22,48
1786046100,2 Start Authentication Flow,49660,0,4.004,4,5,6,9,17,38
1786046100,__ALL__,248308,0,6.612,5,13,15,20,34,108
1786046100,4 Obtain authorization code,49663,0,5.010,5,7,8,11,22,37
1786046400,5 Obtain access token,49638,0,5.955,5,7,8,14,214,1579
1786046400,3 Perform authentication,49636,0,18.120,13,18,20,39,1333,1591
1786046400,1 Send request to authorize endpoint,49638,0,6.242,5,7,9,16,208,1580
1786046400,2 Start Authentication Flow,49636,0,4.609,4,5,7,12,149,373
1786046400,__ALL__,248184,0,8.392,5,13,15,25,466,1591
1786046400,4 Obtain authorization code,49636,0,7.033,5,7,8,16,493,1583
1786046700,5 Obtain access token,49721,0,5.141,5,7,8,10,16,46
1786046700,3 Perform authentication,49723,0,13.293,13,17,19,25,44,72
1786046700,1 Send request to authorize endpoint,49723,0,5.272,5,7,8,11,20,39
1786046700,2 Start Authentication Flow,49724,0,3.965,4,5,6,9,16,41
1786046700,__ALL__,248612,0,6.523,5,13,14,19,33,72
1786046700,4 Obtain authorization code,49721,0,4.945,5,6,7,10,17,41
1786047000,5 Obtain access token,49559,0,5.732,5,7,8,13,161,1532
1786047000,3 Perform authentication,49559,0,17.110,13,17,20,32,1194,1535
1786047000,1 Send request to authorize endpoint,49556,0,5.998,5,7,8,14,175,1540
1786047000,2 Start Authentication Flow,49555,0,4.415,4,5,6,11,106,1533
1786047000,__ALL__,247789,0,7.818,5,13,15,23,272,1540
1786047000,4 Obtain authorization code,49560,0,5.835,5,7,8,12,210,1533
1786047300,5 Obtain access token,49729,0,5.168,5,7,8,10,16,41
1786047300,3 Perform authentication,49729,0,13.359,13,17,19,24,40,52
1786047300,1 Send request to authorize endpoint,49731,0,5.280,5,7,8,11,16,37
1786047300,2 Start Authentication Flow,49733,0,3.965,4,5,6,9,14,37
1786047300,__ALL__,248651,0,6.546,5,13,15,19,29,52
1786047300,4 Obtain authorization code,49729,0,4.957,5,6,7,10,15,45
1786047600,5 Obtain access token,49506,0,6.086,5,7,9,19,165,1570
1786047600,3 Perform authentication,49506,0,18.914,13,19,23,55,1310,1551
1786047600,1 Send request to authorize endpoint,49507,0,6.603,5,8,11,27,248,431
1786047600,2 Start Authentication Flow,49507,0,4.872,4,6,7,17,147,1570
1786047600,__ALL__,247532,0,8.620,5,13,16,33,395,1571
1786047600,4 Obtain authorization code,49506,0,6.626,5,7,10,25,289,1571
1786047900,5 Obtain access token,49708,0,5.158,5,7,8,11,21,47
1786047900,3 Perform authentication,49709,0,13.434,13,17,20,31,50,127
1786047900,1 Send request to authorize endpoint,49708,0,5.396,5,7,8,15,28,82
1786047900,2 Start Authentication Flow,49707,0,4.004,4,5,6,10,17,40
1786047900,__ALL__,248541,0,6.617,5,13,15,20,38,127
1786047900,4 Obtain authorization code,49709,0,5.094,5,7,8,14,29,77
1786048200,5 Obtain access token,49706,0,6.626,5,7,8,16,352,1566
1786048200,3 Perform authentication,49704,0,18.545,13,17,20,51,1340,1574
1786048200,1 Send request to authorize endpoint,49705,0,6.479,5,7,8,21,268,630
1786048200,2 Start Authentication Flow,49702,0,4.826,4,5,6,15,180,1565
1786048200,__ALL__,248522,0,8.776,5,13,15,29,525,1574
1786048200,4 Obtain authorization code,49705,0,7.407,5,7,8,24,504,910
1786048500,5 Obtain access token,49621,0,5.097,5,7,7,10,16,41
1786048500,3 Perform authentication,49621,0,13.089,12,17,18,24,41,76
1786048500,1 Send request to authorize endpoint,49622,0,5.203,5,7,8,10,17,38
1786048500,2 Start Authentication Flow,49624,0,3.915,4,5,6,8,13,35
1786048500,__ALL__,248110,0,6.441,5,13,14,19,31,76
1786048500,4 Obtain authorization code,49622,0,4.901,5,6,7,9,16,48
1786048800,5 Obtain access token,49595,0,5.777,5,7,8,13,174,503
1786048800,3 Perform authentication,49596,0,17.491,13,17,19,37,1244,1577
1786048800,1 Send request to authorize endpoint,49593,0,6.248,5,7,8,15,215,1570
1786048800,2 Start Authentication Flow,49594,0,4.606,4,5,6,11,163,1565
1786048800,__ALL__,247972,0,8.168,5,13,15,24,430,1577
1786048800,4 Obtain authorization code,49594,0,6.715,5,6,8,15,456,1569
1786049100,5 Obtain access token,49525,0,5.093,5,7,7,10,22,48
1786049100,3 Perform authentication,49522,0,13.246,12,17,19,26,52,103
1786049100,1 Send request to authorize endpoint,49525,0,5.233,5,7,8,11,23,46
1786049100,2 Start Authentication Flow,49526,0,3.923,4,5,6,9,18,41
1786049100,__ALL__,247622,0,6.480,5,13,14,19,35,103
1786049100,4 Obtain authorization code,49524,0,4.907,5,6,7,10,22,43
1786049400,5 Obtain access token,49560,0,5.467,5,7,8,13,122,1553
1786049400,3 Perform authentication,49561,0,17.155,12,17,19,34,1217,1561
1786049400,1 Send request to authorize endpoint,49560,0,5.870,5,7,8,13,178,1551
1786049400,2 Start Authentication Flow,49558,0,4.507,4,5,6,11,158,1551
1786049400,__ALL__,247800,0,7.832,5,13,15,22,338,1561
1786049400,4 Obtain authorization code,49561,0,6.161,5,6,7,13,323,1550
1786049700,5 Obtain access token,49604,0,5.188,5,7,8,11,18,42
1786049700,3 Perform authentication,49606,0,13.382,12,17,20,29,42,66
1786049700,1 Send request to authorize endpoint,49604,0,5.431,5,7,9,14,23,38
1786049700,2 Start Authentication Flow,49606,0,4.030,4,5,7,9,16,38
1786049700,__ALL__,248025,0,6.625,5,13,15,21,34,66
1786049700,4 Obtain authorization code,49605,0,5.095,5,7,8,14,22,42
1786050000,5 Obtain access token,49516,0,6.476,5,7,8,26,301,1603
1786050000,3 Perform authentication,49513,0,19.269,13,17,20,124,1330,1596
1786050000,1 Send request to authorize endpoint,49516,0,6.675,5,7,8,36,271,503
1786050000,2 Start Authentication Flow,49516,0,4.854,4,5,7,23,183,616
1786050000,__ALL__,247575,0,9.007,5,13,15,40,536,1603
1786050000,4 Obtain authorization code,49514,0,7.762,5,7,8,68,436,879
1786050300,5 Obtain access token,48922,0,14.132,5,7,8,208,1685,4948
1786050300,3 Perform authentication,48924,0,39.179,13,18,21,982,3494,5810
1786050300,1 Send request to authorize endpoint,48924,0,20.442,5,7,9,388,2540,5722
1786050300,2 Start Authentication Flow,48924,0,15.233,4,6,7,257,2309,4442
1786050300,__ALL__,244616,0,25.095,5,13,16,517,3110,6094
1786050300,4 Obtain authorization code,48922,0,36.492,5,7,8,1246,4049,6094
1786050600,5 Obtain access token,49664,0,6.006,5,7,8,20,216,1549
1786050600,3 Perform authentication,49664,0,18.542,13,18,21,66,1276,1553
1786050600,1 Send request to authorize endpoint,49664,0,6.300,5,7,9,25,208,474
1786050600,2 Start Authentication Flow,49662,0,4.721,4,5,7,20,149,1544
1786050600,__ALL__,248320,0,8.569,5,13,15,32,468,1553
1786050600,4 Obtain authorization code,49666,0,7.275,5,7,8,40,495,1546
1786050900,5 Obtain access token,49672,0,5.104,5,7,8,10,19,44
1786050900,3 Perform authentication,49675,0,13.471,13,17,19,27,47,87
1786050900,1 Send request to authorize endpoint,49672,0,5.286,5,7,8,12,20,48
1786050900,2 Start Authentication Flow,49673,0,3.952,4,5,6,9,15,48
1786050900,__ALL__,248364,0,6.554,5,13,15,20,33,87
1786050900,4 Obtain authorization code,49672,0,4.955,5,6,7,11,19,43
1786051200,5 Obtain access token,49671,0,5.496,5,7,8,13,124,476
1786051200,3 Perform authentication,49670,0,17.331,13,17,19,35,1226,1553
1786051200,1 Send request to authorize endpoint,49670,0,5.930,5,7,8,14,190,1545
1786051200,2 Start Authentication Flow,49671,0,4.401,4,5,6,12,122,1546
1786051200,__ALL__,248353,0,7.861,5,13,15,23,321,1553
1786051200,4 Obtain authorization code,49671,0,6.146,5,6,7,14,309,1548
1786051500,5 Obtain access token,49574,0,5.108,5,7,8,10,20,42
1786051500,3 Perform authentication,49571,0,13.367,13,17,19,28,44,77
1786051500,1 Send request to authorize endpoint,49575,0,5.286,5,7,8,12,22,45
1786051500,2 Start Authentication Flow,49574,0,3.961,4,5,6,9,16,43
1786051500,__ALL__,247867,0,6.535,5,13,15,20,35,77
1786051500,4 Obtain authorization code,49573,0,4.955,5,6,7,11,22,42
1786051800,5 Obtain access token,49505,0,6.128,5,7,8,16,249,1557
1786051800,3 Perform authentication,49505,0,18.219,13,18,21,46,1262,1567
1786051800,1 Send request to authorize endpoint,49504,0,6.354,5,7,9,20,229,1558
1786051800,2 Start Authentication Flow,49502,0,4.651,4,6,7,14,149,359
1786051800,__ALL__,247520,0,8.513,5,13,15,29,448,1567
1786051800,4 Obtain authorization code,49504,0,7.215,5,7,8,20,464,918
1786052100,5 Obtain access token,49644,0,5.109,5,7,7,10,20,44
1786052100,3 Perform authentication,49644,0,13.407,13,17,19,27,45,74
1786052100,1 Send request to authorize endpoint,49644,0,5.272,5,7,8,12,26,44
1786052100,2 Start Authentication Flow,49647,0,3.949,4,5,6,9,16,36
1786052100,__ALL__,248224,0,6.536,5,13,15,19,34,74
1786052100,4 Obtain authorization code,49645,0,4.944,5,6,7,11,20,43
1786052400,5 Obtain access token,49686,0,5.588,5,7,8,14,106,1572
1786052400,3 Perform authentication,49686,0,17.774,13,17,20,39,1248,1578
1786052400,1 Send request to authorize endpoint,49687,0,5.926,5,7,9,17,147,1574
1786052400,2 Start Authentication Flow,49686,0,4.437,4,5,7,13,121,320
1786052400,__ALL__,248430,0,7.937,5,13,15,24,304,1578
1786052400,4 Obtain authorization code,49685,0,5.958,5,7,8,15,262,529
1786052700,5 Obtain access token,49613,0,5.055,5,7,7,10,17,46
1786052700,3 Perform authentication,49615,0,13.417,13,17,19,26,44,66
1786052700,1 Send request to authorize endpoint,49609,0,5.208,5,7,8,11,19,52
1786052700,2 Start Authentication Flow,49610,0,3.897,4,5,6,9,14,44
1786052700,__ALL__,248061,0,6.494,5,13,15,19,32,66
1786052700,4 Obtain authorization code,49614,0,4.893,5,6,7,10,18,40
1786053000,5 Obtain access token,49642,0,6.124,5,7,8,15,267,572
1786053000,3 Perform authentication,49640,0,18.259,13,17,20,43,1295,1577
1786053000,1 Send request to authorize endpoint,49646,0,6.303,5,7,8,19,238,1563
1786053000,2 Start Authentication Flow,49646,0,4.606,4,5,6,13,169,1568
1786053000,__ALL__,248216,0,8.469,5,13,15,27,481,1577
1786053000,4 Obtain authorization code,49642,0,7.053,5,7,8,17,483,898
1786053300,5 Obtain access token,49642,0,5.106,5,7,8,10,19,45
1786053300,3 Perform authentication,49644,0,13.352,13,17,19,27,44,89
1786053300,1 Send request to authorize endpoint,49641,0,5.289,5,7,8,12,24,43
1786053300,2 Start Authentication Flow,49641,0,3.950,4,5,6,9,17,39
1786053300,__ALL__,248209,0,6.531,5,13,15,19,34,89
1786053300,4 Obtain authorization code,49641,0,4.956,5,6,7,11,21,42
1786053600,5 Obtain access token,49734,0,5.708,5,7,8,15,107,1594
1786053600,3 Perform authentication,49732,0,18.390,13,18,20,40,1321,1594
1786053600,1 Send request to authorize endpoint,49730,0,5.996,5,7,9,17,157,345
1786053600,2 Start Authentication Flow,49730,0,4.591,4,5,7,13,129,1594
1786053600,__ALL__,248661,0,8.189,5,13,15,26,381,1594
1786053600,4 Obtain authorization code,49735,0,6.259,5,7,8,16,310,570
1786053900,5 Obtain access token,49657,0,5.141,5,7,8,10,21,61
1786053900,3 Perform authentication,49660,0,13.491,13,17,19,25,49,123
1786053900,1 Send request to authorize endpoint,49659,0,5.277,5,7,8,11,21,78
1786053900,2 Start Authentication Flow,49659,0,3.957,4,5,6,9,16,81
1786053900,__ALL__,248294,0,6.562,5,13,15,19,34,123
1786053900,4 Obtain authorization code,49659,0,4.945,5,6,7,10,20,41
1786054200,5 Obtain access token,49522,0,5.701,5,7,8,15,132,1585
1786054200,3 Perform authentication,49519,0,18.215,13,18,22,42,1261,1593
1786054200,1 Send request to authorize endpoint,49522,0,6.192,5,7,9,19,184,1585
1786054200,2 Start Authentication Flow,49520,0,4.617,4,6,7,13,155,1583
1786054200,__ALL__,247602,0,8.242,5,13,15,28,383,1593
1786054200,4 Obtain authorization code,49519,0,6.487,5,7,9,18,343,1581
1786054500,5 Obtain access token,49666,0,5.113,5,7,7,10,21,47
1786054500,3 Perform authentication,49666,0,13.469,13,17,19,26,50,95
1786054500,1 Send request to authorize endpoint,49668,0,5.234,5,7,8,11,20,58
1786054500,2 Start Authentication Flow,49669,0,3.935,4,5,6,9,16,59
1786054500,__ALL__,248336,0,6.537,5,13,15,19,35,95
1786054500,4 Obtain authorization code,49667,0,4.933,5,6,7,10,20,51
1786054800,5 Obtain access token,49606,0,5.663,5,7,8,14,165,379
1786054800,3 Perform authentication,49608,0,17.761,13,17,20,40,1225,1553
1786054800,1 Send request to authorize endpoint,49607,0,6.029,5,7,8,17,196,1550
1786054800,2 Start Authentication Flow,49608,0,4.444,4,5,7,12,121,1547
1786054800,__ALL__,248034,0,7.971,5,13,15,25,309,1553
1786054800,4 Obtain authorization code,49605,0,5.959,5,7,8,16,240,1544
1786055100,5 Obtain access token,49656,0,5.138,5,7,8,11,21,47
1786055100,3 Perform authentication,49655,0,13.651,13,17,20,28,46,96
1786055100,1 Send request to authorize endpoint,49655,0,5.314,5,7,8,12,25,39
1786055100,2 Start Authentication Flow,49654,0,3.970,4,5,6,9,19,37
1786055100,__ALL__,248278,0,6.612,5,13,15,20,36,96
1786055100,4 Obtain authorization code,49658,0,4.989,5,6,8,12,21,40
1786055400,5 Obtain access token,49572,0,5.704,5,7,8,14,166,1587
1786055400,3 Perform authentication,49572,0,17.795,13,17,19,40,1253,1590
1786055400,1 Send request to authorize endpoint,49571,0,6.022,5,7,8,15,208,1586
1786055400,2 Start Authentication Flow,49571,0,4.500,4,5,6,12,146,1584
1786055400,__ALL__,247858,0,8.040,5,13,15,23,370,1590
1786055400,4 Obtain authorization code,49572,0,6.179,5,6,7,14,319,1586
1786055700,5 Obtain access token,49675,0,5.091,5,7,8,11,22,38
1786055700,3 Perform authentication,49673,0,13.445,13,17,20,27,49,91
1786055700,1 Send request to authorize endpoint,49675,0,5.238,5,7,8,12,22,47
1786055700,2 Start Authentication Flow,49676,0,3.911,4,5,6,9,16,38
1786055700,__ALL__,248372,0,6.525,5,13,15,20,34,91
1786055700,4 Obtain authorization code,49673,0,4.940,5,6,7,11,19,38
1786056000,5 Obtain access token,49553,0,6.458,5,7,8,15,338,1559
1786056000,3 Perform authentication,49555,0,18.035,13,17,19,44,1273,1567
1786056000,1 Send request to authorize endpoint,49554,0,6.282,5,7,8,16,264,570
1786056000,2 Start Authentication Flow,49552,0,4.556,4,5,6,12,163,1560
1786056000,__ALL__,247767,0,8.409,5,13,15,25,413,1567
1786056000,4 Obtain authorization code,49553,0,6.712,5,6,7,17,321,600
1786056300,5 Obtain access token,49751,0,5.197,5,7,8,12,21,50
1786056300,3 Perform authentication,49753,0,13.814,13,18,21,32,47,65
1786056300,1 Send request to authorize endpoint,49752,0,5.428,5,7,9,14,26,47
1786056300,2 Start Authentication Flow,49753,0,4.011,4,5,7,10,18,38
1786056300,__ALL__,248761,0,6.715,5,13,15,22,37,65
1786056300,4 Obtain authorization code,49752,0,5.126,5,7,8,14,26,43
1786056600,5 Obtain access token,49599,0,5.632,5,7,8,14,135,1572
1786056600,3 Perform authentication,49598,0,17.897,13,17,20,39,1321,1576
1786056600,1 Send request to authorize endpoint,49597,0,6.213,5,7,8,17,227,1570
1786056600,2 Start Authentication Flow,49595,0,4.611,4,5,6,12,180,432
1786056600,__ALL__,247990,0,8.177,5,13,15,24,423,1576
1786056600,4 Obtain authorization code,49601,0,6.531,5,6,8,15,381,1569
1786056900,5 Obtain access token,49546,0,6.759,5,7,8,16,397,1583
1786056900,3 Perform authentication,49546,0,18.670,13,17,20,47,1303,1586
1786056900,1 Send request to authorize endpoint,49547,0,6.497,5,7,8,19,286,633
1786056900,2 Start Authentication Flow,49550,0,4.753,4,5,6,14,185,1580
1786056900,__ALL__,247734,0,8.766,5,13,15,29,490,1586
1786056900,4 Obtain authorization code,49545,0,7.149,5,7,8,20,354,1582
1786057200,5 Obtain access token,49641,0,5.138,5,7,8,10,21,45
1786057200,3 Perform authentication,49641,0,13.475,13,17,19,26,49,95
1786057200,1 Send request to authorize endpoint,49642,0,5.271,5,7,8,11,23,42
1786057200,2 Start Authentication Flow,49641,0,3.958,4,5,6,9,17,43
1786057200,__ALL__,248206,0,6.560,5,13,15,19,34,95
1786057200,4 Obtain authorization code,49641,0,4.958,5,6,7,10,22,55
1786057500,5 Obtain access token,49575,0,5.757,5,7,8,15,130,1585
1786057500,3 Perform authentication,49574,0,18.567,13,18,21,57,1359,1583
1786057500,1 Send request to authorize endpoint,49574,0,6.221,5,7,9,18,202,1582
1786057500,2 Start Authentication Flow,49575,0,4.679,4,6,7,13,169,1583
1786057500,__ALL__,247872,0,8.327,5,13,15,28,366,1586
1786057500,4 Obtain authorization code,49574,0,6.410,5,7,8,18,317,1586
1786057800,5 Obtain access token,49629,0,5.086,5,7,7,10,16,84
1786057800,3 Perform authentication,49629,0,13.383,13,17,19,24,60,116
1786057800,1 Send request to authorize endpoint,49629,0,5.251,5,7,8,10,19,92
1786057800,2 Start Authentication Flow,49629,0,3.924,4,5,6,8,14,86
1786057800,__ALL__,248144,0,6.511,5,13,14,19,33,116
1786057800,4 Obtain authorization code,49628,0,4.910,5,6,7,9,16,90
1786058100,5 Obtain access token,49576,0,6.786,5,7,8,16,372,1584
1786058100,3 Perform authentication,49576,0,18.850,13,18,20,52,1334,1585
1786058100,1 Send request to authorize endpoint,49576,0,6.612,5,7,9,21,270,1582
1786058100,2 Start Authentication Flow,49575,0,4.676,4,6,7,14,157,433
1786058100,__ALL__,247879,0,8.871,5,13,15,29,456,1585
1786058100,4 Obtain authorization code,49576,0,7.433,5,7,8,22,395,1584
1786058400,5 Obtain access token,49651,0,5.079,5,7,7,10,19,39
1786058400,3 Perform authentication,49652,0,13.362,13,17,19,24,42,69
1786058400,1 Send request to authorize endpoint,49650,0,5.217,5,7,8,11,20,44
1786058400,2 Start Authentication Flow,49650,0,3.942,4,5,6,9,15,39
1786058400,__ALL__,248255,0,6.507,5,13,15,19,32,69
1786058400,4 Obtain authorization code,49652,0,4.937,5,6,7,10,17,48
1786058700,5 Obtain access token,49795,0,6.020,5,7,8,16,238,1558
1786058700,3 Perform authentication,49792,0,18.070,13,17,20,42,1318,1558
1786058700,1 Send request to authorize endpoint,49797,0,6.356,5,7,9,19,234,1559
1786058700,2 Start Authentication Flow,49797,0,4.682,4,5,7,13,154,1558
1786058700,__ALL__,248975,0,8.434,5,13,15,28,467,1559
1786058700,4 Obtain authorization code,49794,0,7.042,5,7,8,18,493,893
1786059000,5 Obtain access token,49792,0,5.064,5,7,7,10,17,53
1786059000,3 Perform authentication,49793,0,13.269,13,17,19,24,39,69
1786059000,1 Send request to authorize endpoint,49792,0,5.187,5,7,8,10,17,59
1786059000,2 Start Authentication Flow,49792,0,3.896,4,5,6,8,14,36
1786059000,__ALL__,248961,0,6.460,5,13,14,19,30,69
1786059000,4 Obtain authorization code,49792,0,4.887,5,6,7,9,16,53
1786059300,5 Obtain access token,49612,0,7.158,5,7,8,16,475,1591
1786059300,3 Perform authentication,49613,0,19.008,13,17,20,48,1327,1600
1786059300,1 Send request to authorize endpoint,49610,0,6.765,5,7,8,17,343,1596
1786059300,2 Start Authentication Flow,49608,0,4.789,4,5,6,14,198,1594
1786059300,__ALL__,248055,0,8.984,5,13,15,28,550,1600
1786059300,4 Obtain authorization code,49612,0,7.198,5,7,8,16,355,733
1786059600,5 Obtain access token,48131,4,25.529,5,7,9,722,2632,5686
1786059600,3 Perform authentication,48131,0,53.986,13,18,21,1522,4306,8359
1786059600,1 Send request to authorize endpoint,48133,0,44.748,5,7,9,1617,4130,9988
1786059600,2 Start Authentication Flow,48136,0,40.721,4,6,7,1445,4359,7942
1786059600,__ALL__,240663,8,47.113,5,14,17,1564,4721,12493
1786059600,4 Obtain authorization code,48132,4,70.580,5,7,8,2674,6331,12493
1786059900,5 Obtain access token,47618,5,30.867,5,8,11,858,3276,8938
1786059900,3 Perform authentication,47620,0,67.727,13,20,29,1844,4994,9580
1786059900,1 Send request to authorize endpoint,47617,0,54.732,5,8,14,1916,5358,11972
1786059900,2 Start Authentication Flow,47617,0,46.448,4,6,9,1662,4444,8372
1786059900,__ALL__,238091,10,55.821,5,14,20,1824,5293,12876
1786059900,4 Obtain authorization code,47619,5,79.328,5,8,13,2861,6807,12876
1786060200,5 Obtain access token,47821,6,28.647,5,7,9,791,3107,10333
1786060200,3 Perform authentication,47819,2,62.653,13,18,22,1786,4861,10858
1786060200,1 Send request to authorize endpoint,47822,0,51.025,5,7,10,1755,4742,8614
1786060200,2 Start Authentication Flow,47821,0,45.809,4,6,8,1675,4390,7921
1786060200,__ALL__,239103,11,53.026,5,14,17,1753,5062,10974
1786060200,4 Obtain authorization code,47820,3,76.995,5,7,9,2766,6599,10974
1786060500,5 Obtain access token,49599,0,5.564,5,7,8,14,117,287
1786060500,3 Perform authentication,49602,0,18.064,13,17,20,37,1276,1577
1786060500,1 Send request to authorize endpoint,49597,0,6.047,5,7,8,17,190,1568
1786060500,2 Start Authentication Flow,49595,0,4.541,4,5,6,12,148,1570
1786060500,__ALL__,247994,0,8.108,5,13,15,25,370,1577
1786060500,4 Obtain authorization code,49601,0,6.321,5,7,8,17,335,1572
1786060800,5 Obtain access token,49706,0,5.109,5,7,7,10,14,49
1786060800,3 Perform authentication,49704,0,13.357,13,17,19,23,39,70
1786060800,1 Send request to authorize endpoint,49708,0,5.257,5,7,8,10,16,47
1786060800,2 Start Authentication Flow,49710,0,3.954,4,5,6,8,14,44
1786060800,__ALL__,248533,0,6.526,5,13,15,19,28,70
1786060800,4 Obtain authorization code,49705,0,4.954,5,6,7,10,15,47
1786061100,5 Obtain access token,47786,3,31.071,5,7,10,850,3237,6903
1786061100,3 Perform authentication,47788,1,66.856,13,18,25,1826,5152,10240
1786061100,1 Send request to authorize endpoint,47786,0,51.595,5,7,10,1774,4865,9007
1786061100,2 Start Authentication Flow,47787,0,46.284,4,6,8,1627,4632,8490
1786061100,__ALL__,238933,6,54.760,5,14,18,1778,5147,11667
1786061100,4 Obtain authorization code,47786,2,77.995,5,7,10,2799,6577,11667
1786061400,5 Obtain access token,49673,0,5.189,5,7,8,11,23,42
1786061400,3 Perform authentication,49672,0,13.605,13,17,19,28,54,84
1786061400,1 Send request to authorize endpoint,49673,0,5.359,5,7,8,12,28,47
1786061400,2 Start Authentication Flow,49670,0,3.988,4,5,6,9,19,37
1786061400,__ALL__,248361,0,6.631,5,13,15,20,37,84
1786061400,4 Obtain authorization code,49673,0,5.012,5,6,7,11,24,39
1786061700,5 Obtain access token,47764,4,31.099,5,7,10,874,3218,7284
1786061700,3 Perform authentication,47765,3,68.430,13,18,25,1803,4974,10208
1786061700,1 Send request to authorize endpoint,47764,0,55.211,5,8,11,1909,5167,9524
1786061700,2 Start Authentication Flow,47766,2,47.670,4,6,8,1711,4677,11835
1786061700,__ALL__,238823,10,56.760,5,14,19,1825,5167,11835
1786061700,4 Obtain authorization code,47764,1,81.392,5,7,10,2869,6905,11161
1786062000,5 Obtain access token,49732,0,5.172,5,7,8,11,23,41
1786062000,3 Perform authentication,49728,0,13.627,13,17,20,30,47,94
1786062000,1 Send request to authorize endpoint,49730,0,5.337,5,7,8,13,26,41
1786062000,2 Start Authentication Flow,49730,0,3.985,4,5,6,9,19,44
1786062000,__ALL__,248651,0,6.628,5,13,15,20,37,94
1786062000,4 Obtain authorization code,49731,0,5.018,5,6,8,12,22,41
1786062300,5 Obtain access token,49667,0,6.214,5,7,8,16,275,1576
1786062300,3 Perform authentication,49667,0,18.452,13,17,19,46,1308,1579
1786062300,1 Send request to authorize endpoint,49668,0,6.267,5,7,8,17,246,1579
1786062300,2 Start Authentication Flow,49668,0,4.575,4,5,6,13,159,1577
1786062300,__ALL__,248337,0,8.550,5,13,15,26,459,1579
1786062300,4 Obtain authorization code,49667,0,7.241,5,6,7,18,424,1576
1786062600,5 Obtain access token,47775,3,30.530,5,8,10,893,3372,7353
1786062600,3 Perform authentication,47776,1,63.871,13,19,27,1839,4886,10049
1786062600,1 Send request to authorize endpoint,47776,0,51.800,5,8,12,1747,5054,8104
1786062600,2 Start Authentication Flow,47776,0,46.080,4,6,9,1654,4650,9173
1786062600,__ALL__,238879,6,53.954,5,14,18,1778,5215,11399
1786062600,4 Obtain authorization code,47776,2,77.491,5,7,12,2878,6474,11399
1786062900,5 Obtain access token,49642,0,5.719,5,7,8,16,153,1625
1786062900,3 Perform authentication,49643,0,18.666,13,17,19,45,1370,1632
1786062900,1 Send request to authorize endpoint,49641,0,6.228,5,7,8,20,229,1627
1786062900,2 Start Authentication Flow,49642,0,4.749,4,5,6,15,199,1627
1786062900,__ALL__,248209,0,8.439,5,13,15,27,492,1632
1786062900,4 Obtain authorization code,49641,0,6.832,5,6,7,18,435,1626
1786063200,5 Obtain access token,49649,0,5.119,5,7,8,11,21,41
1786063200,3 Perform authentication,49647,0,13.500,13,17,19,28,49,66
1786063200,1 Send request to authorize endpoint,49649,0,5.292,5,7,8,13,25,40
1786063200,2 Start Authentication Flow,49649,0,3.940,4,5,6,9,19,41
1786063200,__ALL__,248242,0,6.566,5,13,15,20,36,66
1786063200,4 Obtain authorization code,49648,0,4.979,5,6,8,12,22,50
1786063500,5 Obtain access token,49634,0,6.304,5,7,8,14,311,517
1786063500,3 Perform authentication,49636,0,17.522,13,17,19,40,1210,1551
1786063500,1 Send request to authorize endpoint,49635,0,6.208,5,7,8,15,249,548
1786063500,2 Start Authentication Flow,49635,0,4.536,4,5,6,12,139,1554
1786063500,__ALL__,248174,0,8.200,5,13,15,24,351,1559
1786063500,4 Obtain authorization code,49634,0,6.427,5,6,8,16,272,1559
1786063800,5 Obtain access token,48024,4,27.420,5,7,9,756,2748,7813
1786063800,3 Perform authentication,48023,1,59.526,13,18,22,1670,4567,10012
1786063800,1 Send request to authorize endpoint,48024,0,51.877,5,7,9,1834,4914,10994
1786063800,2 Start Authentication Flow,48021,0,42.689,4,6,7,1535,4127,8553
1786063800,__ALL__,240116,8,50.865,5,14,17,1660,4969,12554
1786063800,4 Obtain authorization code,48024,3,72.816,5,7,9,2602,6431,12554
1786064100,5 Obtain access token,49523,0,5.610,5,7,8,14,143,364
1786064100,3 Perform authentication,49523,0,18.575,13,17,20,42,1369,1604
1786064100,1 Send request to authorize endpoint,49521,0,6.139,5,7,8,19,207,1596
1786064100,2 Start Authentication Flow,49523,0,4.590,4,5,6,13,162,1597
1786064100,__ALL__,247615,0,8.294,5,13,15,27,440,1604
1786064100,4 Obtain authorization code,49525,0,6.554,5,7,8,19,377,600
1786064400,5 Obtain access token,49634,0,5.139,5,7,8,10,21,49
1786064400,3 Perform authentication,49638,0,13.485,13,17,19,26,46,68
1786064400,1 Send request to authorize endpoint,49635,0,5.254,5,7,8,11,20,44
1786064400,2 Start Authentication Flow,49634,0,3.930,4,5,6,9,15,37
1786064400,__ALL__,248176,0,6.554,5,13,15,19,34,68
1786064400,4 Obtain authorization code,49635,0,4.959,5,6,7,10,23,40
1786064700,5 Obtain access token,49597,0,5.582,5,7,8,15,95,1562
1786064700,3 Perform authentication,49592,0,18.538,13,17,20,48,1423,1571
1786064700,1 Send request to authorize endpoint,49597,0,6.017,5,7,8,19,154,1561
1786064700,2 Start Authentication Flow,49598,0,4.489,4,5,7,14,124,1562
1786064700,__ALL__,247978,0,8.180,5,13,15,27,360,1571
1786064700,4 Obtain authorization code,49594,0,6.277,5,7,8,22,278,552
1786065000,5 Obtain access token,49669,0,5.120,5,7,8,10,19,48
1786065000,3 Perform authentication,49669,0,13.328,13,17,19,25,47,93
1786065000,1 Send request to authorize endpoint,49668,0,5.258,5,7,8,11,20,40
1786065000,2 Start Authentication Flow,49668,0,3.916,4,5,6,8,15,42
1786065000,__ALL__,248344,0,6.514,5,13,15,19,34,93
1786065000,4 Obtain authorization code,49670,0,4.947,5,6,7,10,19,43
1786065300,5 Obtain access token,49696,0,7.004,5,7,8,16,421,723
1786065300,3 Perform authentication,49698,0,19.248,13,18,22,48,1359,1578
1786065300,1 Send request to authorize endpoint,49697,0,6.735,5,7,9,21,292,1578
1786065300,2 Start Authentication Flow,49698,0,4.722,4,6,7,14,179,517
1786065300,__ALL__,248486,0,9.008,5,13,15,30,519,1578
1786065300,4 Obtain authorization code,49697,0,7.334,5,7,9,23,362,798
1786065600,5 Obtain access token,48375,0,22.512,5,7,8,543,2681,6387
1786065600,3 Perform authentication,48374,0,50.702,13,17,21,1354,4521,8606
1786065600,1 Send request to authorize endpoint,48374,0,37.246,5,7,9,1279,4143,7604
1786065600,2 Start Authentication Flow,48373,0,29.974,4,6,7,925,3870,6964
1786065600,__ALL__,241870,0,39.951,5,13,16,1238,4495,9806
1786065600,4 Obtain authorization code,48374,0,59.324,5,7,8,2193,5604,9806
1786065900,5 Obtain access token,49473,0,5.887,5,7,8,14,230,424
1786065900,3 Perform authentication,49473,0,17.718,13,17,19,37,1237,1559
1786065900,1 Send request to authorize endpoint,49475,0,6.077,5,7,8,15,206,1557
1786065900,2 Start Authentication Flow,49474,0,4.469,4,5,6,12,151,428
1786065900,__ALL__,247367,0,8.206,5,13,15,25,409,1559
1786065900,4 Obtain authorization code,49472,0,6.879,5,6,7,15,400,1557
1786066200,5 Obtain access token,49613,0,5.171,5,7,8,11,22,51
1786066200,3 Perform authentication,49614,0,13.591,13,17,20,28,51,77
1786066200,1 Send request to authorize endpoint,49613,0,5.335,5,7,8,12,26,42
1786066200,2 Start Authentication Flow,49614,0,3.977,4,5,6,9,17,38
1786066200,__ALL__,248067,0,6.624,5,13,15,20,37,77
1786066200,4 Obtain authorization code,49613,0,5.044,5,7,8,12,24,55
1786066500,5 Obtain access token,48336,1,24.852,5,7,9,643,2670,5113
1786066500,3 Perform authentication,48336,0,56.942,13,18,23,1503,4413,9355
1786066500,1 Send request to authorize endpoint,48333,0,41.549,5,7,10,1404,4272,6899
1786066500,2 Start Authentication Flow,48333,0,34.956,4,6,8,1155,3976,6820
1786066500,__ALL__,241674,2,44.257,5,14,18,1400,4546,10067
1786066500,4 Obtain authorization code,48336,1,62.987,5,7,9,2274,5707,10067
1786066800,5 Obtain access token,49603,0,5.100,5,7,7,10,20,37
1786066800,3 Perform authentication,49605,0,13.449,13,17,19,25,44,87
1786066800,1 Send request to authorize endpoint,49605,0,5.258,5,7,8,11,21,40
1786066800,2 Start Authentication Flow,49606,0,3.941,4,5,6,9,17,39
1786066800,__ALL__,248024,0,6.542,5,13,15,19,33,87
1786066800,4 Obtain authorization code,49605,0,4.960,5,6,7,10,21,36
1786067100,5 Obtain access token,49658,0,5.652,5,7,8,15,133,369
1786067100,3 Perform authentication,49656,0,18.120,13,18,20,43,1316,1571
1786067100,1 Send request to authorize endpoint,49658,0,6.219,5,7,8,20,214,1569
1786067100,2 Start Authentication Flow,49658,0,4.708,4,5,6,13,189,1565
1786067100,__ALL__,248289,0,8.258,5,13,15,27,386,1571
1786067100,4 Obtain authorization code,49659,0,6.592,5,7,8,19,368,615
1786067400,5 Obtain access token,47963,1,28.452,5,7,9,807,2963,8379
1786067400,3 Perform authentication,47962,1,62.090,13,18,23,1789,4855,9248
1786067400,1 Send request to authorize endpoint,47963,0,50.727,5,8,10,1788,4555,7413
1786067400,2 Start Authentication Flow,47962,1,45.365,4,6,8,1606,4441,11107
1786067400,__ALL__,239811,3,52.321,5,14,18,1734,4940,11107
1786067400,4 Obtain authorization code,47961,0,74.973,5,7,9,2710,6132,9958
1786067700,5 Obtain access token,48216,0,25.456,5,7,10,648,2744,6666
1786067700,3 Perform authentication,48215,0,56.776,13,19,24,1489,4308,8449
1786067700,1 Send request to authorize endpoint,48216,0,40.600,5,8,10,1360,4140,8107
1786067700,2 Start Authentication Flow,48217,0,32.405,4,6,8,1043,3860,6892
1786067700,__ALL__,241080,0,44.084,5,14,18,1364,4514,9526
1786067700,4 Obtain authorization code,48216,0,65.181,5,7,9,2389,5986,9526
1786068000,5 Obtain access token,49673,0,5.266,5,7,8,11,18,55
1786068000,3 Perform authentication,49675,0,13.841,13,18,20,28,44,71
1786068000,1 Send request to authorize endpoint,49673,0,5.415,5,7,8,12,21,53
1786068000,2 Start Authentication Flow,49673,0,4.048,4,5,6,9,17,64
1786068000,__ALL__,248367,0,6.733,5,13,15,20,34,71
1786068000,4 Obtain authorization code,49673,0,5.095,5,7,8,11,21,37
1786068300,5 Obtain access token,49594,0,5.640,5,7,8,14,105,305
1786068300,3 Perform authentication,49594,0,18.285,13,18,21,40,1333,1595
1786068300,1 Send request to authorize endpoint,49593,0,6.196,5,7,9,19,181,1587
1786068300,2 Start Authentication Flow,49592,0,4.539,4,6,7,13,138,344
1786068300,__ALL__,247967,0,8.200,5,13,16,27,340,1595
1786068300,4 Obtain authorization code,49594,0,6.339,5,7,8,19,313,1584
1786068600,5 Obtain access token,49351,0,5.438,5,7,8,11,105,556
1786068600,3 Perform authentication,49448,0,14.734,13,17,19,29,388,894
1786068600,1 Send request to authorize endpoint,49324,0,5.659,5,7,8,11,173,872
1786068600,2 Start Authentication Flow,49305,0,4.181,4,5,6,9,35,766
1786068600,__ALL__,246793,0,7.131,5,13,15,20,237,894
1786068600,4 Obtain authorization code,49365,0,5.626,5,6,7,11,295,717
1786068900,5 Obtain access token,47847,3,31.493,5,7,10,873,3345,7877
1786068900,3 Perform authentication,47747,3,66.850,13,19,25,1841,4753,12760
1786068900,1 Send request to authorize endpoint,47874,0,52.015,5,8,12,1800,4852,9247
1786068900,2 Start Authentication Flow,47893,0,46.980,4,6,9,1729,4555,8627
1786068900,__ALL__,239193,6,55.325,5,14,19,1826,5154,12760
1786068900,4 Obtain authorization code,47832,0,79.330,5,7,11,2805,6366,9765
1786069200,5 Obtain access token,49664,0,5.193,5,7,8,11,21,39
1786069200,3 Perform authentication,49666,0,13.605,13,17,20,28,45,65
1786069200,1 Send request to authorize endpoint,49663,0,5.310,5,7,8,11,23,41
1786069200,2 Start Authentication Flow,49663,0,3.990,4,5,6,9,17,40
1786069200,__ALL__,248322,0,6.620,5,13,15,20,35,65
1786069200,4 Obtain authorization code,49666,0,5.003,5,7,8,10,19,40
1786069500,5 Obtain access token,47724,1,29.068,5,8,11,760,3040,9224
1786069500,3 Perform authentication,47726,0,67.190,13,19,32,1801,5006,9039
1786069500,1 Send request to authorize endpoint,47726,0,50.448,5,8,13,1775,4381,9563
1786069500,2 Start Authentication Flow,47725,0,44.573,4,6,9,1578,4515,9446
1786069500,__ALL__,238625,2,53.599,5,14,20,1735,5020,10007
1786069500,4 Obtain authorization code,47724,1,76.717,5,7,13,2733,6139,10007
1786069800,5 Obtain access token,49754,0,5.358,5,7,8,11,20,91
1786069800,3 Perform authentication,49751,0,14.083,13,18,20,30,76,121
1786069800,1 Send request to authorize endpoint,49755,0,5.471,5,7,8,12,22,96
1786069800,2 Start Authentication Flow,49757,0,4.116,4,6,7,10,18,89
1786069800,__ALL__,248770,0,6.837,5,13,15,21,41,121
1786069800,4 Obtain authorization code,49753,0,5.158,5,7,8,11,21,88
1786070100,5 Obtain access token,49614,0,6.203,5,7,8,24,203,573
1786070100,3 Perform authentication,49614,0,19.383,13,18,21,123,1351,1587
1786070100,1 Send request to authorize endpoint,49613,0,6.623,5,7,9,35,247,1581
1786070100,2 Start Authentication Flow,49612,0,5.031,4,6,7,26,203,1577
1786070100,__ALL__,248067,0,8.968,5,13,16,41,490,1587
1786070100,4 Obtain authorization code,49614,0,7.600,5,7,8,59,498,1577
1786070400,5 Obtain access token,49694,0,5.249,5,7,8,11,18,39
1786070400,3 Perform authentication,49696,0,13.826,13,18,20,28,45,74
1786070400,1 Send request to authorize endpoint,49695,0,5.360,5,7,8,12,20,42
1786070400,2 Start Authentication Flow,49695,0,4.034,4,6,7,9,16,38
1786070400,__ALL__,248474,0,6.725,5,13,15,21,34,74
1786070400,4 Obtain authorization code,49694,0,5.154,5,7,8,12,21,42
1786070700,5 Obtain access token,49589,0,7.098,5,7,8,19,448,1608
1786070700,3 Perform authentication,49589,0,19.127,13,18,20,60,1325,1613
1786070700,1 Send request to authorize endpoint,49589,0,6.845,5,7,8,26,310,1608
1786070700,2 Start Authentication Flow,49589,0,4.937,4,5,7,18,225,516
1786070700,__ALL__,247945,0,9.070,5,13,15,32,550,1613
1786070700,4 Obtain authorization code,49589,0,7.343,5,7,8,25,353,1603
1786071000,5 Obtain access token,49779,0,5.244,5,7,8,11,19,39
1786071000,3 Perform authentication,49778,0,13.561,13,18,20,26,41,63
1786071000,1 Send request to authorize endpoint,49778,0,5.320,5,7,8,11,19,40
1786071000,2 Start Authentication Flow,49777,0,4.016,4,5,6,9,15,40
1786071000,__ALL__,248891,0,6.640,5,13,15,20,32,63
1786071000,4 Obtain authorization code,49779,0,5.057,5,7,8,10,20,38
1786071300,5 Obtain access token,47869,0,28.112,5,8,14,752,2803,9868
1786071300,3 Perform authentication,47869,0,64.928,13,21,42,1641,4261,9814
1786071300,1 Send request to authorize endpoint,47869,0,50.167,5,9,20,1667,4605,9035
1786071300,2 Start Authentication Flow,47871,0,42.020,4,7,12,1432,3898,9157
1786071300,__ALL__,239346,0,51.725,5,15,24,1607,4585,9913
1786071300,4 Obtain authorization code,47868,0,73.400,5,8,21,2563,6026,9913
1786071600,5 Obtain access token,47708,2,31.534,5,8,10,946,3331,7063
1786071600,3 Perform authentication,47709,1,66.526,13,19,25,1973,5195,10426
1786071600,1 Send request to authorize endpoint,47709,0,54.778,5,8,11,1940,5174,9583
1786071600,2 Start Authentication Flow,47709,0,47.119,4,6,8,1702,4618,7954
1786071600,__ALL__,238544,4,56.340,5,14,19,1897,5358,10426
1786071600,4 Obtain authorization code,47709,1,81.741,5,7,10,3022,6929,10111
1786071900,5 Obtain access token,47897,4,28.489,5,7,10,809,2931,7813
1786071900,3 Perform authentication,47896,1,63.976,13,19,26,1729,4609,10350
1786071900,1 Send request to authorize endpoint,47897,0,50.854,5,8,11,1748,4557,11297
1786071900,2 Start Authentication Flow,47895,0,45.051,4,6,9,1558,4738,8393
1786071900,__ALL__,239482,8,52.714,5,14,19,1706,4960,11297
1786071900,4 Obtain authorization code,47897,3,75.201,5,7,10,2691,6148,10643
1786072200,5 Obtain access token,49625,0,5.173,5,7,8,11,22,39
1786072200,3 Perform authentication,49627,0,13.610,13,17,20,27,48,83
1786072200,1 Send request to authorize endpoint,49625,0,5.313,5,7,8,12,23,38
1786072200,2 Start Authentication Flow,49626,0,3.947,4,5,6,9,18,39
1786072200,__ALL__,248129,0,6.605,5,13,15,20,35,83
1786072200,4 Obtain authorization code,49626,0,4.983,5,6,8,11,22,40
1786072500,5 Obtain access token,47896,1,29.679,5,7,10,812,3320,7805
1786072500,3 Perform authentication,47892,0,66.146,13,19,25,1761,5000,9068
1786072500,1 Send request to authorize endpoint,47896,0,51.200,5,8,10,1727,4600,14466
1786072500,2 Start Authentication Flow,47895,0,44.622,4,6,8,1608,4484,8130
1786072500,__ALL__,239473,2,53.517,5,14,19,1726,4946,14466
1786072500,4 Obtain authorization code,47894,1,75.939,5,7,10,2710,6190,10260
1786072800,5 Obtain access token,49768,0,5.147,5,7,8,10,19,40
1786072800,3 Perform authentication,49771,0,13.561,13,17,19,26,47,93
1786072800,1 Send request to authorize endpoint,49768,0,5.276,5,7,8,11,24,50
1786072800,2 Start Authentication Flow,49770,0,3.939,4,5,6,9,16,36
1786072800,__ALL__,248846,0,6.579,5,13,15,20,34,93
1786072800,4 Obtain authorization code,49769,0,4.972,5,7,7,10,22,41
1786073100,5 Obtain access token,49601,0,6.259,5,7,8,16,275,1568
1786073100,3 Perform authentication,49600,0,18.298,13,18,20,44,1326,1575
1786073100,1 Send request to authorize endpoint,49600,0,6.394,5,7,8,19,259,1569
1786073100,2 Start Authentication Flow,49599,0,4.729,4,5,7,14,168,1571
1786073100,__ALL__,248001,0,8.548,5,13,15,28,437,1575
1786073100,4 Obtain authorization code,49601,0,7.060,5,7,8,18,424,1571
1786073400,5 Obtain access token,49637,0,5.186,5,7,8,11,22,45
1786073400,3 Perform authentication,49638,0,13.642,13,17,20,27,45,64
1786073400,1 Send request to authorize endpoint,49638,0,5.289,5,7,8,11,21,51
1786073400,2 Start Authentication Flow,49637,0,3.977,4,5,6,9,17,46
1786073400,__ALL__,248189,0,6.619,5,13,15,20,35,64
1786073400,4 Obtain authorization code,49639,0,4.998,5,7,8,10,20,44
1786073700,5 Obtain access token,49453,0,6.675,5,7,8,19,336,1625
1786073700,3 Perform authentication,49454,0,19.314,13,18,21,54,1399,1637
1786073700,1 Send request to authorize endpoint,49451,0,6.779,5,7,8,23,337,1625
1786073700,2 Start Authentication Flow,49453,0,4.977,4,5,7,17,220,448
1786073700,__ALL__,247262,0,9.162,5,13,16,33,593,1637
1786073700,4 Obtain authorization code,49451,0,8.063,5,7,8,31,639,1627
1786074000,5 Obtain access token,49555,0,5.220,5,7,8,11,20,40
1786074000,3 Perform authentication,49553,0,13.798,13,18,20,28,46,70
1786074000,1 Send request to authorize endpoint,49557,0,5.330,5,7,8,12,21,54
1786074000,2 Start Authentication Flow,49556,0,4.002,4,5,6,9,16,39
1786074000,__ALL__,247775,0,6.673,5,13,15,20,34,70
1786074000,4 Obtain authorization code,49554,0,5.015,5,7,8,11,20,39
1786074300,5 Obtain access token,47863,5,30.890,5,8,11,803,3208,10710
1786074300,3 Perform authentication,47862,1,65.583,13,20,29,1707,4687,12361
1786074300,1 Send request to authorize endpoint,47861,0,51.952,5,8,12,1774,4848,10635
1786074300,2 Start Authentication Flow,47862,0,45.072,4,6,9,1617,4403,9506
1786074300,__ALL__,239311,9,53.991,5,15,21,1731,4986,12361
1786074300,4 Obtain authorization code,47863,3,76.458,5,7,11,2709,6087,11225
1786074600,5 Obtain access token,49664,0,5.315,5,7,8,11,22,43
1786074600,3 Perform authentication,49664,0,14.013,13,18,21,29,51,110
1786074600,1 Send request to authorize endpoint,49665,0,5.476,5,7,9,13,26,46
1786074600,2 Start Authentication Flow,49664,0,4.086,4,6,7,9,19,40
1786074600,__ALL__,248322,0,6.811,5,13,15,21,36,110
1786074600,4 Obtain authorization code,49665,0,5.166,5,7,8,13,22,39
1786074900,5 Obtain access token,47873,3,28.106,5,8,11,744,2935,6441
1786074900,3 Perform authentication,47876,0,65.236,13,20,28,1748,4589,7887
1786074900,1 Send request to authorize endpoint,47869,0,50.295,5,8,12,1624,4513,7867
1786074900,2 Start Authentication Flow,47870,0,45.335,4,6,9,1569,4374,8862
1786074900,__ALL__,239361,6,53.467,5,15,20,1690,4795,11857
1786074900,4 Obtain authorization code,47873,3,78.362,5,7,11,2803,6131,11857
1786075200,5 Obtain access token,47012,0,5.318,5,7,8,11,18,91
1786075200,3 Perform authentication,47009,0,13.969,13,18,20,27,62,109
1786075200,1 Send request to authorize endpoint,47016,0,5.396,5,7,8,12,22,94
1786075200,2 Start Authentication Flow,47016,0,4.048,4,6,6,9,16,89
1786075200,__ALL__,235065,0,6.761,5,13,15,21,36,109
1786075200,4 Obtain authorization code,47012,0,5.075,5,7,8,11,20,92
1786075500,5 Obtain access token,6,0,4.333,4,5,5,5,5,5
1786075500,3 Perform authentication,5,0,15.200,16,19,19,19,19,19
1786075500,1 Send request to authorize endpoint,3,0,5.333,5,6,6,6,6,6
1786075500,2 Start Authentication Flow,4,0,4.000,4,5,5,5,5,5
1786075500,__ALL__,24,0,6.875,5,16,16,19,19,19
1786075500,4 Obtain authorization code,6,0,5.167,5,7,7,7,7,7
1786076100,5 Obtain access token,13982,0,7.084,5,7,9,64,246,1589
1786076100,3 Perform authentication,13982,0,29.714,13,19,22,751,1534,1597
1786076100,1 Send request to authorize endpoint,13981,0,7.718,5,8,9,102,279,506
1786076100,2 Start Authentication Flow,13980,0,5.772,4,6,7,74,185,395
1786076100,__ALL__,69907,0,11.898,5,14,17,129,1122,1597
1786076100,4 Obtain authorization code,13982,0,9.200,5,7,9,177,407,525
1786076700,5 Obtain access token,45692,0,14.817,5,7,9,258,1471,3019
1786076700,3 Perform authentication,45693,0,40.628,13,19,24,1025,2750,4546
1786076700,1 Send request to authorize endpoint,45690,0,21.475,5,8,10,465,2300,5417
1786076700,2 Start Authentication Flow,45689,0,16.538,4,6,8,323,2053,3849
1786076700,__ALL__,228456,0,25.509,5,14,18,622,2542,5589
1786076700,4 Obtain authorization code,45692,0,34.084,5,7,9,1107,3190,5589
1786077000,5 Obtain access token,38558,0,20.040,5,8,10,517,1857,4356
1786077000,3 Perform authentication,38557,0,48.230,13,19,25,1272,3239,6031
1786077000,4 Obtain aut,1,0,4.000,4,4,4,4,4,4
1786077000,1 Send request to authorize endpoint,38560,0,34.922,5,8,10,1120,3425,6053
1786077000,2 Start Authentication Flow,38562,0,29.001,4,6,8,929,3011,5679
1786077000,__ALL__,192796,0,36.942,5,14,19,1140,3408,6916
1786077000,4 Obtain authorization code,38558,0,52.517,5,7,10,1876,4161,6916
1786077900,5 Obtain access token,9803,0,14.449,5,7,13,344,599,1636
1786077900,3 Perform authentication,9804,0,44.331,13,19,51,1154,1595,1640
1786077900,1 Send request to authorize endpoint,9803,0,12.371,5,8,15,235,475,1635
1786077900,2 Start Authentication Flow,9803,0,8.202,4,6,10,141,312,1633
1786077900,__ALL__,49016,0,19.691,5,15,22,380,1402,1640
1786077900,4 Obtain authorization code,9803,0,19.102,5,7,15,382,803,1632
1786078500,5 Obtain access token,5,0,6.000,6,8,8,8,8,8
1786078500,3 Perform authentication,3,0,12.333,12,13,13,13,13,13
1786078500,1 Send request to authorize endpoint,6,0,5.500,5,7,7,7,7,7
1786078500,2 Start Authentication Flow,2,0,4.000,4,4,4,4,4,4
1786078500,__ALL__,22,0,6.136,5,12,12,13,13,13
1786078500,4 Obtain authorization code,6,0,4.500,4,5,5,5,5,5
1786078800,5 Obtain access token,9530,0,5.239,5,7,8,11,15,36
1786078800,3 Perform authentication,9528,0,13.686,13,17,19,25,34,41
1786078800,1 Send request to authorize endpoint,9531,0,5.305,5,7,8,11,15,32
1786078800,2 Start Authentication Flow,9530,0,4.003,4,5,6,9,12,32
1786078800,__ALL__,47648,0,6.654,5,13,15,19,29,41
1786078800,4 Obtain authorization code,9529,0,5.036,5,7,7,10,15,34
1786079700,5 Obtain access token,235,0,6.191,5,10,13,17,23,23
1786079700,3 Perform authentication,229,0,15.795,14,24,28,37,43,43
1786079700,1 Send request to authorize endpoint,239,0,6.159,5,10,12,19,25,25
1786079700,5 Obtain access toke,1,0,7.000,7,7,7,7,7,7
1786079700,2 Start Authentication Flow,238,0,4.723,4,7,9,16,23,23
1786079700,__ALL__,1175,0,7.686,5,15,18,28,38,43
1786079700,4 Obtain authorization code,233,0,5.820,5,9,12,16,18,18
1786080600,5 Obtain access token,40,0,5.700,5,8,8,9,9,9
1786080600,3 Perform authentication,39,0,13.487,13,17,17,18,18,18
1786080600,1 Send request to authorize endpoint,43,0,5.628,5,7,9,10,10,10
1786080600,2 Start Authentication Flow,42,0,4.071,4,5,6,7,7,7
1786080600,__ALL__,203,0,6.793,5,13,15,17,18,18
1786080600,4 Obtain authorization code,39,0,5.436,5,7,8,10,10,10
1786081500,5 Obtain access token,309,0,5.845,5,9,10,12,14,14
1786081500,3 Perform authentication,307,0,16.205,14,25,28,33,40,40
1786081500,1 Send request to authorize endpoint,308,0,6.256,5,11,14,15,16,16
1786081500,2 Start Authentication Flow,308,0,4.682,4,7,9,11,19,19
1786081500,__ALL__,1539,0,7.851,6,15,19,28,38,40
1786081500,4 Obtain authorization code,307,0,6.293,5,11,13,14,23,23
1786082400,5 Obtain access token,50,0,4.940,5,6,8,9,9,9
1786082400,3 Perform authentication,49,0,12.367,12,16,18,18,18,18
1786082400,1 Send request to authorize endpoint,51,0,4.804,5,6,8,10,10,10
1786082400,2 Start Authentication Flow,52,0,3.462,3,4,5,7,7,7
1786082400,__ALL__,249,0,5.968,5,12,13,18,18,18
1786082400,4 Obtain authorization code,47,0,4.426,4,6,7,7,7,7
1786082700,5 Obtain access token,19,0,7.105,7,10,11,11,11,11
1786082700,3 Perform authentication,18,0,19.333,16,29,29,29,29,29
1786082700,1 Send request to authorize endpoint,17,0,7.118,6,10,18,18,18,18
1786082700,2 Start Authentication Flow,19,0,4.895,4,10,13,13,13,13
1786082700,__ALL__,92,0,9.120,7,17,27,29,29,29
1786082700,4 Obtain authorization code,19,0,7.474,7,12,12,12,12,12
1786083300,,1,0,4.000,4,4,4,4,4,4
1786083300,5 Obtain access token,217,0,5.438,5,7,8,10,11,11
1786083300,3 Perform authentication,213,0,13.873,13,18,19,21,25,25
1786083300,1 Send request to authorize endpoint,220,0,5.386,5,7,8,10,12,12
1786083300,2 Start Authentication Flow,220,0,3.977,4,5,6,7,8,8
1786083300,__ALL__,1085,0,6.781,5,13,15,19,23,25
1786083300,4 Obtain authorization code,214,0,5.411,5,7,8,10,15,15
1786084200,5 Obtain access token,417,0,7.175,6,12,16,21,27,27
1786084200,3 Perform authentication,414,0,19.022,16,31,37,50,66,66
1786084200,1 Send request to authorize endpoint,416,0,6.990,6,11,14,25,29,29
1786084200,2 Start Authentication Flow,418,0,5.385,5,9,11,15,20,20
1786084200,__ALL__,2082,0,9.070,6,18,23,37,59,66
1786084200,4 Obtain authorization code,417,0,6.854,6,11,14,24,29,29
1786085100,5 Obtain access token,171,0,6.906,5,14,17,24,27,27
1786085100,3 Perform authentication,156,0,16.410,13,30,41,52,54,54
1786085100,1 Send request to authorize endpoint,180,0,7.022,5,13,17,24,25,25
1786085100,2 Start Authentication Flow,184,0,5.859,4,12,15,24,25,25
1786085100,__ALL__,854,0,8.333,5,15,20,41,54,54
1786085100,4 Obtain authorization code,163,0,6.337,5,11,15,22,25,25
